[2026-05-08T20:31:21.597+0000] {processor.py:186} INFO - Started process (PID=99) to work on /home/airflow/.local/lib/python3.12/site-packages/airflow/example_dags/example_sensors.py
[2026-05-08T20:31:21.602+0000] {processor.py:914} INFO - Processing file /home/airflow/.local/lib/python3.12/site-packages/airflow/example_dags/example_sensors.py for tasks to queue
[2026-05-08T20:31:21.604+0000] {logging_mixin.py:190} INFO - [2026-05-08T20:31:21.604+0000] {dagbag.py:588} INFO - Filling up the DagBag from /home/airflow/.local/lib/python3.12/site-packages/airflow/example_dags/example_sensors.py
[2026-05-08T20:31:21.626+0000] {processor.py:925} INFO - DAG(s) 'example_sensors' retrieved from /home/airflow/.local/lib/python3.12/site-packages/airflow/example_dags/example_sensors.py
[2026-05-08T20:31:21.673+0000] {logging_mixin.py:190} INFO - [2026-05-08T20:31:21.673+0000] {dag.py:3239} INFO - Sync 1 DAGs
[2026-05-08T20:31:21.726+0000] {logging_mixin.py:190} INFO - [2026-05-08T20:31:21.720+0000] {dag.py:4180} INFO - Setting next_dagrun for example_sensors to None, run_after=None
[2026-05-08T20:31:21.755+0000] {processor.py:208} INFO - Processing /home/airflow/.local/lib/python3.12/site-packages/airflow/example_dags/example_sensors.py took 0.178 seconds
[2026-05-08T20:31:52.838+0000] {processor.py:186} INFO - Started process (PID=162) to work on /home/airflow/.local/lib/python3.12/site-packages/airflow/example_dags/example_sensors.py
[2026-05-08T20:31:52.839+0000] {processor.py:914} INFO - Processing file /home/airflow/.local/lib/python3.12/site-packages/airflow/example_dags/example_sensors.py for tasks to queue
[2026-05-08T20:31:52.841+0000] {logging_mixin.py:190} INFO - [2026-05-08T20:31:52.840+0000] {dagbag.py:588} INFO - Filling up the DagBag from /home/airflow/.local/lib/python3.12/site-packages/airflow/example_dags/example_sensors.py
[2026-05-08T20:31:52.849+0000] {processor.py:925} INFO - DAG(s) 'example_sensors' retrieved from /home/airflow/.local/lib/python3.12/site-packages/airflow/example_dags/example_sensors.py
[2026-05-08T20:31:52.871+0000] {logging_mixin.py:190} INFO - [2026-05-08T20:31:52.871+0000] {dag.py:3239} INFO - Sync 1 DAGs
[2026-05-08T20:31:52.882+0000] {logging_mixin.py:190} INFO - [2026-05-08T20:31:52.882+0000] {dag.py:4180} INFO - Setting next_dagrun for example_sensors to None, run_after=None
[2026-05-08T20:31:52.897+0000] {processor.py:208} INFO - Processing /home/airflow/.local/lib/python3.12/site-packages/airflow/example_dags/example_sensors.py took 0.064 seconds
[2026-05-08T20:32:24.459+0000] {processor.py:186} INFO - Started process (PID=226) to work on /home/airflow/.local/lib/python3.12/site-packages/airflow/example_dags/example_sensors.py
[2026-05-08T20:32:24.459+0000] {processor.py:914} INFO - Processing file /home/airflow/.local/lib/python3.12/site-packages/airflow/example_dags/example_sensors.py for tasks to queue
[2026-05-08T20:32:24.461+0000] {logging_mixin.py:190} INFO - [2026-05-08T20:32:24.461+0000] {dagbag.py:588} INFO - Filling up the DagBag from /home/airflow/.local/lib/python3.12/site-packages/airflow/example_dags/example_sensors.py
[2026-05-08T20:32:24.471+0000] {processor.py:925} INFO - DAG(s) 'example_sensors' retrieved from /home/airflow/.local/lib/python3.12/site-packages/airflow/example_dags/example_sensors.py
[2026-05-08T20:32:24.495+0000] {logging_mixin.py:190} INFO - [2026-05-08T20:32:24.495+0000] {dag.py:3239} INFO - Sync 1 DAGs
[2026-05-08T20:32:24.506+0000] {logging_mixin.py:190} INFO - [2026-05-08T20:32:24.506+0000] {dag.py:4180} INFO - Setting next_dagrun for example_sensors to None, run_after=None
[2026-05-08T20:32:24.521+0000] {processor.py:208} INFO - Processing /home/airflow/.local/lib/python3.12/site-packages/airflow/example_dags/example_sensors.py took 0.067 seconds
[2026-05-08T20:32:55.266+0000] {processor.py:186} INFO - Started process (PID=290) to work on /home/airflow/.local/lib/python3.12/site-packages/airflow/example_dags/example_sensors.py
[2026-05-08T20:32:55.267+0000] {processor.py:914} INFO - Processing file /home/airflow/.local/lib/python3.12/site-packages/airflow/example_dags/example_sensors.py for tasks to queue
[2026-05-08T20:32:55.269+0000] {logging_mixin.py:190} INFO - [2026-05-08T20:32:55.269+0000] {dagbag.py:588} INFO - Filling up the DagBag from /home/airflow/.local/lib/python3.12/site-packages/airflow/example_dags/example_sensors.py
[2026-05-08T20:32:55.278+0000] {processor.py:925} INFO - DAG(s) 'example_sensors' retrieved from /home/airflow/.local/lib/python3.12/site-packages/airflow/example_dags/example_sensors.py
[2026-05-08T20:32:55.299+0000] {logging_mixin.py:190} INFO - [2026-05-08T20:32:55.299+0000] {dag.py:3239} INFO - Sync 1 DAGs
[2026-05-08T20:32:55.313+0000] {logging_mixin.py:190} INFO - [2026-05-08T20:32:55.313+0000] {dag.py:4180} INFO - Setting next_dagrun for example_sensors to None, run_after=None
[2026-05-08T20:32:55.328+0000] {processor.py:208} INFO - Processing /home/airflow/.local/lib/python3.12/site-packages/airflow/example_dags/example_sensors.py took 0.066 seconds
[2026-05-08T20:33:26.565+0000] {processor.py:186} INFO - Started process (PID=354) to work on /home/airflow/.local/lib/python3.12/site-packages/airflow/example_dags/example_sensors.py
[2026-05-08T20:33:26.565+0000] {processor.py:914} INFO - Processing file /home/airflow/.local/lib/python3.12/site-packages/airflow/example_dags/example_sensors.py for tasks to queue
[2026-05-08T20:33:26.567+0000] {logging_mixin.py:190} INFO - [2026-05-08T20:33:26.567+0000] {dagbag.py:588} INFO - Filling up the DagBag from /home/airflow/.local/lib/python3.12/site-packages/airflow/example_dags/example_sensors.py
[2026-05-08T20:33:26.578+0000] {processor.py:925} INFO - DAG(s) 'example_sensors' retrieved from /home/airflow/.local/lib/python3.12/site-packages/airflow/example_dags/example_sensors.py
[2026-05-08T20:33:26.599+0000] {logging_mixin.py:190} INFO - [2026-05-08T20:33:26.599+0000] {dag.py:3239} INFO - Sync 1 DAGs
[2026-05-08T20:33:26.613+0000] {logging_mixin.py:190} INFO - [2026-05-08T20:33:26.613+0000] {dag.py:4180} INFO - Setting next_dagrun for example_sensors to None, run_after=None
[2026-05-08T20:33:26.627+0000] {processor.py:208} INFO - Processing /home/airflow/.local/lib/python3.12/site-packages/airflow/example_dags/example_sensors.py took 0.067 seconds
[2026-05-08T20:33:57.764+0000] {processor.py:186} INFO - Started process (PID=418) to work on /home/airflow/.local/lib/python3.12/site-packages/airflow/example_dags/example_sensors.py
[2026-05-08T20:33:57.764+0000] {processor.py:914} INFO - Processing file /home/airflow/.local/lib/python3.12/site-packages/airflow/example_dags/example_sensors.py for tasks to queue
[2026-05-08T20:33:57.766+0000] {logging_mixin.py:190} INFO - [2026-05-08T20:33:57.766+0000] {dagbag.py:588} INFO - Filling up the DagBag from /home/airflow/.local/lib/python3.12/site-packages/airflow/example_dags/example_sensors.py
[2026-05-08T20:33:57.774+0000] {processor.py:925} INFO - DAG(s) 'example_sensors' retrieved from /home/airflow/.local/lib/python3.12/site-packages/airflow/example_dags/example_sensors.py
[2026-05-08T20:33:57.795+0000] {logging_mixin.py:190} INFO - [2026-05-08T20:33:57.795+0000] {dag.py:3239} INFO - Sync 1 DAGs
[2026-05-08T20:33:57.808+0000] {logging_mixin.py:190} INFO - [2026-05-08T20:33:57.808+0000] {dag.py:4180} INFO - Setting next_dagrun for example_sensors to None, run_after=None
[2026-05-08T20:33:57.822+0000] {processor.py:208} INFO - Processing /home/airflow/.local/lib/python3.12/site-packages/airflow/example_dags/example_sensors.py took 0.062 seconds
[2026-05-08T20:34:29.233+0000] {processor.py:186} INFO - Started process (PID=482) to work on /home/airflow/.local/lib/python3.12/site-packages/airflow/example_dags/example_sensors.py
[2026-05-08T20:34:29.233+0000] {processor.py:914} INFO - Processing file /home/airflow/.local/lib/python3.12/site-packages/airflow/example_dags/example_sensors.py for tasks to queue
[2026-05-08T20:34:29.235+0000] {logging_mixin.py:190} INFO - [2026-05-08T20:34:29.235+0000] {dagbag.py:588} INFO - Filling up the DagBag from /home/airflow/.local/lib/python3.12/site-packages/airflow/example_dags/example_sensors.py
[2026-05-08T20:34:29.244+0000] {processor.py:925} INFO - DAG(s) 'example_sensors' retrieved from /home/airflow/.local/lib/python3.12/site-packages/airflow/example_dags/example_sensors.py
[2026-05-08T20:34:29.268+0000] {logging_mixin.py:190} INFO - [2026-05-08T20:34:29.268+0000] {dag.py:3239} INFO - Sync 1 DAGs
[2026-05-08T20:34:29.280+0000] {logging_mixin.py:190} INFO - [2026-05-08T20:34:29.280+0000] {dag.py:4180} INFO - Setting next_dagrun for example_sensors to None, run_after=None
[2026-05-08T20:34:29.295+0000] {processor.py:208} INFO - Processing /home/airflow/.local/lib/python3.12/site-packages/airflow/example_dags/example_sensors.py took 0.067 seconds
[2026-05-08T20:35:00.368+0000] {processor.py:186} INFO - Started process (PID=552) to work on /home/airflow/.local/lib/python3.12/site-packages/airflow/example_dags/example_sensors.py
[2026-05-08T20:35:00.369+0000] {processor.py:914} INFO - Processing file /home/airflow/.local/lib/python3.12/site-packages/airflow/example_dags/example_sensors.py for tasks to queue
[2026-05-08T20:35:00.370+0000] {logging_mixin.py:190} INFO - [2026-05-08T20:35:00.370+0000] {dagbag.py:588} INFO - Filling up the DagBag from /home/airflow/.local/lib/python3.12/site-packages/airflow/example_dags/example_sensors.py
[2026-05-08T20:35:00.379+0000] {processor.py:925} INFO - DAG(s) 'example_sensors' retrieved from /home/airflow/.local/lib/python3.12/site-packages/airflow/example_dags/example_sensors.py
[2026-05-08T20:35:00.405+0000] {logging_mixin.py:190} INFO - [2026-05-08T20:35:00.405+0000] {dag.py:3239} INFO - Sync 1 DAGs
[2026-05-08T20:35:00.416+0000] {logging_mixin.py:190} INFO - [2026-05-08T20:35:00.416+0000] {dag.py:4180} INFO - Setting next_dagrun for example_sensors to None, run_after=None
[2026-05-08T20:35:00.430+0000] {processor.py:208} INFO - Processing /home/airflow/.local/lib/python3.12/site-packages/airflow/example_dags/example_sensors.py took 0.066 seconds
[2026-05-08T20:35:31.521+0000] {processor.py:186} INFO - Started process (PID=616) to work on /home/airflow/.local/lib/python3.12/site-packages/airflow/example_dags/example_sensors.py
[2026-05-08T20:35:31.522+0000] {processor.py:914} INFO - Processing file /home/airflow/.local/lib/python3.12/site-packages/airflow/example_dags/example_sensors.py for tasks to queue
[2026-05-08T20:35:31.524+0000] {logging_mixin.py:190} INFO - [2026-05-08T20:35:31.524+0000] {dagbag.py:588} INFO - Filling up the DagBag from /home/airflow/.local/lib/python3.12/site-packages/airflow/example_dags/example_sensors.py
[2026-05-08T20:35:31.534+0000] {processor.py:925} INFO - DAG(s) 'example_sensors' retrieved from /home/airflow/.local/lib/python3.12/site-packages/airflow/example_dags/example_sensors.py
[2026-05-08T20:35:31.556+0000] {logging_mixin.py:190} INFO - [2026-05-08T20:35:31.555+0000] {dag.py:3239} INFO - Sync 1 DAGs
[2026-05-08T20:35:31.578+0000] {logging_mixin.py:190} INFO - [2026-05-08T20:35:31.578+0000] {dag.py:4180} INFO - Setting next_dagrun for example_sensors to None, run_after=None
[2026-05-08T20:35:31.596+0000] {processor.py:208} INFO - Processing /home/airflow/.local/lib/python3.12/site-packages/airflow/example_dags/example_sensors.py took 0.080 seconds
[2026-05-08T20:36:03.112+0000] {processor.py:186} INFO - Started process (PID=680) to work on /home/airflow/.local/lib/python3.12/site-packages/airflow/example_dags/example_sensors.py
[2026-05-08T20:36:03.113+0000] {processor.py:914} INFO - Processing file /home/airflow/.local/lib/python3.12/site-packages/airflow/example_dags/example_sensors.py for tasks to queue
[2026-05-08T20:36:03.115+0000] {logging_mixin.py:190} INFO - [2026-05-08T20:36:03.115+0000] {dagbag.py:588} INFO - Filling up the DagBag from /home/airflow/.local/lib/python3.12/site-packages/airflow/example_dags/example_sensors.py
[2026-05-08T20:36:03.128+0000] {processor.py:925} INFO - DAG(s) 'example_sensors' retrieved from /home/airflow/.local/lib/python3.12/site-packages/airflow/example_dags/example_sensors.py
[2026-05-08T20:36:03.154+0000] {logging_mixin.py:190} INFO - [2026-05-08T20:36:03.154+0000] {dag.py:3239} INFO - Sync 1 DAGs
[2026-05-08T20:36:03.167+0000] {logging_mixin.py:190} INFO - [2026-05-08T20:36:03.167+0000] {dag.py:4180} INFO - Setting next_dagrun for example_sensors to None, run_after=None
[2026-05-08T20:36:03.183+0000] {processor.py:208} INFO - Processing /home/airflow/.local/lib/python3.12/site-packages/airflow/example_dags/example_sensors.py took 0.076 seconds
[2026-05-08T20:36:33.948+0000] {processor.py:186} INFO - Started process (PID=744) to work on /home/airflow/.local/lib/python3.12/site-packages/airflow/example_dags/example_sensors.py
[2026-05-08T20:36:33.948+0000] {processor.py:914} INFO - Processing file /home/airflow/.local/lib/python3.12/site-packages/airflow/example_dags/example_sensors.py for tasks to queue
[2026-05-08T20:36:33.951+0000] {logging_mixin.py:190} INFO - [2026-05-08T20:36:33.950+0000] {dagbag.py:588} INFO - Filling up the DagBag from /home/airflow/.local/lib/python3.12/site-packages/airflow/example_dags/example_sensors.py
[2026-05-08T20:36:33.963+0000] {processor.py:925} INFO - DAG(s) 'example_sensors' retrieved from /home/airflow/.local/lib/python3.12/site-packages/airflow/example_dags/example_sensors.py
[2026-05-08T20:36:33.984+0000] {logging_mixin.py:190} INFO - [2026-05-08T20:36:33.984+0000] {dag.py:3239} INFO - Sync 1 DAGs
[2026-05-08T20:36:33.995+0000] {logging_mixin.py:190} INFO - [2026-05-08T20:36:33.995+0000] {dag.py:4180} INFO - Setting next_dagrun for example_sensors to None, run_after=None
[2026-05-08T20:36:34.009+0000] {processor.py:208} INFO - Processing /home/airflow/.local/lib/python3.12/site-packages/airflow/example_dags/example_sensors.py took 0.067 seconds
[2026-05-08T20:37:05.466+0000] {processor.py:186} INFO - Started process (PID=808) to work on /home/airflow/.local/lib/python3.12/site-packages/airflow/example_dags/example_sensors.py
[2026-05-08T20:37:05.467+0000] {processor.py:914} INFO - Processing file /home/airflow/.local/lib/python3.12/site-packages/airflow/example_dags/example_sensors.py for tasks to queue
[2026-05-08T20:37:05.469+0000] {logging_mixin.py:190} INFO - [2026-05-08T20:37:05.469+0000] {dagbag.py:588} INFO - Filling up the DagBag from /home/airflow/.local/lib/python3.12/site-packages/airflow/example_dags/example_sensors.py
[2026-05-08T20:37:05.479+0000] {processor.py:925} INFO - DAG(s) 'example_sensors' retrieved from /home/airflow/.local/lib/python3.12/site-packages/airflow/example_dags/example_sensors.py
[2026-05-08T20:37:05.504+0000] {logging_mixin.py:190} INFO - [2026-05-08T20:37:05.504+0000] {dag.py:3239} INFO - Sync 1 DAGs
[2026-05-08T20:37:05.517+0000] {logging_mixin.py:190} INFO - [2026-05-08T20:37:05.517+0000] {dag.py:4180} INFO - Setting next_dagrun for example_sensors to None, run_after=None
[2026-05-08T20:37:05.532+0000] {processor.py:208} INFO - Processing /home/airflow/.local/lib/python3.12/site-packages/airflow/example_dags/example_sensors.py took 0.071 seconds
[2026-05-08T20:37:36.359+0000] {processor.py:186} INFO - Started process (PID=872) to work on /home/airflow/.local/lib/python3.12/site-packages/airflow/example_dags/example_sensors.py
[2026-05-08T20:37:36.359+0000] {processor.py:914} INFO - Processing file /home/airflow/.local/lib/python3.12/site-packages/airflow/example_dags/example_sensors.py for tasks to queue
[2026-05-08T20:37:36.361+0000] {logging_mixin.py:190} INFO - [2026-05-08T20:37:36.361+0000] {dagbag.py:588} INFO - Filling up the DagBag from /home/airflow/.local/lib/python3.12/site-packages/airflow/example_dags/example_sensors.py
[2026-05-08T20:37:36.370+0000] {processor.py:925} INFO - DAG(s) 'example_sensors' retrieved from /home/airflow/.local/lib/python3.12/site-packages/airflow/example_dags/example_sensors.py
[2026-05-08T20:37:36.393+0000] {logging_mixin.py:190} INFO - [2026-05-08T20:37:36.392+0000] {dag.py:3239} INFO - Sync 1 DAGs
[2026-05-08T20:37:36.405+0000] {logging_mixin.py:190} INFO - [2026-05-08T20:37:36.404+0000] {dag.py:4180} INFO - Setting next_dagrun for example_sensors to None, run_after=None
[2026-05-08T20:37:36.419+0000] {processor.py:208} INFO - Processing /home/airflow/.local/lib/python3.12/site-packages/airflow/example_dags/example_sensors.py took 0.065 seconds
[2026-05-08T20:38:06.672+0000] {processor.py:186} INFO - Started process (PID=935) to work on /home/airflow/.local/lib/python3.12/site-packages/airflow/example_dags/example_sensors.py
[2026-05-08T20:38:06.673+0000] {processor.py:914} INFO - Processing file /home/airflow/.local/lib/python3.12/site-packages/airflow/example_dags/example_sensors.py for tasks to queue
[2026-05-08T20:38:06.675+0000] {logging_mixin.py:190} INFO - [2026-05-08T20:38:06.674+0000] {dagbag.py:588} INFO - Filling up the DagBag from /home/airflow/.local/lib/python3.12/site-packages/airflow/example_dags/example_sensors.py
[2026-05-08T20:38:06.683+0000] {processor.py:925} INFO - DAG(s) 'example_sensors' retrieved from /home/airflow/.local/lib/python3.12/site-packages/airflow/example_dags/example_sensors.py
[2026-05-08T20:38:06.704+0000] {logging_mixin.py:190} INFO - [2026-05-08T20:38:06.704+0000] {dag.py:3239} INFO - Sync 1 DAGs
[2026-05-08T20:38:06.716+0000] {logging_mixin.py:190} INFO - [2026-05-08T20:38:06.716+0000] {dag.py:4180} INFO - Setting next_dagrun for example_sensors to None, run_after=None
[2026-05-08T20:38:06.732+0000] {processor.py:208} INFO - Processing /home/airflow/.local/lib/python3.12/site-packages/airflow/example_dags/example_sensors.py took 0.064 seconds
[2026-05-08T20:38:38.467+0000] {processor.py:186} INFO - Started process (PID=1000) to work on /home/airflow/.local/lib/python3.12/site-packages/airflow/example_dags/example_sensors.py
[2026-05-08T20:38:38.470+0000] {processor.py:914} INFO - Processing file /home/airflow/.local/lib/python3.12/site-packages/airflow/example_dags/example_sensors.py for tasks to queue
[2026-05-08T20:38:38.485+0000] {logging_mixin.py:190} INFO - [2026-05-08T20:38:38.481+0000] {dagbag.py:588} INFO - Filling up the DagBag from /home/airflow/.local/lib/python3.12/site-packages/airflow/example_dags/example_sensors.py
[2026-05-08T20:38:38.539+0000] {processor.py:925} INFO - DAG(s) 'example_sensors' retrieved from /home/airflow/.local/lib/python3.12/site-packages/airflow/example_dags/example_sensors.py
[2026-05-08T20:38:38.589+0000] {logging_mixin.py:190} INFO - [2026-05-08T20:38:38.588+0000] {dag.py:3239} INFO - Sync 1 DAGs
[2026-05-08T20:38:38.604+0000] {logging_mixin.py:190} INFO - [2026-05-08T20:38:38.604+0000] {dag.py:4180} INFO - Setting next_dagrun for example_sensors to None, run_after=None
[2026-05-08T20:38:38.621+0000] {processor.py:208} INFO - Processing /home/airflow/.local/lib/python3.12/site-packages/airflow/example_dags/example_sensors.py took 0.165 seconds
[2026-05-08T20:39:09.286+0000] {processor.py:186} INFO - Started process (PID=1064) to work on /home/airflow/.local/lib/python3.12/site-packages/airflow/example_dags/example_sensors.py
[2026-05-08T20:39:09.287+0000] {processor.py:914} INFO - Processing file /home/airflow/.local/lib/python3.12/site-packages/airflow/example_dags/example_sensors.py for tasks to queue
[2026-05-08T20:39:09.289+0000] {logging_mixin.py:190} INFO - [2026-05-08T20:39:09.289+0000] {dagbag.py:588} INFO - Filling up the DagBag from /home/airflow/.local/lib/python3.12/site-packages/airflow/example_dags/example_sensors.py
[2026-05-08T20:39:09.301+0000] {processor.py:925} INFO - DAG(s) 'example_sensors' retrieved from /home/airflow/.local/lib/python3.12/site-packages/airflow/example_dags/example_sensors.py
[2026-05-08T20:39:09.329+0000] {logging_mixin.py:190} INFO - [2026-05-08T20:39:09.329+0000] {dag.py:3239} INFO - Sync 1 DAGs
[2026-05-08T20:39:09.347+0000] {logging_mixin.py:190} INFO - [2026-05-08T20:39:09.347+0000] {dag.py:4180} INFO - Setting next_dagrun for example_sensors to None, run_after=None
[2026-05-08T20:39:09.365+0000] {processor.py:208} INFO - Processing /home/airflow/.local/lib/python3.12/site-packages/airflow/example_dags/example_sensors.py took 0.085 seconds
[2026-05-08T20:39:39.959+0000] {processor.py:186} INFO - Started process (PID=1128) to work on /home/airflow/.local/lib/python3.12/site-packages/airflow/example_dags/example_sensors.py
[2026-05-08T20:39:39.960+0000] {processor.py:914} INFO - Processing file /home/airflow/.local/lib/python3.12/site-packages/airflow/example_dags/example_sensors.py for tasks to queue
[2026-05-08T20:39:39.961+0000] {logging_mixin.py:190} INFO - [2026-05-08T20:39:39.961+0000] {dagbag.py:588} INFO - Filling up the DagBag from /home/airflow/.local/lib/python3.12/site-packages/airflow/example_dags/example_sensors.py
[2026-05-08T20:39:39.971+0000] {processor.py:925} INFO - DAG(s) 'example_sensors' retrieved from /home/airflow/.local/lib/python3.12/site-packages/airflow/example_dags/example_sensors.py
[2026-05-08T20:39:39.996+0000] {logging_mixin.py:190} INFO - [2026-05-08T20:39:39.995+0000] {dag.py:3239} INFO - Sync 1 DAGs
[2026-05-08T20:39:40.010+0000] {logging_mixin.py:190} INFO - [2026-05-08T20:39:40.010+0000] {dag.py:4180} INFO - Setting next_dagrun for example_sensors to None, run_after=None
[2026-05-08T20:39:40.025+0000] {processor.py:208} INFO - Processing /home/airflow/.local/lib/python3.12/site-packages/airflow/example_dags/example_sensors.py took 0.072 seconds
[2026-05-08T20:40:10.835+0000] {processor.py:186} INFO - Started process (PID=1192) to work on /home/airflow/.local/lib/python3.12/site-packages/airflow/example_dags/example_sensors.py
[2026-05-08T20:40:10.835+0000] {processor.py:914} INFO - Processing file /home/airflow/.local/lib/python3.12/site-packages/airflow/example_dags/example_sensors.py for tasks to queue
[2026-05-08T20:40:10.837+0000] {logging_mixin.py:190} INFO - [2026-05-08T20:40:10.837+0000] {dagbag.py:588} INFO - Filling up the DagBag from /home/airflow/.local/lib/python3.12/site-packages/airflow/example_dags/example_sensors.py
[2026-05-08T20:40:10.846+0000] {processor.py:925} INFO - DAG(s) 'example_sensors' retrieved from /home/airflow/.local/lib/python3.12/site-packages/airflow/example_dags/example_sensors.py
[2026-05-08T20:40:10.875+0000] {logging_mixin.py:190} INFO - [2026-05-08T20:40:10.875+0000] {dag.py:3239} INFO - Sync 1 DAGs
[2026-05-08T20:40:10.892+0000] {logging_mixin.py:190} INFO - [2026-05-08T20:40:10.892+0000] {dag.py:4180} INFO - Setting next_dagrun for example_sensors to None, run_after=None
[2026-05-08T20:40:10.906+0000] {processor.py:208} INFO - Processing /home/airflow/.local/lib/python3.12/site-packages/airflow/example_dags/example_sensors.py took 0.076 seconds
[2026-05-08T20:40:41.714+0000] {processor.py:186} INFO - Started process (PID=1256) to work on /home/airflow/.local/lib/python3.12/site-packages/airflow/example_dags/example_sensors.py
[2026-05-08T20:40:41.715+0000] {processor.py:914} INFO - Processing file /home/airflow/.local/lib/python3.12/site-packages/airflow/example_dags/example_sensors.py for tasks to queue
[2026-05-08T20:40:41.717+0000] {logging_mixin.py:190} INFO - [2026-05-08T20:40:41.716+0000] {dagbag.py:588} INFO - Filling up the DagBag from /home/airflow/.local/lib/python3.12/site-packages/airflow/example_dags/example_sensors.py
[2026-05-08T20:40:41.729+0000] {processor.py:925} INFO - DAG(s) 'example_sensors' retrieved from /home/airflow/.local/lib/python3.12/site-packages/airflow/example_dags/example_sensors.py
[2026-05-08T20:40:41.757+0000] {logging_mixin.py:190} INFO - [2026-05-08T20:40:41.757+0000] {dag.py:3239} INFO - Sync 1 DAGs
[2026-05-08T20:40:41.770+0000] {logging_mixin.py:190} INFO - [2026-05-08T20:40:41.770+0000] {dag.py:4180} INFO - Setting next_dagrun for example_sensors to None, run_after=None
[2026-05-08T20:40:41.787+0000] {processor.py:208} INFO - Processing /home/airflow/.local/lib/python3.12/site-packages/airflow/example_dags/example_sensors.py took 0.079 seconds
[2026-05-08T20:41:12.592+0000] {processor.py:186} INFO - Started process (PID=1320) to work on /home/airflow/.local/lib/python3.12/site-packages/airflow/example_dags/example_sensors.py
[2026-05-08T20:41:12.593+0000] {processor.py:914} INFO - Processing file /home/airflow/.local/lib/python3.12/site-packages/airflow/example_dags/example_sensors.py for tasks to queue
[2026-05-08T20:41:12.595+0000] {logging_mixin.py:190} INFO - [2026-05-08T20:41:12.595+0000] {dagbag.py:588} INFO - Filling up the DagBag from /home/airflow/.local/lib/python3.12/site-packages/airflow/example_dags/example_sensors.py
[2026-05-08T20:41:12.609+0000] {processor.py:925} INFO - DAG(s) 'example_sensors' retrieved from /home/airflow/.local/lib/python3.12/site-packages/airflow/example_dags/example_sensors.py
[2026-05-08T20:41:12.634+0000] {logging_mixin.py:190} INFO - [2026-05-08T20:41:12.633+0000] {dag.py:3239} INFO - Sync 1 DAGs
[2026-05-08T20:41:12.646+0000] {logging_mixin.py:190} INFO - [2026-05-08T20:41:12.646+0000] {dag.py:4180} INFO - Setting next_dagrun for example_sensors to None, run_after=None
[2026-05-08T20:41:12.665+0000] {processor.py:208} INFO - Processing /home/airflow/.local/lib/python3.12/site-packages/airflow/example_dags/example_sensors.py took 0.081 seconds
[2026-05-08T20:41:43.543+0000] {processor.py:186} INFO - Started process (PID=1384) to work on /home/airflow/.local/lib/python3.12/site-packages/airflow/example_dags/example_sensors.py
[2026-05-08T20:41:43.544+0000] {processor.py:914} INFO - Processing file /home/airflow/.local/lib/python3.12/site-packages/airflow/example_dags/example_sensors.py for tasks to queue
[2026-05-08T20:41:43.545+0000] {logging_mixin.py:190} INFO - [2026-05-08T20:41:43.545+0000] {dagbag.py:588} INFO - Filling up the DagBag from /home/airflow/.local/lib/python3.12/site-packages/airflow/example_dags/example_sensors.py
[2026-05-08T20:41:43.554+0000] {processor.py:925} INFO - DAG(s) 'example_sensors' retrieved from /home/airflow/.local/lib/python3.12/site-packages/airflow/example_dags/example_sensors.py
[2026-05-08T20:41:43.575+0000] {logging_mixin.py:190} INFO - [2026-05-08T20:41:43.574+0000] {dag.py:3239} INFO - Sync 1 DAGs
[2026-05-08T20:41:43.586+0000] {logging_mixin.py:190} INFO - [2026-05-08T20:41:43.585+0000] {dag.py:4180} INFO - Setting next_dagrun for example_sensors to None, run_after=None
[2026-05-08T20:41:43.599+0000] {processor.py:208} INFO - Processing /home/airflow/.local/lib/python3.12/site-packages/airflow/example_dags/example_sensors.py took 0.061 seconds
[2026-05-08T20:42:15.018+0000] {processor.py:186} INFO - Started process (PID=1448) to work on /home/airflow/.local/lib/python3.12/site-packages/airflow/example_dags/example_sensors.py
[2026-05-08T20:42:15.019+0000] {processor.py:914} INFO - Processing file /home/airflow/.local/lib/python3.12/site-packages/airflow/example_dags/example_sensors.py for tasks to queue
[2026-05-08T20:42:15.021+0000] {logging_mixin.py:190} INFO - [2026-05-08T20:42:15.020+0000] {dagbag.py:588} INFO - Filling up the DagBag from /home/airflow/.local/lib/python3.12/site-packages/airflow/example_dags/example_sensors.py
[2026-05-08T20:42:15.033+0000] {processor.py:925} INFO - DAG(s) 'example_sensors' retrieved from /home/airflow/.local/lib/python3.12/site-packages/airflow/example_dags/example_sensors.py
[2026-05-08T20:42:15.059+0000] {logging_mixin.py:190} INFO - [2026-05-08T20:42:15.059+0000] {dag.py:3239} INFO - Sync 1 DAGs
[2026-05-08T20:42:15.073+0000] {logging_mixin.py:190} INFO - [2026-05-08T20:42:15.073+0000] {dag.py:4180} INFO - Setting next_dagrun for example_sensors to None, run_after=None
[2026-05-08T20:42:15.086+0000] {processor.py:208} INFO - Processing /home/airflow/.local/lib/python3.12/site-packages/airflow/example_dags/example_sensors.py took 0.073 seconds
[2026-05-08T20:42:46.348+0000] {processor.py:186} INFO - Started process (PID=1513) to work on /home/airflow/.local/lib/python3.12/site-packages/airflow/example_dags/example_sensors.py
[2026-05-08T20:42:46.349+0000] {processor.py:914} INFO - Processing file /home/airflow/.local/lib/python3.12/site-packages/airflow/example_dags/example_sensors.py for tasks to queue
[2026-05-08T20:42:46.351+0000] {logging_mixin.py:190} INFO - [2026-05-08T20:42:46.351+0000] {dagbag.py:588} INFO - Filling up the DagBag from /home/airflow/.local/lib/python3.12/site-packages/airflow/example_dags/example_sensors.py
[2026-05-08T20:42:46.363+0000] {processor.py:925} INFO - DAG(s) 'example_sensors' retrieved from /home/airflow/.local/lib/python3.12/site-packages/airflow/example_dags/example_sensors.py
[2026-05-08T20:42:46.386+0000] {logging_mixin.py:190} INFO - [2026-05-08T20:42:46.386+0000] {dag.py:3239} INFO - Sync 1 DAGs
[2026-05-08T20:42:46.399+0000] {logging_mixin.py:190} INFO - [2026-05-08T20:42:46.399+0000] {dag.py:4180} INFO - Setting next_dagrun for example_sensors to None, run_after=None
[2026-05-08T20:42:46.412+0000] {processor.py:208} INFO - Processing /home/airflow/.local/lib/python3.12/site-packages/airflow/example_dags/example_sensors.py took 0.069 seconds
[2026-05-08T20:43:17.348+0000] {processor.py:186} INFO - Started process (PID=1577) to work on /home/airflow/.local/lib/python3.12/site-packages/airflow/example_dags/example_sensors.py
[2026-05-08T20:43:17.349+0000] {processor.py:914} INFO - Processing file /home/airflow/.local/lib/python3.12/site-packages/airflow/example_dags/example_sensors.py for tasks to queue
[2026-05-08T20:43:17.350+0000] {logging_mixin.py:190} INFO - [2026-05-08T20:43:17.350+0000] {dagbag.py:588} INFO - Filling up the DagBag from /home/airflow/.local/lib/python3.12/site-packages/airflow/example_dags/example_sensors.py
[2026-05-08T20:43:17.359+0000] {processor.py:925} INFO - DAG(s) 'example_sensors' retrieved from /home/airflow/.local/lib/python3.12/site-packages/airflow/example_dags/example_sensors.py
[2026-05-08T20:43:17.379+0000] {logging_mixin.py:190} INFO - [2026-05-08T20:43:17.379+0000] {dag.py:3239} INFO - Sync 1 DAGs
[2026-05-08T20:43:17.390+0000] {logging_mixin.py:190} INFO - [2026-05-08T20:43:17.390+0000] {dag.py:4180} INFO - Setting next_dagrun for example_sensors to None, run_after=None
[2026-05-08T20:43:17.404+0000] {processor.py:208} INFO - Processing /home/airflow/.local/lib/python3.12/site-packages/airflow/example_dags/example_sensors.py took 0.061 seconds
[2026-05-08T20:43:48.666+0000] {processor.py:186} INFO - Started process (PID=1641) to work on /home/airflow/.local/lib/python3.12/site-packages/airflow/example_dags/example_sensors.py
[2026-05-08T20:43:48.667+0000] {processor.py:914} INFO - Processing file /home/airflow/.local/lib/python3.12/site-packages/airflow/example_dags/example_sensors.py for tasks to queue
[2026-05-08T20:43:48.668+0000] {logging_mixin.py:190} INFO - [2026-05-08T20:43:48.668+0000] {dagbag.py:588} INFO - Filling up the DagBag from /home/airflow/.local/lib/python3.12/site-packages/airflow/example_dags/example_sensors.py
[2026-05-08T20:43:48.678+0000] {processor.py:925} INFO - DAG(s) 'example_sensors' retrieved from /home/airflow/.local/lib/python3.12/site-packages/airflow/example_dags/example_sensors.py
[2026-05-08T20:43:48.705+0000] {logging_mixin.py:190} INFO - [2026-05-08T20:43:48.704+0000] {dag.py:3239} INFO - Sync 1 DAGs
[2026-05-08T20:43:48.719+0000] {logging_mixin.py:190} INFO - [2026-05-08T20:43:48.718+0000] {dag.py:4180} INFO - Setting next_dagrun for example_sensors to None, run_after=None
[2026-05-08T20:43:48.735+0000] {processor.py:208} INFO - Processing /home/airflow/.local/lib/python3.12/site-packages/airflow/example_dags/example_sensors.py took 0.074 seconds
[2026-05-08T20:44:20.203+0000] {processor.py:186} INFO - Started process (PID=1705) to work on /home/airflow/.local/lib/python3.12/site-packages/airflow/example_dags/example_sensors.py
[2026-05-08T20:44:20.204+0000] {processor.py:914} INFO - Processing file /home/airflow/.local/lib/python3.12/site-packages/airflow/example_dags/example_sensors.py for tasks to queue
[2026-05-08T20:44:20.206+0000] {logging_mixin.py:190} INFO - [2026-05-08T20:44:20.205+0000] {dagbag.py:588} INFO - Filling up the DagBag from /home/airflow/.local/lib/python3.12/site-packages/airflow/example_dags/example_sensors.py
[2026-05-08T20:44:20.215+0000] {processor.py:925} INFO - DAG(s) 'example_sensors' retrieved from /home/airflow/.local/lib/python3.12/site-packages/airflow/example_dags/example_sensors.py
[2026-05-08T20:44:20.235+0000] {logging_mixin.py:190} INFO - [2026-05-08T20:44:20.235+0000] {dag.py:3239} INFO - Sync 1 DAGs
[2026-05-08T20:44:20.246+0000] {logging_mixin.py:190} INFO - [2026-05-08T20:44:20.246+0000] {dag.py:4180} INFO - Setting next_dagrun for example_sensors to None, run_after=None
[2026-05-08T20:44:20.260+0000] {processor.py:208} INFO - Processing /home/airflow/.local/lib/python3.12/site-packages/airflow/example_dags/example_sensors.py took 0.061 seconds
[2026-05-08T20:44:51.539+0000] {processor.py:186} INFO - Started process (PID=1769) to work on /home/airflow/.local/lib/python3.12/site-packages/airflow/example_dags/example_sensors.py
[2026-05-08T20:44:51.540+0000] {processor.py:914} INFO - Processing file /home/airflow/.local/lib/python3.12/site-packages/airflow/example_dags/example_sensors.py for tasks to queue
[2026-05-08T20:44:51.542+0000] {logging_mixin.py:190} INFO - [2026-05-08T20:44:51.542+0000] {dagbag.py:588} INFO - Filling up the DagBag from /home/airflow/.local/lib/python3.12/site-packages/airflow/example_dags/example_sensors.py
[2026-05-08T20:44:51.552+0000] {processor.py:925} INFO - DAG(s) 'example_sensors' retrieved from /home/airflow/.local/lib/python3.12/site-packages/airflow/example_dags/example_sensors.py
[2026-05-08T20:44:51.572+0000] {logging_mixin.py:190} INFO - [2026-05-08T20:44:51.572+0000] {dag.py:3239} INFO - Sync 1 DAGs
[2026-05-08T20:44:51.583+0000] {logging_mixin.py:190} INFO - [2026-05-08T20:44:51.583+0000] {dag.py:4180} INFO - Setting next_dagrun for example_sensors to None, run_after=None
[2026-05-08T20:44:51.598+0000] {processor.py:208} INFO - Processing /home/airflow/.local/lib/python3.12/site-packages/airflow/example_dags/example_sensors.py took 0.064 seconds
[2026-05-08T20:45:22.784+0000] {processor.py:186} INFO - Started process (PID=1833) to work on /home/airflow/.local/lib/python3.12/site-packages/airflow/example_dags/example_sensors.py
[2026-05-08T20:45:22.785+0000] {processor.py:914} INFO - Processing file /home/airflow/.local/lib/python3.12/site-packages/airflow/example_dags/example_sensors.py for tasks to queue
[2026-05-08T20:45:22.787+0000] {logging_mixin.py:190} INFO - [2026-05-08T20:45:22.787+0000] {dagbag.py:588} INFO - Filling up the DagBag from /home/airflow/.local/lib/python3.12/site-packages/airflow/example_dags/example_sensors.py
[2026-05-08T20:45:22.797+0000] {processor.py:925} INFO - DAG(s) 'example_sensors' retrieved from /home/airflow/.local/lib/python3.12/site-packages/airflow/example_dags/example_sensors.py
[2026-05-08T20:45:22.818+0000] {logging_mixin.py:190} INFO - [2026-05-08T20:45:22.818+0000] {dag.py:3239} INFO - Sync 1 DAGs
[2026-05-08T20:45:22.829+0000] {logging_mixin.py:190} INFO - [2026-05-08T20:45:22.829+0000] {dag.py:4180} INFO - Setting next_dagrun for example_sensors to None, run_after=None
[2026-05-08T20:45:22.843+0000] {processor.py:208} INFO - Processing /home/airflow/.local/lib/python3.12/site-packages/airflow/example_dags/example_sensors.py took 0.064 seconds
[2026-05-08T20:45:54.185+0000] {processor.py:186} INFO - Started process (PID=1897) to work on /home/airflow/.local/lib/python3.12/site-packages/airflow/example_dags/example_sensors.py
[2026-05-08T20:45:54.186+0000] {processor.py:914} INFO - Processing file /home/airflow/.local/lib/python3.12/site-packages/airflow/example_dags/example_sensors.py for tasks to queue
[2026-05-08T20:45:54.188+0000] {logging_mixin.py:190} INFO - [2026-05-08T20:45:54.188+0000] {dagbag.py:588} INFO - Filling up the DagBag from /home/airflow/.local/lib/python3.12/site-packages/airflow/example_dags/example_sensors.py
[2026-05-08T20:45:54.197+0000] {processor.py:925} INFO - DAG(s) 'example_sensors' retrieved from /home/airflow/.local/lib/python3.12/site-packages/airflow/example_dags/example_sensors.py
[2026-05-08T20:45:54.218+0000] {logging_mixin.py:190} INFO - [2026-05-08T20:45:54.218+0000] {dag.py:3239} INFO - Sync 1 DAGs
[2026-05-08T20:45:54.231+0000] {logging_mixin.py:190} INFO - [2026-05-08T20:45:54.231+0000] {dag.py:4180} INFO - Setting next_dagrun for example_sensors to None, run_after=None
[2026-05-08T20:45:54.244+0000] {processor.py:208} INFO - Processing /home/airflow/.local/lib/python3.12/site-packages/airflow/example_dags/example_sensors.py took 0.064 seconds
[2026-05-08T20:46:25.564+0000] {processor.py:186} INFO - Started process (PID=1962) to work on /home/airflow/.local/lib/python3.12/site-packages/airflow/example_dags/example_sensors.py
[2026-05-08T20:46:25.564+0000] {processor.py:914} INFO - Processing file /home/airflow/.local/lib/python3.12/site-packages/airflow/example_dags/example_sensors.py for tasks to queue
[2026-05-08T20:46:25.566+0000] {logging_mixin.py:190} INFO - [2026-05-08T20:46:25.566+0000] {dagbag.py:588} INFO - Filling up the DagBag from /home/airflow/.local/lib/python3.12/site-packages/airflow/example_dags/example_sensors.py
[2026-05-08T20:46:25.576+0000] {processor.py:925} INFO - DAG(s) 'example_sensors' retrieved from /home/airflow/.local/lib/python3.12/site-packages/airflow/example_dags/example_sensors.py
[2026-05-08T20:46:25.598+0000] {logging_mixin.py:190} INFO - [2026-05-08T20:46:25.598+0000] {dag.py:3239} INFO - Sync 1 DAGs
[2026-05-08T20:46:25.609+0000] {logging_mixin.py:190} INFO - [2026-05-08T20:46:25.609+0000] {dag.py:4180} INFO - Setting next_dagrun for example_sensors to None, run_after=None
[2026-05-08T20:46:25.623+0000] {processor.py:208} INFO - Processing /home/airflow/.local/lib/python3.12/site-packages/airflow/example_dags/example_sensors.py took 0.065 seconds
[2026-05-08T20:46:57.001+0000] {processor.py:186} INFO - Started process (PID=2026) to work on /home/airflow/.local/lib/python3.12/site-packages/airflow/example_dags/example_sensors.py
[2026-05-08T20:46:57.002+0000] {processor.py:914} INFO - Processing file /home/airflow/.local/lib/python3.12/site-packages/airflow/example_dags/example_sensors.py for tasks to queue
[2026-05-08T20:46:57.004+0000] {logging_mixin.py:190} INFO - [2026-05-08T20:46:57.003+0000] {dagbag.py:588} INFO - Filling up the DagBag from /home/airflow/.local/lib/python3.12/site-packages/airflow/example_dags/example_sensors.py
[2026-05-08T20:46:57.013+0000] {processor.py:925} INFO - DAG(s) 'example_sensors' retrieved from /home/airflow/.local/lib/python3.12/site-packages/airflow/example_dags/example_sensors.py
[2026-05-08T20:46:57.034+0000] {logging_mixin.py:190} INFO - [2026-05-08T20:46:57.034+0000] {dag.py:3239} INFO - Sync 1 DAGs
[2026-05-08T20:46:57.049+0000] {logging_mixin.py:190} INFO - [2026-05-08T20:46:57.049+0000] {dag.py:4180} INFO - Setting next_dagrun for example_sensors to None, run_after=None
[2026-05-08T20:46:57.067+0000] {processor.py:208} INFO - Processing /home/airflow/.local/lib/python3.12/site-packages/airflow/example_dags/example_sensors.py took 0.071 seconds
[2026-05-08T20:47:28.640+0000] {processor.py:186} INFO - Started process (PID=2090) to work on /home/airflow/.local/lib/python3.12/site-packages/airflow/example_dags/example_sensors.py
[2026-05-08T20:47:28.640+0000] {processor.py:914} INFO - Processing file /home/airflow/.local/lib/python3.12/site-packages/airflow/example_dags/example_sensors.py for tasks to queue
[2026-05-08T20:47:28.642+0000] {logging_mixin.py:190} INFO - [2026-05-08T20:47:28.641+0000] {dagbag.py:588} INFO - Filling up the DagBag from /home/airflow/.local/lib/python3.12/site-packages/airflow/example_dags/example_sensors.py
[2026-05-08T20:47:28.652+0000] {processor.py:925} INFO - DAG(s) 'example_sensors' retrieved from /home/airflow/.local/lib/python3.12/site-packages/airflow/example_dags/example_sensors.py
[2026-05-08T20:47:28.672+0000] {logging_mixin.py:190} INFO - [2026-05-08T20:47:28.672+0000] {dag.py:3239} INFO - Sync 1 DAGs
[2026-05-08T20:47:28.685+0000] {logging_mixin.py:190} INFO - [2026-05-08T20:47:28.684+0000] {dag.py:4180} INFO - Setting next_dagrun for example_sensors to None, run_after=None
[2026-05-08T20:47:28.700+0000] {processor.py:208} INFO - Processing /home/airflow/.local/lib/python3.12/site-packages/airflow/example_dags/example_sensors.py took 0.066 seconds
[2026-05-08T20:47:58.755+0000] {processor.py:186} INFO - Started process (PID=2153) to work on /home/airflow/.local/lib/python3.12/site-packages/airflow/example_dags/example_sensors.py
[2026-05-08T20:47:58.755+0000] {processor.py:914} INFO - Processing file /home/airflow/.local/lib/python3.12/site-packages/airflow/example_dags/example_sensors.py for tasks to queue
[2026-05-08T20:47:58.757+0000] {logging_mixin.py:190} INFO - [2026-05-08T20:47:58.757+0000] {dagbag.py:588} INFO - Filling up the DagBag from /home/airflow/.local/lib/python3.12/site-packages/airflow/example_dags/example_sensors.py
[2026-05-08T20:47:58.766+0000] {processor.py:925} INFO - DAG(s) 'example_sensors' retrieved from /home/airflow/.local/lib/python3.12/site-packages/airflow/example_dags/example_sensors.py
[2026-05-08T20:47:58.786+0000] {logging_mixin.py:190} INFO - [2026-05-08T20:47:58.786+0000] {dag.py:3239} INFO - Sync 1 DAGs
[2026-05-08T20:47:58.799+0000] {logging_mixin.py:190} INFO - [2026-05-08T20:47:58.799+0000] {dag.py:4180} INFO - Setting next_dagrun for example_sensors to None, run_after=None
[2026-05-08T20:47:58.816+0000] {processor.py:208} INFO - Processing /home/airflow/.local/lib/python3.12/site-packages/airflow/example_dags/example_sensors.py took 0.066 seconds
[2026-05-08T20:48:28.907+0000] {processor.py:186} INFO - Started process (PID=2215) to work on /home/airflow/.local/lib/python3.12/site-packages/airflow/example_dags/example_sensors.py
[2026-05-08T20:48:28.907+0000] {processor.py:914} INFO - Processing file /home/airflow/.local/lib/python3.12/site-packages/airflow/example_dags/example_sensors.py for tasks to queue
[2026-05-08T20:48:28.909+0000] {logging_mixin.py:190} INFO - [2026-05-08T20:48:28.909+0000] {dagbag.py:588} INFO - Filling up the DagBag from /home/airflow/.local/lib/python3.12/site-packages/airflow/example_dags/example_sensors.py
[2026-05-08T20:48:28.919+0000] {processor.py:925} INFO - DAG(s) 'example_sensors' retrieved from /home/airflow/.local/lib/python3.12/site-packages/airflow/example_dags/example_sensors.py
[2026-05-08T20:48:28.939+0000] {logging_mixin.py:190} INFO - [2026-05-08T20:48:28.939+0000] {dag.py:3239} INFO - Sync 1 DAGs
[2026-05-08T20:48:28.951+0000] {logging_mixin.py:190} INFO - [2026-05-08T20:48:28.951+0000] {dag.py:4180} INFO - Setting next_dagrun for example_sensors to None, run_after=None
[2026-05-08T20:48:28.966+0000] {processor.py:208} INFO - Processing /home/airflow/.local/lib/python3.12/site-packages/airflow/example_dags/example_sensors.py took 0.064 seconds
[2026-05-08T20:48:59.419+0000] {processor.py:186} INFO - Started process (PID=2283) to work on /home/airflow/.local/lib/python3.12/site-packages/airflow/example_dags/example_sensors.py
[2026-05-08T20:48:59.420+0000] {processor.py:914} INFO - Processing file /home/airflow/.local/lib/python3.12/site-packages/airflow/example_dags/example_sensors.py for tasks to queue
[2026-05-08T20:48:59.422+0000] {logging_mixin.py:190} INFO - [2026-05-08T20:48:59.422+0000] {dagbag.py:588} INFO - Filling up the DagBag from /home/airflow/.local/lib/python3.12/site-packages/airflow/example_dags/example_sensors.py
[2026-05-08T20:48:59.438+0000] {processor.py:925} INFO - DAG(s) 'example_sensors' retrieved from /home/airflow/.local/lib/python3.12/site-packages/airflow/example_dags/example_sensors.py
[2026-05-08T20:48:59.469+0000] {logging_mixin.py:190} INFO - [2026-05-08T20:48:59.469+0000] {dag.py:3239} INFO - Sync 1 DAGs
[2026-05-08T20:48:59.487+0000] {logging_mixin.py:190} INFO - [2026-05-08T20:48:59.486+0000] {dag.py:4180} INFO - Setting next_dagrun for example_sensors to None, run_after=None
[2026-05-08T20:48:59.504+0000] {processor.py:208} INFO - Processing /home/airflow/.local/lib/python3.12/site-packages/airflow/example_dags/example_sensors.py took 0.092 seconds
[2026-05-08T20:49:29.748+0000] {processor.py:186} INFO - Started process (PID=2347) to work on /home/airflow/.local/lib/python3.12/site-packages/airflow/example_dags/example_sensors.py
[2026-05-08T20:49:29.749+0000] {processor.py:914} INFO - Processing file /home/airflow/.local/lib/python3.12/site-packages/airflow/example_dags/example_sensors.py for tasks to queue
[2026-05-08T20:49:29.750+0000] {logging_mixin.py:190} INFO - [2026-05-08T20:49:29.750+0000] {dagbag.py:588} INFO - Filling up the DagBag from /home/airflow/.local/lib/python3.12/site-packages/airflow/example_dags/example_sensors.py
[2026-05-08T20:49:29.759+0000] {processor.py:925} INFO - DAG(s) 'example_sensors' retrieved from /home/airflow/.local/lib/python3.12/site-packages/airflow/example_dags/example_sensors.py
[2026-05-08T20:49:29.784+0000] {logging_mixin.py:190} INFO - [2026-05-08T20:49:29.784+0000] {dag.py:3239} INFO - Sync 1 DAGs
[2026-05-08T20:49:29.798+0000] {logging_mixin.py:190} INFO - [2026-05-08T20:49:29.798+0000] {dag.py:4180} INFO - Setting next_dagrun for example_sensors to None, run_after=None
[2026-05-08T20:49:29.812+0000] {processor.py:208} INFO - Processing /home/airflow/.local/lib/python3.12/site-packages/airflow/example_dags/example_sensors.py took 0.068 seconds
[2026-05-08T20:50:00.401+0000] {processor.py:186} INFO - Started process (PID=2411) to work on /home/airflow/.local/lib/python3.12/site-packages/airflow/example_dags/example_sensors.py
[2026-05-08T20:50:00.402+0000] {processor.py:914} INFO - Processing file /home/airflow/.local/lib/python3.12/site-packages/airflow/example_dags/example_sensors.py for tasks to queue
[2026-05-08T20:50:00.405+0000] {logging_mixin.py:190} INFO - [2026-05-08T20:50:00.404+0000] {dagbag.py:588} INFO - Filling up the DagBag from /home/airflow/.local/lib/python3.12/site-packages/airflow/example_dags/example_sensors.py
[2026-05-08T20:50:00.418+0000] {processor.py:925} INFO - DAG(s) 'example_sensors' retrieved from /home/airflow/.local/lib/python3.12/site-packages/airflow/example_dags/example_sensors.py
[2026-05-08T20:50:00.437+0000] {logging_mixin.py:190} INFO - [2026-05-08T20:50:00.437+0000] {dag.py:3239} INFO - Sync 1 DAGs
[2026-05-08T20:50:00.449+0000] {logging_mixin.py:190} INFO - [2026-05-08T20:50:00.449+0000] {dag.py:4180} INFO - Setting next_dagrun for example_sensors to None, run_after=None
[2026-05-08T20:50:00.462+0000] {processor.py:208} INFO - Processing /home/airflow/.local/lib/python3.12/site-packages/airflow/example_dags/example_sensors.py took 0.068 seconds
[2026-05-08T20:50:31.677+0000] {processor.py:186} INFO - Started process (PID=2475) to work on /home/airflow/.local/lib/python3.12/site-packages/airflow/example_dags/example_sensors.py
[2026-05-08T20:50:31.677+0000] {processor.py:914} INFO - Processing file /home/airflow/.local/lib/python3.12/site-packages/airflow/example_dags/example_sensors.py for tasks to queue
[2026-05-08T20:50:31.679+0000] {logging_mixin.py:190} INFO - [2026-05-08T20:50:31.679+0000] {dagbag.py:588} INFO - Filling up the DagBag from /home/airflow/.local/lib/python3.12/site-packages/airflow/example_dags/example_sensors.py
[2026-05-08T20:50:31.688+0000] {processor.py:925} INFO - DAG(s) 'example_sensors' retrieved from /home/airflow/.local/lib/python3.12/site-packages/airflow/example_dags/example_sensors.py
[2026-05-08T20:50:31.713+0000] {logging_mixin.py:190} INFO - [2026-05-08T20:50:31.713+0000] {dag.py:3239} INFO - Sync 1 DAGs
[2026-05-08T20:50:31.724+0000] {logging_mixin.py:190} INFO - [2026-05-08T20:50:31.723+0000] {dag.py:4180} INFO - Setting next_dagrun for example_sensors to None, run_after=None
[2026-05-08T20:50:31.737+0000] {processor.py:208} INFO - Processing /home/airflow/.local/lib/python3.12/site-packages/airflow/example_dags/example_sensors.py took 0.065 seconds
[2026-05-08T20:51:02.474+0000] {processor.py:186} INFO - Started process (PID=2545) to work on /home/airflow/.local/lib/python3.12/site-packages/airflow/example_dags/example_sensors.py
[2026-05-08T20:51:02.475+0000] {processor.py:914} INFO - Processing file /home/airflow/.local/lib/python3.12/site-packages/airflow/example_dags/example_sensors.py for tasks to queue
[2026-05-08T20:51:02.477+0000] {logging_mixin.py:190} INFO - [2026-05-08T20:51:02.477+0000] {dagbag.py:588} INFO - Filling up the DagBag from /home/airflow/.local/lib/python3.12/site-packages/airflow/example_dags/example_sensors.py
[2026-05-08T20:51:02.486+0000] {processor.py:925} INFO - DAG(s) 'example_sensors' retrieved from /home/airflow/.local/lib/python3.12/site-packages/airflow/example_dags/example_sensors.py
[2026-05-08T20:51:02.505+0000] {logging_mixin.py:190} INFO - [2026-05-08T20:51:02.505+0000] {dag.py:3239} INFO - Sync 1 DAGs
[2026-05-08T20:51:02.516+0000] {logging_mixin.py:190} INFO - [2026-05-08T20:51:02.516+0000] {dag.py:4180} INFO - Setting next_dagrun for example_sensors to None, run_after=None
[2026-05-08T20:51:02.528+0000] {processor.py:208} INFO - Processing /home/airflow/.local/lib/python3.12/site-packages/airflow/example_dags/example_sensors.py took 0.060 seconds
[2026-05-08T20:51:33.207+0000] {processor.py:186} INFO - Started process (PID=2609) to work on /home/airflow/.local/lib/python3.12/site-packages/airflow/example_dags/example_sensors.py
[2026-05-08T20:51:33.208+0000] {processor.py:914} INFO - Processing file /home/airflow/.local/lib/python3.12/site-packages/airflow/example_dags/example_sensors.py for tasks to queue
[2026-05-08T20:51:33.209+0000] {logging_mixin.py:190} INFO - [2026-05-08T20:51:33.209+0000] {dagbag.py:588} INFO - Filling up the DagBag from /home/airflow/.local/lib/python3.12/site-packages/airflow/example_dags/example_sensors.py
[2026-05-08T20:51:33.219+0000] {processor.py:925} INFO - DAG(s) 'example_sensors' retrieved from /home/airflow/.local/lib/python3.12/site-packages/airflow/example_dags/example_sensors.py
[2026-05-08T20:51:33.243+0000] {logging_mixin.py:190} INFO - [2026-05-08T20:51:33.243+0000] {dag.py:3239} INFO - Sync 1 DAGs
[2026-05-08T20:51:33.254+0000] {logging_mixin.py:190} INFO - [2026-05-08T20:51:33.253+0000] {dag.py:4180} INFO - Setting next_dagrun for example_sensors to None, run_after=None
[2026-05-08T20:51:33.266+0000] {processor.py:208} INFO - Processing /home/airflow/.local/lib/python3.12/site-packages/airflow/example_dags/example_sensors.py took 0.064 seconds
[2026-05-08T20:52:03.840+0000] {processor.py:186} INFO - Started process (PID=2673) to work on /home/airflow/.local/lib/python3.12/site-packages/airflow/example_dags/example_sensors.py
[2026-05-08T20:52:03.841+0000] {processor.py:914} INFO - Processing file /home/airflow/.local/lib/python3.12/site-packages/airflow/example_dags/example_sensors.py for tasks to queue
[2026-05-08T20:52:03.842+0000] {logging_mixin.py:190} INFO - [2026-05-08T20:52:03.842+0000] {dagbag.py:588} INFO - Filling up the DagBag from /home/airflow/.local/lib/python3.12/site-packages/airflow/example_dags/example_sensors.py
[2026-05-08T20:52:03.852+0000] {processor.py:925} INFO - DAG(s) 'example_sensors' retrieved from /home/airflow/.local/lib/python3.12/site-packages/airflow/example_dags/example_sensors.py
[2026-05-08T20:52:03.870+0000] {logging_mixin.py:190} INFO - [2026-05-08T20:52:03.870+0000] {dag.py:3239} INFO - Sync 1 DAGs
[2026-05-08T20:52:03.881+0000] {logging_mixin.py:190} INFO - [2026-05-08T20:52:03.881+0000] {dag.py:4180} INFO - Setting next_dagrun for example_sensors to None, run_after=None
[2026-05-08T20:52:03.894+0000] {processor.py:208} INFO - Processing /home/airflow/.local/lib/python3.12/site-packages/airflow/example_dags/example_sensors.py took 0.059 seconds
[2026-05-08T20:52:34.681+0000] {processor.py:186} INFO - Started process (PID=2737) to work on /home/airflow/.local/lib/python3.12/site-packages/airflow/example_dags/example_sensors.py
[2026-05-08T20:52:34.681+0000] {processor.py:914} INFO - Processing file /home/airflow/.local/lib/python3.12/site-packages/airflow/example_dags/example_sensors.py for tasks to queue
[2026-05-08T20:52:34.683+0000] {logging_mixin.py:190} INFO - [2026-05-08T20:52:34.683+0000] {dagbag.py:588} INFO - Filling up the DagBag from /home/airflow/.local/lib/python3.12/site-packages/airflow/example_dags/example_sensors.py
[2026-05-08T20:52:34.691+0000] {processor.py:925} INFO - DAG(s) 'example_sensors' retrieved from /home/airflow/.local/lib/python3.12/site-packages/airflow/example_dags/example_sensors.py
[2026-05-08T20:52:34.711+0000] {logging_mixin.py:190} INFO - [2026-05-08T20:52:34.711+0000] {dag.py:3239} INFO - Sync 1 DAGs
[2026-05-08T20:52:34.722+0000] {logging_mixin.py:190} INFO - [2026-05-08T20:52:34.722+0000] {dag.py:4180} INFO - Setting next_dagrun for example_sensors to None, run_after=None
[2026-05-08T20:52:34.734+0000] {processor.py:208} INFO - Processing /home/airflow/.local/lib/python3.12/site-packages/airflow/example_dags/example_sensors.py took 0.058 seconds
[2026-05-08T20:53:05.767+0000] {processor.py:186} INFO - Started process (PID=2801) to work on /home/airflow/.local/lib/python3.12/site-packages/airflow/example_dags/example_sensors.py
[2026-05-08T20:53:05.768+0000] {processor.py:914} INFO - Processing file /home/airflow/.local/lib/python3.12/site-packages/airflow/example_dags/example_sensors.py for tasks to queue
[2026-05-08T20:53:05.770+0000] {logging_mixin.py:190} INFO - [2026-05-08T20:53:05.770+0000] {dagbag.py:588} INFO - Filling up the DagBag from /home/airflow/.local/lib/python3.12/site-packages/airflow/example_dags/example_sensors.py
[2026-05-08T20:53:05.780+0000] {processor.py:925} INFO - DAG(s) 'example_sensors' retrieved from /home/airflow/.local/lib/python3.12/site-packages/airflow/example_dags/example_sensors.py
[2026-05-08T20:53:05.800+0000] {logging_mixin.py:190} INFO - [2026-05-08T20:53:05.800+0000] {dag.py:3239} INFO - Sync 1 DAGs
[2026-05-08T20:53:05.811+0000] {logging_mixin.py:190} INFO - [2026-05-08T20:53:05.811+0000] {dag.py:4180} INFO - Setting next_dagrun for example_sensors to None, run_after=None
[2026-05-08T20:53:05.824+0000] {processor.py:208} INFO - Processing /home/airflow/.local/lib/python3.12/site-packages/airflow/example_dags/example_sensors.py took 0.064 seconds
[2026-05-08T20:53:36.917+0000] {processor.py:186} INFO - Started process (PID=2865) to work on /home/airflow/.local/lib/python3.12/site-packages/airflow/example_dags/example_sensors.py
[2026-05-08T20:53:36.918+0000] {processor.py:914} INFO - Processing file /home/airflow/.local/lib/python3.12/site-packages/airflow/example_dags/example_sensors.py for tasks to queue
[2026-05-08T20:53:36.919+0000] {logging_mixin.py:190} INFO - [2026-05-08T20:53:36.919+0000] {dagbag.py:588} INFO - Filling up the DagBag from /home/airflow/.local/lib/python3.12/site-packages/airflow/example_dags/example_sensors.py
[2026-05-08T20:53:36.930+0000] {processor.py:925} INFO - DAG(s) 'example_sensors' retrieved from /home/airflow/.local/lib/python3.12/site-packages/airflow/example_dags/example_sensors.py
[2026-05-08T20:53:36.953+0000] {logging_mixin.py:190} INFO - [2026-05-08T20:53:36.953+0000] {dag.py:3239} INFO - Sync 1 DAGs
[2026-05-08T20:53:36.965+0000] {logging_mixin.py:190} INFO - [2026-05-08T20:53:36.965+0000] {dag.py:4180} INFO - Setting next_dagrun for example_sensors to None, run_after=None
[2026-05-08T20:53:36.978+0000] {processor.py:208} INFO - Processing /home/airflow/.local/lib/python3.12/site-packages/airflow/example_dags/example_sensors.py took 0.065 seconds
[2026-05-08T20:54:07.510+0000] {processor.py:186} INFO - Started process (PID=2929) to work on /home/airflow/.local/lib/python3.12/site-packages/airflow/example_dags/example_sensors.py
[2026-05-08T20:54:07.511+0000] {processor.py:914} INFO - Processing file /home/airflow/.local/lib/python3.12/site-packages/airflow/example_dags/example_sensors.py for tasks to queue
[2026-05-08T20:54:07.514+0000] {logging_mixin.py:190} INFO - [2026-05-08T20:54:07.513+0000] {dagbag.py:588} INFO - Filling up the DagBag from /home/airflow/.local/lib/python3.12/site-packages/airflow/example_dags/example_sensors.py
[2026-05-08T20:54:07.526+0000] {processor.py:925} INFO - DAG(s) 'example_sensors' retrieved from /home/airflow/.local/lib/python3.12/site-packages/airflow/example_dags/example_sensors.py
[2026-05-08T20:54:07.553+0000] {logging_mixin.py:190} INFO - [2026-05-08T20:54:07.552+0000] {dag.py:3239} INFO - Sync 1 DAGs
[2026-05-08T20:54:07.570+0000] {logging_mixin.py:190} INFO - [2026-05-08T20:54:07.570+0000] {dag.py:4180} INFO - Setting next_dagrun for example_sensors to None, run_after=None
[2026-05-08T20:54:07.588+0000] {processor.py:208} INFO - Processing /home/airflow/.local/lib/python3.12/site-packages/airflow/example_dags/example_sensors.py took 0.084 seconds
[2026-05-08T20:54:38.254+0000] {processor.py:186} INFO - Started process (PID=2993) to work on /home/airflow/.local/lib/python3.12/site-packages/airflow/example_dags/example_sensors.py
[2026-05-08T20:54:38.254+0000] {processor.py:914} INFO - Processing file /home/airflow/.local/lib/python3.12/site-packages/airflow/example_dags/example_sensors.py for tasks to queue
[2026-05-08T20:54:38.256+0000] {logging_mixin.py:190} INFO - [2026-05-08T20:54:38.256+0000] {dagbag.py:588} INFO - Filling up the DagBag from /home/airflow/.local/lib/python3.12/site-packages/airflow/example_dags/example_sensors.py
[2026-05-08T20:54:38.267+0000] {processor.py:925} INFO - DAG(s) 'example_sensors' retrieved from /home/airflow/.local/lib/python3.12/site-packages/airflow/example_dags/example_sensors.py
[2026-05-08T20:54:38.285+0000] {logging_mixin.py:190} INFO - [2026-05-08T20:54:38.285+0000] {dag.py:3239} INFO - Sync 1 DAGs
[2026-05-08T20:54:38.296+0000] {logging_mixin.py:190} INFO - [2026-05-08T20:54:38.295+0000] {dag.py:4180} INFO - Setting next_dagrun for example_sensors to None, run_after=None
[2026-05-08T20:54:38.308+0000] {processor.py:208} INFO - Processing /home/airflow/.local/lib/python3.12/site-packages/airflow/example_dags/example_sensors.py took 0.060 seconds
[2026-05-08T20:55:09.131+0000] {processor.py:186} INFO - Started process (PID=3057) to work on /home/airflow/.local/lib/python3.12/site-packages/airflow/example_dags/example_sensors.py
[2026-05-08T20:55:09.132+0000] {processor.py:914} INFO - Processing file /home/airflow/.local/lib/python3.12/site-packages/airflow/example_dags/example_sensors.py for tasks to queue
[2026-05-08T20:55:09.134+0000] {logging_mixin.py:190} INFO - [2026-05-08T20:55:09.134+0000] {dagbag.py:588} INFO - Filling up the DagBag from /home/airflow/.local/lib/python3.12/site-packages/airflow/example_dags/example_sensors.py
[2026-05-08T20:55:09.148+0000] {processor.py:925} INFO - DAG(s) 'example_sensors' retrieved from /home/airflow/.local/lib/python3.12/site-packages/airflow/example_dags/example_sensors.py
[2026-05-08T20:55:09.181+0000] {logging_mixin.py:190} INFO - [2026-05-08T20:55:09.180+0000] {dag.py:3239} INFO - Sync 1 DAGs
[2026-05-08T20:55:09.195+0000] {logging_mixin.py:190} INFO - [2026-05-08T20:55:09.195+0000] {dag.py:4180} INFO - Setting next_dagrun for example_sensors to None, run_after=None
[2026-05-08T20:55:09.213+0000] {processor.py:208} INFO - Processing /home/airflow/.local/lib/python3.12/site-packages/airflow/example_dags/example_sensors.py took 0.088 seconds
[2026-05-08T20:55:40.136+0000] {processor.py:186} INFO - Started process (PID=3121) to work on /home/airflow/.local/lib/python3.12/site-packages/airflow/example_dags/example_sensors.py
[2026-05-08T20:55:40.137+0000] {processor.py:914} INFO - Processing file /home/airflow/.local/lib/python3.12/site-packages/airflow/example_dags/example_sensors.py for tasks to queue
[2026-05-08T20:55:40.139+0000] {logging_mixin.py:190} INFO - [2026-05-08T20:55:40.139+0000] {dagbag.py:588} INFO - Filling up the DagBag from /home/airflow/.local/lib/python3.12/site-packages/airflow/example_dags/example_sensors.py
[2026-05-08T20:55:40.163+0000] {processor.py:925} INFO - DAG(s) 'example_sensors' retrieved from /home/airflow/.local/lib/python3.12/site-packages/airflow/example_dags/example_sensors.py
[2026-05-08T20:55:40.208+0000] {logging_mixin.py:190} INFO - [2026-05-08T20:55:40.208+0000] {dag.py:3239} INFO - Sync 1 DAGs
[2026-05-08T20:55:40.225+0000] {logging_mixin.py:190} INFO - [2026-05-08T20:55:40.224+0000] {dag.py:4180} INFO - Setting next_dagrun for example_sensors to None, run_after=None
[2026-05-08T20:55:40.242+0000] {processor.py:208} INFO - Processing /home/airflow/.local/lib/python3.12/site-packages/airflow/example_dags/example_sensors.py took 0.112 seconds
[2026-05-08T20:56:11.395+0000] {processor.py:186} INFO - Started process (PID=3185) to work on /home/airflow/.local/lib/python3.12/site-packages/airflow/example_dags/example_sensors.py
[2026-05-08T20:56:11.396+0000] {processor.py:914} INFO - Processing file /home/airflow/.local/lib/python3.12/site-packages/airflow/example_dags/example_sensors.py for tasks to queue
[2026-05-08T20:56:11.398+0000] {logging_mixin.py:190} INFO - [2026-05-08T20:56:11.397+0000] {dagbag.py:588} INFO - Filling up the DagBag from /home/airflow/.local/lib/python3.12/site-packages/airflow/example_dags/example_sensors.py
[2026-05-08T20:56:11.406+0000] {processor.py:925} INFO - DAG(s) 'example_sensors' retrieved from /home/airflow/.local/lib/python3.12/site-packages/airflow/example_dags/example_sensors.py
[2026-05-08T20:56:11.426+0000] {logging_mixin.py:190} INFO - [2026-05-08T20:56:11.426+0000] {dag.py:3239} INFO - Sync 1 DAGs
[2026-05-08T20:56:11.437+0000] {logging_mixin.py:190} INFO - [2026-05-08T20:56:11.437+0000] {dag.py:4180} INFO - Setting next_dagrun for example_sensors to None, run_after=None
[2026-05-08T20:56:11.449+0000] {processor.py:208} INFO - Processing /home/airflow/.local/lib/python3.12/site-packages/airflow/example_dags/example_sensors.py took 0.058 seconds
[2026-05-08T20:56:42.535+0000] {processor.py:186} INFO - Started process (PID=3249) to work on /home/airflow/.local/lib/python3.12/site-packages/airflow/example_dags/example_sensors.py
[2026-05-08T20:56:42.536+0000] {processor.py:914} INFO - Processing file /home/airflow/.local/lib/python3.12/site-packages/airflow/example_dags/example_sensors.py for tasks to queue
[2026-05-08T20:56:42.538+0000] {logging_mixin.py:190} INFO - [2026-05-08T20:56:42.538+0000] {dagbag.py:588} INFO - Filling up the DagBag from /home/airflow/.local/lib/python3.12/site-packages/airflow/example_dags/example_sensors.py
[2026-05-08T20:56:42.552+0000] {processor.py:925} INFO - DAG(s) 'example_sensors' retrieved from /home/airflow/.local/lib/python3.12/site-packages/airflow/example_dags/example_sensors.py
[2026-05-08T20:56:42.578+0000] {logging_mixin.py:190} INFO - [2026-05-08T20:56:42.578+0000] {dag.py:3239} INFO - Sync 1 DAGs
[2026-05-08T20:56:42.594+0000] {logging_mixin.py:190} INFO - [2026-05-08T20:56:42.594+0000] {dag.py:4180} INFO - Setting next_dagrun for example_sensors to None, run_after=None
[2026-05-08T20:56:42.610+0000] {processor.py:208} INFO - Processing /home/airflow/.local/lib/python3.12/site-packages/airflow/example_dags/example_sensors.py took 0.082 seconds
[2026-05-08T20:57:14.007+0000] {processor.py:186} INFO - Started process (PID=3313) to work on /home/airflow/.local/lib/python3.12/site-packages/airflow/example_dags/example_sensors.py
[2026-05-08T20:57:14.008+0000] {processor.py:914} INFO - Processing file /home/airflow/.local/lib/python3.12/site-packages/airflow/example_dags/example_sensors.py for tasks to queue
[2026-05-08T20:57:14.010+0000] {logging_mixin.py:190} INFO - [2026-05-08T20:57:14.009+0000] {dagbag.py:588} INFO - Filling up the DagBag from /home/airflow/.local/lib/python3.12/site-packages/airflow/example_dags/example_sensors.py
[2026-05-08T20:57:14.018+0000] {processor.py:925} INFO - DAG(s) 'example_sensors' retrieved from /home/airflow/.local/lib/python3.12/site-packages/airflow/example_dags/example_sensors.py
[2026-05-08T20:57:14.042+0000] {logging_mixin.py:190} INFO - [2026-05-08T20:57:14.042+0000] {dag.py:3239} INFO - Sync 1 DAGs
[2026-05-08T20:57:14.056+0000] {logging_mixin.py:190} INFO - [2026-05-08T20:57:14.056+0000] {dag.py:4180} INFO - Setting next_dagrun for example_sensors to None, run_after=None
[2026-05-08T20:57:14.073+0000] {processor.py:208} INFO - Processing /home/airflow/.local/lib/python3.12/site-packages/airflow/example_dags/example_sensors.py took 0.070 seconds
[2026-05-08T20:57:45.181+0000] {processor.py:186} INFO - Started process (PID=3377) to work on /home/airflow/.local/lib/python3.12/site-packages/airflow/example_dags/example_sensors.py
[2026-05-08T20:57:45.181+0000] {processor.py:914} INFO - Processing file /home/airflow/.local/lib/python3.12/site-packages/airflow/example_dags/example_sensors.py for tasks to queue
[2026-05-08T20:57:45.183+0000] {logging_mixin.py:190} INFO - [2026-05-08T20:57:45.183+0000] {dagbag.py:588} INFO - Filling up the DagBag from /home/airflow/.local/lib/python3.12/site-packages/airflow/example_dags/example_sensors.py
[2026-05-08T20:57:45.192+0000] {processor.py:925} INFO - DAG(s) 'example_sensors' retrieved from /home/airflow/.local/lib/python3.12/site-packages/airflow/example_dags/example_sensors.py
[2026-05-08T20:57:45.211+0000] {logging_mixin.py:190} INFO - [2026-05-08T20:57:45.211+0000] {dag.py:3239} INFO - Sync 1 DAGs
[2026-05-08T20:57:45.222+0000] {logging_mixin.py:190} INFO - [2026-05-08T20:57:45.222+0000] {dag.py:4180} INFO - Setting next_dagrun for example_sensors to None, run_after=None
[2026-05-08T20:57:45.236+0000] {processor.py:208} INFO - Processing /home/airflow/.local/lib/python3.12/site-packages/airflow/example_dags/example_sensors.py took 0.060 seconds
[2026-05-08T20:58:16.039+0000] {processor.py:186} INFO - Started process (PID=3441) to work on /home/airflow/.local/lib/python3.12/site-packages/airflow/example_dags/example_sensors.py
[2026-05-08T20:58:16.040+0000] {processor.py:914} INFO - Processing file /home/airflow/.local/lib/python3.12/site-packages/airflow/example_dags/example_sensors.py for tasks to queue
[2026-05-08T20:58:16.041+0000] {logging_mixin.py:190} INFO - [2026-05-08T20:58:16.041+0000] {dagbag.py:588} INFO - Filling up the DagBag from /home/airflow/.local/lib/python3.12/site-packages/airflow/example_dags/example_sensors.py
[2026-05-08T20:58:16.050+0000] {processor.py:925} INFO - DAG(s) 'example_sensors' retrieved from /home/airflow/.local/lib/python3.12/site-packages/airflow/example_dags/example_sensors.py
[2026-05-08T20:58:16.070+0000] {logging_mixin.py:190} INFO - [2026-05-08T20:58:16.070+0000] {dag.py:3239} INFO - Sync 1 DAGs
[2026-05-08T20:58:16.080+0000] {logging_mixin.py:190} INFO - [2026-05-08T20:58:16.080+0000] {dag.py:4180} INFO - Setting next_dagrun for example_sensors to None, run_after=None
[2026-05-08T20:58:16.096+0000] {processor.py:208} INFO - Processing /home/airflow/.local/lib/python3.12/site-packages/airflow/example_dags/example_sensors.py took 0.061 seconds
[2026-05-08T20:58:47.221+0000] {processor.py:186} INFO - Started process (PID=3505) to work on /home/airflow/.local/lib/python3.12/site-packages/airflow/example_dags/example_sensors.py
[2026-05-08T20:58:47.222+0000] {processor.py:914} INFO - Processing file /home/airflow/.local/lib/python3.12/site-packages/airflow/example_dags/example_sensors.py for tasks to queue
[2026-05-08T20:58:47.224+0000] {logging_mixin.py:190} INFO - [2026-05-08T20:58:47.224+0000] {dagbag.py:588} INFO - Filling up the DagBag from /home/airflow/.local/lib/python3.12/site-packages/airflow/example_dags/example_sensors.py
[2026-05-08T20:58:47.246+0000] {processor.py:925} INFO - DAG(s) 'example_sensors' retrieved from /home/airflow/.local/lib/python3.12/site-packages/airflow/example_dags/example_sensors.py
[2026-05-08T20:58:47.323+0000] {logging_mixin.py:190} INFO - [2026-05-08T20:58:47.322+0000] {dag.py:3239} INFO - Sync 1 DAGs
[2026-05-08T20:58:47.340+0000] {logging_mixin.py:190} INFO - [2026-05-08T20:58:47.340+0000] {dag.py:4180} INFO - Setting next_dagrun for example_sensors to None, run_after=None
[2026-05-08T20:58:47.360+0000] {processor.py:208} INFO - Processing /home/airflow/.local/lib/python3.12/site-packages/airflow/example_dags/example_sensors.py took 0.144 seconds
[2026-05-08T20:59:18.386+0000] {processor.py:186} INFO - Started process (PID=3569) to work on /home/airflow/.local/lib/python3.12/site-packages/airflow/example_dags/example_sensors.py
[2026-05-08T20:59:18.387+0000] {processor.py:914} INFO - Processing file /home/airflow/.local/lib/python3.12/site-packages/airflow/example_dags/example_sensors.py for tasks to queue
[2026-05-08T20:59:18.389+0000] {logging_mixin.py:190} INFO - [2026-05-08T20:59:18.389+0000] {dagbag.py:588} INFO - Filling up the DagBag from /home/airflow/.local/lib/python3.12/site-packages/airflow/example_dags/example_sensors.py
[2026-05-08T20:59:18.401+0000] {processor.py:925} INFO - DAG(s) 'example_sensors' retrieved from /home/airflow/.local/lib/python3.12/site-packages/airflow/example_dags/example_sensors.py
[2026-05-08T20:59:18.425+0000] {logging_mixin.py:190} INFO - [2026-05-08T20:59:18.425+0000] {dag.py:3239} INFO - Sync 1 DAGs
[2026-05-08T20:59:18.436+0000] {logging_mixin.py:190} INFO - [2026-05-08T20:59:18.436+0000] {dag.py:4180} INFO - Setting next_dagrun for example_sensors to None, run_after=None
[2026-05-08T20:59:18.451+0000] {processor.py:208} INFO - Processing /home/airflow/.local/lib/python3.12/site-packages/airflow/example_dags/example_sensors.py took 0.072 seconds
[2026-05-08T20:59:49.064+0000] {processor.py:186} INFO - Started process (PID=3633) to work on /home/airflow/.local/lib/python3.12/site-packages/airflow/example_dags/example_sensors.py
[2026-05-08T20:59:49.065+0000] {processor.py:914} INFO - Processing file /home/airflow/.local/lib/python3.12/site-packages/airflow/example_dags/example_sensors.py for tasks to queue
[2026-05-08T20:59:49.067+0000] {logging_mixin.py:190} INFO - [2026-05-08T20:59:49.067+0000] {dagbag.py:588} INFO - Filling up the DagBag from /home/airflow/.local/lib/python3.12/site-packages/airflow/example_dags/example_sensors.py
[2026-05-08T20:59:49.079+0000] {processor.py:925} INFO - DAG(s) 'example_sensors' retrieved from /home/airflow/.local/lib/python3.12/site-packages/airflow/example_dags/example_sensors.py
[2026-05-08T20:59:49.102+0000] {logging_mixin.py:190} INFO - [2026-05-08T20:59:49.102+0000] {dag.py:3239} INFO - Sync 1 DAGs
[2026-05-08T20:59:49.113+0000] {logging_mixin.py:190} INFO - [2026-05-08T20:59:49.113+0000] {dag.py:4180} INFO - Setting next_dagrun for example_sensors to None, run_after=None
[2026-05-08T20:59:49.128+0000] {processor.py:208} INFO - Processing /home/airflow/.local/lib/python3.12/site-packages/airflow/example_dags/example_sensors.py took 0.070 seconds
[2026-05-08T21:00:20.353+0000] {processor.py:186} INFO - Started process (PID=3697) to work on /home/airflow/.local/lib/python3.12/site-packages/airflow/example_dags/example_sensors.py
[2026-05-08T21:00:20.353+0000] {processor.py:914} INFO - Processing file /home/airflow/.local/lib/python3.12/site-packages/airflow/example_dags/example_sensors.py for tasks to queue
[2026-05-08T21:00:20.355+0000] {logging_mixin.py:190} INFO - [2026-05-08T21:00:20.355+0000] {dagbag.py:588} INFO - Filling up the DagBag from /home/airflow/.local/lib/python3.12/site-packages/airflow/example_dags/example_sensors.py
[2026-05-08T21:00:20.366+0000] {processor.py:925} INFO - DAG(s) 'example_sensors' retrieved from /home/airflow/.local/lib/python3.12/site-packages/airflow/example_dags/example_sensors.py
[2026-05-08T21:00:20.392+0000] {logging_mixin.py:190} INFO - [2026-05-08T21:00:20.391+0000] {dag.py:3239} INFO - Sync 1 DAGs
[2026-05-08T21:00:20.407+0000] {logging_mixin.py:190} INFO - [2026-05-08T21:00:20.406+0000] {dag.py:4180} INFO - Setting next_dagrun for example_sensors to None, run_after=None
[2026-05-08T21:00:20.423+0000] {processor.py:208} INFO - Processing /home/airflow/.local/lib/python3.12/site-packages/airflow/example_dags/example_sensors.py took 0.075 seconds
[2026-05-08T21:00:51.684+0000] {processor.py:186} INFO - Started process (PID=3761) to work on /home/airflow/.local/lib/python3.12/site-packages/airflow/example_dags/example_sensors.py
[2026-05-08T21:00:51.685+0000] {processor.py:914} INFO - Processing file /home/airflow/.local/lib/python3.12/site-packages/airflow/example_dags/example_sensors.py for tasks to queue
[2026-05-08T21:00:51.687+0000] {logging_mixin.py:190} INFO - [2026-05-08T21:00:51.686+0000] {dagbag.py:588} INFO - Filling up the DagBag from /home/airflow/.local/lib/python3.12/site-packages/airflow/example_dags/example_sensors.py
[2026-05-08T21:00:51.699+0000] {processor.py:925} INFO - DAG(s) 'example_sensors' retrieved from /home/airflow/.local/lib/python3.12/site-packages/airflow/example_dags/example_sensors.py
[2026-05-08T21:00:51.722+0000] {logging_mixin.py:190} INFO - [2026-05-08T21:00:51.722+0000] {dag.py:3239} INFO - Sync 1 DAGs
[2026-05-08T21:00:51.736+0000] {logging_mixin.py:190} INFO - [2026-05-08T21:00:51.736+0000] {dag.py:4180} INFO - Setting next_dagrun for example_sensors to None, run_after=None
[2026-05-08T21:00:51.750+0000] {processor.py:208} INFO - Processing /home/airflow/.local/lib/python3.12/site-packages/airflow/example_dags/example_sensors.py took 0.073 seconds
[2026-05-08T21:01:22.982+0000] {processor.py:186} INFO - Started process (PID=3825) to work on /home/airflow/.local/lib/python3.12/site-packages/airflow/example_dags/example_sensors.py
[2026-05-08T21:01:22.983+0000] {processor.py:914} INFO - Processing file /home/airflow/.local/lib/python3.12/site-packages/airflow/example_dags/example_sensors.py for tasks to queue
[2026-05-08T21:01:22.986+0000] {logging_mixin.py:190} INFO - [2026-05-08T21:01:22.985+0000] {dagbag.py:588} INFO - Filling up the DagBag from /home/airflow/.local/lib/python3.12/site-packages/airflow/example_dags/example_sensors.py
[2026-05-08T21:01:22.998+0000] {processor.py:925} INFO - DAG(s) 'example_sensors' retrieved from /home/airflow/.local/lib/python3.12/site-packages/airflow/example_dags/example_sensors.py
[2026-05-08T21:01:23.020+0000] {logging_mixin.py:190} INFO - [2026-05-08T21:01:23.019+0000] {dag.py:3239} INFO - Sync 1 DAGs
[2026-05-08T21:01:23.032+0000] {logging_mixin.py:190} INFO - [2026-05-08T21:01:23.032+0000] {dag.py:4180} INFO - Setting next_dagrun for example_sensors to None, run_after=None
[2026-05-08T21:01:23.045+0000] {processor.py:208} INFO - Processing /home/airflow/.local/lib/python3.12/site-packages/airflow/example_dags/example_sensors.py took 0.069 seconds
[2026-05-08T21:01:54.235+0000] {processor.py:186} INFO - Started process (PID=3889) to work on /home/airflow/.local/lib/python3.12/site-packages/airflow/example_dags/example_sensors.py
[2026-05-08T21:01:54.236+0000] {processor.py:914} INFO - Processing file /home/airflow/.local/lib/python3.12/site-packages/airflow/example_dags/example_sensors.py for tasks to queue
[2026-05-08T21:01:54.238+0000] {logging_mixin.py:190} INFO - [2026-05-08T21:01:54.237+0000] {dagbag.py:588} INFO - Filling up the DagBag from /home/airflow/.local/lib/python3.12/site-packages/airflow/example_dags/example_sensors.py
[2026-05-08T21:01:54.247+0000] {processor.py:925} INFO - DAG(s) 'example_sensors' retrieved from /home/airflow/.local/lib/python3.12/site-packages/airflow/example_dags/example_sensors.py
[2026-05-08T21:01:54.268+0000] {logging_mixin.py:190} INFO - [2026-05-08T21:01:54.268+0000] {dag.py:3239} INFO - Sync 1 DAGs
[2026-05-08T21:01:54.280+0000] {logging_mixin.py:190} INFO - [2026-05-08T21:01:54.280+0000] {dag.py:4180} INFO - Setting next_dagrun for example_sensors to None, run_after=None
[2026-05-08T21:01:54.294+0000] {processor.py:208} INFO - Processing /home/airflow/.local/lib/python3.12/site-packages/airflow/example_dags/example_sensors.py took 0.065 seconds
[2026-05-08T21:02:25.128+0000] {processor.py:186} INFO - Started process (PID=3953) to work on /home/airflow/.local/lib/python3.12/site-packages/airflow/example_dags/example_sensors.py
[2026-05-08T21:02:25.129+0000] {processor.py:914} INFO - Processing file /home/airflow/.local/lib/python3.12/site-packages/airflow/example_dags/example_sensors.py for tasks to queue
[2026-05-08T21:02:25.131+0000] {logging_mixin.py:190} INFO - [2026-05-08T21:02:25.130+0000] {dagbag.py:588} INFO - Filling up the DagBag from /home/airflow/.local/lib/python3.12/site-packages/airflow/example_dags/example_sensors.py
[2026-05-08T21:02:25.139+0000] {processor.py:925} INFO - DAG(s) 'example_sensors' retrieved from /home/airflow/.local/lib/python3.12/site-packages/airflow/example_dags/example_sensors.py
[2026-05-08T21:02:25.161+0000] {logging_mixin.py:190} INFO - [2026-05-08T21:02:25.161+0000] {dag.py:3239} INFO - Sync 1 DAGs
[2026-05-08T21:02:25.174+0000] {logging_mixin.py:190} INFO - [2026-05-08T21:02:25.174+0000] {dag.py:4180} INFO - Setting next_dagrun for example_sensors to None, run_after=None
[2026-05-08T21:02:25.188+0000] {processor.py:208} INFO - Processing /home/airflow/.local/lib/python3.12/site-packages/airflow/example_dags/example_sensors.py took 0.064 seconds
[2026-05-08T21:02:55.613+0000] {processor.py:186} INFO - Started process (PID=4017) to work on /home/airflow/.local/lib/python3.12/site-packages/airflow/example_dags/example_sensors.py
[2026-05-08T21:02:55.614+0000] {processor.py:914} INFO - Processing file /home/airflow/.local/lib/python3.12/site-packages/airflow/example_dags/example_sensors.py for tasks to queue
[2026-05-08T21:02:55.616+0000] {logging_mixin.py:190} INFO - [2026-05-08T21:02:55.616+0000] {dagbag.py:588} INFO - Filling up the DagBag from /home/airflow/.local/lib/python3.12/site-packages/airflow/example_dags/example_sensors.py
[2026-05-08T21:02:55.628+0000] {processor.py:925} INFO - DAG(s) 'example_sensors' retrieved from /home/airflow/.local/lib/python3.12/site-packages/airflow/example_dags/example_sensors.py
[2026-05-08T21:02:55.650+0000] {logging_mixin.py:190} INFO - [2026-05-08T21:02:55.649+0000] {dag.py:3239} INFO - Sync 1 DAGs
[2026-05-08T21:02:55.661+0000] {logging_mixin.py:190} INFO - [2026-05-08T21:02:55.661+0000] {dag.py:4180} INFO - Setting next_dagrun for example_sensors to None, run_after=None
[2026-05-08T21:02:55.676+0000] {processor.py:208} INFO - Processing /home/airflow/.local/lib/python3.12/site-packages/airflow/example_dags/example_sensors.py took 0.069 seconds
[2026-05-08T21:03:27.427+0000] {processor.py:186} INFO - Started process (PID=4082) to work on /home/airflow/.local/lib/python3.12/site-packages/airflow/example_dags/example_sensors.py
[2026-05-08T21:03:27.427+0000] {processor.py:914} INFO - Processing file /home/airflow/.local/lib/python3.12/site-packages/airflow/example_dags/example_sensors.py for tasks to queue
[2026-05-08T21:03:27.429+0000] {logging_mixin.py:190} INFO - [2026-05-08T21:03:27.429+0000] {dagbag.py:588} INFO - Filling up the DagBag from /home/airflow/.local/lib/python3.12/site-packages/airflow/example_dags/example_sensors.py
[2026-05-08T21:03:27.439+0000] {processor.py:925} INFO - DAG(s) 'example_sensors' retrieved from /home/airflow/.local/lib/python3.12/site-packages/airflow/example_dags/example_sensors.py
[2026-05-08T21:03:27.458+0000] {logging_mixin.py:190} INFO - [2026-05-08T21:03:27.458+0000] {dag.py:3239} INFO - Sync 1 DAGs
[2026-05-08T21:03:27.470+0000] {logging_mixin.py:190} INFO - [2026-05-08T21:03:27.470+0000] {dag.py:4180} INFO - Setting next_dagrun for example_sensors to None, run_after=None
[2026-05-08T21:03:27.487+0000] {processor.py:208} INFO - Processing /home/airflow/.local/lib/python3.12/site-packages/airflow/example_dags/example_sensors.py took 0.065 seconds
[2026-05-08T21:04:00.193+0000] {processor.py:186} INFO - Started process (PID=4146) to work on /home/airflow/.local/lib/python3.12/site-packages/airflow/example_dags/example_sensors.py
[2026-05-08T21:04:00.193+0000] {processor.py:914} INFO - Processing file /home/airflow/.local/lib/python3.12/site-packages/airflow/example_dags/example_sensors.py for tasks to queue
[2026-05-08T21:04:00.195+0000] {logging_mixin.py:190} INFO - [2026-05-08T21:04:00.195+0000] {dagbag.py:588} INFO - Filling up the DagBag from /home/airflow/.local/lib/python3.12/site-packages/airflow/example_dags/example_sensors.py
[2026-05-08T21:04:00.366+0000] {processor.py:925} INFO - DAG(s) 'example_sensors' retrieved from /home/airflow/.local/lib/python3.12/site-packages/airflow/example_dags/example_sensors.py
[2026-05-08T21:04:00.392+0000] {logging_mixin.py:190} INFO - [2026-05-08T21:04:00.392+0000] {dag.py:3239} INFO - Sync 1 DAGs
[2026-05-08T21:04:00.405+0000] {logging_mixin.py:190} INFO - [2026-05-08T21:04:00.405+0000] {dag.py:4180} INFO - Setting next_dagrun for example_sensors to None, run_after=None
[2026-05-08T21:04:00.420+0000] {processor.py:208} INFO - Processing /home/airflow/.local/lib/python3.12/site-packages/airflow/example_dags/example_sensors.py took 0.232 seconds
[2026-05-08T21:04:30.632+0000] {processor.py:186} INFO - Started process (PID=4210) to work on /home/airflow/.local/lib/python3.12/site-packages/airflow/example_dags/example_sensors.py
[2026-05-08T21:04:30.632+0000] {processor.py:914} INFO - Processing file /home/airflow/.local/lib/python3.12/site-packages/airflow/example_dags/example_sensors.py for tasks to queue
[2026-05-08T21:04:30.634+0000] {logging_mixin.py:190} INFO - [2026-05-08T21:04:30.634+0000] {dagbag.py:588} INFO - Filling up the DagBag from /home/airflow/.local/lib/python3.12/site-packages/airflow/example_dags/example_sensors.py
[2026-05-08T21:04:30.647+0000] {processor.py:925} INFO - DAG(s) 'example_sensors' retrieved from /home/airflow/.local/lib/python3.12/site-packages/airflow/example_dags/example_sensors.py
[2026-05-08T21:04:30.675+0000] {logging_mixin.py:190} INFO - [2026-05-08T21:04:30.675+0000] {dag.py:3239} INFO - Sync 1 DAGs
[2026-05-08T21:04:30.693+0000] {logging_mixin.py:190} INFO - [2026-05-08T21:04:30.693+0000] {dag.py:4180} INFO - Setting next_dagrun for example_sensors to None, run_after=None
[2026-05-08T21:04:30.710+0000] {processor.py:208} INFO - Processing /home/airflow/.local/lib/python3.12/site-packages/airflow/example_dags/example_sensors.py took 0.085 seconds
[2026-05-08T21:05:00.963+0000] {processor.py:186} INFO - Started process (PID=4274) to work on /home/airflow/.local/lib/python3.12/site-packages/airflow/example_dags/example_sensors.py
[2026-05-08T21:05:00.964+0000] {processor.py:914} INFO - Processing file /home/airflow/.local/lib/python3.12/site-packages/airflow/example_dags/example_sensors.py for tasks to queue
[2026-05-08T21:05:00.965+0000] {logging_mixin.py:190} INFO - [2026-05-08T21:05:00.965+0000] {dagbag.py:588} INFO - Filling up the DagBag from /home/airflow/.local/lib/python3.12/site-packages/airflow/example_dags/example_sensors.py
[2026-05-08T21:05:00.974+0000] {processor.py:925} INFO - DAG(s) 'example_sensors' retrieved from /home/airflow/.local/lib/python3.12/site-packages/airflow/example_dags/example_sensors.py
[2026-05-08T21:05:00.995+0000] {logging_mixin.py:190} INFO - [2026-05-08T21:05:00.994+0000] {dag.py:3239} INFO - Sync 1 DAGs
[2026-05-08T21:05:01.008+0000] {logging_mixin.py:190} INFO - [2026-05-08T21:05:01.007+0000] {dag.py:4180} INFO - Setting next_dagrun for example_sensors to None, run_after=None
[2026-05-08T21:05:01.022+0000] {processor.py:208} INFO - Processing /home/airflow/.local/lib/python3.12/site-packages/airflow/example_dags/example_sensors.py took 0.063 seconds
[2026-05-08T21:05:32.353+0000] {processor.py:186} INFO - Started process (PID=4338) to work on /home/airflow/.local/lib/python3.12/site-packages/airflow/example_dags/example_sensors.py
[2026-05-08T21:05:32.354+0000] {processor.py:914} INFO - Processing file /home/airflow/.local/lib/python3.12/site-packages/airflow/example_dags/example_sensors.py for tasks to queue
[2026-05-08T21:05:32.356+0000] {logging_mixin.py:190} INFO - [2026-05-08T21:05:32.356+0000] {dagbag.py:588} INFO - Filling up the DagBag from /home/airflow/.local/lib/python3.12/site-packages/airflow/example_dags/example_sensors.py
[2026-05-08T21:05:32.369+0000] {processor.py:925} INFO - DAG(s) 'example_sensors' retrieved from /home/airflow/.local/lib/python3.12/site-packages/airflow/example_dags/example_sensors.py
[2026-05-08T21:05:32.398+0000] {logging_mixin.py:190} INFO - [2026-05-08T21:05:32.398+0000] {dag.py:3239} INFO - Sync 1 DAGs
[2026-05-08T21:05:32.414+0000] {logging_mixin.py:190} INFO - [2026-05-08T21:05:32.414+0000] {dag.py:4180} INFO - Setting next_dagrun for example_sensors to None, run_after=None
[2026-05-08T21:05:32.429+0000] {processor.py:208} INFO - Processing /home/airflow/.local/lib/python3.12/site-packages/airflow/example_dags/example_sensors.py took 0.082 seconds
[2026-05-08T21:06:02.684+0000] {processor.py:186} INFO - Started process (PID=4401) to work on /home/airflow/.local/lib/python3.12/site-packages/airflow/example_dags/example_sensors.py
[2026-05-08T21:06:02.685+0000] {processor.py:914} INFO - Processing file /home/airflow/.local/lib/python3.12/site-packages/airflow/example_dags/example_sensors.py for tasks to queue
[2026-05-08T21:06:02.686+0000] {logging_mixin.py:190} INFO - [2026-05-08T21:06:02.686+0000] {dagbag.py:588} INFO - Filling up the DagBag from /home/airflow/.local/lib/python3.12/site-packages/airflow/example_dags/example_sensors.py
[2026-05-08T21:06:02.695+0000] {processor.py:925} INFO - DAG(s) 'example_sensors' retrieved from /home/airflow/.local/lib/python3.12/site-packages/airflow/example_dags/example_sensors.py
[2026-05-08T21:06:02.715+0000] {logging_mixin.py:190} INFO - [2026-05-08T21:06:02.714+0000] {dag.py:3239} INFO - Sync 1 DAGs
[2026-05-08T21:06:02.727+0000] {logging_mixin.py:190} INFO - [2026-05-08T21:06:02.727+0000] {dag.py:4180} INFO - Setting next_dagrun for example_sensors to None, run_after=None
[2026-05-08T21:06:02.742+0000] {processor.py:208} INFO - Processing /home/airflow/.local/lib/python3.12/site-packages/airflow/example_dags/example_sensors.py took 0.063 seconds
[2026-05-08T21:06:33.109+0000] {processor.py:186} INFO - Started process (PID=4465) to work on /home/airflow/.local/lib/python3.12/site-packages/airflow/example_dags/example_sensors.py
[2026-05-08T21:06:33.110+0000] {processor.py:914} INFO - Processing file /home/airflow/.local/lib/python3.12/site-packages/airflow/example_dags/example_sensors.py for tasks to queue
[2026-05-08T21:06:33.111+0000] {logging_mixin.py:190} INFO - [2026-05-08T21:06:33.111+0000] {dagbag.py:588} INFO - Filling up the DagBag from /home/airflow/.local/lib/python3.12/site-packages/airflow/example_dags/example_sensors.py
[2026-05-08T21:06:33.121+0000] {processor.py:925} INFO - DAG(s) 'example_sensors' retrieved from /home/airflow/.local/lib/python3.12/site-packages/airflow/example_dags/example_sensors.py
[2026-05-08T21:06:33.141+0000] {logging_mixin.py:190} INFO - [2026-05-08T21:06:33.141+0000] {dag.py:3239} INFO - Sync 1 DAGs
[2026-05-08T21:06:33.152+0000] {logging_mixin.py:190} INFO - [2026-05-08T21:06:33.152+0000] {dag.py:4180} INFO - Setting next_dagrun for example_sensors to None, run_after=None
[2026-05-08T21:06:33.165+0000] {processor.py:208} INFO - Processing /home/airflow/.local/lib/python3.12/site-packages/airflow/example_dags/example_sensors.py took 0.060 seconds
[2026-05-08T21:07:03.932+0000] {processor.py:186} INFO - Started process (PID=4534) to work on /home/airflow/.local/lib/python3.12/site-packages/airflow/example_dags/example_sensors.py
[2026-05-08T21:07:03.932+0000] {processor.py:914} INFO - Processing file /home/airflow/.local/lib/python3.12/site-packages/airflow/example_dags/example_sensors.py for tasks to queue
[2026-05-08T21:07:03.934+0000] {logging_mixin.py:190} INFO - [2026-05-08T21:07:03.933+0000] {dagbag.py:588} INFO - Filling up the DagBag from /home/airflow/.local/lib/python3.12/site-packages/airflow/example_dags/example_sensors.py
[2026-05-08T21:07:03.942+0000] {processor.py:925} INFO - DAG(s) 'example_sensors' retrieved from /home/airflow/.local/lib/python3.12/site-packages/airflow/example_dags/example_sensors.py
[2026-05-08T21:07:03.969+0000] {logging_mixin.py:190} INFO - [2026-05-08T21:07:03.969+0000] {dag.py:3239} INFO - Sync 1 DAGs
[2026-05-08T21:07:03.984+0000] {logging_mixin.py:190} INFO - [2026-05-08T21:07:03.984+0000] {dag.py:4180} INFO - Setting next_dagrun for example_sensors to None, run_after=None
[2026-05-08T21:07:03.998+0000] {processor.py:208} INFO - Processing /home/airflow/.local/lib/python3.12/site-packages/airflow/example_dags/example_sensors.py took 0.070 seconds
[2026-05-08T21:07:34.753+0000] {processor.py:186} INFO - Started process (PID=4598) to work on /home/airflow/.local/lib/python3.12/site-packages/airflow/example_dags/example_sensors.py
[2026-05-08T21:07:34.754+0000] {processor.py:914} INFO - Processing file /home/airflow/.local/lib/python3.12/site-packages/airflow/example_dags/example_sensors.py for tasks to queue
[2026-05-08T21:07:34.756+0000] {logging_mixin.py:190} INFO - [2026-05-08T21:07:34.755+0000] {dagbag.py:588} INFO - Filling up the DagBag from /home/airflow/.local/lib/python3.12/site-packages/airflow/example_dags/example_sensors.py
[2026-05-08T21:07:34.767+0000] {processor.py:925} INFO - DAG(s) 'example_sensors' retrieved from /home/airflow/.local/lib/python3.12/site-packages/airflow/example_dags/example_sensors.py
[2026-05-08T21:07:34.791+0000] {logging_mixin.py:190} INFO - [2026-05-08T21:07:34.790+0000] {dag.py:3239} INFO - Sync 1 DAGs
[2026-05-08T21:07:34.803+0000] {logging_mixin.py:190} INFO - [2026-05-08T21:07:34.803+0000] {dag.py:4180} INFO - Setting next_dagrun for example_sensors to None, run_after=None
[2026-05-08T21:07:34.817+0000] {processor.py:208} INFO - Processing /home/airflow/.local/lib/python3.12/site-packages/airflow/example_dags/example_sensors.py took 0.069 seconds
[2026-05-08T21:08:05.784+0000] {processor.py:186} INFO - Started process (PID=4662) to work on /home/airflow/.local/lib/python3.12/site-packages/airflow/example_dags/example_sensors.py
[2026-05-08T21:08:05.784+0000] {processor.py:914} INFO - Processing file /home/airflow/.local/lib/python3.12/site-packages/airflow/example_dags/example_sensors.py for tasks to queue
[2026-05-08T21:08:05.786+0000] {logging_mixin.py:190} INFO - [2026-05-08T21:08:05.785+0000] {dagbag.py:588} INFO - Filling up the DagBag from /home/airflow/.local/lib/python3.12/site-packages/airflow/example_dags/example_sensors.py
[2026-05-08T21:08:05.795+0000] {processor.py:925} INFO - DAG(s) 'example_sensors' retrieved from /home/airflow/.local/lib/python3.12/site-packages/airflow/example_dags/example_sensors.py
[2026-05-08T21:08:05.814+0000] {logging_mixin.py:190} INFO - [2026-05-08T21:08:05.814+0000] {dag.py:3239} INFO - Sync 1 DAGs
[2026-05-08T21:08:05.827+0000] {logging_mixin.py:190} INFO - [2026-05-08T21:08:05.827+0000] {dag.py:4180} INFO - Setting next_dagrun for example_sensors to None, run_after=None
[2026-05-08T21:08:05.843+0000] {processor.py:208} INFO - Processing /home/airflow/.local/lib/python3.12/site-packages/airflow/example_dags/example_sensors.py took 0.063 seconds
[2026-05-08T21:08:36.373+0000] {processor.py:186} INFO - Started process (PID=4726) to work on /home/airflow/.local/lib/python3.12/site-packages/airflow/example_dags/example_sensors.py
[2026-05-08T21:08:36.374+0000] {processor.py:914} INFO - Processing file /home/airflow/.local/lib/python3.12/site-packages/airflow/example_dags/example_sensors.py for tasks to queue
[2026-05-08T21:08:36.375+0000] {logging_mixin.py:190} INFO - [2026-05-08T21:08:36.375+0000] {dagbag.py:588} INFO - Filling up the DagBag from /home/airflow/.local/lib/python3.12/site-packages/airflow/example_dags/example_sensors.py
[2026-05-08T21:08:36.384+0000] {processor.py:925} INFO - DAG(s) 'example_sensors' retrieved from /home/airflow/.local/lib/python3.12/site-packages/airflow/example_dags/example_sensors.py
[2026-05-08T21:08:36.407+0000] {logging_mixin.py:190} INFO - [2026-05-08T21:08:36.407+0000] {dag.py:3239} INFO - Sync 1 DAGs
[2026-05-08T21:08:36.420+0000] {logging_mixin.py:190} INFO - [2026-05-08T21:08:36.420+0000] {dag.py:4180} INFO - Setting next_dagrun for example_sensors to None, run_after=None
[2026-05-08T21:08:36.435+0000] {processor.py:208} INFO - Processing /home/airflow/.local/lib/python3.12/site-packages/airflow/example_dags/example_sensors.py took 0.068 seconds
[2026-05-08T21:09:06.738+0000] {processor.py:186} INFO - Started process (PID=4790) to work on /home/airflow/.local/lib/python3.12/site-packages/airflow/example_dags/example_sensors.py
[2026-05-08T21:09:06.739+0000] {processor.py:914} INFO - Processing file /home/airflow/.local/lib/python3.12/site-packages/airflow/example_dags/example_sensors.py for tasks to queue
[2026-05-08T21:09:06.741+0000] {logging_mixin.py:190} INFO - [2026-05-08T21:09:06.740+0000] {dagbag.py:588} INFO - Filling up the DagBag from /home/airflow/.local/lib/python3.12/site-packages/airflow/example_dags/example_sensors.py
[2026-05-08T21:09:06.753+0000] {processor.py:925} INFO - DAG(s) 'example_sensors' retrieved from /home/airflow/.local/lib/python3.12/site-packages/airflow/example_dags/example_sensors.py
[2026-05-08T21:09:06.780+0000] {logging_mixin.py:190} INFO - [2026-05-08T21:09:06.780+0000] {dag.py:3239} INFO - Sync 1 DAGs
[2026-05-08T21:09:06.792+0000] {logging_mixin.py:190} INFO - [2026-05-08T21:09:06.792+0000] {dag.py:4180} INFO - Setting next_dagrun for example_sensors to None, run_after=None
[2026-05-08T21:09:06.809+0000] {processor.py:208} INFO - Processing /home/airflow/.local/lib/python3.12/site-packages/airflow/example_dags/example_sensors.py took 0.077 seconds
[2026-05-08T21:09:36.996+0000] {processor.py:186} INFO - Started process (PID=4853) to work on /home/airflow/.local/lib/python3.12/site-packages/airflow/example_dags/example_sensors.py
[2026-05-08T21:09:36.996+0000] {processor.py:914} INFO - Processing file /home/airflow/.local/lib/python3.12/site-packages/airflow/example_dags/example_sensors.py for tasks to queue
[2026-05-08T21:09:36.998+0000] {logging_mixin.py:190} INFO - [2026-05-08T21:09:36.998+0000] {dagbag.py:588} INFO - Filling up the DagBag from /home/airflow/.local/lib/python3.12/site-packages/airflow/example_dags/example_sensors.py
[2026-05-08T21:09:37.007+0000] {processor.py:925} INFO - DAG(s) 'example_sensors' retrieved from /home/airflow/.local/lib/python3.12/site-packages/airflow/example_dags/example_sensors.py
[2026-05-08T21:09:37.033+0000] {logging_mixin.py:190} INFO - [2026-05-08T21:09:37.032+0000] {dag.py:3239} INFO - Sync 1 DAGs
[2026-05-08T21:09:37.048+0000] {logging_mixin.py:190} INFO - [2026-05-08T21:09:37.047+0000] {dag.py:4180} INFO - Setting next_dagrun for example_sensors to None, run_after=None
[2026-05-08T21:09:37.064+0000] {processor.py:208} INFO - Processing /home/airflow/.local/lib/python3.12/site-packages/airflow/example_dags/example_sensors.py took 0.073 seconds
[2026-05-08T21:10:08.013+0000] {processor.py:186} INFO - Started process (PID=4917) to work on /home/airflow/.local/lib/python3.12/site-packages/airflow/example_dags/example_sensors.py
[2026-05-08T21:10:08.014+0000] {processor.py:914} INFO - Processing file /home/airflow/.local/lib/python3.12/site-packages/airflow/example_dags/example_sensors.py for tasks to queue
[2026-05-08T21:10:08.016+0000] {logging_mixin.py:190} INFO - [2026-05-08T21:10:08.016+0000] {dagbag.py:588} INFO - Filling up the DagBag from /home/airflow/.local/lib/python3.12/site-packages/airflow/example_dags/example_sensors.py
[2026-05-08T21:10:08.026+0000] {processor.py:925} INFO - DAG(s) 'example_sensors' retrieved from /home/airflow/.local/lib/python3.12/site-packages/airflow/example_dags/example_sensors.py
[2026-05-08T21:10:08.046+0000] {logging_mixin.py:190} INFO - [2026-05-08T21:10:08.046+0000] {dag.py:3239} INFO - Sync 1 DAGs
[2026-05-08T21:10:08.065+0000] {logging_mixin.py:190} INFO - [2026-05-08T21:10:08.064+0000] {dag.py:4180} INFO - Setting next_dagrun for example_sensors to None, run_after=None
[2026-05-08T21:10:08.084+0000] {processor.py:208} INFO - Processing /home/airflow/.local/lib/python3.12/site-packages/airflow/example_dags/example_sensors.py took 0.075 seconds
[2026-05-08T21:10:38.529+0000] {processor.py:186} INFO - Started process (PID=4981) to work on /home/airflow/.local/lib/python3.12/site-packages/airflow/example_dags/example_sensors.py
[2026-05-08T21:10:38.529+0000] {processor.py:914} INFO - Processing file /home/airflow/.local/lib/python3.12/site-packages/airflow/example_dags/example_sensors.py for tasks to queue
[2026-05-08T21:10:38.532+0000] {logging_mixin.py:190} INFO - [2026-05-08T21:10:38.532+0000] {dagbag.py:588} INFO - Filling up the DagBag from /home/airflow/.local/lib/python3.12/site-packages/airflow/example_dags/example_sensors.py
[2026-05-08T21:10:38.552+0000] {processor.py:925} INFO - DAG(s) 'example_sensors' retrieved from /home/airflow/.local/lib/python3.12/site-packages/airflow/example_dags/example_sensors.py
[2026-05-08T21:10:38.595+0000] {logging_mixin.py:190} INFO - [2026-05-08T21:10:38.595+0000] {dag.py:3239} INFO - Sync 1 DAGs
[2026-05-08T21:10:38.612+0000] {logging_mixin.py:190} INFO - [2026-05-08T21:10:38.612+0000] {dag.py:4180} INFO - Setting next_dagrun for example_sensors to None, run_after=None
[2026-05-08T21:10:38.636+0000] {processor.py:208} INFO - Processing /home/airflow/.local/lib/python3.12/site-packages/airflow/example_dags/example_sensors.py took 0.114 seconds
[2026-05-08T21:11:09.698+0000] {processor.py:186} INFO - Started process (PID=5045) to work on /home/airflow/.local/lib/python3.12/site-packages/airflow/example_dags/example_sensors.py
[2026-05-08T21:11:09.699+0000] {processor.py:914} INFO - Processing file /home/airflow/.local/lib/python3.12/site-packages/airflow/example_dags/example_sensors.py for tasks to queue
[2026-05-08T21:11:09.700+0000] {logging_mixin.py:190} INFO - [2026-05-08T21:11:09.700+0000] {dagbag.py:588} INFO - Filling up the DagBag from /home/airflow/.local/lib/python3.12/site-packages/airflow/example_dags/example_sensors.py
[2026-05-08T21:11:09.709+0000] {processor.py:925} INFO - DAG(s) 'example_sensors' retrieved from /home/airflow/.local/lib/python3.12/site-packages/airflow/example_dags/example_sensors.py
[2026-05-08T21:11:09.735+0000] {logging_mixin.py:190} INFO - [2026-05-08T21:11:09.735+0000] {dag.py:3239} INFO - Sync 1 DAGs
[2026-05-08T21:11:09.747+0000] {logging_mixin.py:190} INFO - [2026-05-08T21:11:09.746+0000] {dag.py:4180} INFO - Setting next_dagrun for example_sensors to None, run_after=None
[2026-05-08T21:11:09.762+0000] {processor.py:208} INFO - Processing /home/airflow/.local/lib/python3.12/site-packages/airflow/example_dags/example_sensors.py took 0.069 seconds
[2026-05-08T21:11:40.552+0000] {processor.py:186} INFO - Started process (PID=5109) to work on /home/airflow/.local/lib/python3.12/site-packages/airflow/example_dags/example_sensors.py
[2026-05-08T21:11:40.553+0000] {processor.py:914} INFO - Processing file /home/airflow/.local/lib/python3.12/site-packages/airflow/example_dags/example_sensors.py for tasks to queue
[2026-05-08T21:11:40.555+0000] {logging_mixin.py:190} INFO - [2026-05-08T21:11:40.555+0000] {dagbag.py:588} INFO - Filling up the DagBag from /home/airflow/.local/lib/python3.12/site-packages/airflow/example_dags/example_sensors.py
[2026-05-08T21:11:40.564+0000] {processor.py:925} INFO - DAG(s) 'example_sensors' retrieved from /home/airflow/.local/lib/python3.12/site-packages/airflow/example_dags/example_sensors.py
[2026-05-08T21:11:40.593+0000] {logging_mixin.py:190} INFO - [2026-05-08T21:11:40.593+0000] {dag.py:3239} INFO - Sync 1 DAGs
[2026-05-08T21:11:40.608+0000] {logging_mixin.py:190} INFO - [2026-05-08T21:11:40.608+0000] {dag.py:4180} INFO - Setting next_dagrun for example_sensors to None, run_after=None
[2026-05-08T21:11:40.624+0000] {processor.py:208} INFO - Processing /home/airflow/.local/lib/python3.12/site-packages/airflow/example_dags/example_sensors.py took 0.078 seconds
[2026-05-08T21:12:11.518+0000] {processor.py:186} INFO - Started process (PID=5173) to work on /home/airflow/.local/lib/python3.12/site-packages/airflow/example_dags/example_sensors.py
[2026-05-08T21:12:11.519+0000] {processor.py:914} INFO - Processing file /home/airflow/.local/lib/python3.12/site-packages/airflow/example_dags/example_sensors.py for tasks to queue
[2026-05-08T21:12:11.520+0000] {logging_mixin.py:190} INFO - [2026-05-08T21:12:11.520+0000] {dagbag.py:588} INFO - Filling up the DagBag from /home/airflow/.local/lib/python3.12/site-packages/airflow/example_dags/example_sensors.py
[2026-05-08T21:12:11.529+0000] {processor.py:925} INFO - DAG(s) 'example_sensors' retrieved from /home/airflow/.local/lib/python3.12/site-packages/airflow/example_dags/example_sensors.py
[2026-05-08T21:12:11.550+0000] {logging_mixin.py:190} INFO - [2026-05-08T21:12:11.550+0000] {dag.py:3239} INFO - Sync 1 DAGs
[2026-05-08T21:12:11.562+0000] {logging_mixin.py:190} INFO - [2026-05-08T21:12:11.562+0000] {dag.py:4180} INFO - Setting next_dagrun for example_sensors to None, run_after=None
[2026-05-08T21:12:11.576+0000] {processor.py:208} INFO - Processing /home/airflow/.local/lib/python3.12/site-packages/airflow/example_dags/example_sensors.py took 0.063 seconds
[2026-05-08T21:12:41.761+0000] {processor.py:186} INFO - Started process (PID=5237) to work on /home/airflow/.local/lib/python3.12/site-packages/airflow/example_dags/example_sensors.py
[2026-05-08T21:12:41.762+0000] {processor.py:914} INFO - Processing file /home/airflow/.local/lib/python3.12/site-packages/airflow/example_dags/example_sensors.py for tasks to queue
[2026-05-08T21:12:41.764+0000] {logging_mixin.py:190} INFO - [2026-05-08T21:12:41.764+0000] {dagbag.py:588} INFO - Filling up the DagBag from /home/airflow/.local/lib/python3.12/site-packages/airflow/example_dags/example_sensors.py
[2026-05-08T21:12:41.777+0000] {processor.py:925} INFO - DAG(s) 'example_sensors' retrieved from /home/airflow/.local/lib/python3.12/site-packages/airflow/example_dags/example_sensors.py
[2026-05-08T21:12:41.804+0000] {logging_mixin.py:190} INFO - [2026-05-08T21:12:41.804+0000] {dag.py:3239} INFO - Sync 1 DAGs
[2026-05-08T21:12:41.821+0000] {logging_mixin.py:190} INFO - [2026-05-08T21:12:41.821+0000] {dag.py:4180} INFO - Setting next_dagrun for example_sensors to None, run_after=None
[2026-05-08T21:12:41.842+0000] {processor.py:208} INFO - Processing /home/airflow/.local/lib/python3.12/site-packages/airflow/example_dags/example_sensors.py took 0.087 seconds
[2026-05-08T21:13:12.950+0000] {processor.py:186} INFO - Started process (PID=5301) to work on /home/airflow/.local/lib/python3.12/site-packages/airflow/example_dags/example_sensors.py
[2026-05-08T21:13:12.951+0000] {processor.py:914} INFO - Processing file /home/airflow/.local/lib/python3.12/site-packages/airflow/example_dags/example_sensors.py for tasks to queue
[2026-05-08T21:13:12.954+0000] {logging_mixin.py:190} INFO - [2026-05-08T21:13:12.953+0000] {dagbag.py:588} INFO - Filling up the DagBag from /home/airflow/.local/lib/python3.12/site-packages/airflow/example_dags/example_sensors.py
[2026-05-08T21:13:12.966+0000] {processor.py:925} INFO - DAG(s) 'example_sensors' retrieved from /home/airflow/.local/lib/python3.12/site-packages/airflow/example_dags/example_sensors.py
[2026-05-08T21:13:12.997+0000] {logging_mixin.py:190} INFO - [2026-05-08T21:13:12.997+0000] {dag.py:3239} INFO - Sync 1 DAGs
[2026-05-08T21:13:13.014+0000] {logging_mixin.py:190} INFO - [2026-05-08T21:13:13.014+0000] {dag.py:4180} INFO - Setting next_dagrun for example_sensors to None, run_after=None
[2026-05-08T21:13:13.032+0000] {processor.py:208} INFO - Processing /home/airflow/.local/lib/python3.12/site-packages/airflow/example_dags/example_sensors.py took 0.089 seconds
[2026-05-08T21:13:43.761+0000] {processor.py:186} INFO - Started process (PID=5365) to work on /home/airflow/.local/lib/python3.12/site-packages/airflow/example_dags/example_sensors.py
[2026-05-08T21:13:43.762+0000] {processor.py:914} INFO - Processing file /home/airflow/.local/lib/python3.12/site-packages/airflow/example_dags/example_sensors.py for tasks to queue
[2026-05-08T21:13:43.763+0000] {logging_mixin.py:190} INFO - [2026-05-08T21:13:43.763+0000] {dagbag.py:588} INFO - Filling up the DagBag from /home/airflow/.local/lib/python3.12/site-packages/airflow/example_dags/example_sensors.py
[2026-05-08T21:13:43.772+0000] {processor.py:925} INFO - DAG(s) 'example_sensors' retrieved from /home/airflow/.local/lib/python3.12/site-packages/airflow/example_dags/example_sensors.py
[2026-05-08T21:13:43.792+0000] {logging_mixin.py:190} INFO - [2026-05-08T21:13:43.792+0000] {dag.py:3239} INFO - Sync 1 DAGs
[2026-05-08T21:13:43.803+0000] {logging_mixin.py:190} INFO - [2026-05-08T21:13:43.803+0000] {dag.py:4180} INFO - Setting next_dagrun for example_sensors to None, run_after=None
[2026-05-08T21:13:43.818+0000] {processor.py:208} INFO - Processing /home/airflow/.local/lib/python3.12/site-packages/airflow/example_dags/example_sensors.py took 0.061 seconds
[2026-05-08T21:14:14.509+0000] {processor.py:186} INFO - Started process (PID=5429) to work on /home/airflow/.local/lib/python3.12/site-packages/airflow/example_dags/example_sensors.py
[2026-05-08T21:14:14.510+0000] {processor.py:914} INFO - Processing file /home/airflow/.local/lib/python3.12/site-packages/airflow/example_dags/example_sensors.py for tasks to queue
[2026-05-08T21:14:14.511+0000] {logging_mixin.py:190} INFO - [2026-05-08T21:14:14.511+0000] {dagbag.py:588} INFO - Filling up the DagBag from /home/airflow/.local/lib/python3.12/site-packages/airflow/example_dags/example_sensors.py
[2026-05-08T21:14:14.520+0000] {processor.py:925} INFO - DAG(s) 'example_sensors' retrieved from /home/airflow/.local/lib/python3.12/site-packages/airflow/example_dags/example_sensors.py
[2026-05-08T21:14:14.540+0000] {logging_mixin.py:190} INFO - [2026-05-08T21:14:14.540+0000] {dag.py:3239} INFO - Sync 1 DAGs
[2026-05-08T21:14:14.551+0000] {logging_mixin.py:190} INFO - [2026-05-08T21:14:14.551+0000] {dag.py:4180} INFO - Setting next_dagrun for example_sensors to None, run_after=None
[2026-05-08T21:14:14.567+0000] {processor.py:208} INFO - Processing /home/airflow/.local/lib/python3.12/site-packages/airflow/example_dags/example_sensors.py took 0.063 seconds
[2026-05-08T21:14:44.990+0000] {processor.py:186} INFO - Started process (PID=5493) to work on /home/airflow/.local/lib/python3.12/site-packages/airflow/example_dags/example_sensors.py
[2026-05-08T21:14:44.990+0000] {processor.py:914} INFO - Processing file /home/airflow/.local/lib/python3.12/site-packages/airflow/example_dags/example_sensors.py for tasks to queue
[2026-05-08T21:14:44.992+0000] {logging_mixin.py:190} INFO - [2026-05-08T21:14:44.992+0000] {dagbag.py:588} INFO - Filling up the DagBag from /home/airflow/.local/lib/python3.12/site-packages/airflow/example_dags/example_sensors.py
[2026-05-08T21:14:45.003+0000] {processor.py:925} INFO - DAG(s) 'example_sensors' retrieved from /home/airflow/.local/lib/python3.12/site-packages/airflow/example_dags/example_sensors.py
[2026-05-08T21:14:45.023+0000] {logging_mixin.py:190} INFO - [2026-05-08T21:14:45.023+0000] {dag.py:3239} INFO - Sync 1 DAGs
[2026-05-08T21:14:45.035+0000] {logging_mixin.py:190} INFO - [2026-05-08T21:14:45.035+0000] {dag.py:4180} INFO - Setting next_dagrun for example_sensors to None, run_after=None
[2026-05-08T21:14:45.049+0000] {processor.py:208} INFO - Processing /home/airflow/.local/lib/python3.12/site-packages/airflow/example_dags/example_sensors.py took 0.065 seconds
[2026-05-08T21:15:15.146+0000] {processor.py:186} INFO - Started process (PID=5556) to work on /home/airflow/.local/lib/python3.12/site-packages/airflow/example_dags/example_sensors.py
[2026-05-08T21:15:15.147+0000] {processor.py:914} INFO - Processing file /home/airflow/.local/lib/python3.12/site-packages/airflow/example_dags/example_sensors.py for tasks to queue
[2026-05-08T21:15:15.149+0000] {logging_mixin.py:190} INFO - [2026-05-08T21:15:15.149+0000] {dagbag.py:588} INFO - Filling up the DagBag from /home/airflow/.local/lib/python3.12/site-packages/airflow/example_dags/example_sensors.py
[2026-05-08T21:15:15.159+0000] {processor.py:925} INFO - DAG(s) 'example_sensors' retrieved from /home/airflow/.local/lib/python3.12/site-packages/airflow/example_dags/example_sensors.py
[2026-05-08T21:15:15.186+0000] {logging_mixin.py:190} INFO - [2026-05-08T21:15:15.186+0000] {dag.py:3239} INFO - Sync 1 DAGs
[2026-05-08T21:15:15.199+0000] {logging_mixin.py:190} INFO - [2026-05-08T21:15:15.199+0000] {dag.py:4180} INFO - Setting next_dagrun for example_sensors to None, run_after=None
[2026-05-08T21:15:15.212+0000] {processor.py:208} INFO - Processing /home/airflow/.local/lib/python3.12/site-packages/airflow/example_dags/example_sensors.py took 0.070 seconds
[2026-05-08T21:15:45.455+0000] {processor.py:186} INFO - Started process (PID=5620) to work on /home/airflow/.local/lib/python3.12/site-packages/airflow/example_dags/example_sensors.py
[2026-05-08T21:15:45.456+0000] {processor.py:914} INFO - Processing file /home/airflow/.local/lib/python3.12/site-packages/airflow/example_dags/example_sensors.py for tasks to queue
[2026-05-08T21:15:45.457+0000] {logging_mixin.py:190} INFO - [2026-05-08T21:15:45.457+0000] {dagbag.py:588} INFO - Filling up the DagBag from /home/airflow/.local/lib/python3.12/site-packages/airflow/example_dags/example_sensors.py
[2026-05-08T21:15:45.466+0000] {processor.py:925} INFO - DAG(s) 'example_sensors' retrieved from /home/airflow/.local/lib/python3.12/site-packages/airflow/example_dags/example_sensors.py
[2026-05-08T21:15:45.494+0000] {logging_mixin.py:190} INFO - [2026-05-08T21:15:45.494+0000] {dag.py:3239} INFO - Sync 1 DAGs
[2026-05-08T21:15:45.507+0000] {logging_mixin.py:190} INFO - [2026-05-08T21:15:45.507+0000] {dag.py:4180} INFO - Setting next_dagrun for example_sensors to None, run_after=None
[2026-05-08T21:15:45.521+0000] {processor.py:208} INFO - Processing /home/airflow/.local/lib/python3.12/site-packages/airflow/example_dags/example_sensors.py took 0.071 seconds
[2026-05-08T21:16:15.550+0000] {processor.py:186} INFO - Started process (PID=5684) to work on /home/airflow/.local/lib/python3.12/site-packages/airflow/example_dags/example_sensors.py
[2026-05-08T21:16:15.551+0000] {processor.py:914} INFO - Processing file /home/airflow/.local/lib/python3.12/site-packages/airflow/example_dags/example_sensors.py for tasks to queue
[2026-05-08T21:16:15.553+0000] {logging_mixin.py:190} INFO - [2026-05-08T21:16:15.552+0000] {dagbag.py:588} INFO - Filling up the DagBag from /home/airflow/.local/lib/python3.12/site-packages/airflow/example_dags/example_sensors.py
[2026-05-08T21:16:15.564+0000] {processor.py:925} INFO - DAG(s) 'example_sensors' retrieved from /home/airflow/.local/lib/python3.12/site-packages/airflow/example_dags/example_sensors.py
[2026-05-08T21:16:15.589+0000] {logging_mixin.py:190} INFO - [2026-05-08T21:16:15.589+0000] {dag.py:3239} INFO - Sync 1 DAGs
[2026-05-08T21:16:15.604+0000] {logging_mixin.py:190} INFO - [2026-05-08T21:16:15.603+0000] {dag.py:4180} INFO - Setting next_dagrun for example_sensors to None, run_after=None
[2026-05-08T21:16:15.619+0000] {processor.py:208} INFO - Processing /home/airflow/.local/lib/python3.12/site-packages/airflow/example_dags/example_sensors.py took 0.073 seconds
[2026-05-08T21:16:45.939+0000] {processor.py:186} INFO - Started process (PID=5748) to work on /home/airflow/.local/lib/python3.12/site-packages/airflow/example_dags/example_sensors.py
[2026-05-08T21:16:45.940+0000] {processor.py:914} INFO - Processing file /home/airflow/.local/lib/python3.12/site-packages/airflow/example_dags/example_sensors.py for tasks to queue
[2026-05-08T21:16:45.942+0000] {logging_mixin.py:190} INFO - [2026-05-08T21:16:45.941+0000] {dagbag.py:588} INFO - Filling up the DagBag from /home/airflow/.local/lib/python3.12/site-packages/airflow/example_dags/example_sensors.py
[2026-05-08T21:16:45.950+0000] {processor.py:925} INFO - DAG(s) 'example_sensors' retrieved from /home/airflow/.local/lib/python3.12/site-packages/airflow/example_dags/example_sensors.py
[2026-05-08T21:16:45.977+0000] {logging_mixin.py:190} INFO - [2026-05-08T21:16:45.977+0000] {dag.py:3239} INFO - Sync 1 DAGs
[2026-05-08T21:16:45.993+0000] {logging_mixin.py:190} INFO - [2026-05-08T21:16:45.993+0000] {dag.py:4180} INFO - Setting next_dagrun for example_sensors to None, run_after=None
[2026-05-08T21:16:46.010+0000] {processor.py:208} INFO - Processing /home/airflow/.local/lib/python3.12/site-packages/airflow/example_dags/example_sensors.py took 0.075 seconds
[2026-05-08T21:17:17.027+0000] {processor.py:186} INFO - Started process (PID=5812) to work on /home/airflow/.local/lib/python3.12/site-packages/airflow/example_dags/example_sensors.py
[2026-05-08T21:17:17.028+0000] {processor.py:914} INFO - Processing file /home/airflow/.local/lib/python3.12/site-packages/airflow/example_dags/example_sensors.py for tasks to queue
[2026-05-08T21:17:17.029+0000] {logging_mixin.py:190} INFO - [2026-05-08T21:17:17.029+0000] {dagbag.py:588} INFO - Filling up the DagBag from /home/airflow/.local/lib/python3.12/site-packages/airflow/example_dags/example_sensors.py
[2026-05-08T21:17:17.038+0000] {processor.py:925} INFO - DAG(s) 'example_sensors' retrieved from /home/airflow/.local/lib/python3.12/site-packages/airflow/example_dags/example_sensors.py
[2026-05-08T21:17:17.057+0000] {logging_mixin.py:190} INFO - [2026-05-08T21:17:17.057+0000] {dag.py:3239} INFO - Sync 1 DAGs
[2026-05-08T21:17:17.069+0000] {logging_mixin.py:190} INFO - [2026-05-08T21:17:17.069+0000] {dag.py:4180} INFO - Setting next_dagrun for example_sensors to None, run_after=None
[2026-05-08T21:17:17.083+0000] {processor.py:208} INFO - Processing /home/airflow/.local/lib/python3.12/site-packages/airflow/example_dags/example_sensors.py took 0.061 seconds
[2026-05-08T21:17:47.398+0000] {processor.py:186} INFO - Started process (PID=5876) to work on /home/airflow/.local/lib/python3.12/site-packages/airflow/example_dags/example_sensors.py
[2026-05-08T21:17:47.398+0000] {processor.py:914} INFO - Processing file /home/airflow/.local/lib/python3.12/site-packages/airflow/example_dags/example_sensors.py for tasks to queue
[2026-05-08T21:17:47.400+0000] {logging_mixin.py:190} INFO - [2026-05-08T21:17:47.400+0000] {dagbag.py:588} INFO - Filling up the DagBag from /home/airflow/.local/lib/python3.12/site-packages/airflow/example_dags/example_sensors.py
[2026-05-08T21:17:47.412+0000] {processor.py:925} INFO - DAG(s) 'example_sensors' retrieved from /home/airflow/.local/lib/python3.12/site-packages/airflow/example_dags/example_sensors.py
[2026-05-08T21:17:47.438+0000] {logging_mixin.py:190} INFO - [2026-05-08T21:17:47.437+0000] {dag.py:3239} INFO - Sync 1 DAGs
[2026-05-08T21:17:47.451+0000] {logging_mixin.py:190} INFO - [2026-05-08T21:17:47.451+0000] {dag.py:4180} INFO - Setting next_dagrun for example_sensors to None, run_after=None
[2026-05-08T21:17:47.466+0000] {processor.py:208} INFO - Processing /home/airflow/.local/lib/python3.12/site-packages/airflow/example_dags/example_sensors.py took 0.073 seconds
[2026-05-08T21:18:18.048+0000] {processor.py:186} INFO - Started process (PID=5940) to work on /home/airflow/.local/lib/python3.12/site-packages/airflow/example_dags/example_sensors.py
[2026-05-08T21:18:18.048+0000] {processor.py:914} INFO - Processing file /home/airflow/.local/lib/python3.12/site-packages/airflow/example_dags/example_sensors.py for tasks to queue
[2026-05-08T21:18:18.050+0000] {logging_mixin.py:190} INFO - [2026-05-08T21:18:18.049+0000] {dagbag.py:588} INFO - Filling up the DagBag from /home/airflow/.local/lib/python3.12/site-packages/airflow/example_dags/example_sensors.py
[2026-05-08T21:18:18.058+0000] {processor.py:925} INFO - DAG(s) 'example_sensors' retrieved from /home/airflow/.local/lib/python3.12/site-packages/airflow/example_dags/example_sensors.py
[2026-05-08T21:18:18.079+0000] {logging_mixin.py:190} INFO - [2026-05-08T21:18:18.079+0000] {dag.py:3239} INFO - Sync 1 DAGs
[2026-05-08T21:18:18.091+0000] {logging_mixin.py:190} INFO - [2026-05-08T21:18:18.091+0000] {dag.py:4180} INFO - Setting next_dagrun for example_sensors to None, run_after=None
[2026-05-08T21:18:18.106+0000] {processor.py:208} INFO - Processing /home/airflow/.local/lib/python3.12/site-packages/airflow/example_dags/example_sensors.py took 0.063 seconds
[2026-05-08T21:18:48.461+0000] {processor.py:186} INFO - Started process (PID=6004) to work on /home/airflow/.local/lib/python3.12/site-packages/airflow/example_dags/example_sensors.py
[2026-05-08T21:18:48.462+0000] {processor.py:914} INFO - Processing file /home/airflow/.local/lib/python3.12/site-packages/airflow/example_dags/example_sensors.py for tasks to queue
[2026-05-08T21:18:48.464+0000] {logging_mixin.py:190} INFO - [2026-05-08T21:18:48.464+0000] {dagbag.py:588} INFO - Filling up the DagBag from /home/airflow/.local/lib/python3.12/site-packages/airflow/example_dags/example_sensors.py
[2026-05-08T21:18:48.474+0000] {processor.py:925} INFO - DAG(s) 'example_sensors' retrieved from /home/airflow/.local/lib/python3.12/site-packages/airflow/example_dags/example_sensors.py
[2026-05-08T21:18:48.494+0000] {logging_mixin.py:190} INFO - [2026-05-08T21:18:48.494+0000] {dag.py:3239} INFO - Sync 1 DAGs
[2026-05-08T21:18:48.506+0000] {logging_mixin.py:190} INFO - [2026-05-08T21:18:48.506+0000] {dag.py:4180} INFO - Setting next_dagrun for example_sensors to None, run_after=None
[2026-05-08T21:18:48.520+0000] {processor.py:208} INFO - Processing /home/airflow/.local/lib/python3.12/site-packages/airflow/example_dags/example_sensors.py took 0.065 seconds
[2026-05-08T21:19:18.975+0000] {processor.py:186} INFO - Started process (PID=6068) to work on /home/airflow/.local/lib/python3.12/site-packages/airflow/example_dags/example_sensors.py
[2026-05-08T21:19:18.975+0000] {processor.py:914} INFO - Processing file /home/airflow/.local/lib/python3.12/site-packages/airflow/example_dags/example_sensors.py for tasks to queue
[2026-05-08T21:19:18.977+0000] {logging_mixin.py:190} INFO - [2026-05-08T21:19:18.977+0000] {dagbag.py:588} INFO - Filling up the DagBag from /home/airflow/.local/lib/python3.12/site-packages/airflow/example_dags/example_sensors.py
[2026-05-08T21:19:18.989+0000] {processor.py:925} INFO - DAG(s) 'example_sensors' retrieved from /home/airflow/.local/lib/python3.12/site-packages/airflow/example_dags/example_sensors.py
[2026-05-08T21:19:19.013+0000] {logging_mixin.py:190} INFO - [2026-05-08T21:19:19.013+0000] {dag.py:3239} INFO - Sync 1 DAGs
[2026-05-08T21:19:19.027+0000] {logging_mixin.py:190} INFO - [2026-05-08T21:19:19.027+0000] {dag.py:4180} INFO - Setting next_dagrun for example_sensors to None, run_after=None
[2026-05-08T21:19:19.042+0000] {processor.py:208} INFO - Processing /home/airflow/.local/lib/python3.12/site-packages/airflow/example_dags/example_sensors.py took 0.073 seconds
[2026-05-08T21:19:49.440+0000] {processor.py:186} INFO - Started process (PID=6132) to work on /home/airflow/.local/lib/python3.12/site-packages/airflow/example_dags/example_sensors.py
[2026-05-08T21:19:49.441+0000] {processor.py:914} INFO - Processing file /home/airflow/.local/lib/python3.12/site-packages/airflow/example_dags/example_sensors.py for tasks to queue
[2026-05-08T21:19:49.442+0000] {logging_mixin.py:190} INFO - [2026-05-08T21:19:49.442+0000] {dagbag.py:588} INFO - Filling up the DagBag from /home/airflow/.local/lib/python3.12/site-packages/airflow/example_dags/example_sensors.py
[2026-05-08T21:19:49.451+0000] {processor.py:925} INFO - DAG(s) 'example_sensors' retrieved from /home/airflow/.local/lib/python3.12/site-packages/airflow/example_dags/example_sensors.py
[2026-05-08T21:19:49.477+0000] {logging_mixin.py:190} INFO - [2026-05-08T21:19:49.477+0000] {dag.py:3239} INFO - Sync 1 DAGs
[2026-05-08T21:19:49.489+0000] {logging_mixin.py:190} INFO - [2026-05-08T21:19:49.489+0000] {dag.py:4180} INFO - Setting next_dagrun for example_sensors to None, run_after=None
[2026-05-08T21:19:49.503+0000] {processor.py:208} INFO - Processing /home/airflow/.local/lib/python3.12/site-packages/airflow/example_dags/example_sensors.py took 0.067 seconds
[2026-05-08T21:20:20.467+0000] {processor.py:186} INFO - Started process (PID=6196) to work on /home/airflow/.local/lib/python3.12/site-packages/airflow/example_dags/example_sensors.py
[2026-05-08T21:20:20.468+0000] {processor.py:914} INFO - Processing file /home/airflow/.local/lib/python3.12/site-packages/airflow/example_dags/example_sensors.py for tasks to queue
[2026-05-08T21:20:20.470+0000] {logging_mixin.py:190} INFO - [2026-05-08T21:20:20.470+0000] {dagbag.py:588} INFO - Filling up the DagBag from /home/airflow/.local/lib/python3.12/site-packages/airflow/example_dags/example_sensors.py
[2026-05-08T21:20:20.480+0000] {processor.py:925} INFO - DAG(s) 'example_sensors' retrieved from /home/airflow/.local/lib/python3.12/site-packages/airflow/example_dags/example_sensors.py
[2026-05-08T21:20:20.502+0000] {logging_mixin.py:190} INFO - [2026-05-08T21:20:20.502+0000] {dag.py:3239} INFO - Sync 1 DAGs
[2026-05-08T21:20:20.517+0000] {logging_mixin.py:190} INFO - [2026-05-08T21:20:20.517+0000] {dag.py:4180} INFO - Setting next_dagrun for example_sensors to None, run_after=None
[2026-05-08T21:20:20.535+0000] {processor.py:208} INFO - Processing /home/airflow/.local/lib/python3.12/site-packages/airflow/example_dags/example_sensors.py took 0.073 seconds
[2026-05-08T21:20:50.621+0000] {processor.py:186} INFO - Started process (PID=6260) to work on /home/airflow/.local/lib/python3.12/site-packages/airflow/example_dags/example_sensors.py
[2026-05-08T21:20:50.621+0000] {processor.py:914} INFO - Processing file /home/airflow/.local/lib/python3.12/site-packages/airflow/example_dags/example_sensors.py for tasks to queue
[2026-05-08T21:20:50.623+0000] {logging_mixin.py:190} INFO - [2026-05-08T21:20:50.623+0000] {dagbag.py:588} INFO - Filling up the DagBag from /home/airflow/.local/lib/python3.12/site-packages/airflow/example_dags/example_sensors.py
[2026-05-08T21:20:50.632+0000] {processor.py:925} INFO - DAG(s) 'example_sensors' retrieved from /home/airflow/.local/lib/python3.12/site-packages/airflow/example_dags/example_sensors.py
[2026-05-08T21:20:50.653+0000] {logging_mixin.py:190} INFO - [2026-05-08T21:20:50.653+0000] {dag.py:3239} INFO - Sync 1 DAGs
[2026-05-08T21:20:50.668+0000] {logging_mixin.py:190} INFO - [2026-05-08T21:20:50.668+0000] {dag.py:4180} INFO - Setting next_dagrun for example_sensors to None, run_after=None
[2026-05-08T21:20:50.683+0000] {processor.py:208} INFO - Processing /home/airflow/.local/lib/python3.12/site-packages/airflow/example_dags/example_sensors.py took 0.067 seconds
[2026-05-08T21:21:20.980+0000] {processor.py:186} INFO - Started process (PID=6324) to work on /home/airflow/.local/lib/python3.12/site-packages/airflow/example_dags/example_sensors.py
[2026-05-08T21:21:20.981+0000] {processor.py:914} INFO - Processing file /home/airflow/.local/lib/python3.12/site-packages/airflow/example_dags/example_sensors.py for tasks to queue
[2026-05-08T21:21:20.982+0000] {logging_mixin.py:190} INFO - [2026-05-08T21:21:20.982+0000] {dagbag.py:588} INFO - Filling up the DagBag from /home/airflow/.local/lib/python3.12/site-packages/airflow/example_dags/example_sensors.py
[2026-05-08T21:21:20.991+0000] {processor.py:925} INFO - DAG(s) 'example_sensors' retrieved from /home/airflow/.local/lib/python3.12/site-packages/airflow/example_dags/example_sensors.py
[2026-05-08T21:21:21.010+0000] {logging_mixin.py:190} INFO - [2026-05-08T21:21:21.010+0000] {dag.py:3239} INFO - Sync 1 DAGs
[2026-05-08T21:21:21.021+0000] {logging_mixin.py:190} INFO - [2026-05-08T21:21:21.021+0000] {dag.py:4180} INFO - Setting next_dagrun for example_sensors to None, run_after=None
[2026-05-08T21:21:21.034+0000] {processor.py:208} INFO - Processing /home/airflow/.local/lib/python3.12/site-packages/airflow/example_dags/example_sensors.py took 0.058 seconds
[2026-05-08T21:21:51.698+0000] {processor.py:186} INFO - Started process (PID=6388) to work on /home/airflow/.local/lib/python3.12/site-packages/airflow/example_dags/example_sensors.py
[2026-05-08T21:21:51.699+0000] {processor.py:914} INFO - Processing file /home/airflow/.local/lib/python3.12/site-packages/airflow/example_dags/example_sensors.py for tasks to queue
[2026-05-08T21:21:51.700+0000] {logging_mixin.py:190} INFO - [2026-05-08T21:21:51.700+0000] {dagbag.py:588} INFO - Filling up the DagBag from /home/airflow/.local/lib/python3.12/site-packages/airflow/example_dags/example_sensors.py
[2026-05-08T21:21:51.710+0000] {processor.py:925} INFO - DAG(s) 'example_sensors' retrieved from /home/airflow/.local/lib/python3.12/site-packages/airflow/example_dags/example_sensors.py
[2026-05-08T21:21:51.733+0000] {logging_mixin.py:190} INFO - [2026-05-08T21:21:51.733+0000] {dag.py:3239} INFO - Sync 1 DAGs
[2026-05-08T21:21:51.745+0000] {logging_mixin.py:190} INFO - [2026-05-08T21:21:51.744+0000] {dag.py:4180} INFO - Setting next_dagrun for example_sensors to None, run_after=None
[2026-05-08T21:21:51.759+0000] {processor.py:208} INFO - Processing /home/airflow/.local/lib/python3.12/site-packages/airflow/example_dags/example_sensors.py took 0.065 seconds
[2026-05-08T21:22:21.889+0000] {processor.py:186} INFO - Started process (PID=6452) to work on /home/airflow/.local/lib/python3.12/site-packages/airflow/example_dags/example_sensors.py
[2026-05-08T21:22:21.890+0000] {processor.py:914} INFO - Processing file /home/airflow/.local/lib/python3.12/site-packages/airflow/example_dags/example_sensors.py for tasks to queue
[2026-05-08T21:22:21.892+0000] {logging_mixin.py:190} INFO - [2026-05-08T21:22:21.892+0000] {dagbag.py:588} INFO - Filling up the DagBag from /home/airflow/.local/lib/python3.12/site-packages/airflow/example_dags/example_sensors.py
[2026-05-08T21:22:21.904+0000] {processor.py:925} INFO - DAG(s) 'example_sensors' retrieved from /home/airflow/.local/lib/python3.12/site-packages/airflow/example_dags/example_sensors.py
[2026-05-08T21:22:21.932+0000] {logging_mixin.py:190} INFO - [2026-05-08T21:22:21.932+0000] {dag.py:3239} INFO - Sync 1 DAGs
[2026-05-08T21:22:21.945+0000] {logging_mixin.py:190} INFO - [2026-05-08T21:22:21.945+0000] {dag.py:4180} INFO - Setting next_dagrun for example_sensors to None, run_after=None
[2026-05-08T21:22:21.960+0000] {processor.py:208} INFO - Processing /home/airflow/.local/lib/python3.12/site-packages/airflow/example_dags/example_sensors.py took 0.075 seconds
[2026-05-08T21:22:52.610+0000] {processor.py:186} INFO - Started process (PID=6516) to work on /home/airflow/.local/lib/python3.12/site-packages/airflow/example_dags/example_sensors.py
[2026-05-08T21:22:52.611+0000] {processor.py:914} INFO - Processing file /home/airflow/.local/lib/python3.12/site-packages/airflow/example_dags/example_sensors.py for tasks to queue
[2026-05-08T21:22:52.614+0000] {logging_mixin.py:190} INFO - [2026-05-08T21:22:52.613+0000] {dagbag.py:588} INFO - Filling up the DagBag from /home/airflow/.local/lib/python3.12/site-packages/airflow/example_dags/example_sensors.py
[2026-05-08T21:22:52.626+0000] {processor.py:925} INFO - DAG(s) 'example_sensors' retrieved from /home/airflow/.local/lib/python3.12/site-packages/airflow/example_dags/example_sensors.py
[2026-05-08T21:22:52.647+0000] {logging_mixin.py:190} INFO - [2026-05-08T21:22:52.646+0000] {dag.py:3239} INFO - Sync 1 DAGs
[2026-05-08T21:22:52.659+0000] {logging_mixin.py:190} INFO - [2026-05-08T21:22:52.659+0000] {dag.py:4180} INFO - Setting next_dagrun for example_sensors to None, run_after=None
[2026-05-08T21:22:52.674+0000] {processor.py:208} INFO - Processing /home/airflow/.local/lib/python3.12/site-packages/airflow/example_dags/example_sensors.py took 0.071 seconds
[2026-05-08T21:23:23.431+0000] {processor.py:186} INFO - Started process (PID=6580) to work on /home/airflow/.local/lib/python3.12/site-packages/airflow/example_dags/example_sensors.py
[2026-05-08T21:23:23.431+0000] {processor.py:914} INFO - Processing file /home/airflow/.local/lib/python3.12/site-packages/airflow/example_dags/example_sensors.py for tasks to queue
[2026-05-08T21:23:23.433+0000] {logging_mixin.py:190} INFO - [2026-05-08T21:23:23.433+0000] {dagbag.py:588} INFO - Filling up the DagBag from /home/airflow/.local/lib/python3.12/site-packages/airflow/example_dags/example_sensors.py
[2026-05-08T21:23:23.443+0000] {processor.py:925} INFO - DAG(s) 'example_sensors' retrieved from /home/airflow/.local/lib/python3.12/site-packages/airflow/example_dags/example_sensors.py
[2026-05-08T21:23:23.473+0000] {logging_mixin.py:190} INFO - [2026-05-08T21:23:23.472+0000] {dag.py:3239} INFO - Sync 1 DAGs
[2026-05-08T21:23:23.485+0000] {logging_mixin.py:190} INFO - [2026-05-08T21:23:23.484+0000] {dag.py:4180} INFO - Setting next_dagrun for example_sensors to None, run_after=None
[2026-05-08T21:23:23.499+0000] {processor.py:208} INFO - Processing /home/airflow/.local/lib/python3.12/site-packages/airflow/example_dags/example_sensors.py took 0.073 seconds
[2026-05-08T21:23:53.884+0000] {processor.py:186} INFO - Started process (PID=6644) to work on /home/airflow/.local/lib/python3.12/site-packages/airflow/example_dags/example_sensors.py
[2026-05-08T21:23:53.885+0000] {processor.py:914} INFO - Processing file /home/airflow/.local/lib/python3.12/site-packages/airflow/example_dags/example_sensors.py for tasks to queue
[2026-05-08T21:23:53.886+0000] {logging_mixin.py:190} INFO - [2026-05-08T21:23:53.886+0000] {dagbag.py:588} INFO - Filling up the DagBag from /home/airflow/.local/lib/python3.12/site-packages/airflow/example_dags/example_sensors.py
[2026-05-08T21:23:53.897+0000] {processor.py:925} INFO - DAG(s) 'example_sensors' retrieved from /home/airflow/.local/lib/python3.12/site-packages/airflow/example_dags/example_sensors.py
[2026-05-08T21:23:53.919+0000] {logging_mixin.py:190} INFO - [2026-05-08T21:23:53.919+0000] {dag.py:3239} INFO - Sync 1 DAGs
[2026-05-08T21:23:53.932+0000] {logging_mixin.py:190} INFO - [2026-05-08T21:23:53.931+0000] {dag.py:4180} INFO - Setting next_dagrun for example_sensors to None, run_after=None
[2026-05-08T21:23:53.946+0000] {processor.py:208} INFO - Processing /home/airflow/.local/lib/python3.12/site-packages/airflow/example_dags/example_sensors.py took 0.067 seconds
[2026-05-08T21:24:24.279+0000] {processor.py:186} INFO - Started process (PID=6708) to work on /home/airflow/.local/lib/python3.12/site-packages/airflow/example_dags/example_sensors.py
[2026-05-08T21:24:24.283+0000] {processor.py:914} INFO - Processing file /home/airflow/.local/lib/python3.12/site-packages/airflow/example_dags/example_sensors.py for tasks to queue
[2026-05-08T21:24:24.292+0000] {logging_mixin.py:190} INFO - [2026-05-08T21:24:24.291+0000] {dagbag.py:588} INFO - Filling up the DagBag from /home/airflow/.local/lib/python3.12/site-packages/airflow/example_dags/example_sensors.py
[2026-05-08T21:24:24.324+0000] {processor.py:925} INFO - DAG(s) 'example_sensors' retrieved from /home/airflow/.local/lib/python3.12/site-packages/airflow/example_dags/example_sensors.py
[2026-05-08T21:24:24.387+0000] {logging_mixin.py:190} INFO - [2026-05-08T21:24:24.387+0000] {dag.py:3239} INFO - Sync 1 DAGs
[2026-05-08T21:24:24.423+0000] {logging_mixin.py:190} INFO - [2026-05-08T21:24:24.423+0000] {dag.py:4180} INFO - Setting next_dagrun for example_sensors to None, run_after=None
[2026-05-08T21:24:24.447+0000] {processor.py:208} INFO - Processing /home/airflow/.local/lib/python3.12/site-packages/airflow/example_dags/example_sensors.py took 0.181 seconds
[2026-05-08T21:24:55.156+0000] {processor.py:186} INFO - Started process (PID=6772) to work on /home/airflow/.local/lib/python3.12/site-packages/airflow/example_dags/example_sensors.py
[2026-05-08T21:24:55.157+0000] {processor.py:914} INFO - Processing file /home/airflow/.local/lib/python3.12/site-packages/airflow/example_dags/example_sensors.py for tasks to queue
[2026-05-08T21:24:55.159+0000] {logging_mixin.py:190} INFO - [2026-05-08T21:24:55.159+0000] {dagbag.py:588} INFO - Filling up the DagBag from /home/airflow/.local/lib/python3.12/site-packages/airflow/example_dags/example_sensors.py
[2026-05-08T21:24:55.168+0000] {processor.py:925} INFO - DAG(s) 'example_sensors' retrieved from /home/airflow/.local/lib/python3.12/site-packages/airflow/example_dags/example_sensors.py
[2026-05-08T21:24:55.194+0000] {logging_mixin.py:190} INFO - [2026-05-08T21:24:55.194+0000] {dag.py:3239} INFO - Sync 1 DAGs
[2026-05-08T21:24:55.208+0000] {logging_mixin.py:190} INFO - [2026-05-08T21:24:55.208+0000] {dag.py:4180} INFO - Setting next_dagrun for example_sensors to None, run_after=None
[2026-05-08T21:24:55.224+0000] {processor.py:208} INFO - Processing /home/airflow/.local/lib/python3.12/site-packages/airflow/example_dags/example_sensors.py took 0.072 seconds
[2026-05-08T21:25:25.765+0000] {processor.py:186} INFO - Started process (PID=6836) to work on /home/airflow/.local/lib/python3.12/site-packages/airflow/example_dags/example_sensors.py
[2026-05-08T21:25:25.766+0000] {processor.py:914} INFO - Processing file /home/airflow/.local/lib/python3.12/site-packages/airflow/example_dags/example_sensors.py for tasks to queue
[2026-05-08T21:25:25.768+0000] {logging_mixin.py:190} INFO - [2026-05-08T21:25:25.768+0000] {dagbag.py:588} INFO - Filling up the DagBag from /home/airflow/.local/lib/python3.12/site-packages/airflow/example_dags/example_sensors.py
[2026-05-08T21:25:25.781+0000] {processor.py:925} INFO - DAG(s) 'example_sensors' retrieved from /home/airflow/.local/lib/python3.12/site-packages/airflow/example_dags/example_sensors.py
[2026-05-08T21:25:25.815+0000] {logging_mixin.py:190} INFO - [2026-05-08T21:25:25.814+0000] {dag.py:3239} INFO - Sync 1 DAGs
[2026-05-08T21:25:25.833+0000] {logging_mixin.py:190} INFO - [2026-05-08T21:25:25.833+0000] {dag.py:4180} INFO - Setting next_dagrun for example_sensors to None, run_after=None
[2026-05-08T21:25:25.856+0000] {processor.py:208} INFO - Processing /home/airflow/.local/lib/python3.12/site-packages/airflow/example_dags/example_sensors.py took 0.102 seconds
[2026-05-08T21:25:56.427+0000] {processor.py:186} INFO - Started process (PID=6900) to work on /home/airflow/.local/lib/python3.12/site-packages/airflow/example_dags/example_sensors.py
[2026-05-08T21:25:56.428+0000] {processor.py:914} INFO - Processing file /home/airflow/.local/lib/python3.12/site-packages/airflow/example_dags/example_sensors.py for tasks to queue
[2026-05-08T21:25:56.429+0000] {logging_mixin.py:190} INFO - [2026-05-08T21:25:56.429+0000] {dagbag.py:588} INFO - Filling up the DagBag from /home/airflow/.local/lib/python3.12/site-packages/airflow/example_dags/example_sensors.py
[2026-05-08T21:25:56.439+0000] {processor.py:925} INFO - DAG(s) 'example_sensors' retrieved from /home/airflow/.local/lib/python3.12/site-packages/airflow/example_dags/example_sensors.py
[2026-05-08T21:25:56.464+0000] {logging_mixin.py:190} INFO - [2026-05-08T21:25:56.464+0000] {dag.py:3239} INFO - Sync 1 DAGs
[2026-05-08T21:25:56.482+0000] {logging_mixin.py:190} INFO - [2026-05-08T21:25:56.481+0000] {dag.py:4180} INFO - Setting next_dagrun for example_sensors to None, run_after=None
[2026-05-08T21:25:56.522+0000] {processor.py:208} INFO - Processing /home/airflow/.local/lib/python3.12/site-packages/airflow/example_dags/example_sensors.py took 0.100 seconds
[2026-05-08T21:26:26.970+0000] {processor.py:186} INFO - Started process (PID=6964) to work on /home/airflow/.local/lib/python3.12/site-packages/airflow/example_dags/example_sensors.py
[2026-05-08T21:26:26.971+0000] {processor.py:914} INFO - Processing file /home/airflow/.local/lib/python3.12/site-packages/airflow/example_dags/example_sensors.py for tasks to queue
[2026-05-08T21:26:26.973+0000] {logging_mixin.py:190} INFO - [2026-05-08T21:26:26.972+0000] {dagbag.py:588} INFO - Filling up the DagBag from /home/airflow/.local/lib/python3.12/site-packages/airflow/example_dags/example_sensors.py
[2026-05-08T21:26:26.984+0000] {processor.py:925} INFO - DAG(s) 'example_sensors' retrieved from /home/airflow/.local/lib/python3.12/site-packages/airflow/example_dags/example_sensors.py
[2026-05-08T21:26:27.006+0000] {logging_mixin.py:190} INFO - [2026-05-08T21:26:27.006+0000] {dag.py:3239} INFO - Sync 1 DAGs
[2026-05-08T21:26:27.023+0000] {logging_mixin.py:190} INFO - [2026-05-08T21:26:27.023+0000] {dag.py:4180} INFO - Setting next_dagrun for example_sensors to None, run_after=None
[2026-05-08T21:26:27.039+0000] {processor.py:208} INFO - Processing /home/airflow/.local/lib/python3.12/site-packages/airflow/example_dags/example_sensors.py took 0.077 seconds
[2026-05-08T21:26:57.321+0000] {processor.py:186} INFO - Started process (PID=7028) to work on /home/airflow/.local/lib/python3.12/site-packages/airflow/example_dags/example_sensors.py
[2026-05-08T21:26:57.321+0000] {processor.py:914} INFO - Processing file /home/airflow/.local/lib/python3.12/site-packages/airflow/example_dags/example_sensors.py for tasks to queue
[2026-05-08T21:26:57.323+0000] {logging_mixin.py:190} INFO - [2026-05-08T21:26:57.323+0000] {dagbag.py:588} INFO - Filling up the DagBag from /home/airflow/.local/lib/python3.12/site-packages/airflow/example_dags/example_sensors.py
[2026-05-08T21:26:57.332+0000] {processor.py:925} INFO - DAG(s) 'example_sensors' retrieved from /home/airflow/.local/lib/python3.12/site-packages/airflow/example_dags/example_sensors.py
[2026-05-08T21:26:57.361+0000] {logging_mixin.py:190} INFO - [2026-05-08T21:26:57.361+0000] {dag.py:3239} INFO - Sync 1 DAGs
[2026-05-08T21:26:57.377+0000] {logging_mixin.py:190} INFO - [2026-05-08T21:26:57.376+0000] {dag.py:4180} INFO - Setting next_dagrun for example_sensors to None, run_after=None
[2026-05-08T21:26:57.393+0000] {processor.py:208} INFO - Processing /home/airflow/.local/lib/python3.12/site-packages/airflow/example_dags/example_sensors.py took 0.077 seconds
[2026-05-08T21:27:28.386+0000] {processor.py:186} INFO - Started process (PID=7092) to work on /home/airflow/.local/lib/python3.12/site-packages/airflow/example_dags/example_sensors.py
[2026-05-08T21:27:28.387+0000] {processor.py:914} INFO - Processing file /home/airflow/.local/lib/python3.12/site-packages/airflow/example_dags/example_sensors.py for tasks to queue
[2026-05-08T21:27:28.388+0000] {logging_mixin.py:190} INFO - [2026-05-08T21:27:28.388+0000] {dagbag.py:588} INFO - Filling up the DagBag from /home/airflow/.local/lib/python3.12/site-packages/airflow/example_dags/example_sensors.py
[2026-05-08T21:27:28.397+0000] {processor.py:925} INFO - DAG(s) 'example_sensors' retrieved from /home/airflow/.local/lib/python3.12/site-packages/airflow/example_dags/example_sensors.py
[2026-05-08T21:27:28.422+0000] {logging_mixin.py:190} INFO - [2026-05-08T21:27:28.421+0000] {dag.py:3239} INFO - Sync 1 DAGs
[2026-05-08T21:27:28.435+0000] {logging_mixin.py:190} INFO - [2026-05-08T21:27:28.435+0000] {dag.py:4180} INFO - Setting next_dagrun for example_sensors to None, run_after=None
[2026-05-08T21:27:28.448+0000] {processor.py:208} INFO - Processing /home/airflow/.local/lib/python3.12/site-packages/airflow/example_dags/example_sensors.py took 0.067 seconds
[2026-05-08T21:27:58.999+0000] {processor.py:186} INFO - Started process (PID=7155) to work on /home/airflow/.local/lib/python3.12/site-packages/airflow/example_dags/example_sensors.py
[2026-05-08T21:27:59.000+0000] {processor.py:914} INFO - Processing file /home/airflow/.local/lib/python3.12/site-packages/airflow/example_dags/example_sensors.py for tasks to queue
[2026-05-08T21:27:59.002+0000] {logging_mixin.py:190} INFO - [2026-05-08T21:27:59.002+0000] {dagbag.py:588} INFO - Filling up the DagBag from /home/airflow/.local/lib/python3.12/site-packages/airflow/example_dags/example_sensors.py
[2026-05-08T21:27:59.013+0000] {processor.py:925} INFO - DAG(s) 'example_sensors' retrieved from /home/airflow/.local/lib/python3.12/site-packages/airflow/example_dags/example_sensors.py
[2026-05-08T21:27:59.035+0000] {logging_mixin.py:190} INFO - [2026-05-08T21:27:59.035+0000] {dag.py:3239} INFO - Sync 1 DAGs
[2026-05-08T21:27:59.046+0000] {logging_mixin.py:190} INFO - [2026-05-08T21:27:59.046+0000] {dag.py:4180} INFO - Setting next_dagrun for example_sensors to None, run_after=None
[2026-05-08T21:27:59.060+0000] {processor.py:208} INFO - Processing /home/airflow/.local/lib/python3.12/site-packages/airflow/example_dags/example_sensors.py took 0.067 seconds
[2026-05-08T21:28:29.147+0000] {processor.py:186} INFO - Started process (PID=7219) to work on /home/airflow/.local/lib/python3.12/site-packages/airflow/example_dags/example_sensors.py
[2026-05-08T21:28:29.148+0000] {processor.py:914} INFO - Processing file /home/airflow/.local/lib/python3.12/site-packages/airflow/example_dags/example_sensors.py for tasks to queue
[2026-05-08T21:28:29.149+0000] {logging_mixin.py:190} INFO - [2026-05-08T21:28:29.149+0000] {dagbag.py:588} INFO - Filling up the DagBag from /home/airflow/.local/lib/python3.12/site-packages/airflow/example_dags/example_sensors.py
[2026-05-08T21:28:29.158+0000] {processor.py:925} INFO - DAG(s) 'example_sensors' retrieved from /home/airflow/.local/lib/python3.12/site-packages/airflow/example_dags/example_sensors.py
[2026-05-08T21:28:29.181+0000] {logging_mixin.py:190} INFO - [2026-05-08T21:28:29.180+0000] {dag.py:3239} INFO - Sync 1 DAGs
[2026-05-08T21:28:29.193+0000] {logging_mixin.py:190} INFO - [2026-05-08T21:28:29.193+0000] {dag.py:4180} INFO - Setting next_dagrun for example_sensors to None, run_after=None
[2026-05-08T21:28:29.208+0000] {processor.py:208} INFO - Processing /home/airflow/.local/lib/python3.12/site-packages/airflow/example_dags/example_sensors.py took 0.066 seconds
[2026-05-08T21:28:59.844+0000] {processor.py:186} INFO - Started process (PID=7283) to work on /home/airflow/.local/lib/python3.12/site-packages/airflow/example_dags/example_sensors.py
[2026-05-08T21:28:59.845+0000] {processor.py:914} INFO - Processing file /home/airflow/.local/lib/python3.12/site-packages/airflow/example_dags/example_sensors.py for tasks to queue
[2026-05-08T21:28:59.846+0000] {logging_mixin.py:190} INFO - [2026-05-08T21:28:59.846+0000] {dagbag.py:588} INFO - Filling up the DagBag from /home/airflow/.local/lib/python3.12/site-packages/airflow/example_dags/example_sensors.py
[2026-05-08T21:28:59.857+0000] {processor.py:925} INFO - DAG(s) 'example_sensors' retrieved from /home/airflow/.local/lib/python3.12/site-packages/airflow/example_dags/example_sensors.py
[2026-05-08T21:28:59.881+0000] {logging_mixin.py:190} INFO - [2026-05-08T21:28:59.881+0000] {dag.py:3239} INFO - Sync 1 DAGs
[2026-05-08T21:28:59.893+0000] {logging_mixin.py:190} INFO - [2026-05-08T21:28:59.893+0000] {dag.py:4180} INFO - Setting next_dagrun for example_sensors to None, run_after=None
[2026-05-08T21:28:59.910+0000] {processor.py:208} INFO - Processing /home/airflow/.local/lib/python3.12/site-packages/airflow/example_dags/example_sensors.py took 0.071 seconds
[2026-05-08T21:29:30.241+0000] {processor.py:186} INFO - Started process (PID=7347) to work on /home/airflow/.local/lib/python3.12/site-packages/airflow/example_dags/example_sensors.py
[2026-05-08T21:29:30.242+0000] {processor.py:914} INFO - Processing file /home/airflow/.local/lib/python3.12/site-packages/airflow/example_dags/example_sensors.py for tasks to queue
[2026-05-08T21:29:30.244+0000] {logging_mixin.py:190} INFO - [2026-05-08T21:29:30.243+0000] {dagbag.py:588} INFO - Filling up the DagBag from /home/airflow/.local/lib/python3.12/site-packages/airflow/example_dags/example_sensors.py
[2026-05-08T21:29:30.255+0000] {processor.py:925} INFO - DAG(s) 'example_sensors' retrieved from /home/airflow/.local/lib/python3.12/site-packages/airflow/example_dags/example_sensors.py
[2026-05-08T21:29:30.281+0000] {logging_mixin.py:190} INFO - [2026-05-08T21:29:30.281+0000] {dag.py:3239} INFO - Sync 1 DAGs
[2026-05-08T21:29:30.296+0000] {logging_mixin.py:190} INFO - [2026-05-08T21:29:30.296+0000] {dag.py:4180} INFO - Setting next_dagrun for example_sensors to None, run_after=None
[2026-05-08T21:29:30.313+0000] {processor.py:208} INFO - Processing /home/airflow/.local/lib/python3.12/site-packages/airflow/example_dags/example_sensors.py took 0.076 seconds
[2026-05-08T21:30:00.546+0000] {processor.py:186} INFO - Started process (PID=7411) to work on /home/airflow/.local/lib/python3.12/site-packages/airflow/example_dags/example_sensors.py
[2026-05-08T21:30:00.546+0000] {processor.py:914} INFO - Processing file /home/airflow/.local/lib/python3.12/site-packages/airflow/example_dags/example_sensors.py for tasks to queue
[2026-05-08T21:30:00.548+0000] {logging_mixin.py:190} INFO - [2026-05-08T21:30:00.548+0000] {dagbag.py:588} INFO - Filling up the DagBag from /home/airflow/.local/lib/python3.12/site-packages/airflow/example_dags/example_sensors.py
[2026-05-08T21:30:00.558+0000] {processor.py:925} INFO - DAG(s) 'example_sensors' retrieved from /home/airflow/.local/lib/python3.12/site-packages/airflow/example_dags/example_sensors.py
[2026-05-08T21:30:00.583+0000] {logging_mixin.py:190} INFO - [2026-05-08T21:30:00.583+0000] {dag.py:3239} INFO - Sync 1 DAGs
[2026-05-08T21:30:00.595+0000] {logging_mixin.py:190} INFO - [2026-05-08T21:30:00.595+0000] {dag.py:4180} INFO - Setting next_dagrun for example_sensors to None, run_after=None
[2026-05-08T21:30:00.611+0000] {processor.py:208} INFO - Processing /home/airflow/.local/lib/python3.12/site-packages/airflow/example_dags/example_sensors.py took 0.070 seconds
[2026-05-08T21:30:30.787+0000] {processor.py:186} INFO - Started process (PID=7475) to work on /home/airflow/.local/lib/python3.12/site-packages/airflow/example_dags/example_sensors.py
[2026-05-08T21:30:30.788+0000] {processor.py:914} INFO - Processing file /home/airflow/.local/lib/python3.12/site-packages/airflow/example_dags/example_sensors.py for tasks to queue
[2026-05-08T21:30:30.790+0000] {logging_mixin.py:190} INFO - [2026-05-08T21:30:30.789+0000] {dagbag.py:588} INFO - Filling up the DagBag from /home/airflow/.local/lib/python3.12/site-packages/airflow/example_dags/example_sensors.py
[2026-05-08T21:30:30.799+0000] {processor.py:925} INFO - DAG(s) 'example_sensors' retrieved from /home/airflow/.local/lib/python3.12/site-packages/airflow/example_dags/example_sensors.py
[2026-05-08T21:30:30.826+0000] {logging_mixin.py:190} INFO - [2026-05-08T21:30:30.825+0000] {dag.py:3239} INFO - Sync 1 DAGs
[2026-05-08T21:30:30.840+0000] {logging_mixin.py:190} INFO - [2026-05-08T21:30:30.840+0000] {dag.py:4180} INFO - Setting next_dagrun for example_sensors to None, run_after=None
[2026-05-08T21:30:30.856+0000] {processor.py:208} INFO - Processing /home/airflow/.local/lib/python3.12/site-packages/airflow/example_dags/example_sensors.py took 0.073 seconds
[2026-05-08T21:31:00.909+0000] {processor.py:186} INFO - Started process (PID=7539) to work on /home/airflow/.local/lib/python3.12/site-packages/airflow/example_dags/example_sensors.py
[2026-05-08T21:31:00.910+0000] {processor.py:914} INFO - Processing file /home/airflow/.local/lib/python3.12/site-packages/airflow/example_dags/example_sensors.py for tasks to queue
[2026-05-08T21:31:00.912+0000] {logging_mixin.py:190} INFO - [2026-05-08T21:31:00.912+0000] {dagbag.py:588} INFO - Filling up the DagBag from /home/airflow/.local/lib/python3.12/site-packages/airflow/example_dags/example_sensors.py
[2026-05-08T21:31:00.921+0000] {processor.py:925} INFO - DAG(s) 'example_sensors' retrieved from /home/airflow/.local/lib/python3.12/site-packages/airflow/example_dags/example_sensors.py
[2026-05-08T21:31:00.945+0000] {logging_mixin.py:190} INFO - [2026-05-08T21:31:00.945+0000] {dag.py:3239} INFO - Sync 1 DAGs
[2026-05-08T21:31:00.962+0000] {logging_mixin.py:190} INFO - [2026-05-08T21:31:00.961+0000] {dag.py:4180} INFO - Setting next_dagrun for example_sensors to None, run_after=None
[2026-05-08T21:31:00.978+0000] {processor.py:208} INFO - Processing /home/airflow/.local/lib/python3.12/site-packages/airflow/example_dags/example_sensors.py took 0.075 seconds
[2026-05-08T21:31:31.217+0000] {processor.py:186} INFO - Started process (PID=7603) to work on /home/airflow/.local/lib/python3.12/site-packages/airflow/example_dags/example_sensors.py
[2026-05-08T21:31:31.218+0000] {processor.py:914} INFO - Processing file /home/airflow/.local/lib/python3.12/site-packages/airflow/example_dags/example_sensors.py for tasks to queue
[2026-05-08T21:31:31.220+0000] {logging_mixin.py:190} INFO - [2026-05-08T21:31:31.220+0000] {dagbag.py:588} INFO - Filling up the DagBag from /home/airflow/.local/lib/python3.12/site-packages/airflow/example_dags/example_sensors.py
[2026-05-08T21:31:31.233+0000] {processor.py:925} INFO - DAG(s) 'example_sensors' retrieved from /home/airflow/.local/lib/python3.12/site-packages/airflow/example_dags/example_sensors.py
[2026-05-08T21:31:31.263+0000] {logging_mixin.py:190} INFO - [2026-05-08T21:31:31.263+0000] {dag.py:3239} INFO - Sync 1 DAGs
[2026-05-08T21:31:31.279+0000] {logging_mixin.py:190} INFO - [2026-05-08T21:31:31.279+0000] {dag.py:4180} INFO - Setting next_dagrun for example_sensors to None, run_after=None
[2026-05-08T21:31:31.294+0000] {processor.py:208} INFO - Processing /home/airflow/.local/lib/python3.12/site-packages/airflow/example_dags/example_sensors.py took 0.081 seconds
[2026-05-08T21:32:01.890+0000] {processor.py:186} INFO - Started process (PID=7667) to work on /home/airflow/.local/lib/python3.12/site-packages/airflow/example_dags/example_sensors.py
[2026-05-08T21:32:01.891+0000] {processor.py:914} INFO - Processing file /home/airflow/.local/lib/python3.12/site-packages/airflow/example_dags/example_sensors.py for tasks to queue
[2026-05-08T21:32:01.893+0000] {logging_mixin.py:190} INFO - [2026-05-08T21:32:01.892+0000] {dagbag.py:588} INFO - Filling up the DagBag from /home/airflow/.local/lib/python3.12/site-packages/airflow/example_dags/example_sensors.py
[2026-05-08T21:32:01.904+0000] {processor.py:925} INFO - DAG(s) 'example_sensors' retrieved from /home/airflow/.local/lib/python3.12/site-packages/airflow/example_dags/example_sensors.py
[2026-05-08T21:32:01.931+0000] {logging_mixin.py:190} INFO - [2026-05-08T21:32:01.931+0000] {dag.py:3239} INFO - Sync 1 DAGs
[2026-05-08T21:32:01.949+0000] {logging_mixin.py:190} INFO - [2026-05-08T21:32:01.949+0000] {dag.py:4180} INFO - Setting next_dagrun for example_sensors to None, run_after=None
[2026-05-08T21:32:01.968+0000] {processor.py:208} INFO - Processing /home/airflow/.local/lib/python3.12/site-packages/airflow/example_dags/example_sensors.py took 0.082 seconds
[2026-05-08T21:32:32.171+0000] {processor.py:186} INFO - Started process (PID=7731) to work on /home/airflow/.local/lib/python3.12/site-packages/airflow/example_dags/example_sensors.py
[2026-05-08T21:32:32.172+0000] {processor.py:914} INFO - Processing file /home/airflow/.local/lib/python3.12/site-packages/airflow/example_dags/example_sensors.py for tasks to queue
[2026-05-08T21:32:32.173+0000] {logging_mixin.py:190} INFO - [2026-05-08T21:32:32.173+0000] {dagbag.py:588} INFO - Filling up the DagBag from /home/airflow/.local/lib/python3.12/site-packages/airflow/example_dags/example_sensors.py
[2026-05-08T21:32:32.184+0000] {processor.py:925} INFO - DAG(s) 'example_sensors' retrieved from /home/airflow/.local/lib/python3.12/site-packages/airflow/example_dags/example_sensors.py
[2026-05-08T21:32:32.211+0000] {logging_mixin.py:190} INFO - [2026-05-08T21:32:32.210+0000] {dag.py:3239} INFO - Sync 1 DAGs
[2026-05-08T21:32:32.223+0000] {logging_mixin.py:190} INFO - [2026-05-08T21:32:32.223+0000] {dag.py:4180} INFO - Setting next_dagrun for example_sensors to None, run_after=None
[2026-05-08T21:32:32.238+0000] {processor.py:208} INFO - Processing /home/airflow/.local/lib/python3.12/site-packages/airflow/example_dags/example_sensors.py took 0.072 seconds
[2026-05-08T21:33:02.697+0000] {processor.py:186} INFO - Started process (PID=7795) to work on /home/airflow/.local/lib/python3.12/site-packages/airflow/example_dags/example_sensors.py
[2026-05-08T21:33:02.698+0000] {processor.py:914} INFO - Processing file /home/airflow/.local/lib/python3.12/site-packages/airflow/example_dags/example_sensors.py for tasks to queue
[2026-05-08T21:33:02.699+0000] {logging_mixin.py:190} INFO - [2026-05-08T21:33:02.699+0000] {dagbag.py:588} INFO - Filling up the DagBag from /home/airflow/.local/lib/python3.12/site-packages/airflow/example_dags/example_sensors.py
[2026-05-08T21:33:02.711+0000] {processor.py:925} INFO - DAG(s) 'example_sensors' retrieved from /home/airflow/.local/lib/python3.12/site-packages/airflow/example_dags/example_sensors.py
[2026-05-08T21:33:02.731+0000] {logging_mixin.py:190} INFO - [2026-05-08T21:33:02.731+0000] {dag.py:3239} INFO - Sync 1 DAGs
[2026-05-08T21:33:02.742+0000] {logging_mixin.py:190} INFO - [2026-05-08T21:33:02.742+0000] {dag.py:4180} INFO - Setting next_dagrun for example_sensors to None, run_after=None
[2026-05-08T21:33:02.757+0000] {processor.py:208} INFO - Processing /home/airflow/.local/lib/python3.12/site-packages/airflow/example_dags/example_sensors.py took 0.064 seconds
[2026-05-08T21:33:34.349+0000] {processor.py:186} INFO - Started process (PID=7859) to work on /home/airflow/.local/lib/python3.12/site-packages/airflow/example_dags/example_sensors.py
[2026-05-08T21:33:34.350+0000] {processor.py:914} INFO - Processing file /home/airflow/.local/lib/python3.12/site-packages/airflow/example_dags/example_sensors.py for tasks to queue
[2026-05-08T21:33:34.351+0000] {logging_mixin.py:190} INFO - [2026-05-08T21:33:34.351+0000] {dagbag.py:588} INFO - Filling up the DagBag from /home/airflow/.local/lib/python3.12/site-packages/airflow/example_dags/example_sensors.py
[2026-05-08T21:33:34.361+0000] {processor.py:925} INFO - DAG(s) 'example_sensors' retrieved from /home/airflow/.local/lib/python3.12/site-packages/airflow/example_dags/example_sensors.py
[2026-05-08T21:33:34.385+0000] {logging_mixin.py:190} INFO - [2026-05-08T21:33:34.385+0000] {dag.py:3239} INFO - Sync 1 DAGs
[2026-05-08T21:33:34.398+0000] {logging_mixin.py:190} INFO - [2026-05-08T21:33:34.398+0000] {dag.py:4180} INFO - Setting next_dagrun for example_sensors to None, run_after=None
[2026-05-08T21:33:34.412+0000] {processor.py:208} INFO - Processing /home/airflow/.local/lib/python3.12/site-packages/airflow/example_dags/example_sensors.py took 0.068 seconds
[2026-05-08T21:34:05.696+0000] {processor.py:186} INFO - Started process (PID=7922) to work on /home/airflow/.local/lib/python3.12/site-packages/airflow/example_dags/example_sensors.py
[2026-05-08T21:34:05.697+0000] {processor.py:914} INFO - Processing file /home/airflow/.local/lib/python3.12/site-packages/airflow/example_dags/example_sensors.py for tasks to queue
[2026-05-08T21:34:05.699+0000] {logging_mixin.py:190} INFO - [2026-05-08T21:34:05.699+0000] {dagbag.py:588} INFO - Filling up the DagBag from /home/airflow/.local/lib/python3.12/site-packages/airflow/example_dags/example_sensors.py
[2026-05-08T21:34:05.708+0000] {processor.py:925} INFO - DAG(s) 'example_sensors' retrieved from /home/airflow/.local/lib/python3.12/site-packages/airflow/example_dags/example_sensors.py
[2026-05-08T21:34:05.733+0000] {logging_mixin.py:190} INFO - [2026-05-08T21:34:05.733+0000] {dag.py:3239} INFO - Sync 1 DAGs
[2026-05-08T21:34:05.744+0000] {logging_mixin.py:190} INFO - [2026-05-08T21:34:05.744+0000] {dag.py:4180} INFO - Setting next_dagrun for example_sensors to None, run_after=None
[2026-05-08T21:34:05.758+0000] {processor.py:208} INFO - Processing /home/airflow/.local/lib/python3.12/site-packages/airflow/example_dags/example_sensors.py took 0.068 seconds
[2026-05-08T21:34:36.350+0000] {processor.py:186} INFO - Started process (PID=7986) to work on /home/airflow/.local/lib/python3.12/site-packages/airflow/example_dags/example_sensors.py
[2026-05-08T21:34:36.351+0000] {processor.py:914} INFO - Processing file /home/airflow/.local/lib/python3.12/site-packages/airflow/example_dags/example_sensors.py for tasks to queue
[2026-05-08T21:34:36.352+0000] {logging_mixin.py:190} INFO - [2026-05-08T21:34:36.352+0000] {dagbag.py:588} INFO - Filling up the DagBag from /home/airflow/.local/lib/python3.12/site-packages/airflow/example_dags/example_sensors.py
[2026-05-08T21:34:36.363+0000] {processor.py:925} INFO - DAG(s) 'example_sensors' retrieved from /home/airflow/.local/lib/python3.12/site-packages/airflow/example_dags/example_sensors.py
[2026-05-08T21:34:36.397+0000] {logging_mixin.py:190} INFO - [2026-05-08T21:34:36.397+0000] {dag.py:3239} INFO - Sync 1 DAGs
[2026-05-08T21:34:36.420+0000] {logging_mixin.py:190} INFO - [2026-05-08T21:34:36.420+0000] {dag.py:4180} INFO - Setting next_dagrun for example_sensors to None, run_after=None
[2026-05-08T21:34:36.451+0000] {processor.py:208} INFO - Processing /home/airflow/.local/lib/python3.12/site-packages/airflow/example_dags/example_sensors.py took 0.107 seconds
[2026-05-08T21:35:07.693+0000] {processor.py:186} INFO - Started process (PID=8056) to work on /home/airflow/.local/lib/python3.12/site-packages/airflow/example_dags/example_sensors.py
[2026-05-08T21:35:07.695+0000] {processor.py:914} INFO - Processing file /home/airflow/.local/lib/python3.12/site-packages/airflow/example_dags/example_sensors.py for tasks to queue
[2026-05-08T21:35:07.698+0000] {logging_mixin.py:190} INFO - [2026-05-08T21:35:07.697+0000] {dagbag.py:588} INFO - Filling up the DagBag from /home/airflow/.local/lib/python3.12/site-packages/airflow/example_dags/example_sensors.py
[2026-05-08T21:35:07.709+0000] {processor.py:925} INFO - DAG(s) 'example_sensors' retrieved from /home/airflow/.local/lib/python3.12/site-packages/airflow/example_dags/example_sensors.py
[2026-05-08T21:35:07.738+0000] {logging_mixin.py:190} INFO - [2026-05-08T21:35:07.738+0000] {dag.py:3239} INFO - Sync 1 DAGs
[2026-05-08T21:35:07.754+0000] {logging_mixin.py:190} INFO - [2026-05-08T21:35:07.754+0000] {dag.py:4180} INFO - Setting next_dagrun for example_sensors to None, run_after=None
[2026-05-08T21:35:07.772+0000] {processor.py:208} INFO - Processing /home/airflow/.local/lib/python3.12/site-packages/airflow/example_dags/example_sensors.py took 0.086 seconds
[2026-05-08T21:35:38.926+0000] {processor.py:186} INFO - Started process (PID=8120) to work on /home/airflow/.local/lib/python3.12/site-packages/airflow/example_dags/example_sensors.py
[2026-05-08T21:35:38.927+0000] {processor.py:914} INFO - Processing file /home/airflow/.local/lib/python3.12/site-packages/airflow/example_dags/example_sensors.py for tasks to queue
[2026-05-08T21:35:38.928+0000] {logging_mixin.py:190} INFO - [2026-05-08T21:35:38.928+0000] {dagbag.py:588} INFO - Filling up the DagBag from /home/airflow/.local/lib/python3.12/site-packages/airflow/example_dags/example_sensors.py
[2026-05-08T21:35:38.937+0000] {processor.py:925} INFO - DAG(s) 'example_sensors' retrieved from /home/airflow/.local/lib/python3.12/site-packages/airflow/example_dags/example_sensors.py
[2026-05-08T21:35:38.960+0000] {logging_mixin.py:190} INFO - [2026-05-08T21:35:38.960+0000] {dag.py:3239} INFO - Sync 1 DAGs
[2026-05-08T21:35:38.975+0000] {logging_mixin.py:190} INFO - [2026-05-08T21:35:38.975+0000] {dag.py:4180} INFO - Setting next_dagrun for example_sensors to None, run_after=None
[2026-05-08T21:35:38.993+0000] {processor.py:208} INFO - Processing /home/airflow/.local/lib/python3.12/site-packages/airflow/example_dags/example_sensors.py took 0.072 seconds
[2026-05-08T21:36:10.155+0000] {processor.py:186} INFO - Started process (PID=8184) to work on /home/airflow/.local/lib/python3.12/site-packages/airflow/example_dags/example_sensors.py
[2026-05-08T21:36:10.156+0000] {processor.py:914} INFO - Processing file /home/airflow/.local/lib/python3.12/site-packages/airflow/example_dags/example_sensors.py for tasks to queue
[2026-05-08T21:36:10.157+0000] {logging_mixin.py:190} INFO - [2026-05-08T21:36:10.157+0000] {dagbag.py:588} INFO - Filling up the DagBag from /home/airflow/.local/lib/python3.12/site-packages/airflow/example_dags/example_sensors.py
[2026-05-08T21:36:10.166+0000] {processor.py:925} INFO - DAG(s) 'example_sensors' retrieved from /home/airflow/.local/lib/python3.12/site-packages/airflow/example_dags/example_sensors.py
[2026-05-08T21:36:10.189+0000] {logging_mixin.py:190} INFO - [2026-05-08T21:36:10.189+0000] {dag.py:3239} INFO - Sync 1 DAGs
[2026-05-08T21:36:10.204+0000] {logging_mixin.py:190} INFO - [2026-05-08T21:36:10.204+0000] {dag.py:4180} INFO - Setting next_dagrun for example_sensors to None, run_after=None
[2026-05-08T21:36:10.219+0000] {processor.py:208} INFO - Processing /home/airflow/.local/lib/python3.12/site-packages/airflow/example_dags/example_sensors.py took 0.069 seconds
[2026-05-08T21:36:41.565+0000] {processor.py:186} INFO - Started process (PID=8248) to work on /home/airflow/.local/lib/python3.12/site-packages/airflow/example_dags/example_sensors.py
[2026-05-08T21:36:41.566+0000] {processor.py:914} INFO - Processing file /home/airflow/.local/lib/python3.12/site-packages/airflow/example_dags/example_sensors.py for tasks to queue
[2026-05-08T21:36:41.568+0000] {logging_mixin.py:190} INFO - [2026-05-08T21:36:41.568+0000] {dagbag.py:588} INFO - Filling up the DagBag from /home/airflow/.local/lib/python3.12/site-packages/airflow/example_dags/example_sensors.py
[2026-05-08T21:36:41.579+0000] {processor.py:925} INFO - DAG(s) 'example_sensors' retrieved from /home/airflow/.local/lib/python3.12/site-packages/airflow/example_dags/example_sensors.py
[2026-05-08T21:36:41.600+0000] {logging_mixin.py:190} INFO - [2026-05-08T21:36:41.600+0000] {dag.py:3239} INFO - Sync 1 DAGs
[2026-05-08T21:36:41.612+0000] {logging_mixin.py:190} INFO - [2026-05-08T21:36:41.612+0000] {dag.py:4180} INFO - Setting next_dagrun for example_sensors to None, run_after=None
[2026-05-08T21:36:41.628+0000] {processor.py:208} INFO - Processing /home/airflow/.local/lib/python3.12/site-packages/airflow/example_dags/example_sensors.py took 0.069 seconds
[2026-05-08T21:37:12.835+0000] {processor.py:186} INFO - Started process (PID=8312) to work on /home/airflow/.local/lib/python3.12/site-packages/airflow/example_dags/example_sensors.py
[2026-05-08T21:37:12.836+0000] {processor.py:914} INFO - Processing file /home/airflow/.local/lib/python3.12/site-packages/airflow/example_dags/example_sensors.py for tasks to queue
[2026-05-08T21:37:12.837+0000] {logging_mixin.py:190} INFO - [2026-05-08T21:37:12.837+0000] {dagbag.py:588} INFO - Filling up the DagBag from /home/airflow/.local/lib/python3.12/site-packages/airflow/example_dags/example_sensors.py
[2026-05-08T21:37:12.846+0000] {processor.py:925} INFO - DAG(s) 'example_sensors' retrieved from /home/airflow/.local/lib/python3.12/site-packages/airflow/example_dags/example_sensors.py
[2026-05-08T21:37:12.872+0000] {logging_mixin.py:190} INFO - [2026-05-08T21:37:12.872+0000] {dag.py:3239} INFO - Sync 1 DAGs
[2026-05-08T21:37:12.884+0000] {logging_mixin.py:190} INFO - [2026-05-08T21:37:12.884+0000] {dag.py:4180} INFO - Setting next_dagrun for example_sensors to None, run_after=None
[2026-05-08T21:37:12.898+0000] {processor.py:208} INFO - Processing /home/airflow/.local/lib/python3.12/site-packages/airflow/example_dags/example_sensors.py took 0.067 seconds
[2026-05-08T21:37:44.374+0000] {processor.py:186} INFO - Started process (PID=8377) to work on /home/airflow/.local/lib/python3.12/site-packages/airflow/example_dags/example_sensors.py
[2026-05-08T21:37:44.375+0000] {processor.py:914} INFO - Processing file /home/airflow/.local/lib/python3.12/site-packages/airflow/example_dags/example_sensors.py for tasks to queue
[2026-05-08T21:37:44.376+0000] {logging_mixin.py:190} INFO - [2026-05-08T21:37:44.376+0000] {dagbag.py:588} INFO - Filling up the DagBag from /home/airflow/.local/lib/python3.12/site-packages/airflow/example_dags/example_sensors.py
[2026-05-08T21:37:44.387+0000] {processor.py:925} INFO - DAG(s) 'example_sensors' retrieved from /home/airflow/.local/lib/python3.12/site-packages/airflow/example_dags/example_sensors.py
[2026-05-08T21:37:44.413+0000] {logging_mixin.py:190} INFO - [2026-05-08T21:37:44.413+0000] {dag.py:3239} INFO - Sync 1 DAGs
[2026-05-08T21:37:44.428+0000] {logging_mixin.py:190} INFO - [2026-05-08T21:37:44.428+0000] {dag.py:4180} INFO - Setting next_dagrun for example_sensors to None, run_after=None
[2026-05-08T21:37:44.445+0000] {processor.py:208} INFO - Processing /home/airflow/.local/lib/python3.12/site-packages/airflow/example_dags/example_sensors.py took 0.077 seconds
[2026-05-08T21:38:15.358+0000] {processor.py:186} INFO - Started process (PID=8441) to work on /home/airflow/.local/lib/python3.12/site-packages/airflow/example_dags/example_sensors.py
[2026-05-08T21:38:15.358+0000] {processor.py:914} INFO - Processing file /home/airflow/.local/lib/python3.12/site-packages/airflow/example_dags/example_sensors.py for tasks to queue
[2026-05-08T21:38:15.360+0000] {logging_mixin.py:190} INFO - [2026-05-08T21:38:15.360+0000] {dagbag.py:588} INFO - Filling up the DagBag from /home/airflow/.local/lib/python3.12/site-packages/airflow/example_dags/example_sensors.py
[2026-05-08T21:38:15.369+0000] {processor.py:925} INFO - DAG(s) 'example_sensors' retrieved from /home/airflow/.local/lib/python3.12/site-packages/airflow/example_dags/example_sensors.py
[2026-05-08T21:38:15.390+0000] {logging_mixin.py:190} INFO - [2026-05-08T21:38:15.389+0000] {dag.py:3239} INFO - Sync 1 DAGs
[2026-05-08T21:38:15.400+0000] {logging_mixin.py:190} INFO - [2026-05-08T21:38:15.400+0000] {dag.py:4180} INFO - Setting next_dagrun for example_sensors to None, run_after=None
[2026-05-08T21:38:15.414+0000] {processor.py:208} INFO - Processing /home/airflow/.local/lib/python3.12/site-packages/airflow/example_dags/example_sensors.py took 0.060 seconds
[2026-05-08T21:38:46.528+0000] {processor.py:186} INFO - Started process (PID=8505) to work on /home/airflow/.local/lib/python3.12/site-packages/airflow/example_dags/example_sensors.py
[2026-05-08T21:38:46.530+0000] {processor.py:914} INFO - Processing file /home/airflow/.local/lib/python3.12/site-packages/airflow/example_dags/example_sensors.py for tasks to queue
[2026-05-08T21:38:46.533+0000] {logging_mixin.py:190} INFO - [2026-05-08T21:38:46.532+0000] {dagbag.py:588} INFO - Filling up the DagBag from /home/airflow/.local/lib/python3.12/site-packages/airflow/example_dags/example_sensors.py
[2026-05-08T21:38:46.545+0000] {processor.py:925} INFO - DAG(s) 'example_sensors' retrieved from /home/airflow/.local/lib/python3.12/site-packages/airflow/example_dags/example_sensors.py
[2026-05-08T21:38:46.572+0000] {logging_mixin.py:190} INFO - [2026-05-08T21:38:46.572+0000] {dag.py:3239} INFO - Sync 1 DAGs
[2026-05-08T21:38:46.588+0000] {logging_mixin.py:190} INFO - [2026-05-08T21:38:46.588+0000] {dag.py:4180} INFO - Setting next_dagrun for example_sensors to None, run_after=None
[2026-05-08T21:38:46.607+0000] {processor.py:208} INFO - Processing /home/airflow/.local/lib/python3.12/site-packages/airflow/example_dags/example_sensors.py took 0.084 seconds
[2026-05-08T21:39:17.115+0000] {processor.py:186} INFO - Started process (PID=8569) to work on /home/airflow/.local/lib/python3.12/site-packages/airflow/example_dags/example_sensors.py
[2026-05-08T21:39:17.116+0000] {processor.py:914} INFO - Processing file /home/airflow/.local/lib/python3.12/site-packages/airflow/example_dags/example_sensors.py for tasks to queue
[2026-05-08T21:39:17.117+0000] {logging_mixin.py:190} INFO - [2026-05-08T21:39:17.117+0000] {dagbag.py:588} INFO - Filling up the DagBag from /home/airflow/.local/lib/python3.12/site-packages/airflow/example_dags/example_sensors.py
[2026-05-08T21:39:17.126+0000] {processor.py:925} INFO - DAG(s) 'example_sensors' retrieved from /home/airflow/.local/lib/python3.12/site-packages/airflow/example_dags/example_sensors.py
[2026-05-08T21:39:17.153+0000] {logging_mixin.py:190} INFO - [2026-05-08T21:39:17.153+0000] {dag.py:3239} INFO - Sync 1 DAGs
[2026-05-08T21:39:17.168+0000] {logging_mixin.py:190} INFO - [2026-05-08T21:39:17.168+0000] {dag.py:4180} INFO - Setting next_dagrun for example_sensors to None, run_after=None
[2026-05-08T21:39:17.186+0000] {processor.py:208} INFO - Processing /home/airflow/.local/lib/python3.12/site-packages/airflow/example_dags/example_sensors.py took 0.076 seconds
[2026-05-08T21:39:47.909+0000] {processor.py:186} INFO - Started process (PID=8632) to work on /home/airflow/.local/lib/python3.12/site-packages/airflow/example_dags/example_sensors.py
[2026-05-08T21:39:47.910+0000] {processor.py:914} INFO - Processing file /home/airflow/.local/lib/python3.12/site-packages/airflow/example_dags/example_sensors.py for tasks to queue
[2026-05-08T21:39:47.911+0000] {logging_mixin.py:190} INFO - [2026-05-08T21:39:47.911+0000] {dagbag.py:588} INFO - Filling up the DagBag from /home/airflow/.local/lib/python3.12/site-packages/airflow/example_dags/example_sensors.py
[2026-05-08T21:39:47.920+0000] {processor.py:925} INFO - DAG(s) 'example_sensors' retrieved from /home/airflow/.local/lib/python3.12/site-packages/airflow/example_dags/example_sensors.py
[2026-05-08T21:39:47.946+0000] {logging_mixin.py:190} INFO - [2026-05-08T21:39:47.946+0000] {dag.py:3239} INFO - Sync 1 DAGs
[2026-05-08T21:39:47.963+0000] {logging_mixin.py:190} INFO - [2026-05-08T21:39:47.962+0000] {dag.py:4180} INFO - Setting next_dagrun for example_sensors to None, run_after=None
[2026-05-08T21:39:47.980+0000] {processor.py:208} INFO - Processing /home/airflow/.local/lib/python3.12/site-packages/airflow/example_dags/example_sensors.py took 0.076 seconds
[2026-05-08T21:40:18.983+0000] {processor.py:186} INFO - Started process (PID=8696) to work on /home/airflow/.local/lib/python3.12/site-packages/airflow/example_dags/example_sensors.py
[2026-05-08T21:40:18.984+0000] {processor.py:914} INFO - Processing file /home/airflow/.local/lib/python3.12/site-packages/airflow/example_dags/example_sensors.py for tasks to queue
[2026-05-08T21:40:18.985+0000] {logging_mixin.py:190} INFO - [2026-05-08T21:40:18.985+0000] {dagbag.py:588} INFO - Filling up the DagBag from /home/airflow/.local/lib/python3.12/site-packages/airflow/example_dags/example_sensors.py
[2026-05-08T21:40:18.995+0000] {processor.py:925} INFO - DAG(s) 'example_sensors' retrieved from /home/airflow/.local/lib/python3.12/site-packages/airflow/example_dags/example_sensors.py
[2026-05-08T21:40:19.016+0000] {logging_mixin.py:190} INFO - [2026-05-08T21:40:19.015+0000] {dag.py:3239} INFO - Sync 1 DAGs
[2026-05-08T21:40:19.027+0000] {logging_mixin.py:190} INFO - [2026-05-08T21:40:19.026+0000] {dag.py:4180} INFO - Setting next_dagrun for example_sensors to None, run_after=None
[2026-05-08T21:40:19.040+0000] {processor.py:208} INFO - Processing /home/airflow/.local/lib/python3.12/site-packages/airflow/example_dags/example_sensors.py took 0.062 seconds
[2026-05-08T21:40:49.912+0000] {processor.py:186} INFO - Started process (PID=8760) to work on /home/airflow/.local/lib/python3.12/site-packages/airflow/example_dags/example_sensors.py
[2026-05-08T21:40:49.913+0000] {processor.py:914} INFO - Processing file /home/airflow/.local/lib/python3.12/site-packages/airflow/example_dags/example_sensors.py for tasks to queue
[2026-05-08T21:40:49.914+0000] {logging_mixin.py:190} INFO - [2026-05-08T21:40:49.914+0000] {dagbag.py:588} INFO - Filling up the DagBag from /home/airflow/.local/lib/python3.12/site-packages/airflow/example_dags/example_sensors.py
[2026-05-08T21:40:49.923+0000] {processor.py:925} INFO - DAG(s) 'example_sensors' retrieved from /home/airflow/.local/lib/python3.12/site-packages/airflow/example_dags/example_sensors.py
[2026-05-08T21:40:49.943+0000] {logging_mixin.py:190} INFO - [2026-05-08T21:40:49.943+0000] {dag.py:3239} INFO - Sync 1 DAGs
[2026-05-08T21:40:49.954+0000] {logging_mixin.py:190} INFO - [2026-05-08T21:40:49.954+0000] {dag.py:4180} INFO - Setting next_dagrun for example_sensors to None, run_after=None
[2026-05-08T21:40:49.967+0000] {processor.py:208} INFO - Processing /home/airflow/.local/lib/python3.12/site-packages/airflow/example_dags/example_sensors.py took 0.061 seconds
[2026-05-08T21:41:20.268+0000] {processor.py:186} INFO - Started process (PID=8823) to work on /home/airflow/.local/lib/python3.12/site-packages/airflow/example_dags/example_sensors.py
[2026-05-08T21:41:20.269+0000] {processor.py:914} INFO - Processing file /home/airflow/.local/lib/python3.12/site-packages/airflow/example_dags/example_sensors.py for tasks to queue
[2026-05-08T21:41:20.271+0000] {logging_mixin.py:190} INFO - [2026-05-08T21:41:20.271+0000] {dagbag.py:588} INFO - Filling up the DagBag from /home/airflow/.local/lib/python3.12/site-packages/airflow/example_dags/example_sensors.py
[2026-05-08T21:41:20.283+0000] {processor.py:925} INFO - DAG(s) 'example_sensors' retrieved from /home/airflow/.local/lib/python3.12/site-packages/airflow/example_dags/example_sensors.py
[2026-05-08T21:41:20.310+0000] {logging_mixin.py:190} INFO - [2026-05-08T21:41:20.310+0000] {dag.py:3239} INFO - Sync 1 DAGs
[2026-05-08T21:41:20.325+0000] {logging_mixin.py:190} INFO - [2026-05-08T21:41:20.325+0000] {dag.py:4180} INFO - Setting next_dagrun for example_sensors to None, run_after=None
[2026-05-08T21:41:20.341+0000] {processor.py:208} INFO - Processing /home/airflow/.local/lib/python3.12/site-packages/airflow/example_dags/example_sensors.py took 0.078 seconds
[2026-05-08T21:41:50.370+0000] {processor.py:186} INFO - Started process (PID=8887) to work on /home/airflow/.local/lib/python3.12/site-packages/airflow/example_dags/example_sensors.py
[2026-05-08T21:41:50.371+0000] {processor.py:914} INFO - Processing file /home/airflow/.local/lib/python3.12/site-packages/airflow/example_dags/example_sensors.py for tasks to queue
[2026-05-08T21:41:50.373+0000] {logging_mixin.py:190} INFO - [2026-05-08T21:41:50.372+0000] {dagbag.py:588} INFO - Filling up the DagBag from /home/airflow/.local/lib/python3.12/site-packages/airflow/example_dags/example_sensors.py
[2026-05-08T21:41:50.381+0000] {processor.py:925} INFO - DAG(s) 'example_sensors' retrieved from /home/airflow/.local/lib/python3.12/site-packages/airflow/example_dags/example_sensors.py
[2026-05-08T21:41:50.403+0000] {logging_mixin.py:190} INFO - [2026-05-08T21:41:50.402+0000] {dag.py:3239} INFO - Sync 1 DAGs
[2026-05-08T21:41:50.413+0000] {logging_mixin.py:190} INFO - [2026-05-08T21:41:50.413+0000] {dag.py:4180} INFO - Setting next_dagrun for example_sensors to None, run_after=None
[2026-05-08T21:41:50.428+0000] {processor.py:208} INFO - Processing /home/airflow/.local/lib/python3.12/site-packages/airflow/example_dags/example_sensors.py took 0.064 seconds
[2026-05-08T21:42:20.594+0000] {processor.py:186} INFO - Started process (PID=8951) to work on /home/airflow/.local/lib/python3.12/site-packages/airflow/example_dags/example_sensors.py
[2026-05-08T21:42:20.595+0000] {processor.py:914} INFO - Processing file /home/airflow/.local/lib/python3.12/site-packages/airflow/example_dags/example_sensors.py for tasks to queue
[2026-05-08T21:42:20.597+0000] {logging_mixin.py:190} INFO - [2026-05-08T21:42:20.596+0000] {dagbag.py:588} INFO - Filling up the DagBag from /home/airflow/.local/lib/python3.12/site-packages/airflow/example_dags/example_sensors.py
[2026-05-08T21:42:20.606+0000] {processor.py:925} INFO - DAG(s) 'example_sensors' retrieved from /home/airflow/.local/lib/python3.12/site-packages/airflow/example_dags/example_sensors.py
[2026-05-08T21:42:20.627+0000] {logging_mixin.py:190} INFO - [2026-05-08T21:42:20.627+0000] {dag.py:3239} INFO - Sync 1 DAGs
[2026-05-08T21:42:20.640+0000] {logging_mixin.py:190} INFO - [2026-05-08T21:42:20.640+0000] {dag.py:4180} INFO - Setting next_dagrun for example_sensors to None, run_after=None
[2026-05-08T21:42:20.655+0000] {processor.py:208} INFO - Processing /home/airflow/.local/lib/python3.12/site-packages/airflow/example_dags/example_sensors.py took 0.065 seconds
[2026-05-08T21:42:51.277+0000] {processor.py:186} INFO - Started process (PID=9015) to work on /home/airflow/.local/lib/python3.12/site-packages/airflow/example_dags/example_sensors.py
[2026-05-08T21:42:51.285+0000] {processor.py:914} INFO - Processing file /home/airflow/.local/lib/python3.12/site-packages/airflow/example_dags/example_sensors.py for tasks to queue
[2026-05-08T21:42:51.290+0000] {logging_mixin.py:190} INFO - [2026-05-08T21:42:51.290+0000] {dagbag.py:588} INFO - Filling up the DagBag from /home/airflow/.local/lib/python3.12/site-packages/airflow/example_dags/example_sensors.py
[2026-05-08T21:42:51.313+0000] {processor.py:925} INFO - DAG(s) 'example_sensors' retrieved from /home/airflow/.local/lib/python3.12/site-packages/airflow/example_dags/example_sensors.py
[2026-05-08T21:42:51.346+0000] {logging_mixin.py:190} INFO - [2026-05-08T21:42:51.346+0000] {dag.py:3239} INFO - Sync 1 DAGs
[2026-05-08T21:42:51.381+0000] {logging_mixin.py:190} INFO - [2026-05-08T21:42:51.381+0000] {dag.py:4180} INFO - Setting next_dagrun for example_sensors to None, run_after=None
[2026-05-08T21:42:51.401+0000] {processor.py:208} INFO - Processing /home/airflow/.local/lib/python3.12/site-packages/airflow/example_dags/example_sensors.py took 0.132 seconds
[2026-05-08T21:43:21.970+0000] {processor.py:186} INFO - Started process (PID=9079) to work on /home/airflow/.local/lib/python3.12/site-packages/airflow/example_dags/example_sensors.py
[2026-05-08T21:43:21.971+0000] {processor.py:914} INFO - Processing file /home/airflow/.local/lib/python3.12/site-packages/airflow/example_dags/example_sensors.py for tasks to queue
[2026-05-08T21:43:21.973+0000] {logging_mixin.py:190} INFO - [2026-05-08T21:43:21.972+0000] {dagbag.py:588} INFO - Filling up the DagBag from /home/airflow/.local/lib/python3.12/site-packages/airflow/example_dags/example_sensors.py
[2026-05-08T21:43:21.985+0000] {processor.py:925} INFO - DAG(s) 'example_sensors' retrieved from /home/airflow/.local/lib/python3.12/site-packages/airflow/example_dags/example_sensors.py
[2026-05-08T21:43:22.009+0000] {logging_mixin.py:190} INFO - [2026-05-08T21:43:22.008+0000] {dag.py:3239} INFO - Sync 1 DAGs
[2026-05-08T21:43:22.019+0000] {logging_mixin.py:190} INFO - [2026-05-08T21:43:22.019+0000] {dag.py:4180} INFO - Setting next_dagrun for example_sensors to None, run_after=None
[2026-05-08T21:43:22.033+0000] {processor.py:208} INFO - Processing /home/airflow/.local/lib/python3.12/site-packages/airflow/example_dags/example_sensors.py took 0.069 seconds
[2026-05-08T21:43:52.622+0000] {processor.py:186} INFO - Started process (PID=9143) to work on /home/airflow/.local/lib/python3.12/site-packages/airflow/example_dags/example_sensors.py
[2026-05-08T21:43:52.623+0000] {processor.py:914} INFO - Processing file /home/airflow/.local/lib/python3.12/site-packages/airflow/example_dags/example_sensors.py for tasks to queue
[2026-05-08T21:43:52.624+0000] {logging_mixin.py:190} INFO - [2026-05-08T21:43:52.624+0000] {dagbag.py:588} INFO - Filling up the DagBag from /home/airflow/.local/lib/python3.12/site-packages/airflow/example_dags/example_sensors.py
[2026-05-08T21:43:52.633+0000] {processor.py:925} INFO - DAG(s) 'example_sensors' retrieved from /home/airflow/.local/lib/python3.12/site-packages/airflow/example_dags/example_sensors.py
[2026-05-08T21:43:52.658+0000] {logging_mixin.py:190} INFO - [2026-05-08T21:43:52.657+0000] {dag.py:3239} INFO - Sync 1 DAGs
[2026-05-08T21:43:52.671+0000] {logging_mixin.py:190} INFO - [2026-05-08T21:43:52.671+0000] {dag.py:4180} INFO - Setting next_dagrun for example_sensors to None, run_after=None
[2026-05-08T21:43:52.686+0000] {processor.py:208} INFO - Processing /home/airflow/.local/lib/python3.12/site-packages/airflow/example_dags/example_sensors.py took 0.068 seconds
[2026-05-08T21:44:23.272+0000] {processor.py:186} INFO - Started process (PID=9207) to work on /home/airflow/.local/lib/python3.12/site-packages/airflow/example_dags/example_sensors.py
[2026-05-08T21:44:23.273+0000] {processor.py:914} INFO - Processing file /home/airflow/.local/lib/python3.12/site-packages/airflow/example_dags/example_sensors.py for tasks to queue
[2026-05-08T21:44:23.275+0000] {logging_mixin.py:190} INFO - [2026-05-08T21:44:23.275+0000] {dagbag.py:588} INFO - Filling up the DagBag from /home/airflow/.local/lib/python3.12/site-packages/airflow/example_dags/example_sensors.py
[2026-05-08T21:44:23.291+0000] {processor.py:925} INFO - DAG(s) 'example_sensors' retrieved from /home/airflow/.local/lib/python3.12/site-packages/airflow/example_dags/example_sensors.py
[2026-05-08T21:44:23.327+0000] {logging_mixin.py:190} INFO - [2026-05-08T21:44:23.327+0000] {dag.py:3239} INFO - Sync 1 DAGs
[2026-05-08T21:44:23.352+0000] {logging_mixin.py:190} INFO - [2026-05-08T21:44:23.352+0000] {dag.py:4180} INFO - Setting next_dagrun for example_sensors to None, run_after=None
[2026-05-08T21:44:23.376+0000] {processor.py:208} INFO - Processing /home/airflow/.local/lib/python3.12/site-packages/airflow/example_dags/example_sensors.py took 0.110 seconds
[2026-05-08T21:44:53.960+0000] {processor.py:186} INFO - Started process (PID=9271) to work on /home/airflow/.local/lib/python3.12/site-packages/airflow/example_dags/example_sensors.py
[2026-05-08T21:44:53.960+0000] {processor.py:914} INFO - Processing file /home/airflow/.local/lib/python3.12/site-packages/airflow/example_dags/example_sensors.py for tasks to queue
[2026-05-08T21:44:53.962+0000] {logging_mixin.py:190} INFO - [2026-05-08T21:44:53.962+0000] {dagbag.py:588} INFO - Filling up the DagBag from /home/airflow/.local/lib/python3.12/site-packages/airflow/example_dags/example_sensors.py
[2026-05-08T21:44:53.975+0000] {processor.py:925} INFO - DAG(s) 'example_sensors' retrieved from /home/airflow/.local/lib/python3.12/site-packages/airflow/example_dags/example_sensors.py
[2026-05-08T21:44:53.999+0000] {logging_mixin.py:190} INFO - [2026-05-08T21:44:53.999+0000] {dag.py:3239} INFO - Sync 1 DAGs
[2026-05-08T21:44:54.010+0000] {logging_mixin.py:190} INFO - [2026-05-08T21:44:54.010+0000] {dag.py:4180} INFO - Setting next_dagrun for example_sensors to None, run_after=None
[2026-05-08T21:44:54.027+0000] {processor.py:208} INFO - Processing /home/airflow/.local/lib/python3.12/site-packages/airflow/example_dags/example_sensors.py took 0.072 seconds
[2026-05-08T21:45:24.125+0000] {processor.py:186} INFO - Started process (PID=9335) to work on /home/airflow/.local/lib/python3.12/site-packages/airflow/example_dags/example_sensors.py
[2026-05-08T21:45:24.126+0000] {processor.py:914} INFO - Processing file /home/airflow/.local/lib/python3.12/site-packages/airflow/example_dags/example_sensors.py for tasks to queue
[2026-05-08T21:45:24.127+0000] {logging_mixin.py:190} INFO - [2026-05-08T21:45:24.127+0000] {dagbag.py:588} INFO - Filling up the DagBag from /home/airflow/.local/lib/python3.12/site-packages/airflow/example_dags/example_sensors.py
[2026-05-08T21:45:24.136+0000] {processor.py:925} INFO - DAG(s) 'example_sensors' retrieved from /home/airflow/.local/lib/python3.12/site-packages/airflow/example_dags/example_sensors.py
[2026-05-08T21:45:24.159+0000] {logging_mixin.py:190} INFO - [2026-05-08T21:45:24.159+0000] {dag.py:3239} INFO - Sync 1 DAGs
[2026-05-08T21:45:24.174+0000] {logging_mixin.py:190} INFO - [2026-05-08T21:45:24.174+0000] {dag.py:4180} INFO - Setting next_dagrun for example_sensors to None, run_after=None
[2026-05-08T21:45:24.189+0000] {processor.py:208} INFO - Processing /home/airflow/.local/lib/python3.12/site-packages/airflow/example_dags/example_sensors.py took 0.069 seconds
[2026-05-08T21:45:54.448+0000] {processor.py:186} INFO - Started process (PID=9392) to work on /home/airflow/.local/lib/python3.12/site-packages/airflow/example_dags/example_sensors.py
[2026-05-08T21:45:54.449+0000] {processor.py:914} INFO - Processing file /home/airflow/.local/lib/python3.12/site-packages/airflow/example_dags/example_sensors.py for tasks to queue
[2026-05-08T21:45:54.451+0000] {logging_mixin.py:190} INFO - [2026-05-08T21:45:54.450+0000] {dagbag.py:588} INFO - Filling up the DagBag from /home/airflow/.local/lib/python3.12/site-packages/airflow/example_dags/example_sensors.py
[2026-05-08T21:45:54.461+0000] {processor.py:925} INFO - DAG(s) 'example_sensors' retrieved from /home/airflow/.local/lib/python3.12/site-packages/airflow/example_dags/example_sensors.py
[2026-05-08T21:45:54.485+0000] {logging_mixin.py:190} INFO - [2026-05-08T21:45:54.484+0000] {dag.py:3239} INFO - Sync 1 DAGs
[2026-05-08T21:45:54.496+0000] {logging_mixin.py:190} INFO - [2026-05-08T21:45:54.496+0000] {dag.py:4180} INFO - Setting next_dagrun for example_sensors to None, run_after=None
[2026-05-08T21:45:54.510+0000] {processor.py:208} INFO - Processing /home/airflow/.local/lib/python3.12/site-packages/airflow/example_dags/example_sensors.py took 0.067 seconds
[2026-05-08T21:46:26.001+0000] {processor.py:186} INFO - Started process (PID=9456) to work on /home/airflow/.local/lib/python3.12/site-packages/airflow/example_dags/example_sensors.py
[2026-05-08T21:46:26.001+0000] {processor.py:914} INFO - Processing file /home/airflow/.local/lib/python3.12/site-packages/airflow/example_dags/example_sensors.py for tasks to queue
[2026-05-08T21:46:26.003+0000] {logging_mixin.py:190} INFO - [2026-05-08T21:46:26.003+0000] {dagbag.py:588} INFO - Filling up the DagBag from /home/airflow/.local/lib/python3.12/site-packages/airflow/example_dags/example_sensors.py
[2026-05-08T21:46:26.011+0000] {processor.py:925} INFO - DAG(s) 'example_sensors' retrieved from /home/airflow/.local/lib/python3.12/site-packages/airflow/example_dags/example_sensors.py
[2026-05-08T21:46:26.031+0000] {logging_mixin.py:190} INFO - [2026-05-08T21:46:26.031+0000] {dag.py:3239} INFO - Sync 1 DAGs
[2026-05-08T21:46:26.042+0000] {logging_mixin.py:190} INFO - [2026-05-08T21:46:26.042+0000] {dag.py:4180} INFO - Setting next_dagrun for example_sensors to None, run_after=None
[2026-05-08T21:46:26.055+0000] {processor.py:208} INFO - Processing /home/airflow/.local/lib/python3.12/site-packages/airflow/example_dags/example_sensors.py took 0.059 seconds
[2026-05-08T21:46:56.733+0000] {processor.py:186} INFO - Started process (PID=9520) to work on /home/airflow/.local/lib/python3.12/site-packages/airflow/example_dags/example_sensors.py
[2026-05-08T21:46:56.734+0000] {processor.py:914} INFO - Processing file /home/airflow/.local/lib/python3.12/site-packages/airflow/example_dags/example_sensors.py for tasks to queue
[2026-05-08T21:46:56.736+0000] {logging_mixin.py:190} INFO - [2026-05-08T21:46:56.735+0000] {dagbag.py:588} INFO - Filling up the DagBag from /home/airflow/.local/lib/python3.12/site-packages/airflow/example_dags/example_sensors.py
[2026-05-08T21:46:56.746+0000] {processor.py:925} INFO - DAG(s) 'example_sensors' retrieved from /home/airflow/.local/lib/python3.12/site-packages/airflow/example_dags/example_sensors.py
[2026-05-08T21:46:56.770+0000] {logging_mixin.py:190} INFO - [2026-05-08T21:46:56.770+0000] {dag.py:3239} INFO - Sync 1 DAGs
[2026-05-08T21:46:56.785+0000] {logging_mixin.py:190} INFO - [2026-05-08T21:46:56.785+0000] {dag.py:4180} INFO - Setting next_dagrun for example_sensors to None, run_after=None
[2026-05-08T21:46:56.801+0000] {processor.py:208} INFO - Processing /home/airflow/.local/lib/python3.12/site-packages/airflow/example_dags/example_sensors.py took 0.073 seconds
[2026-05-08T21:47:28.245+0000] {processor.py:186} INFO - Started process (PID=9584) to work on /home/airflow/.local/lib/python3.12/site-packages/airflow/example_dags/example_sensors.py
[2026-05-08T21:47:28.245+0000] {processor.py:914} INFO - Processing file /home/airflow/.local/lib/python3.12/site-packages/airflow/example_dags/example_sensors.py for tasks to queue
[2026-05-08T21:47:28.247+0000] {logging_mixin.py:190} INFO - [2026-05-08T21:47:28.247+0000] {dagbag.py:588} INFO - Filling up the DagBag from /home/airflow/.local/lib/python3.12/site-packages/airflow/example_dags/example_sensors.py
[2026-05-08T21:47:28.257+0000] {processor.py:925} INFO - DAG(s) 'example_sensors' retrieved from /home/airflow/.local/lib/python3.12/site-packages/airflow/example_dags/example_sensors.py
[2026-05-08T21:47:28.278+0000] {logging_mixin.py:190} INFO - [2026-05-08T21:47:28.278+0000] {dag.py:3239} INFO - Sync 1 DAGs
[2026-05-08T21:47:28.290+0000] {logging_mixin.py:190} INFO - [2026-05-08T21:47:28.290+0000] {dag.py:4180} INFO - Setting next_dagrun for example_sensors to None, run_after=None
[2026-05-08T21:47:28.306+0000] {processor.py:208} INFO - Processing /home/airflow/.local/lib/python3.12/site-packages/airflow/example_dags/example_sensors.py took 0.065 seconds
[2026-05-08T21:47:58.833+0000] {processor.py:186} INFO - Started process (PID=9648) to work on /home/airflow/.local/lib/python3.12/site-packages/airflow/example_dags/example_sensors.py
[2026-05-08T21:47:58.834+0000] {processor.py:914} INFO - Processing file /home/airflow/.local/lib/python3.12/site-packages/airflow/example_dags/example_sensors.py for tasks to queue
[2026-05-08T21:47:58.835+0000] {logging_mixin.py:190} INFO - [2026-05-08T21:47:58.835+0000] {dagbag.py:588} INFO - Filling up the DagBag from /home/airflow/.local/lib/python3.12/site-packages/airflow/example_dags/example_sensors.py
[2026-05-08T21:47:58.844+0000] {processor.py:925} INFO - DAG(s) 'example_sensors' retrieved from /home/airflow/.local/lib/python3.12/site-packages/airflow/example_dags/example_sensors.py
[2026-05-08T21:47:58.867+0000] {logging_mixin.py:190} INFO - [2026-05-08T21:47:58.866+0000] {dag.py:3239} INFO - Sync 1 DAGs
[2026-05-08T21:47:58.878+0000] {logging_mixin.py:190} INFO - [2026-05-08T21:47:58.878+0000] {dag.py:4180} INFO - Setting next_dagrun for example_sensors to None, run_after=None
[2026-05-08T21:47:58.893+0000] {processor.py:208} INFO - Processing /home/airflow/.local/lib/python3.12/site-packages/airflow/example_dags/example_sensors.py took 0.065 seconds
[2026-05-08T21:48:30.389+0000] {processor.py:186} INFO - Started process (PID=9712) to work on /home/airflow/.local/lib/python3.12/site-packages/airflow/example_dags/example_sensors.py
[2026-05-08T21:48:30.390+0000] {processor.py:914} INFO - Processing file /home/airflow/.local/lib/python3.12/site-packages/airflow/example_dags/example_sensors.py for tasks to queue
[2026-05-08T21:48:30.392+0000] {logging_mixin.py:190} INFO - [2026-05-08T21:48:30.391+0000] {dagbag.py:588} INFO - Filling up the DagBag from /home/airflow/.local/lib/python3.12/site-packages/airflow/example_dags/example_sensors.py
[2026-05-08T21:48:30.400+0000] {processor.py:925} INFO - DAG(s) 'example_sensors' retrieved from /home/airflow/.local/lib/python3.12/site-packages/airflow/example_dags/example_sensors.py
[2026-05-08T21:48:30.419+0000] {logging_mixin.py:190} INFO - [2026-05-08T21:48:30.419+0000] {dag.py:3239} INFO - Sync 1 DAGs
[2026-05-08T21:48:30.430+0000] {logging_mixin.py:190} INFO - [2026-05-08T21:48:30.430+0000] {dag.py:4180} INFO - Setting next_dagrun for example_sensors to None, run_after=None
[2026-05-08T21:48:30.443+0000] {processor.py:208} INFO - Processing /home/airflow/.local/lib/python3.12/site-packages/airflow/example_dags/example_sensors.py took 0.058 seconds
[2026-05-08T21:49:01.949+0000] {processor.py:186} INFO - Started process (PID=9776) to work on /home/airflow/.local/lib/python3.12/site-packages/airflow/example_dags/example_sensors.py
[2026-05-08T21:49:01.949+0000] {processor.py:914} INFO - Processing file /home/airflow/.local/lib/python3.12/site-packages/airflow/example_dags/example_sensors.py for tasks to queue
[2026-05-08T21:49:01.951+0000] {logging_mixin.py:190} INFO - [2026-05-08T21:49:01.951+0000] {dagbag.py:588} INFO - Filling up the DagBag from /home/airflow/.local/lib/python3.12/site-packages/airflow/example_dags/example_sensors.py
[2026-05-08T21:49:01.960+0000] {processor.py:925} INFO - DAG(s) 'example_sensors' retrieved from /home/airflow/.local/lib/python3.12/site-packages/airflow/example_dags/example_sensors.py
[2026-05-08T21:49:01.983+0000] {logging_mixin.py:190} INFO - [2026-05-08T21:49:01.983+0000] {dag.py:3239} INFO - Sync 1 DAGs
[2026-05-08T21:49:01.994+0000] {logging_mixin.py:190} INFO - [2026-05-08T21:49:01.993+0000] {dag.py:4180} INFO - Setting next_dagrun for example_sensors to None, run_after=None
[2026-05-08T21:49:02.007+0000] {processor.py:208} INFO - Processing /home/airflow/.local/lib/python3.12/site-packages/airflow/example_dags/example_sensors.py took 0.063 seconds
[2026-05-08T21:49:32.702+0000] {processor.py:186} INFO - Started process (PID=9840) to work on /home/airflow/.local/lib/python3.12/site-packages/airflow/example_dags/example_sensors.py
[2026-05-08T21:49:32.703+0000] {processor.py:914} INFO - Processing file /home/airflow/.local/lib/python3.12/site-packages/airflow/example_dags/example_sensors.py for tasks to queue
[2026-05-08T21:49:32.704+0000] {logging_mixin.py:190} INFO - [2026-05-08T21:49:32.704+0000] {dagbag.py:588} INFO - Filling up the DagBag from /home/airflow/.local/lib/python3.12/site-packages/airflow/example_dags/example_sensors.py
[2026-05-08T21:49:32.713+0000] {processor.py:925} INFO - DAG(s) 'example_sensors' retrieved from /home/airflow/.local/lib/python3.12/site-packages/airflow/example_dags/example_sensors.py
[2026-05-08T21:49:32.735+0000] {logging_mixin.py:190} INFO - [2026-05-08T21:49:32.735+0000] {dag.py:3239} INFO - Sync 1 DAGs
[2026-05-08T21:49:32.746+0000] {logging_mixin.py:190} INFO - [2026-05-08T21:49:32.746+0000] {dag.py:4180} INFO - Setting next_dagrun for example_sensors to None, run_after=None
[2026-05-08T21:49:32.762+0000] {processor.py:208} INFO - Processing /home/airflow/.local/lib/python3.12/site-packages/airflow/example_dags/example_sensors.py took 0.064 seconds
[2026-05-08T21:50:04.283+0000] {processor.py:186} INFO - Started process (PID=9904) to work on /home/airflow/.local/lib/python3.12/site-packages/airflow/example_dags/example_sensors.py
[2026-05-08T21:50:04.284+0000] {processor.py:914} INFO - Processing file /home/airflow/.local/lib/python3.12/site-packages/airflow/example_dags/example_sensors.py for tasks to queue
[2026-05-08T21:50:04.285+0000] {logging_mixin.py:190} INFO - [2026-05-08T21:50:04.285+0000] {dagbag.py:588} INFO - Filling up the DagBag from /home/airflow/.local/lib/python3.12/site-packages/airflow/example_dags/example_sensors.py
[2026-05-08T21:50:04.294+0000] {processor.py:925} INFO - DAG(s) 'example_sensors' retrieved from /home/airflow/.local/lib/python3.12/site-packages/airflow/example_dags/example_sensors.py
[2026-05-08T21:50:04.314+0000] {logging_mixin.py:190} INFO - [2026-05-08T21:50:04.314+0000] {dag.py:3239} INFO - Sync 1 DAGs
[2026-05-08T21:50:04.325+0000] {logging_mixin.py:190} INFO - [2026-05-08T21:50:04.325+0000] {dag.py:4180} INFO - Setting next_dagrun for example_sensors to None, run_after=None
[2026-05-08T21:50:04.339+0000] {processor.py:208} INFO - Processing /home/airflow/.local/lib/python3.12/site-packages/airflow/example_dags/example_sensors.py took 0.061 seconds
[2026-05-08T21:50:35.884+0000] {processor.py:186} INFO - Started process (PID=9968) to work on /home/airflow/.local/lib/python3.12/site-packages/airflow/example_dags/example_sensors.py
[2026-05-08T21:50:35.885+0000] {processor.py:914} INFO - Processing file /home/airflow/.local/lib/python3.12/site-packages/airflow/example_dags/example_sensors.py for tasks to queue
[2026-05-08T21:50:35.888+0000] {logging_mixin.py:190} INFO - [2026-05-08T21:50:35.887+0000] {dagbag.py:588} INFO - Filling up the DagBag from /home/airflow/.local/lib/python3.12/site-packages/airflow/example_dags/example_sensors.py
[2026-05-08T21:50:35.901+0000] {processor.py:925} INFO - DAG(s) 'example_sensors' retrieved from /home/airflow/.local/lib/python3.12/site-packages/airflow/example_dags/example_sensors.py
[2026-05-08T21:50:35.929+0000] {logging_mixin.py:190} INFO - [2026-05-08T21:50:35.929+0000] {dag.py:3239} INFO - Sync 1 DAGs
[2026-05-08T21:50:35.945+0000] {logging_mixin.py:190} INFO - [2026-05-08T21:50:35.945+0000] {dag.py:4180} INFO - Setting next_dagrun for example_sensors to None, run_after=None
[2026-05-08T21:50:35.963+0000] {processor.py:208} INFO - Processing /home/airflow/.local/lib/python3.12/site-packages/airflow/example_dags/example_sensors.py took 0.085 seconds
[2026-05-08T21:51:07.039+0000] {processor.py:186} INFO - Started process (PID=10032) to work on /home/airflow/.local/lib/python3.12/site-packages/airflow/example_dags/example_sensors.py
[2026-05-08T21:51:07.040+0000] {processor.py:914} INFO - Processing file /home/airflow/.local/lib/python3.12/site-packages/airflow/example_dags/example_sensors.py for tasks to queue
[2026-05-08T21:51:07.042+0000] {logging_mixin.py:190} INFO - [2026-05-08T21:51:07.042+0000] {dagbag.py:588} INFO - Filling up the DagBag from /home/airflow/.local/lib/python3.12/site-packages/airflow/example_dags/example_sensors.py
[2026-05-08T21:51:07.054+0000] {processor.py:925} INFO - DAG(s) 'example_sensors' retrieved from /home/airflow/.local/lib/python3.12/site-packages/airflow/example_dags/example_sensors.py
[2026-05-08T21:51:07.096+0000] {logging_mixin.py:190} INFO - [2026-05-08T21:51:07.096+0000] {dag.py:3239} INFO - Sync 1 DAGs
[2026-05-08T21:51:07.118+0000] {logging_mixin.py:190} INFO - [2026-05-08T21:51:07.118+0000] {dag.py:4180} INFO - Setting next_dagrun for example_sensors to None, run_after=None
[2026-05-08T21:51:07.148+0000] {processor.py:208} INFO - Processing /home/airflow/.local/lib/python3.12/site-packages/airflow/example_dags/example_sensors.py took 0.115 seconds
[2026-05-08T21:51:38.374+0000] {processor.py:186} INFO - Started process (PID=10096) to work on /home/airflow/.local/lib/python3.12/site-packages/airflow/example_dags/example_sensors.py
[2026-05-08T21:51:38.375+0000] {processor.py:914} INFO - Processing file /home/airflow/.local/lib/python3.12/site-packages/airflow/example_dags/example_sensors.py for tasks to queue
[2026-05-08T21:51:38.378+0000] {logging_mixin.py:190} INFO - [2026-05-08T21:51:38.377+0000] {dagbag.py:588} INFO - Filling up the DagBag from /home/airflow/.local/lib/python3.12/site-packages/airflow/example_dags/example_sensors.py
[2026-05-08T21:51:38.391+0000] {processor.py:925} INFO - DAG(s) 'example_sensors' retrieved from /home/airflow/.local/lib/python3.12/site-packages/airflow/example_dags/example_sensors.py
[2026-05-08T21:51:38.415+0000] {logging_mixin.py:190} INFO - [2026-05-08T21:51:38.415+0000] {dag.py:3239} INFO - Sync 1 DAGs
[2026-05-08T21:51:38.428+0000] {logging_mixin.py:190} INFO - [2026-05-08T21:51:38.428+0000] {dag.py:4180} INFO - Setting next_dagrun for example_sensors to None, run_after=None
[2026-05-08T21:51:38.447+0000] {processor.py:208} INFO - Processing /home/airflow/.local/lib/python3.12/site-packages/airflow/example_dags/example_sensors.py took 0.079 seconds
[2026-05-08T21:52:09.602+0000] {processor.py:186} INFO - Started process (PID=10165) to work on /home/airflow/.local/lib/python3.12/site-packages/airflow/example_dags/example_sensors.py
[2026-05-08T21:52:09.603+0000] {processor.py:914} INFO - Processing file /home/airflow/.local/lib/python3.12/site-packages/airflow/example_dags/example_sensors.py for tasks to queue
[2026-05-08T21:52:09.604+0000] {logging_mixin.py:190} INFO - [2026-05-08T21:52:09.604+0000] {dagbag.py:588} INFO - Filling up the DagBag from /home/airflow/.local/lib/python3.12/site-packages/airflow/example_dags/example_sensors.py
[2026-05-08T21:52:09.613+0000] {processor.py:925} INFO - DAG(s) 'example_sensors' retrieved from /home/airflow/.local/lib/python3.12/site-packages/airflow/example_dags/example_sensors.py
[2026-05-08T21:52:09.633+0000] {logging_mixin.py:190} INFO - [2026-05-08T21:52:09.632+0000] {dag.py:3239} INFO - Sync 1 DAGs
[2026-05-08T21:52:09.644+0000] {logging_mixin.py:190} INFO - [2026-05-08T21:52:09.644+0000] {dag.py:4180} INFO - Setting next_dagrun for example_sensors to None, run_after=None
[2026-05-08T21:52:09.658+0000] {processor.py:208} INFO - Processing /home/airflow/.local/lib/python3.12/site-packages/airflow/example_dags/example_sensors.py took 0.060 seconds
[2026-05-08T21:52:41.014+0000] {processor.py:186} INFO - Started process (PID=10229) to work on /home/airflow/.local/lib/python3.12/site-packages/airflow/example_dags/example_sensors.py
[2026-05-08T21:52:41.015+0000] {processor.py:914} INFO - Processing file /home/airflow/.local/lib/python3.12/site-packages/airflow/example_dags/example_sensors.py for tasks to queue
[2026-05-08T21:52:41.016+0000] {logging_mixin.py:190} INFO - [2026-05-08T21:52:41.016+0000] {dagbag.py:588} INFO - Filling up the DagBag from /home/airflow/.local/lib/python3.12/site-packages/airflow/example_dags/example_sensors.py
[2026-05-08T21:52:41.025+0000] {processor.py:925} INFO - DAG(s) 'example_sensors' retrieved from /home/airflow/.local/lib/python3.12/site-packages/airflow/example_dags/example_sensors.py
[2026-05-08T21:52:41.048+0000] {logging_mixin.py:190} INFO - [2026-05-08T21:52:41.048+0000] {dag.py:3239} INFO - Sync 1 DAGs
[2026-05-08T21:52:41.062+0000] {logging_mixin.py:190} INFO - [2026-05-08T21:52:41.062+0000] {dag.py:4180} INFO - Setting next_dagrun for example_sensors to None, run_after=None
[2026-05-08T21:52:41.085+0000] {processor.py:208} INFO - Processing /home/airflow/.local/lib/python3.12/site-packages/airflow/example_dags/example_sensors.py took 0.076 seconds
[2026-05-08T21:53:11.931+0000] {processor.py:186} INFO - Started process (PID=10293) to work on /home/airflow/.local/lib/python3.12/site-packages/airflow/example_dags/example_sensors.py
[2026-05-08T21:53:11.932+0000] {processor.py:914} INFO - Processing file /home/airflow/.local/lib/python3.12/site-packages/airflow/example_dags/example_sensors.py for tasks to queue
[2026-05-08T21:53:11.934+0000] {logging_mixin.py:190} INFO - [2026-05-08T21:53:11.933+0000] {dagbag.py:588} INFO - Filling up the DagBag from /home/airflow/.local/lib/python3.12/site-packages/airflow/example_dags/example_sensors.py
[2026-05-08T21:53:11.944+0000] {processor.py:925} INFO - DAG(s) 'example_sensors' retrieved from /home/airflow/.local/lib/python3.12/site-packages/airflow/example_dags/example_sensors.py
[2026-05-08T21:53:11.966+0000] {logging_mixin.py:190} INFO - [2026-05-08T21:53:11.966+0000] {dag.py:3239} INFO - Sync 1 DAGs
[2026-05-08T21:53:11.979+0000] {logging_mixin.py:190} INFO - [2026-05-08T21:53:11.979+0000] {dag.py:4180} INFO - Setting next_dagrun for example_sensors to None, run_after=None
[2026-05-08T21:53:11.996+0000] {processor.py:208} INFO - Processing /home/airflow/.local/lib/python3.12/site-packages/airflow/example_dags/example_sensors.py took 0.071 seconds
[2026-05-08T21:53:42.787+0000] {processor.py:186} INFO - Started process (PID=10357) to work on /home/airflow/.local/lib/python3.12/site-packages/airflow/example_dags/example_sensors.py
[2026-05-08T21:53:42.788+0000] {processor.py:914} INFO - Processing file /home/airflow/.local/lib/python3.12/site-packages/airflow/example_dags/example_sensors.py for tasks to queue
[2026-05-08T21:53:42.790+0000] {logging_mixin.py:190} INFO - [2026-05-08T21:53:42.790+0000] {dagbag.py:588} INFO - Filling up the DagBag from /home/airflow/.local/lib/python3.12/site-packages/airflow/example_dags/example_sensors.py
[2026-05-08T21:53:42.799+0000] {processor.py:925} INFO - DAG(s) 'example_sensors' retrieved from /home/airflow/.local/lib/python3.12/site-packages/airflow/example_dags/example_sensors.py
[2026-05-08T21:53:42.825+0000] {logging_mixin.py:190} INFO - [2026-05-08T21:53:42.825+0000] {dag.py:3239} INFO - Sync 1 DAGs
[2026-05-08T21:53:42.841+0000] {logging_mixin.py:190} INFO - [2026-05-08T21:53:42.840+0000] {dag.py:4180} INFO - Setting next_dagrun for example_sensors to None, run_after=None
[2026-05-08T21:53:42.857+0000] {processor.py:208} INFO - Processing /home/airflow/.local/lib/python3.12/site-packages/airflow/example_dags/example_sensors.py took 0.075 seconds
[2026-05-08T21:54:13.525+0000] {processor.py:186} INFO - Started process (PID=10421) to work on /home/airflow/.local/lib/python3.12/site-packages/airflow/example_dags/example_sensors.py
[2026-05-08T21:54:13.526+0000] {processor.py:914} INFO - Processing file /home/airflow/.local/lib/python3.12/site-packages/airflow/example_dags/example_sensors.py for tasks to queue
[2026-05-08T21:54:13.528+0000] {logging_mixin.py:190} INFO - [2026-05-08T21:54:13.528+0000] {dagbag.py:588} INFO - Filling up the DagBag from /home/airflow/.local/lib/python3.12/site-packages/airflow/example_dags/example_sensors.py
[2026-05-08T21:54:13.537+0000] {processor.py:925} INFO - DAG(s) 'example_sensors' retrieved from /home/airflow/.local/lib/python3.12/site-packages/airflow/example_dags/example_sensors.py
[2026-05-08T21:54:13.560+0000] {logging_mixin.py:190} INFO - [2026-05-08T21:54:13.560+0000] {dag.py:3239} INFO - Sync 1 DAGs
[2026-05-08T21:54:13.575+0000] {logging_mixin.py:190} INFO - [2026-05-08T21:54:13.575+0000] {dag.py:4180} INFO - Setting next_dagrun for example_sensors to None, run_after=None
[2026-05-08T21:54:13.589+0000] {processor.py:208} INFO - Processing /home/airflow/.local/lib/python3.12/site-packages/airflow/example_dags/example_sensors.py took 0.069 seconds
[2026-05-08T21:54:44.403+0000] {processor.py:186} INFO - Started process (PID=10485) to work on /home/airflow/.local/lib/python3.12/site-packages/airflow/example_dags/example_sensors.py
[2026-05-08T21:54:44.404+0000] {processor.py:914} INFO - Processing file /home/airflow/.local/lib/python3.12/site-packages/airflow/example_dags/example_sensors.py for tasks to queue
[2026-05-08T21:54:44.407+0000] {logging_mixin.py:190} INFO - [2026-05-08T21:54:44.407+0000] {dagbag.py:588} INFO - Filling up the DagBag from /home/airflow/.local/lib/python3.12/site-packages/airflow/example_dags/example_sensors.py
[2026-05-08T21:54:44.420+0000] {processor.py:925} INFO - DAG(s) 'example_sensors' retrieved from /home/airflow/.local/lib/python3.12/site-packages/airflow/example_dags/example_sensors.py
[2026-05-08T21:54:44.440+0000] {logging_mixin.py:190} INFO - [2026-05-08T21:54:44.440+0000] {dag.py:3239} INFO - Sync 1 DAGs
[2026-05-08T21:54:44.453+0000] {logging_mixin.py:190} INFO - [2026-05-08T21:54:44.452+0000] {dag.py:4180} INFO - Setting next_dagrun for example_sensors to None, run_after=None
[2026-05-08T21:54:44.469+0000] {processor.py:208} INFO - Processing /home/airflow/.local/lib/python3.12/site-packages/airflow/example_dags/example_sensors.py took 0.072 seconds
[2026-05-08T21:55:16.630+0000] {processor.py:186} INFO - Started process (PID=10549) to work on /home/airflow/.local/lib/python3.12/site-packages/airflow/example_dags/example_sensors.py
[2026-05-08T21:55:16.631+0000] {processor.py:914} INFO - Processing file /home/airflow/.local/lib/python3.12/site-packages/airflow/example_dags/example_sensors.py for tasks to queue
[2026-05-08T21:55:16.633+0000] {logging_mixin.py:190} INFO - [2026-05-08T21:55:16.633+0000] {dagbag.py:588} INFO - Filling up the DagBag from /home/airflow/.local/lib/python3.12/site-packages/airflow/example_dags/example_sensors.py
[2026-05-08T21:55:16.642+0000] {processor.py:925} INFO - DAG(s) 'example_sensors' retrieved from /home/airflow/.local/lib/python3.12/site-packages/airflow/example_dags/example_sensors.py
[2026-05-08T21:55:16.664+0000] {logging_mixin.py:190} INFO - [2026-05-08T21:55:16.664+0000] {dag.py:3239} INFO - Sync 1 DAGs
[2026-05-08T21:55:16.676+0000] {logging_mixin.py:190} INFO - [2026-05-08T21:55:16.676+0000] {dag.py:4180} INFO - Setting next_dagrun for example_sensors to None, run_after=None
[2026-05-08T21:55:16.689+0000] {processor.py:208} INFO - Processing /home/airflow/.local/lib/python3.12/site-packages/airflow/example_dags/example_sensors.py took 0.063 seconds
[2026-05-08T21:55:47.589+0000] {processor.py:186} INFO - Started process (PID=10613) to work on /home/airflow/.local/lib/python3.12/site-packages/airflow/example_dags/example_sensors.py
[2026-05-08T21:55:47.589+0000] {processor.py:914} INFO - Processing file /home/airflow/.local/lib/python3.12/site-packages/airflow/example_dags/example_sensors.py for tasks to queue
[2026-05-08T21:55:47.591+0000] {logging_mixin.py:190} INFO - [2026-05-08T21:55:47.591+0000] {dagbag.py:588} INFO - Filling up the DagBag from /home/airflow/.local/lib/python3.12/site-packages/airflow/example_dags/example_sensors.py
[2026-05-08T21:55:47.600+0000] {processor.py:925} INFO - DAG(s) 'example_sensors' retrieved from /home/airflow/.local/lib/python3.12/site-packages/airflow/example_dags/example_sensors.py
[2026-05-08T21:55:47.619+0000] {logging_mixin.py:190} INFO - [2026-05-08T21:55:47.619+0000] {dag.py:3239} INFO - Sync 1 DAGs
[2026-05-08T21:55:47.796+0000] {logging_mixin.py:190} INFO - [2026-05-08T21:55:47.795+0000] {dag.py:4180} INFO - Setting next_dagrun for example_sensors to None, run_after=None
[2026-05-08T21:55:47.810+0000] {processor.py:208} INFO - Processing /home/airflow/.local/lib/python3.12/site-packages/airflow/example_dags/example_sensors.py took 0.226 seconds
[2026-05-08T21:56:17.894+0000] {processor.py:186} INFO - Started process (PID=10677) to work on /home/airflow/.local/lib/python3.12/site-packages/airflow/example_dags/example_sensors.py
[2026-05-08T21:56:17.894+0000] {processor.py:914} INFO - Processing file /home/airflow/.local/lib/python3.12/site-packages/airflow/example_dags/example_sensors.py for tasks to queue
[2026-05-08T21:56:17.896+0000] {logging_mixin.py:190} INFO - [2026-05-08T21:56:17.896+0000] {dagbag.py:588} INFO - Filling up the DagBag from /home/airflow/.local/lib/python3.12/site-packages/airflow/example_dags/example_sensors.py
[2026-05-08T21:56:17.904+0000] {processor.py:925} INFO - DAG(s) 'example_sensors' retrieved from /home/airflow/.local/lib/python3.12/site-packages/airflow/example_dags/example_sensors.py
[2026-05-08T21:56:17.924+0000] {logging_mixin.py:190} INFO - [2026-05-08T21:56:17.924+0000] {dag.py:3239} INFO - Sync 1 DAGs
[2026-05-08T21:56:17.935+0000] {logging_mixin.py:190} INFO - [2026-05-08T21:56:17.935+0000] {dag.py:4180} INFO - Setting next_dagrun for example_sensors to None, run_after=None
[2026-05-08T21:56:18.088+0000] {processor.py:208} INFO - Processing /home/airflow/.local/lib/python3.12/site-packages/airflow/example_dags/example_sensors.py took 0.199 seconds
[2026-05-08T21:56:48.119+0000] {processor.py:186} INFO - Started process (PID=10741) to work on /home/airflow/.local/lib/python3.12/site-packages/airflow/example_dags/example_sensors.py
[2026-05-08T21:56:48.119+0000] {processor.py:914} INFO - Processing file /home/airflow/.local/lib/python3.12/site-packages/airflow/example_dags/example_sensors.py for tasks to queue
[2026-05-08T21:56:48.121+0000] {logging_mixin.py:190} INFO - [2026-05-08T21:56:48.121+0000] {dagbag.py:588} INFO - Filling up the DagBag from /home/airflow/.local/lib/python3.12/site-packages/airflow/example_dags/example_sensors.py
[2026-05-08T21:56:48.130+0000] {processor.py:925} INFO - DAG(s) 'example_sensors' retrieved from /home/airflow/.local/lib/python3.12/site-packages/airflow/example_dags/example_sensors.py
[2026-05-08T21:56:48.149+0000] {logging_mixin.py:190} INFO - [2026-05-08T21:56:48.149+0000] {dag.py:3239} INFO - Sync 1 DAGs
[2026-05-08T21:56:48.161+0000] {logging_mixin.py:190} INFO - [2026-05-08T21:56:48.161+0000] {dag.py:4180} INFO - Setting next_dagrun for example_sensors to None, run_after=None
[2026-05-08T21:56:48.178+0000] {processor.py:208} INFO - Processing /home/airflow/.local/lib/python3.12/site-packages/airflow/example_dags/example_sensors.py took 0.063 seconds
[2026-05-08T21:57:20.137+0000] {processor.py:186} INFO - Started process (PID=10804) to work on /home/airflow/.local/lib/python3.12/site-packages/airflow/example_dags/example_sensors.py
[2026-05-08T21:57:20.138+0000] {processor.py:914} INFO - Processing file /home/airflow/.local/lib/python3.12/site-packages/airflow/example_dags/example_sensors.py for tasks to queue
[2026-05-08T21:57:20.140+0000] {logging_mixin.py:190} INFO - [2026-05-08T21:57:20.140+0000] {dagbag.py:588} INFO - Filling up the DagBag from /home/airflow/.local/lib/python3.12/site-packages/airflow/example_dags/example_sensors.py
[2026-05-08T21:57:20.149+0000] {processor.py:925} INFO - DAG(s) 'example_sensors' retrieved from /home/airflow/.local/lib/python3.12/site-packages/airflow/example_dags/example_sensors.py
[2026-05-08T21:57:20.172+0000] {logging_mixin.py:190} INFO - [2026-05-08T21:57:20.172+0000] {dag.py:3239} INFO - Sync 1 DAGs
[2026-05-08T21:57:20.183+0000] {logging_mixin.py:190} INFO - [2026-05-08T21:57:20.183+0000] {dag.py:4180} INFO - Setting next_dagrun for example_sensors to None, run_after=None
[2026-05-08T21:57:20.198+0000] {processor.py:208} INFO - Processing /home/airflow/.local/lib/python3.12/site-packages/airflow/example_dags/example_sensors.py took 0.065 seconds
[2026-05-08T21:57:50.715+0000] {processor.py:186} INFO - Started process (PID=10868) to work on /home/airflow/.local/lib/python3.12/site-packages/airflow/example_dags/example_sensors.py
[2026-05-08T21:57:50.716+0000] {processor.py:914} INFO - Processing file /home/airflow/.local/lib/python3.12/site-packages/airflow/example_dags/example_sensors.py for tasks to queue
[2026-05-08T21:57:50.717+0000] {logging_mixin.py:190} INFO - [2026-05-08T21:57:50.717+0000] {dagbag.py:588} INFO - Filling up the DagBag from /home/airflow/.local/lib/python3.12/site-packages/airflow/example_dags/example_sensors.py
[2026-05-08T21:57:50.726+0000] {processor.py:925} INFO - DAG(s) 'example_sensors' retrieved from /home/airflow/.local/lib/python3.12/site-packages/airflow/example_dags/example_sensors.py
[2026-05-08T21:57:50.746+0000] {logging_mixin.py:190} INFO - [2026-05-08T21:57:50.746+0000] {dag.py:3239} INFO - Sync 1 DAGs
[2026-05-08T21:57:50.761+0000] {logging_mixin.py:190} INFO - [2026-05-08T21:57:50.761+0000] {dag.py:4180} INFO - Setting next_dagrun for example_sensors to None, run_after=None
[2026-05-08T21:57:50.776+0000] {processor.py:208} INFO - Processing /home/airflow/.local/lib/python3.12/site-packages/airflow/example_dags/example_sensors.py took 0.066 seconds
[2026-05-08T21:58:21.850+0000] {processor.py:186} INFO - Started process (PID=10932) to work on /home/airflow/.local/lib/python3.12/site-packages/airflow/example_dags/example_sensors.py
[2026-05-08T21:58:21.851+0000] {processor.py:914} INFO - Processing file /home/airflow/.local/lib/python3.12/site-packages/airflow/example_dags/example_sensors.py for tasks to queue
[2026-05-08T21:58:21.853+0000] {logging_mixin.py:190} INFO - [2026-05-08T21:58:21.853+0000] {dagbag.py:588} INFO - Filling up the DagBag from /home/airflow/.local/lib/python3.12/site-packages/airflow/example_dags/example_sensors.py
[2026-05-08T21:58:21.865+0000] {processor.py:925} INFO - DAG(s) 'example_sensors' retrieved from /home/airflow/.local/lib/python3.12/site-packages/airflow/example_dags/example_sensors.py
[2026-05-08T21:58:21.888+0000] {logging_mixin.py:190} INFO - [2026-05-08T21:58:21.887+0000] {dag.py:3239} INFO - Sync 1 DAGs
[2026-05-08T21:58:21.899+0000] {logging_mixin.py:190} INFO - [2026-05-08T21:58:21.899+0000] {dag.py:4180} INFO - Setting next_dagrun for example_sensors to None, run_after=None
[2026-05-08T21:58:21.917+0000] {processor.py:208} INFO - Processing /home/airflow/.local/lib/python3.12/site-packages/airflow/example_dags/example_sensors.py took 0.071 seconds
[2026-05-08T21:58:53.250+0000] {processor.py:186} INFO - Started process (PID=10998) to work on /home/airflow/.local/lib/python3.12/site-packages/airflow/example_dags/example_sensors.py
[2026-05-08T21:58:53.251+0000] {processor.py:914} INFO - Processing file /home/airflow/.local/lib/python3.12/site-packages/airflow/example_dags/example_sensors.py for tasks to queue
[2026-05-08T21:58:53.252+0000] {logging_mixin.py:190} INFO - [2026-05-08T21:58:53.252+0000] {dagbag.py:588} INFO - Filling up the DagBag from /home/airflow/.local/lib/python3.12/site-packages/airflow/example_dags/example_sensors.py
[2026-05-08T21:58:53.261+0000] {processor.py:925} INFO - DAG(s) 'example_sensors' retrieved from /home/airflow/.local/lib/python3.12/site-packages/airflow/example_dags/example_sensors.py
[2026-05-08T21:58:53.283+0000] {logging_mixin.py:190} INFO - [2026-05-08T21:58:53.282+0000] {dag.py:3239} INFO - Sync 1 DAGs
[2026-05-08T21:58:53.294+0000] {logging_mixin.py:190} INFO - [2026-05-08T21:58:53.294+0000] {dag.py:4180} INFO - Setting next_dagrun for example_sensors to None, run_after=None
[2026-05-08T21:58:53.307+0000] {processor.py:208} INFO - Processing /home/airflow/.local/lib/python3.12/site-packages/airflow/example_dags/example_sensors.py took 0.062 seconds
[2026-05-08T21:59:24.508+0000] {processor.py:186} INFO - Started process (PID=11062) to work on /home/airflow/.local/lib/python3.12/site-packages/airflow/example_dags/example_sensors.py
[2026-05-08T21:59:24.508+0000] {processor.py:914} INFO - Processing file /home/airflow/.local/lib/python3.12/site-packages/airflow/example_dags/example_sensors.py for tasks to queue
[2026-05-08T21:59:24.510+0000] {logging_mixin.py:190} INFO - [2026-05-08T21:59:24.510+0000] {dagbag.py:588} INFO - Filling up the DagBag from /home/airflow/.local/lib/python3.12/site-packages/airflow/example_dags/example_sensors.py
[2026-05-08T21:59:24.521+0000] {processor.py:925} INFO - DAG(s) 'example_sensors' retrieved from /home/airflow/.local/lib/python3.12/site-packages/airflow/example_dags/example_sensors.py
[2026-05-08T21:59:24.542+0000] {logging_mixin.py:190} INFO - [2026-05-08T21:59:24.542+0000] {dag.py:3239} INFO - Sync 1 DAGs
[2026-05-08T21:59:24.556+0000] {logging_mixin.py:190} INFO - [2026-05-08T21:59:24.556+0000] {dag.py:4180} INFO - Setting next_dagrun for example_sensors to None, run_after=None
[2026-05-08T21:59:24.576+0000] {processor.py:208} INFO - Processing /home/airflow/.local/lib/python3.12/site-packages/airflow/example_dags/example_sensors.py took 0.073 seconds
[2026-05-08T21:59:55.758+0000] {processor.py:186} INFO - Started process (PID=11126) to work on /home/airflow/.local/lib/python3.12/site-packages/airflow/example_dags/example_sensors.py
[2026-05-08T21:59:55.759+0000] {processor.py:914} INFO - Processing file /home/airflow/.local/lib/python3.12/site-packages/airflow/example_dags/example_sensors.py for tasks to queue
[2026-05-08T21:59:55.761+0000] {logging_mixin.py:190} INFO - [2026-05-08T21:59:55.760+0000] {dagbag.py:588} INFO - Filling up the DagBag from /home/airflow/.local/lib/python3.12/site-packages/airflow/example_dags/example_sensors.py
[2026-05-08T21:59:55.771+0000] {processor.py:925} INFO - DAG(s) 'example_sensors' retrieved from /home/airflow/.local/lib/python3.12/site-packages/airflow/example_dags/example_sensors.py
[2026-05-08T21:59:55.792+0000] {logging_mixin.py:190} INFO - [2026-05-08T21:59:55.792+0000] {dag.py:3239} INFO - Sync 1 DAGs
[2026-05-08T21:59:55.804+0000] {logging_mixin.py:190} INFO - [2026-05-08T21:59:55.804+0000] {dag.py:4180} INFO - Setting next_dagrun for example_sensors to None, run_after=None
[2026-05-08T21:59:55.817+0000] {processor.py:208} INFO - Processing /home/airflow/.local/lib/python3.12/site-packages/airflow/example_dags/example_sensors.py took 0.065 seconds
[2026-05-08T22:00:27.426+0000] {processor.py:186} INFO - Started process (PID=11190) to work on /home/airflow/.local/lib/python3.12/site-packages/airflow/example_dags/example_sensors.py
[2026-05-08T22:00:27.429+0000] {processor.py:914} INFO - Processing file /home/airflow/.local/lib/python3.12/site-packages/airflow/example_dags/example_sensors.py for tasks to queue
[2026-05-08T22:00:27.433+0000] {logging_mixin.py:190} INFO - [2026-05-08T22:00:27.432+0000] {dagbag.py:588} INFO - Filling up the DagBag from /home/airflow/.local/lib/python3.12/site-packages/airflow/example_dags/example_sensors.py
[2026-05-08T22:00:27.470+0000] {processor.py:925} INFO - DAG(s) 'example_sensors' retrieved from /home/airflow/.local/lib/python3.12/site-packages/airflow/example_dags/example_sensors.py
[2026-05-08T22:00:27.547+0000] {logging_mixin.py:190} INFO - [2026-05-08T22:00:27.547+0000] {dag.py:3239} INFO - Sync 1 DAGs
[2026-05-08T22:00:27.567+0000] {logging_mixin.py:190} INFO - [2026-05-08T22:00:27.567+0000] {dag.py:4180} INFO - Setting next_dagrun for example_sensors to None, run_after=None
[2026-05-08T22:00:27.587+0000] {processor.py:208} INFO - Processing /home/airflow/.local/lib/python3.12/site-packages/airflow/example_dags/example_sensors.py took 0.176 seconds
[2026-05-08T22:00:57.911+0000] {processor.py:186} INFO - Started process (PID=11254) to work on /home/airflow/.local/lib/python3.12/site-packages/airflow/example_dags/example_sensors.py
[2026-05-08T22:00:57.916+0000] {processor.py:914} INFO - Processing file /home/airflow/.local/lib/python3.12/site-packages/airflow/example_dags/example_sensors.py for tasks to queue
[2026-05-08T22:00:57.918+0000] {logging_mixin.py:190} INFO - [2026-05-08T22:00:57.918+0000] {dagbag.py:588} INFO - Filling up the DagBag from /home/airflow/.local/lib/python3.12/site-packages/airflow/example_dags/example_sensors.py
[2026-05-08T22:00:57.931+0000] {processor.py:925} INFO - DAG(s) 'example_sensors' retrieved from /home/airflow/.local/lib/python3.12/site-packages/airflow/example_dags/example_sensors.py
[2026-05-08T22:00:57.962+0000] {logging_mixin.py:190} INFO - [2026-05-08T22:00:57.962+0000] {dag.py:3239} INFO - Sync 1 DAGs
[2026-05-08T22:00:57.987+0000] {logging_mixin.py:190} INFO - [2026-05-08T22:00:57.987+0000] {dag.py:4180} INFO - Setting next_dagrun for example_sensors to None, run_after=None
[2026-05-08T22:00:58.008+0000] {processor.py:208} INFO - Processing /home/airflow/.local/lib/python3.12/site-packages/airflow/example_dags/example_sensors.py took 0.105 seconds
[2026-05-08T22:01:29.294+0000] {processor.py:186} INFO - Started process (PID=11318) to work on /home/airflow/.local/lib/python3.12/site-packages/airflow/example_dags/example_sensors.py
[2026-05-08T22:01:29.295+0000] {processor.py:914} INFO - Processing file /home/airflow/.local/lib/python3.12/site-packages/airflow/example_dags/example_sensors.py for tasks to queue
[2026-05-08T22:01:29.297+0000] {logging_mixin.py:190} INFO - [2026-05-08T22:01:29.297+0000] {dagbag.py:588} INFO - Filling up the DagBag from /home/airflow/.local/lib/python3.12/site-packages/airflow/example_dags/example_sensors.py
[2026-05-08T22:01:29.305+0000] {processor.py:925} INFO - DAG(s) 'example_sensors' retrieved from /home/airflow/.local/lib/python3.12/site-packages/airflow/example_dags/example_sensors.py
[2026-05-08T22:01:29.330+0000] {logging_mixin.py:190} INFO - [2026-05-08T22:01:29.330+0000] {dag.py:3239} INFO - Sync 1 DAGs
[2026-05-08T22:01:29.346+0000] {logging_mixin.py:190} INFO - [2026-05-08T22:01:29.346+0000] {dag.py:4180} INFO - Setting next_dagrun for example_sensors to None, run_after=None
[2026-05-08T22:01:29.363+0000] {processor.py:208} INFO - Processing /home/airflow/.local/lib/python3.12/site-packages/airflow/example_dags/example_sensors.py took 0.073 seconds
[2026-05-08T22:02:00.082+0000] {processor.py:186} INFO - Started process (PID=11382) to work on /home/airflow/.local/lib/python3.12/site-packages/airflow/example_dags/example_sensors.py
[2026-05-08T22:02:00.082+0000] {processor.py:914} INFO - Processing file /home/airflow/.local/lib/python3.12/site-packages/airflow/example_dags/example_sensors.py for tasks to queue
[2026-05-08T22:02:00.085+0000] {logging_mixin.py:190} INFO - [2026-05-08T22:02:00.084+0000] {dagbag.py:588} INFO - Filling up the DagBag from /home/airflow/.local/lib/python3.12/site-packages/airflow/example_dags/example_sensors.py
[2026-05-08T22:02:00.097+0000] {processor.py:925} INFO - DAG(s) 'example_sensors' retrieved from /home/airflow/.local/lib/python3.12/site-packages/airflow/example_dags/example_sensors.py
[2026-05-08T22:02:00.120+0000] {logging_mixin.py:190} INFO - [2026-05-08T22:02:00.120+0000] {dag.py:3239} INFO - Sync 1 DAGs
[2026-05-08T22:02:00.134+0000] {logging_mixin.py:190} INFO - [2026-05-08T22:02:00.134+0000] {dag.py:4180} INFO - Setting next_dagrun for example_sensors to None, run_after=None
[2026-05-08T22:02:00.148+0000] {processor.py:208} INFO - Processing /home/airflow/.local/lib/python3.12/site-packages/airflow/example_dags/example_sensors.py took 0.072 seconds
