[2026-05-08T20:31:17.781+0000] {processor.py:186} INFO - Started process (PID=77) to work on /home/airflow/.local/lib/python3.12/site-packages/airflow/example_dags/example_setup_teardown.py
[2026-05-08T20:31:17.782+0000] {processor.py:914} INFO - Processing file /home/airflow/.local/lib/python3.12/site-packages/airflow/example_dags/example_setup_teardown.py for tasks to queue
[2026-05-08T20:31:17.784+0000] {logging_mixin.py:190} INFO - [2026-05-08T20:31:17.784+0000] {dagbag.py:588} INFO - Filling up the DagBag from /home/airflow/.local/lib/python3.12/site-packages/airflow/example_dags/example_setup_teardown.py
[2026-05-08T20:31:17.794+0000] {processor.py:925} INFO - DAG(s) 'example_setup_teardown' retrieved from /home/airflow/.local/lib/python3.12/site-packages/airflow/example_dags/example_setup_teardown.py
[2026-05-08T20:31:17.825+0000] {logging_mixin.py:190} INFO - [2026-05-08T20:31:17.825+0000] {dag.py:3239} INFO - Sync 1 DAGs
[2026-05-08T20:31:17.840+0000] {logging_mixin.py:190} INFO - [2026-05-08T20:31:17.840+0000] {dag.py:4180} INFO - Setting next_dagrun for example_setup_teardown to None, run_after=None
[2026-05-08T20:31:17.866+0000] {processor.py:208} INFO - Processing /home/airflow/.local/lib/python3.12/site-packages/airflow/example_dags/example_setup_teardown.py took 0.092 seconds
[2026-05-08T20:31:49.092+0000] {processor.py:186} INFO - Started process (PID=140) to work on /home/airflow/.local/lib/python3.12/site-packages/airflow/example_dags/example_setup_teardown.py
[2026-05-08T20:31:49.093+0000] {processor.py:914} INFO - Processing file /home/airflow/.local/lib/python3.12/site-packages/airflow/example_dags/example_setup_teardown.py for tasks to queue
[2026-05-08T20:31:49.095+0000] {logging_mixin.py:190} INFO - [2026-05-08T20:31:49.095+0000] {dagbag.py:588} INFO - Filling up the DagBag from /home/airflow/.local/lib/python3.12/site-packages/airflow/example_dags/example_setup_teardown.py
[2026-05-08T20:31:49.102+0000] {processor.py:925} INFO - DAG(s) 'example_setup_teardown' retrieved from /home/airflow/.local/lib/python3.12/site-packages/airflow/example_dags/example_setup_teardown.py
[2026-05-08T20:31:49.119+0000] {logging_mixin.py:190} INFO - [2026-05-08T20:31:49.119+0000] {dag.py:3239} INFO - Sync 1 DAGs
[2026-05-08T20:31:49.131+0000] {logging_mixin.py:190} INFO - [2026-05-08T20:31:49.131+0000] {dag.py:4180} INFO - Setting next_dagrun for example_setup_teardown to None, run_after=None
[2026-05-08T20:31:49.145+0000] {processor.py:208} INFO - Processing /home/airflow/.local/lib/python3.12/site-packages/airflow/example_dags/example_setup_teardown.py took 0.058 seconds
[2026-05-08T20:32:19.892+0000] {processor.py:186} INFO - Started process (PID=204) to work on /home/airflow/.local/lib/python3.12/site-packages/airflow/example_dags/example_setup_teardown.py
[2026-05-08T20:32:19.893+0000] {processor.py:914} INFO - Processing file /home/airflow/.local/lib/python3.12/site-packages/airflow/example_dags/example_setup_teardown.py for tasks to queue
[2026-05-08T20:32:19.894+0000] {logging_mixin.py:190} INFO - [2026-05-08T20:32:19.894+0000] {dagbag.py:588} INFO - Filling up the DagBag from /home/airflow/.local/lib/python3.12/site-packages/airflow/example_dags/example_setup_teardown.py
[2026-05-08T20:32:19.901+0000] {processor.py:925} INFO - DAG(s) 'example_setup_teardown' retrieved from /home/airflow/.local/lib/python3.12/site-packages/airflow/example_dags/example_setup_teardown.py
[2026-05-08T20:32:19.919+0000] {logging_mixin.py:190} INFO - [2026-05-08T20:32:19.919+0000] {dag.py:3239} INFO - Sync 1 DAGs
[2026-05-08T20:32:19.932+0000] {logging_mixin.py:190} INFO - [2026-05-08T20:32:19.932+0000] {dag.py:4180} INFO - Setting next_dagrun for example_setup_teardown to None, run_after=None
[2026-05-08T20:32:19.946+0000] {processor.py:208} INFO - Processing /home/airflow/.local/lib/python3.12/site-packages/airflow/example_dags/example_setup_teardown.py took 0.058 seconds
[2026-05-08T20:32:50.538+0000] {processor.py:186} INFO - Started process (PID=268) to work on /home/airflow/.local/lib/python3.12/site-packages/airflow/example_dags/example_setup_teardown.py
[2026-05-08T20:32:50.538+0000] {processor.py:914} INFO - Processing file /home/airflow/.local/lib/python3.12/site-packages/airflow/example_dags/example_setup_teardown.py for tasks to queue
[2026-05-08T20:32:50.540+0000] {logging_mixin.py:190} INFO - [2026-05-08T20:32:50.540+0000] {dagbag.py:588} INFO - Filling up the DagBag from /home/airflow/.local/lib/python3.12/site-packages/airflow/example_dags/example_setup_teardown.py
[2026-05-08T20:32:50.547+0000] {processor.py:925} INFO - DAG(s) 'example_setup_teardown' retrieved from /home/airflow/.local/lib/python3.12/site-packages/airflow/example_dags/example_setup_teardown.py
[2026-05-08T20:32:50.564+0000] {logging_mixin.py:190} INFO - [2026-05-08T20:32:50.564+0000] {dag.py:3239} INFO - Sync 1 DAGs
[2026-05-08T20:32:50.575+0000] {logging_mixin.py:190} INFO - [2026-05-08T20:32:50.575+0000] {dag.py:4180} INFO - Setting next_dagrun for example_setup_teardown to None, run_after=None
[2026-05-08T20:32:50.589+0000] {processor.py:208} INFO - Processing /home/airflow/.local/lib/python3.12/site-packages/airflow/example_dags/example_setup_teardown.py took 0.057 seconds
[2026-05-08T20:33:21.900+0000] {processor.py:186} INFO - Started process (PID=332) to work on /home/airflow/.local/lib/python3.12/site-packages/airflow/example_dags/example_setup_teardown.py
[2026-05-08T20:33:21.900+0000] {processor.py:914} INFO - Processing file /home/airflow/.local/lib/python3.12/site-packages/airflow/example_dags/example_setup_teardown.py for tasks to queue
[2026-05-08T20:33:21.902+0000] {logging_mixin.py:190} INFO - [2026-05-08T20:33:21.902+0000] {dagbag.py:588} INFO - Filling up the DagBag from /home/airflow/.local/lib/python3.12/site-packages/airflow/example_dags/example_setup_teardown.py
[2026-05-08T20:33:21.909+0000] {processor.py:925} INFO - DAG(s) 'example_setup_teardown' retrieved from /home/airflow/.local/lib/python3.12/site-packages/airflow/example_dags/example_setup_teardown.py
[2026-05-08T20:33:21.928+0000] {logging_mixin.py:190} INFO - [2026-05-08T20:33:21.928+0000] {dag.py:3239} INFO - Sync 1 DAGs
[2026-05-08T20:33:21.943+0000] {logging_mixin.py:190} INFO - [2026-05-08T20:33:21.943+0000] {dag.py:4180} INFO - Setting next_dagrun for example_setup_teardown to None, run_after=None
[2026-05-08T20:33:21.957+0000] {processor.py:208} INFO - Processing /home/airflow/.local/lib/python3.12/site-packages/airflow/example_dags/example_setup_teardown.py took 0.062 seconds
[2026-05-08T20:33:53.265+0000] {processor.py:186} INFO - Started process (PID=396) to work on /home/airflow/.local/lib/python3.12/site-packages/airflow/example_dags/example_setup_teardown.py
[2026-05-08T20:33:53.265+0000] {processor.py:914} INFO - Processing file /home/airflow/.local/lib/python3.12/site-packages/airflow/example_dags/example_setup_teardown.py for tasks to queue
[2026-05-08T20:33:53.267+0000] {logging_mixin.py:190} INFO - [2026-05-08T20:33:53.267+0000] {dagbag.py:588} INFO - Filling up the DagBag from /home/airflow/.local/lib/python3.12/site-packages/airflow/example_dags/example_setup_teardown.py
[2026-05-08T20:33:53.274+0000] {processor.py:925} INFO - DAG(s) 'example_setup_teardown' retrieved from /home/airflow/.local/lib/python3.12/site-packages/airflow/example_dags/example_setup_teardown.py
[2026-05-08T20:33:53.290+0000] {logging_mixin.py:190} INFO - [2026-05-08T20:33:53.289+0000] {dag.py:3239} INFO - Sync 1 DAGs
[2026-05-08T20:33:53.301+0000] {logging_mixin.py:190} INFO - [2026-05-08T20:33:53.301+0000] {dag.py:4180} INFO - Setting next_dagrun for example_setup_teardown to None, run_after=None
[2026-05-08T20:33:53.314+0000] {processor.py:208} INFO - Processing /home/airflow/.local/lib/python3.12/site-packages/airflow/example_dags/example_setup_teardown.py took 0.053 seconds
[2026-05-08T20:34:24.457+0000] {processor.py:186} INFO - Started process (PID=460) to work on /home/airflow/.local/lib/python3.12/site-packages/airflow/example_dags/example_setup_teardown.py
[2026-05-08T20:34:24.458+0000] {processor.py:914} INFO - Processing file /home/airflow/.local/lib/python3.12/site-packages/airflow/example_dags/example_setup_teardown.py for tasks to queue
[2026-05-08T20:34:24.460+0000] {logging_mixin.py:190} INFO - [2026-05-08T20:34:24.459+0000] {dagbag.py:588} INFO - Filling up the DagBag from /home/airflow/.local/lib/python3.12/site-packages/airflow/example_dags/example_setup_teardown.py
[2026-05-08T20:34:24.467+0000] {processor.py:925} INFO - DAG(s) 'example_setup_teardown' retrieved from /home/airflow/.local/lib/python3.12/site-packages/airflow/example_dags/example_setup_teardown.py
[2026-05-08T20:34:24.486+0000] {logging_mixin.py:190} INFO - [2026-05-08T20:34:24.486+0000] {dag.py:3239} INFO - Sync 1 DAGs
[2026-05-08T20:34:24.503+0000] {logging_mixin.py:190} INFO - [2026-05-08T20:34:24.502+0000] {dag.py:4180} INFO - Setting next_dagrun for example_setup_teardown to None, run_after=None
[2026-05-08T20:34:24.520+0000] {processor.py:208} INFO - Processing /home/airflow/.local/lib/python3.12/site-packages/airflow/example_dags/example_setup_teardown.py took 0.068 seconds
[2026-05-08T20:34:55.791+0000] {processor.py:186} INFO - Started process (PID=524) to work on /home/airflow/.local/lib/python3.12/site-packages/airflow/example_dags/example_setup_teardown.py
[2026-05-08T20:34:55.792+0000] {processor.py:914} INFO - Processing file /home/airflow/.local/lib/python3.12/site-packages/airflow/example_dags/example_setup_teardown.py for tasks to queue
[2026-05-08T20:34:55.794+0000] {logging_mixin.py:190} INFO - [2026-05-08T20:34:55.794+0000] {dagbag.py:588} INFO - Filling up the DagBag from /home/airflow/.local/lib/python3.12/site-packages/airflow/example_dags/example_setup_teardown.py
[2026-05-08T20:34:55.801+0000] {processor.py:925} INFO - DAG(s) 'example_setup_teardown' retrieved from /home/airflow/.local/lib/python3.12/site-packages/airflow/example_dags/example_setup_teardown.py
[2026-05-08T20:34:55.818+0000] {logging_mixin.py:190} INFO - [2026-05-08T20:34:55.818+0000] {dag.py:3239} INFO - Sync 1 DAGs
[2026-05-08T20:34:55.830+0000] {logging_mixin.py:190} INFO - [2026-05-08T20:34:55.830+0000] {dag.py:4180} INFO - Setting next_dagrun for example_setup_teardown to None, run_after=None
[2026-05-08T20:34:55.845+0000] {processor.py:208} INFO - Processing /home/airflow/.local/lib/python3.12/site-packages/airflow/example_dags/example_setup_teardown.py took 0.059 seconds
[2026-05-08T20:35:27.041+0000] {processor.py:186} INFO - Started process (PID=588) to work on /home/airflow/.local/lib/python3.12/site-packages/airflow/example_dags/example_setup_teardown.py
[2026-05-08T20:35:27.042+0000] {processor.py:914} INFO - Processing file /home/airflow/.local/lib/python3.12/site-packages/airflow/example_dags/example_setup_teardown.py for tasks to queue
[2026-05-08T20:35:27.044+0000] {logging_mixin.py:190} INFO - [2026-05-08T20:35:27.044+0000] {dagbag.py:588} INFO - Filling up the DagBag from /home/airflow/.local/lib/python3.12/site-packages/airflow/example_dags/example_setup_teardown.py
[2026-05-08T20:35:27.051+0000] {processor.py:925} INFO - DAG(s) 'example_setup_teardown' retrieved from /home/airflow/.local/lib/python3.12/site-packages/airflow/example_dags/example_setup_teardown.py
[2026-05-08T20:35:27.071+0000] {logging_mixin.py:190} INFO - [2026-05-08T20:35:27.071+0000] {dag.py:3239} INFO - Sync 1 DAGs
[2026-05-08T20:35:27.086+0000] {logging_mixin.py:190} INFO - [2026-05-08T20:35:27.086+0000] {dag.py:4180} INFO - Setting next_dagrun for example_setup_teardown to None, run_after=None
[2026-05-08T20:35:27.104+0000] {processor.py:208} INFO - Processing /home/airflow/.local/lib/python3.12/site-packages/airflow/example_dags/example_setup_teardown.py took 0.068 seconds
[2026-05-08T20:35:58.376+0000] {processor.py:186} INFO - Started process (PID=652) to work on /home/airflow/.local/lib/python3.12/site-packages/airflow/example_dags/example_setup_teardown.py
[2026-05-08T20:35:58.377+0000] {processor.py:914} INFO - Processing file /home/airflow/.local/lib/python3.12/site-packages/airflow/example_dags/example_setup_teardown.py for tasks to queue
[2026-05-08T20:35:58.380+0000] {logging_mixin.py:190} INFO - [2026-05-08T20:35:58.379+0000] {dagbag.py:588} INFO - Filling up the DagBag from /home/airflow/.local/lib/python3.12/site-packages/airflow/example_dags/example_setup_teardown.py
[2026-05-08T20:35:58.396+0000] {processor.py:925} INFO - DAG(s) 'example_setup_teardown' retrieved from /home/airflow/.local/lib/python3.12/site-packages/airflow/example_dags/example_setup_teardown.py
[2026-05-08T20:35:58.417+0000] {logging_mixin.py:190} INFO - [2026-05-08T20:35:58.416+0000] {dag.py:3239} INFO - Sync 1 DAGs
[2026-05-08T20:35:58.433+0000] {logging_mixin.py:190} INFO - [2026-05-08T20:35:58.433+0000] {dag.py:4180} INFO - Setting next_dagrun for example_setup_teardown to None, run_after=None
[2026-05-08T20:35:58.451+0000] {processor.py:208} INFO - Processing /home/airflow/.local/lib/python3.12/site-packages/airflow/example_dags/example_setup_teardown.py took 0.086 seconds
[2026-05-08T20:36:29.195+0000] {processor.py:186} INFO - Started process (PID=716) to work on /home/airflow/.local/lib/python3.12/site-packages/airflow/example_dags/example_setup_teardown.py
[2026-05-08T20:36:29.198+0000] {processor.py:914} INFO - Processing file /home/airflow/.local/lib/python3.12/site-packages/airflow/example_dags/example_setup_teardown.py for tasks to queue
[2026-05-08T20:36:29.203+0000] {logging_mixin.py:190} INFO - [2026-05-08T20:36:29.203+0000] {dagbag.py:588} INFO - Filling up the DagBag from /home/airflow/.local/lib/python3.12/site-packages/airflow/example_dags/example_setup_teardown.py
[2026-05-08T20:36:29.213+0000] {processor.py:925} INFO - DAG(s) 'example_setup_teardown' retrieved from /home/airflow/.local/lib/python3.12/site-packages/airflow/example_dags/example_setup_teardown.py
[2026-05-08T20:36:29.239+0000] {logging_mixin.py:190} INFO - [2026-05-08T20:36:29.239+0000] {dag.py:3239} INFO - Sync 1 DAGs
[2026-05-08T20:36:29.257+0000] {logging_mixin.py:190} INFO - [2026-05-08T20:36:29.256+0000] {dag.py:4180} INFO - Setting next_dagrun for example_setup_teardown to None, run_after=None
[2026-05-08T20:36:29.272+0000] {processor.py:208} INFO - Processing /home/airflow/.local/lib/python3.12/site-packages/airflow/example_dags/example_setup_teardown.py took 0.094 seconds
[2026-05-08T20:37:00.583+0000] {processor.py:186} INFO - Started process (PID=786) to work on /home/airflow/.local/lib/python3.12/site-packages/airflow/example_dags/example_setup_teardown.py
[2026-05-08T20:37:00.584+0000] {processor.py:914} INFO - Processing file /home/airflow/.local/lib/python3.12/site-packages/airflow/example_dags/example_setup_teardown.py for tasks to queue
[2026-05-08T20:37:00.587+0000] {logging_mixin.py:190} INFO - [2026-05-08T20:37:00.586+0000] {dagbag.py:588} INFO - Filling up the DagBag from /home/airflow/.local/lib/python3.12/site-packages/airflow/example_dags/example_setup_teardown.py
[2026-05-08T20:37:00.596+0000] {processor.py:925} INFO - DAG(s) 'example_setup_teardown' retrieved from /home/airflow/.local/lib/python3.12/site-packages/airflow/example_dags/example_setup_teardown.py
[2026-05-08T20:37:00.619+0000] {logging_mixin.py:190} INFO - [2026-05-08T20:37:00.619+0000] {dag.py:3239} INFO - Sync 1 DAGs
[2026-05-08T20:37:00.636+0000] {logging_mixin.py:190} INFO - [2026-05-08T20:37:00.636+0000] {dag.py:4180} INFO - Setting next_dagrun for example_setup_teardown to None, run_after=None
[2026-05-08T20:37:00.652+0000] {processor.py:208} INFO - Processing /home/airflow/.local/lib/python3.12/site-packages/airflow/example_dags/example_setup_teardown.py took 0.078 seconds
[2026-05-08T20:37:31.504+0000] {processor.py:186} INFO - Started process (PID=850) to work on /home/airflow/.local/lib/python3.12/site-packages/airflow/example_dags/example_setup_teardown.py
[2026-05-08T20:37:31.505+0000] {processor.py:914} INFO - Processing file /home/airflow/.local/lib/python3.12/site-packages/airflow/example_dags/example_setup_teardown.py for tasks to queue
[2026-05-08T20:37:31.508+0000] {logging_mixin.py:190} INFO - [2026-05-08T20:37:31.507+0000] {dagbag.py:588} INFO - Filling up the DagBag from /home/airflow/.local/lib/python3.12/site-packages/airflow/example_dags/example_setup_teardown.py
[2026-05-08T20:37:31.517+0000] {processor.py:925} INFO - DAG(s) 'example_setup_teardown' retrieved from /home/airflow/.local/lib/python3.12/site-packages/airflow/example_dags/example_setup_teardown.py
[2026-05-08T20:37:31.550+0000] {logging_mixin.py:190} INFO - [2026-05-08T20:37:31.549+0000] {dag.py:3239} INFO - Sync 1 DAGs
[2026-05-08T20:37:31.569+0000] {logging_mixin.py:190} INFO - [2026-05-08T20:37:31.569+0000] {dag.py:4180} INFO - Setting next_dagrun for example_setup_teardown to None, run_after=None
[2026-05-08T20:37:31.597+0000] {processor.py:208} INFO - Processing /home/airflow/.local/lib/python3.12/site-packages/airflow/example_dags/example_setup_teardown.py took 0.099 seconds
[2026-05-08T20:38:02.389+0000] {processor.py:186} INFO - Started process (PID=914) to work on /home/airflow/.local/lib/python3.12/site-packages/airflow/example_dags/example_setup_teardown.py
[2026-05-08T20:38:02.390+0000] {processor.py:914} INFO - Processing file /home/airflow/.local/lib/python3.12/site-packages/airflow/example_dags/example_setup_teardown.py for tasks to queue
[2026-05-08T20:38:02.392+0000] {logging_mixin.py:190} INFO - [2026-05-08T20:38:02.392+0000] {dagbag.py:588} INFO - Filling up the DagBag from /home/airflow/.local/lib/python3.12/site-packages/airflow/example_dags/example_setup_teardown.py
[2026-05-08T20:38:02.402+0000] {processor.py:925} INFO - DAG(s) 'example_setup_teardown' retrieved from /home/airflow/.local/lib/python3.12/site-packages/airflow/example_dags/example_setup_teardown.py
[2026-05-08T20:38:02.418+0000] {logging_mixin.py:190} INFO - [2026-05-08T20:38:02.418+0000] {dag.py:3239} INFO - Sync 1 DAGs
[2026-05-08T20:38:02.431+0000] {logging_mixin.py:190} INFO - [2026-05-08T20:38:02.431+0000] {dag.py:4180} INFO - Setting next_dagrun for example_setup_teardown to None, run_after=None
[2026-05-08T20:38:02.445+0000] {processor.py:208} INFO - Processing /home/airflow/.local/lib/python3.12/site-packages/airflow/example_dags/example_setup_teardown.py took 0.065 seconds
[2026-05-08T20:38:33.604+0000] {processor.py:186} INFO - Started process (PID=978) to work on /home/airflow/.local/lib/python3.12/site-packages/airflow/example_dags/example_setup_teardown.py
[2026-05-08T20:38:33.605+0000] {processor.py:914} INFO - Processing file /home/airflow/.local/lib/python3.12/site-packages/airflow/example_dags/example_setup_teardown.py for tasks to queue
[2026-05-08T20:38:33.606+0000] {logging_mixin.py:190} INFO - [2026-05-08T20:38:33.606+0000] {dagbag.py:588} INFO - Filling up the DagBag from /home/airflow/.local/lib/python3.12/site-packages/airflow/example_dags/example_setup_teardown.py
[2026-05-08T20:38:33.613+0000] {processor.py:925} INFO - DAG(s) 'example_setup_teardown' retrieved from /home/airflow/.local/lib/python3.12/site-packages/airflow/example_dags/example_setup_teardown.py
[2026-05-08T20:38:33.631+0000] {logging_mixin.py:190} INFO - [2026-05-08T20:38:33.631+0000] {dag.py:3239} INFO - Sync 1 DAGs
[2026-05-08T20:38:33.647+0000] {logging_mixin.py:190} INFO - [2026-05-08T20:38:33.646+0000] {dag.py:4180} INFO - Setting next_dagrun for example_setup_teardown to None, run_after=None
[2026-05-08T20:38:33.661+0000] {processor.py:208} INFO - Processing /home/airflow/.local/lib/python3.12/site-packages/airflow/example_dags/example_setup_teardown.py took 0.062 seconds
[2026-05-08T20:39:04.537+0000] {processor.py:186} INFO - Started process (PID=1042) to work on /home/airflow/.local/lib/python3.12/site-packages/airflow/example_dags/example_setup_teardown.py
[2026-05-08T20:39:04.537+0000] {processor.py:914} INFO - Processing file /home/airflow/.local/lib/python3.12/site-packages/airflow/example_dags/example_setup_teardown.py for tasks to queue
[2026-05-08T20:39:04.539+0000] {logging_mixin.py:190} INFO - [2026-05-08T20:39:04.539+0000] {dagbag.py:588} INFO - Filling up the DagBag from /home/airflow/.local/lib/python3.12/site-packages/airflow/example_dags/example_setup_teardown.py
[2026-05-08T20:39:04.546+0000] {processor.py:925} INFO - DAG(s) 'example_setup_teardown' retrieved from /home/airflow/.local/lib/python3.12/site-packages/airflow/example_dags/example_setup_teardown.py
[2026-05-08T20:39:04.561+0000] {logging_mixin.py:190} INFO - [2026-05-08T20:39:04.561+0000] {dag.py:3239} INFO - Sync 1 DAGs
[2026-05-08T20:39:04.573+0000] {logging_mixin.py:190} INFO - [2026-05-08T20:39:04.573+0000] {dag.py:4180} INFO - Setting next_dagrun for example_setup_teardown to None, run_after=None
[2026-05-08T20:39:04.586+0000] {processor.py:208} INFO - Processing /home/airflow/.local/lib/python3.12/site-packages/airflow/example_dags/example_setup_teardown.py took 0.055 seconds
[2026-05-08T20:39:35.300+0000] {processor.py:186} INFO - Started process (PID=1106) to work on /home/airflow/.local/lib/python3.12/site-packages/airflow/example_dags/example_setup_teardown.py
[2026-05-08T20:39:35.300+0000] {processor.py:914} INFO - Processing file /home/airflow/.local/lib/python3.12/site-packages/airflow/example_dags/example_setup_teardown.py for tasks to queue
[2026-05-08T20:39:35.302+0000] {logging_mixin.py:190} INFO - [2026-05-08T20:39:35.302+0000] {dagbag.py:588} INFO - Filling up the DagBag from /home/airflow/.local/lib/python3.12/site-packages/airflow/example_dags/example_setup_teardown.py
[2026-05-08T20:39:35.309+0000] {processor.py:925} INFO - DAG(s) 'example_setup_teardown' retrieved from /home/airflow/.local/lib/python3.12/site-packages/airflow/example_dags/example_setup_teardown.py
[2026-05-08T20:39:35.324+0000] {logging_mixin.py:190} INFO - [2026-05-08T20:39:35.323+0000] {dag.py:3239} INFO - Sync 1 DAGs
[2026-05-08T20:39:35.335+0000] {logging_mixin.py:190} INFO - [2026-05-08T20:39:35.334+0000] {dag.py:4180} INFO - Setting next_dagrun for example_setup_teardown to None, run_after=None
[2026-05-08T20:39:35.347+0000] {processor.py:208} INFO - Processing /home/airflow/.local/lib/python3.12/site-packages/airflow/example_dags/example_setup_teardown.py took 0.052 seconds
[2026-05-08T20:40:06.195+0000] {processor.py:186} INFO - Started process (PID=1170) to work on /home/airflow/.local/lib/python3.12/site-packages/airflow/example_dags/example_setup_teardown.py
[2026-05-08T20:40:06.196+0000] {processor.py:914} INFO - Processing file /home/airflow/.local/lib/python3.12/site-packages/airflow/example_dags/example_setup_teardown.py for tasks to queue
[2026-05-08T20:40:06.197+0000] {logging_mixin.py:190} INFO - [2026-05-08T20:40:06.197+0000] {dagbag.py:588} INFO - Filling up the DagBag from /home/airflow/.local/lib/python3.12/site-packages/airflow/example_dags/example_setup_teardown.py
[2026-05-08T20:40:06.207+0000] {processor.py:925} INFO - DAG(s) 'example_setup_teardown' retrieved from /home/airflow/.local/lib/python3.12/site-packages/airflow/example_dags/example_setup_teardown.py
[2026-05-08T20:40:06.223+0000] {logging_mixin.py:190} INFO - [2026-05-08T20:40:06.223+0000] {dag.py:3239} INFO - Sync 1 DAGs
[2026-05-08T20:40:06.241+0000] {logging_mixin.py:190} INFO - [2026-05-08T20:40:06.241+0000] {dag.py:4180} INFO - Setting next_dagrun for example_setup_teardown to None, run_after=None
[2026-05-08T20:40:06.258+0000] {processor.py:208} INFO - Processing /home/airflow/.local/lib/python3.12/site-packages/airflow/example_dags/example_setup_teardown.py took 0.067 seconds
[2026-05-08T20:40:37.142+0000] {processor.py:186} INFO - Started process (PID=1234) to work on /home/airflow/.local/lib/python3.12/site-packages/airflow/example_dags/example_setup_teardown.py
[2026-05-08T20:40:37.143+0000] {processor.py:914} INFO - Processing file /home/airflow/.local/lib/python3.12/site-packages/airflow/example_dags/example_setup_teardown.py for tasks to queue
[2026-05-08T20:40:37.145+0000] {logging_mixin.py:190} INFO - [2026-05-08T20:40:37.145+0000] {dagbag.py:588} INFO - Filling up the DagBag from /home/airflow/.local/lib/python3.12/site-packages/airflow/example_dags/example_setup_teardown.py
[2026-05-08T20:40:37.154+0000] {processor.py:925} INFO - DAG(s) 'example_setup_teardown' retrieved from /home/airflow/.local/lib/python3.12/site-packages/airflow/example_dags/example_setup_teardown.py
[2026-05-08T20:40:37.174+0000] {logging_mixin.py:190} INFO - [2026-05-08T20:40:37.174+0000] {dag.py:3239} INFO - Sync 1 DAGs
[2026-05-08T20:40:37.187+0000] {logging_mixin.py:190} INFO - [2026-05-08T20:40:37.187+0000] {dag.py:4180} INFO - Setting next_dagrun for example_setup_teardown to None, run_after=None
[2026-05-08T20:40:37.202+0000] {processor.py:208} INFO - Processing /home/airflow/.local/lib/python3.12/site-packages/airflow/example_dags/example_setup_teardown.py took 0.064 seconds
[2026-05-08T20:41:08.812+0000] {processor.py:186} INFO - Started process (PID=1298) to work on /home/airflow/.local/lib/python3.12/site-packages/airflow/example_dags/example_setup_teardown.py
[2026-05-08T20:41:08.812+0000] {processor.py:914} INFO - Processing file /home/airflow/.local/lib/python3.12/site-packages/airflow/example_dags/example_setup_teardown.py for tasks to queue
[2026-05-08T20:41:08.814+0000] {logging_mixin.py:190} INFO - [2026-05-08T20:41:08.814+0000] {dagbag.py:588} INFO - Filling up the DagBag from /home/airflow/.local/lib/python3.12/site-packages/airflow/example_dags/example_setup_teardown.py
[2026-05-08T20:41:08.821+0000] {processor.py:925} INFO - DAG(s) 'example_setup_teardown' retrieved from /home/airflow/.local/lib/python3.12/site-packages/airflow/example_dags/example_setup_teardown.py
[2026-05-08T20:41:08.838+0000] {logging_mixin.py:190} INFO - [2026-05-08T20:41:08.838+0000] {dag.py:3239} INFO - Sync 1 DAGs
[2026-05-08T20:41:08.850+0000] {logging_mixin.py:190} INFO - [2026-05-08T20:41:08.850+0000] {dag.py:4180} INFO - Setting next_dagrun for example_setup_teardown to None, run_after=None
[2026-05-08T20:41:08.866+0000] {processor.py:208} INFO - Processing /home/airflow/.local/lib/python3.12/site-packages/airflow/example_dags/example_setup_teardown.py took 0.058 seconds
[2026-05-08T20:41:40.033+0000] {processor.py:186} INFO - Started process (PID=1362) to work on /home/airflow/.local/lib/python3.12/site-packages/airflow/example_dags/example_setup_teardown.py
[2026-05-08T20:41:40.033+0000] {processor.py:914} INFO - Processing file /home/airflow/.local/lib/python3.12/site-packages/airflow/example_dags/example_setup_teardown.py for tasks to queue
[2026-05-08T20:41:40.035+0000] {logging_mixin.py:190} INFO - [2026-05-08T20:41:40.035+0000] {dagbag.py:588} INFO - Filling up the DagBag from /home/airflow/.local/lib/python3.12/site-packages/airflow/example_dags/example_setup_teardown.py
[2026-05-08T20:41:40.043+0000] {processor.py:925} INFO - DAG(s) 'example_setup_teardown' retrieved from /home/airflow/.local/lib/python3.12/site-packages/airflow/example_dags/example_setup_teardown.py
[2026-05-08T20:41:40.062+0000] {logging_mixin.py:190} INFO - [2026-05-08T20:41:40.062+0000] {dag.py:3239} INFO - Sync 1 DAGs
[2026-05-08T20:41:40.075+0000] {logging_mixin.py:190} INFO - [2026-05-08T20:41:40.075+0000] {dag.py:4180} INFO - Setting next_dagrun for example_setup_teardown to None, run_after=None
[2026-05-08T20:41:40.091+0000] {processor.py:208} INFO - Processing /home/airflow/.local/lib/python3.12/site-packages/airflow/example_dags/example_setup_teardown.py took 0.063 seconds
[2026-05-08T20:42:11.502+0000] {processor.py:186} INFO - Started process (PID=1426) to work on /home/airflow/.local/lib/python3.12/site-packages/airflow/example_dags/example_setup_teardown.py
[2026-05-08T20:42:11.503+0000] {processor.py:914} INFO - Processing file /home/airflow/.local/lib/python3.12/site-packages/airflow/example_dags/example_setup_teardown.py for tasks to queue
[2026-05-08T20:42:11.505+0000] {logging_mixin.py:190} INFO - [2026-05-08T20:42:11.505+0000] {dagbag.py:588} INFO - Filling up the DagBag from /home/airflow/.local/lib/python3.12/site-packages/airflow/example_dags/example_setup_teardown.py
[2026-05-08T20:42:11.514+0000] {processor.py:925} INFO - DAG(s) 'example_setup_teardown' retrieved from /home/airflow/.local/lib/python3.12/site-packages/airflow/example_dags/example_setup_teardown.py
[2026-05-08T20:42:11.534+0000] {logging_mixin.py:190} INFO - [2026-05-08T20:42:11.534+0000] {dag.py:3239} INFO - Sync 1 DAGs
[2026-05-08T20:42:11.552+0000] {logging_mixin.py:190} INFO - [2026-05-08T20:42:11.552+0000] {dag.py:4180} INFO - Setting next_dagrun for example_setup_teardown to None, run_after=None
[2026-05-08T20:42:11.571+0000] {processor.py:208} INFO - Processing /home/airflow/.local/lib/python3.12/site-packages/airflow/example_dags/example_setup_teardown.py took 0.075 seconds
[2026-05-08T20:42:42.649+0000] {processor.py:186} INFO - Started process (PID=1491) to work on /home/airflow/.local/lib/python3.12/site-packages/airflow/example_dags/example_setup_teardown.py
[2026-05-08T20:42:42.650+0000] {processor.py:914} INFO - Processing file /home/airflow/.local/lib/python3.12/site-packages/airflow/example_dags/example_setup_teardown.py for tasks to queue
[2026-05-08T20:42:42.652+0000] {logging_mixin.py:190} INFO - [2026-05-08T20:42:42.651+0000] {dagbag.py:588} INFO - Filling up the DagBag from /home/airflow/.local/lib/python3.12/site-packages/airflow/example_dags/example_setup_teardown.py
[2026-05-08T20:42:42.659+0000] {processor.py:925} INFO - DAG(s) 'example_setup_teardown' retrieved from /home/airflow/.local/lib/python3.12/site-packages/airflow/example_dags/example_setup_teardown.py
[2026-05-08T20:42:42.677+0000] {logging_mixin.py:190} INFO - [2026-05-08T20:42:42.677+0000] {dag.py:3239} INFO - Sync 1 DAGs
[2026-05-08T20:42:42.692+0000] {logging_mixin.py:190} INFO - [2026-05-08T20:42:42.692+0000] {dag.py:4180} INFO - Setting next_dagrun for example_setup_teardown to None, run_after=None
[2026-05-08T20:42:42.707+0000] {processor.py:208} INFO - Processing /home/airflow/.local/lib/python3.12/site-packages/airflow/example_dags/example_setup_teardown.py took 0.062 seconds
[2026-05-08T20:43:13.855+0000] {processor.py:186} INFO - Started process (PID=1555) to work on /home/airflow/.local/lib/python3.12/site-packages/airflow/example_dags/example_setup_teardown.py
[2026-05-08T20:43:13.856+0000] {processor.py:914} INFO - Processing file /home/airflow/.local/lib/python3.12/site-packages/airflow/example_dags/example_setup_teardown.py for tasks to queue
[2026-05-08T20:43:13.858+0000] {logging_mixin.py:190} INFO - [2026-05-08T20:43:13.857+0000] {dagbag.py:588} INFO - Filling up the DagBag from /home/airflow/.local/lib/python3.12/site-packages/airflow/example_dags/example_setup_teardown.py
[2026-05-08T20:43:13.865+0000] {processor.py:925} INFO - DAG(s) 'example_setup_teardown' retrieved from /home/airflow/.local/lib/python3.12/site-packages/airflow/example_dags/example_setup_teardown.py
[2026-05-08T20:43:13.881+0000] {logging_mixin.py:190} INFO - [2026-05-08T20:43:13.881+0000] {dag.py:3239} INFO - Sync 1 DAGs
[2026-05-08T20:43:13.892+0000] {logging_mixin.py:190} INFO - [2026-05-08T20:43:13.892+0000] {dag.py:4180} INFO - Setting next_dagrun for example_setup_teardown to None, run_after=None
[2026-05-08T20:43:13.906+0000] {processor.py:208} INFO - Processing /home/airflow/.local/lib/python3.12/site-packages/airflow/example_dags/example_setup_teardown.py took 0.055 seconds
[2026-05-08T20:43:45.112+0000] {processor.py:186} INFO - Started process (PID=1619) to work on /home/airflow/.local/lib/python3.12/site-packages/airflow/example_dags/example_setup_teardown.py
[2026-05-08T20:43:45.113+0000] {processor.py:914} INFO - Processing file /home/airflow/.local/lib/python3.12/site-packages/airflow/example_dags/example_setup_teardown.py for tasks to queue
[2026-05-08T20:43:45.115+0000] {logging_mixin.py:190} INFO - [2026-05-08T20:43:45.115+0000] {dagbag.py:588} INFO - Filling up the DagBag from /home/airflow/.local/lib/python3.12/site-packages/airflow/example_dags/example_setup_teardown.py
[2026-05-08T20:43:45.122+0000] {processor.py:925} INFO - DAG(s) 'example_setup_teardown' retrieved from /home/airflow/.local/lib/python3.12/site-packages/airflow/example_dags/example_setup_teardown.py
[2026-05-08T20:43:45.140+0000] {logging_mixin.py:190} INFO - [2026-05-08T20:43:45.140+0000] {dag.py:3239} INFO - Sync 1 DAGs
[2026-05-08T20:43:45.151+0000] {logging_mixin.py:190} INFO - [2026-05-08T20:43:45.151+0000] {dag.py:4180} INFO - Setting next_dagrun for example_setup_teardown to None, run_after=None
[2026-05-08T20:43:45.166+0000] {processor.py:208} INFO - Processing /home/airflow/.local/lib/python3.12/site-packages/airflow/example_dags/example_setup_teardown.py took 0.058 seconds
[2026-05-08T20:44:16.371+0000] {processor.py:186} INFO - Started process (PID=1683) to work on /home/airflow/.local/lib/python3.12/site-packages/airflow/example_dags/example_setup_teardown.py
[2026-05-08T20:44:16.372+0000] {processor.py:914} INFO - Processing file /home/airflow/.local/lib/python3.12/site-packages/airflow/example_dags/example_setup_teardown.py for tasks to queue
[2026-05-08T20:44:16.373+0000] {logging_mixin.py:190} INFO - [2026-05-08T20:44:16.373+0000] {dagbag.py:588} INFO - Filling up the DagBag from /home/airflow/.local/lib/python3.12/site-packages/airflow/example_dags/example_setup_teardown.py
[2026-05-08T20:44:16.380+0000] {processor.py:925} INFO - DAG(s) 'example_setup_teardown' retrieved from /home/airflow/.local/lib/python3.12/site-packages/airflow/example_dags/example_setup_teardown.py
[2026-05-08T20:44:16.397+0000] {logging_mixin.py:190} INFO - [2026-05-08T20:44:16.397+0000] {dag.py:3239} INFO - Sync 1 DAGs
[2026-05-08T20:44:16.408+0000] {logging_mixin.py:190} INFO - [2026-05-08T20:44:16.408+0000] {dag.py:4180} INFO - Setting next_dagrun for example_setup_teardown to None, run_after=None
[2026-05-08T20:44:16.422+0000] {processor.py:208} INFO - Processing /home/airflow/.local/lib/python3.12/site-packages/airflow/example_dags/example_setup_teardown.py took 0.055 seconds
[2026-05-08T20:44:47.842+0000] {processor.py:186} INFO - Started process (PID=1747) to work on /home/airflow/.local/lib/python3.12/site-packages/airflow/example_dags/example_setup_teardown.py
[2026-05-08T20:44:47.843+0000] {processor.py:914} INFO - Processing file /home/airflow/.local/lib/python3.12/site-packages/airflow/example_dags/example_setup_teardown.py for tasks to queue
[2026-05-08T20:44:47.844+0000] {logging_mixin.py:190} INFO - [2026-05-08T20:44:47.844+0000] {dagbag.py:588} INFO - Filling up the DagBag from /home/airflow/.local/lib/python3.12/site-packages/airflow/example_dags/example_setup_teardown.py
[2026-05-08T20:44:47.851+0000] {processor.py:925} INFO - DAG(s) 'example_setup_teardown' retrieved from /home/airflow/.local/lib/python3.12/site-packages/airflow/example_dags/example_setup_teardown.py
[2026-05-08T20:44:47.867+0000] {logging_mixin.py:190} INFO - [2026-05-08T20:44:47.867+0000] {dag.py:3239} INFO - Sync 1 DAGs
[2026-05-08T20:44:47.879+0000] {logging_mixin.py:190} INFO - [2026-05-08T20:44:47.879+0000] {dag.py:4180} INFO - Setting next_dagrun for example_setup_teardown to None, run_after=None
[2026-05-08T20:44:47.893+0000] {processor.py:208} INFO - Processing /home/airflow/.local/lib/python3.12/site-packages/airflow/example_dags/example_setup_teardown.py took 0.056 seconds
[2026-05-08T20:45:19.193+0000] {processor.py:186} INFO - Started process (PID=1811) to work on /home/airflow/.local/lib/python3.12/site-packages/airflow/example_dags/example_setup_teardown.py
[2026-05-08T20:45:19.194+0000] {processor.py:914} INFO - Processing file /home/airflow/.local/lib/python3.12/site-packages/airflow/example_dags/example_setup_teardown.py for tasks to queue
[2026-05-08T20:45:19.196+0000] {logging_mixin.py:190} INFO - [2026-05-08T20:45:19.196+0000] {dagbag.py:588} INFO - Filling up the DagBag from /home/airflow/.local/lib/python3.12/site-packages/airflow/example_dags/example_setup_teardown.py
[2026-05-08T20:45:19.206+0000] {processor.py:925} INFO - DAG(s) 'example_setup_teardown' retrieved from /home/airflow/.local/lib/python3.12/site-packages/airflow/example_dags/example_setup_teardown.py
[2026-05-08T20:45:19.229+0000] {logging_mixin.py:190} INFO - [2026-05-08T20:45:19.229+0000] {dag.py:3239} INFO - Sync 1 DAGs
[2026-05-08T20:45:19.244+0000] {logging_mixin.py:190} INFO - [2026-05-08T20:45:19.244+0000] {dag.py:4180} INFO - Setting next_dagrun for example_setup_teardown to None, run_after=None
[2026-05-08T20:45:19.265+0000] {processor.py:208} INFO - Processing /home/airflow/.local/lib/python3.12/site-packages/airflow/example_dags/example_setup_teardown.py took 0.078 seconds
[2026-05-08T20:45:50.490+0000] {processor.py:186} INFO - Started process (PID=1875) to work on /home/airflow/.local/lib/python3.12/site-packages/airflow/example_dags/example_setup_teardown.py
[2026-05-08T20:45:50.491+0000] {processor.py:914} INFO - Processing file /home/airflow/.local/lib/python3.12/site-packages/airflow/example_dags/example_setup_teardown.py for tasks to queue
[2026-05-08T20:45:50.493+0000] {logging_mixin.py:190} INFO - [2026-05-08T20:45:50.492+0000] {dagbag.py:588} INFO - Filling up the DagBag from /home/airflow/.local/lib/python3.12/site-packages/airflow/example_dags/example_setup_teardown.py
[2026-05-08T20:45:50.500+0000] {processor.py:925} INFO - DAG(s) 'example_setup_teardown' retrieved from /home/airflow/.local/lib/python3.12/site-packages/airflow/example_dags/example_setup_teardown.py
[2026-05-08T20:45:50.518+0000] {logging_mixin.py:190} INFO - [2026-05-08T20:45:50.518+0000] {dag.py:3239} INFO - Sync 1 DAGs
[2026-05-08T20:45:50.534+0000] {logging_mixin.py:190} INFO - [2026-05-08T20:45:50.534+0000] {dag.py:4180} INFO - Setting next_dagrun for example_setup_teardown to None, run_after=None
[2026-05-08T20:45:50.550+0000] {processor.py:208} INFO - Processing /home/airflow/.local/lib/python3.12/site-packages/airflow/example_dags/example_setup_teardown.py took 0.064 seconds
[2026-05-08T20:46:21.870+0000] {processor.py:186} INFO - Started process (PID=1939) to work on /home/airflow/.local/lib/python3.12/site-packages/airflow/example_dags/example_setup_teardown.py
[2026-05-08T20:46:21.871+0000] {processor.py:914} INFO - Processing file /home/airflow/.local/lib/python3.12/site-packages/airflow/example_dags/example_setup_teardown.py for tasks to queue
[2026-05-08T20:46:21.873+0000] {logging_mixin.py:190} INFO - [2026-05-08T20:46:21.873+0000] {dagbag.py:588} INFO - Filling up the DagBag from /home/airflow/.local/lib/python3.12/site-packages/airflow/example_dags/example_setup_teardown.py
[2026-05-08T20:46:21.883+0000] {processor.py:925} INFO - DAG(s) 'example_setup_teardown' retrieved from /home/airflow/.local/lib/python3.12/site-packages/airflow/example_dags/example_setup_teardown.py
[2026-05-08T20:46:21.906+0000] {logging_mixin.py:190} INFO - [2026-05-08T20:46:21.906+0000] {dag.py:3239} INFO - Sync 1 DAGs
[2026-05-08T20:46:21.923+0000] {logging_mixin.py:190} INFO - [2026-05-08T20:46:21.923+0000] {dag.py:4180} INFO - Setting next_dagrun for example_setup_teardown to None, run_after=None
[2026-05-08T20:46:21.942+0000] {processor.py:208} INFO - Processing /home/airflow/.local/lib/python3.12/site-packages/airflow/example_dags/example_setup_teardown.py took 0.078 seconds
[2026-05-08T20:46:53.144+0000] {processor.py:186} INFO - Started process (PID=2003) to work on /home/airflow/.local/lib/python3.12/site-packages/airflow/example_dags/example_setup_teardown.py
[2026-05-08T20:46:53.145+0000] {processor.py:914} INFO - Processing file /home/airflow/.local/lib/python3.12/site-packages/airflow/example_dags/example_setup_teardown.py for tasks to queue
[2026-05-08T20:46:53.147+0000] {logging_mixin.py:190} INFO - [2026-05-08T20:46:53.147+0000] {dagbag.py:588} INFO - Filling up the DagBag from /home/airflow/.local/lib/python3.12/site-packages/airflow/example_dags/example_setup_teardown.py
[2026-05-08T20:46:53.157+0000] {processor.py:925} INFO - DAG(s) 'example_setup_teardown' retrieved from /home/airflow/.local/lib/python3.12/site-packages/airflow/example_dags/example_setup_teardown.py
[2026-05-08T20:46:53.179+0000] {logging_mixin.py:190} INFO - [2026-05-08T20:46:53.179+0000] {dag.py:3239} INFO - Sync 1 DAGs
[2026-05-08T20:46:53.197+0000] {logging_mixin.py:190} INFO - [2026-05-08T20:46:53.197+0000] {dag.py:4180} INFO - Setting next_dagrun for example_setup_teardown to None, run_after=None
[2026-05-08T20:46:53.215+0000] {processor.py:208} INFO - Processing /home/airflow/.local/lib/python3.12/site-packages/airflow/example_dags/example_setup_teardown.py took 0.078 seconds
[2026-05-08T20:47:23.857+0000] {processor.py:186} INFO - Started process (PID=2067) to work on /home/airflow/.local/lib/python3.12/site-packages/airflow/example_dags/example_setup_teardown.py
[2026-05-08T20:47:23.858+0000] {processor.py:914} INFO - Processing file /home/airflow/.local/lib/python3.12/site-packages/airflow/example_dags/example_setup_teardown.py for tasks to queue
[2026-05-08T20:47:23.859+0000] {logging_mixin.py:190} INFO - [2026-05-08T20:47:23.859+0000] {dagbag.py:588} INFO - Filling up the DagBag from /home/airflow/.local/lib/python3.12/site-packages/airflow/example_dags/example_setup_teardown.py
[2026-05-08T20:47:23.866+0000] {processor.py:925} INFO - DAG(s) 'example_setup_teardown' retrieved from /home/airflow/.local/lib/python3.12/site-packages/airflow/example_dags/example_setup_teardown.py
[2026-05-08T20:47:23.886+0000] {logging_mixin.py:190} INFO - [2026-05-08T20:47:23.885+0000] {dag.py:3239} INFO - Sync 1 DAGs
[2026-05-08T20:47:23.901+0000] {logging_mixin.py:190} INFO - [2026-05-08T20:47:23.901+0000] {dag.py:4180} INFO - Setting next_dagrun for example_setup_teardown to None, run_after=None
[2026-05-08T20:47:23.917+0000] {processor.py:208} INFO - Processing /home/airflow/.local/lib/python3.12/site-packages/airflow/example_dags/example_setup_teardown.py took 0.065 seconds
[2026-05-08T20:47:54.621+0000] {processor.py:186} INFO - Started process (PID=2131) to work on /home/airflow/.local/lib/python3.12/site-packages/airflow/example_dags/example_setup_teardown.py
[2026-05-08T20:47:54.622+0000] {processor.py:914} INFO - Processing file /home/airflow/.local/lib/python3.12/site-packages/airflow/example_dags/example_setup_teardown.py for tasks to queue
[2026-05-08T20:47:54.624+0000] {logging_mixin.py:190} INFO - [2026-05-08T20:47:54.624+0000] {dagbag.py:588} INFO - Filling up the DagBag from /home/airflow/.local/lib/python3.12/site-packages/airflow/example_dags/example_setup_teardown.py
[2026-05-08T20:47:54.631+0000] {processor.py:925} INFO - DAG(s) 'example_setup_teardown' retrieved from /home/airflow/.local/lib/python3.12/site-packages/airflow/example_dags/example_setup_teardown.py
[2026-05-08T20:47:54.650+0000] {logging_mixin.py:190} INFO - [2026-05-08T20:47:54.650+0000] {dag.py:3239} INFO - Sync 1 DAGs
[2026-05-08T20:47:54.666+0000] {logging_mixin.py:190} INFO - [2026-05-08T20:47:54.666+0000] {dag.py:4180} INFO - Setting next_dagrun for example_setup_teardown to None, run_after=None
[2026-05-08T20:47:54.688+0000] {processor.py:208} INFO - Processing /home/airflow/.local/lib/python3.12/site-packages/airflow/example_dags/example_setup_teardown.py took 0.071 seconds
[2026-05-08T20:48:25.577+0000] {processor.py:186} INFO - Started process (PID=2194) to work on /home/airflow/.local/lib/python3.12/site-packages/airflow/example_dags/example_setup_teardown.py
[2026-05-08T20:48:25.577+0000] {processor.py:914} INFO - Processing file /home/airflow/.local/lib/python3.12/site-packages/airflow/example_dags/example_setup_teardown.py for tasks to queue
[2026-05-08T20:48:25.580+0000] {logging_mixin.py:190} INFO - [2026-05-08T20:48:25.579+0000] {dagbag.py:588} INFO - Filling up the DagBag from /home/airflow/.local/lib/python3.12/site-packages/airflow/example_dags/example_setup_teardown.py
[2026-05-08T20:48:25.595+0000] {processor.py:925} INFO - DAG(s) 'example_setup_teardown' retrieved from /home/airflow/.local/lib/python3.12/site-packages/airflow/example_dags/example_setup_teardown.py
[2026-05-08T20:48:25.618+0000] {logging_mixin.py:190} INFO - [2026-05-08T20:48:25.618+0000] {dag.py:3239} INFO - Sync 1 DAGs
[2026-05-08T20:48:25.630+0000] {logging_mixin.py:190} INFO - [2026-05-08T20:48:25.630+0000] {dag.py:4180} INFO - Setting next_dagrun for example_setup_teardown to None, run_after=None
[2026-05-08T20:48:25.644+0000] {processor.py:208} INFO - Processing /home/airflow/.local/lib/python3.12/site-packages/airflow/example_dags/example_setup_teardown.py took 0.075 seconds
[2026-05-08T20:48:56.648+0000] {processor.py:186} INFO - Started process (PID=2262) to work on /home/airflow/.local/lib/python3.12/site-packages/airflow/example_dags/example_setup_teardown.py
[2026-05-08T20:48:56.652+0000] {processor.py:914} INFO - Processing file /home/airflow/.local/lib/python3.12/site-packages/airflow/example_dags/example_setup_teardown.py for tasks to queue
[2026-05-08T20:48:56.659+0000] {logging_mixin.py:190} INFO - [2026-05-08T20:48:56.654+0000] {dagbag.py:588} INFO - Filling up the DagBag from /home/airflow/.local/lib/python3.12/site-packages/airflow/example_dags/example_setup_teardown.py
[2026-05-08T20:48:56.681+0000] {processor.py:925} INFO - DAG(s) 'example_setup_teardown' retrieved from /home/airflow/.local/lib/python3.12/site-packages/airflow/example_dags/example_setup_teardown.py
[2026-05-08T20:48:56.713+0000] {logging_mixin.py:190} INFO - [2026-05-08T20:48:56.713+0000] {dag.py:3239} INFO - Sync 1 DAGs
[2026-05-08T20:48:56.731+0000] {logging_mixin.py:190} INFO - [2026-05-08T20:48:56.731+0000] {dag.py:4180} INFO - Setting next_dagrun for example_setup_teardown to None, run_after=None
[2026-05-08T20:48:56.750+0000] {processor.py:208} INFO - Processing /home/airflow/.local/lib/python3.12/site-packages/airflow/example_dags/example_setup_teardown.py took 0.119 seconds
[2026-05-08T20:49:27.764+0000] {processor.py:186} INFO - Started process (PID=2326) to work on /home/airflow/.local/lib/python3.12/site-packages/airflow/example_dags/example_setup_teardown.py
[2026-05-08T20:49:27.765+0000] {processor.py:914} INFO - Processing file /home/airflow/.local/lib/python3.12/site-packages/airflow/example_dags/example_setup_teardown.py for tasks to queue
[2026-05-08T20:49:27.767+0000] {logging_mixin.py:190} INFO - [2026-05-08T20:49:27.767+0000] {dagbag.py:588} INFO - Filling up the DagBag from /home/airflow/.local/lib/python3.12/site-packages/airflow/example_dags/example_setup_teardown.py
[2026-05-08T20:49:27.774+0000] {processor.py:925} INFO - DAG(s) 'example_setup_teardown' retrieved from /home/airflow/.local/lib/python3.12/site-packages/airflow/example_dags/example_setup_teardown.py
[2026-05-08T20:49:27.790+0000] {logging_mixin.py:190} INFO - [2026-05-08T20:49:27.790+0000] {dag.py:3239} INFO - Sync 1 DAGs
[2026-05-08T20:49:27.802+0000] {logging_mixin.py:190} INFO - [2026-05-08T20:49:27.802+0000] {dag.py:4180} INFO - Setting next_dagrun for example_setup_teardown to None, run_after=None
[2026-05-08T20:49:27.817+0000] {processor.py:208} INFO - Processing /home/airflow/.local/lib/python3.12/site-packages/airflow/example_dags/example_setup_teardown.py took 0.057 seconds
[2026-05-08T20:49:59.382+0000] {processor.py:186} INFO - Started process (PID=2391) to work on /home/airflow/.local/lib/python3.12/site-packages/airflow/example_dags/example_setup_teardown.py
[2026-05-08T20:49:59.382+0000] {processor.py:914} INFO - Processing file /home/airflow/.local/lib/python3.12/site-packages/airflow/example_dags/example_setup_teardown.py for tasks to queue
[2026-05-08T20:49:59.384+0000] {logging_mixin.py:190} INFO - [2026-05-08T20:49:59.384+0000] {dagbag.py:588} INFO - Filling up the DagBag from /home/airflow/.local/lib/python3.12/site-packages/airflow/example_dags/example_setup_teardown.py
[2026-05-08T20:49:59.392+0000] {processor.py:925} INFO - DAG(s) 'example_setup_teardown' retrieved from /home/airflow/.local/lib/python3.12/site-packages/airflow/example_dags/example_setup_teardown.py
[2026-05-08T20:49:59.409+0000] {logging_mixin.py:190} INFO - [2026-05-08T20:49:59.409+0000] {dag.py:3239} INFO - Sync 1 DAGs
[2026-05-08T20:49:59.423+0000] {logging_mixin.py:190} INFO - [2026-05-08T20:49:59.422+0000] {dag.py:4180} INFO - Setting next_dagrun for example_setup_teardown to None, run_after=None
[2026-05-08T20:49:59.437+0000] {processor.py:208} INFO - Processing /home/airflow/.local/lib/python3.12/site-packages/airflow/example_dags/example_setup_teardown.py took 0.060 seconds
[2026-05-08T20:50:30.661+0000] {processor.py:186} INFO - Started process (PID=2455) to work on /home/airflow/.local/lib/python3.12/site-packages/airflow/example_dags/example_setup_teardown.py
[2026-05-08T20:50:30.662+0000] {processor.py:914} INFO - Processing file /home/airflow/.local/lib/python3.12/site-packages/airflow/example_dags/example_setup_teardown.py for tasks to queue
[2026-05-08T20:50:30.664+0000] {logging_mixin.py:190} INFO - [2026-05-08T20:50:30.663+0000] {dagbag.py:588} INFO - Filling up the DagBag from /home/airflow/.local/lib/python3.12/site-packages/airflow/example_dags/example_setup_teardown.py
[2026-05-08T20:50:30.671+0000] {processor.py:925} INFO - DAG(s) 'example_setup_teardown' retrieved from /home/airflow/.local/lib/python3.12/site-packages/airflow/example_dags/example_setup_teardown.py
[2026-05-08T20:50:30.688+0000] {logging_mixin.py:190} INFO - [2026-05-08T20:50:30.687+0000] {dag.py:3239} INFO - Sync 1 DAGs
[2026-05-08T20:50:30.700+0000] {logging_mixin.py:190} INFO - [2026-05-08T20:50:30.700+0000] {dag.py:4180} INFO - Setting next_dagrun for example_setup_teardown to None, run_after=None
[2026-05-08T20:50:30.714+0000] {processor.py:208} INFO - Processing /home/airflow/.local/lib/python3.12/site-packages/airflow/example_dags/example_setup_teardown.py took 0.057 seconds
[2026-05-08T20:51:01.464+0000] {processor.py:186} INFO - Started process (PID=2519) to work on /home/airflow/.local/lib/python3.12/site-packages/airflow/example_dags/example_setup_teardown.py
[2026-05-08T20:51:01.464+0000] {processor.py:914} INFO - Processing file /home/airflow/.local/lib/python3.12/site-packages/airflow/example_dags/example_setup_teardown.py for tasks to queue
[2026-05-08T20:51:01.466+0000] {logging_mixin.py:190} INFO - [2026-05-08T20:51:01.466+0000] {dagbag.py:588} INFO - Filling up the DagBag from /home/airflow/.local/lib/python3.12/site-packages/airflow/example_dags/example_setup_teardown.py
[2026-05-08T20:51:01.473+0000] {processor.py:925} INFO - DAG(s) 'example_setup_teardown' retrieved from /home/airflow/.local/lib/python3.12/site-packages/airflow/example_dags/example_setup_teardown.py
[2026-05-08T20:51:01.492+0000] {logging_mixin.py:190} INFO - [2026-05-08T20:51:01.492+0000] {dag.py:3239} INFO - Sync 1 DAGs
[2026-05-08T20:51:01.504+0000] {logging_mixin.py:190} INFO - [2026-05-08T20:51:01.504+0000] {dag.py:4180} INFO - Setting next_dagrun for example_setup_teardown to None, run_after=None
[2026-05-08T20:51:01.518+0000] {processor.py:208} INFO - Processing /home/airflow/.local/lib/python3.12/site-packages/airflow/example_dags/example_setup_teardown.py took 0.059 seconds
[2026-05-08T20:51:32.200+0000] {processor.py:186} INFO - Started process (PID=2589) to work on /home/airflow/.local/lib/python3.12/site-packages/airflow/example_dags/example_setup_teardown.py
[2026-05-08T20:51:32.200+0000] {processor.py:914} INFO - Processing file /home/airflow/.local/lib/python3.12/site-packages/airflow/example_dags/example_setup_teardown.py for tasks to queue
[2026-05-08T20:51:32.202+0000] {logging_mixin.py:190} INFO - [2026-05-08T20:51:32.202+0000] {dagbag.py:588} INFO - Filling up the DagBag from /home/airflow/.local/lib/python3.12/site-packages/airflow/example_dags/example_setup_teardown.py
[2026-05-08T20:51:32.208+0000] {processor.py:925} INFO - DAG(s) 'example_setup_teardown' retrieved from /home/airflow/.local/lib/python3.12/site-packages/airflow/example_dags/example_setup_teardown.py
[2026-05-08T20:51:32.225+0000] {logging_mixin.py:190} INFO - [2026-05-08T20:51:32.225+0000] {dag.py:3239} INFO - Sync 1 DAGs
[2026-05-08T20:51:32.237+0000] {logging_mixin.py:190} INFO - [2026-05-08T20:51:32.237+0000] {dag.py:4180} INFO - Setting next_dagrun for example_setup_teardown to None, run_after=None
[2026-05-08T20:51:32.251+0000] {processor.py:208} INFO - Processing /home/airflow/.local/lib/python3.12/site-packages/airflow/example_dags/example_setup_teardown.py took 0.057 seconds
[2026-05-08T20:52:02.912+0000] {processor.py:186} INFO - Started process (PID=2653) to work on /home/airflow/.local/lib/python3.12/site-packages/airflow/example_dags/example_setup_teardown.py
[2026-05-08T20:52:02.913+0000] {processor.py:914} INFO - Processing file /home/airflow/.local/lib/python3.12/site-packages/airflow/example_dags/example_setup_teardown.py for tasks to queue
[2026-05-08T20:52:02.915+0000] {logging_mixin.py:190} INFO - [2026-05-08T20:52:02.915+0000] {dagbag.py:588} INFO - Filling up the DagBag from /home/airflow/.local/lib/python3.12/site-packages/airflow/example_dags/example_setup_teardown.py
[2026-05-08T20:52:02.922+0000] {processor.py:925} INFO - DAG(s) 'example_setup_teardown' retrieved from /home/airflow/.local/lib/python3.12/site-packages/airflow/example_dags/example_setup_teardown.py
[2026-05-08T20:52:02.939+0000] {logging_mixin.py:190} INFO - [2026-05-08T20:52:02.939+0000] {dag.py:3239} INFO - Sync 1 DAGs
[2026-05-08T20:52:02.951+0000] {logging_mixin.py:190} INFO - [2026-05-08T20:52:02.951+0000] {dag.py:4180} INFO - Setting next_dagrun for example_setup_teardown to None, run_after=None
[2026-05-08T20:52:02.965+0000] {processor.py:208} INFO - Processing /home/airflow/.local/lib/python3.12/site-packages/airflow/example_dags/example_setup_teardown.py took 0.058 seconds
[2026-05-08T20:52:33.589+0000] {processor.py:186} INFO - Started process (PID=2717) to work on /home/airflow/.local/lib/python3.12/site-packages/airflow/example_dags/example_setup_teardown.py
[2026-05-08T20:52:33.590+0000] {processor.py:914} INFO - Processing file /home/airflow/.local/lib/python3.12/site-packages/airflow/example_dags/example_setup_teardown.py for tasks to queue
[2026-05-08T20:52:33.592+0000] {logging_mixin.py:190} INFO - [2026-05-08T20:52:33.591+0000] {dagbag.py:588} INFO - Filling up the DagBag from /home/airflow/.local/lib/python3.12/site-packages/airflow/example_dags/example_setup_teardown.py
[2026-05-08T20:52:33.598+0000] {processor.py:925} INFO - DAG(s) 'example_setup_teardown' retrieved from /home/airflow/.local/lib/python3.12/site-packages/airflow/example_dags/example_setup_teardown.py
[2026-05-08T20:52:33.617+0000] {logging_mixin.py:190} INFO - [2026-05-08T20:52:33.616+0000] {dag.py:3239} INFO - Sync 1 DAGs
[2026-05-08T20:52:33.629+0000] {logging_mixin.py:190} INFO - [2026-05-08T20:52:33.628+0000] {dag.py:4180} INFO - Setting next_dagrun for example_setup_teardown to None, run_after=None
[2026-05-08T20:52:33.643+0000] {processor.py:208} INFO - Processing /home/airflow/.local/lib/python3.12/site-packages/airflow/example_dags/example_setup_teardown.py took 0.058 seconds
[2026-05-08T20:53:04.749+0000] {processor.py:186} INFO - Started process (PID=2781) to work on /home/airflow/.local/lib/python3.12/site-packages/airflow/example_dags/example_setup_teardown.py
[2026-05-08T20:53:04.750+0000] {processor.py:914} INFO - Processing file /home/airflow/.local/lib/python3.12/site-packages/airflow/example_dags/example_setup_teardown.py for tasks to queue
[2026-05-08T20:53:04.752+0000] {logging_mixin.py:190} INFO - [2026-05-08T20:53:04.751+0000] {dagbag.py:588} INFO - Filling up the DagBag from /home/airflow/.local/lib/python3.12/site-packages/airflow/example_dags/example_setup_teardown.py
[2026-05-08T20:53:04.760+0000] {processor.py:925} INFO - DAG(s) 'example_setup_teardown' retrieved from /home/airflow/.local/lib/python3.12/site-packages/airflow/example_dags/example_setup_teardown.py
[2026-05-08T20:53:04.775+0000] {logging_mixin.py:190} INFO - [2026-05-08T20:53:04.775+0000] {dag.py:3239} INFO - Sync 1 DAGs
[2026-05-08T20:53:04.787+0000] {logging_mixin.py:190} INFO - [2026-05-08T20:53:04.787+0000] {dag.py:4180} INFO - Setting next_dagrun for example_setup_teardown to None, run_after=None
[2026-05-08T20:53:04.803+0000] {processor.py:208} INFO - Processing /home/airflow/.local/lib/python3.12/site-packages/airflow/example_dags/example_setup_teardown.py took 0.061 seconds
[2026-05-08T20:53:35.975+0000] {processor.py:186} INFO - Started process (PID=2845) to work on /home/airflow/.local/lib/python3.12/site-packages/airflow/example_dags/example_setup_teardown.py
[2026-05-08T20:53:35.976+0000] {processor.py:914} INFO - Processing file /home/airflow/.local/lib/python3.12/site-packages/airflow/example_dags/example_setup_teardown.py for tasks to queue
[2026-05-08T20:53:35.979+0000] {logging_mixin.py:190} INFO - [2026-05-08T20:53:35.978+0000] {dagbag.py:588} INFO - Filling up the DagBag from /home/airflow/.local/lib/python3.12/site-packages/airflow/example_dags/example_setup_teardown.py
[2026-05-08T20:53:35.993+0000] {processor.py:925} INFO - DAG(s) 'example_setup_teardown' retrieved from /home/airflow/.local/lib/python3.12/site-packages/airflow/example_dags/example_setup_teardown.py
[2026-05-08T20:53:36.019+0000] {logging_mixin.py:190} INFO - [2026-05-08T20:53:36.019+0000] {dag.py:3239} INFO - Sync 1 DAGs
[2026-05-08T20:53:36.038+0000] {logging_mixin.py:190} INFO - [2026-05-08T20:53:36.038+0000] {dag.py:4180} INFO - Setting next_dagrun for example_setup_teardown to None, run_after=None
[2026-05-08T20:53:36.056+0000] {processor.py:208} INFO - Processing /home/airflow/.local/lib/python3.12/site-packages/airflow/example_dags/example_setup_teardown.py took 0.087 seconds
[2026-05-08T20:54:06.643+0000] {processor.py:186} INFO - Started process (PID=2909) to work on /home/airflow/.local/lib/python3.12/site-packages/airflow/example_dags/example_setup_teardown.py
[2026-05-08T20:54:06.644+0000] {processor.py:914} INFO - Processing file /home/airflow/.local/lib/python3.12/site-packages/airflow/example_dags/example_setup_teardown.py for tasks to queue
[2026-05-08T20:54:06.646+0000] {logging_mixin.py:190} INFO - [2026-05-08T20:54:06.645+0000] {dagbag.py:588} INFO - Filling up the DagBag from /home/airflow/.local/lib/python3.12/site-packages/airflow/example_dags/example_setup_teardown.py
[2026-05-08T20:54:06.652+0000] {processor.py:925} INFO - DAG(s) 'example_setup_teardown' retrieved from /home/airflow/.local/lib/python3.12/site-packages/airflow/example_dags/example_setup_teardown.py
[2026-05-08T20:54:06.668+0000] {logging_mixin.py:190} INFO - [2026-05-08T20:54:06.668+0000] {dag.py:3239} INFO - Sync 1 DAGs
[2026-05-08T20:54:06.679+0000] {logging_mixin.py:190} INFO - [2026-05-08T20:54:06.679+0000] {dag.py:4180} INFO - Setting next_dagrun for example_setup_teardown to None, run_after=None
[2026-05-08T20:54:06.693+0000] {processor.py:208} INFO - Processing /home/airflow/.local/lib/python3.12/site-packages/airflow/example_dags/example_setup_teardown.py took 0.054 seconds
[2026-05-08T20:54:37.294+0000] {processor.py:186} INFO - Started process (PID=2973) to work on /home/airflow/.local/lib/python3.12/site-packages/airflow/example_dags/example_setup_teardown.py
[2026-05-08T20:54:37.295+0000] {processor.py:914} INFO - Processing file /home/airflow/.local/lib/python3.12/site-packages/airflow/example_dags/example_setup_teardown.py for tasks to queue
[2026-05-08T20:54:37.297+0000] {logging_mixin.py:190} INFO - [2026-05-08T20:54:37.296+0000] {dagbag.py:588} INFO - Filling up the DagBag from /home/airflow/.local/lib/python3.12/site-packages/airflow/example_dags/example_setup_teardown.py
[2026-05-08T20:54:37.303+0000] {processor.py:925} INFO - DAG(s) 'example_setup_teardown' retrieved from /home/airflow/.local/lib/python3.12/site-packages/airflow/example_dags/example_setup_teardown.py
[2026-05-08T20:54:37.321+0000] {logging_mixin.py:190} INFO - [2026-05-08T20:54:37.321+0000] {dag.py:3239} INFO - Sync 1 DAGs
[2026-05-08T20:54:37.333+0000] {logging_mixin.py:190} INFO - [2026-05-08T20:54:37.333+0000] {dag.py:4180} INFO - Setting next_dagrun for example_setup_teardown to None, run_after=None
[2026-05-08T20:54:37.348+0000] {processor.py:208} INFO - Processing /home/airflow/.local/lib/python3.12/site-packages/airflow/example_dags/example_setup_teardown.py took 0.058 seconds
[2026-05-08T20:55:08.088+0000] {processor.py:186} INFO - Started process (PID=3037) to work on /home/airflow/.local/lib/python3.12/site-packages/airflow/example_dags/example_setup_teardown.py
[2026-05-08T20:55:08.088+0000] {processor.py:914} INFO - Processing file /home/airflow/.local/lib/python3.12/site-packages/airflow/example_dags/example_setup_teardown.py for tasks to queue
[2026-05-08T20:55:08.091+0000] {logging_mixin.py:190} INFO - [2026-05-08T20:55:08.090+0000] {dagbag.py:588} INFO - Filling up the DagBag from /home/airflow/.local/lib/python3.12/site-packages/airflow/example_dags/example_setup_teardown.py
[2026-05-08T20:55:08.100+0000] {processor.py:925} INFO - DAG(s) 'example_setup_teardown' retrieved from /home/airflow/.local/lib/python3.12/site-packages/airflow/example_dags/example_setup_teardown.py
[2026-05-08T20:55:08.121+0000] {logging_mixin.py:190} INFO - [2026-05-08T20:55:08.120+0000] {dag.py:3239} INFO - Sync 1 DAGs
[2026-05-08T20:55:08.137+0000] {logging_mixin.py:190} INFO - [2026-05-08T20:55:08.136+0000] {dag.py:4180} INFO - Setting next_dagrun for example_setup_teardown to None, run_after=None
[2026-05-08T20:55:08.157+0000] {processor.py:208} INFO - Processing /home/airflow/.local/lib/python3.12/site-packages/airflow/example_dags/example_setup_teardown.py took 0.075 seconds
[2026-05-08T20:55:38.995+0000] {processor.py:186} INFO - Started process (PID=3101) to work on /home/airflow/.local/lib/python3.12/site-packages/airflow/example_dags/example_setup_teardown.py
[2026-05-08T20:55:38.996+0000] {processor.py:914} INFO - Processing file /home/airflow/.local/lib/python3.12/site-packages/airflow/example_dags/example_setup_teardown.py for tasks to queue
[2026-05-08T20:55:38.998+0000] {logging_mixin.py:190} INFO - [2026-05-08T20:55:38.997+0000] {dagbag.py:588} INFO - Filling up the DagBag from /home/airflow/.local/lib/python3.12/site-packages/airflow/example_dags/example_setup_teardown.py
[2026-05-08T20:55:39.004+0000] {processor.py:925} INFO - DAG(s) 'example_setup_teardown' retrieved from /home/airflow/.local/lib/python3.12/site-packages/airflow/example_dags/example_setup_teardown.py
[2026-05-08T20:55:39.023+0000] {logging_mixin.py:190} INFO - [2026-05-08T20:55:39.023+0000] {dag.py:3239} INFO - Sync 1 DAGs
[2026-05-08T20:55:39.040+0000] {logging_mixin.py:190} INFO - [2026-05-08T20:55:39.040+0000] {dag.py:4180} INFO - Setting next_dagrun for example_setup_teardown to None, run_after=None
[2026-05-08T20:55:39.059+0000] {processor.py:208} INFO - Processing /home/airflow/.local/lib/python3.12/site-packages/airflow/example_dags/example_setup_teardown.py took 0.070 seconds
[2026-05-08T20:56:10.315+0000] {processor.py:186} INFO - Started process (PID=3165) to work on /home/airflow/.local/lib/python3.12/site-packages/airflow/example_dags/example_setup_teardown.py
[2026-05-08T20:56:10.316+0000] {processor.py:914} INFO - Processing file /home/airflow/.local/lib/python3.12/site-packages/airflow/example_dags/example_setup_teardown.py for tasks to queue
[2026-05-08T20:56:10.317+0000] {logging_mixin.py:190} INFO - [2026-05-08T20:56:10.317+0000] {dagbag.py:588} INFO - Filling up the DagBag from /home/airflow/.local/lib/python3.12/site-packages/airflow/example_dags/example_setup_teardown.py
[2026-05-08T20:56:10.324+0000] {processor.py:925} INFO - DAG(s) 'example_setup_teardown' retrieved from /home/airflow/.local/lib/python3.12/site-packages/airflow/example_dags/example_setup_teardown.py
[2026-05-08T20:56:10.343+0000] {logging_mixin.py:190} INFO - [2026-05-08T20:56:10.343+0000] {dag.py:3239} INFO - Sync 1 DAGs
[2026-05-08T20:56:10.359+0000] {logging_mixin.py:190} INFO - [2026-05-08T20:56:10.359+0000] {dag.py:4180} INFO - Setting next_dagrun for example_setup_teardown to None, run_after=None
[2026-05-08T20:56:10.376+0000] {processor.py:208} INFO - Processing /home/airflow/.local/lib/python3.12/site-packages/airflow/example_dags/example_setup_teardown.py took 0.065 seconds
[2026-05-08T20:56:41.586+0000] {processor.py:186} INFO - Started process (PID=3229) to work on /home/airflow/.local/lib/python3.12/site-packages/airflow/example_dags/example_setup_teardown.py
[2026-05-08T20:56:41.587+0000] {processor.py:914} INFO - Processing file /home/airflow/.local/lib/python3.12/site-packages/airflow/example_dags/example_setup_teardown.py for tasks to queue
[2026-05-08T20:56:41.588+0000] {logging_mixin.py:190} INFO - [2026-05-08T20:56:41.588+0000] {dagbag.py:588} INFO - Filling up the DagBag from /home/airflow/.local/lib/python3.12/site-packages/airflow/example_dags/example_setup_teardown.py
[2026-05-08T20:56:41.595+0000] {processor.py:925} INFO - DAG(s) 'example_setup_teardown' retrieved from /home/airflow/.local/lib/python3.12/site-packages/airflow/example_dags/example_setup_teardown.py
[2026-05-08T20:56:41.614+0000] {logging_mixin.py:190} INFO - [2026-05-08T20:56:41.614+0000] {dag.py:3239} INFO - Sync 1 DAGs
[2026-05-08T20:56:41.625+0000] {logging_mixin.py:190} INFO - [2026-05-08T20:56:41.625+0000] {dag.py:4180} INFO - Setting next_dagrun for example_setup_teardown to None, run_after=None
[2026-05-08T20:56:41.640+0000] {processor.py:208} INFO - Processing /home/airflow/.local/lib/python3.12/site-packages/airflow/example_dags/example_setup_teardown.py took 0.058 seconds
[2026-05-08T20:57:12.951+0000] {processor.py:186} INFO - Started process (PID=3293) to work on /home/airflow/.local/lib/python3.12/site-packages/airflow/example_dags/example_setup_teardown.py
[2026-05-08T20:57:12.951+0000] {processor.py:914} INFO - Processing file /home/airflow/.local/lib/python3.12/site-packages/airflow/example_dags/example_setup_teardown.py for tasks to queue
[2026-05-08T20:57:12.953+0000] {logging_mixin.py:190} INFO - [2026-05-08T20:57:12.953+0000] {dagbag.py:588} INFO - Filling up the DagBag from /home/airflow/.local/lib/python3.12/site-packages/airflow/example_dags/example_setup_teardown.py
[2026-05-08T20:57:12.960+0000] {processor.py:925} INFO - DAG(s) 'example_setup_teardown' retrieved from /home/airflow/.local/lib/python3.12/site-packages/airflow/example_dags/example_setup_teardown.py
[2026-05-08T20:57:12.978+0000] {logging_mixin.py:190} INFO - [2026-05-08T20:57:12.978+0000] {dag.py:3239} INFO - Sync 1 DAGs
[2026-05-08T20:57:12.993+0000] {logging_mixin.py:190} INFO - [2026-05-08T20:57:12.993+0000] {dag.py:4180} INFO - Setting next_dagrun for example_setup_teardown to None, run_after=None
[2026-05-08T20:57:13.009+0000] {processor.py:208} INFO - Processing /home/airflow/.local/lib/python3.12/site-packages/airflow/example_dags/example_setup_teardown.py took 0.062 seconds
[2026-05-08T20:57:44.151+0000] {processor.py:186} INFO - Started process (PID=3357) to work on /home/airflow/.local/lib/python3.12/site-packages/airflow/example_dags/example_setup_teardown.py
[2026-05-08T20:57:44.152+0000] {processor.py:914} INFO - Processing file /home/airflow/.local/lib/python3.12/site-packages/airflow/example_dags/example_setup_teardown.py for tasks to queue
[2026-05-08T20:57:44.154+0000] {logging_mixin.py:190} INFO - [2026-05-08T20:57:44.154+0000] {dagbag.py:588} INFO - Filling up the DagBag from /home/airflow/.local/lib/python3.12/site-packages/airflow/example_dags/example_setup_teardown.py
[2026-05-08T20:57:44.164+0000] {processor.py:925} INFO - DAG(s) 'example_setup_teardown' retrieved from /home/airflow/.local/lib/python3.12/site-packages/airflow/example_dags/example_setup_teardown.py
[2026-05-08T20:57:44.180+0000] {logging_mixin.py:190} INFO - [2026-05-08T20:57:44.180+0000] {dag.py:3239} INFO - Sync 1 DAGs
[2026-05-08T20:57:44.191+0000] {logging_mixin.py:190} INFO - [2026-05-08T20:57:44.191+0000] {dag.py:4180} INFO - Setting next_dagrun for example_setup_teardown to None, run_after=None
[2026-05-08T20:57:44.205+0000] {processor.py:208} INFO - Processing /home/airflow/.local/lib/python3.12/site-packages/airflow/example_dags/example_setup_teardown.py took 0.059 seconds
[2026-05-08T20:58:14.958+0000] {processor.py:186} INFO - Started process (PID=3421) to work on /home/airflow/.local/lib/python3.12/site-packages/airflow/example_dags/example_setup_teardown.py
[2026-05-08T20:58:14.960+0000] {processor.py:914} INFO - Processing file /home/airflow/.local/lib/python3.12/site-packages/airflow/example_dags/example_setup_teardown.py for tasks to queue
[2026-05-08T20:58:14.962+0000] {logging_mixin.py:190} INFO - [2026-05-08T20:58:14.961+0000] {dagbag.py:588} INFO - Filling up the DagBag from /home/airflow/.local/lib/python3.12/site-packages/airflow/example_dags/example_setup_teardown.py
[2026-05-08T20:58:14.971+0000] {processor.py:925} INFO - DAG(s) 'example_setup_teardown' retrieved from /home/airflow/.local/lib/python3.12/site-packages/airflow/example_dags/example_setup_teardown.py
[2026-05-08T20:58:14.988+0000] {logging_mixin.py:190} INFO - [2026-05-08T20:58:14.988+0000] {dag.py:3239} INFO - Sync 1 DAGs
[2026-05-08T20:58:15.000+0000] {logging_mixin.py:190} INFO - [2026-05-08T20:58:15.000+0000] {dag.py:4180} INFO - Setting next_dagrun for example_setup_teardown to None, run_after=None
[2026-05-08T20:58:15.018+0000] {processor.py:208} INFO - Processing /home/airflow/.local/lib/python3.12/site-packages/airflow/example_dags/example_setup_teardown.py took 0.066 seconds
[2026-05-08T20:58:46.175+0000] {processor.py:186} INFO - Started process (PID=3485) to work on /home/airflow/.local/lib/python3.12/site-packages/airflow/example_dags/example_setup_teardown.py
[2026-05-08T20:58:46.175+0000] {processor.py:914} INFO - Processing file /home/airflow/.local/lib/python3.12/site-packages/airflow/example_dags/example_setup_teardown.py for tasks to queue
[2026-05-08T20:58:46.177+0000] {logging_mixin.py:190} INFO - [2026-05-08T20:58:46.177+0000] {dagbag.py:588} INFO - Filling up the DagBag from /home/airflow/.local/lib/python3.12/site-packages/airflow/example_dags/example_setup_teardown.py
[2026-05-08T20:58:46.185+0000] {processor.py:925} INFO - DAG(s) 'example_setup_teardown' retrieved from /home/airflow/.local/lib/python3.12/site-packages/airflow/example_dags/example_setup_teardown.py
[2026-05-08T20:58:46.204+0000] {logging_mixin.py:190} INFO - [2026-05-08T20:58:46.204+0000] {dag.py:3239} INFO - Sync 1 DAGs
[2026-05-08T20:58:46.218+0000] {logging_mixin.py:190} INFO - [2026-05-08T20:58:46.218+0000] {dag.py:4180} INFO - Setting next_dagrun for example_setup_teardown to None, run_after=None
[2026-05-08T20:58:46.231+0000] {processor.py:208} INFO - Processing /home/airflow/.local/lib/python3.12/site-packages/airflow/example_dags/example_setup_teardown.py took 0.061 seconds
[2026-05-08T20:59:17.382+0000] {processor.py:186} INFO - Started process (PID=3549) to work on /home/airflow/.local/lib/python3.12/site-packages/airflow/example_dags/example_setup_teardown.py
[2026-05-08T20:59:17.383+0000] {processor.py:914} INFO - Processing file /home/airflow/.local/lib/python3.12/site-packages/airflow/example_dags/example_setup_teardown.py for tasks to queue
[2026-05-08T20:59:17.385+0000] {logging_mixin.py:190} INFO - [2026-05-08T20:59:17.384+0000] {dagbag.py:588} INFO - Filling up the DagBag from /home/airflow/.local/lib/python3.12/site-packages/airflow/example_dags/example_setup_teardown.py
[2026-05-08T20:59:17.391+0000] {processor.py:925} INFO - DAG(s) 'example_setup_teardown' retrieved from /home/airflow/.local/lib/python3.12/site-packages/airflow/example_dags/example_setup_teardown.py
[2026-05-08T20:59:17.408+0000] {logging_mixin.py:190} INFO - [2026-05-08T20:59:17.407+0000] {dag.py:3239} INFO - Sync 1 DAGs
[2026-05-08T20:59:17.419+0000] {logging_mixin.py:190} INFO - [2026-05-08T20:59:17.419+0000] {dag.py:4180} INFO - Setting next_dagrun for example_setup_teardown to None, run_after=None
[2026-05-08T20:59:17.432+0000] {processor.py:208} INFO - Processing /home/airflow/.local/lib/python3.12/site-packages/airflow/example_dags/example_setup_teardown.py took 0.056 seconds
[2026-05-08T20:59:48.065+0000] {processor.py:186} INFO - Started process (PID=3613) to work on /home/airflow/.local/lib/python3.12/site-packages/airflow/example_dags/example_setup_teardown.py
[2026-05-08T20:59:48.066+0000] {processor.py:914} INFO - Processing file /home/airflow/.local/lib/python3.12/site-packages/airflow/example_dags/example_setup_teardown.py for tasks to queue
[2026-05-08T20:59:48.067+0000] {logging_mixin.py:190} INFO - [2026-05-08T20:59:48.067+0000] {dagbag.py:588} INFO - Filling up the DagBag from /home/airflow/.local/lib/python3.12/site-packages/airflow/example_dags/example_setup_teardown.py
[2026-05-08T20:59:48.074+0000] {processor.py:925} INFO - DAG(s) 'example_setup_teardown' retrieved from /home/airflow/.local/lib/python3.12/site-packages/airflow/example_dags/example_setup_teardown.py
[2026-05-08T20:59:48.093+0000] {logging_mixin.py:190} INFO - [2026-05-08T20:59:48.093+0000] {dag.py:3239} INFO - Sync 1 DAGs
[2026-05-08T20:59:48.106+0000] {logging_mixin.py:190} INFO - [2026-05-08T20:59:48.106+0000] {dag.py:4180} INFO - Setting next_dagrun for example_setup_teardown to None, run_after=None
[2026-05-08T20:59:48.122+0000] {processor.py:208} INFO - Processing /home/airflow/.local/lib/python3.12/site-packages/airflow/example_dags/example_setup_teardown.py took 0.061 seconds
[2026-05-08T21:00:19.415+0000] {processor.py:186} INFO - Started process (PID=3677) to work on /home/airflow/.local/lib/python3.12/site-packages/airflow/example_dags/example_setup_teardown.py
[2026-05-08T21:00:19.416+0000] {processor.py:914} INFO - Processing file /home/airflow/.local/lib/python3.12/site-packages/airflow/example_dags/example_setup_teardown.py for tasks to queue
[2026-05-08T21:00:19.417+0000] {logging_mixin.py:190} INFO - [2026-05-08T21:00:19.417+0000] {dagbag.py:588} INFO - Filling up the DagBag from /home/airflow/.local/lib/python3.12/site-packages/airflow/example_dags/example_setup_teardown.py
[2026-05-08T21:00:19.424+0000] {processor.py:925} INFO - DAG(s) 'example_setup_teardown' retrieved from /home/airflow/.local/lib/python3.12/site-packages/airflow/example_dags/example_setup_teardown.py
[2026-05-08T21:00:19.443+0000] {logging_mixin.py:190} INFO - [2026-05-08T21:00:19.443+0000] {dag.py:3239} INFO - Sync 1 DAGs
[2026-05-08T21:00:19.455+0000] {logging_mixin.py:190} INFO - [2026-05-08T21:00:19.455+0000] {dag.py:4180} INFO - Setting next_dagrun for example_setup_teardown to None, run_after=None
[2026-05-08T21:00:19.471+0000] {processor.py:208} INFO - Processing /home/airflow/.local/lib/python3.12/site-packages/airflow/example_dags/example_setup_teardown.py took 0.061 seconds
[2026-05-08T21:00:50.529+0000] {processor.py:186} INFO - Started process (PID=3741) to work on /home/airflow/.local/lib/python3.12/site-packages/airflow/example_dags/example_setup_teardown.py
[2026-05-08T21:00:50.530+0000] {processor.py:914} INFO - Processing file /home/airflow/.local/lib/python3.12/site-packages/airflow/example_dags/example_setup_teardown.py for tasks to queue
[2026-05-08T21:00:50.531+0000] {logging_mixin.py:190} INFO - [2026-05-08T21:00:50.531+0000] {dagbag.py:588} INFO - Filling up the DagBag from /home/airflow/.local/lib/python3.12/site-packages/airflow/example_dags/example_setup_teardown.py
[2026-05-08T21:00:50.539+0000] {processor.py:925} INFO - DAG(s) 'example_setup_teardown' retrieved from /home/airflow/.local/lib/python3.12/site-packages/airflow/example_dags/example_setup_teardown.py
[2026-05-08T21:00:50.557+0000] {logging_mixin.py:190} INFO - [2026-05-08T21:00:50.556+0000] {dag.py:3239} INFO - Sync 1 DAGs
[2026-05-08T21:00:50.571+0000] {logging_mixin.py:190} INFO - [2026-05-08T21:00:50.571+0000] {dag.py:4180} INFO - Setting next_dagrun for example_setup_teardown to None, run_after=None
[2026-05-08T21:00:50.586+0000] {processor.py:208} INFO - Processing /home/airflow/.local/lib/python3.12/site-packages/airflow/example_dags/example_setup_teardown.py took 0.061 seconds
[2026-05-08T21:01:22.024+0000] {processor.py:186} INFO - Started process (PID=3805) to work on /home/airflow/.local/lib/python3.12/site-packages/airflow/example_dags/example_setup_teardown.py
[2026-05-08T21:01:22.025+0000] {processor.py:914} INFO - Processing file /home/airflow/.local/lib/python3.12/site-packages/airflow/example_dags/example_setup_teardown.py for tasks to queue
[2026-05-08T21:01:22.026+0000] {logging_mixin.py:190} INFO - [2026-05-08T21:01:22.026+0000] {dagbag.py:588} INFO - Filling up the DagBag from /home/airflow/.local/lib/python3.12/site-packages/airflow/example_dags/example_setup_teardown.py
[2026-05-08T21:01:22.034+0000] {processor.py:925} INFO - DAG(s) 'example_setup_teardown' retrieved from /home/airflow/.local/lib/python3.12/site-packages/airflow/example_dags/example_setup_teardown.py
[2026-05-08T21:01:22.053+0000] {logging_mixin.py:190} INFO - [2026-05-08T21:01:22.052+0000] {dag.py:3239} INFO - Sync 1 DAGs
[2026-05-08T21:01:22.069+0000] {logging_mixin.py:190} INFO - [2026-05-08T21:01:22.069+0000] {dag.py:4180} INFO - Setting next_dagrun for example_setup_teardown to None, run_after=None
[2026-05-08T21:01:22.086+0000] {processor.py:208} INFO - Processing /home/airflow/.local/lib/python3.12/site-packages/airflow/example_dags/example_setup_teardown.py took 0.067 seconds
[2026-05-08T21:01:53.302+0000] {processor.py:186} INFO - Started process (PID=3869) to work on /home/airflow/.local/lib/python3.12/site-packages/airflow/example_dags/example_setup_teardown.py
[2026-05-08T21:01:53.302+0000] {processor.py:914} INFO - Processing file /home/airflow/.local/lib/python3.12/site-packages/airflow/example_dags/example_setup_teardown.py for tasks to queue
[2026-05-08T21:01:53.304+0000] {logging_mixin.py:190} INFO - [2026-05-08T21:01:53.304+0000] {dagbag.py:588} INFO - Filling up the DagBag from /home/airflow/.local/lib/python3.12/site-packages/airflow/example_dags/example_setup_teardown.py
[2026-05-08T21:01:53.311+0000] {processor.py:925} INFO - DAG(s) 'example_setup_teardown' retrieved from /home/airflow/.local/lib/python3.12/site-packages/airflow/example_dags/example_setup_teardown.py
[2026-05-08T21:01:53.329+0000] {logging_mixin.py:190} INFO - [2026-05-08T21:01:53.329+0000] {dag.py:3239} INFO - Sync 1 DAGs
[2026-05-08T21:01:53.341+0000] {logging_mixin.py:190} INFO - [2026-05-08T21:01:53.340+0000] {dag.py:4180} INFO - Setting next_dagrun for example_setup_teardown to None, run_after=None
[2026-05-08T21:01:53.355+0000] {processor.py:208} INFO - Processing /home/airflow/.local/lib/python3.12/site-packages/airflow/example_dags/example_setup_teardown.py took 0.058 seconds
[2026-05-08T21:02:24.003+0000] {processor.py:186} INFO - Started process (PID=3933) to work on /home/airflow/.local/lib/python3.12/site-packages/airflow/example_dags/example_setup_teardown.py
[2026-05-08T21:02:24.004+0000] {processor.py:914} INFO - Processing file /home/airflow/.local/lib/python3.12/site-packages/airflow/example_dags/example_setup_teardown.py for tasks to queue
[2026-05-08T21:02:24.006+0000] {logging_mixin.py:190} INFO - [2026-05-08T21:02:24.006+0000] {dagbag.py:588} INFO - Filling up the DagBag from /home/airflow/.local/lib/python3.12/site-packages/airflow/example_dags/example_setup_teardown.py
[2026-05-08T21:02:24.013+0000] {processor.py:925} INFO - DAG(s) 'example_setup_teardown' retrieved from /home/airflow/.local/lib/python3.12/site-packages/airflow/example_dags/example_setup_teardown.py
[2026-05-08T21:02:24.034+0000] {logging_mixin.py:190} INFO - [2026-05-08T21:02:24.034+0000] {dag.py:3239} INFO - Sync 1 DAGs
[2026-05-08T21:02:24.051+0000] {logging_mixin.py:190} INFO - [2026-05-08T21:02:24.051+0000] {dag.py:4180} INFO - Setting next_dagrun for example_setup_teardown to None, run_after=None
[2026-05-08T21:02:24.072+0000] {processor.py:208} INFO - Processing /home/airflow/.local/lib/python3.12/site-packages/airflow/example_dags/example_setup_teardown.py took 0.073 seconds
[2026-05-08T21:02:54.663+0000] {processor.py:186} INFO - Started process (PID=3997) to work on /home/airflow/.local/lib/python3.12/site-packages/airflow/example_dags/example_setup_teardown.py
[2026-05-08T21:02:54.663+0000] {processor.py:914} INFO - Processing file /home/airflow/.local/lib/python3.12/site-packages/airflow/example_dags/example_setup_teardown.py for tasks to queue
[2026-05-08T21:02:54.665+0000] {logging_mixin.py:190} INFO - [2026-05-08T21:02:54.665+0000] {dagbag.py:588} INFO - Filling up the DagBag from /home/airflow/.local/lib/python3.12/site-packages/airflow/example_dags/example_setup_teardown.py
[2026-05-08T21:02:54.672+0000] {processor.py:925} INFO - DAG(s) 'example_setup_teardown' retrieved from /home/airflow/.local/lib/python3.12/site-packages/airflow/example_dags/example_setup_teardown.py
[2026-05-08T21:02:54.691+0000] {logging_mixin.py:190} INFO - [2026-05-08T21:02:54.691+0000] {dag.py:3239} INFO - Sync 1 DAGs
[2026-05-08T21:02:54.706+0000] {logging_mixin.py:190} INFO - [2026-05-08T21:02:54.706+0000] {dag.py:4180} INFO - Setting next_dagrun for example_setup_teardown to None, run_after=None
[2026-05-08T21:02:54.725+0000] {processor.py:208} INFO - Processing /home/airflow/.local/lib/python3.12/site-packages/airflow/example_dags/example_setup_teardown.py took 0.067 seconds
[2026-05-08T21:03:25.815+0000] {processor.py:186} INFO - Started process (PID=4061) to work on /home/airflow/.local/lib/python3.12/site-packages/airflow/example_dags/example_setup_teardown.py
[2026-05-08T21:03:25.816+0000] {processor.py:914} INFO - Processing file /home/airflow/.local/lib/python3.12/site-packages/airflow/example_dags/example_setup_teardown.py for tasks to queue
[2026-05-08T21:03:25.818+0000] {logging_mixin.py:190} INFO - [2026-05-08T21:03:25.818+0000] {dagbag.py:588} INFO - Filling up the DagBag from /home/airflow/.local/lib/python3.12/site-packages/airflow/example_dags/example_setup_teardown.py
[2026-05-08T21:03:25.827+0000] {processor.py:925} INFO - DAG(s) 'example_setup_teardown' retrieved from /home/airflow/.local/lib/python3.12/site-packages/airflow/example_dags/example_setup_teardown.py
[2026-05-08T21:03:25.847+0000] {logging_mixin.py:190} INFO - [2026-05-08T21:03:25.846+0000] {dag.py:3239} INFO - Sync 1 DAGs
[2026-05-08T21:03:26.004+0000] {logging_mixin.py:190} INFO - [2026-05-08T21:03:26.004+0000] {dag.py:4180} INFO - Setting next_dagrun for example_setup_teardown to None, run_after=None
[2026-05-08T21:03:26.017+0000] {processor.py:208} INFO - Processing /home/airflow/.local/lib/python3.12/site-packages/airflow/example_dags/example_setup_teardown.py took 0.207 seconds
[2026-05-08T21:03:57.356+0000] {processor.py:186} INFO - Started process (PID=4125) to work on /home/airflow/.local/lib/python3.12/site-packages/airflow/example_dags/example_setup_teardown.py
[2026-05-08T21:03:57.356+0000] {processor.py:914} INFO - Processing file /home/airflow/.local/lib/python3.12/site-packages/airflow/example_dags/example_setup_teardown.py for tasks to queue
[2026-05-08T21:03:57.358+0000] {logging_mixin.py:190} INFO - [2026-05-08T21:03:57.358+0000] {dagbag.py:588} INFO - Filling up the DagBag from /home/airflow/.local/lib/python3.12/site-packages/airflow/example_dags/example_setup_teardown.py
[2026-05-08T21:03:57.365+0000] {processor.py:925} INFO - DAG(s) 'example_setup_teardown' retrieved from /home/airflow/.local/lib/python3.12/site-packages/airflow/example_dags/example_setup_teardown.py
[2026-05-08T21:03:57.383+0000] {logging_mixin.py:190} INFO - [2026-05-08T21:03:57.383+0000] {dag.py:3239} INFO - Sync 1 DAGs
[2026-05-08T21:03:57.551+0000] {logging_mixin.py:190} INFO - [2026-05-08T21:03:57.551+0000] {dag.py:4180} INFO - Setting next_dagrun for example_setup_teardown to None, run_after=None
[2026-05-08T21:03:57.564+0000] {processor.py:208} INFO - Processing /home/airflow/.local/lib/python3.12/site-packages/airflow/example_dags/example_setup_teardown.py took 0.213 seconds
[2026-05-08T21:04:28.491+0000] {processor.py:186} INFO - Started process (PID=4189) to work on /home/airflow/.local/lib/python3.12/site-packages/airflow/example_dags/example_setup_teardown.py
[2026-05-08T21:04:28.491+0000] {processor.py:914} INFO - Processing file /home/airflow/.local/lib/python3.12/site-packages/airflow/example_dags/example_setup_teardown.py for tasks to queue
[2026-05-08T21:04:28.493+0000] {logging_mixin.py:190} INFO - [2026-05-08T21:04:28.493+0000] {dagbag.py:588} INFO - Filling up the DagBag from /home/airflow/.local/lib/python3.12/site-packages/airflow/example_dags/example_setup_teardown.py
[2026-05-08T21:04:28.500+0000] {processor.py:925} INFO - DAG(s) 'example_setup_teardown' retrieved from /home/airflow/.local/lib/python3.12/site-packages/airflow/example_dags/example_setup_teardown.py
[2026-05-08T21:04:28.517+0000] {logging_mixin.py:190} INFO - [2026-05-08T21:04:28.516+0000] {dag.py:3239} INFO - Sync 1 DAGs
[2026-05-08T21:04:28.529+0000] {logging_mixin.py:190} INFO - [2026-05-08T21:04:28.529+0000] {dag.py:4180} INFO - Setting next_dagrun for example_setup_teardown to None, run_after=None
[2026-05-08T21:04:28.543+0000] {processor.py:208} INFO - Processing /home/airflow/.local/lib/python3.12/site-packages/airflow/example_dags/example_setup_teardown.py took 0.057 seconds
[2026-05-08T21:04:59.820+0000] {processor.py:186} INFO - Started process (PID=4254) to work on /home/airflow/.local/lib/python3.12/site-packages/airflow/example_dags/example_setup_teardown.py
[2026-05-08T21:04:59.821+0000] {processor.py:914} INFO - Processing file /home/airflow/.local/lib/python3.12/site-packages/airflow/example_dags/example_setup_teardown.py for tasks to queue
[2026-05-08T21:04:59.822+0000] {logging_mixin.py:190} INFO - [2026-05-08T21:04:59.822+0000] {dagbag.py:588} INFO - Filling up the DagBag from /home/airflow/.local/lib/python3.12/site-packages/airflow/example_dags/example_setup_teardown.py
[2026-05-08T21:04:59.829+0000] {processor.py:925} INFO - DAG(s) 'example_setup_teardown' retrieved from /home/airflow/.local/lib/python3.12/site-packages/airflow/example_dags/example_setup_teardown.py
[2026-05-08T21:04:59.845+0000] {logging_mixin.py:190} INFO - [2026-05-08T21:04:59.845+0000] {dag.py:3239} INFO - Sync 1 DAGs
[2026-05-08T21:04:59.858+0000] {logging_mixin.py:190} INFO - [2026-05-08T21:04:59.857+0000] {dag.py:4180} INFO - Setting next_dagrun for example_setup_teardown to None, run_after=None
[2026-05-08T21:04:59.876+0000] {processor.py:208} INFO - Processing /home/airflow/.local/lib/python3.12/site-packages/airflow/example_dags/example_setup_teardown.py took 0.060 seconds
[2026-05-08T21:05:31.033+0000] {processor.py:186} INFO - Started process (PID=4318) to work on /home/airflow/.local/lib/python3.12/site-packages/airflow/example_dags/example_setup_teardown.py
[2026-05-08T21:05:31.034+0000] {processor.py:914} INFO - Processing file /home/airflow/.local/lib/python3.12/site-packages/airflow/example_dags/example_setup_teardown.py for tasks to queue
[2026-05-08T21:05:31.036+0000] {logging_mixin.py:190} INFO - [2026-05-08T21:05:31.035+0000] {dagbag.py:588} INFO - Filling up the DagBag from /home/airflow/.local/lib/python3.12/site-packages/airflow/example_dags/example_setup_teardown.py
[2026-05-08T21:05:31.043+0000] {processor.py:925} INFO - DAG(s) 'example_setup_teardown' retrieved from /home/airflow/.local/lib/python3.12/site-packages/airflow/example_dags/example_setup_teardown.py
[2026-05-08T21:05:31.060+0000] {logging_mixin.py:190} INFO - [2026-05-08T21:05:31.060+0000] {dag.py:3239} INFO - Sync 1 DAGs
[2026-05-08T21:05:31.072+0000] {logging_mixin.py:190} INFO - [2026-05-08T21:05:31.072+0000] {dag.py:4180} INFO - Setting next_dagrun for example_setup_teardown to None, run_after=None
[2026-05-08T21:05:31.089+0000] {processor.py:208} INFO - Processing /home/airflow/.local/lib/python3.12/site-packages/airflow/example_dags/example_setup_teardown.py took 0.061 seconds
[2026-05-08T21:06:01.552+0000] {processor.py:186} INFO - Started process (PID=4381) to work on /home/airflow/.local/lib/python3.12/site-packages/airflow/example_dags/example_setup_teardown.py
[2026-05-08T21:06:01.553+0000] {processor.py:914} INFO - Processing file /home/airflow/.local/lib/python3.12/site-packages/airflow/example_dags/example_setup_teardown.py for tasks to queue
[2026-05-08T21:06:01.555+0000] {logging_mixin.py:190} INFO - [2026-05-08T21:06:01.554+0000] {dagbag.py:588} INFO - Filling up the DagBag from /home/airflow/.local/lib/python3.12/site-packages/airflow/example_dags/example_setup_teardown.py
[2026-05-08T21:06:01.561+0000] {processor.py:925} INFO - DAG(s) 'example_setup_teardown' retrieved from /home/airflow/.local/lib/python3.12/site-packages/airflow/example_dags/example_setup_teardown.py
[2026-05-08T21:06:01.584+0000] {logging_mixin.py:190} INFO - [2026-05-08T21:06:01.584+0000] {dag.py:3239} INFO - Sync 1 DAGs
[2026-05-08T21:06:01.596+0000] {logging_mixin.py:190} INFO - [2026-05-08T21:06:01.596+0000] {dag.py:4180} INFO - Setting next_dagrun for example_setup_teardown to None, run_after=None
[2026-05-08T21:06:01.610+0000] {processor.py:208} INFO - Processing /home/airflow/.local/lib/python3.12/site-packages/airflow/example_dags/example_setup_teardown.py took 0.063 seconds
[2026-05-08T21:06:31.704+0000] {processor.py:186} INFO - Started process (PID=4444) to work on /home/airflow/.local/lib/python3.12/site-packages/airflow/example_dags/example_setup_teardown.py
[2026-05-08T21:06:31.705+0000] {processor.py:914} INFO - Processing file /home/airflow/.local/lib/python3.12/site-packages/airflow/example_dags/example_setup_teardown.py for tasks to queue
[2026-05-08T21:06:31.707+0000] {logging_mixin.py:190} INFO - [2026-05-08T21:06:31.707+0000] {dagbag.py:588} INFO - Filling up the DagBag from /home/airflow/.local/lib/python3.12/site-packages/airflow/example_dags/example_setup_teardown.py
[2026-05-08T21:06:31.717+0000] {processor.py:925} INFO - DAG(s) 'example_setup_teardown' retrieved from /home/airflow/.local/lib/python3.12/site-packages/airflow/example_dags/example_setup_teardown.py
[2026-05-08T21:06:31.733+0000] {logging_mixin.py:190} INFO - [2026-05-08T21:06:31.732+0000] {dag.py:3239} INFO - Sync 1 DAGs
[2026-05-08T21:06:31.744+0000] {logging_mixin.py:190} INFO - [2026-05-08T21:06:31.744+0000] {dag.py:4180} INFO - Setting next_dagrun for example_setup_teardown to None, run_after=None
[2026-05-08T21:06:31.758+0000] {processor.py:208} INFO - Processing /home/airflow/.local/lib/python3.12/site-packages/airflow/example_dags/example_setup_teardown.py took 0.061 seconds
[2026-05-08T21:07:02.570+0000] {processor.py:186} INFO - Started process (PID=4507) to work on /home/airflow/.local/lib/python3.12/site-packages/airflow/example_dags/example_setup_teardown.py
[2026-05-08T21:07:02.571+0000] {processor.py:914} INFO - Processing file /home/airflow/.local/lib/python3.12/site-packages/airflow/example_dags/example_setup_teardown.py for tasks to queue
[2026-05-08T21:07:02.572+0000] {logging_mixin.py:190} INFO - [2026-05-08T21:07:02.572+0000] {dagbag.py:588} INFO - Filling up the DagBag from /home/airflow/.local/lib/python3.12/site-packages/airflow/example_dags/example_setup_teardown.py
[2026-05-08T21:07:02.579+0000] {processor.py:925} INFO - DAG(s) 'example_setup_teardown' retrieved from /home/airflow/.local/lib/python3.12/site-packages/airflow/example_dags/example_setup_teardown.py
[2026-05-08T21:07:02.595+0000] {logging_mixin.py:190} INFO - [2026-05-08T21:07:02.595+0000] {dag.py:3239} INFO - Sync 1 DAGs
[2026-05-08T21:07:02.608+0000] {logging_mixin.py:190} INFO - [2026-05-08T21:07:02.608+0000] {dag.py:4180} INFO - Setting next_dagrun for example_setup_teardown to None, run_after=None
[2026-05-08T21:07:02.622+0000] {processor.py:208} INFO - Processing /home/airflow/.local/lib/python3.12/site-packages/airflow/example_dags/example_setup_teardown.py took 0.057 seconds
[2026-05-08T21:07:33.357+0000] {processor.py:186} INFO - Started process (PID=4571) to work on /home/airflow/.local/lib/python3.12/site-packages/airflow/example_dags/example_setup_teardown.py
[2026-05-08T21:07:33.358+0000] {processor.py:914} INFO - Processing file /home/airflow/.local/lib/python3.12/site-packages/airflow/example_dags/example_setup_teardown.py for tasks to queue
[2026-05-08T21:07:33.359+0000] {logging_mixin.py:190} INFO - [2026-05-08T21:07:33.359+0000] {dagbag.py:588} INFO - Filling up the DagBag from /home/airflow/.local/lib/python3.12/site-packages/airflow/example_dags/example_setup_teardown.py
[2026-05-08T21:07:33.366+0000] {processor.py:925} INFO - DAG(s) 'example_setup_teardown' retrieved from /home/airflow/.local/lib/python3.12/site-packages/airflow/example_dags/example_setup_teardown.py
[2026-05-08T21:07:33.386+0000] {logging_mixin.py:190} INFO - [2026-05-08T21:07:33.385+0000] {dag.py:3239} INFO - Sync 1 DAGs
[2026-05-08T21:07:33.402+0000] {logging_mixin.py:190} INFO - [2026-05-08T21:07:33.402+0000] {dag.py:4180} INFO - Setting next_dagrun for example_setup_teardown to None, run_after=None
[2026-05-08T21:07:33.419+0000] {processor.py:208} INFO - Processing /home/airflow/.local/lib/python3.12/site-packages/airflow/example_dags/example_setup_teardown.py took 0.066 seconds
[2026-05-08T21:08:04.357+0000] {processor.py:186} INFO - Started process (PID=4641) to work on /home/airflow/.local/lib/python3.12/site-packages/airflow/example_dags/example_setup_teardown.py
[2026-05-08T21:08:04.357+0000] {processor.py:914} INFO - Processing file /home/airflow/.local/lib/python3.12/site-packages/airflow/example_dags/example_setup_teardown.py for tasks to queue
[2026-05-08T21:08:04.359+0000] {logging_mixin.py:190} INFO - [2026-05-08T21:08:04.359+0000] {dagbag.py:588} INFO - Filling up the DagBag from /home/airflow/.local/lib/python3.12/site-packages/airflow/example_dags/example_setup_teardown.py
[2026-05-08T21:08:04.367+0000] {processor.py:925} INFO - DAG(s) 'example_setup_teardown' retrieved from /home/airflow/.local/lib/python3.12/site-packages/airflow/example_dags/example_setup_teardown.py
[2026-05-08T21:08:04.384+0000] {logging_mixin.py:190} INFO - [2026-05-08T21:08:04.384+0000] {dag.py:3239} INFO - Sync 1 DAGs
[2026-05-08T21:08:04.401+0000] {logging_mixin.py:190} INFO - [2026-05-08T21:08:04.401+0000] {dag.py:4180} INFO - Setting next_dagrun for example_setup_teardown to None, run_after=None
[2026-05-08T21:08:04.416+0000] {processor.py:208} INFO - Processing /home/airflow/.local/lib/python3.12/site-packages/airflow/example_dags/example_setup_teardown.py took 0.065 seconds
[2026-05-08T21:08:34.521+0000] {processor.py:186} INFO - Started process (PID=4704) to work on /home/airflow/.local/lib/python3.12/site-packages/airflow/example_dags/example_setup_teardown.py
[2026-05-08T21:08:34.521+0000] {processor.py:914} INFO - Processing file /home/airflow/.local/lib/python3.12/site-packages/airflow/example_dags/example_setup_teardown.py for tasks to queue
[2026-05-08T21:08:34.523+0000] {logging_mixin.py:190} INFO - [2026-05-08T21:08:34.523+0000] {dagbag.py:588} INFO - Filling up the DagBag from /home/airflow/.local/lib/python3.12/site-packages/airflow/example_dags/example_setup_teardown.py
[2026-05-08T21:08:34.530+0000] {processor.py:925} INFO - DAG(s) 'example_setup_teardown' retrieved from /home/airflow/.local/lib/python3.12/site-packages/airflow/example_dags/example_setup_teardown.py
[2026-05-08T21:08:34.549+0000] {logging_mixin.py:190} INFO - [2026-05-08T21:08:34.549+0000] {dag.py:3239} INFO - Sync 1 DAGs
[2026-05-08T21:08:34.565+0000] {logging_mixin.py:190} INFO - [2026-05-08T21:08:34.565+0000] {dag.py:4180} INFO - Setting next_dagrun for example_setup_teardown to None, run_after=None
[2026-05-08T21:08:34.582+0000] {processor.py:208} INFO - Processing /home/airflow/.local/lib/python3.12/site-packages/airflow/example_dags/example_setup_teardown.py took 0.066 seconds
[2026-05-08T21:09:05.068+0000] {processor.py:186} INFO - Started process (PID=4768) to work on /home/airflow/.local/lib/python3.12/site-packages/airflow/example_dags/example_setup_teardown.py
[2026-05-08T21:09:05.069+0000] {processor.py:914} INFO - Processing file /home/airflow/.local/lib/python3.12/site-packages/airflow/example_dags/example_setup_teardown.py for tasks to queue
[2026-05-08T21:09:05.071+0000] {logging_mixin.py:190} INFO - [2026-05-08T21:09:05.070+0000] {dagbag.py:588} INFO - Filling up the DagBag from /home/airflow/.local/lib/python3.12/site-packages/airflow/example_dags/example_setup_teardown.py
[2026-05-08T21:09:05.077+0000] {processor.py:925} INFO - DAG(s) 'example_setup_teardown' retrieved from /home/airflow/.local/lib/python3.12/site-packages/airflow/example_dags/example_setup_teardown.py
[2026-05-08T21:09:05.093+0000] {logging_mixin.py:190} INFO - [2026-05-08T21:09:05.093+0000] {dag.py:3239} INFO - Sync 1 DAGs
[2026-05-08T21:09:05.107+0000] {logging_mixin.py:190} INFO - [2026-05-08T21:09:05.107+0000] {dag.py:4180} INFO - Setting next_dagrun for example_setup_teardown to None, run_after=None
[2026-05-08T21:09:05.121+0000] {processor.py:208} INFO - Processing /home/airflow/.local/lib/python3.12/site-packages/airflow/example_dags/example_setup_teardown.py took 0.057 seconds
[2026-05-08T21:09:35.670+0000] {processor.py:186} INFO - Started process (PID=4832) to work on /home/airflow/.local/lib/python3.12/site-packages/airflow/example_dags/example_setup_teardown.py
[2026-05-08T21:09:35.671+0000] {processor.py:914} INFO - Processing file /home/airflow/.local/lib/python3.12/site-packages/airflow/example_dags/example_setup_teardown.py for tasks to queue
[2026-05-08T21:09:35.673+0000] {logging_mixin.py:190} INFO - [2026-05-08T21:09:35.672+0000] {dagbag.py:588} INFO - Filling up the DagBag from /home/airflow/.local/lib/python3.12/site-packages/airflow/example_dags/example_setup_teardown.py
[2026-05-08T21:09:35.680+0000] {processor.py:925} INFO - DAG(s) 'example_setup_teardown' retrieved from /home/airflow/.local/lib/python3.12/site-packages/airflow/example_dags/example_setup_teardown.py
[2026-05-08T21:09:35.696+0000] {logging_mixin.py:190} INFO - [2026-05-08T21:09:35.696+0000] {dag.py:3239} INFO - Sync 1 DAGs
[2026-05-08T21:09:35.708+0000] {logging_mixin.py:190} INFO - [2026-05-08T21:09:35.708+0000] {dag.py:4180} INFO - Setting next_dagrun for example_setup_teardown to None, run_after=None
[2026-05-08T21:09:35.722+0000] {processor.py:208} INFO - Processing /home/airflow/.local/lib/python3.12/site-packages/airflow/example_dags/example_setup_teardown.py took 0.058 seconds
[2026-05-08T21:10:06.699+0000] {processor.py:186} INFO - Started process (PID=4896) to work on /home/airflow/.local/lib/python3.12/site-packages/airflow/example_dags/example_setup_teardown.py
[2026-05-08T21:10:06.700+0000] {processor.py:914} INFO - Processing file /home/airflow/.local/lib/python3.12/site-packages/airflow/example_dags/example_setup_teardown.py for tasks to queue
[2026-05-08T21:10:06.703+0000] {logging_mixin.py:190} INFO - [2026-05-08T21:10:06.702+0000] {dagbag.py:588} INFO - Filling up the DagBag from /home/airflow/.local/lib/python3.12/site-packages/airflow/example_dags/example_setup_teardown.py
[2026-05-08T21:10:06.712+0000] {processor.py:925} INFO - DAG(s) 'example_setup_teardown' retrieved from /home/airflow/.local/lib/python3.12/site-packages/airflow/example_dags/example_setup_teardown.py
[2026-05-08T21:10:06.731+0000] {logging_mixin.py:190} INFO - [2026-05-08T21:10:06.731+0000] {dag.py:3239} INFO - Sync 1 DAGs
[2026-05-08T21:10:06.742+0000] {logging_mixin.py:190} INFO - [2026-05-08T21:10:06.742+0000] {dag.py:4180} INFO - Setting next_dagrun for example_setup_teardown to None, run_after=None
[2026-05-08T21:10:06.756+0000] {processor.py:208} INFO - Processing /home/airflow/.local/lib/python3.12/site-packages/airflow/example_dags/example_setup_teardown.py took 0.063 seconds
[2026-05-08T21:10:37.218+0000] {processor.py:186} INFO - Started process (PID=4960) to work on /home/airflow/.local/lib/python3.12/site-packages/airflow/example_dags/example_setup_teardown.py
[2026-05-08T21:10:37.219+0000] {processor.py:914} INFO - Processing file /home/airflow/.local/lib/python3.12/site-packages/airflow/example_dags/example_setup_teardown.py for tasks to queue
[2026-05-08T21:10:37.220+0000] {logging_mixin.py:190} INFO - [2026-05-08T21:10:37.220+0000] {dagbag.py:588} INFO - Filling up the DagBag from /home/airflow/.local/lib/python3.12/site-packages/airflow/example_dags/example_setup_teardown.py
[2026-05-08T21:10:37.228+0000] {processor.py:925} INFO - DAG(s) 'example_setup_teardown' retrieved from /home/airflow/.local/lib/python3.12/site-packages/airflow/example_dags/example_setup_teardown.py
[2026-05-08T21:10:37.243+0000] {logging_mixin.py:190} INFO - [2026-05-08T21:10:37.243+0000] {dag.py:3239} INFO - Sync 1 DAGs
[2026-05-08T21:10:37.254+0000] {logging_mixin.py:190} INFO - [2026-05-08T21:10:37.254+0000] {dag.py:4180} INFO - Setting next_dagrun for example_setup_teardown to None, run_after=None
[2026-05-08T21:10:37.268+0000] {processor.py:208} INFO - Processing /home/airflow/.local/lib/python3.12/site-packages/airflow/example_dags/example_setup_teardown.py took 0.055 seconds
[2026-05-08T21:11:07.368+0000] {processor.py:186} INFO - Started process (PID=5023) to work on /home/airflow/.local/lib/python3.12/site-packages/airflow/example_dags/example_setup_teardown.py
[2026-05-08T21:11:07.368+0000] {processor.py:914} INFO - Processing file /home/airflow/.local/lib/python3.12/site-packages/airflow/example_dags/example_setup_teardown.py for tasks to queue
[2026-05-08T21:11:07.370+0000] {logging_mixin.py:190} INFO - [2026-05-08T21:11:07.370+0000] {dagbag.py:588} INFO - Filling up the DagBag from /home/airflow/.local/lib/python3.12/site-packages/airflow/example_dags/example_setup_teardown.py
[2026-05-08T21:11:07.377+0000] {processor.py:925} INFO - DAG(s) 'example_setup_teardown' retrieved from /home/airflow/.local/lib/python3.12/site-packages/airflow/example_dags/example_setup_teardown.py
[2026-05-08T21:11:07.391+0000] {logging_mixin.py:190} INFO - [2026-05-08T21:11:07.391+0000] {dag.py:3239} INFO - Sync 1 DAGs
[2026-05-08T21:11:07.403+0000] {logging_mixin.py:190} INFO - [2026-05-08T21:11:07.403+0000] {dag.py:4180} INFO - Setting next_dagrun for example_setup_teardown to None, run_after=None
[2026-05-08T21:11:07.418+0000] {processor.py:208} INFO - Processing /home/airflow/.local/lib/python3.12/site-packages/airflow/example_dags/example_setup_teardown.py took 0.054 seconds
[2026-05-08T21:11:38.380+0000] {processor.py:186} INFO - Started process (PID=5088) to work on /home/airflow/.local/lib/python3.12/site-packages/airflow/example_dags/example_setup_teardown.py
[2026-05-08T21:11:38.382+0000] {processor.py:914} INFO - Processing file /home/airflow/.local/lib/python3.12/site-packages/airflow/example_dags/example_setup_teardown.py for tasks to queue
[2026-05-08T21:11:38.385+0000] {logging_mixin.py:190} INFO - [2026-05-08T21:11:38.384+0000] {dagbag.py:588} INFO - Filling up the DagBag from /home/airflow/.local/lib/python3.12/site-packages/airflow/example_dags/example_setup_teardown.py
[2026-05-08T21:11:38.395+0000] {processor.py:925} INFO - DAG(s) 'example_setup_teardown' retrieved from /home/airflow/.local/lib/python3.12/site-packages/airflow/example_dags/example_setup_teardown.py
[2026-05-08T21:11:38.422+0000] {logging_mixin.py:190} INFO - [2026-05-08T21:11:38.422+0000] {dag.py:3239} INFO - Sync 1 DAGs
[2026-05-08T21:11:38.442+0000] {logging_mixin.py:190} INFO - [2026-05-08T21:11:38.441+0000] {dag.py:4180} INFO - Setting next_dagrun for example_setup_teardown to None, run_after=None
[2026-05-08T21:11:38.462+0000] {processor.py:208} INFO - Processing /home/airflow/.local/lib/python3.12/site-packages/airflow/example_dags/example_setup_teardown.py took 0.089 seconds
[2026-05-08T21:12:09.220+0000] {processor.py:186} INFO - Started process (PID=5152) to work on /home/airflow/.local/lib/python3.12/site-packages/airflow/example_dags/example_setup_teardown.py
[2026-05-08T21:12:09.221+0000] {processor.py:914} INFO - Processing file /home/airflow/.local/lib/python3.12/site-packages/airflow/example_dags/example_setup_teardown.py for tasks to queue
[2026-05-08T21:12:09.223+0000] {logging_mixin.py:190} INFO - [2026-05-08T21:12:09.223+0000] {dagbag.py:588} INFO - Filling up the DagBag from /home/airflow/.local/lib/python3.12/site-packages/airflow/example_dags/example_setup_teardown.py
[2026-05-08T21:12:09.231+0000] {processor.py:925} INFO - DAG(s) 'example_setup_teardown' retrieved from /home/airflow/.local/lib/python3.12/site-packages/airflow/example_dags/example_setup_teardown.py
[2026-05-08T21:12:09.249+0000] {logging_mixin.py:190} INFO - [2026-05-08T21:12:09.249+0000] {dag.py:3239} INFO - Sync 1 DAGs
[2026-05-08T21:12:09.261+0000] {logging_mixin.py:190} INFO - [2026-05-08T21:12:09.261+0000] {dag.py:4180} INFO - Setting next_dagrun for example_setup_teardown to None, run_after=None
[2026-05-08T21:12:09.274+0000] {processor.py:208} INFO - Processing /home/airflow/.local/lib/python3.12/site-packages/airflow/example_dags/example_setup_teardown.py took 0.058 seconds
[2026-05-08T21:12:39.359+0000] {processor.py:186} INFO - Started process (PID=5215) to work on /home/airflow/.local/lib/python3.12/site-packages/airflow/example_dags/example_setup_teardown.py
[2026-05-08T21:12:39.360+0000] {processor.py:914} INFO - Processing file /home/airflow/.local/lib/python3.12/site-packages/airflow/example_dags/example_setup_teardown.py for tasks to queue
[2026-05-08T21:12:39.362+0000] {logging_mixin.py:190} INFO - [2026-05-08T21:12:39.361+0000] {dagbag.py:588} INFO - Filling up the DagBag from /home/airflow/.local/lib/python3.12/site-packages/airflow/example_dags/example_setup_teardown.py
[2026-05-08T21:12:39.371+0000] {processor.py:925} INFO - DAG(s) 'example_setup_teardown' retrieved from /home/airflow/.local/lib/python3.12/site-packages/airflow/example_dags/example_setup_teardown.py
[2026-05-08T21:12:39.389+0000] {logging_mixin.py:190} INFO - [2026-05-08T21:12:39.389+0000] {dag.py:3239} INFO - Sync 1 DAGs
[2026-05-08T21:12:39.402+0000] {logging_mixin.py:190} INFO - [2026-05-08T21:12:39.402+0000] {dag.py:4180} INFO - Setting next_dagrun for example_setup_teardown to None, run_after=None
[2026-05-08T21:12:39.420+0000] {processor.py:208} INFO - Processing /home/airflow/.local/lib/python3.12/site-packages/airflow/example_dags/example_setup_teardown.py took 0.069 seconds
[2026-05-08T21:13:09.466+0000] {processor.py:186} INFO - Started process (PID=5279) to work on /home/airflow/.local/lib/python3.12/site-packages/airflow/example_dags/example_setup_teardown.py
[2026-05-08T21:13:09.467+0000] {processor.py:914} INFO - Processing file /home/airflow/.local/lib/python3.12/site-packages/airflow/example_dags/example_setup_teardown.py for tasks to queue
[2026-05-08T21:13:09.469+0000] {logging_mixin.py:190} INFO - [2026-05-08T21:13:09.469+0000] {dagbag.py:588} INFO - Filling up the DagBag from /home/airflow/.local/lib/python3.12/site-packages/airflow/example_dags/example_setup_teardown.py
[2026-05-08T21:13:09.477+0000] {processor.py:925} INFO - DAG(s) 'example_setup_teardown' retrieved from /home/airflow/.local/lib/python3.12/site-packages/airflow/example_dags/example_setup_teardown.py
[2026-05-08T21:13:09.496+0000] {logging_mixin.py:190} INFO - [2026-05-08T21:13:09.496+0000] {dag.py:3239} INFO - Sync 1 DAGs
[2026-05-08T21:13:09.509+0000] {logging_mixin.py:190} INFO - [2026-05-08T21:13:09.509+0000] {dag.py:4180} INFO - Setting next_dagrun for example_setup_teardown to None, run_after=None
[2026-05-08T21:13:09.523+0000] {processor.py:208} INFO - Processing /home/airflow/.local/lib/python3.12/site-packages/airflow/example_dags/example_setup_teardown.py took 0.064 seconds
[2026-05-08T21:13:39.577+0000] {processor.py:186} INFO - Started process (PID=5343) to work on /home/airflow/.local/lib/python3.12/site-packages/airflow/example_dags/example_setup_teardown.py
[2026-05-08T21:13:39.577+0000] {processor.py:914} INFO - Processing file /home/airflow/.local/lib/python3.12/site-packages/airflow/example_dags/example_setup_teardown.py for tasks to queue
[2026-05-08T21:13:39.579+0000] {logging_mixin.py:190} INFO - [2026-05-08T21:13:39.579+0000] {dagbag.py:588} INFO - Filling up the DagBag from /home/airflow/.local/lib/python3.12/site-packages/airflow/example_dags/example_setup_teardown.py
[2026-05-08T21:13:39.586+0000] {processor.py:925} INFO - DAG(s) 'example_setup_teardown' retrieved from /home/airflow/.local/lib/python3.12/site-packages/airflow/example_dags/example_setup_teardown.py
[2026-05-08T21:13:39.601+0000] {logging_mixin.py:190} INFO - [2026-05-08T21:13:39.601+0000] {dag.py:3239} INFO - Sync 1 DAGs
[2026-05-08T21:13:39.614+0000] {logging_mixin.py:190} INFO - [2026-05-08T21:13:39.614+0000] {dag.py:4180} INFO - Setting next_dagrun for example_setup_teardown to None, run_after=None
[2026-05-08T21:13:39.631+0000] {processor.py:208} INFO - Processing /home/airflow/.local/lib/python3.12/site-packages/airflow/example_dags/example_setup_teardown.py took 0.060 seconds
[2026-05-08T21:14:10.210+0000] {processor.py:186} INFO - Started process (PID=5407) to work on /home/airflow/.local/lib/python3.12/site-packages/airflow/example_dags/example_setup_teardown.py
[2026-05-08T21:14:10.210+0000] {processor.py:914} INFO - Processing file /home/airflow/.local/lib/python3.12/site-packages/airflow/example_dags/example_setup_teardown.py for tasks to queue
[2026-05-08T21:14:10.212+0000] {logging_mixin.py:190} INFO - [2026-05-08T21:14:10.211+0000] {dagbag.py:588} INFO - Filling up the DagBag from /home/airflow/.local/lib/python3.12/site-packages/airflow/example_dags/example_setup_teardown.py
[2026-05-08T21:14:10.219+0000] {processor.py:925} INFO - DAG(s) 'example_setup_teardown' retrieved from /home/airflow/.local/lib/python3.12/site-packages/airflow/example_dags/example_setup_teardown.py
[2026-05-08T21:14:10.237+0000] {logging_mixin.py:190} INFO - [2026-05-08T21:14:10.237+0000] {dag.py:3239} INFO - Sync 1 DAGs
[2026-05-08T21:14:10.252+0000] {logging_mixin.py:190} INFO - [2026-05-08T21:14:10.251+0000] {dag.py:4180} INFO - Setting next_dagrun for example_setup_teardown to None, run_after=None
[2026-05-08T21:14:10.268+0000] {processor.py:208} INFO - Processing /home/airflow/.local/lib/python3.12/site-packages/airflow/example_dags/example_setup_teardown.py took 0.063 seconds
[2026-05-08T21:14:40.794+0000] {processor.py:186} INFO - Started process (PID=5471) to work on /home/airflow/.local/lib/python3.12/site-packages/airflow/example_dags/example_setup_teardown.py
[2026-05-08T21:14:40.795+0000] {processor.py:914} INFO - Processing file /home/airflow/.local/lib/python3.12/site-packages/airflow/example_dags/example_setup_teardown.py for tasks to queue
[2026-05-08T21:14:40.797+0000] {logging_mixin.py:190} INFO - [2026-05-08T21:14:40.797+0000] {dagbag.py:588} INFO - Filling up the DagBag from /home/airflow/.local/lib/python3.12/site-packages/airflow/example_dags/example_setup_teardown.py
[2026-05-08T21:14:40.805+0000] {processor.py:925} INFO - DAG(s) 'example_setup_teardown' retrieved from /home/airflow/.local/lib/python3.12/site-packages/airflow/example_dags/example_setup_teardown.py
[2026-05-08T21:14:40.825+0000] {logging_mixin.py:190} INFO - [2026-05-08T21:14:40.825+0000] {dag.py:3239} INFO - Sync 1 DAGs
[2026-05-08T21:14:40.840+0000] {logging_mixin.py:190} INFO - [2026-05-08T21:14:40.840+0000] {dag.py:4180} INFO - Setting next_dagrun for example_setup_teardown to None, run_after=None
[2026-05-08T21:14:40.855+0000] {processor.py:208} INFO - Processing /home/airflow/.local/lib/python3.12/site-packages/airflow/example_dags/example_setup_teardown.py took 0.067 seconds
[2026-05-08T21:15:11.072+0000] {processor.py:186} INFO - Started process (PID=5535) to work on /home/airflow/.local/lib/python3.12/site-packages/airflow/example_dags/example_setup_teardown.py
[2026-05-08T21:15:11.073+0000] {processor.py:914} INFO - Processing file /home/airflow/.local/lib/python3.12/site-packages/airflow/example_dags/example_setup_teardown.py for tasks to queue
[2026-05-08T21:15:11.075+0000] {logging_mixin.py:190} INFO - [2026-05-08T21:15:11.074+0000] {dagbag.py:588} INFO - Filling up the DagBag from /home/airflow/.local/lib/python3.12/site-packages/airflow/example_dags/example_setup_teardown.py
[2026-05-08T21:15:11.081+0000] {processor.py:925} INFO - DAG(s) 'example_setup_teardown' retrieved from /home/airflow/.local/lib/python3.12/site-packages/airflow/example_dags/example_setup_teardown.py
[2026-05-08T21:15:11.100+0000] {logging_mixin.py:190} INFO - [2026-05-08T21:15:11.100+0000] {dag.py:3239} INFO - Sync 1 DAGs
[2026-05-08T21:15:11.112+0000] {logging_mixin.py:190} INFO - [2026-05-08T21:15:11.112+0000] {dag.py:4180} INFO - Setting next_dagrun for example_setup_teardown to None, run_after=None
[2026-05-08T21:15:11.126+0000] {processor.py:208} INFO - Processing /home/airflow/.local/lib/python3.12/site-packages/airflow/example_dags/example_setup_teardown.py took 0.058 seconds
[2026-05-08T21:15:41.302+0000] {processor.py:186} INFO - Started process (PID=5599) to work on /home/airflow/.local/lib/python3.12/site-packages/airflow/example_dags/example_setup_teardown.py
[2026-05-08T21:15:41.302+0000] {processor.py:914} INFO - Processing file /home/airflow/.local/lib/python3.12/site-packages/airflow/example_dags/example_setup_teardown.py for tasks to queue
[2026-05-08T21:15:41.305+0000] {logging_mixin.py:190} INFO - [2026-05-08T21:15:41.304+0000] {dagbag.py:588} INFO - Filling up the DagBag from /home/airflow/.local/lib/python3.12/site-packages/airflow/example_dags/example_setup_teardown.py
[2026-05-08T21:15:41.316+0000] {processor.py:925} INFO - DAG(s) 'example_setup_teardown' retrieved from /home/airflow/.local/lib/python3.12/site-packages/airflow/example_dags/example_setup_teardown.py
[2026-05-08T21:15:41.337+0000] {logging_mixin.py:190} INFO - [2026-05-08T21:15:41.337+0000] {dag.py:3239} INFO - Sync 1 DAGs
[2026-05-08T21:15:41.355+0000] {logging_mixin.py:190} INFO - [2026-05-08T21:15:41.355+0000] {dag.py:4180} INFO - Setting next_dagrun for example_setup_teardown to None, run_after=None
[2026-05-08T21:15:41.371+0000] {processor.py:208} INFO - Processing /home/airflow/.local/lib/python3.12/site-packages/airflow/example_dags/example_setup_teardown.py took 0.076 seconds
[2026-05-08T21:16:11.556+0000] {processor.py:186} INFO - Started process (PID=5663) to work on /home/airflow/.local/lib/python3.12/site-packages/airflow/example_dags/example_setup_teardown.py
[2026-05-08T21:16:11.557+0000] {processor.py:914} INFO - Processing file /home/airflow/.local/lib/python3.12/site-packages/airflow/example_dags/example_setup_teardown.py for tasks to queue
[2026-05-08T21:16:11.559+0000] {logging_mixin.py:190} INFO - [2026-05-08T21:16:11.558+0000] {dagbag.py:588} INFO - Filling up the DagBag from /home/airflow/.local/lib/python3.12/site-packages/airflow/example_dags/example_setup_teardown.py
[2026-05-08T21:16:11.568+0000] {processor.py:925} INFO - DAG(s) 'example_setup_teardown' retrieved from /home/airflow/.local/lib/python3.12/site-packages/airflow/example_dags/example_setup_teardown.py
[2026-05-08T21:16:11.589+0000] {logging_mixin.py:190} INFO - [2026-05-08T21:16:11.588+0000] {dag.py:3239} INFO - Sync 1 DAGs
[2026-05-08T21:16:11.605+0000] {logging_mixin.py:190} INFO - [2026-05-08T21:16:11.604+0000] {dag.py:4180} INFO - Setting next_dagrun for example_setup_teardown to None, run_after=None
[2026-05-08T21:16:11.619+0000] {processor.py:208} INFO - Processing /home/airflow/.local/lib/python3.12/site-packages/airflow/example_dags/example_setup_teardown.py took 0.067 seconds
[2026-05-08T21:16:41.750+0000] {processor.py:186} INFO - Started process (PID=5727) to work on /home/airflow/.local/lib/python3.12/site-packages/airflow/example_dags/example_setup_teardown.py
[2026-05-08T21:16:41.751+0000] {processor.py:914} INFO - Processing file /home/airflow/.local/lib/python3.12/site-packages/airflow/example_dags/example_setup_teardown.py for tasks to queue
[2026-05-08T21:16:41.752+0000] {logging_mixin.py:190} INFO - [2026-05-08T21:16:41.752+0000] {dagbag.py:588} INFO - Filling up the DagBag from /home/airflow/.local/lib/python3.12/site-packages/airflow/example_dags/example_setup_teardown.py
[2026-05-08T21:16:41.759+0000] {processor.py:925} INFO - DAG(s) 'example_setup_teardown' retrieved from /home/airflow/.local/lib/python3.12/site-packages/airflow/example_dags/example_setup_teardown.py
[2026-05-08T21:16:41.781+0000] {logging_mixin.py:190} INFO - [2026-05-08T21:16:41.781+0000] {dag.py:3239} INFO - Sync 1 DAGs
[2026-05-08T21:16:41.798+0000] {logging_mixin.py:190} INFO - [2026-05-08T21:16:41.798+0000] {dag.py:4180} INFO - Setting next_dagrun for example_setup_teardown to None, run_after=None
[2026-05-08T21:16:41.818+0000] {processor.py:208} INFO - Processing /home/airflow/.local/lib/python3.12/site-packages/airflow/example_dags/example_setup_teardown.py took 0.072 seconds
[2026-05-08T21:17:11.848+0000] {processor.py:186} INFO - Started process (PID=5790) to work on /home/airflow/.local/lib/python3.12/site-packages/airflow/example_dags/example_setup_teardown.py
[2026-05-08T21:17:11.849+0000] {processor.py:914} INFO - Processing file /home/airflow/.local/lib/python3.12/site-packages/airflow/example_dags/example_setup_teardown.py for tasks to queue
[2026-05-08T21:17:11.850+0000] {logging_mixin.py:190} INFO - [2026-05-08T21:17:11.850+0000] {dagbag.py:588} INFO - Filling up the DagBag from /home/airflow/.local/lib/python3.12/site-packages/airflow/example_dags/example_setup_teardown.py
[2026-05-08T21:17:11.857+0000] {processor.py:925} INFO - DAG(s) 'example_setup_teardown' retrieved from /home/airflow/.local/lib/python3.12/site-packages/airflow/example_dags/example_setup_teardown.py
[2026-05-08T21:17:11.876+0000] {logging_mixin.py:190} INFO - [2026-05-08T21:17:11.876+0000] {dag.py:3239} INFO - Sync 1 DAGs
[2026-05-08T21:17:11.887+0000] {logging_mixin.py:190} INFO - [2026-05-08T21:17:11.887+0000] {dag.py:4180} INFO - Setting next_dagrun for example_setup_teardown to None, run_after=None
[2026-05-08T21:17:11.900+0000] {processor.py:208} INFO - Processing /home/airflow/.local/lib/python3.12/site-packages/airflow/example_dags/example_setup_teardown.py took 0.057 seconds
[2026-05-08T21:17:42.220+0000] {processor.py:186} INFO - Started process (PID=5855) to work on /home/airflow/.local/lib/python3.12/site-packages/airflow/example_dags/example_setup_teardown.py
[2026-05-08T21:17:42.220+0000] {processor.py:914} INFO - Processing file /home/airflow/.local/lib/python3.12/site-packages/airflow/example_dags/example_setup_teardown.py for tasks to queue
[2026-05-08T21:17:42.223+0000] {logging_mixin.py:190} INFO - [2026-05-08T21:17:42.222+0000] {dagbag.py:588} INFO - Filling up the DagBag from /home/airflow/.local/lib/python3.12/site-packages/airflow/example_dags/example_setup_teardown.py
[2026-05-08T21:17:42.232+0000] {processor.py:925} INFO - DAG(s) 'example_setup_teardown' retrieved from /home/airflow/.local/lib/python3.12/site-packages/airflow/example_dags/example_setup_teardown.py
[2026-05-08T21:17:42.254+0000] {logging_mixin.py:190} INFO - [2026-05-08T21:17:42.254+0000] {dag.py:3239} INFO - Sync 1 DAGs
[2026-05-08T21:17:42.270+0000] {logging_mixin.py:190} INFO - [2026-05-08T21:17:42.270+0000] {dag.py:4180} INFO - Setting next_dagrun for example_setup_teardown to None, run_after=None
[2026-05-08T21:17:42.288+0000] {processor.py:208} INFO - Processing /home/airflow/.local/lib/python3.12/site-packages/airflow/example_dags/example_setup_teardown.py took 0.075 seconds
[2026-05-08T21:18:12.914+0000] {processor.py:186} INFO - Started process (PID=5919) to work on /home/airflow/.local/lib/python3.12/site-packages/airflow/example_dags/example_setup_teardown.py
[2026-05-08T21:18:12.914+0000] {processor.py:914} INFO - Processing file /home/airflow/.local/lib/python3.12/site-packages/airflow/example_dags/example_setup_teardown.py for tasks to queue
[2026-05-08T21:18:12.917+0000] {logging_mixin.py:190} INFO - [2026-05-08T21:18:12.916+0000] {dagbag.py:588} INFO - Filling up the DagBag from /home/airflow/.local/lib/python3.12/site-packages/airflow/example_dags/example_setup_teardown.py
[2026-05-08T21:18:12.924+0000] {processor.py:925} INFO - DAG(s) 'example_setup_teardown' retrieved from /home/airflow/.local/lib/python3.12/site-packages/airflow/example_dags/example_setup_teardown.py
[2026-05-08T21:18:12.939+0000] {logging_mixin.py:190} INFO - [2026-05-08T21:18:12.938+0000] {dag.py:3239} INFO - Sync 1 DAGs
[2026-05-08T21:18:12.949+0000] {logging_mixin.py:190} INFO - [2026-05-08T21:18:12.949+0000] {dag.py:4180} INFO - Setting next_dagrun for example_setup_teardown to None, run_after=None
[2026-05-08T21:18:12.964+0000] {processor.py:208} INFO - Processing /home/airflow/.local/lib/python3.12/site-packages/airflow/example_dags/example_setup_teardown.py took 0.055 seconds
[2026-05-08T21:18:43.121+0000] {processor.py:186} INFO - Started process (PID=5983) to work on /home/airflow/.local/lib/python3.12/site-packages/airflow/example_dags/example_setup_teardown.py
[2026-05-08T21:18:43.122+0000] {processor.py:914} INFO - Processing file /home/airflow/.local/lib/python3.12/site-packages/airflow/example_dags/example_setup_teardown.py for tasks to queue
[2026-05-08T21:18:43.124+0000] {logging_mixin.py:190} INFO - [2026-05-08T21:18:43.124+0000] {dagbag.py:588} INFO - Filling up the DagBag from /home/airflow/.local/lib/python3.12/site-packages/airflow/example_dags/example_setup_teardown.py
[2026-05-08T21:18:43.132+0000] {processor.py:925} INFO - DAG(s) 'example_setup_teardown' retrieved from /home/airflow/.local/lib/python3.12/site-packages/airflow/example_dags/example_setup_teardown.py
[2026-05-08T21:18:43.148+0000] {logging_mixin.py:190} INFO - [2026-05-08T21:18:43.148+0000] {dag.py:3239} INFO - Sync 1 DAGs
[2026-05-08T21:18:43.162+0000] {logging_mixin.py:190} INFO - [2026-05-08T21:18:43.161+0000] {dag.py:4180} INFO - Setting next_dagrun for example_setup_teardown to None, run_after=None
[2026-05-08T21:18:43.180+0000] {processor.py:208} INFO - Processing /home/airflow/.local/lib/python3.12/site-packages/airflow/example_dags/example_setup_teardown.py took 0.065 seconds
[2026-05-08T21:19:13.766+0000] {processor.py:186} INFO - Started process (PID=6047) to work on /home/airflow/.local/lib/python3.12/site-packages/airflow/example_dags/example_setup_teardown.py
[2026-05-08T21:19:13.767+0000] {processor.py:914} INFO - Processing file /home/airflow/.local/lib/python3.12/site-packages/airflow/example_dags/example_setup_teardown.py for tasks to queue
[2026-05-08T21:19:13.769+0000] {logging_mixin.py:190} INFO - [2026-05-08T21:19:13.769+0000] {dagbag.py:588} INFO - Filling up the DagBag from /home/airflow/.local/lib/python3.12/site-packages/airflow/example_dags/example_setup_teardown.py
[2026-05-08T21:19:13.779+0000] {processor.py:925} INFO - DAG(s) 'example_setup_teardown' retrieved from /home/airflow/.local/lib/python3.12/site-packages/airflow/example_dags/example_setup_teardown.py
[2026-05-08T21:19:13.800+0000] {logging_mixin.py:190} INFO - [2026-05-08T21:19:13.800+0000] {dag.py:3239} INFO - Sync 1 DAGs
[2026-05-08T21:19:13.817+0000] {logging_mixin.py:190} INFO - [2026-05-08T21:19:13.817+0000] {dag.py:4180} INFO - Setting next_dagrun for example_setup_teardown to None, run_after=None
[2026-05-08T21:19:13.833+0000] {processor.py:208} INFO - Processing /home/airflow/.local/lib/python3.12/site-packages/airflow/example_dags/example_setup_teardown.py took 0.074 seconds
[2026-05-08T21:19:44.076+0000] {processor.py:186} INFO - Started process (PID=6111) to work on /home/airflow/.local/lib/python3.12/site-packages/airflow/example_dags/example_setup_teardown.py
[2026-05-08T21:19:44.077+0000] {processor.py:914} INFO - Processing file /home/airflow/.local/lib/python3.12/site-packages/airflow/example_dags/example_setup_teardown.py for tasks to queue
[2026-05-08T21:19:44.079+0000] {logging_mixin.py:190} INFO - [2026-05-08T21:19:44.079+0000] {dagbag.py:588} INFO - Filling up the DagBag from /home/airflow/.local/lib/python3.12/site-packages/airflow/example_dags/example_setup_teardown.py
[2026-05-08T21:19:44.087+0000] {processor.py:925} INFO - DAG(s) 'example_setup_teardown' retrieved from /home/airflow/.local/lib/python3.12/site-packages/airflow/example_dags/example_setup_teardown.py
[2026-05-08T21:19:44.105+0000] {logging_mixin.py:190} INFO - [2026-05-08T21:19:44.105+0000] {dag.py:3239} INFO - Sync 1 DAGs
[2026-05-08T21:19:44.116+0000] {logging_mixin.py:190} INFO - [2026-05-08T21:19:44.116+0000] {dag.py:4180} INFO - Setting next_dagrun for example_setup_teardown to None, run_after=None
[2026-05-08T21:19:44.131+0000] {processor.py:208} INFO - Processing /home/airflow/.local/lib/python3.12/site-packages/airflow/example_dags/example_setup_teardown.py took 0.059 seconds
[2026-05-08T21:20:14.324+0000] {processor.py:186} INFO - Started process (PID=6175) to work on /home/airflow/.local/lib/python3.12/site-packages/airflow/example_dags/example_setup_teardown.py
[2026-05-08T21:20:14.325+0000] {processor.py:914} INFO - Processing file /home/airflow/.local/lib/python3.12/site-packages/airflow/example_dags/example_setup_teardown.py for tasks to queue
[2026-05-08T21:20:14.326+0000] {logging_mixin.py:190} INFO - [2026-05-08T21:20:14.326+0000] {dagbag.py:588} INFO - Filling up the DagBag from /home/airflow/.local/lib/python3.12/site-packages/airflow/example_dags/example_setup_teardown.py
[2026-05-08T21:20:14.333+0000] {processor.py:925} INFO - DAG(s) 'example_setup_teardown' retrieved from /home/airflow/.local/lib/python3.12/site-packages/airflow/example_dags/example_setup_teardown.py
[2026-05-08T21:20:14.349+0000] {logging_mixin.py:190} INFO - [2026-05-08T21:20:14.349+0000] {dag.py:3239} INFO - Sync 1 DAGs
[2026-05-08T21:20:14.363+0000] {logging_mixin.py:190} INFO - [2026-05-08T21:20:14.363+0000] {dag.py:4180} INFO - Setting next_dagrun for example_setup_teardown to None, run_after=None
[2026-05-08T21:20:14.379+0000] {processor.py:208} INFO - Processing /home/airflow/.local/lib/python3.12/site-packages/airflow/example_dags/example_setup_teardown.py took 0.059 seconds
[2026-05-08T21:20:44.515+0000] {processor.py:186} INFO - Started process (PID=6239) to work on /home/airflow/.local/lib/python3.12/site-packages/airflow/example_dags/example_setup_teardown.py
[2026-05-08T21:20:44.515+0000] {processor.py:914} INFO - Processing file /home/airflow/.local/lib/python3.12/site-packages/airflow/example_dags/example_setup_teardown.py for tasks to queue
[2026-05-08T21:20:44.517+0000] {logging_mixin.py:190} INFO - [2026-05-08T21:20:44.517+0000] {dagbag.py:588} INFO - Filling up the DagBag from /home/airflow/.local/lib/python3.12/site-packages/airflow/example_dags/example_setup_teardown.py
[2026-05-08T21:20:44.524+0000] {processor.py:925} INFO - DAG(s) 'example_setup_teardown' retrieved from /home/airflow/.local/lib/python3.12/site-packages/airflow/example_dags/example_setup_teardown.py
[2026-05-08T21:20:44.542+0000] {logging_mixin.py:190} INFO - [2026-05-08T21:20:44.542+0000] {dag.py:3239} INFO - Sync 1 DAGs
[2026-05-08T21:20:44.556+0000] {logging_mixin.py:190} INFO - [2026-05-08T21:20:44.556+0000] {dag.py:4180} INFO - Setting next_dagrun for example_setup_teardown to None, run_after=None
[2026-05-08T21:20:44.573+0000] {processor.py:208} INFO - Processing /home/airflow/.local/lib/python3.12/site-packages/airflow/example_dags/example_setup_teardown.py took 0.063 seconds
[2026-05-08T21:21:15.009+0000] {processor.py:186} INFO - Started process (PID=6303) to work on /home/airflow/.local/lib/python3.12/site-packages/airflow/example_dags/example_setup_teardown.py
[2026-05-08T21:21:15.009+0000] {processor.py:914} INFO - Processing file /home/airflow/.local/lib/python3.12/site-packages/airflow/example_dags/example_setup_teardown.py for tasks to queue
[2026-05-08T21:21:15.011+0000] {logging_mixin.py:190} INFO - [2026-05-08T21:21:15.011+0000] {dagbag.py:588} INFO - Filling up the DagBag from /home/airflow/.local/lib/python3.12/site-packages/airflow/example_dags/example_setup_teardown.py
[2026-05-08T21:21:15.018+0000] {processor.py:925} INFO - DAG(s) 'example_setup_teardown' retrieved from /home/airflow/.local/lib/python3.12/site-packages/airflow/example_dags/example_setup_teardown.py
[2026-05-08T21:21:15.033+0000] {logging_mixin.py:190} INFO - [2026-05-08T21:21:15.033+0000] {dag.py:3239} INFO - Sync 1 DAGs
[2026-05-08T21:21:15.045+0000] {logging_mixin.py:190} INFO - [2026-05-08T21:21:15.045+0000] {dag.py:4180} INFO - Setting next_dagrun for example_setup_teardown to None, run_after=None
[2026-05-08T21:21:15.059+0000] {processor.py:208} INFO - Processing /home/airflow/.local/lib/python3.12/site-packages/airflow/example_dags/example_setup_teardown.py took 0.055 seconds
[2026-05-08T21:21:45.598+0000] {processor.py:186} INFO - Started process (PID=6367) to work on /home/airflow/.local/lib/python3.12/site-packages/airflow/example_dags/example_setup_teardown.py
[2026-05-08T21:21:45.599+0000] {processor.py:914} INFO - Processing file /home/airflow/.local/lib/python3.12/site-packages/airflow/example_dags/example_setup_teardown.py for tasks to queue
[2026-05-08T21:21:45.601+0000] {logging_mixin.py:190} INFO - [2026-05-08T21:21:45.600+0000] {dagbag.py:588} INFO - Filling up the DagBag from /home/airflow/.local/lib/python3.12/site-packages/airflow/example_dags/example_setup_teardown.py
[2026-05-08T21:21:45.607+0000] {processor.py:925} INFO - DAG(s) 'example_setup_teardown' retrieved from /home/airflow/.local/lib/python3.12/site-packages/airflow/example_dags/example_setup_teardown.py
[2026-05-08T21:21:45.623+0000] {logging_mixin.py:190} INFO - [2026-05-08T21:21:45.623+0000] {dag.py:3239} INFO - Sync 1 DAGs
[2026-05-08T21:21:45.637+0000] {logging_mixin.py:190} INFO - [2026-05-08T21:21:45.636+0000] {dag.py:4180} INFO - Setting next_dagrun for example_setup_teardown to None, run_after=None
[2026-05-08T21:21:45.651+0000] {processor.py:208} INFO - Processing /home/airflow/.local/lib/python3.12/site-packages/airflow/example_dags/example_setup_teardown.py took 0.058 seconds
[2026-05-08T21:22:15.800+0000] {processor.py:186} INFO - Started process (PID=6431) to work on /home/airflow/.local/lib/python3.12/site-packages/airflow/example_dags/example_setup_teardown.py
[2026-05-08T21:22:15.800+0000] {processor.py:914} INFO - Processing file /home/airflow/.local/lib/python3.12/site-packages/airflow/example_dags/example_setup_teardown.py for tasks to queue
[2026-05-08T21:22:15.802+0000] {logging_mixin.py:190} INFO - [2026-05-08T21:22:15.802+0000] {dagbag.py:588} INFO - Filling up the DagBag from /home/airflow/.local/lib/python3.12/site-packages/airflow/example_dags/example_setup_teardown.py
[2026-05-08T21:22:15.809+0000] {processor.py:925} INFO - DAG(s) 'example_setup_teardown' retrieved from /home/airflow/.local/lib/python3.12/site-packages/airflow/example_dags/example_setup_teardown.py
[2026-05-08T21:22:15.828+0000] {logging_mixin.py:190} INFO - [2026-05-08T21:22:15.828+0000] {dag.py:3239} INFO - Sync 1 DAGs
[2026-05-08T21:22:15.842+0000] {logging_mixin.py:190} INFO - [2026-05-08T21:22:15.842+0000] {dag.py:4180} INFO - Setting next_dagrun for example_setup_teardown to None, run_after=None
[2026-05-08T21:22:15.859+0000] {processor.py:208} INFO - Processing /home/airflow/.local/lib/python3.12/site-packages/airflow/example_dags/example_setup_teardown.py took 0.064 seconds
[2026-05-08T21:22:46.389+0000] {processor.py:186} INFO - Started process (PID=6495) to work on /home/airflow/.local/lib/python3.12/site-packages/airflow/example_dags/example_setup_teardown.py
[2026-05-08T21:22:46.390+0000] {processor.py:914} INFO - Processing file /home/airflow/.local/lib/python3.12/site-packages/airflow/example_dags/example_setup_teardown.py for tasks to queue
[2026-05-08T21:22:46.393+0000] {logging_mixin.py:190} INFO - [2026-05-08T21:22:46.393+0000] {dagbag.py:588} INFO - Filling up the DagBag from /home/airflow/.local/lib/python3.12/site-packages/airflow/example_dags/example_setup_teardown.py
[2026-05-08T21:22:46.402+0000] {processor.py:925} INFO - DAG(s) 'example_setup_teardown' retrieved from /home/airflow/.local/lib/python3.12/site-packages/airflow/example_dags/example_setup_teardown.py
[2026-05-08T21:22:46.417+0000] {logging_mixin.py:190} INFO - [2026-05-08T21:22:46.417+0000] {dag.py:3239} INFO - Sync 1 DAGs
[2026-05-08T21:22:46.428+0000] {logging_mixin.py:190} INFO - [2026-05-08T21:22:46.428+0000] {dag.py:4180} INFO - Setting next_dagrun for example_setup_teardown to None, run_after=None
[2026-05-08T21:22:46.443+0000] {processor.py:208} INFO - Processing /home/airflow/.local/lib/python3.12/site-packages/airflow/example_dags/example_setup_teardown.py took 0.060 seconds
[2026-05-08T21:23:17.153+0000] {processor.py:186} INFO - Started process (PID=6559) to work on /home/airflow/.local/lib/python3.12/site-packages/airflow/example_dags/example_setup_teardown.py
[2026-05-08T21:23:17.154+0000] {processor.py:914} INFO - Processing file /home/airflow/.local/lib/python3.12/site-packages/airflow/example_dags/example_setup_teardown.py for tasks to queue
[2026-05-08T21:23:17.157+0000] {logging_mixin.py:190} INFO - [2026-05-08T21:23:17.156+0000] {dagbag.py:588} INFO - Filling up the DagBag from /home/airflow/.local/lib/python3.12/site-packages/airflow/example_dags/example_setup_teardown.py
[2026-05-08T21:23:17.165+0000] {processor.py:925} INFO - DAG(s) 'example_setup_teardown' retrieved from /home/airflow/.local/lib/python3.12/site-packages/airflow/example_dags/example_setup_teardown.py
[2026-05-08T21:23:17.183+0000] {logging_mixin.py:190} INFO - [2026-05-08T21:23:17.183+0000] {dag.py:3239} INFO - Sync 1 DAGs
[2026-05-08T21:23:17.195+0000] {logging_mixin.py:190} INFO - [2026-05-08T21:23:17.195+0000] {dag.py:4180} INFO - Setting next_dagrun for example_setup_teardown to None, run_after=None
[2026-05-08T21:23:17.209+0000] {processor.py:208} INFO - Processing /home/airflow/.local/lib/python3.12/site-packages/airflow/example_dags/example_setup_teardown.py took 0.062 seconds
[2026-05-08T21:23:47.541+0000] {processor.py:186} INFO - Started process (PID=6623) to work on /home/airflow/.local/lib/python3.12/site-packages/airflow/example_dags/example_setup_teardown.py
[2026-05-08T21:23:47.542+0000] {processor.py:914} INFO - Processing file /home/airflow/.local/lib/python3.12/site-packages/airflow/example_dags/example_setup_teardown.py for tasks to queue
[2026-05-08T21:23:47.544+0000] {logging_mixin.py:190} INFO - [2026-05-08T21:23:47.543+0000] {dagbag.py:588} INFO - Filling up the DagBag from /home/airflow/.local/lib/python3.12/site-packages/airflow/example_dags/example_setup_teardown.py
[2026-05-08T21:23:47.550+0000] {processor.py:925} INFO - DAG(s) 'example_setup_teardown' retrieved from /home/airflow/.local/lib/python3.12/site-packages/airflow/example_dags/example_setup_teardown.py
[2026-05-08T21:23:47.568+0000] {logging_mixin.py:190} INFO - [2026-05-08T21:23:47.567+0000] {dag.py:3239} INFO - Sync 1 DAGs
[2026-05-08T21:23:47.582+0000] {logging_mixin.py:190} INFO - [2026-05-08T21:23:47.582+0000] {dag.py:4180} INFO - Setting next_dagrun for example_setup_teardown to None, run_after=None
[2026-05-08T21:23:47.597+0000] {processor.py:208} INFO - Processing /home/airflow/.local/lib/python3.12/site-packages/airflow/example_dags/example_setup_teardown.py took 0.060 seconds
[2026-05-08T21:24:17.740+0000] {processor.py:186} INFO - Started process (PID=6687) to work on /home/airflow/.local/lib/python3.12/site-packages/airflow/example_dags/example_setup_teardown.py
[2026-05-08T21:24:17.741+0000] {processor.py:914} INFO - Processing file /home/airflow/.local/lib/python3.12/site-packages/airflow/example_dags/example_setup_teardown.py for tasks to queue
[2026-05-08T21:24:17.743+0000] {logging_mixin.py:190} INFO - [2026-05-08T21:24:17.742+0000] {dagbag.py:588} INFO - Filling up the DagBag from /home/airflow/.local/lib/python3.12/site-packages/airflow/example_dags/example_setup_teardown.py
[2026-05-08T21:24:17.750+0000] {processor.py:925} INFO - DAG(s) 'example_setup_teardown' retrieved from /home/airflow/.local/lib/python3.12/site-packages/airflow/example_dags/example_setup_teardown.py
[2026-05-08T21:24:17.769+0000] {logging_mixin.py:190} INFO - [2026-05-08T21:24:17.769+0000] {dag.py:3239} INFO - Sync 1 DAGs
[2026-05-08T21:24:17.784+0000] {logging_mixin.py:190} INFO - [2026-05-08T21:24:17.784+0000] {dag.py:4180} INFO - Setting next_dagrun for example_setup_teardown to None, run_after=None
[2026-05-08T21:24:17.801+0000] {processor.py:208} INFO - Processing /home/airflow/.local/lib/python3.12/site-packages/airflow/example_dags/example_setup_teardown.py took 0.065 seconds
[2026-05-08T21:24:48.008+0000] {processor.py:186} INFO - Started process (PID=6751) to work on /home/airflow/.local/lib/python3.12/site-packages/airflow/example_dags/example_setup_teardown.py
[2026-05-08T21:24:48.009+0000] {processor.py:914} INFO - Processing file /home/airflow/.local/lib/python3.12/site-packages/airflow/example_dags/example_setup_teardown.py for tasks to queue
[2026-05-08T21:24:48.010+0000] {logging_mixin.py:190} INFO - [2026-05-08T21:24:48.010+0000] {dagbag.py:588} INFO - Filling up the DagBag from /home/airflow/.local/lib/python3.12/site-packages/airflow/example_dags/example_setup_teardown.py
[2026-05-08T21:24:48.017+0000] {processor.py:925} INFO - DAG(s) 'example_setup_teardown' retrieved from /home/airflow/.local/lib/python3.12/site-packages/airflow/example_dags/example_setup_teardown.py
[2026-05-08T21:24:48.032+0000] {logging_mixin.py:190} INFO - [2026-05-08T21:24:48.032+0000] {dag.py:3239} INFO - Sync 1 DAGs
[2026-05-08T21:24:48.044+0000] {logging_mixin.py:190} INFO - [2026-05-08T21:24:48.044+0000] {dag.py:4180} INFO - Setting next_dagrun for example_setup_teardown to None, run_after=None
[2026-05-08T21:24:48.059+0000] {processor.py:208} INFO - Processing /home/airflow/.local/lib/python3.12/site-packages/airflow/example_dags/example_setup_teardown.py took 0.055 seconds
[2026-05-08T21:25:18.719+0000] {processor.py:186} INFO - Started process (PID=6815) to work on /home/airflow/.local/lib/python3.12/site-packages/airflow/example_dags/example_setup_teardown.py
[2026-05-08T21:25:18.720+0000] {processor.py:914} INFO - Processing file /home/airflow/.local/lib/python3.12/site-packages/airflow/example_dags/example_setup_teardown.py for tasks to queue
[2026-05-08T21:25:18.722+0000] {logging_mixin.py:190} INFO - [2026-05-08T21:25:18.722+0000] {dagbag.py:588} INFO - Filling up the DagBag from /home/airflow/.local/lib/python3.12/site-packages/airflow/example_dags/example_setup_teardown.py
[2026-05-08T21:25:18.731+0000] {processor.py:925} INFO - DAG(s) 'example_setup_teardown' retrieved from /home/airflow/.local/lib/python3.12/site-packages/airflow/example_dags/example_setup_teardown.py
[2026-05-08T21:25:18.751+0000] {logging_mixin.py:190} INFO - [2026-05-08T21:25:18.751+0000] {dag.py:3239} INFO - Sync 1 DAGs
[2026-05-08T21:25:18.766+0000] {logging_mixin.py:190} INFO - [2026-05-08T21:25:18.766+0000] {dag.py:4180} INFO - Setting next_dagrun for example_setup_teardown to None, run_after=None
[2026-05-08T21:25:18.783+0000] {processor.py:208} INFO - Processing /home/airflow/.local/lib/python3.12/site-packages/airflow/example_dags/example_setup_teardown.py took 0.070 seconds
[2026-05-08T21:25:49.273+0000] {processor.py:186} INFO - Started process (PID=6879) to work on /home/airflow/.local/lib/python3.12/site-packages/airflow/example_dags/example_setup_teardown.py
[2026-05-08T21:25:49.274+0000] {processor.py:914} INFO - Processing file /home/airflow/.local/lib/python3.12/site-packages/airflow/example_dags/example_setup_teardown.py for tasks to queue
[2026-05-08T21:25:49.276+0000] {logging_mixin.py:190} INFO - [2026-05-08T21:25:49.276+0000] {dagbag.py:588} INFO - Filling up the DagBag from /home/airflow/.local/lib/python3.12/site-packages/airflow/example_dags/example_setup_teardown.py
[2026-05-08T21:25:49.283+0000] {processor.py:925} INFO - DAG(s) 'example_setup_teardown' retrieved from /home/airflow/.local/lib/python3.12/site-packages/airflow/example_dags/example_setup_teardown.py
[2026-05-08T21:25:49.304+0000] {logging_mixin.py:190} INFO - [2026-05-08T21:25:49.304+0000] {dag.py:3239} INFO - Sync 1 DAGs
[2026-05-08T21:25:49.320+0000] {logging_mixin.py:190} INFO - [2026-05-08T21:25:49.320+0000] {dag.py:4180} INFO - Setting next_dagrun for example_setup_teardown to None, run_after=None
[2026-05-08T21:25:49.338+0000] {processor.py:208} INFO - Processing /home/airflow/.local/lib/python3.12/site-packages/airflow/example_dags/example_setup_teardown.py took 0.072 seconds
[2026-05-08T21:26:19.920+0000] {processor.py:186} INFO - Started process (PID=6943) to work on /home/airflow/.local/lib/python3.12/site-packages/airflow/example_dags/example_setup_teardown.py
[2026-05-08T21:26:19.921+0000] {processor.py:914} INFO - Processing file /home/airflow/.local/lib/python3.12/site-packages/airflow/example_dags/example_setup_teardown.py for tasks to queue
[2026-05-08T21:26:19.923+0000] {logging_mixin.py:190} INFO - [2026-05-08T21:26:19.922+0000] {dagbag.py:588} INFO - Filling up the DagBag from /home/airflow/.local/lib/python3.12/site-packages/airflow/example_dags/example_setup_teardown.py
[2026-05-08T21:26:19.930+0000] {processor.py:925} INFO - DAG(s) 'example_setup_teardown' retrieved from /home/airflow/.local/lib/python3.12/site-packages/airflow/example_dags/example_setup_teardown.py
[2026-05-08T21:26:19.949+0000] {logging_mixin.py:190} INFO - [2026-05-08T21:26:19.948+0000] {dag.py:3239} INFO - Sync 1 DAGs
[2026-05-08T21:26:19.963+0000] {logging_mixin.py:190} INFO - [2026-05-08T21:26:19.963+0000] {dag.py:4180} INFO - Setting next_dagrun for example_setup_teardown to None, run_after=None
[2026-05-08T21:26:19.981+0000] {processor.py:208} INFO - Processing /home/airflow/.local/lib/python3.12/site-packages/airflow/example_dags/example_setup_teardown.py took 0.065 seconds
[2026-05-08T21:26:50.147+0000] {processor.py:186} INFO - Started process (PID=7007) to work on /home/airflow/.local/lib/python3.12/site-packages/airflow/example_dags/example_setup_teardown.py
[2026-05-08T21:26:50.148+0000] {processor.py:914} INFO - Processing file /home/airflow/.local/lib/python3.12/site-packages/airflow/example_dags/example_setup_teardown.py for tasks to queue
[2026-05-08T21:26:50.150+0000] {logging_mixin.py:190} INFO - [2026-05-08T21:26:50.149+0000] {dagbag.py:588} INFO - Filling up the DagBag from /home/airflow/.local/lib/python3.12/site-packages/airflow/example_dags/example_setup_teardown.py
[2026-05-08T21:26:50.157+0000] {processor.py:925} INFO - DAG(s) 'example_setup_teardown' retrieved from /home/airflow/.local/lib/python3.12/site-packages/airflow/example_dags/example_setup_teardown.py
[2026-05-08T21:26:50.176+0000] {logging_mixin.py:190} INFO - [2026-05-08T21:26:50.176+0000] {dag.py:3239} INFO - Sync 1 DAGs
[2026-05-08T21:26:50.187+0000] {logging_mixin.py:190} INFO - [2026-05-08T21:26:50.187+0000] {dag.py:4180} INFO - Setting next_dagrun for example_setup_teardown to None, run_after=None
[2026-05-08T21:26:50.200+0000] {processor.py:208} INFO - Processing /home/airflow/.local/lib/python3.12/site-packages/airflow/example_dags/example_setup_teardown.py took 0.057 seconds
[2026-05-08T21:27:20.284+0000] {processor.py:186} INFO - Started process (PID=7071) to work on /home/airflow/.local/lib/python3.12/site-packages/airflow/example_dags/example_setup_teardown.py
[2026-05-08T21:27:20.285+0000] {processor.py:914} INFO - Processing file /home/airflow/.local/lib/python3.12/site-packages/airflow/example_dags/example_setup_teardown.py for tasks to queue
[2026-05-08T21:27:20.287+0000] {logging_mixin.py:190} INFO - [2026-05-08T21:27:20.287+0000] {dagbag.py:588} INFO - Filling up the DagBag from /home/airflow/.local/lib/python3.12/site-packages/airflow/example_dags/example_setup_teardown.py
[2026-05-08T21:27:20.295+0000] {processor.py:925} INFO - DAG(s) 'example_setup_teardown' retrieved from /home/airflow/.local/lib/python3.12/site-packages/airflow/example_dags/example_setup_teardown.py
[2026-05-08T21:27:20.312+0000] {logging_mixin.py:190} INFO - [2026-05-08T21:27:20.311+0000] {dag.py:3239} INFO - Sync 1 DAGs
[2026-05-08T21:27:20.324+0000] {logging_mixin.py:190} INFO - [2026-05-08T21:27:20.324+0000] {dag.py:4180} INFO - Setting next_dagrun for example_setup_teardown to None, run_after=None
[2026-05-08T21:27:20.339+0000] {processor.py:208} INFO - Processing /home/airflow/.local/lib/python3.12/site-packages/airflow/example_dags/example_setup_teardown.py took 0.060 seconds
[2026-05-08T21:27:50.965+0000] {processor.py:186} INFO - Started process (PID=7134) to work on /home/airflow/.local/lib/python3.12/site-packages/airflow/example_dags/example_setup_teardown.py
[2026-05-08T21:27:50.966+0000] {processor.py:914} INFO - Processing file /home/airflow/.local/lib/python3.12/site-packages/airflow/example_dags/example_setup_teardown.py for tasks to queue
[2026-05-08T21:27:50.968+0000] {logging_mixin.py:190} INFO - [2026-05-08T21:27:50.968+0000] {dagbag.py:588} INFO - Filling up the DagBag from /home/airflow/.local/lib/python3.12/site-packages/airflow/example_dags/example_setup_teardown.py
[2026-05-08T21:27:50.977+0000] {processor.py:925} INFO - DAG(s) 'example_setup_teardown' retrieved from /home/airflow/.local/lib/python3.12/site-packages/airflow/example_dags/example_setup_teardown.py
[2026-05-08T21:27:50.993+0000] {logging_mixin.py:190} INFO - [2026-05-08T21:27:50.993+0000] {dag.py:3239} INFO - Sync 1 DAGs
[2026-05-08T21:27:51.005+0000] {logging_mixin.py:190} INFO - [2026-05-08T21:27:51.005+0000] {dag.py:4180} INFO - Setting next_dagrun for example_setup_teardown to None, run_after=None
[2026-05-08T21:27:51.020+0000] {processor.py:208} INFO - Processing /home/airflow/.local/lib/python3.12/site-packages/airflow/example_dags/example_setup_teardown.py took 0.062 seconds
[2026-05-08T21:28:21.166+0000] {processor.py:186} INFO - Started process (PID=7198) to work on /home/airflow/.local/lib/python3.12/site-packages/airflow/example_dags/example_setup_teardown.py
[2026-05-08T21:28:21.167+0000] {processor.py:914} INFO - Processing file /home/airflow/.local/lib/python3.12/site-packages/airflow/example_dags/example_setup_teardown.py for tasks to queue
[2026-05-08T21:28:21.169+0000] {logging_mixin.py:190} INFO - [2026-05-08T21:28:21.168+0000] {dagbag.py:588} INFO - Filling up the DagBag from /home/airflow/.local/lib/python3.12/site-packages/airflow/example_dags/example_setup_teardown.py
[2026-05-08T21:28:21.175+0000] {processor.py:925} INFO - DAG(s) 'example_setup_teardown' retrieved from /home/airflow/.local/lib/python3.12/site-packages/airflow/example_dags/example_setup_teardown.py
[2026-05-08T21:28:21.191+0000] {logging_mixin.py:190} INFO - [2026-05-08T21:28:21.191+0000] {dag.py:3239} INFO - Sync 1 DAGs
[2026-05-08T21:28:21.203+0000] {logging_mixin.py:190} INFO - [2026-05-08T21:28:21.203+0000] {dag.py:4180} INFO - Setting next_dagrun for example_setup_teardown to None, run_after=None
[2026-05-08T21:28:21.216+0000] {processor.py:208} INFO - Processing /home/airflow/.local/lib/python3.12/site-packages/airflow/example_dags/example_setup_teardown.py took 0.054 seconds
[2026-05-08T21:28:52.129+0000] {processor.py:186} INFO - Started process (PID=7261) to work on /home/airflow/.local/lib/python3.12/site-packages/airflow/example_dags/example_setup_teardown.py
[2026-05-08T21:28:52.130+0000] {processor.py:914} INFO - Processing file /home/airflow/.local/lib/python3.12/site-packages/airflow/example_dags/example_setup_teardown.py for tasks to queue
[2026-05-08T21:28:52.132+0000] {logging_mixin.py:190} INFO - [2026-05-08T21:28:52.131+0000] {dagbag.py:588} INFO - Filling up the DagBag from /home/airflow/.local/lib/python3.12/site-packages/airflow/example_dags/example_setup_teardown.py
[2026-05-08T21:28:52.140+0000] {processor.py:925} INFO - DAG(s) 'example_setup_teardown' retrieved from /home/airflow/.local/lib/python3.12/site-packages/airflow/example_dags/example_setup_teardown.py
[2026-05-08T21:28:52.154+0000] {logging_mixin.py:190} INFO - [2026-05-08T21:28:52.154+0000] {dag.py:3239} INFO - Sync 1 DAGs
[2026-05-08T21:28:52.169+0000] {logging_mixin.py:190} INFO - [2026-05-08T21:28:52.169+0000] {dag.py:4180} INFO - Setting next_dagrun for example_setup_teardown to None, run_after=None
[2026-05-08T21:28:52.183+0000] {processor.py:208} INFO - Processing /home/airflow/.local/lib/python3.12/site-packages/airflow/example_dags/example_setup_teardown.py took 0.058 seconds
[2026-05-08T21:29:22.654+0000] {processor.py:186} INFO - Started process (PID=7325) to work on /home/airflow/.local/lib/python3.12/site-packages/airflow/example_dags/example_setup_teardown.py
[2026-05-08T21:29:22.655+0000] {processor.py:914} INFO - Processing file /home/airflow/.local/lib/python3.12/site-packages/airflow/example_dags/example_setup_teardown.py for tasks to queue
[2026-05-08T21:29:22.657+0000] {logging_mixin.py:190} INFO - [2026-05-08T21:29:22.657+0000] {dagbag.py:588} INFO - Filling up the DagBag from /home/airflow/.local/lib/python3.12/site-packages/airflow/example_dags/example_setup_teardown.py
[2026-05-08T21:29:22.667+0000] {processor.py:925} INFO - DAG(s) 'example_setup_teardown' retrieved from /home/airflow/.local/lib/python3.12/site-packages/airflow/example_dags/example_setup_teardown.py
[2026-05-08T21:29:22.694+0000] {logging_mixin.py:190} INFO - [2026-05-08T21:29:22.693+0000] {dag.py:3239} INFO - Sync 1 DAGs
[2026-05-08T21:29:22.714+0000] {logging_mixin.py:190} INFO - [2026-05-08T21:29:22.713+0000] {dag.py:4180} INFO - Setting next_dagrun for example_setup_teardown to None, run_after=None
[2026-05-08T21:29:22.734+0000] {processor.py:208} INFO - Processing /home/airflow/.local/lib/python3.12/site-packages/airflow/example_dags/example_setup_teardown.py took 0.087 seconds
[2026-05-08T21:29:53.390+0000] {processor.py:186} INFO - Started process (PID=7389) to work on /home/airflow/.local/lib/python3.12/site-packages/airflow/example_dags/example_setup_teardown.py
[2026-05-08T21:29:53.391+0000] {processor.py:914} INFO - Processing file /home/airflow/.local/lib/python3.12/site-packages/airflow/example_dags/example_setup_teardown.py for tasks to queue
[2026-05-08T21:29:53.392+0000] {logging_mixin.py:190} INFO - [2026-05-08T21:29:53.392+0000] {dagbag.py:588} INFO - Filling up the DagBag from /home/airflow/.local/lib/python3.12/site-packages/airflow/example_dags/example_setup_teardown.py
[2026-05-08T21:29:53.399+0000] {processor.py:925} INFO - DAG(s) 'example_setup_teardown' retrieved from /home/airflow/.local/lib/python3.12/site-packages/airflow/example_dags/example_setup_teardown.py
[2026-05-08T21:29:53.415+0000] {logging_mixin.py:190} INFO - [2026-05-08T21:29:53.415+0000] {dag.py:3239} INFO - Sync 1 DAGs
[2026-05-08T21:29:53.428+0000] {logging_mixin.py:190} INFO - [2026-05-08T21:29:53.427+0000] {dag.py:4180} INFO - Setting next_dagrun for example_setup_teardown to None, run_after=None
[2026-05-08T21:29:53.444+0000] {processor.py:208} INFO - Processing /home/airflow/.local/lib/python3.12/site-packages/airflow/example_dags/example_setup_teardown.py took 0.058 seconds
[2026-05-08T21:30:23.560+0000] {processor.py:186} INFO - Started process (PID=7444) to work on /home/airflow/.local/lib/python3.12/site-packages/airflow/example_dags/example_setup_teardown.py
[2026-05-08T21:30:23.561+0000] {processor.py:914} INFO - Processing file /home/airflow/.local/lib/python3.12/site-packages/airflow/example_dags/example_setup_teardown.py for tasks to queue
[2026-05-08T21:30:23.563+0000] {logging_mixin.py:190} INFO - [2026-05-08T21:30:23.563+0000] {dagbag.py:588} INFO - Filling up the DagBag from /home/airflow/.local/lib/python3.12/site-packages/airflow/example_dags/example_setup_teardown.py
[2026-05-08T21:30:23.572+0000] {processor.py:925} INFO - DAG(s) 'example_setup_teardown' retrieved from /home/airflow/.local/lib/python3.12/site-packages/airflow/example_dags/example_setup_teardown.py
[2026-05-08T21:30:23.594+0000] {logging_mixin.py:190} INFO - [2026-05-08T21:30:23.594+0000] {dag.py:3239} INFO - Sync 1 DAGs
[2026-05-08T21:30:23.611+0000] {logging_mixin.py:190} INFO - [2026-05-08T21:30:23.610+0000] {dag.py:4180} INFO - Setting next_dagrun for example_setup_teardown to None, run_after=None
[2026-05-08T21:30:23.631+0000] {processor.py:208} INFO - Processing /home/airflow/.local/lib/python3.12/site-packages/airflow/example_dags/example_setup_teardown.py took 0.077 seconds
[2026-05-08T21:30:53.746+0000] {processor.py:186} INFO - Started process (PID=7508) to work on /home/airflow/.local/lib/python3.12/site-packages/airflow/example_dags/example_setup_teardown.py
[2026-05-08T21:30:53.747+0000] {processor.py:914} INFO - Processing file /home/airflow/.local/lib/python3.12/site-packages/airflow/example_dags/example_setup_teardown.py for tasks to queue
[2026-05-08T21:30:53.748+0000] {logging_mixin.py:190} INFO - [2026-05-08T21:30:53.748+0000] {dagbag.py:588} INFO - Filling up the DagBag from /home/airflow/.local/lib/python3.12/site-packages/airflow/example_dags/example_setup_teardown.py
[2026-05-08T21:30:53.755+0000] {processor.py:925} INFO - DAG(s) 'example_setup_teardown' retrieved from /home/airflow/.local/lib/python3.12/site-packages/airflow/example_dags/example_setup_teardown.py
[2026-05-08T21:30:53.776+0000] {logging_mixin.py:190} INFO - [2026-05-08T21:30:53.776+0000] {dag.py:3239} INFO - Sync 1 DAGs
[2026-05-08T21:30:53.791+0000] {logging_mixin.py:190} INFO - [2026-05-08T21:30:53.791+0000] {dag.py:4180} INFO - Setting next_dagrun for example_setup_teardown to None, run_after=None
[2026-05-08T21:30:53.808+0000] {processor.py:208} INFO - Processing /home/airflow/.local/lib/python3.12/site-packages/airflow/example_dags/example_setup_teardown.py took 0.066 seconds
[2026-05-08T21:31:23.986+0000] {processor.py:186} INFO - Started process (PID=7572) to work on /home/airflow/.local/lib/python3.12/site-packages/airflow/example_dags/example_setup_teardown.py
[2026-05-08T21:31:23.987+0000] {processor.py:914} INFO - Processing file /home/airflow/.local/lib/python3.12/site-packages/airflow/example_dags/example_setup_teardown.py for tasks to queue
[2026-05-08T21:31:23.989+0000] {logging_mixin.py:190} INFO - [2026-05-08T21:31:23.988+0000] {dagbag.py:588} INFO - Filling up the DagBag from /home/airflow/.local/lib/python3.12/site-packages/airflow/example_dags/example_setup_teardown.py
[2026-05-08T21:31:23.996+0000] {processor.py:925} INFO - DAG(s) 'example_setup_teardown' retrieved from /home/airflow/.local/lib/python3.12/site-packages/airflow/example_dags/example_setup_teardown.py
[2026-05-08T21:31:24.010+0000] {logging_mixin.py:190} INFO - [2026-05-08T21:31:24.010+0000] {dag.py:3239} INFO - Sync 1 DAGs
[2026-05-08T21:31:24.021+0000] {logging_mixin.py:190} INFO - [2026-05-08T21:31:24.021+0000] {dag.py:4180} INFO - Setting next_dagrun for example_setup_teardown to None, run_after=None
[2026-05-08T21:31:24.035+0000] {processor.py:208} INFO - Processing /home/airflow/.local/lib/python3.12/site-packages/airflow/example_dags/example_setup_teardown.py took 0.055 seconds
[2026-05-08T21:31:54.261+0000] {processor.py:186} INFO - Started process (PID=7634) to work on /home/airflow/.local/lib/python3.12/site-packages/airflow/example_dags/example_setup_teardown.py
[2026-05-08T21:31:54.262+0000] {processor.py:914} INFO - Processing file /home/airflow/.local/lib/python3.12/site-packages/airflow/example_dags/example_setup_teardown.py for tasks to queue
[2026-05-08T21:31:54.264+0000] {logging_mixin.py:190} INFO - [2026-05-08T21:31:54.264+0000] {dagbag.py:588} INFO - Filling up the DagBag from /home/airflow/.local/lib/python3.12/site-packages/airflow/example_dags/example_setup_teardown.py
[2026-05-08T21:31:54.272+0000] {processor.py:925} INFO - DAG(s) 'example_setup_teardown' retrieved from /home/airflow/.local/lib/python3.12/site-packages/airflow/example_dags/example_setup_teardown.py
[2026-05-08T21:31:54.288+0000] {logging_mixin.py:190} INFO - [2026-05-08T21:31:54.288+0000] {dag.py:3239} INFO - Sync 1 DAGs
[2026-05-08T21:31:54.299+0000] {logging_mixin.py:190} INFO - [2026-05-08T21:31:54.299+0000] {dag.py:4180} INFO - Setting next_dagrun for example_setup_teardown to None, run_after=None
[2026-05-08T21:31:54.313+0000] {processor.py:208} INFO - Processing /home/airflow/.local/lib/python3.12/site-packages/airflow/example_dags/example_setup_teardown.py took 0.058 seconds
[2026-05-08T21:32:24.560+0000] {processor.py:186} INFO - Started process (PID=7689) to work on /home/airflow/.local/lib/python3.12/site-packages/airflow/example_dags/example_setup_teardown.py
[2026-05-08T21:32:24.564+0000] {processor.py:914} INFO - Processing file /home/airflow/.local/lib/python3.12/site-packages/airflow/example_dags/example_setup_teardown.py for tasks to queue
[2026-05-08T21:32:24.567+0000] {logging_mixin.py:190} INFO - [2026-05-08T21:32:24.567+0000] {dagbag.py:588} INFO - Filling up the DagBag from /home/airflow/.local/lib/python3.12/site-packages/airflow/example_dags/example_setup_teardown.py
[2026-05-08T21:32:24.578+0000] {processor.py:925} INFO - DAG(s) 'example_setup_teardown' retrieved from /home/airflow/.local/lib/python3.12/site-packages/airflow/example_dags/example_setup_teardown.py
[2026-05-08T21:32:24.607+0000] {logging_mixin.py:190} INFO - [2026-05-08T21:32:24.607+0000] {dag.py:3239} INFO - Sync 1 DAGs
[2026-05-08T21:32:24.619+0000] {logging_mixin.py:190} INFO - [2026-05-08T21:32:24.618+0000] {dag.py:4180} INFO - Setting next_dagrun for example_setup_teardown to None, run_after=None
[2026-05-08T21:32:24.633+0000] {processor.py:208} INFO - Processing /home/airflow/.local/lib/python3.12/site-packages/airflow/example_dags/example_setup_teardown.py took 0.080 seconds
[2026-05-08T21:32:54.979+0000] {processor.py:186} INFO - Started process (PID=7752) to work on /home/airflow/.local/lib/python3.12/site-packages/airflow/example_dags/example_setup_teardown.py
[2026-05-08T21:32:54.980+0000] {processor.py:914} INFO - Processing file /home/airflow/.local/lib/python3.12/site-packages/airflow/example_dags/example_setup_teardown.py for tasks to queue
[2026-05-08T21:32:54.983+0000] {logging_mixin.py:190} INFO - [2026-05-08T21:32:54.982+0000] {dagbag.py:588} INFO - Filling up the DagBag from /home/airflow/.local/lib/python3.12/site-packages/airflow/example_dags/example_setup_teardown.py
[2026-05-08T21:32:54.992+0000] {processor.py:925} INFO - DAG(s) 'example_setup_teardown' retrieved from /home/airflow/.local/lib/python3.12/site-packages/airflow/example_dags/example_setup_teardown.py
[2026-05-08T21:32:55.022+0000] {logging_mixin.py:190} INFO - [2026-05-08T21:32:55.022+0000] {dag.py:3239} INFO - Sync 1 DAGs
[2026-05-08T21:32:55.041+0000] {logging_mixin.py:190} INFO - [2026-05-08T21:32:55.041+0000] {dag.py:4180} INFO - Setting next_dagrun for example_setup_teardown to None, run_after=None
[2026-05-08T21:32:55.064+0000] {processor.py:208} INFO - Processing /home/airflow/.local/lib/python3.12/site-packages/airflow/example_dags/example_setup_teardown.py took 0.091 seconds
[2026-05-08T21:33:25.455+0000] {processor.py:186} INFO - Started process (PID=7815) to work on /home/airflow/.local/lib/python3.12/site-packages/airflow/example_dags/example_setup_teardown.py
[2026-05-08T21:33:25.456+0000] {processor.py:914} INFO - Processing file /home/airflow/.local/lib/python3.12/site-packages/airflow/example_dags/example_setup_teardown.py for tasks to queue
[2026-05-08T21:33:25.458+0000] {logging_mixin.py:190} INFO - [2026-05-08T21:33:25.457+0000] {dagbag.py:588} INFO - Filling up the DagBag from /home/airflow/.local/lib/python3.12/site-packages/airflow/example_dags/example_setup_teardown.py
[2026-05-08T21:33:25.465+0000] {processor.py:925} INFO - DAG(s) 'example_setup_teardown' retrieved from /home/airflow/.local/lib/python3.12/site-packages/airflow/example_dags/example_setup_teardown.py
[2026-05-08T21:33:25.482+0000] {logging_mixin.py:190} INFO - [2026-05-08T21:33:25.482+0000] {dag.py:3239} INFO - Sync 1 DAGs
[2026-05-08T21:33:25.495+0000] {logging_mixin.py:190} INFO - [2026-05-08T21:33:25.495+0000] {dag.py:4180} INFO - Setting next_dagrun for example_setup_teardown to None, run_after=None
[2026-05-08T21:33:25.509+0000] {processor.py:208} INFO - Processing /home/airflow/.local/lib/python3.12/site-packages/airflow/example_dags/example_setup_teardown.py took 0.059 seconds
[2026-05-08T21:33:56.062+0000] {processor.py:186} INFO - Started process (PID=7879) to work on /home/airflow/.local/lib/python3.12/site-packages/airflow/example_dags/example_setup_teardown.py
[2026-05-08T21:33:56.062+0000] {processor.py:914} INFO - Processing file /home/airflow/.local/lib/python3.12/site-packages/airflow/example_dags/example_setup_teardown.py for tasks to queue
[2026-05-08T21:33:56.064+0000] {logging_mixin.py:190} INFO - [2026-05-08T21:33:56.064+0000] {dagbag.py:588} INFO - Filling up the DagBag from /home/airflow/.local/lib/python3.12/site-packages/airflow/example_dags/example_setup_teardown.py
[2026-05-08T21:33:56.071+0000] {processor.py:925} INFO - DAG(s) 'example_setup_teardown' retrieved from /home/airflow/.local/lib/python3.12/site-packages/airflow/example_dags/example_setup_teardown.py
[2026-05-08T21:33:56.089+0000] {logging_mixin.py:190} INFO - [2026-05-08T21:33:56.089+0000] {dag.py:3239} INFO - Sync 1 DAGs
[2026-05-08T21:33:56.105+0000] {logging_mixin.py:190} INFO - [2026-05-08T21:33:56.104+0000] {dag.py:4180} INFO - Setting next_dagrun for example_setup_teardown to None, run_after=None
[2026-05-08T21:33:56.120+0000] {processor.py:208} INFO - Processing /home/airflow/.local/lib/python3.12/site-packages/airflow/example_dags/example_setup_teardown.py took 0.062 seconds
[2026-05-08T21:34:27.015+0000] {processor.py:186} INFO - Started process (PID=7943) to work on /home/airflow/.local/lib/python3.12/site-packages/airflow/example_dags/example_setup_teardown.py
[2026-05-08T21:34:27.016+0000] {processor.py:914} INFO - Processing file /home/airflow/.local/lib/python3.12/site-packages/airflow/example_dags/example_setup_teardown.py for tasks to queue
[2026-05-08T21:34:27.017+0000] {logging_mixin.py:190} INFO - [2026-05-08T21:34:27.017+0000] {dagbag.py:588} INFO - Filling up the DagBag from /home/airflow/.local/lib/python3.12/site-packages/airflow/example_dags/example_setup_teardown.py
[2026-05-08T21:34:27.024+0000] {processor.py:925} INFO - DAG(s) 'example_setup_teardown' retrieved from /home/airflow/.local/lib/python3.12/site-packages/airflow/example_dags/example_setup_teardown.py
[2026-05-08T21:34:27.040+0000] {logging_mixin.py:190} INFO - [2026-05-08T21:34:27.040+0000] {dag.py:3239} INFO - Sync 1 DAGs
[2026-05-08T21:34:27.052+0000] {logging_mixin.py:190} INFO - [2026-05-08T21:34:27.052+0000] {dag.py:4180} INFO - Setting next_dagrun for example_setup_teardown to None, run_after=None
[2026-05-08T21:34:27.070+0000] {processor.py:208} INFO - Processing /home/airflow/.local/lib/python3.12/site-packages/airflow/example_dags/example_setup_teardown.py took 0.059 seconds
[2026-05-08T21:34:57.406+0000] {processor.py:186} INFO - Started process (PID=8007) to work on /home/airflow/.local/lib/python3.12/site-packages/airflow/example_dags/example_setup_teardown.py
[2026-05-08T21:34:57.407+0000] {processor.py:914} INFO - Processing file /home/airflow/.local/lib/python3.12/site-packages/airflow/example_dags/example_setup_teardown.py for tasks to queue
[2026-05-08T21:34:57.409+0000] {logging_mixin.py:190} INFO - [2026-05-08T21:34:57.408+0000] {dagbag.py:588} INFO - Filling up the DagBag from /home/airflow/.local/lib/python3.12/site-packages/airflow/example_dags/example_setup_teardown.py
[2026-05-08T21:34:57.417+0000] {processor.py:925} INFO - DAG(s) 'example_setup_teardown' retrieved from /home/airflow/.local/lib/python3.12/site-packages/airflow/example_dags/example_setup_teardown.py
[2026-05-08T21:34:57.437+0000] {logging_mixin.py:190} INFO - [2026-05-08T21:34:57.436+0000] {dag.py:3239} INFO - Sync 1 DAGs
[2026-05-08T21:34:57.448+0000] {logging_mixin.py:190} INFO - [2026-05-08T21:34:57.448+0000] {dag.py:4180} INFO - Setting next_dagrun for example_setup_teardown to None, run_after=None
[2026-05-08T21:34:57.466+0000] {processor.py:208} INFO - Processing /home/airflow/.local/lib/python3.12/site-packages/airflow/example_dags/example_setup_teardown.py took 0.065 seconds
[2026-05-08T21:35:27.640+0000] {processor.py:186} INFO - Started process (PID=8071) to work on /home/airflow/.local/lib/python3.12/site-packages/airflow/example_dags/example_setup_teardown.py
[2026-05-08T21:35:27.641+0000] {processor.py:914} INFO - Processing file /home/airflow/.local/lib/python3.12/site-packages/airflow/example_dags/example_setup_teardown.py for tasks to queue
[2026-05-08T21:35:27.642+0000] {logging_mixin.py:190} INFO - [2026-05-08T21:35:27.642+0000] {dagbag.py:588} INFO - Filling up the DagBag from /home/airflow/.local/lib/python3.12/site-packages/airflow/example_dags/example_setup_teardown.py
[2026-05-08T21:35:27.649+0000] {processor.py:925} INFO - DAG(s) 'example_setup_teardown' retrieved from /home/airflow/.local/lib/python3.12/site-packages/airflow/example_dags/example_setup_teardown.py
[2026-05-08T21:35:27.664+0000] {logging_mixin.py:190} INFO - [2026-05-08T21:35:27.664+0000] {dag.py:3239} INFO - Sync 1 DAGs
[2026-05-08T21:35:27.676+0000] {logging_mixin.py:190} INFO - [2026-05-08T21:35:27.675+0000] {dag.py:4180} INFO - Setting next_dagrun for example_setup_teardown to None, run_after=None
[2026-05-08T21:35:27.690+0000] {processor.py:208} INFO - Processing /home/airflow/.local/lib/python3.12/site-packages/airflow/example_dags/example_setup_teardown.py took 0.054 seconds
[2026-05-08T21:35:57.921+0000] {processor.py:186} INFO - Started process (PID=8135) to work on /home/airflow/.local/lib/python3.12/site-packages/airflow/example_dags/example_setup_teardown.py
[2026-05-08T21:35:57.922+0000] {processor.py:914} INFO - Processing file /home/airflow/.local/lib/python3.12/site-packages/airflow/example_dags/example_setup_teardown.py for tasks to queue
[2026-05-08T21:35:57.924+0000] {logging_mixin.py:190} INFO - [2026-05-08T21:35:57.924+0000] {dagbag.py:588} INFO - Filling up the DagBag from /home/airflow/.local/lib/python3.12/site-packages/airflow/example_dags/example_setup_teardown.py
[2026-05-08T21:35:57.931+0000] {processor.py:925} INFO - DAG(s) 'example_setup_teardown' retrieved from /home/airflow/.local/lib/python3.12/site-packages/airflow/example_dags/example_setup_teardown.py
[2026-05-08T21:35:57.948+0000] {logging_mixin.py:190} INFO - [2026-05-08T21:35:57.948+0000] {dag.py:3239} INFO - Sync 1 DAGs
[2026-05-08T21:35:57.964+0000] {logging_mixin.py:190} INFO - [2026-05-08T21:35:57.964+0000] {dag.py:4180} INFO - Setting next_dagrun for example_setup_teardown to None, run_after=None
[2026-05-08T21:35:57.980+0000] {processor.py:208} INFO - Processing /home/airflow/.local/lib/python3.12/site-packages/airflow/example_dags/example_setup_teardown.py took 0.063 seconds
[2026-05-08T21:36:28.288+0000] {processor.py:186} INFO - Started process (PID=8199) to work on /home/airflow/.local/lib/python3.12/site-packages/airflow/example_dags/example_setup_teardown.py
[2026-05-08T21:36:28.289+0000] {processor.py:914} INFO - Processing file /home/airflow/.local/lib/python3.12/site-packages/airflow/example_dags/example_setup_teardown.py for tasks to queue
[2026-05-08T21:36:28.291+0000] {logging_mixin.py:190} INFO - [2026-05-08T21:36:28.291+0000] {dagbag.py:588} INFO - Filling up the DagBag from /home/airflow/.local/lib/python3.12/site-packages/airflow/example_dags/example_setup_teardown.py
[2026-05-08T21:36:28.299+0000] {processor.py:925} INFO - DAG(s) 'example_setup_teardown' retrieved from /home/airflow/.local/lib/python3.12/site-packages/airflow/example_dags/example_setup_teardown.py
[2026-05-08T21:36:28.319+0000] {logging_mixin.py:190} INFO - [2026-05-08T21:36:28.319+0000] {dag.py:3239} INFO - Sync 1 DAGs
[2026-05-08T21:36:28.330+0000] {logging_mixin.py:190} INFO - [2026-05-08T21:36:28.330+0000] {dag.py:4180} INFO - Setting next_dagrun for example_setup_teardown to None, run_after=None
[2026-05-08T21:36:28.344+0000] {processor.py:208} INFO - Processing /home/airflow/.local/lib/python3.12/site-packages/airflow/example_dags/example_setup_teardown.py took 0.063 seconds
[2026-05-08T21:36:58.440+0000] {processor.py:186} INFO - Started process (PID=8263) to work on /home/airflow/.local/lib/python3.12/site-packages/airflow/example_dags/example_setup_teardown.py
[2026-05-08T21:36:58.440+0000] {processor.py:914} INFO - Processing file /home/airflow/.local/lib/python3.12/site-packages/airflow/example_dags/example_setup_teardown.py for tasks to queue
[2026-05-08T21:36:58.442+0000] {logging_mixin.py:190} INFO - [2026-05-08T21:36:58.442+0000] {dagbag.py:588} INFO - Filling up the DagBag from /home/airflow/.local/lib/python3.12/site-packages/airflow/example_dags/example_setup_teardown.py
[2026-05-08T21:36:58.449+0000] {processor.py:925} INFO - DAG(s) 'example_setup_teardown' retrieved from /home/airflow/.local/lib/python3.12/site-packages/airflow/example_dags/example_setup_teardown.py
[2026-05-08T21:36:58.467+0000] {logging_mixin.py:190} INFO - [2026-05-08T21:36:58.467+0000] {dag.py:3239} INFO - Sync 1 DAGs
[2026-05-08T21:36:58.481+0000] {logging_mixin.py:190} INFO - [2026-05-08T21:36:58.481+0000] {dag.py:4180} INFO - Setting next_dagrun for example_setup_teardown to None, run_after=None
[2026-05-08T21:36:58.496+0000] {processor.py:208} INFO - Processing /home/airflow/.local/lib/python3.12/site-packages/airflow/example_dags/example_setup_teardown.py took 0.060 seconds
[2026-05-08T21:37:28.817+0000] {processor.py:186} INFO - Started process (PID=8327) to work on /home/airflow/.local/lib/python3.12/site-packages/airflow/example_dags/example_setup_teardown.py
[2026-05-08T21:37:28.818+0000] {processor.py:914} INFO - Processing file /home/airflow/.local/lib/python3.12/site-packages/airflow/example_dags/example_setup_teardown.py for tasks to queue
[2026-05-08T21:37:28.820+0000] {logging_mixin.py:190} INFO - [2026-05-08T21:37:28.820+0000] {dagbag.py:588} INFO - Filling up the DagBag from /home/airflow/.local/lib/python3.12/site-packages/airflow/example_dags/example_setup_teardown.py
[2026-05-08T21:37:28.829+0000] {processor.py:925} INFO - DAG(s) 'example_setup_teardown' retrieved from /home/airflow/.local/lib/python3.12/site-packages/airflow/example_dags/example_setup_teardown.py
[2026-05-08T21:37:28.850+0000] {logging_mixin.py:190} INFO - [2026-05-08T21:37:28.849+0000] {dag.py:3239} INFO - Sync 1 DAGs
[2026-05-08T21:37:28.864+0000] {logging_mixin.py:190} INFO - [2026-05-08T21:37:28.864+0000] {dag.py:4180} INFO - Setting next_dagrun for example_setup_teardown to None, run_after=None
[2026-05-08T21:37:28.881+0000] {processor.py:208} INFO - Processing /home/airflow/.local/lib/python3.12/site-packages/airflow/example_dags/example_setup_teardown.py took 0.070 seconds
[2026-05-08T21:37:59.729+0000] {processor.py:186} INFO - Started process (PID=8391) to work on /home/airflow/.local/lib/python3.12/site-packages/airflow/example_dags/example_setup_teardown.py
[2026-05-08T21:37:59.729+0000] {processor.py:914} INFO - Processing file /home/airflow/.local/lib/python3.12/site-packages/airflow/example_dags/example_setup_teardown.py for tasks to queue
[2026-05-08T21:37:59.731+0000] {logging_mixin.py:190} INFO - [2026-05-08T21:37:59.731+0000] {dagbag.py:588} INFO - Filling up the DagBag from /home/airflow/.local/lib/python3.12/site-packages/airflow/example_dags/example_setup_teardown.py
[2026-05-08T21:37:59.737+0000] {processor.py:925} INFO - DAG(s) 'example_setup_teardown' retrieved from /home/airflow/.local/lib/python3.12/site-packages/airflow/example_dags/example_setup_teardown.py
[2026-05-08T21:37:59.757+0000] {logging_mixin.py:190} INFO - [2026-05-08T21:37:59.756+0000] {dag.py:3239} INFO - Sync 1 DAGs
[2026-05-08T21:37:59.771+0000] {logging_mixin.py:190} INFO - [2026-05-08T21:37:59.771+0000] {dag.py:4180} INFO - Setting next_dagrun for example_setup_teardown to None, run_after=None
[2026-05-08T21:37:59.787+0000] {processor.py:208} INFO - Processing /home/airflow/.local/lib/python3.12/site-packages/airflow/example_dags/example_setup_teardown.py took 0.063 seconds
[2026-05-08T21:38:30.150+0000] {processor.py:186} INFO - Started process (PID=8455) to work on /home/airflow/.local/lib/python3.12/site-packages/airflow/example_dags/example_setup_teardown.py
[2026-05-08T21:38:30.150+0000] {processor.py:914} INFO - Processing file /home/airflow/.local/lib/python3.12/site-packages/airflow/example_dags/example_setup_teardown.py for tasks to queue
[2026-05-08T21:38:30.152+0000] {logging_mixin.py:190} INFO - [2026-05-08T21:38:30.152+0000] {dagbag.py:588} INFO - Filling up the DagBag from /home/airflow/.local/lib/python3.12/site-packages/airflow/example_dags/example_setup_teardown.py
[2026-05-08T21:38:30.160+0000] {processor.py:925} INFO - DAG(s) 'example_setup_teardown' retrieved from /home/airflow/.local/lib/python3.12/site-packages/airflow/example_dags/example_setup_teardown.py
[2026-05-08T21:38:30.178+0000] {logging_mixin.py:190} INFO - [2026-05-08T21:38:30.178+0000] {dag.py:3239} INFO - Sync 1 DAGs
[2026-05-08T21:38:30.189+0000] {logging_mixin.py:190} INFO - [2026-05-08T21:38:30.189+0000] {dag.py:4180} INFO - Setting next_dagrun for example_setup_teardown to None, run_after=None
[2026-05-08T21:38:30.202+0000] {processor.py:208} INFO - Processing /home/airflow/.local/lib/python3.12/site-packages/airflow/example_dags/example_setup_teardown.py took 0.057 seconds
[2026-05-08T21:39:00.584+0000] {processor.py:186} INFO - Started process (PID=8519) to work on /home/airflow/.local/lib/python3.12/site-packages/airflow/example_dags/example_setup_teardown.py
[2026-05-08T21:39:00.585+0000] {processor.py:914} INFO - Processing file /home/airflow/.local/lib/python3.12/site-packages/airflow/example_dags/example_setup_teardown.py for tasks to queue
[2026-05-08T21:39:00.588+0000] {logging_mixin.py:190} INFO - [2026-05-08T21:39:00.587+0000] {dagbag.py:588} INFO - Filling up the DagBag from /home/airflow/.local/lib/python3.12/site-packages/airflow/example_dags/example_setup_teardown.py
[2026-05-08T21:39:00.597+0000] {processor.py:925} INFO - DAG(s) 'example_setup_teardown' retrieved from /home/airflow/.local/lib/python3.12/site-packages/airflow/example_dags/example_setup_teardown.py
[2026-05-08T21:39:00.620+0000] {logging_mixin.py:190} INFO - [2026-05-08T21:39:00.620+0000] {dag.py:3239} INFO - Sync 1 DAGs
[2026-05-08T21:39:00.637+0000] {logging_mixin.py:190} INFO - [2026-05-08T21:39:00.637+0000] {dag.py:4180} INFO - Setting next_dagrun for example_setup_teardown to None, run_after=None
[2026-05-08T21:39:00.659+0000] {processor.py:208} INFO - Processing /home/airflow/.local/lib/python3.12/site-packages/airflow/example_dags/example_setup_teardown.py took 0.085 seconds
[2026-05-08T21:39:30.719+0000] {processor.py:186} INFO - Started process (PID=8582) to work on /home/airflow/.local/lib/python3.12/site-packages/airflow/example_dags/example_setup_teardown.py
[2026-05-08T21:39:30.719+0000] {processor.py:914} INFO - Processing file /home/airflow/.local/lib/python3.12/site-packages/airflow/example_dags/example_setup_teardown.py for tasks to queue
[2026-05-08T21:39:30.721+0000] {logging_mixin.py:190} INFO - [2026-05-08T21:39:30.721+0000] {dagbag.py:588} INFO - Filling up the DagBag from /home/airflow/.local/lib/python3.12/site-packages/airflow/example_dags/example_setup_teardown.py
[2026-05-08T21:39:30.728+0000] {processor.py:925} INFO - DAG(s) 'example_setup_teardown' retrieved from /home/airflow/.local/lib/python3.12/site-packages/airflow/example_dags/example_setup_teardown.py
[2026-05-08T21:39:30.743+0000] {logging_mixin.py:190} INFO - [2026-05-08T21:39:30.743+0000] {dag.py:3239} INFO - Sync 1 DAGs
[2026-05-08T21:39:30.754+0000] {logging_mixin.py:190} INFO - [2026-05-08T21:39:30.754+0000] {dag.py:4180} INFO - Setting next_dagrun for example_setup_teardown to None, run_after=None
[2026-05-08T21:39:30.768+0000] {processor.py:208} INFO - Processing /home/airflow/.local/lib/python3.12/site-packages/airflow/example_dags/example_setup_teardown.py took 0.054 seconds
[2026-05-08T21:40:00.841+0000] {processor.py:186} INFO - Started process (PID=8646) to work on /home/airflow/.local/lib/python3.12/site-packages/airflow/example_dags/example_setup_teardown.py
[2026-05-08T21:40:00.842+0000] {processor.py:914} INFO - Processing file /home/airflow/.local/lib/python3.12/site-packages/airflow/example_dags/example_setup_teardown.py for tasks to queue
[2026-05-08T21:40:00.845+0000] {logging_mixin.py:190} INFO - [2026-05-08T21:40:00.844+0000] {dagbag.py:588} INFO - Filling up the DagBag from /home/airflow/.local/lib/python3.12/site-packages/airflow/example_dags/example_setup_teardown.py
[2026-05-08T21:40:00.854+0000] {processor.py:925} INFO - DAG(s) 'example_setup_teardown' retrieved from /home/airflow/.local/lib/python3.12/site-packages/airflow/example_dags/example_setup_teardown.py
[2026-05-08T21:40:00.878+0000] {logging_mixin.py:190} INFO - [2026-05-08T21:40:00.877+0000] {dag.py:3239} INFO - Sync 1 DAGs
[2026-05-08T21:40:00.896+0000] {logging_mixin.py:190} INFO - [2026-05-08T21:40:00.895+0000] {dag.py:4180} INFO - Setting next_dagrun for example_setup_teardown to None, run_after=None
[2026-05-08T21:40:00.911+0000] {processor.py:208} INFO - Processing /home/airflow/.local/lib/python3.12/site-packages/airflow/example_dags/example_setup_teardown.py took 0.077 seconds
[2026-05-08T21:40:31.435+0000] {processor.py:186} INFO - Started process (PID=8711) to work on /home/airflow/.local/lib/python3.12/site-packages/airflow/example_dags/example_setup_teardown.py
[2026-05-08T21:40:31.436+0000] {processor.py:914} INFO - Processing file /home/airflow/.local/lib/python3.12/site-packages/airflow/example_dags/example_setup_teardown.py for tasks to queue
[2026-05-08T21:40:31.437+0000] {logging_mixin.py:190} INFO - [2026-05-08T21:40:31.437+0000] {dagbag.py:588} INFO - Filling up the DagBag from /home/airflow/.local/lib/python3.12/site-packages/airflow/example_dags/example_setup_teardown.py
[2026-05-08T21:40:31.444+0000] {processor.py:925} INFO - DAG(s) 'example_setup_teardown' retrieved from /home/airflow/.local/lib/python3.12/site-packages/airflow/example_dags/example_setup_teardown.py
[2026-05-08T21:40:31.462+0000] {logging_mixin.py:190} INFO - [2026-05-08T21:40:31.462+0000] {dag.py:3239} INFO - Sync 1 DAGs
[2026-05-08T21:40:31.475+0000] {logging_mixin.py:190} INFO - [2026-05-08T21:40:31.475+0000] {dag.py:4180} INFO - Setting next_dagrun for example_setup_teardown to None, run_after=None
[2026-05-08T21:40:31.490+0000] {processor.py:208} INFO - Processing /home/airflow/.local/lib/python3.12/site-packages/airflow/example_dags/example_setup_teardown.py took 0.059 seconds
[2026-05-08T21:41:01.710+0000] {processor.py:186} INFO - Started process (PID=8775) to work on /home/airflow/.local/lib/python3.12/site-packages/airflow/example_dags/example_setup_teardown.py
[2026-05-08T21:41:01.710+0000] {processor.py:914} INFO - Processing file /home/airflow/.local/lib/python3.12/site-packages/airflow/example_dags/example_setup_teardown.py for tasks to queue
[2026-05-08T21:41:01.712+0000] {logging_mixin.py:190} INFO - [2026-05-08T21:41:01.712+0000] {dagbag.py:588} INFO - Filling up the DagBag from /home/airflow/.local/lib/python3.12/site-packages/airflow/example_dags/example_setup_teardown.py
[2026-05-08T21:41:01.719+0000] {processor.py:925} INFO - DAG(s) 'example_setup_teardown' retrieved from /home/airflow/.local/lib/python3.12/site-packages/airflow/example_dags/example_setup_teardown.py
[2026-05-08T21:41:01.738+0000] {logging_mixin.py:190} INFO - [2026-05-08T21:41:01.738+0000] {dag.py:3239} INFO - Sync 1 DAGs
[2026-05-08T21:41:01.751+0000] {logging_mixin.py:190} INFO - [2026-05-08T21:41:01.750+0000] {dag.py:4180} INFO - Setting next_dagrun for example_setup_teardown to None, run_after=None
[2026-05-08T21:41:01.765+0000] {processor.py:208} INFO - Processing /home/airflow/.local/lib/python3.12/site-packages/airflow/example_dags/example_setup_teardown.py took 0.060 seconds
[2026-05-08T21:41:32.354+0000] {processor.py:186} INFO - Started process (PID=8839) to work on /home/airflow/.local/lib/python3.12/site-packages/airflow/example_dags/example_setup_teardown.py
[2026-05-08T21:41:32.354+0000] {processor.py:914} INFO - Processing file /home/airflow/.local/lib/python3.12/site-packages/airflow/example_dags/example_setup_teardown.py for tasks to queue
[2026-05-08T21:41:32.357+0000] {logging_mixin.py:190} INFO - [2026-05-08T21:41:32.356+0000] {dagbag.py:588} INFO - Filling up the DagBag from /home/airflow/.local/lib/python3.12/site-packages/airflow/example_dags/example_setup_teardown.py
[2026-05-08T21:41:32.367+0000] {processor.py:925} INFO - DAG(s) 'example_setup_teardown' retrieved from /home/airflow/.local/lib/python3.12/site-packages/airflow/example_dags/example_setup_teardown.py
[2026-05-08T21:41:32.388+0000] {logging_mixin.py:190} INFO - [2026-05-08T21:41:32.387+0000] {dag.py:3239} INFO - Sync 1 DAGs
[2026-05-08T21:41:32.404+0000] {logging_mixin.py:190} INFO - [2026-05-08T21:41:32.403+0000] {dag.py:4180} INFO - Setting next_dagrun for example_setup_teardown to None, run_after=None
[2026-05-08T21:41:32.424+0000] {processor.py:208} INFO - Processing /home/airflow/.local/lib/python3.12/site-packages/airflow/example_dags/example_setup_teardown.py took 0.077 seconds
[2026-05-08T21:42:02.806+0000] {processor.py:186} INFO - Started process (PID=8903) to work on /home/airflow/.local/lib/python3.12/site-packages/airflow/example_dags/example_setup_teardown.py
[2026-05-08T21:42:02.806+0000] {processor.py:914} INFO - Processing file /home/airflow/.local/lib/python3.12/site-packages/airflow/example_dags/example_setup_teardown.py for tasks to queue
[2026-05-08T21:42:02.808+0000] {logging_mixin.py:190} INFO - [2026-05-08T21:42:02.808+0000] {dagbag.py:588} INFO - Filling up the DagBag from /home/airflow/.local/lib/python3.12/site-packages/airflow/example_dags/example_setup_teardown.py
[2026-05-08T21:42:02.818+0000] {processor.py:925} INFO - DAG(s) 'example_setup_teardown' retrieved from /home/airflow/.local/lib/python3.12/site-packages/airflow/example_dags/example_setup_teardown.py
[2026-05-08T21:42:02.836+0000] {logging_mixin.py:190} INFO - [2026-05-08T21:42:02.836+0000] {dag.py:3239} INFO - Sync 1 DAGs
[2026-05-08T21:42:02.849+0000] {logging_mixin.py:190} INFO - [2026-05-08T21:42:02.849+0000] {dag.py:4180} INFO - Setting next_dagrun for example_setup_teardown to None, run_after=None
[2026-05-08T21:42:02.867+0000] {processor.py:208} INFO - Processing /home/airflow/.local/lib/python3.12/site-packages/airflow/example_dags/example_setup_teardown.py took 0.066 seconds
[2026-05-08T21:42:33.577+0000] {processor.py:186} INFO - Started process (PID=8967) to work on /home/airflow/.local/lib/python3.12/site-packages/airflow/example_dags/example_setup_teardown.py
[2026-05-08T21:42:33.577+0000] {processor.py:914} INFO - Processing file /home/airflow/.local/lib/python3.12/site-packages/airflow/example_dags/example_setup_teardown.py for tasks to queue
[2026-05-08T21:42:33.579+0000] {logging_mixin.py:190} INFO - [2026-05-08T21:42:33.579+0000] {dagbag.py:588} INFO - Filling up the DagBag from /home/airflow/.local/lib/python3.12/site-packages/airflow/example_dags/example_setup_teardown.py
[2026-05-08T21:42:33.587+0000] {processor.py:925} INFO - DAG(s) 'example_setup_teardown' retrieved from /home/airflow/.local/lib/python3.12/site-packages/airflow/example_dags/example_setup_teardown.py
[2026-05-08T21:42:33.603+0000] {logging_mixin.py:190} INFO - [2026-05-08T21:42:33.603+0000] {dag.py:3239} INFO - Sync 1 DAGs
[2026-05-08T21:42:33.616+0000] {logging_mixin.py:190} INFO - [2026-05-08T21:42:33.616+0000] {dag.py:4180} INFO - Setting next_dagrun for example_setup_teardown to None, run_after=None
[2026-05-08T21:42:33.631+0000] {processor.py:208} INFO - Processing /home/airflow/.local/lib/python3.12/site-packages/airflow/example_dags/example_setup_teardown.py took 0.060 seconds
[2026-05-08T21:43:04.345+0000] {processor.py:186} INFO - Started process (PID=9031) to work on /home/airflow/.local/lib/python3.12/site-packages/airflow/example_dags/example_setup_teardown.py
[2026-05-08T21:43:04.346+0000] {processor.py:914} INFO - Processing file /home/airflow/.local/lib/python3.12/site-packages/airflow/example_dags/example_setup_teardown.py for tasks to queue
[2026-05-08T21:43:04.348+0000] {logging_mixin.py:190} INFO - [2026-05-08T21:43:04.347+0000] {dagbag.py:588} INFO - Filling up the DagBag from /home/airflow/.local/lib/python3.12/site-packages/airflow/example_dags/example_setup_teardown.py
[2026-05-08T21:43:04.354+0000] {processor.py:925} INFO - DAG(s) 'example_setup_teardown' retrieved from /home/airflow/.local/lib/python3.12/site-packages/airflow/example_dags/example_setup_teardown.py
[2026-05-08T21:43:04.375+0000] {logging_mixin.py:190} INFO - [2026-05-08T21:43:04.375+0000] {dag.py:3239} INFO - Sync 1 DAGs
[2026-05-08T21:43:04.391+0000] {logging_mixin.py:190} INFO - [2026-05-08T21:43:04.391+0000] {dag.py:4180} INFO - Setting next_dagrun for example_setup_teardown to None, run_after=None
[2026-05-08T21:43:04.408+0000] {processor.py:208} INFO - Processing /home/airflow/.local/lib/python3.12/site-packages/airflow/example_dags/example_setup_teardown.py took 0.067 seconds
[2026-05-08T21:43:34.927+0000] {processor.py:186} INFO - Started process (PID=9095) to work on /home/airflow/.local/lib/python3.12/site-packages/airflow/example_dags/example_setup_teardown.py
[2026-05-08T21:43:34.928+0000] {processor.py:914} INFO - Processing file /home/airflow/.local/lib/python3.12/site-packages/airflow/example_dags/example_setup_teardown.py for tasks to queue
[2026-05-08T21:43:34.929+0000] {logging_mixin.py:190} INFO - [2026-05-08T21:43:34.929+0000] {dagbag.py:588} INFO - Filling up the DagBag from /home/airflow/.local/lib/python3.12/site-packages/airflow/example_dags/example_setup_teardown.py
[2026-05-08T21:43:34.936+0000] {processor.py:925} INFO - DAG(s) 'example_setup_teardown' retrieved from /home/airflow/.local/lib/python3.12/site-packages/airflow/example_dags/example_setup_teardown.py
[2026-05-08T21:43:34.955+0000] {logging_mixin.py:190} INFO - [2026-05-08T21:43:34.955+0000] {dag.py:3239} INFO - Sync 1 DAGs
[2026-05-08T21:43:34.967+0000] {logging_mixin.py:190} INFO - [2026-05-08T21:43:34.967+0000] {dag.py:4180} INFO - Setting next_dagrun for example_setup_teardown to None, run_after=None
[2026-05-08T21:43:34.982+0000] {processor.py:208} INFO - Processing /home/airflow/.local/lib/python3.12/site-packages/airflow/example_dags/example_setup_teardown.py took 0.059 seconds
[2026-05-08T21:44:05.544+0000] {processor.py:186} INFO - Started process (PID=9159) to work on /home/airflow/.local/lib/python3.12/site-packages/airflow/example_dags/example_setup_teardown.py
[2026-05-08T21:44:05.545+0000] {processor.py:914} INFO - Processing file /home/airflow/.local/lib/python3.12/site-packages/airflow/example_dags/example_setup_teardown.py for tasks to queue
[2026-05-08T21:44:05.546+0000] {logging_mixin.py:190} INFO - [2026-05-08T21:44:05.546+0000] {dagbag.py:588} INFO - Filling up the DagBag from /home/airflow/.local/lib/python3.12/site-packages/airflow/example_dags/example_setup_teardown.py
[2026-05-08T21:44:05.553+0000] {processor.py:925} INFO - DAG(s) 'example_setup_teardown' retrieved from /home/airflow/.local/lib/python3.12/site-packages/airflow/example_dags/example_setup_teardown.py
[2026-05-08T21:44:05.571+0000] {logging_mixin.py:190} INFO - [2026-05-08T21:44:05.570+0000] {dag.py:3239} INFO - Sync 1 DAGs
[2026-05-08T21:44:05.583+0000] {logging_mixin.py:190} INFO - [2026-05-08T21:44:05.582+0000] {dag.py:4180} INFO - Setting next_dagrun for example_setup_teardown to None, run_after=None
[2026-05-08T21:44:05.599+0000] {processor.py:208} INFO - Processing /home/airflow/.local/lib/python3.12/site-packages/airflow/example_dags/example_setup_teardown.py took 0.059 seconds
[2026-05-08T21:44:36.144+0000] {processor.py:186} INFO - Started process (PID=9223) to work on /home/airflow/.local/lib/python3.12/site-packages/airflow/example_dags/example_setup_teardown.py
[2026-05-08T21:44:36.144+0000] {processor.py:914} INFO - Processing file /home/airflow/.local/lib/python3.12/site-packages/airflow/example_dags/example_setup_teardown.py for tasks to queue
[2026-05-08T21:44:36.147+0000] {logging_mixin.py:190} INFO - [2026-05-08T21:44:36.146+0000] {dagbag.py:588} INFO - Filling up the DagBag from /home/airflow/.local/lib/python3.12/site-packages/airflow/example_dags/example_setup_teardown.py
[2026-05-08T21:44:36.156+0000] {processor.py:925} INFO - DAG(s) 'example_setup_teardown' retrieved from /home/airflow/.local/lib/python3.12/site-packages/airflow/example_dags/example_setup_teardown.py
[2026-05-08T21:44:36.179+0000] {logging_mixin.py:190} INFO - [2026-05-08T21:44:36.179+0000] {dag.py:3239} INFO - Sync 1 DAGs
[2026-05-08T21:44:36.196+0000] {logging_mixin.py:190} INFO - [2026-05-08T21:44:36.196+0000] {dag.py:4180} INFO - Setting next_dagrun for example_setup_teardown to None, run_after=None
[2026-05-08T21:44:36.214+0000] {processor.py:208} INFO - Processing /home/airflow/.local/lib/python3.12/site-packages/airflow/example_dags/example_setup_teardown.py took 0.077 seconds
[2026-05-08T21:45:06.309+0000] {processor.py:186} INFO - Started process (PID=9287) to work on /home/airflow/.local/lib/python3.12/site-packages/airflow/example_dags/example_setup_teardown.py
[2026-05-08T21:45:06.310+0000] {processor.py:914} INFO - Processing file /home/airflow/.local/lib/python3.12/site-packages/airflow/example_dags/example_setup_teardown.py for tasks to queue
[2026-05-08T21:45:06.312+0000] {logging_mixin.py:190} INFO - [2026-05-08T21:45:06.311+0000] {dagbag.py:588} INFO - Filling up the DagBag from /home/airflow/.local/lib/python3.12/site-packages/airflow/example_dags/example_setup_teardown.py
[2026-05-08T21:45:06.318+0000] {processor.py:925} INFO - DAG(s) 'example_setup_teardown' retrieved from /home/airflow/.local/lib/python3.12/site-packages/airflow/example_dags/example_setup_teardown.py
[2026-05-08T21:45:06.333+0000] {logging_mixin.py:190} INFO - [2026-05-08T21:45:06.333+0000] {dag.py:3239} INFO - Sync 1 DAGs
[2026-05-08T21:45:06.344+0000] {logging_mixin.py:190} INFO - [2026-05-08T21:45:06.344+0000] {dag.py:4180} INFO - Setting next_dagrun for example_setup_teardown to None, run_after=None
[2026-05-08T21:45:06.357+0000] {processor.py:208} INFO - Processing /home/airflow/.local/lib/python3.12/site-packages/airflow/example_dags/example_setup_teardown.py took 0.054 seconds
[2026-05-08T21:45:36.859+0000] {processor.py:186} INFO - Started process (PID=9351) to work on /home/airflow/.local/lib/python3.12/site-packages/airflow/example_dags/example_setup_teardown.py
[2026-05-08T21:45:36.859+0000] {processor.py:914} INFO - Processing file /home/airflow/.local/lib/python3.12/site-packages/airflow/example_dags/example_setup_teardown.py for tasks to queue
[2026-05-08T21:45:36.862+0000] {logging_mixin.py:190} INFO - [2026-05-08T21:45:36.862+0000] {dagbag.py:588} INFO - Filling up the DagBag from /home/airflow/.local/lib/python3.12/site-packages/airflow/example_dags/example_setup_teardown.py
[2026-05-08T21:45:36.871+0000] {processor.py:925} INFO - DAG(s) 'example_setup_teardown' retrieved from /home/airflow/.local/lib/python3.12/site-packages/airflow/example_dags/example_setup_teardown.py
[2026-05-08T21:45:36.895+0000] {logging_mixin.py:190} INFO - [2026-05-08T21:45:36.895+0000] {dag.py:3239} INFO - Sync 1 DAGs
[2026-05-08T21:45:36.911+0000] {logging_mixin.py:190} INFO - [2026-05-08T21:45:36.911+0000] {dag.py:4180} INFO - Setting next_dagrun for example_setup_teardown to None, run_after=None
[2026-05-08T21:45:36.926+0000] {processor.py:208} INFO - Processing /home/airflow/.local/lib/python3.12/site-packages/airflow/example_dags/example_setup_teardown.py took 0.074 seconds
[2026-05-08T21:46:07.530+0000] {processor.py:186} INFO - Started process (PID=9415) to work on /home/airflow/.local/lib/python3.12/site-packages/airflow/example_dags/example_setup_teardown.py
[2026-05-08T21:46:07.530+0000] {processor.py:914} INFO - Processing file /home/airflow/.local/lib/python3.12/site-packages/airflow/example_dags/example_setup_teardown.py for tasks to queue
[2026-05-08T21:46:07.533+0000] {logging_mixin.py:190} INFO - [2026-05-08T21:46:07.532+0000] {dagbag.py:588} INFO - Filling up the DagBag from /home/airflow/.local/lib/python3.12/site-packages/airflow/example_dags/example_setup_teardown.py
[2026-05-08T21:46:07.539+0000] {processor.py:925} INFO - DAG(s) 'example_setup_teardown' retrieved from /home/airflow/.local/lib/python3.12/site-packages/airflow/example_dags/example_setup_teardown.py
[2026-05-08T21:46:07.555+0000] {logging_mixin.py:190} INFO - [2026-05-08T21:46:07.555+0000] {dag.py:3239} INFO - Sync 1 DAGs
[2026-05-08T21:46:07.570+0000] {logging_mixin.py:190} INFO - [2026-05-08T21:46:07.570+0000] {dag.py:4180} INFO - Setting next_dagrun for example_setup_teardown to None, run_after=None
[2026-05-08T21:46:07.585+0000] {processor.py:208} INFO - Processing /home/airflow/.local/lib/python3.12/site-packages/airflow/example_dags/example_setup_teardown.py took 0.061 seconds
[2026-05-08T21:46:38.200+0000] {processor.py:186} INFO - Started process (PID=9485) to work on /home/airflow/.local/lib/python3.12/site-packages/airflow/example_dags/example_setup_teardown.py
[2026-05-08T21:46:38.201+0000] {processor.py:914} INFO - Processing file /home/airflow/.local/lib/python3.12/site-packages/airflow/example_dags/example_setup_teardown.py for tasks to queue
[2026-05-08T21:46:38.202+0000] {logging_mixin.py:190} INFO - [2026-05-08T21:46:38.202+0000] {dagbag.py:588} INFO - Filling up the DagBag from /home/airflow/.local/lib/python3.12/site-packages/airflow/example_dags/example_setup_teardown.py
[2026-05-08T21:46:38.209+0000] {processor.py:925} INFO - DAG(s) 'example_setup_teardown' retrieved from /home/airflow/.local/lib/python3.12/site-packages/airflow/example_dags/example_setup_teardown.py
[2026-05-08T21:46:38.228+0000] {logging_mixin.py:190} INFO - [2026-05-08T21:46:38.228+0000] {dag.py:3239} INFO - Sync 1 DAGs
[2026-05-08T21:46:38.243+0000] {logging_mixin.py:190} INFO - [2026-05-08T21:46:38.243+0000] {dag.py:4180} INFO - Setting next_dagrun for example_setup_teardown to None, run_after=None
[2026-05-08T21:46:38.257+0000] {processor.py:208} INFO - Processing /home/airflow/.local/lib/python3.12/site-packages/airflow/example_dags/example_setup_teardown.py took 0.061 seconds
[2026-05-08T21:47:08.889+0000] {processor.py:186} INFO - Started process (PID=9549) to work on /home/airflow/.local/lib/python3.12/site-packages/airflow/example_dags/example_setup_teardown.py
[2026-05-08T21:47:08.889+0000] {processor.py:914} INFO - Processing file /home/airflow/.local/lib/python3.12/site-packages/airflow/example_dags/example_setup_teardown.py for tasks to queue
[2026-05-08T21:47:08.891+0000] {logging_mixin.py:190} INFO - [2026-05-08T21:47:08.891+0000] {dagbag.py:588} INFO - Filling up the DagBag from /home/airflow/.local/lib/python3.12/site-packages/airflow/example_dags/example_setup_teardown.py
[2026-05-08T21:47:08.898+0000] {processor.py:925} INFO - DAG(s) 'example_setup_teardown' retrieved from /home/airflow/.local/lib/python3.12/site-packages/airflow/example_dags/example_setup_teardown.py
[2026-05-08T21:47:08.913+0000] {logging_mixin.py:190} INFO - [2026-05-08T21:47:08.913+0000] {dag.py:3239} INFO - Sync 1 DAGs
[2026-05-08T21:47:08.924+0000] {logging_mixin.py:190} INFO - [2026-05-08T21:47:08.924+0000] {dag.py:4180} INFO - Setting next_dagrun for example_setup_teardown to None, run_after=None
[2026-05-08T21:47:08.938+0000] {processor.py:208} INFO - Processing /home/airflow/.local/lib/python3.12/site-packages/airflow/example_dags/example_setup_teardown.py took 0.054 seconds
[2026-05-08T21:47:39.454+0000] {processor.py:186} INFO - Started process (PID=9613) to work on /home/airflow/.local/lib/python3.12/site-packages/airflow/example_dags/example_setup_teardown.py
[2026-05-08T21:47:39.454+0000] {processor.py:914} INFO - Processing file /home/airflow/.local/lib/python3.12/site-packages/airflow/example_dags/example_setup_teardown.py for tasks to queue
[2026-05-08T21:47:39.456+0000] {logging_mixin.py:190} INFO - [2026-05-08T21:47:39.456+0000] {dagbag.py:588} INFO - Filling up the DagBag from /home/airflow/.local/lib/python3.12/site-packages/airflow/example_dags/example_setup_teardown.py
[2026-05-08T21:47:39.465+0000] {processor.py:925} INFO - DAG(s) 'example_setup_teardown' retrieved from /home/airflow/.local/lib/python3.12/site-packages/airflow/example_dags/example_setup_teardown.py
[2026-05-08T21:47:39.485+0000] {logging_mixin.py:190} INFO - [2026-05-08T21:47:39.485+0000] {dag.py:3239} INFO - Sync 1 DAGs
[2026-05-08T21:47:39.501+0000] {logging_mixin.py:190} INFO - [2026-05-08T21:47:39.501+0000] {dag.py:4180} INFO - Setting next_dagrun for example_setup_teardown to None, run_after=None
[2026-05-08T21:47:39.518+0000] {processor.py:208} INFO - Processing /home/airflow/.local/lib/python3.12/site-packages/airflow/example_dags/example_setup_teardown.py took 0.069 seconds
[2026-05-08T21:48:10.051+0000] {processor.py:186} INFO - Started process (PID=9677) to work on /home/airflow/.local/lib/python3.12/site-packages/airflow/example_dags/example_setup_teardown.py
[2026-05-08T21:48:10.051+0000] {processor.py:914} INFO - Processing file /home/airflow/.local/lib/python3.12/site-packages/airflow/example_dags/example_setup_teardown.py for tasks to queue
[2026-05-08T21:48:10.053+0000] {logging_mixin.py:190} INFO - [2026-05-08T21:48:10.053+0000] {dagbag.py:588} INFO - Filling up the DagBag from /home/airflow/.local/lib/python3.12/site-packages/airflow/example_dags/example_setup_teardown.py
[2026-05-08T21:48:10.061+0000] {processor.py:925} INFO - DAG(s) 'example_setup_teardown' retrieved from /home/airflow/.local/lib/python3.12/site-packages/airflow/example_dags/example_setup_teardown.py
[2026-05-08T21:48:10.080+0000] {logging_mixin.py:190} INFO - [2026-05-08T21:48:10.079+0000] {dag.py:3239} INFO - Sync 1 DAGs
[2026-05-08T21:48:10.091+0000] {logging_mixin.py:190} INFO - [2026-05-08T21:48:10.091+0000] {dag.py:4180} INFO - Setting next_dagrun for example_setup_teardown to None, run_after=None
[2026-05-08T21:48:10.108+0000] {processor.py:208} INFO - Processing /home/airflow/.local/lib/python3.12/site-packages/airflow/example_dags/example_setup_teardown.py took 0.061 seconds
[2026-05-08T21:48:40.513+0000] {processor.py:186} INFO - Started process (PID=9741) to work on /home/airflow/.local/lib/python3.12/site-packages/airflow/example_dags/example_setup_teardown.py
[2026-05-08T21:48:40.513+0000] {processor.py:914} INFO - Processing file /home/airflow/.local/lib/python3.12/site-packages/airflow/example_dags/example_setup_teardown.py for tasks to queue
[2026-05-08T21:48:40.515+0000] {logging_mixin.py:190} INFO - [2026-05-08T21:48:40.515+0000] {dagbag.py:588} INFO - Filling up the DagBag from /home/airflow/.local/lib/python3.12/site-packages/airflow/example_dags/example_setup_teardown.py
[2026-05-08T21:48:40.522+0000] {processor.py:925} INFO - DAG(s) 'example_setup_teardown' retrieved from /home/airflow/.local/lib/python3.12/site-packages/airflow/example_dags/example_setup_teardown.py
[2026-05-08T21:48:40.542+0000] {logging_mixin.py:190} INFO - [2026-05-08T21:48:40.542+0000] {dag.py:3239} INFO - Sync 1 DAGs
[2026-05-08T21:48:40.557+0000] {logging_mixin.py:190} INFO - [2026-05-08T21:48:40.556+0000] {dag.py:4180} INFO - Setting next_dagrun for example_setup_teardown to None, run_after=None
[2026-05-08T21:48:40.575+0000] {processor.py:208} INFO - Processing /home/airflow/.local/lib/python3.12/site-packages/airflow/example_dags/example_setup_teardown.py took 0.066 seconds
[2026-05-08T21:49:11.166+0000] {processor.py:186} INFO - Started process (PID=9805) to work on /home/airflow/.local/lib/python3.12/site-packages/airflow/example_dags/example_setup_teardown.py
[2026-05-08T21:49:11.167+0000] {processor.py:914} INFO - Processing file /home/airflow/.local/lib/python3.12/site-packages/airflow/example_dags/example_setup_teardown.py for tasks to queue
[2026-05-08T21:49:11.169+0000] {logging_mixin.py:190} INFO - [2026-05-08T21:49:11.169+0000] {dagbag.py:588} INFO - Filling up the DagBag from /home/airflow/.local/lib/python3.12/site-packages/airflow/example_dags/example_setup_teardown.py
[2026-05-08T21:49:11.177+0000] {processor.py:925} INFO - DAG(s) 'example_setup_teardown' retrieved from /home/airflow/.local/lib/python3.12/site-packages/airflow/example_dags/example_setup_teardown.py
[2026-05-08T21:49:11.194+0000] {logging_mixin.py:190} INFO - [2026-05-08T21:49:11.194+0000] {dag.py:3239} INFO - Sync 1 DAGs
[2026-05-08T21:49:11.206+0000] {logging_mixin.py:190} INFO - [2026-05-08T21:49:11.205+0000] {dag.py:4180} INFO - Setting next_dagrun for example_setup_teardown to None, run_after=None
[2026-05-08T21:49:11.221+0000] {processor.py:208} INFO - Processing /home/airflow/.local/lib/python3.12/site-packages/airflow/example_dags/example_setup_teardown.py took 0.062 seconds
[2026-05-08T21:49:41.736+0000] {processor.py:186} INFO - Started process (PID=9869) to work on /home/airflow/.local/lib/python3.12/site-packages/airflow/example_dags/example_setup_teardown.py
[2026-05-08T21:49:41.736+0000] {processor.py:914} INFO - Processing file /home/airflow/.local/lib/python3.12/site-packages/airflow/example_dags/example_setup_teardown.py for tasks to queue
[2026-05-08T21:49:41.738+0000] {logging_mixin.py:190} INFO - [2026-05-08T21:49:41.738+0000] {dagbag.py:588} INFO - Filling up the DagBag from /home/airflow/.local/lib/python3.12/site-packages/airflow/example_dags/example_setup_teardown.py
[2026-05-08T21:49:41.745+0000] {processor.py:925} INFO - DAG(s) 'example_setup_teardown' retrieved from /home/airflow/.local/lib/python3.12/site-packages/airflow/example_dags/example_setup_teardown.py
[2026-05-08T21:49:41.762+0000] {logging_mixin.py:190} INFO - [2026-05-08T21:49:41.762+0000] {dag.py:3239} INFO - Sync 1 DAGs
[2026-05-08T21:49:41.774+0000] {logging_mixin.py:190} INFO - [2026-05-08T21:49:41.774+0000] {dag.py:4180} INFO - Setting next_dagrun for example_setup_teardown to None, run_after=None
[2026-05-08T21:49:41.790+0000] {processor.py:208} INFO - Processing /home/airflow/.local/lib/python3.12/site-packages/airflow/example_dags/example_setup_teardown.py took 0.058 seconds
[2026-05-08T21:50:12.147+0000] {processor.py:186} INFO - Started process (PID=9933) to work on /home/airflow/.local/lib/python3.12/site-packages/airflow/example_dags/example_setup_teardown.py
[2026-05-08T21:50:12.148+0000] {processor.py:914} INFO - Processing file /home/airflow/.local/lib/python3.12/site-packages/airflow/example_dags/example_setup_teardown.py for tasks to queue
[2026-05-08T21:50:12.149+0000] {logging_mixin.py:190} INFO - [2026-05-08T21:50:12.149+0000] {dagbag.py:588} INFO - Filling up the DagBag from /home/airflow/.local/lib/python3.12/site-packages/airflow/example_dags/example_setup_teardown.py
[2026-05-08T21:50:12.156+0000] {processor.py:925} INFO - DAG(s) 'example_setup_teardown' retrieved from /home/airflow/.local/lib/python3.12/site-packages/airflow/example_dags/example_setup_teardown.py
[2026-05-08T21:50:12.172+0000] {logging_mixin.py:190} INFO - [2026-05-08T21:50:12.172+0000] {dag.py:3239} INFO - Sync 1 DAGs
[2026-05-08T21:50:12.188+0000] {logging_mixin.py:190} INFO - [2026-05-08T21:50:12.188+0000] {dag.py:4180} INFO - Setting next_dagrun for example_setup_teardown to None, run_after=None
[2026-05-08T21:50:12.205+0000] {processor.py:208} INFO - Processing /home/airflow/.local/lib/python3.12/site-packages/airflow/example_dags/example_setup_teardown.py took 0.063 seconds
[2026-05-08T21:50:42.636+0000] {processor.py:186} INFO - Started process (PID=9997) to work on /home/airflow/.local/lib/python3.12/site-packages/airflow/example_dags/example_setup_teardown.py
[2026-05-08T21:50:42.637+0000] {processor.py:914} INFO - Processing file /home/airflow/.local/lib/python3.12/site-packages/airflow/example_dags/example_setup_teardown.py for tasks to queue
[2026-05-08T21:50:42.638+0000] {logging_mixin.py:190} INFO - [2026-05-08T21:50:42.638+0000] {dagbag.py:588} INFO - Filling up the DagBag from /home/airflow/.local/lib/python3.12/site-packages/airflow/example_dags/example_setup_teardown.py
[2026-05-08T21:50:42.645+0000] {processor.py:925} INFO - DAG(s) 'example_setup_teardown' retrieved from /home/airflow/.local/lib/python3.12/site-packages/airflow/example_dags/example_setup_teardown.py
[2026-05-08T21:50:42.664+0000] {logging_mixin.py:190} INFO - [2026-05-08T21:50:42.663+0000] {dag.py:3239} INFO - Sync 1 DAGs
[2026-05-08T21:50:42.679+0000] {logging_mixin.py:190} INFO - [2026-05-08T21:50:42.679+0000] {dag.py:4180} INFO - Setting next_dagrun for example_setup_teardown to None, run_after=None
[2026-05-08T21:50:42.697+0000] {processor.py:208} INFO - Processing /home/airflow/.local/lib/python3.12/site-packages/airflow/example_dags/example_setup_teardown.py took 0.065 seconds
[2026-05-08T21:51:12.880+0000] {processor.py:186} INFO - Started process (PID=10061) to work on /home/airflow/.local/lib/python3.12/site-packages/airflow/example_dags/example_setup_teardown.py
[2026-05-08T21:51:12.881+0000] {processor.py:914} INFO - Processing file /home/airflow/.local/lib/python3.12/site-packages/airflow/example_dags/example_setup_teardown.py for tasks to queue
[2026-05-08T21:51:12.883+0000] {logging_mixin.py:190} INFO - [2026-05-08T21:51:12.883+0000] {dagbag.py:588} INFO - Filling up the DagBag from /home/airflow/.local/lib/python3.12/site-packages/airflow/example_dags/example_setup_teardown.py
[2026-05-08T21:51:12.890+0000] {processor.py:925} INFO - DAG(s) 'example_setup_teardown' retrieved from /home/airflow/.local/lib/python3.12/site-packages/airflow/example_dags/example_setup_teardown.py
[2026-05-08T21:51:12.906+0000] {logging_mixin.py:190} INFO - [2026-05-08T21:51:12.906+0000] {dag.py:3239} INFO - Sync 1 DAGs
[2026-05-08T21:51:12.919+0000] {logging_mixin.py:190} INFO - [2026-05-08T21:51:12.919+0000] {dag.py:4180} INFO - Setting next_dagrun for example_setup_teardown to None, run_after=None
[2026-05-08T21:51:12.933+0000] {processor.py:208} INFO - Processing /home/airflow/.local/lib/python3.12/site-packages/airflow/example_dags/example_setup_teardown.py took 0.058 seconds
[2026-05-08T21:51:43.428+0000] {processor.py:186} INFO - Started process (PID=10124) to work on /home/airflow/.local/lib/python3.12/site-packages/airflow/example_dags/example_setup_teardown.py
[2026-05-08T21:51:43.429+0000] {processor.py:914} INFO - Processing file /home/airflow/.local/lib/python3.12/site-packages/airflow/example_dags/example_setup_teardown.py for tasks to queue
[2026-05-08T21:51:43.430+0000] {logging_mixin.py:190} INFO - [2026-05-08T21:51:43.430+0000] {dagbag.py:588} INFO - Filling up the DagBag from /home/airflow/.local/lib/python3.12/site-packages/airflow/example_dags/example_setup_teardown.py
[2026-05-08T21:51:43.438+0000] {processor.py:925} INFO - DAG(s) 'example_setup_teardown' retrieved from /home/airflow/.local/lib/python3.12/site-packages/airflow/example_dags/example_setup_teardown.py
[2026-05-08T21:51:43.453+0000] {logging_mixin.py:190} INFO - [2026-05-08T21:51:43.453+0000] {dag.py:3239} INFO - Sync 1 DAGs
[2026-05-08T21:51:43.463+0000] {logging_mixin.py:190} INFO - [2026-05-08T21:51:43.463+0000] {dag.py:4180} INFO - Setting next_dagrun for example_setup_teardown to None, run_after=None
[2026-05-08T21:51:43.479+0000] {processor.py:208} INFO - Processing /home/airflow/.local/lib/python3.12/site-packages/airflow/example_dags/example_setup_teardown.py took 0.056 seconds
[2026-05-08T21:52:13.572+0000] {processor.py:186} INFO - Started process (PID=10187) to work on /home/airflow/.local/lib/python3.12/site-packages/airflow/example_dags/example_setup_teardown.py
[2026-05-08T21:52:13.573+0000] {processor.py:914} INFO - Processing file /home/airflow/.local/lib/python3.12/site-packages/airflow/example_dags/example_setup_teardown.py for tasks to queue
[2026-05-08T21:52:13.575+0000] {logging_mixin.py:190} INFO - [2026-05-08T21:52:13.575+0000] {dagbag.py:588} INFO - Filling up the DagBag from /home/airflow/.local/lib/python3.12/site-packages/airflow/example_dags/example_setup_teardown.py
[2026-05-08T21:52:13.584+0000] {processor.py:925} INFO - DAG(s) 'example_setup_teardown' retrieved from /home/airflow/.local/lib/python3.12/site-packages/airflow/example_dags/example_setup_teardown.py
[2026-05-08T21:52:13.600+0000] {logging_mixin.py:190} INFO - [2026-05-08T21:52:13.600+0000] {dag.py:3239} INFO - Sync 1 DAGs
[2026-05-08T21:52:13.612+0000] {logging_mixin.py:190} INFO - [2026-05-08T21:52:13.611+0000] {dag.py:4180} INFO - Setting next_dagrun for example_setup_teardown to None, run_after=None
[2026-05-08T21:52:13.626+0000] {processor.py:208} INFO - Processing /home/airflow/.local/lib/python3.12/site-packages/airflow/example_dags/example_setup_teardown.py took 0.060 seconds
[2026-05-08T21:52:43.879+0000] {processor.py:186} INFO - Started process (PID=10249) to work on /home/airflow/.local/lib/python3.12/site-packages/airflow/example_dags/example_setup_teardown.py
[2026-05-08T21:52:43.879+0000] {processor.py:914} INFO - Processing file /home/airflow/.local/lib/python3.12/site-packages/airflow/example_dags/example_setup_teardown.py for tasks to queue
[2026-05-08T21:52:43.882+0000] {logging_mixin.py:190} INFO - [2026-05-08T21:52:43.881+0000] {dagbag.py:588} INFO - Filling up the DagBag from /home/airflow/.local/lib/python3.12/site-packages/airflow/example_dags/example_setup_teardown.py
[2026-05-08T21:52:43.889+0000] {processor.py:925} INFO - DAG(s) 'example_setup_teardown' retrieved from /home/airflow/.local/lib/python3.12/site-packages/airflow/example_dags/example_setup_teardown.py
[2026-05-08T21:52:43.910+0000] {logging_mixin.py:190} INFO - [2026-05-08T21:52:43.909+0000] {dag.py:3239} INFO - Sync 1 DAGs
[2026-05-08T21:52:43.927+0000] {logging_mixin.py:190} INFO - [2026-05-08T21:52:43.927+0000] {dag.py:4180} INFO - Setting next_dagrun for example_setup_teardown to None, run_after=None
[2026-05-08T21:52:43.946+0000] {processor.py:208} INFO - Processing /home/airflow/.local/lib/python3.12/site-packages/airflow/example_dags/example_setup_teardown.py took 0.078 seconds
[2026-05-08T21:53:14.830+0000] {processor.py:186} INFO - Started process (PID=10313) to work on /home/airflow/.local/lib/python3.12/site-packages/airflow/example_dags/example_setup_teardown.py
[2026-05-08T21:53:14.830+0000] {processor.py:914} INFO - Processing file /home/airflow/.local/lib/python3.12/site-packages/airflow/example_dags/example_setup_teardown.py for tasks to queue
[2026-05-08T21:53:14.832+0000] {logging_mixin.py:190} INFO - [2026-05-08T21:53:14.832+0000] {dagbag.py:588} INFO - Filling up the DagBag from /home/airflow/.local/lib/python3.12/site-packages/airflow/example_dags/example_setup_teardown.py
[2026-05-08T21:53:14.840+0000] {processor.py:925} INFO - DAG(s) 'example_setup_teardown' retrieved from /home/airflow/.local/lib/python3.12/site-packages/airflow/example_dags/example_setup_teardown.py
[2026-05-08T21:53:14.855+0000] {logging_mixin.py:190} INFO - [2026-05-08T21:53:14.854+0000] {dag.py:3239} INFO - Sync 1 DAGs
[2026-05-08T21:53:14.866+0000] {logging_mixin.py:190} INFO - [2026-05-08T21:53:14.866+0000] {dag.py:4180} INFO - Setting next_dagrun for example_setup_teardown to None, run_after=None
[2026-05-08T21:53:14.883+0000] {processor.py:208} INFO - Processing /home/airflow/.local/lib/python3.12/site-packages/airflow/example_dags/example_setup_teardown.py took 0.058 seconds
[2026-05-08T21:53:45.802+0000] {processor.py:186} INFO - Started process (PID=10377) to work on /home/airflow/.local/lib/python3.12/site-packages/airflow/example_dags/example_setup_teardown.py
[2026-05-08T21:53:45.803+0000] {processor.py:914} INFO - Processing file /home/airflow/.local/lib/python3.12/site-packages/airflow/example_dags/example_setup_teardown.py for tasks to queue
[2026-05-08T21:53:45.805+0000] {logging_mixin.py:190} INFO - [2026-05-08T21:53:45.805+0000] {dagbag.py:588} INFO - Filling up the DagBag from /home/airflow/.local/lib/python3.12/site-packages/airflow/example_dags/example_setup_teardown.py
[2026-05-08T21:53:45.815+0000] {processor.py:925} INFO - DAG(s) 'example_setup_teardown' retrieved from /home/airflow/.local/lib/python3.12/site-packages/airflow/example_dags/example_setup_teardown.py
[2026-05-08T21:53:45.837+0000] {logging_mixin.py:190} INFO - [2026-05-08T21:53:45.836+0000] {dag.py:3239} INFO - Sync 1 DAGs
[2026-05-08T21:53:45.854+0000] {logging_mixin.py:190} INFO - [2026-05-08T21:53:45.854+0000] {dag.py:4180} INFO - Setting next_dagrun for example_setup_teardown to None, run_after=None
[2026-05-08T21:53:45.882+0000] {processor.py:208} INFO - Processing /home/airflow/.local/lib/python3.12/site-packages/airflow/example_dags/example_setup_teardown.py took 0.086 seconds
[2026-05-08T21:54:16.415+0000] {processor.py:186} INFO - Started process (PID=10441) to work on /home/airflow/.local/lib/python3.12/site-packages/airflow/example_dags/example_setup_teardown.py
[2026-05-08T21:54:16.416+0000] {processor.py:914} INFO - Processing file /home/airflow/.local/lib/python3.12/site-packages/airflow/example_dags/example_setup_teardown.py for tasks to queue
[2026-05-08T21:54:16.418+0000] {logging_mixin.py:190} INFO - [2026-05-08T21:54:16.418+0000] {dagbag.py:588} INFO - Filling up the DagBag from /home/airflow/.local/lib/python3.12/site-packages/airflow/example_dags/example_setup_teardown.py
[2026-05-08T21:54:16.426+0000] {processor.py:925} INFO - DAG(s) 'example_setup_teardown' retrieved from /home/airflow/.local/lib/python3.12/site-packages/airflow/example_dags/example_setup_teardown.py
[2026-05-08T21:54:16.440+0000] {logging_mixin.py:190} INFO - [2026-05-08T21:54:16.440+0000] {dag.py:3239} INFO - Sync 1 DAGs
[2026-05-08T21:54:16.454+0000] {logging_mixin.py:190} INFO - [2026-05-08T21:54:16.453+0000] {dag.py:4180} INFO - Setting next_dagrun for example_setup_teardown to None, run_after=None
[2026-05-08T21:54:16.471+0000] {processor.py:208} INFO - Processing /home/airflow/.local/lib/python3.12/site-packages/airflow/example_dags/example_setup_teardown.py took 0.061 seconds
[2026-05-08T21:54:47.274+0000] {processor.py:186} INFO - Started process (PID=10505) to work on /home/airflow/.local/lib/python3.12/site-packages/airflow/example_dags/example_setup_teardown.py
[2026-05-08T21:54:47.275+0000] {processor.py:914} INFO - Processing file /home/airflow/.local/lib/python3.12/site-packages/airflow/example_dags/example_setup_teardown.py for tasks to queue
[2026-05-08T21:54:47.277+0000] {logging_mixin.py:190} INFO - [2026-05-08T21:54:47.276+0000] {dagbag.py:588} INFO - Filling up the DagBag from /home/airflow/.local/lib/python3.12/site-packages/airflow/example_dags/example_setup_teardown.py
[2026-05-08T21:54:47.285+0000] {processor.py:925} INFO - DAG(s) 'example_setup_teardown' retrieved from /home/airflow/.local/lib/python3.12/site-packages/airflow/example_dags/example_setup_teardown.py
[2026-05-08T21:54:47.303+0000] {logging_mixin.py:190} INFO - [2026-05-08T21:54:47.303+0000] {dag.py:3239} INFO - Sync 1 DAGs
[2026-05-08T21:54:47.319+0000] {logging_mixin.py:190} INFO - [2026-05-08T21:54:47.318+0000] {dag.py:4180} INFO - Setting next_dagrun for example_setup_teardown to None, run_after=None
[2026-05-08T21:54:47.337+0000] {processor.py:208} INFO - Processing /home/airflow/.local/lib/python3.12/site-packages/airflow/example_dags/example_setup_teardown.py took 0.069 seconds
[2026-05-08T21:55:17.476+0000] {processor.py:186} INFO - Started process (PID=10569) to work on /home/airflow/.local/lib/python3.12/site-packages/airflow/example_dags/example_setup_teardown.py
[2026-05-08T21:55:17.477+0000] {processor.py:914} INFO - Processing file /home/airflow/.local/lib/python3.12/site-packages/airflow/example_dags/example_setup_teardown.py for tasks to queue
[2026-05-08T21:55:17.478+0000] {logging_mixin.py:190} INFO - [2026-05-08T21:55:17.478+0000] {dagbag.py:588} INFO - Filling up the DagBag from /home/airflow/.local/lib/python3.12/site-packages/airflow/example_dags/example_setup_teardown.py
[2026-05-08T21:55:17.486+0000] {processor.py:925} INFO - DAG(s) 'example_setup_teardown' retrieved from /home/airflow/.local/lib/python3.12/site-packages/airflow/example_dags/example_setup_teardown.py
[2026-05-08T21:55:17.505+0000] {logging_mixin.py:190} INFO - [2026-05-08T21:55:17.505+0000] {dag.py:3239} INFO - Sync 1 DAGs
[2026-05-08T21:55:17.519+0000] {logging_mixin.py:190} INFO - [2026-05-08T21:55:17.519+0000] {dag.py:4180} INFO - Setting next_dagrun for example_setup_teardown to None, run_after=None
[2026-05-08T21:55:17.535+0000] {processor.py:208} INFO - Processing /home/airflow/.local/lib/python3.12/site-packages/airflow/example_dags/example_setup_teardown.py took 0.065 seconds
[2026-05-08T21:55:48.094+0000] {processor.py:186} INFO - Started process (PID=10616) to work on /home/airflow/.local/lib/python3.12/site-packages/airflow/example_dags/example_setup_teardown.py
[2026-05-08T21:55:48.095+0000] {processor.py:914} INFO - Processing file /home/airflow/.local/lib/python3.12/site-packages/airflow/example_dags/example_setup_teardown.py for tasks to queue
[2026-05-08T21:55:48.097+0000] {logging_mixin.py:190} INFO - [2026-05-08T21:55:48.097+0000] {dagbag.py:588} INFO - Filling up the DagBag from /home/airflow/.local/lib/python3.12/site-packages/airflow/example_dags/example_setup_teardown.py
[2026-05-08T21:55:48.107+0000] {processor.py:925} INFO - DAG(s) 'example_setup_teardown' retrieved from /home/airflow/.local/lib/python3.12/site-packages/airflow/example_dags/example_setup_teardown.py
[2026-05-08T21:55:48.132+0000] {logging_mixin.py:190} INFO - [2026-05-08T21:55:48.132+0000] {dag.py:3239} INFO - Sync 1 DAGs
[2026-05-08T21:55:48.148+0000] {logging_mixin.py:190} INFO - [2026-05-08T21:55:48.148+0000] {dag.py:4180} INFO - Setting next_dagrun for example_setup_teardown to None, run_after=None
[2026-05-08T21:55:48.325+0000] {processor.py:208} INFO - Processing /home/airflow/.local/lib/python3.12/site-packages/airflow/example_dags/example_setup_teardown.py took 0.239 seconds
[2026-05-08T21:56:19.138+0000] {processor.py:186} INFO - Started process (PID=10680) to work on /home/airflow/.local/lib/python3.12/site-packages/airflow/example_dags/example_setup_teardown.py
[2026-05-08T21:56:19.139+0000] {processor.py:914} INFO - Processing file /home/airflow/.local/lib/python3.12/site-packages/airflow/example_dags/example_setup_teardown.py for tasks to queue
[2026-05-08T21:56:19.141+0000] {logging_mixin.py:190} INFO - [2026-05-08T21:56:19.141+0000] {dagbag.py:588} INFO - Filling up the DagBag from /home/airflow/.local/lib/python3.12/site-packages/airflow/example_dags/example_setup_teardown.py
[2026-05-08T21:56:19.149+0000] {processor.py:925} INFO - DAG(s) 'example_setup_teardown' retrieved from /home/airflow/.local/lib/python3.12/site-packages/airflow/example_dags/example_setup_teardown.py
[2026-05-08T21:56:19.170+0000] {logging_mixin.py:190} INFO - [2026-05-08T21:56:19.169+0000] {dag.py:3239} INFO - Sync 1 DAGs
[2026-05-08T21:56:19.185+0000] {logging_mixin.py:190} INFO - [2026-05-08T21:56:19.185+0000] {dag.py:4180} INFO - Setting next_dagrun for example_setup_teardown to None, run_after=None
[2026-05-08T21:56:19.358+0000] {processor.py:208} INFO - Processing /home/airflow/.local/lib/python3.12/site-packages/airflow/example_dags/example_setup_teardown.py took 0.226 seconds
[2026-05-08T21:56:50.147+0000] {processor.py:186} INFO - Started process (PID=10744) to work on /home/airflow/.local/lib/python3.12/site-packages/airflow/example_dags/example_setup_teardown.py
[2026-05-08T21:56:50.148+0000] {processor.py:914} INFO - Processing file /home/airflow/.local/lib/python3.12/site-packages/airflow/example_dags/example_setup_teardown.py for tasks to queue
[2026-05-08T21:56:50.150+0000] {logging_mixin.py:190} INFO - [2026-05-08T21:56:50.149+0000] {dagbag.py:588} INFO - Filling up the DagBag from /home/airflow/.local/lib/python3.12/site-packages/airflow/example_dags/example_setup_teardown.py
[2026-05-08T21:56:50.156+0000] {processor.py:925} INFO - DAG(s) 'example_setup_teardown' retrieved from /home/airflow/.local/lib/python3.12/site-packages/airflow/example_dags/example_setup_teardown.py
[2026-05-08T21:56:50.173+0000] {logging_mixin.py:190} INFO - [2026-05-08T21:56:50.172+0000] {dag.py:3239} INFO - Sync 1 DAGs
[2026-05-08T21:56:50.184+0000] {logging_mixin.py:190} INFO - [2026-05-08T21:56:50.183+0000] {dag.py:4180} INFO - Setting next_dagrun for example_setup_teardown to None, run_after=None
[2026-05-08T21:56:50.198+0000] {processor.py:208} INFO - Processing /home/airflow/.local/lib/python3.12/site-packages/airflow/example_dags/example_setup_teardown.py took 0.055 seconds
[2026-05-08T21:57:21.183+0000] {processor.py:186} INFO - Started process (PID=10807) to work on /home/airflow/.local/lib/python3.12/site-packages/airflow/example_dags/example_setup_teardown.py
[2026-05-08T21:57:21.184+0000] {processor.py:914} INFO - Processing file /home/airflow/.local/lib/python3.12/site-packages/airflow/example_dags/example_setup_teardown.py for tasks to queue
[2026-05-08T21:57:21.186+0000] {logging_mixin.py:190} INFO - [2026-05-08T21:57:21.185+0000] {dagbag.py:588} INFO - Filling up the DagBag from /home/airflow/.local/lib/python3.12/site-packages/airflow/example_dags/example_setup_teardown.py
[2026-05-08T21:57:21.199+0000] {processor.py:925} INFO - DAG(s) 'example_setup_teardown' retrieved from /home/airflow/.local/lib/python3.12/site-packages/airflow/example_dags/example_setup_teardown.py
[2026-05-08T21:57:21.246+0000] {logging_mixin.py:190} INFO - [2026-05-08T21:57:21.245+0000] {dag.py:3239} INFO - Sync 1 DAGs
[2026-05-08T21:57:21.278+0000] {logging_mixin.py:190} INFO - [2026-05-08T21:57:21.278+0000] {dag.py:4180} INFO - Setting next_dagrun for example_setup_teardown to None, run_after=None
[2026-05-08T21:57:21.296+0000] {processor.py:208} INFO - Processing /home/airflow/.local/lib/python3.12/site-packages/airflow/example_dags/example_setup_teardown.py took 0.120 seconds
[2026-05-08T21:57:51.816+0000] {processor.py:186} INFO - Started process (PID=10871) to work on /home/airflow/.local/lib/python3.12/site-packages/airflow/example_dags/example_setup_teardown.py
[2026-05-08T21:57:51.817+0000] {processor.py:914} INFO - Processing file /home/airflow/.local/lib/python3.12/site-packages/airflow/example_dags/example_setup_teardown.py for tasks to queue
[2026-05-08T21:57:51.818+0000] {logging_mixin.py:190} INFO - [2026-05-08T21:57:51.818+0000] {dagbag.py:588} INFO - Filling up the DagBag from /home/airflow/.local/lib/python3.12/site-packages/airflow/example_dags/example_setup_teardown.py
[2026-05-08T21:57:51.825+0000] {processor.py:925} INFO - DAG(s) 'example_setup_teardown' retrieved from /home/airflow/.local/lib/python3.12/site-packages/airflow/example_dags/example_setup_teardown.py
[2026-05-08T21:57:51.842+0000] {logging_mixin.py:190} INFO - [2026-05-08T21:57:51.842+0000] {dag.py:3239} INFO - Sync 1 DAGs
[2026-05-08T21:57:51.856+0000] {logging_mixin.py:190} INFO - [2026-05-08T21:57:51.856+0000] {dag.py:4180} INFO - Setting next_dagrun for example_setup_teardown to None, run_after=None
[2026-05-08T21:57:51.875+0000] {processor.py:208} INFO - Processing /home/airflow/.local/lib/python3.12/site-packages/airflow/example_dags/example_setup_teardown.py took 0.063 seconds
[2026-05-08T21:58:21.967+0000] {processor.py:186} INFO - Started process (PID=10935) to work on /home/airflow/.local/lib/python3.12/site-packages/airflow/example_dags/example_setup_teardown.py
[2026-05-08T21:58:21.968+0000] {processor.py:914} INFO - Processing file /home/airflow/.local/lib/python3.12/site-packages/airflow/example_dags/example_setup_teardown.py for tasks to queue
[2026-05-08T21:58:21.970+0000] {logging_mixin.py:190} INFO - [2026-05-08T21:58:21.970+0000] {dagbag.py:588} INFO - Filling up the DagBag from /home/airflow/.local/lib/python3.12/site-packages/airflow/example_dags/example_setup_teardown.py
[2026-05-08T21:58:21.977+0000] {processor.py:925} INFO - DAG(s) 'example_setup_teardown' retrieved from /home/airflow/.local/lib/python3.12/site-packages/airflow/example_dags/example_setup_teardown.py
[2026-05-08T21:58:21.992+0000] {logging_mixin.py:190} INFO - [2026-05-08T21:58:21.992+0000] {dag.py:3239} INFO - Sync 1 DAGs
[2026-05-08T21:58:22.004+0000] {logging_mixin.py:190} INFO - [2026-05-08T21:58:22.003+0000] {dag.py:4180} INFO - Setting next_dagrun for example_setup_teardown to None, run_after=None
[2026-05-08T21:58:22.017+0000] {processor.py:208} INFO - Processing /home/airflow/.local/lib/python3.12/site-packages/airflow/example_dags/example_setup_teardown.py took 0.054 seconds
[2026-05-08T21:58:52.731+0000] {processor.py:186} INFO - Started process (PID=10986) to work on /home/airflow/.local/lib/python3.12/site-packages/airflow/example_dags/example_setup_teardown.py
[2026-05-08T21:58:52.731+0000] {processor.py:914} INFO - Processing file /home/airflow/.local/lib/python3.12/site-packages/airflow/example_dags/example_setup_teardown.py for tasks to queue
[2026-05-08T21:58:52.733+0000] {logging_mixin.py:190} INFO - [2026-05-08T21:58:52.733+0000] {dagbag.py:588} INFO - Filling up the DagBag from /home/airflow/.local/lib/python3.12/site-packages/airflow/example_dags/example_setup_teardown.py
[2026-05-08T21:58:52.740+0000] {processor.py:925} INFO - DAG(s) 'example_setup_teardown' retrieved from /home/airflow/.local/lib/python3.12/site-packages/airflow/example_dags/example_setup_teardown.py
[2026-05-08T21:58:52.758+0000] {logging_mixin.py:190} INFO - [2026-05-08T21:58:52.758+0000] {dag.py:3239} INFO - Sync 1 DAGs
[2026-05-08T21:58:52.770+0000] {logging_mixin.py:190} INFO - [2026-05-08T21:58:52.770+0000] {dag.py:4180} INFO - Setting next_dagrun for example_setup_teardown to None, run_after=None
[2026-05-08T21:58:52.785+0000] {processor.py:208} INFO - Processing /home/airflow/.local/lib/python3.12/site-packages/airflow/example_dags/example_setup_teardown.py took 0.058 seconds
[2026-05-08T21:59:23.832+0000] {processor.py:186} INFO - Started process (PID=11050) to work on /home/airflow/.local/lib/python3.12/site-packages/airflow/example_dags/example_setup_teardown.py
[2026-05-08T21:59:23.833+0000] {processor.py:914} INFO - Processing file /home/airflow/.local/lib/python3.12/site-packages/airflow/example_dags/example_setup_teardown.py for tasks to queue
[2026-05-08T21:59:23.835+0000] {logging_mixin.py:190} INFO - [2026-05-08T21:59:23.834+0000] {dagbag.py:588} INFO - Filling up the DagBag from /home/airflow/.local/lib/python3.12/site-packages/airflow/example_dags/example_setup_teardown.py
[2026-05-08T21:59:23.841+0000] {processor.py:925} INFO - DAG(s) 'example_setup_teardown' retrieved from /home/airflow/.local/lib/python3.12/site-packages/airflow/example_dags/example_setup_teardown.py
[2026-05-08T21:59:23.857+0000] {logging_mixin.py:190} INFO - [2026-05-08T21:59:23.857+0000] {dag.py:3239} INFO - Sync 1 DAGs
[2026-05-08T21:59:23.873+0000] {logging_mixin.py:190} INFO - [2026-05-08T21:59:23.873+0000] {dag.py:4180} INFO - Setting next_dagrun for example_setup_teardown to None, run_after=None
[2026-05-08T21:59:23.888+0000] {processor.py:208} INFO - Processing /home/airflow/.local/lib/python3.12/site-packages/airflow/example_dags/example_setup_teardown.py took 0.060 seconds
[2026-05-08T21:59:55.142+0000] {processor.py:186} INFO - Started process (PID=11114) to work on /home/airflow/.local/lib/python3.12/site-packages/airflow/example_dags/example_setup_teardown.py
[2026-05-08T21:59:55.143+0000] {processor.py:914} INFO - Processing file /home/airflow/.local/lib/python3.12/site-packages/airflow/example_dags/example_setup_teardown.py for tasks to queue
[2026-05-08T21:59:55.146+0000] {logging_mixin.py:190} INFO - [2026-05-08T21:59:55.146+0000] {dagbag.py:588} INFO - Filling up the DagBag from /home/airflow/.local/lib/python3.12/site-packages/airflow/example_dags/example_setup_teardown.py
[2026-05-08T21:59:55.154+0000] {processor.py:925} INFO - DAG(s) 'example_setup_teardown' retrieved from /home/airflow/.local/lib/python3.12/site-packages/airflow/example_dags/example_setup_teardown.py
[2026-05-08T21:59:55.176+0000] {logging_mixin.py:190} INFO - [2026-05-08T21:59:55.176+0000] {dag.py:3239} INFO - Sync 1 DAGs
[2026-05-08T21:59:55.193+0000] {logging_mixin.py:190} INFO - [2026-05-08T21:59:55.193+0000] {dag.py:4180} INFO - Setting next_dagrun for example_setup_teardown to None, run_after=None
[2026-05-08T21:59:55.214+0000] {processor.py:208} INFO - Processing /home/airflow/.local/lib/python3.12/site-packages/airflow/example_dags/example_setup_teardown.py took 0.078 seconds
[2026-05-08T22:00:26.497+0000] {processor.py:186} INFO - Started process (PID=11178) to work on /home/airflow/.local/lib/python3.12/site-packages/airflow/example_dags/example_setup_teardown.py
[2026-05-08T22:00:26.498+0000] {processor.py:914} INFO - Processing file /home/airflow/.local/lib/python3.12/site-packages/airflow/example_dags/example_setup_teardown.py for tasks to queue
[2026-05-08T22:00:26.501+0000] {logging_mixin.py:190} INFO - [2026-05-08T22:00:26.501+0000] {dagbag.py:588} INFO - Filling up the DagBag from /home/airflow/.local/lib/python3.12/site-packages/airflow/example_dags/example_setup_teardown.py
[2026-05-08T22:00:26.509+0000] {processor.py:925} INFO - DAG(s) 'example_setup_teardown' retrieved from /home/airflow/.local/lib/python3.12/site-packages/airflow/example_dags/example_setup_teardown.py
[2026-05-08T22:00:26.536+0000] {logging_mixin.py:190} INFO - [2026-05-08T22:00:26.536+0000] {dag.py:3239} INFO - Sync 1 DAGs
[2026-05-08T22:00:26.554+0000] {logging_mixin.py:190} INFO - [2026-05-08T22:00:26.554+0000] {dag.py:4180} INFO - Setting next_dagrun for example_setup_teardown to None, run_after=None
[2026-05-08T22:00:26.582+0000] {processor.py:208} INFO - Processing /home/airflow/.local/lib/python3.12/site-packages/airflow/example_dags/example_setup_teardown.py took 0.092 seconds
[2026-05-08T22:00:57.314+0000] {processor.py:186} INFO - Started process (PID=11242) to work on /home/airflow/.local/lib/python3.12/site-packages/airflow/example_dags/example_setup_teardown.py
[2026-05-08T22:00:57.315+0000] {processor.py:914} INFO - Processing file /home/airflow/.local/lib/python3.12/site-packages/airflow/example_dags/example_setup_teardown.py for tasks to queue
[2026-05-08T22:00:57.317+0000] {logging_mixin.py:190} INFO - [2026-05-08T22:00:57.317+0000] {dagbag.py:588} INFO - Filling up the DagBag from /home/airflow/.local/lib/python3.12/site-packages/airflow/example_dags/example_setup_teardown.py
[2026-05-08T22:00:57.324+0000] {processor.py:925} INFO - DAG(s) 'example_setup_teardown' retrieved from /home/airflow/.local/lib/python3.12/site-packages/airflow/example_dags/example_setup_teardown.py
[2026-05-08T22:00:57.343+0000] {logging_mixin.py:190} INFO - [2026-05-08T22:00:57.342+0000] {dag.py:3239} INFO - Sync 1 DAGs
[2026-05-08T22:00:57.359+0000] {logging_mixin.py:190} INFO - [2026-05-08T22:00:57.358+0000] {dag.py:4180} INFO - Setting next_dagrun for example_setup_teardown to None, run_after=None
[2026-05-08T22:00:57.374+0000] {processor.py:208} INFO - Processing /home/airflow/.local/lib/python3.12/site-packages/airflow/example_dags/example_setup_teardown.py took 0.065 seconds
[2026-05-08T22:01:28.773+0000] {processor.py:186} INFO - Started process (PID=11306) to work on /home/airflow/.local/lib/python3.12/site-packages/airflow/example_dags/example_setup_teardown.py
[2026-05-08T22:01:28.774+0000] {processor.py:914} INFO - Processing file /home/airflow/.local/lib/python3.12/site-packages/airflow/example_dags/example_setup_teardown.py for tasks to queue
[2026-05-08T22:01:28.776+0000] {logging_mixin.py:190} INFO - [2026-05-08T22:01:28.776+0000] {dagbag.py:588} INFO - Filling up the DagBag from /home/airflow/.local/lib/python3.12/site-packages/airflow/example_dags/example_setup_teardown.py
[2026-05-08T22:01:28.785+0000] {processor.py:925} INFO - DAG(s) 'example_setup_teardown' retrieved from /home/airflow/.local/lib/python3.12/site-packages/airflow/example_dags/example_setup_teardown.py
[2026-05-08T22:01:28.805+0000] {logging_mixin.py:190} INFO - [2026-05-08T22:01:28.805+0000] {dag.py:3239} INFO - Sync 1 DAGs
[2026-05-08T22:01:28.820+0000] {logging_mixin.py:190} INFO - [2026-05-08T22:01:28.820+0000] {dag.py:4180} INFO - Setting next_dagrun for example_setup_teardown to None, run_after=None
[2026-05-08T22:01:28.836+0000] {processor.py:208} INFO - Processing /home/airflow/.local/lib/python3.12/site-packages/airflow/example_dags/example_setup_teardown.py took 0.068 seconds
[2026-05-08T22:01:59.419+0000] {processor.py:186} INFO - Started process (PID=11370) to work on /home/airflow/.local/lib/python3.12/site-packages/airflow/example_dags/example_setup_teardown.py
[2026-05-08T22:01:59.420+0000] {processor.py:914} INFO - Processing file /home/airflow/.local/lib/python3.12/site-packages/airflow/example_dags/example_setup_teardown.py for tasks to queue
[2026-05-08T22:01:59.422+0000] {logging_mixin.py:190} INFO - [2026-05-08T22:01:59.421+0000] {dagbag.py:588} INFO - Filling up the DagBag from /home/airflow/.local/lib/python3.12/site-packages/airflow/example_dags/example_setup_teardown.py
[2026-05-08T22:01:59.429+0000] {processor.py:925} INFO - DAG(s) 'example_setup_teardown' retrieved from /home/airflow/.local/lib/python3.12/site-packages/airflow/example_dags/example_setup_teardown.py
[2026-05-08T22:01:59.447+0000] {logging_mixin.py:190} INFO - [2026-05-08T22:01:59.446+0000] {dag.py:3239} INFO - Sync 1 DAGs
[2026-05-08T22:01:59.461+0000] {logging_mixin.py:190} INFO - [2026-05-08T22:01:59.461+0000] {dag.py:4180} INFO - Setting next_dagrun for example_setup_teardown to None, run_after=None
[2026-05-08T22:01:59.475+0000] {processor.py:208} INFO - Processing /home/airflow/.local/lib/python3.12/site-packages/airflow/example_dags/example_setup_teardown.py took 0.061 seconds
