[2026-05-08T20:31:20.193+0000] {processor.py:186} INFO - Started process (PID=95) to work on /home/airflow/.local/lib/python3.12/site-packages/airflow/example_dags/example_trigger_controller_dag.py
[2026-05-08T20:31:20.197+0000] {processor.py:914} INFO - Processing file /home/airflow/.local/lib/python3.12/site-packages/airflow/example_dags/example_trigger_controller_dag.py for tasks to queue
[2026-05-08T20:31:20.200+0000] {logging_mixin.py:190} INFO - [2026-05-08T20:31:20.199+0000] {dagbag.py:588} INFO - Filling up the DagBag from /home/airflow/.local/lib/python3.12/site-packages/airflow/example_dags/example_trigger_controller_dag.py
[2026-05-08T20:31:20.217+0000] {processor.py:925} INFO - DAG(s) 'example_trigger_controller_dag' retrieved from /home/airflow/.local/lib/python3.12/site-packages/airflow/example_dags/example_trigger_controller_dag.py
[2026-05-08T20:31:20.255+0000] {logging_mixin.py:190} INFO - [2026-05-08T20:31:20.255+0000] {dag.py:3239} INFO - Sync 1 DAGs
[2026-05-08T20:31:20.294+0000] {logging_mixin.py:190} INFO - [2026-05-08T20:31:20.294+0000] {dag.py:4180} INFO - Setting next_dagrun for example_trigger_controller_dag to 2021-01-01 00:00:00+00:00, run_after=2021-01-01 00:00:00+00:00
[2026-05-08T20:31:20.319+0000] {processor.py:208} INFO - Processing /home/airflow/.local/lib/python3.12/site-packages/airflow/example_dags/example_trigger_controller_dag.py took 0.139 seconds
[2026-05-08T20:31:51.134+0000] {processor.py:186} INFO - Started process (PID=158) to work on /home/airflow/.local/lib/python3.12/site-packages/airflow/example_dags/example_trigger_controller_dag.py
[2026-05-08T20:31:51.135+0000] {processor.py:914} INFO - Processing file /home/airflow/.local/lib/python3.12/site-packages/airflow/example_dags/example_trigger_controller_dag.py for tasks to queue
[2026-05-08T20:31:51.136+0000] {logging_mixin.py:190} INFO - [2026-05-08T20:31:51.136+0000] {dagbag.py:588} INFO - Filling up the DagBag from /home/airflow/.local/lib/python3.12/site-packages/airflow/example_dags/example_trigger_controller_dag.py
[2026-05-08T20:31:51.142+0000] {processor.py:925} INFO - DAG(s) 'example_trigger_controller_dag' retrieved from /home/airflow/.local/lib/python3.12/site-packages/airflow/example_dags/example_trigger_controller_dag.py
[2026-05-08T20:31:51.157+0000] {logging_mixin.py:190} INFO - [2026-05-08T20:31:51.157+0000] {dag.py:3239} INFO - Sync 1 DAGs
[2026-05-08T20:31:51.178+0000] {logging_mixin.py:190} INFO - [2026-05-08T20:31:51.178+0000] {dag.py:4180} INFO - Setting next_dagrun for example_trigger_controller_dag to 2021-01-01 00:00:00+00:00, run_after=2021-01-01 00:00:00+00:00
[2026-05-08T20:31:51.191+0000] {processor.py:208} INFO - Processing /home/airflow/.local/lib/python3.12/site-packages/airflow/example_dags/example_trigger_controller_dag.py took 0.061 seconds
[2026-05-08T20:32:21.721+0000] {processor.py:186} INFO - Started process (PID=222) to work on /home/airflow/.local/lib/python3.12/site-packages/airflow/example_dags/example_trigger_controller_dag.py
[2026-05-08T20:32:21.722+0000] {processor.py:914} INFO - Processing file /home/airflow/.local/lib/python3.12/site-packages/airflow/example_dags/example_trigger_controller_dag.py for tasks to queue
[2026-05-08T20:32:21.723+0000] {logging_mixin.py:190} INFO - [2026-05-08T20:32:21.723+0000] {dagbag.py:588} INFO - Filling up the DagBag from /home/airflow/.local/lib/python3.12/site-packages/airflow/example_dags/example_trigger_controller_dag.py
[2026-05-08T20:32:21.729+0000] {processor.py:925} INFO - DAG(s) 'example_trigger_controller_dag' retrieved from /home/airflow/.local/lib/python3.12/site-packages/airflow/example_dags/example_trigger_controller_dag.py
[2026-05-08T20:32:21.743+0000] {logging_mixin.py:190} INFO - [2026-05-08T20:32:21.743+0000] {dag.py:3239} INFO - Sync 1 DAGs
[2026-05-08T20:32:21.761+0000] {logging_mixin.py:190} INFO - [2026-05-08T20:32:21.761+0000] {dag.py:4180} INFO - Setting next_dagrun for example_trigger_controller_dag to 2021-01-01 00:00:00+00:00, run_after=2021-01-01 00:00:00+00:00
[2026-05-08T20:32:21.774+0000] {processor.py:208} INFO - Processing /home/airflow/.local/lib/python3.12/site-packages/airflow/example_dags/example_trigger_controller_dag.py took 0.058 seconds
[2026-05-08T20:32:52.485+0000] {processor.py:186} INFO - Started process (PID=286) to work on /home/airflow/.local/lib/python3.12/site-packages/airflow/example_dags/example_trigger_controller_dag.py
[2026-05-08T20:32:52.486+0000] {processor.py:914} INFO - Processing file /home/airflow/.local/lib/python3.12/site-packages/airflow/example_dags/example_trigger_controller_dag.py for tasks to queue
[2026-05-08T20:32:52.488+0000] {logging_mixin.py:190} INFO - [2026-05-08T20:32:52.487+0000] {dagbag.py:588} INFO - Filling up the DagBag from /home/airflow/.local/lib/python3.12/site-packages/airflow/example_dags/example_trigger_controller_dag.py
[2026-05-08T20:32:52.493+0000] {processor.py:925} INFO - DAG(s) 'example_trigger_controller_dag' retrieved from /home/airflow/.local/lib/python3.12/site-packages/airflow/example_dags/example_trigger_controller_dag.py
[2026-05-08T20:32:52.507+0000] {logging_mixin.py:190} INFO - [2026-05-08T20:32:52.507+0000] {dag.py:3239} INFO - Sync 1 DAGs
[2026-05-08T20:32:52.525+0000] {logging_mixin.py:190} INFO - [2026-05-08T20:32:52.525+0000] {dag.py:4180} INFO - Setting next_dagrun for example_trigger_controller_dag to 2021-01-01 00:00:00+00:00, run_after=2021-01-01 00:00:00+00:00
[2026-05-08T20:32:52.538+0000] {processor.py:208} INFO - Processing /home/airflow/.local/lib/python3.12/site-packages/airflow/example_dags/example_trigger_controller_dag.py took 0.057 seconds
[2026-05-08T20:33:22.842+0000] {processor.py:186} INFO - Started process (PID=350) to work on /home/airflow/.local/lib/python3.12/site-packages/airflow/example_dags/example_trigger_controller_dag.py
[2026-05-08T20:33:22.843+0000] {processor.py:914} INFO - Processing file /home/airflow/.local/lib/python3.12/site-packages/airflow/example_dags/example_trigger_controller_dag.py for tasks to queue
[2026-05-08T20:33:22.845+0000] {logging_mixin.py:190} INFO - [2026-05-08T20:33:22.845+0000] {dagbag.py:588} INFO - Filling up the DagBag from /home/airflow/.local/lib/python3.12/site-packages/airflow/example_dags/example_trigger_controller_dag.py
[2026-05-08T20:33:22.852+0000] {processor.py:925} INFO - DAG(s) 'example_trigger_controller_dag' retrieved from /home/airflow/.local/lib/python3.12/site-packages/airflow/example_dags/example_trigger_controller_dag.py
[2026-05-08T20:33:22.872+0000] {logging_mixin.py:190} INFO - [2026-05-08T20:33:22.872+0000] {dag.py:3239} INFO - Sync 1 DAGs
[2026-05-08T20:33:22.902+0000] {logging_mixin.py:190} INFO - [2026-05-08T20:33:22.902+0000] {dag.py:4180} INFO - Setting next_dagrun for example_trigger_controller_dag to 2021-01-01 00:00:00+00:00, run_after=2021-01-01 00:00:00+00:00
[2026-05-08T20:33:22.918+0000] {processor.py:208} INFO - Processing /home/airflow/.local/lib/python3.12/site-packages/airflow/example_dags/example_trigger_controller_dag.py took 0.082 seconds
[2026-05-08T20:33:54.097+0000] {processor.py:186} INFO - Started process (PID=414) to work on /home/airflow/.local/lib/python3.12/site-packages/airflow/example_dags/example_trigger_controller_dag.py
[2026-05-08T20:33:54.098+0000] {processor.py:914} INFO - Processing file /home/airflow/.local/lib/python3.12/site-packages/airflow/example_dags/example_trigger_controller_dag.py for tasks to queue
[2026-05-08T20:33:54.100+0000] {logging_mixin.py:190} INFO - [2026-05-08T20:33:54.099+0000] {dagbag.py:588} INFO - Filling up the DagBag from /home/airflow/.local/lib/python3.12/site-packages/airflow/example_dags/example_trigger_controller_dag.py
[2026-05-08T20:33:54.105+0000] {processor.py:925} INFO - DAG(s) 'example_trigger_controller_dag' retrieved from /home/airflow/.local/lib/python3.12/site-packages/airflow/example_dags/example_trigger_controller_dag.py
[2026-05-08T20:33:54.118+0000] {logging_mixin.py:190} INFO - [2026-05-08T20:33:54.118+0000] {dag.py:3239} INFO - Sync 1 DAGs
[2026-05-08T20:33:54.135+0000] {logging_mixin.py:190} INFO - [2026-05-08T20:33:54.135+0000] {dag.py:4180} INFO - Setting next_dagrun for example_trigger_controller_dag to 2021-01-01 00:00:00+00:00, run_after=2021-01-01 00:00:00+00:00
[2026-05-08T20:33:54.148+0000] {processor.py:208} INFO - Processing /home/airflow/.local/lib/python3.12/site-packages/airflow/example_dags/example_trigger_controller_dag.py took 0.055 seconds
[2026-05-08T20:34:25.419+0000] {processor.py:186} INFO - Started process (PID=478) to work on /home/airflow/.local/lib/python3.12/site-packages/airflow/example_dags/example_trigger_controller_dag.py
[2026-05-08T20:34:25.419+0000] {processor.py:914} INFO - Processing file /home/airflow/.local/lib/python3.12/site-packages/airflow/example_dags/example_trigger_controller_dag.py for tasks to queue
[2026-05-08T20:34:25.421+0000] {logging_mixin.py:190} INFO - [2026-05-08T20:34:25.421+0000] {dagbag.py:588} INFO - Filling up the DagBag from /home/airflow/.local/lib/python3.12/site-packages/airflow/example_dags/example_trigger_controller_dag.py
[2026-05-08T20:34:25.426+0000] {processor.py:925} INFO - DAG(s) 'example_trigger_controller_dag' retrieved from /home/airflow/.local/lib/python3.12/site-packages/airflow/example_dags/example_trigger_controller_dag.py
[2026-05-08T20:34:25.441+0000] {logging_mixin.py:190} INFO - [2026-05-08T20:34:25.440+0000] {dag.py:3239} INFO - Sync 1 DAGs
[2026-05-08T20:34:25.460+0000] {logging_mixin.py:190} INFO - [2026-05-08T20:34:25.459+0000] {dag.py:4180} INFO - Setting next_dagrun for example_trigger_controller_dag to 2021-01-01 00:00:00+00:00, run_after=2021-01-01 00:00:00+00:00
[2026-05-08T20:34:25.474+0000] {processor.py:208} INFO - Processing /home/airflow/.local/lib/python3.12/site-packages/airflow/example_dags/example_trigger_controller_dag.py took 0.061 seconds
[2026-05-08T20:34:56.624+0000] {processor.py:186} INFO - Started process (PID=542) to work on /home/airflow/.local/lib/python3.12/site-packages/airflow/example_dags/example_trigger_controller_dag.py
[2026-05-08T20:34:56.625+0000] {processor.py:914} INFO - Processing file /home/airflow/.local/lib/python3.12/site-packages/airflow/example_dags/example_trigger_controller_dag.py for tasks to queue
[2026-05-08T20:34:56.626+0000] {logging_mixin.py:190} INFO - [2026-05-08T20:34:56.626+0000] {dagbag.py:588} INFO - Filling up the DagBag from /home/airflow/.local/lib/python3.12/site-packages/airflow/example_dags/example_trigger_controller_dag.py
[2026-05-08T20:34:56.632+0000] {processor.py:925} INFO - DAG(s) 'example_trigger_controller_dag' retrieved from /home/airflow/.local/lib/python3.12/site-packages/airflow/example_dags/example_trigger_controller_dag.py
[2026-05-08T20:34:56.647+0000] {logging_mixin.py:190} INFO - [2026-05-08T20:34:56.646+0000] {dag.py:3239} INFO - Sync 1 DAGs
[2026-05-08T20:34:56.665+0000] {logging_mixin.py:190} INFO - [2026-05-08T20:34:56.665+0000] {dag.py:4180} INFO - Setting next_dagrun for example_trigger_controller_dag to 2021-01-01 00:00:00+00:00, run_after=2021-01-01 00:00:00+00:00
[2026-05-08T20:34:56.677+0000] {processor.py:208} INFO - Processing /home/airflow/.local/lib/python3.12/site-packages/airflow/example_dags/example_trigger_controller_dag.py took 0.058 seconds
[2026-05-08T20:35:27.841+0000] {processor.py:186} INFO - Started process (PID=606) to work on /home/airflow/.local/lib/python3.12/site-packages/airflow/example_dags/example_trigger_controller_dag.py
[2026-05-08T20:35:27.841+0000] {processor.py:914} INFO - Processing file /home/airflow/.local/lib/python3.12/site-packages/airflow/example_dags/example_trigger_controller_dag.py for tasks to queue
[2026-05-08T20:35:27.843+0000] {logging_mixin.py:190} INFO - [2026-05-08T20:35:27.843+0000] {dagbag.py:588} INFO - Filling up the DagBag from /home/airflow/.local/lib/python3.12/site-packages/airflow/example_dags/example_trigger_controller_dag.py
[2026-05-08T20:35:27.849+0000] {processor.py:925} INFO - DAG(s) 'example_trigger_controller_dag' retrieved from /home/airflow/.local/lib/python3.12/site-packages/airflow/example_dags/example_trigger_controller_dag.py
[2026-05-08T20:35:27.867+0000] {logging_mixin.py:190} INFO - [2026-05-08T20:35:27.867+0000] {dag.py:3239} INFO - Sync 1 DAGs
[2026-05-08T20:35:27.890+0000] {logging_mixin.py:190} INFO - [2026-05-08T20:35:27.890+0000] {dag.py:4180} INFO - Setting next_dagrun for example_trigger_controller_dag to 2021-01-01 00:00:00+00:00, run_after=2021-01-01 00:00:00+00:00
[2026-05-08T20:35:27.907+0000] {processor.py:208} INFO - Processing /home/airflow/.local/lib/python3.12/site-packages/airflow/example_dags/example_trigger_controller_dag.py took 0.072 seconds
[2026-05-08T20:35:59.338+0000] {processor.py:186} INFO - Started process (PID=670) to work on /home/airflow/.local/lib/python3.12/site-packages/airflow/example_dags/example_trigger_controller_dag.py
[2026-05-08T20:35:59.339+0000] {processor.py:914} INFO - Processing file /home/airflow/.local/lib/python3.12/site-packages/airflow/example_dags/example_trigger_controller_dag.py for tasks to queue
[2026-05-08T20:35:59.340+0000] {logging_mixin.py:190} INFO - [2026-05-08T20:35:59.340+0000] {dagbag.py:588} INFO - Filling up the DagBag from /home/airflow/.local/lib/python3.12/site-packages/airflow/example_dags/example_trigger_controller_dag.py
[2026-05-08T20:35:59.346+0000] {processor.py:925} INFO - DAG(s) 'example_trigger_controller_dag' retrieved from /home/airflow/.local/lib/python3.12/site-packages/airflow/example_dags/example_trigger_controller_dag.py
[2026-05-08T20:35:59.364+0000] {logging_mixin.py:190} INFO - [2026-05-08T20:35:59.364+0000] {dag.py:3239} INFO - Sync 1 DAGs
[2026-05-08T20:35:59.381+0000] {logging_mixin.py:190} INFO - [2026-05-08T20:35:59.381+0000] {dag.py:4180} INFO - Setting next_dagrun for example_trigger_controller_dag to 2021-01-01 00:00:00+00:00, run_after=2021-01-01 00:00:00+00:00
[2026-05-08T20:35:59.394+0000] {processor.py:208} INFO - Processing /home/airflow/.local/lib/python3.12/site-packages/airflow/example_dags/example_trigger_controller_dag.py took 0.060 seconds
[2026-05-08T20:36:30.271+0000] {processor.py:186} INFO - Started process (PID=734) to work on /home/airflow/.local/lib/python3.12/site-packages/airflow/example_dags/example_trigger_controller_dag.py
[2026-05-08T20:36:30.271+0000] {processor.py:914} INFO - Processing file /home/airflow/.local/lib/python3.12/site-packages/airflow/example_dags/example_trigger_controller_dag.py for tasks to queue
[2026-05-08T20:36:30.274+0000] {logging_mixin.py:190} INFO - [2026-05-08T20:36:30.273+0000] {dagbag.py:588} INFO - Filling up the DagBag from /home/airflow/.local/lib/python3.12/site-packages/airflow/example_dags/example_trigger_controller_dag.py
[2026-05-08T20:36:30.280+0000] {processor.py:925} INFO - DAG(s) 'example_trigger_controller_dag' retrieved from /home/airflow/.local/lib/python3.12/site-packages/airflow/example_dags/example_trigger_controller_dag.py
[2026-05-08T20:36:30.298+0000] {logging_mixin.py:190} INFO - [2026-05-08T20:36:30.297+0000] {dag.py:3239} INFO - Sync 1 DAGs
[2026-05-08T20:36:30.320+0000] {logging_mixin.py:190} INFO - [2026-05-08T20:36:30.318+0000] {dag.py:4180} INFO - Setting next_dagrun for example_trigger_controller_dag to 2021-01-01 00:00:00+00:00, run_after=2021-01-01 00:00:00+00:00
[2026-05-08T20:36:30.348+0000] {processor.py:208} INFO - Processing /home/airflow/.local/lib/python3.12/site-packages/airflow/example_dags/example_trigger_controller_dag.py took 0.084 seconds
[2026-05-08T20:37:01.723+0000] {processor.py:186} INFO - Started process (PID=804) to work on /home/airflow/.local/lib/python3.12/site-packages/airflow/example_dags/example_trigger_controller_dag.py
[2026-05-08T20:37:01.724+0000] {processor.py:914} INFO - Processing file /home/airflow/.local/lib/python3.12/site-packages/airflow/example_dags/example_trigger_controller_dag.py for tasks to queue
[2026-05-08T20:37:01.726+0000] {logging_mixin.py:190} INFO - [2026-05-08T20:37:01.726+0000] {dagbag.py:588} INFO - Filling up the DagBag from /home/airflow/.local/lib/python3.12/site-packages/airflow/example_dags/example_trigger_controller_dag.py
[2026-05-08T20:37:01.734+0000] {processor.py:925} INFO - DAG(s) 'example_trigger_controller_dag' retrieved from /home/airflow/.local/lib/python3.12/site-packages/airflow/example_dags/example_trigger_controller_dag.py
[2026-05-08T20:37:01.748+0000] {logging_mixin.py:190} INFO - [2026-05-08T20:37:01.748+0000] {dag.py:3239} INFO - Sync 1 DAGs
[2026-05-08T20:37:01.766+0000] {logging_mixin.py:190} INFO - [2026-05-08T20:37:01.766+0000] {dag.py:4180} INFO - Setting next_dagrun for example_trigger_controller_dag to 2021-01-01 00:00:00+00:00, run_after=2021-01-01 00:00:00+00:00
[2026-05-08T20:37:01.781+0000] {processor.py:208} INFO - Processing /home/airflow/.local/lib/python3.12/site-packages/airflow/example_dags/example_trigger_controller_dag.py took 0.064 seconds
[2026-05-08T20:37:32.573+0000] {processor.py:186} INFO - Started process (PID=868) to work on /home/airflow/.local/lib/python3.12/site-packages/airflow/example_dags/example_trigger_controller_dag.py
[2026-05-08T20:37:32.574+0000] {processor.py:914} INFO - Processing file /home/airflow/.local/lib/python3.12/site-packages/airflow/example_dags/example_trigger_controller_dag.py for tasks to queue
[2026-05-08T20:37:32.579+0000] {logging_mixin.py:190} INFO - [2026-05-08T20:37:32.579+0000] {dagbag.py:588} INFO - Filling up the DagBag from /home/airflow/.local/lib/python3.12/site-packages/airflow/example_dags/example_trigger_controller_dag.py
[2026-05-08T20:37:32.587+0000] {processor.py:925} INFO - DAG(s) 'example_trigger_controller_dag' retrieved from /home/airflow/.local/lib/python3.12/site-packages/airflow/example_dags/example_trigger_controller_dag.py
[2026-05-08T20:37:32.602+0000] {logging_mixin.py:190} INFO - [2026-05-08T20:37:32.602+0000] {dag.py:3239} INFO - Sync 1 DAGs
[2026-05-08T20:37:32.619+0000] {logging_mixin.py:190} INFO - [2026-05-08T20:37:32.619+0000] {dag.py:4180} INFO - Setting next_dagrun for example_trigger_controller_dag to 2021-01-01 00:00:00+00:00, run_after=2021-01-01 00:00:00+00:00
[2026-05-08T20:37:32.633+0000] {processor.py:208} INFO - Processing /home/airflow/.local/lib/python3.12/site-packages/airflow/example_dags/example_trigger_controller_dag.py took 0.066 seconds
[2026-05-08T20:38:03.399+0000] {processor.py:186} INFO - Started process (PID=932) to work on /home/airflow/.local/lib/python3.12/site-packages/airflow/example_dags/example_trigger_controller_dag.py
[2026-05-08T20:38:03.400+0000] {processor.py:914} INFO - Processing file /home/airflow/.local/lib/python3.12/site-packages/airflow/example_dags/example_trigger_controller_dag.py for tasks to queue
[2026-05-08T20:38:03.402+0000] {logging_mixin.py:190} INFO - [2026-05-08T20:38:03.402+0000] {dagbag.py:588} INFO - Filling up the DagBag from /home/airflow/.local/lib/python3.12/site-packages/airflow/example_dags/example_trigger_controller_dag.py
[2026-05-08T20:38:03.410+0000] {processor.py:925} INFO - DAG(s) 'example_trigger_controller_dag' retrieved from /home/airflow/.local/lib/python3.12/site-packages/airflow/example_dags/example_trigger_controller_dag.py
[2026-05-08T20:38:03.429+0000] {logging_mixin.py:190} INFO - [2026-05-08T20:38:03.429+0000] {dag.py:3239} INFO - Sync 1 DAGs
[2026-05-08T20:38:03.453+0000] {logging_mixin.py:190} INFO - [2026-05-08T20:38:03.453+0000] {dag.py:4180} INFO - Setting next_dagrun for example_trigger_controller_dag to 2021-01-01 00:00:00+00:00, run_after=2021-01-01 00:00:00+00:00
[2026-05-08T20:38:03.468+0000] {processor.py:208} INFO - Processing /home/airflow/.local/lib/python3.12/site-packages/airflow/example_dags/example_trigger_controller_dag.py took 0.075 seconds
[2026-05-08T20:38:34.515+0000] {processor.py:186} INFO - Started process (PID=996) to work on /home/airflow/.local/lib/python3.12/site-packages/airflow/example_dags/example_trigger_controller_dag.py
[2026-05-08T20:38:34.516+0000] {processor.py:914} INFO - Processing file /home/airflow/.local/lib/python3.12/site-packages/airflow/example_dags/example_trigger_controller_dag.py for tasks to queue
[2026-05-08T20:38:34.518+0000] {logging_mixin.py:190} INFO - [2026-05-08T20:38:34.517+0000] {dagbag.py:588} INFO - Filling up the DagBag from /home/airflow/.local/lib/python3.12/site-packages/airflow/example_dags/example_trigger_controller_dag.py
[2026-05-08T20:38:34.524+0000] {processor.py:925} INFO - DAG(s) 'example_trigger_controller_dag' retrieved from /home/airflow/.local/lib/python3.12/site-packages/airflow/example_dags/example_trigger_controller_dag.py
[2026-05-08T20:38:34.541+0000] {logging_mixin.py:190} INFO - [2026-05-08T20:38:34.541+0000] {dag.py:3239} INFO - Sync 1 DAGs
[2026-05-08T20:38:34.560+0000] {logging_mixin.py:190} INFO - [2026-05-08T20:38:34.560+0000] {dag.py:4180} INFO - Setting next_dagrun for example_trigger_controller_dag to 2021-01-01 00:00:00+00:00, run_after=2021-01-01 00:00:00+00:00
[2026-05-08T20:38:34.573+0000] {processor.py:208} INFO - Processing /home/airflow/.local/lib/python3.12/site-packages/airflow/example_dags/example_trigger_controller_dag.py took 0.062 seconds
[2026-05-08T20:39:05.442+0000] {processor.py:186} INFO - Started process (PID=1060) to work on /home/airflow/.local/lib/python3.12/site-packages/airflow/example_dags/example_trigger_controller_dag.py
[2026-05-08T20:39:05.443+0000] {processor.py:914} INFO - Processing file /home/airflow/.local/lib/python3.12/site-packages/airflow/example_dags/example_trigger_controller_dag.py for tasks to queue
[2026-05-08T20:39:05.445+0000] {logging_mixin.py:190} INFO - [2026-05-08T20:39:05.444+0000] {dagbag.py:588} INFO - Filling up the DagBag from /home/airflow/.local/lib/python3.12/site-packages/airflow/example_dags/example_trigger_controller_dag.py
[2026-05-08T20:39:05.451+0000] {processor.py:925} INFO - DAG(s) 'example_trigger_controller_dag' retrieved from /home/airflow/.local/lib/python3.12/site-packages/airflow/example_dags/example_trigger_controller_dag.py
[2026-05-08T20:39:05.468+0000] {logging_mixin.py:190} INFO - [2026-05-08T20:39:05.468+0000] {dag.py:3239} INFO - Sync 1 DAGs
[2026-05-08T20:39:05.486+0000] {logging_mixin.py:190} INFO - [2026-05-08T20:39:05.485+0000] {dag.py:4180} INFO - Setting next_dagrun for example_trigger_controller_dag to 2021-01-01 00:00:00+00:00, run_after=2021-01-01 00:00:00+00:00
[2026-05-08T20:39:05.498+0000] {processor.py:208} INFO - Processing /home/airflow/.local/lib/python3.12/site-packages/airflow/example_dags/example_trigger_controller_dag.py took 0.062 seconds
[2026-05-08T20:39:36.243+0000] {processor.py:186} INFO - Started process (PID=1124) to work on /home/airflow/.local/lib/python3.12/site-packages/airflow/example_dags/example_trigger_controller_dag.py
[2026-05-08T20:39:36.243+0000] {processor.py:914} INFO - Processing file /home/airflow/.local/lib/python3.12/site-packages/airflow/example_dags/example_trigger_controller_dag.py for tasks to queue
[2026-05-08T20:39:36.245+0000] {logging_mixin.py:190} INFO - [2026-05-08T20:39:36.244+0000] {dagbag.py:588} INFO - Filling up the DagBag from /home/airflow/.local/lib/python3.12/site-packages/airflow/example_dags/example_trigger_controller_dag.py
[2026-05-08T20:39:36.250+0000] {processor.py:925} INFO - DAG(s) 'example_trigger_controller_dag' retrieved from /home/airflow/.local/lib/python3.12/site-packages/airflow/example_dags/example_trigger_controller_dag.py
[2026-05-08T20:39:36.264+0000] {logging_mixin.py:190} INFO - [2026-05-08T20:39:36.263+0000] {dag.py:3239} INFO - Sync 1 DAGs
[2026-05-08T20:39:36.281+0000] {logging_mixin.py:190} INFO - [2026-05-08T20:39:36.281+0000] {dag.py:4180} INFO - Setting next_dagrun for example_trigger_controller_dag to 2021-01-01 00:00:00+00:00, run_after=2021-01-01 00:00:00+00:00
[2026-05-08T20:39:36.294+0000] {processor.py:208} INFO - Processing /home/airflow/.local/lib/python3.12/site-packages/airflow/example_dags/example_trigger_controller_dag.py took 0.056 seconds
[2026-05-08T20:40:07.095+0000] {processor.py:186} INFO - Started process (PID=1188) to work on /home/airflow/.local/lib/python3.12/site-packages/airflow/example_dags/example_trigger_controller_dag.py
[2026-05-08T20:40:07.095+0000] {processor.py:914} INFO - Processing file /home/airflow/.local/lib/python3.12/site-packages/airflow/example_dags/example_trigger_controller_dag.py for tasks to queue
[2026-05-08T20:40:07.097+0000] {logging_mixin.py:190} INFO - [2026-05-08T20:40:07.097+0000] {dagbag.py:588} INFO - Filling up the DagBag from /home/airflow/.local/lib/python3.12/site-packages/airflow/example_dags/example_trigger_controller_dag.py
[2026-05-08T20:40:07.104+0000] {processor.py:925} INFO - DAG(s) 'example_trigger_controller_dag' retrieved from /home/airflow/.local/lib/python3.12/site-packages/airflow/example_dags/example_trigger_controller_dag.py
[2026-05-08T20:40:07.121+0000] {logging_mixin.py:190} INFO - [2026-05-08T20:40:07.121+0000] {dag.py:3239} INFO - Sync 1 DAGs
[2026-05-08T20:40:07.138+0000] {logging_mixin.py:190} INFO - [2026-05-08T20:40:07.138+0000] {dag.py:4180} INFO - Setting next_dagrun for example_trigger_controller_dag to 2021-01-01 00:00:00+00:00, run_after=2021-01-01 00:00:00+00:00
[2026-05-08T20:40:07.150+0000] {processor.py:208} INFO - Processing /home/airflow/.local/lib/python3.12/site-packages/airflow/example_dags/example_trigger_controller_dag.py took 0.060 seconds
[2026-05-08T20:40:38.082+0000] {processor.py:186} INFO - Started process (PID=1252) to work on /home/airflow/.local/lib/python3.12/site-packages/airflow/example_dags/example_trigger_controller_dag.py
[2026-05-08T20:40:38.083+0000] {processor.py:914} INFO - Processing file /home/airflow/.local/lib/python3.12/site-packages/airflow/example_dags/example_trigger_controller_dag.py for tasks to queue
[2026-05-08T20:40:38.085+0000] {logging_mixin.py:190} INFO - [2026-05-08T20:40:38.084+0000] {dagbag.py:588} INFO - Filling up the DagBag from /home/airflow/.local/lib/python3.12/site-packages/airflow/example_dags/example_trigger_controller_dag.py
[2026-05-08T20:40:38.091+0000] {processor.py:925} INFO - DAG(s) 'example_trigger_controller_dag' retrieved from /home/airflow/.local/lib/python3.12/site-packages/airflow/example_dags/example_trigger_controller_dag.py
[2026-05-08T20:40:38.106+0000] {logging_mixin.py:190} INFO - [2026-05-08T20:40:38.106+0000] {dag.py:3239} INFO - Sync 1 DAGs
[2026-05-08T20:40:38.123+0000] {logging_mixin.py:190} INFO - [2026-05-08T20:40:38.123+0000] {dag.py:4180} INFO - Setting next_dagrun for example_trigger_controller_dag to 2021-01-01 00:00:00+00:00, run_after=2021-01-01 00:00:00+00:00
[2026-05-08T20:40:38.135+0000] {processor.py:208} INFO - Processing /home/airflow/.local/lib/python3.12/site-packages/airflow/example_dags/example_trigger_controller_dag.py took 0.059 seconds
[2026-05-08T20:41:09.768+0000] {processor.py:186} INFO - Started process (PID=1316) to work on /home/airflow/.local/lib/python3.12/site-packages/airflow/example_dags/example_trigger_controller_dag.py
[2026-05-08T20:41:09.768+0000] {processor.py:914} INFO - Processing file /home/airflow/.local/lib/python3.12/site-packages/airflow/example_dags/example_trigger_controller_dag.py for tasks to queue
[2026-05-08T20:41:09.770+0000] {logging_mixin.py:190} INFO - [2026-05-08T20:41:09.770+0000] {dagbag.py:588} INFO - Filling up the DagBag from /home/airflow/.local/lib/python3.12/site-packages/airflow/example_dags/example_trigger_controller_dag.py
[2026-05-08T20:41:09.776+0000] {processor.py:925} INFO - DAG(s) 'example_trigger_controller_dag' retrieved from /home/airflow/.local/lib/python3.12/site-packages/airflow/example_dags/example_trigger_controller_dag.py
[2026-05-08T20:41:09.790+0000] {logging_mixin.py:190} INFO - [2026-05-08T20:41:09.790+0000] {dag.py:3239} INFO - Sync 1 DAGs
[2026-05-08T20:41:09.808+0000] {logging_mixin.py:190} INFO - [2026-05-08T20:41:09.808+0000] {dag.py:4180} INFO - Setting next_dagrun for example_trigger_controller_dag to 2021-01-01 00:00:00+00:00, run_after=2021-01-01 00:00:00+00:00
[2026-05-08T20:41:09.821+0000] {processor.py:208} INFO - Processing /home/airflow/.local/lib/python3.12/site-packages/airflow/example_dags/example_trigger_controller_dag.py took 0.059 seconds
[2026-05-08T20:41:40.898+0000] {processor.py:186} INFO - Started process (PID=1380) to work on /home/airflow/.local/lib/python3.12/site-packages/airflow/example_dags/example_trigger_controller_dag.py
[2026-05-08T20:41:40.898+0000] {processor.py:914} INFO - Processing file /home/airflow/.local/lib/python3.12/site-packages/airflow/example_dags/example_trigger_controller_dag.py for tasks to queue
[2026-05-08T20:41:40.900+0000] {logging_mixin.py:190} INFO - [2026-05-08T20:41:40.899+0000] {dagbag.py:588} INFO - Filling up the DagBag from /home/airflow/.local/lib/python3.12/site-packages/airflow/example_dags/example_trigger_controller_dag.py
[2026-05-08T20:41:40.905+0000] {processor.py:925} INFO - DAG(s) 'example_trigger_controller_dag' retrieved from /home/airflow/.local/lib/python3.12/site-packages/airflow/example_dags/example_trigger_controller_dag.py
[2026-05-08T20:41:40.918+0000] {logging_mixin.py:190} INFO - [2026-05-08T20:41:40.917+0000] {dag.py:3239} INFO - Sync 1 DAGs
[2026-05-08T20:41:40.935+0000] {logging_mixin.py:190} INFO - [2026-05-08T20:41:40.935+0000] {dag.py:4180} INFO - Setting next_dagrun for example_trigger_controller_dag to 2021-01-01 00:00:00+00:00, run_after=2021-01-01 00:00:00+00:00
[2026-05-08T20:41:40.948+0000] {processor.py:208} INFO - Processing /home/airflow/.local/lib/python3.12/site-packages/airflow/example_dags/example_trigger_controller_dag.py took 0.054 seconds
[2026-05-08T20:42:12.391+0000] {processor.py:186} INFO - Started process (PID=1444) to work on /home/airflow/.local/lib/python3.12/site-packages/airflow/example_dags/example_trigger_controller_dag.py
[2026-05-08T20:42:12.391+0000] {processor.py:914} INFO - Processing file /home/airflow/.local/lib/python3.12/site-packages/airflow/example_dags/example_trigger_controller_dag.py for tasks to queue
[2026-05-08T20:42:12.393+0000] {logging_mixin.py:190} INFO - [2026-05-08T20:42:12.393+0000] {dagbag.py:588} INFO - Filling up the DagBag from /home/airflow/.local/lib/python3.12/site-packages/airflow/example_dags/example_trigger_controller_dag.py
[2026-05-08T20:42:12.398+0000] {processor.py:925} INFO - DAG(s) 'example_trigger_controller_dag' retrieved from /home/airflow/.local/lib/python3.12/site-packages/airflow/example_dags/example_trigger_controller_dag.py
[2026-05-08T20:42:12.414+0000] {logging_mixin.py:190} INFO - [2026-05-08T20:42:12.413+0000] {dag.py:3239} INFO - Sync 1 DAGs
[2026-05-08T20:42:12.432+0000] {logging_mixin.py:190} INFO - [2026-05-08T20:42:12.432+0000] {dag.py:4180} INFO - Setting next_dagrun for example_trigger_controller_dag to 2021-01-01 00:00:00+00:00, run_after=2021-01-01 00:00:00+00:00
[2026-05-08T20:42:12.446+0000] {processor.py:208} INFO - Processing /home/airflow/.local/lib/python3.12/site-packages/airflow/example_dags/example_trigger_controller_dag.py took 0.060 seconds
[2026-05-08T20:42:43.553+0000] {processor.py:186} INFO - Started process (PID=1509) to work on /home/airflow/.local/lib/python3.12/site-packages/airflow/example_dags/example_trigger_controller_dag.py
[2026-05-08T20:42:43.553+0000] {processor.py:914} INFO - Processing file /home/airflow/.local/lib/python3.12/site-packages/airflow/example_dags/example_trigger_controller_dag.py for tasks to queue
[2026-05-08T20:42:43.555+0000] {logging_mixin.py:190} INFO - [2026-05-08T20:42:43.554+0000] {dagbag.py:588} INFO - Filling up the DagBag from /home/airflow/.local/lib/python3.12/site-packages/airflow/example_dags/example_trigger_controller_dag.py
[2026-05-08T20:42:43.560+0000] {processor.py:925} INFO - DAG(s) 'example_trigger_controller_dag' retrieved from /home/airflow/.local/lib/python3.12/site-packages/airflow/example_dags/example_trigger_controller_dag.py
[2026-05-08T20:42:43.577+0000] {logging_mixin.py:190} INFO - [2026-05-08T20:42:43.577+0000] {dag.py:3239} INFO - Sync 1 DAGs
[2026-05-08T20:42:43.597+0000] {logging_mixin.py:190} INFO - [2026-05-08T20:42:43.597+0000] {dag.py:4180} INFO - Setting next_dagrun for example_trigger_controller_dag to 2021-01-01 00:00:00+00:00, run_after=2021-01-01 00:00:00+00:00
[2026-05-08T20:42:43.610+0000] {processor.py:208} INFO - Processing /home/airflow/.local/lib/python3.12/site-packages/airflow/example_dags/example_trigger_controller_dag.py took 0.062 seconds
[2026-05-08T20:43:14.682+0000] {processor.py:186} INFO - Started process (PID=1573) to work on /home/airflow/.local/lib/python3.12/site-packages/airflow/example_dags/example_trigger_controller_dag.py
[2026-05-08T20:43:14.682+0000] {processor.py:914} INFO - Processing file /home/airflow/.local/lib/python3.12/site-packages/airflow/example_dags/example_trigger_controller_dag.py for tasks to queue
[2026-05-08T20:43:14.684+0000] {logging_mixin.py:190} INFO - [2026-05-08T20:43:14.684+0000] {dagbag.py:588} INFO - Filling up the DagBag from /home/airflow/.local/lib/python3.12/site-packages/airflow/example_dags/example_trigger_controller_dag.py
[2026-05-08T20:43:14.689+0000] {processor.py:925} INFO - DAG(s) 'example_trigger_controller_dag' retrieved from /home/airflow/.local/lib/python3.12/site-packages/airflow/example_dags/example_trigger_controller_dag.py
[2026-05-08T20:43:14.703+0000] {logging_mixin.py:190} INFO - [2026-05-08T20:43:14.703+0000] {dag.py:3239} INFO - Sync 1 DAGs
[2026-05-08T20:43:14.720+0000] {logging_mixin.py:190} INFO - [2026-05-08T20:43:14.720+0000] {dag.py:4180} INFO - Setting next_dagrun for example_trigger_controller_dag to 2021-01-01 00:00:00+00:00, run_after=2021-01-01 00:00:00+00:00
[2026-05-08T20:43:14.734+0000] {processor.py:208} INFO - Processing /home/airflow/.local/lib/python3.12/site-packages/airflow/example_dags/example_trigger_controller_dag.py took 0.059 seconds
[2026-05-08T20:43:46.006+0000] {processor.py:186} INFO - Started process (PID=1637) to work on /home/airflow/.local/lib/python3.12/site-packages/airflow/example_dags/example_trigger_controller_dag.py
[2026-05-08T20:43:46.007+0000] {processor.py:914} INFO - Processing file /home/airflow/.local/lib/python3.12/site-packages/airflow/example_dags/example_trigger_controller_dag.py for tasks to queue
[2026-05-08T20:43:46.009+0000] {logging_mixin.py:190} INFO - [2026-05-08T20:43:46.009+0000] {dagbag.py:588} INFO - Filling up the DagBag from /home/airflow/.local/lib/python3.12/site-packages/airflow/example_dags/example_trigger_controller_dag.py
[2026-05-08T20:43:46.016+0000] {processor.py:925} INFO - DAG(s) 'example_trigger_controller_dag' retrieved from /home/airflow/.local/lib/python3.12/site-packages/airflow/example_dags/example_trigger_controller_dag.py
[2026-05-08T20:43:46.029+0000] {logging_mixin.py:190} INFO - [2026-05-08T20:43:46.029+0000] {dag.py:3239} INFO - Sync 1 DAGs
[2026-05-08T20:43:46.046+0000] {logging_mixin.py:190} INFO - [2026-05-08T20:43:46.046+0000] {dag.py:4180} INFO - Setting next_dagrun for example_trigger_controller_dag to 2021-01-01 00:00:00+00:00, run_after=2021-01-01 00:00:00+00:00
[2026-05-08T20:43:46.059+0000] {processor.py:208} INFO - Processing /home/airflow/.local/lib/python3.12/site-packages/airflow/example_dags/example_trigger_controller_dag.py took 0.058 seconds
[2026-05-08T20:44:17.365+0000] {processor.py:186} INFO - Started process (PID=1701) to work on /home/airflow/.local/lib/python3.12/site-packages/airflow/example_dags/example_trigger_controller_dag.py
[2026-05-08T20:44:17.366+0000] {processor.py:914} INFO - Processing file /home/airflow/.local/lib/python3.12/site-packages/airflow/example_dags/example_trigger_controller_dag.py for tasks to queue
[2026-05-08T20:44:17.368+0000] {logging_mixin.py:190} INFO - [2026-05-08T20:44:17.367+0000] {dagbag.py:588} INFO - Filling up the DagBag from /home/airflow/.local/lib/python3.12/site-packages/airflow/example_dags/example_trigger_controller_dag.py
[2026-05-08T20:44:17.376+0000] {processor.py:925} INFO - DAG(s) 'example_trigger_controller_dag' retrieved from /home/airflow/.local/lib/python3.12/site-packages/airflow/example_dags/example_trigger_controller_dag.py
[2026-05-08T20:44:17.403+0000] {logging_mixin.py:190} INFO - [2026-05-08T20:44:17.403+0000] {dag.py:3239} INFO - Sync 1 DAGs
[2026-05-08T20:44:17.430+0000] {logging_mixin.py:190} INFO - [2026-05-08T20:44:17.430+0000] {dag.py:4180} INFO - Setting next_dagrun for example_trigger_controller_dag to 2021-01-01 00:00:00+00:00, run_after=2021-01-01 00:00:00+00:00
[2026-05-08T20:44:17.446+0000] {processor.py:208} INFO - Processing /home/airflow/.local/lib/python3.12/site-packages/airflow/example_dags/example_trigger_controller_dag.py took 0.088 seconds
[2026-05-08T20:44:48.777+0000] {processor.py:186} INFO - Started process (PID=1765) to work on /home/airflow/.local/lib/python3.12/site-packages/airflow/example_dags/example_trigger_controller_dag.py
[2026-05-08T20:44:48.777+0000] {processor.py:914} INFO - Processing file /home/airflow/.local/lib/python3.12/site-packages/airflow/example_dags/example_trigger_controller_dag.py for tasks to queue
[2026-05-08T20:44:48.779+0000] {logging_mixin.py:190} INFO - [2026-05-08T20:44:48.778+0000] {dagbag.py:588} INFO - Filling up the DagBag from /home/airflow/.local/lib/python3.12/site-packages/airflow/example_dags/example_trigger_controller_dag.py
[2026-05-08T20:44:48.784+0000] {processor.py:925} INFO - DAG(s) 'example_trigger_controller_dag' retrieved from /home/airflow/.local/lib/python3.12/site-packages/airflow/example_dags/example_trigger_controller_dag.py
[2026-05-08T20:44:48.797+0000] {logging_mixin.py:190} INFO - [2026-05-08T20:44:48.797+0000] {dag.py:3239} INFO - Sync 1 DAGs
[2026-05-08T20:44:48.818+0000] {logging_mixin.py:190} INFO - [2026-05-08T20:44:48.818+0000] {dag.py:4180} INFO - Setting next_dagrun for example_trigger_controller_dag to 2021-01-01 00:00:00+00:00, run_after=2021-01-01 00:00:00+00:00
[2026-05-08T20:44:48.831+0000] {processor.py:208} INFO - Processing /home/airflow/.local/lib/python3.12/site-packages/airflow/example_dags/example_trigger_controller_dag.py took 0.059 seconds
[2026-05-08T20:45:20.133+0000] {processor.py:186} INFO - Started process (PID=1829) to work on /home/airflow/.local/lib/python3.12/site-packages/airflow/example_dags/example_trigger_controller_dag.py
[2026-05-08T20:45:20.134+0000] {processor.py:914} INFO - Processing file /home/airflow/.local/lib/python3.12/site-packages/airflow/example_dags/example_trigger_controller_dag.py for tasks to queue
[2026-05-08T20:45:20.135+0000] {logging_mixin.py:190} INFO - [2026-05-08T20:45:20.135+0000] {dagbag.py:588} INFO - Filling up the DagBag from /home/airflow/.local/lib/python3.12/site-packages/airflow/example_dags/example_trigger_controller_dag.py
[2026-05-08T20:45:20.142+0000] {processor.py:925} INFO - DAG(s) 'example_trigger_controller_dag' retrieved from /home/airflow/.local/lib/python3.12/site-packages/airflow/example_dags/example_trigger_controller_dag.py
[2026-05-08T20:45:20.155+0000] {logging_mixin.py:190} INFO - [2026-05-08T20:45:20.155+0000] {dag.py:3239} INFO - Sync 1 DAGs
[2026-05-08T20:45:20.172+0000] {logging_mixin.py:190} INFO - [2026-05-08T20:45:20.172+0000] {dag.py:4180} INFO - Setting next_dagrun for example_trigger_controller_dag to 2021-01-01 00:00:00+00:00, run_after=2021-01-01 00:00:00+00:00
[2026-05-08T20:45:20.185+0000] {processor.py:208} INFO - Processing /home/airflow/.local/lib/python3.12/site-packages/airflow/example_dags/example_trigger_controller_dag.py took 0.056 seconds
[2026-05-08T20:45:51.413+0000] {processor.py:186} INFO - Started process (PID=1893) to work on /home/airflow/.local/lib/python3.12/site-packages/airflow/example_dags/example_trigger_controller_dag.py
[2026-05-08T20:45:51.413+0000] {processor.py:914} INFO - Processing file /home/airflow/.local/lib/python3.12/site-packages/airflow/example_dags/example_trigger_controller_dag.py for tasks to queue
[2026-05-08T20:45:51.416+0000] {logging_mixin.py:190} INFO - [2026-05-08T20:45:51.415+0000] {dagbag.py:588} INFO - Filling up the DagBag from /home/airflow/.local/lib/python3.12/site-packages/airflow/example_dags/example_trigger_controller_dag.py
[2026-05-08T20:45:51.423+0000] {processor.py:925} INFO - DAG(s) 'example_trigger_controller_dag' retrieved from /home/airflow/.local/lib/python3.12/site-packages/airflow/example_dags/example_trigger_controller_dag.py
[2026-05-08T20:45:51.443+0000] {logging_mixin.py:190} INFO - [2026-05-08T20:45:51.443+0000] {dag.py:3239} INFO - Sync 1 DAGs
[2026-05-08T20:45:51.464+0000] {logging_mixin.py:190} INFO - [2026-05-08T20:45:51.464+0000] {dag.py:4180} INFO - Setting next_dagrun for example_trigger_controller_dag to 2021-01-01 00:00:00+00:00, run_after=2021-01-01 00:00:00+00:00
[2026-05-08T20:45:51.477+0000] {processor.py:208} INFO - Processing /home/airflow/.local/lib/python3.12/site-packages/airflow/example_dags/example_trigger_controller_dag.py took 0.071 seconds
[2026-05-08T20:46:22.805+0000] {processor.py:186} INFO - Started process (PID=1957) to work on /home/airflow/.local/lib/python3.12/site-packages/airflow/example_dags/example_trigger_controller_dag.py
[2026-05-08T20:46:22.806+0000] {processor.py:914} INFO - Processing file /home/airflow/.local/lib/python3.12/site-packages/airflow/example_dags/example_trigger_controller_dag.py for tasks to queue
[2026-05-08T20:46:22.808+0000] {logging_mixin.py:190} INFO - [2026-05-08T20:46:22.808+0000] {dagbag.py:588} INFO - Filling up the DagBag from /home/airflow/.local/lib/python3.12/site-packages/airflow/example_dags/example_trigger_controller_dag.py
[2026-05-08T20:46:22.816+0000] {processor.py:925} INFO - DAG(s) 'example_trigger_controller_dag' retrieved from /home/airflow/.local/lib/python3.12/site-packages/airflow/example_dags/example_trigger_controller_dag.py
[2026-05-08T20:46:22.835+0000] {logging_mixin.py:190} INFO - [2026-05-08T20:46:22.835+0000] {dag.py:3239} INFO - Sync 1 DAGs
[2026-05-08T20:46:22.858+0000] {logging_mixin.py:190} INFO - [2026-05-08T20:46:22.858+0000] {dag.py:4180} INFO - Setting next_dagrun for example_trigger_controller_dag to 2021-01-01 00:00:00+00:00, run_after=2021-01-01 00:00:00+00:00
[2026-05-08T20:46:22.874+0000] {processor.py:208} INFO - Processing /home/airflow/.local/lib/python3.12/site-packages/airflow/example_dags/example_trigger_controller_dag.py took 0.075 seconds
[2026-05-08T20:46:54.276+0000] {processor.py:186} INFO - Started process (PID=2021) to work on /home/airflow/.local/lib/python3.12/site-packages/airflow/example_dags/example_trigger_controller_dag.py
[2026-05-08T20:46:54.277+0000] {processor.py:914} INFO - Processing file /home/airflow/.local/lib/python3.12/site-packages/airflow/example_dags/example_trigger_controller_dag.py for tasks to queue
[2026-05-08T20:46:54.279+0000] {logging_mixin.py:190} INFO - [2026-05-08T20:46:54.279+0000] {dagbag.py:588} INFO - Filling up the DagBag from /home/airflow/.local/lib/python3.12/site-packages/airflow/example_dags/example_trigger_controller_dag.py
[2026-05-08T20:46:54.285+0000] {processor.py:925} INFO - DAG(s) 'example_trigger_controller_dag' retrieved from /home/airflow/.local/lib/python3.12/site-packages/airflow/example_dags/example_trigger_controller_dag.py
[2026-05-08T20:46:54.302+0000] {logging_mixin.py:190} INFO - [2026-05-08T20:46:54.302+0000] {dag.py:3239} INFO - Sync 1 DAGs
[2026-05-08T20:46:54.319+0000] {logging_mixin.py:190} INFO - [2026-05-08T20:46:54.319+0000] {dag.py:4180} INFO - Setting next_dagrun for example_trigger_controller_dag to 2021-01-01 00:00:00+00:00, run_after=2021-01-01 00:00:00+00:00
[2026-05-08T20:46:54.333+0000] {processor.py:208} INFO - Processing /home/airflow/.local/lib/python3.12/site-packages/airflow/example_dags/example_trigger_controller_dag.py took 0.063 seconds
[2026-05-08T20:47:24.784+0000] {processor.py:186} INFO - Started process (PID=2085) to work on /home/airflow/.local/lib/python3.12/site-packages/airflow/example_dags/example_trigger_controller_dag.py
[2026-05-08T20:47:24.784+0000] {processor.py:914} INFO - Processing file /home/airflow/.local/lib/python3.12/site-packages/airflow/example_dags/example_trigger_controller_dag.py for tasks to queue
[2026-05-08T20:47:24.786+0000] {logging_mixin.py:190} INFO - [2026-05-08T20:47:24.786+0000] {dagbag.py:588} INFO - Filling up the DagBag from /home/airflow/.local/lib/python3.12/site-packages/airflow/example_dags/example_trigger_controller_dag.py
[2026-05-08T20:47:24.791+0000] {processor.py:925} INFO - DAG(s) 'example_trigger_controller_dag' retrieved from /home/airflow/.local/lib/python3.12/site-packages/airflow/example_dags/example_trigger_controller_dag.py
[2026-05-08T20:47:24.806+0000] {logging_mixin.py:190} INFO - [2026-05-08T20:47:24.806+0000] {dag.py:3239} INFO - Sync 1 DAGs
[2026-05-08T20:47:24.826+0000] {logging_mixin.py:190} INFO - [2026-05-08T20:47:24.826+0000] {dag.py:4180} INFO - Setting next_dagrun for example_trigger_controller_dag to 2021-01-01 00:00:00+00:00, run_after=2021-01-01 00:00:00+00:00
[2026-05-08T20:47:24.841+0000] {processor.py:208} INFO - Processing /home/airflow/.local/lib/python3.12/site-packages/airflow/example_dags/example_trigger_controller_dag.py took 0.062 seconds
[2026-05-08T20:47:55.578+0000] {processor.py:186} INFO - Started process (PID=2149) to work on /home/airflow/.local/lib/python3.12/site-packages/airflow/example_dags/example_trigger_controller_dag.py
[2026-05-08T20:47:55.578+0000] {processor.py:914} INFO - Processing file /home/airflow/.local/lib/python3.12/site-packages/airflow/example_dags/example_trigger_controller_dag.py for tasks to queue
[2026-05-08T20:47:55.580+0000] {logging_mixin.py:190} INFO - [2026-05-08T20:47:55.580+0000] {dagbag.py:588} INFO - Filling up the DagBag from /home/airflow/.local/lib/python3.12/site-packages/airflow/example_dags/example_trigger_controller_dag.py
[2026-05-08T20:47:55.586+0000] {processor.py:925} INFO - DAG(s) 'example_trigger_controller_dag' retrieved from /home/airflow/.local/lib/python3.12/site-packages/airflow/example_dags/example_trigger_controller_dag.py
[2026-05-08T20:47:55.600+0000] {logging_mixin.py:190} INFO - [2026-05-08T20:47:55.600+0000] {dag.py:3239} INFO - Sync 1 DAGs
[2026-05-08T20:47:55.617+0000] {logging_mixin.py:190} INFO - [2026-05-08T20:47:55.617+0000] {dag.py:4180} INFO - Setting next_dagrun for example_trigger_controller_dag to 2021-01-01 00:00:00+00:00, run_after=2021-01-01 00:00:00+00:00
[2026-05-08T20:47:55.630+0000] {processor.py:208} INFO - Processing /home/airflow/.local/lib/python3.12/site-packages/airflow/example_dags/example_trigger_controller_dag.py took 0.057 seconds
[2026-05-08T20:48:26.626+0000] {processor.py:186} INFO - Started process (PID=2212) to work on /home/airflow/.local/lib/python3.12/site-packages/airflow/example_dags/example_trigger_controller_dag.py
[2026-05-08T20:48:26.627+0000] {processor.py:914} INFO - Processing file /home/airflow/.local/lib/python3.12/site-packages/airflow/example_dags/example_trigger_controller_dag.py for tasks to queue
[2026-05-08T20:48:26.628+0000] {logging_mixin.py:190} INFO - [2026-05-08T20:48:26.628+0000] {dagbag.py:588} INFO - Filling up the DagBag from /home/airflow/.local/lib/python3.12/site-packages/airflow/example_dags/example_trigger_controller_dag.py
[2026-05-08T20:48:26.634+0000] {processor.py:925} INFO - DAG(s) 'example_trigger_controller_dag' retrieved from /home/airflow/.local/lib/python3.12/site-packages/airflow/example_dags/example_trigger_controller_dag.py
[2026-05-08T20:48:26.648+0000] {logging_mixin.py:190} INFO - [2026-05-08T20:48:26.648+0000] {dag.py:3239} INFO - Sync 1 DAGs
[2026-05-08T20:48:26.667+0000] {logging_mixin.py:190} INFO - [2026-05-08T20:48:26.667+0000] {dag.py:4180} INFO - Setting next_dagrun for example_trigger_controller_dag to 2021-01-01 00:00:00+00:00, run_after=2021-01-01 00:00:00+00:00
[2026-05-08T20:48:26.687+0000] {processor.py:208} INFO - Processing /home/airflow/.local/lib/python3.12/site-packages/airflow/example_dags/example_trigger_controller_dag.py took 0.065 seconds
[2026-05-08T20:48:58.393+0000] {processor.py:186} INFO - Started process (PID=2281) to work on /home/airflow/.local/lib/python3.12/site-packages/airflow/example_dags/example_trigger_controller_dag.py
[2026-05-08T20:48:58.393+0000] {processor.py:914} INFO - Processing file /home/airflow/.local/lib/python3.12/site-packages/airflow/example_dags/example_trigger_controller_dag.py for tasks to queue
[2026-05-08T20:48:58.396+0000] {logging_mixin.py:190} INFO - [2026-05-08T20:48:58.396+0000] {dagbag.py:588} INFO - Filling up the DagBag from /home/airflow/.local/lib/python3.12/site-packages/airflow/example_dags/example_trigger_controller_dag.py
[2026-05-08T20:48:58.404+0000] {processor.py:925} INFO - DAG(s) 'example_trigger_controller_dag' retrieved from /home/airflow/.local/lib/python3.12/site-packages/airflow/example_dags/example_trigger_controller_dag.py
[2026-05-08T20:48:58.422+0000] {logging_mixin.py:190} INFO - [2026-05-08T20:48:58.422+0000] {dag.py:3239} INFO - Sync 1 DAGs
[2026-05-08T20:48:58.461+0000] {logging_mixin.py:190} INFO - [2026-05-08T20:48:58.460+0000] {dag.py:4180} INFO - Setting next_dagrun for example_trigger_controller_dag to 2021-01-01 00:00:00+00:00, run_after=2021-01-01 00:00:00+00:00
[2026-05-08T20:48:58.476+0000] {processor.py:208} INFO - Processing /home/airflow/.local/lib/python3.12/site-packages/airflow/example_dags/example_trigger_controller_dag.py took 0.090 seconds
[2026-05-08T20:49:28.693+0000] {processor.py:186} INFO - Started process (PID=2345) to work on /home/airflow/.local/lib/python3.12/site-packages/airflow/example_dags/example_trigger_controller_dag.py
[2026-05-08T20:49:28.694+0000] {processor.py:914} INFO - Processing file /home/airflow/.local/lib/python3.12/site-packages/airflow/example_dags/example_trigger_controller_dag.py for tasks to queue
[2026-05-08T20:49:28.696+0000] {logging_mixin.py:190} INFO - [2026-05-08T20:49:28.695+0000] {dagbag.py:588} INFO - Filling up the DagBag from /home/airflow/.local/lib/python3.12/site-packages/airflow/example_dags/example_trigger_controller_dag.py
[2026-05-08T20:49:28.701+0000] {processor.py:925} INFO - DAG(s) 'example_trigger_controller_dag' retrieved from /home/airflow/.local/lib/python3.12/site-packages/airflow/example_dags/example_trigger_controller_dag.py
[2026-05-08T20:49:28.717+0000] {logging_mixin.py:190} INFO - [2026-05-08T20:49:28.716+0000] {dag.py:3239} INFO - Sync 1 DAGs
[2026-05-08T20:49:28.736+0000] {logging_mixin.py:190} INFO - [2026-05-08T20:49:28.735+0000] {dag.py:4180} INFO - Setting next_dagrun for example_trigger_controller_dag to 2021-01-01 00:00:00+00:00, run_after=2021-01-01 00:00:00+00:00
[2026-05-08T20:49:28.749+0000] {processor.py:208} INFO - Processing /home/airflow/.local/lib/python3.12/site-packages/airflow/example_dags/example_trigger_controller_dag.py took 0.061 seconds
[2026-05-08T20:50:00.288+0000] {processor.py:186} INFO - Started process (PID=2409) to work on /home/airflow/.local/lib/python3.12/site-packages/airflow/example_dags/example_trigger_controller_dag.py
[2026-05-08T20:50:00.289+0000] {processor.py:914} INFO - Processing file /home/airflow/.local/lib/python3.12/site-packages/airflow/example_dags/example_trigger_controller_dag.py for tasks to queue
[2026-05-08T20:50:00.291+0000] {logging_mixin.py:190} INFO - [2026-05-08T20:50:00.291+0000] {dagbag.py:588} INFO - Filling up the DagBag from /home/airflow/.local/lib/python3.12/site-packages/airflow/example_dags/example_trigger_controller_dag.py
[2026-05-08T20:50:00.298+0000] {processor.py:925} INFO - DAG(s) 'example_trigger_controller_dag' retrieved from /home/airflow/.local/lib/python3.12/site-packages/airflow/example_dags/example_trigger_controller_dag.py
[2026-05-08T20:50:00.320+0000] {logging_mixin.py:190} INFO - [2026-05-08T20:50:00.320+0000] {dag.py:3239} INFO - Sync 1 DAGs
[2026-05-08T20:50:00.345+0000] {logging_mixin.py:190} INFO - [2026-05-08T20:50:00.345+0000] {dag.py:4180} INFO - Setting next_dagrun for example_trigger_controller_dag to 2021-01-01 00:00:00+00:00, run_after=2021-01-01 00:00:00+00:00
[2026-05-08T20:50:00.363+0000] {processor.py:208} INFO - Processing /home/airflow/.local/lib/python3.12/site-packages/airflow/example_dags/example_trigger_controller_dag.py took 0.081 seconds
[2026-05-08T20:50:31.596+0000] {processor.py:186} INFO - Started process (PID=2473) to work on /home/airflow/.local/lib/python3.12/site-packages/airflow/example_dags/example_trigger_controller_dag.py
[2026-05-08T20:50:31.597+0000] {processor.py:914} INFO - Processing file /home/airflow/.local/lib/python3.12/site-packages/airflow/example_dags/example_trigger_controller_dag.py for tasks to queue
[2026-05-08T20:50:31.598+0000] {logging_mixin.py:190} INFO - [2026-05-08T20:50:31.598+0000] {dagbag.py:588} INFO - Filling up the DagBag from /home/airflow/.local/lib/python3.12/site-packages/airflow/example_dags/example_trigger_controller_dag.py
[2026-05-08T20:50:31.605+0000] {processor.py:925} INFO - DAG(s) 'example_trigger_controller_dag' retrieved from /home/airflow/.local/lib/python3.12/site-packages/airflow/example_dags/example_trigger_controller_dag.py
[2026-05-08T20:50:31.619+0000] {logging_mixin.py:190} INFO - [2026-05-08T20:50:31.619+0000] {dag.py:3239} INFO - Sync 1 DAGs
[2026-05-08T20:50:31.637+0000] {logging_mixin.py:190} INFO - [2026-05-08T20:50:31.637+0000] {dag.py:4180} INFO - Setting next_dagrun for example_trigger_controller_dag to 2021-01-01 00:00:00+00:00, run_after=2021-01-01 00:00:00+00:00
[2026-05-08T20:50:31.651+0000] {processor.py:208} INFO - Processing /home/airflow/.local/lib/python3.12/site-packages/airflow/example_dags/example_trigger_controller_dag.py took 0.060 seconds
[2026-05-08T20:51:02.385+0000] {processor.py:186} INFO - Started process (PID=2543) to work on /home/airflow/.local/lib/python3.12/site-packages/airflow/example_dags/example_trigger_controller_dag.py
[2026-05-08T20:51:02.386+0000] {processor.py:914} INFO - Processing file /home/airflow/.local/lib/python3.12/site-packages/airflow/example_dags/example_trigger_controller_dag.py for tasks to queue
[2026-05-08T20:51:02.387+0000] {logging_mixin.py:190} INFO - [2026-05-08T20:51:02.387+0000] {dagbag.py:588} INFO - Filling up the DagBag from /home/airflow/.local/lib/python3.12/site-packages/airflow/example_dags/example_trigger_controller_dag.py
[2026-05-08T20:51:02.393+0000] {processor.py:925} INFO - DAG(s) 'example_trigger_controller_dag' retrieved from /home/airflow/.local/lib/python3.12/site-packages/airflow/example_dags/example_trigger_controller_dag.py
[2026-05-08T20:51:02.413+0000] {logging_mixin.py:190} INFO - [2026-05-08T20:51:02.413+0000] {dag.py:3239} INFO - Sync 1 DAGs
[2026-05-08T20:51:02.435+0000] {logging_mixin.py:190} INFO - [2026-05-08T20:51:02.434+0000] {dag.py:4180} INFO - Setting next_dagrun for example_trigger_controller_dag to 2021-01-01 00:00:00+00:00, run_after=2021-01-01 00:00:00+00:00
[2026-05-08T20:51:02.449+0000] {processor.py:208} INFO - Processing /home/airflow/.local/lib/python3.12/site-packages/airflow/example_dags/example_trigger_controller_dag.py took 0.068 seconds
[2026-05-08T20:51:33.115+0000] {processor.py:186} INFO - Started process (PID=2607) to work on /home/airflow/.local/lib/python3.12/site-packages/airflow/example_dags/example_trigger_controller_dag.py
[2026-05-08T20:51:33.116+0000] {processor.py:914} INFO - Processing file /home/airflow/.local/lib/python3.12/site-packages/airflow/example_dags/example_trigger_controller_dag.py for tasks to queue
[2026-05-08T20:51:33.118+0000] {logging_mixin.py:190} INFO - [2026-05-08T20:51:33.118+0000] {dagbag.py:588} INFO - Filling up the DagBag from /home/airflow/.local/lib/python3.12/site-packages/airflow/example_dags/example_trigger_controller_dag.py
[2026-05-08T20:51:33.126+0000] {processor.py:925} INFO - DAG(s) 'example_trigger_controller_dag' retrieved from /home/airflow/.local/lib/python3.12/site-packages/airflow/example_dags/example_trigger_controller_dag.py
[2026-05-08T20:51:33.147+0000] {logging_mixin.py:190} INFO - [2026-05-08T20:51:33.147+0000] {dag.py:3239} INFO - Sync 1 DAGs
[2026-05-08T20:51:33.168+0000] {logging_mixin.py:190} INFO - [2026-05-08T20:51:33.167+0000] {dag.py:4180} INFO - Setting next_dagrun for example_trigger_controller_dag to 2021-01-01 00:00:00+00:00, run_after=2021-01-01 00:00:00+00:00
[2026-05-08T20:51:33.181+0000] {processor.py:208} INFO - Processing /home/airflow/.local/lib/python3.12/site-packages/airflow/example_dags/example_trigger_controller_dag.py took 0.071 seconds
[2026-05-08T20:52:03.760+0000] {processor.py:186} INFO - Started process (PID=2671) to work on /home/airflow/.local/lib/python3.12/site-packages/airflow/example_dags/example_trigger_controller_dag.py
[2026-05-08T20:52:03.761+0000] {processor.py:914} INFO - Processing file /home/airflow/.local/lib/python3.12/site-packages/airflow/example_dags/example_trigger_controller_dag.py for tasks to queue
[2026-05-08T20:52:03.762+0000] {logging_mixin.py:190} INFO - [2026-05-08T20:52:03.762+0000] {dagbag.py:588} INFO - Filling up the DagBag from /home/airflow/.local/lib/python3.12/site-packages/airflow/example_dags/example_trigger_controller_dag.py
[2026-05-08T20:52:03.768+0000] {processor.py:925} INFO - DAG(s) 'example_trigger_controller_dag' retrieved from /home/airflow/.local/lib/python3.12/site-packages/airflow/example_dags/example_trigger_controller_dag.py
[2026-05-08T20:52:03.782+0000] {logging_mixin.py:190} INFO - [2026-05-08T20:52:03.782+0000] {dag.py:3239} INFO - Sync 1 DAGs
[2026-05-08T20:52:03.800+0000] {logging_mixin.py:190} INFO - [2026-05-08T20:52:03.800+0000] {dag.py:4180} INFO - Setting next_dagrun for example_trigger_controller_dag to 2021-01-01 00:00:00+00:00, run_after=2021-01-01 00:00:00+00:00
[2026-05-08T20:52:03.813+0000] {processor.py:208} INFO - Processing /home/airflow/.local/lib/python3.12/site-packages/airflow/example_dags/example_trigger_controller_dag.py took 0.059 seconds
[2026-05-08T20:52:34.531+0000] {processor.py:186} INFO - Started process (PID=2735) to work on /home/airflow/.local/lib/python3.12/site-packages/airflow/example_dags/example_trigger_controller_dag.py
[2026-05-08T20:52:34.532+0000] {processor.py:914} INFO - Processing file /home/airflow/.local/lib/python3.12/site-packages/airflow/example_dags/example_trigger_controller_dag.py for tasks to queue
[2026-05-08T20:52:34.533+0000] {logging_mixin.py:190} INFO - [2026-05-08T20:52:34.533+0000] {dagbag.py:588} INFO - Filling up the DagBag from /home/airflow/.local/lib/python3.12/site-packages/airflow/example_dags/example_trigger_controller_dag.py
[2026-05-08T20:52:34.539+0000] {processor.py:925} INFO - DAG(s) 'example_trigger_controller_dag' retrieved from /home/airflow/.local/lib/python3.12/site-packages/airflow/example_dags/example_trigger_controller_dag.py
[2026-05-08T20:52:34.555+0000] {logging_mixin.py:190} INFO - [2026-05-08T20:52:34.554+0000] {dag.py:3239} INFO - Sync 1 DAGs
[2026-05-08T20:52:34.575+0000] {logging_mixin.py:190} INFO - [2026-05-08T20:52:34.575+0000] {dag.py:4180} INFO - Setting next_dagrun for example_trigger_controller_dag to 2021-01-01 00:00:00+00:00, run_after=2021-01-01 00:00:00+00:00
[2026-05-08T20:52:34.589+0000] {processor.py:208} INFO - Processing /home/airflow/.local/lib/python3.12/site-packages/airflow/example_dags/example_trigger_controller_dag.py took 0.062 seconds
[2026-05-08T20:53:05.674+0000] {processor.py:186} INFO - Started process (PID=2799) to work on /home/airflow/.local/lib/python3.12/site-packages/airflow/example_dags/example_trigger_controller_dag.py
[2026-05-08T20:53:05.675+0000] {processor.py:914} INFO - Processing file /home/airflow/.local/lib/python3.12/site-packages/airflow/example_dags/example_trigger_controller_dag.py for tasks to queue
[2026-05-08T20:53:05.676+0000] {logging_mixin.py:190} INFO - [2026-05-08T20:53:05.676+0000] {dagbag.py:588} INFO - Filling up the DagBag from /home/airflow/.local/lib/python3.12/site-packages/airflow/example_dags/example_trigger_controller_dag.py
[2026-05-08T20:53:05.682+0000] {processor.py:925} INFO - DAG(s) 'example_trigger_controller_dag' retrieved from /home/airflow/.local/lib/python3.12/site-packages/airflow/example_dags/example_trigger_controller_dag.py
[2026-05-08T20:53:05.696+0000] {logging_mixin.py:190} INFO - [2026-05-08T20:53:05.696+0000] {dag.py:3239} INFO - Sync 1 DAGs
[2026-05-08T20:53:05.713+0000] {logging_mixin.py:190} INFO - [2026-05-08T20:53:05.713+0000] {dag.py:4180} INFO - Setting next_dagrun for example_trigger_controller_dag to 2021-01-01 00:00:00+00:00, run_after=2021-01-01 00:00:00+00:00
[2026-05-08T20:53:05.727+0000] {processor.py:208} INFO - Processing /home/airflow/.local/lib/python3.12/site-packages/airflow/example_dags/example_trigger_controller_dag.py took 0.058 seconds
[2026-05-08T20:53:36.838+0000] {processor.py:186} INFO - Started process (PID=2863) to work on /home/airflow/.local/lib/python3.12/site-packages/airflow/example_dags/example_trigger_controller_dag.py
[2026-05-08T20:53:36.839+0000] {processor.py:914} INFO - Processing file /home/airflow/.local/lib/python3.12/site-packages/airflow/example_dags/example_trigger_controller_dag.py for tasks to queue
[2026-05-08T20:53:36.840+0000] {logging_mixin.py:190} INFO - [2026-05-08T20:53:36.840+0000] {dagbag.py:588} INFO - Filling up the DagBag from /home/airflow/.local/lib/python3.12/site-packages/airflow/example_dags/example_trigger_controller_dag.py
[2026-05-08T20:53:36.846+0000] {processor.py:925} INFO - DAG(s) 'example_trigger_controller_dag' retrieved from /home/airflow/.local/lib/python3.12/site-packages/airflow/example_dags/example_trigger_controller_dag.py
[2026-05-08T20:53:36.860+0000] {logging_mixin.py:190} INFO - [2026-05-08T20:53:36.860+0000] {dag.py:3239} INFO - Sync 1 DAGs
[2026-05-08T20:53:36.879+0000] {logging_mixin.py:190} INFO - [2026-05-08T20:53:36.879+0000] {dag.py:4180} INFO - Setting next_dagrun for example_trigger_controller_dag to 2021-01-01 00:00:00+00:00, run_after=2021-01-01 00:00:00+00:00
[2026-05-08T20:53:36.893+0000] {processor.py:208} INFO - Processing /home/airflow/.local/lib/python3.12/site-packages/airflow/example_dags/example_trigger_controller_dag.py took 0.060 seconds
[2026-05-08T20:54:07.409+0000] {processor.py:186} INFO - Started process (PID=2927) to work on /home/airflow/.local/lib/python3.12/site-packages/airflow/example_dags/example_trigger_controller_dag.py
[2026-05-08T20:54:07.410+0000] {processor.py:914} INFO - Processing file /home/airflow/.local/lib/python3.12/site-packages/airflow/example_dags/example_trigger_controller_dag.py for tasks to queue
[2026-05-08T20:54:07.412+0000] {logging_mixin.py:190} INFO - [2026-05-08T20:54:07.412+0000] {dagbag.py:588} INFO - Filling up the DagBag from /home/airflow/.local/lib/python3.12/site-packages/airflow/example_dags/example_trigger_controller_dag.py
[2026-05-08T20:54:07.417+0000] {processor.py:925} INFO - DAG(s) 'example_trigger_controller_dag' retrieved from /home/airflow/.local/lib/python3.12/site-packages/airflow/example_dags/example_trigger_controller_dag.py
[2026-05-08T20:54:07.431+0000] {logging_mixin.py:190} INFO - [2026-05-08T20:54:07.431+0000] {dag.py:3239} INFO - Sync 1 DAGs
[2026-05-08T20:54:07.451+0000] {logging_mixin.py:190} INFO - [2026-05-08T20:54:07.451+0000] {dag.py:4180} INFO - Setting next_dagrun for example_trigger_controller_dag to 2021-01-01 00:00:00+00:00, run_after=2021-01-01 00:00:00+00:00
[2026-05-08T20:54:07.467+0000] {processor.py:208} INFO - Processing /home/airflow/.local/lib/python3.12/site-packages/airflow/example_dags/example_trigger_controller_dag.py took 0.062 seconds
[2026-05-08T20:54:38.172+0000] {processor.py:186} INFO - Started process (PID=2991) to work on /home/airflow/.local/lib/python3.12/site-packages/airflow/example_dags/example_trigger_controller_dag.py
[2026-05-08T20:54:38.172+0000] {processor.py:914} INFO - Processing file /home/airflow/.local/lib/python3.12/site-packages/airflow/example_dags/example_trigger_controller_dag.py for tasks to queue
[2026-05-08T20:54:38.174+0000] {logging_mixin.py:190} INFO - [2026-05-08T20:54:38.174+0000] {dagbag.py:588} INFO - Filling up the DagBag from /home/airflow/.local/lib/python3.12/site-packages/airflow/example_dags/example_trigger_controller_dag.py
[2026-05-08T20:54:38.180+0000] {processor.py:925} INFO - DAG(s) 'example_trigger_controller_dag' retrieved from /home/airflow/.local/lib/python3.12/site-packages/airflow/example_dags/example_trigger_controller_dag.py
[2026-05-08T20:54:38.194+0000] {logging_mixin.py:190} INFO - [2026-05-08T20:54:38.194+0000] {dag.py:3239} INFO - Sync 1 DAGs
[2026-05-08T20:54:38.213+0000] {logging_mixin.py:190} INFO - [2026-05-08T20:54:38.212+0000] {dag.py:4180} INFO - Setting next_dagrun for example_trigger_controller_dag to 2021-01-01 00:00:00+00:00, run_after=2021-01-01 00:00:00+00:00
[2026-05-08T20:54:38.227+0000] {processor.py:208} INFO - Processing /home/airflow/.local/lib/python3.12/site-packages/airflow/example_dags/example_trigger_controller_dag.py took 0.059 seconds
[2026-05-08T20:55:09.020+0000] {processor.py:186} INFO - Started process (PID=3055) to work on /home/airflow/.local/lib/python3.12/site-packages/airflow/example_dags/example_trigger_controller_dag.py
[2026-05-08T20:55:09.021+0000] {processor.py:914} INFO - Processing file /home/airflow/.local/lib/python3.12/site-packages/airflow/example_dags/example_trigger_controller_dag.py for tasks to queue
[2026-05-08T20:55:09.022+0000] {logging_mixin.py:190} INFO - [2026-05-08T20:55:09.022+0000] {dagbag.py:588} INFO - Filling up the DagBag from /home/airflow/.local/lib/python3.12/site-packages/airflow/example_dags/example_trigger_controller_dag.py
[2026-05-08T20:55:09.029+0000] {processor.py:925} INFO - DAG(s) 'example_trigger_controller_dag' retrieved from /home/airflow/.local/lib/python3.12/site-packages/airflow/example_dags/example_trigger_controller_dag.py
[2026-05-08T20:55:09.048+0000] {logging_mixin.py:190} INFO - [2026-05-08T20:55:09.048+0000] {dag.py:3239} INFO - Sync 1 DAGs
[2026-05-08T20:55:09.075+0000] {logging_mixin.py:190} INFO - [2026-05-08T20:55:09.075+0000] {dag.py:4180} INFO - Setting next_dagrun for example_trigger_controller_dag to 2021-01-01 00:00:00+00:00, run_after=2021-01-01 00:00:00+00:00
[2026-05-08T20:55:09.093+0000] {processor.py:208} INFO - Processing /home/airflow/.local/lib/python3.12/site-packages/airflow/example_dags/example_trigger_controller_dag.py took 0.078 seconds
[2026-05-08T20:55:39.974+0000] {processor.py:186} INFO - Started process (PID=3119) to work on /home/airflow/.local/lib/python3.12/site-packages/airflow/example_dags/example_trigger_controller_dag.py
[2026-05-08T20:55:39.975+0000] {processor.py:914} INFO - Processing file /home/airflow/.local/lib/python3.12/site-packages/airflow/example_dags/example_trigger_controller_dag.py for tasks to queue
[2026-05-08T20:55:39.977+0000] {logging_mixin.py:190} INFO - [2026-05-08T20:55:39.977+0000] {dagbag.py:588} INFO - Filling up the DagBag from /home/airflow/.local/lib/python3.12/site-packages/airflow/example_dags/example_trigger_controller_dag.py
[2026-05-08T20:55:39.984+0000] {processor.py:925} INFO - DAG(s) 'example_trigger_controller_dag' retrieved from /home/airflow/.local/lib/python3.12/site-packages/airflow/example_dags/example_trigger_controller_dag.py
[2026-05-08T20:55:40.003+0000] {logging_mixin.py:190} INFO - [2026-05-08T20:55:40.002+0000] {dag.py:3239} INFO - Sync 1 DAGs
[2026-05-08T20:55:40.026+0000] {logging_mixin.py:190} INFO - [2026-05-08T20:55:40.025+0000] {dag.py:4180} INFO - Setting next_dagrun for example_trigger_controller_dag to 2021-01-01 00:00:00+00:00, run_after=2021-01-01 00:00:00+00:00
[2026-05-08T20:55:40.042+0000] {processor.py:208} INFO - Processing /home/airflow/.local/lib/python3.12/site-packages/airflow/example_dags/example_trigger_controller_dag.py took 0.075 seconds
[2026-05-08T20:56:11.247+0000] {processor.py:186} INFO - Started process (PID=3183) to work on /home/airflow/.local/lib/python3.12/site-packages/airflow/example_dags/example_trigger_controller_dag.py
[2026-05-08T20:56:11.248+0000] {processor.py:914} INFO - Processing file /home/airflow/.local/lib/python3.12/site-packages/airflow/example_dags/example_trigger_controller_dag.py for tasks to queue
[2026-05-08T20:56:11.250+0000] {logging_mixin.py:190} INFO - [2026-05-08T20:56:11.249+0000] {dagbag.py:588} INFO - Filling up the DagBag from /home/airflow/.local/lib/python3.12/site-packages/airflow/example_dags/example_trigger_controller_dag.py
[2026-05-08T20:56:11.255+0000] {processor.py:925} INFO - DAG(s) 'example_trigger_controller_dag' retrieved from /home/airflow/.local/lib/python3.12/site-packages/airflow/example_dags/example_trigger_controller_dag.py
[2026-05-08T20:56:11.271+0000] {logging_mixin.py:190} INFO - [2026-05-08T20:56:11.271+0000] {dag.py:3239} INFO - Sync 1 DAGs
[2026-05-08T20:56:11.294+0000] {logging_mixin.py:190} INFO - [2026-05-08T20:56:11.294+0000] {dag.py:4180} INFO - Setting next_dagrun for example_trigger_controller_dag to 2021-01-01 00:00:00+00:00, run_after=2021-01-01 00:00:00+00:00
[2026-05-08T20:56:11.308+0000] {processor.py:208} INFO - Processing /home/airflow/.local/lib/python3.12/site-packages/airflow/example_dags/example_trigger_controller_dag.py took 0.065 seconds
[2026-05-08T20:56:42.440+0000] {processor.py:186} INFO - Started process (PID=3247) to work on /home/airflow/.local/lib/python3.12/site-packages/airflow/example_dags/example_trigger_controller_dag.py
[2026-05-08T20:56:42.441+0000] {processor.py:914} INFO - Processing file /home/airflow/.local/lib/python3.12/site-packages/airflow/example_dags/example_trigger_controller_dag.py for tasks to queue
[2026-05-08T20:56:42.443+0000] {logging_mixin.py:190} INFO - [2026-05-08T20:56:42.442+0000] {dagbag.py:588} INFO - Filling up the DagBag from /home/airflow/.local/lib/python3.12/site-packages/airflow/example_dags/example_trigger_controller_dag.py
[2026-05-08T20:56:42.450+0000] {processor.py:925} INFO - DAG(s) 'example_trigger_controller_dag' retrieved from /home/airflow/.local/lib/python3.12/site-packages/airflow/example_dags/example_trigger_controller_dag.py
[2026-05-08T20:56:42.464+0000] {logging_mixin.py:190} INFO - [2026-05-08T20:56:42.463+0000] {dag.py:3239} INFO - Sync 1 DAGs
[2026-05-08T20:56:42.483+0000] {logging_mixin.py:190} INFO - [2026-05-08T20:56:42.483+0000] {dag.py:4180} INFO - Setting next_dagrun for example_trigger_controller_dag to 2021-01-01 00:00:00+00:00, run_after=2021-01-01 00:00:00+00:00
[2026-05-08T20:56:42.500+0000] {processor.py:208} INFO - Processing /home/airflow/.local/lib/python3.12/site-packages/airflow/example_dags/example_trigger_controller_dag.py took 0.064 seconds
[2026-05-08T20:57:13.921+0000] {processor.py:186} INFO - Started process (PID=3311) to work on /home/airflow/.local/lib/python3.12/site-packages/airflow/example_dags/example_trigger_controller_dag.py
[2026-05-08T20:57:13.922+0000] {processor.py:914} INFO - Processing file /home/airflow/.local/lib/python3.12/site-packages/airflow/example_dags/example_trigger_controller_dag.py for tasks to queue
[2026-05-08T20:57:13.924+0000] {logging_mixin.py:190} INFO - [2026-05-08T20:57:13.923+0000] {dagbag.py:588} INFO - Filling up the DagBag from /home/airflow/.local/lib/python3.12/site-packages/airflow/example_dags/example_trigger_controller_dag.py
[2026-05-08T20:57:13.930+0000] {processor.py:925} INFO - DAG(s) 'example_trigger_controller_dag' retrieved from /home/airflow/.local/lib/python3.12/site-packages/airflow/example_dags/example_trigger_controller_dag.py
[2026-05-08T20:57:13.946+0000] {logging_mixin.py:190} INFO - [2026-05-08T20:57:13.946+0000] {dag.py:3239} INFO - Sync 1 DAGs
[2026-05-08T20:57:13.964+0000] {logging_mixin.py:190} INFO - [2026-05-08T20:57:13.964+0000] {dag.py:4180} INFO - Setting next_dagrun for example_trigger_controller_dag to 2021-01-01 00:00:00+00:00, run_after=2021-01-01 00:00:00+00:00
[2026-05-08T20:57:13.979+0000] {processor.py:208} INFO - Processing /home/airflow/.local/lib/python3.12/site-packages/airflow/example_dags/example_trigger_controller_dag.py took 0.063 seconds
[2026-05-08T20:57:45.090+0000] {processor.py:186} INFO - Started process (PID=3375) to work on /home/airflow/.local/lib/python3.12/site-packages/airflow/example_dags/example_trigger_controller_dag.py
[2026-05-08T20:57:45.091+0000] {processor.py:914} INFO - Processing file /home/airflow/.local/lib/python3.12/site-packages/airflow/example_dags/example_trigger_controller_dag.py for tasks to queue
[2026-05-08T20:57:45.092+0000] {logging_mixin.py:190} INFO - [2026-05-08T20:57:45.092+0000] {dagbag.py:588} INFO - Filling up the DagBag from /home/airflow/.local/lib/python3.12/site-packages/airflow/example_dags/example_trigger_controller_dag.py
[2026-05-08T20:57:45.098+0000] {processor.py:925} INFO - DAG(s) 'example_trigger_controller_dag' retrieved from /home/airflow/.local/lib/python3.12/site-packages/airflow/example_dags/example_trigger_controller_dag.py
[2026-05-08T20:57:45.112+0000] {logging_mixin.py:190} INFO - [2026-05-08T20:57:45.112+0000] {dag.py:3239} INFO - Sync 1 DAGs
[2026-05-08T20:57:45.130+0000] {logging_mixin.py:190} INFO - [2026-05-08T20:57:45.130+0000] {dag.py:4180} INFO - Setting next_dagrun for example_trigger_controller_dag to 2021-01-01 00:00:00+00:00, run_after=2021-01-01 00:00:00+00:00
[2026-05-08T20:57:45.146+0000] {processor.py:208} INFO - Processing /home/airflow/.local/lib/python3.12/site-packages/airflow/example_dags/example_trigger_controller_dag.py took 0.060 seconds
[2026-05-08T20:58:15.941+0000] {processor.py:186} INFO - Started process (PID=3439) to work on /home/airflow/.local/lib/python3.12/site-packages/airflow/example_dags/example_trigger_controller_dag.py
[2026-05-08T20:58:15.943+0000] {processor.py:914} INFO - Processing file /home/airflow/.local/lib/python3.12/site-packages/airflow/example_dags/example_trigger_controller_dag.py for tasks to queue
[2026-05-08T20:58:15.945+0000] {logging_mixin.py:190} INFO - [2026-05-08T20:58:15.945+0000] {dagbag.py:588} INFO - Filling up the DagBag from /home/airflow/.local/lib/python3.12/site-packages/airflow/example_dags/example_trigger_controller_dag.py
[2026-05-08T20:58:15.953+0000] {processor.py:925} INFO - DAG(s) 'example_trigger_controller_dag' retrieved from /home/airflow/.local/lib/python3.12/site-packages/airflow/example_dags/example_trigger_controller_dag.py
[2026-05-08T20:58:15.971+0000] {logging_mixin.py:190} INFO - [2026-05-08T20:58:15.971+0000] {dag.py:3239} INFO - Sync 1 DAGs
[2026-05-08T20:58:15.995+0000] {logging_mixin.py:190} INFO - [2026-05-08T20:58:15.994+0000] {dag.py:4180} INFO - Setting next_dagrun for example_trigger_controller_dag to 2021-01-01 00:00:00+00:00, run_after=2021-01-01 00:00:00+00:00
[2026-05-08T20:58:16.012+0000] {processor.py:208} INFO - Processing /home/airflow/.local/lib/python3.12/site-packages/airflow/example_dags/example_trigger_controller_dag.py took 0.084 seconds
[2026-05-08T20:58:47.132+0000] {processor.py:186} INFO - Started process (PID=3503) to work on /home/airflow/.local/lib/python3.12/site-packages/airflow/example_dags/example_trigger_controller_dag.py
[2026-05-08T20:58:47.132+0000] {processor.py:914} INFO - Processing file /home/airflow/.local/lib/python3.12/site-packages/airflow/example_dags/example_trigger_controller_dag.py for tasks to queue
[2026-05-08T20:58:47.134+0000] {logging_mixin.py:190} INFO - [2026-05-08T20:58:47.134+0000] {dagbag.py:588} INFO - Filling up the DagBag from /home/airflow/.local/lib/python3.12/site-packages/airflow/example_dags/example_trigger_controller_dag.py
[2026-05-08T20:58:47.140+0000] {processor.py:925} INFO - DAG(s) 'example_trigger_controller_dag' retrieved from /home/airflow/.local/lib/python3.12/site-packages/airflow/example_dags/example_trigger_controller_dag.py
[2026-05-08T20:58:47.155+0000] {logging_mixin.py:190} INFO - [2026-05-08T20:58:47.155+0000] {dag.py:3239} INFO - Sync 1 DAGs
[2026-05-08T20:58:47.174+0000] {logging_mixin.py:190} INFO - [2026-05-08T20:58:47.174+0000] {dag.py:4180} INFO - Setting next_dagrun for example_trigger_controller_dag to 2021-01-01 00:00:00+00:00, run_after=2021-01-01 00:00:00+00:00
[2026-05-08T20:58:47.188+0000] {processor.py:208} INFO - Processing /home/airflow/.local/lib/python3.12/site-packages/airflow/example_dags/example_trigger_controller_dag.py took 0.061 seconds
[2026-05-08T20:59:18.298+0000] {processor.py:186} INFO - Started process (PID=3567) to work on /home/airflow/.local/lib/python3.12/site-packages/airflow/example_dags/example_trigger_controller_dag.py
[2026-05-08T20:59:18.299+0000] {processor.py:914} INFO - Processing file /home/airflow/.local/lib/python3.12/site-packages/airflow/example_dags/example_trigger_controller_dag.py for tasks to queue
[2026-05-08T20:59:18.301+0000] {logging_mixin.py:190} INFO - [2026-05-08T20:59:18.300+0000] {dagbag.py:588} INFO - Filling up the DagBag from /home/airflow/.local/lib/python3.12/site-packages/airflow/example_dags/example_trigger_controller_dag.py
[2026-05-08T20:59:18.307+0000] {processor.py:925} INFO - DAG(s) 'example_trigger_controller_dag' retrieved from /home/airflow/.local/lib/python3.12/site-packages/airflow/example_dags/example_trigger_controller_dag.py
[2026-05-08T20:59:18.322+0000] {logging_mixin.py:190} INFO - [2026-05-08T20:59:18.321+0000] {dag.py:3239} INFO - Sync 1 DAGs
[2026-05-08T20:59:18.342+0000] {logging_mixin.py:190} INFO - [2026-05-08T20:59:18.342+0000] {dag.py:4180} INFO - Setting next_dagrun for example_trigger_controller_dag to 2021-01-01 00:00:00+00:00, run_after=2021-01-01 00:00:00+00:00
[2026-05-08T20:59:18.356+0000] {processor.py:208} INFO - Processing /home/airflow/.local/lib/python3.12/site-packages/airflow/example_dags/example_trigger_controller_dag.py took 0.062 seconds
[2026-05-08T20:59:48.971+0000] {processor.py:186} INFO - Started process (PID=3631) to work on /home/airflow/.local/lib/python3.12/site-packages/airflow/example_dags/example_trigger_controller_dag.py
[2026-05-08T20:59:48.972+0000] {processor.py:914} INFO - Processing file /home/airflow/.local/lib/python3.12/site-packages/airflow/example_dags/example_trigger_controller_dag.py for tasks to queue
[2026-05-08T20:59:48.973+0000] {logging_mixin.py:190} INFO - [2026-05-08T20:59:48.973+0000] {dagbag.py:588} INFO - Filling up the DagBag from /home/airflow/.local/lib/python3.12/site-packages/airflow/example_dags/example_trigger_controller_dag.py
[2026-05-08T20:59:48.980+0000] {processor.py:925} INFO - DAG(s) 'example_trigger_controller_dag' retrieved from /home/airflow/.local/lib/python3.12/site-packages/airflow/example_dags/example_trigger_controller_dag.py
[2026-05-08T20:59:48.996+0000] {logging_mixin.py:190} INFO - [2026-05-08T20:59:48.996+0000] {dag.py:3239} INFO - Sync 1 DAGs
[2026-05-08T20:59:49.017+0000] {logging_mixin.py:190} INFO - [2026-05-08T20:59:49.017+0000] {dag.py:4180} INFO - Setting next_dagrun for example_trigger_controller_dag to 2021-01-01 00:00:00+00:00, run_after=2021-01-01 00:00:00+00:00
[2026-05-08T20:59:49.034+0000] {processor.py:208} INFO - Processing /home/airflow/.local/lib/python3.12/site-packages/airflow/example_dags/example_trigger_controller_dag.py took 0.067 seconds
[2026-05-08T21:00:20.266+0000] {processor.py:186} INFO - Started process (PID=3695) to work on /home/airflow/.local/lib/python3.12/site-packages/airflow/example_dags/example_trigger_controller_dag.py
[2026-05-08T21:00:20.266+0000] {processor.py:914} INFO - Processing file /home/airflow/.local/lib/python3.12/site-packages/airflow/example_dags/example_trigger_controller_dag.py for tasks to queue
[2026-05-08T21:00:20.268+0000] {logging_mixin.py:190} INFO - [2026-05-08T21:00:20.268+0000] {dagbag.py:588} INFO - Filling up the DagBag from /home/airflow/.local/lib/python3.12/site-packages/airflow/example_dags/example_trigger_controller_dag.py
[2026-05-08T21:00:20.273+0000] {processor.py:925} INFO - DAG(s) 'example_trigger_controller_dag' retrieved from /home/airflow/.local/lib/python3.12/site-packages/airflow/example_dags/example_trigger_controller_dag.py
[2026-05-08T21:00:20.289+0000] {logging_mixin.py:190} INFO - [2026-05-08T21:00:20.289+0000] {dag.py:3239} INFO - Sync 1 DAGs
[2026-05-08T21:00:20.309+0000] {logging_mixin.py:190} INFO - [2026-05-08T21:00:20.309+0000] {dag.py:4180} INFO - Setting next_dagrun for example_trigger_controller_dag to 2021-01-01 00:00:00+00:00, run_after=2021-01-01 00:00:00+00:00
[2026-05-08T21:00:20.326+0000] {processor.py:208} INFO - Processing /home/airflow/.local/lib/python3.12/site-packages/airflow/example_dags/example_trigger_controller_dag.py took 0.065 seconds
[2026-05-08T21:00:51.596+0000] {processor.py:186} INFO - Started process (PID=3759) to work on /home/airflow/.local/lib/python3.12/site-packages/airflow/example_dags/example_trigger_controller_dag.py
[2026-05-08T21:00:51.597+0000] {processor.py:914} INFO - Processing file /home/airflow/.local/lib/python3.12/site-packages/airflow/example_dags/example_trigger_controller_dag.py for tasks to queue
[2026-05-08T21:00:51.599+0000] {logging_mixin.py:190} INFO - [2026-05-08T21:00:51.598+0000] {dagbag.py:588} INFO - Filling up the DagBag from /home/airflow/.local/lib/python3.12/site-packages/airflow/example_dags/example_trigger_controller_dag.py
[2026-05-08T21:00:51.604+0000] {processor.py:925} INFO - DAG(s) 'example_trigger_controller_dag' retrieved from /home/airflow/.local/lib/python3.12/site-packages/airflow/example_dags/example_trigger_controller_dag.py
[2026-05-08T21:00:51.620+0000] {logging_mixin.py:190} INFO - [2026-05-08T21:00:51.620+0000] {dag.py:3239} INFO - Sync 1 DAGs
[2026-05-08T21:00:51.641+0000] {logging_mixin.py:190} INFO - [2026-05-08T21:00:51.641+0000] {dag.py:4180} INFO - Setting next_dagrun for example_trigger_controller_dag to 2021-01-01 00:00:00+00:00, run_after=2021-01-01 00:00:00+00:00
[2026-05-08T21:00:51.655+0000] {processor.py:208} INFO - Processing /home/airflow/.local/lib/python3.12/site-packages/airflow/example_dags/example_trigger_controller_dag.py took 0.063 seconds
[2026-05-08T21:01:22.897+0000] {processor.py:186} INFO - Started process (PID=3823) to work on /home/airflow/.local/lib/python3.12/site-packages/airflow/example_dags/example_trigger_controller_dag.py
[2026-05-08T21:01:22.897+0000] {processor.py:914} INFO - Processing file /home/airflow/.local/lib/python3.12/site-packages/airflow/example_dags/example_trigger_controller_dag.py for tasks to queue
[2026-05-08T21:01:22.899+0000] {logging_mixin.py:190} INFO - [2026-05-08T21:01:22.899+0000] {dagbag.py:588} INFO - Filling up the DagBag from /home/airflow/.local/lib/python3.12/site-packages/airflow/example_dags/example_trigger_controller_dag.py
[2026-05-08T21:01:22.905+0000] {processor.py:925} INFO - DAG(s) 'example_trigger_controller_dag' retrieved from /home/airflow/.local/lib/python3.12/site-packages/airflow/example_dags/example_trigger_controller_dag.py
[2026-05-08T21:01:22.919+0000] {logging_mixin.py:190} INFO - [2026-05-08T21:01:22.919+0000] {dag.py:3239} INFO - Sync 1 DAGs
[2026-05-08T21:01:22.937+0000] {logging_mixin.py:190} INFO - [2026-05-08T21:01:22.937+0000] {dag.py:4180} INFO - Setting next_dagrun for example_trigger_controller_dag to 2021-01-01 00:00:00+00:00, run_after=2021-01-01 00:00:00+00:00
[2026-05-08T21:01:22.953+0000] {processor.py:208} INFO - Processing /home/airflow/.local/lib/python3.12/site-packages/airflow/example_dags/example_trigger_controller_dag.py took 0.061 seconds
[2026-05-08T21:01:54.152+0000] {processor.py:186} INFO - Started process (PID=3887) to work on /home/airflow/.local/lib/python3.12/site-packages/airflow/example_dags/example_trigger_controller_dag.py
[2026-05-08T21:01:54.153+0000] {processor.py:914} INFO - Processing file /home/airflow/.local/lib/python3.12/site-packages/airflow/example_dags/example_trigger_controller_dag.py for tasks to queue
[2026-05-08T21:01:54.155+0000] {logging_mixin.py:190} INFO - [2026-05-08T21:01:54.155+0000] {dagbag.py:588} INFO - Filling up the DagBag from /home/airflow/.local/lib/python3.12/site-packages/airflow/example_dags/example_trigger_controller_dag.py
[2026-05-08T21:01:54.162+0000] {processor.py:925} INFO - DAG(s) 'example_trigger_controller_dag' retrieved from /home/airflow/.local/lib/python3.12/site-packages/airflow/example_dags/example_trigger_controller_dag.py
[2026-05-08T21:01:54.176+0000] {logging_mixin.py:190} INFO - [2026-05-08T21:01:54.176+0000] {dag.py:3239} INFO - Sync 1 DAGs
[2026-05-08T21:01:54.193+0000] {logging_mixin.py:190} INFO - [2026-05-08T21:01:54.193+0000] {dag.py:4180} INFO - Setting next_dagrun for example_trigger_controller_dag to 2021-01-01 00:00:00+00:00, run_after=2021-01-01 00:00:00+00:00
[2026-05-08T21:01:54.207+0000] {processor.py:208} INFO - Processing /home/airflow/.local/lib/python3.12/site-packages/airflow/example_dags/example_trigger_controller_dag.py took 0.059 seconds
[2026-05-08T21:02:24.968+0000] {processor.py:186} INFO - Started process (PID=3951) to work on /home/airflow/.local/lib/python3.12/site-packages/airflow/example_dags/example_trigger_controller_dag.py
[2026-05-08T21:02:24.969+0000] {processor.py:914} INFO - Processing file /home/airflow/.local/lib/python3.12/site-packages/airflow/example_dags/example_trigger_controller_dag.py for tasks to queue
[2026-05-08T21:02:24.970+0000] {logging_mixin.py:190} INFO - [2026-05-08T21:02:24.970+0000] {dagbag.py:588} INFO - Filling up the DagBag from /home/airflow/.local/lib/python3.12/site-packages/airflow/example_dags/example_trigger_controller_dag.py
[2026-05-08T21:02:24.977+0000] {processor.py:925} INFO - DAG(s) 'example_trigger_controller_dag' retrieved from /home/airflow/.local/lib/python3.12/site-packages/airflow/example_dags/example_trigger_controller_dag.py
[2026-05-08T21:02:24.993+0000] {logging_mixin.py:190} INFO - [2026-05-08T21:02:24.993+0000] {dag.py:3239} INFO - Sync 1 DAGs
[2026-05-08T21:02:25.015+0000] {logging_mixin.py:190} INFO - [2026-05-08T21:02:25.014+0000] {dag.py:4180} INFO - Setting next_dagrun for example_trigger_controller_dag to 2021-01-01 00:00:00+00:00, run_after=2021-01-01 00:00:00+00:00
[2026-05-08T21:02:25.030+0000] {processor.py:208} INFO - Processing /home/airflow/.local/lib/python3.12/site-packages/airflow/example_dags/example_trigger_controller_dag.py took 0.067 seconds
[2026-05-08T21:02:55.525+0000] {processor.py:186} INFO - Started process (PID=4015) to work on /home/airflow/.local/lib/python3.12/site-packages/airflow/example_dags/example_trigger_controller_dag.py
[2026-05-08T21:02:55.525+0000] {processor.py:914} INFO - Processing file /home/airflow/.local/lib/python3.12/site-packages/airflow/example_dags/example_trigger_controller_dag.py for tasks to queue
[2026-05-08T21:02:55.527+0000] {logging_mixin.py:190} INFO - [2026-05-08T21:02:55.527+0000] {dagbag.py:588} INFO - Filling up the DagBag from /home/airflow/.local/lib/python3.12/site-packages/airflow/example_dags/example_trigger_controller_dag.py
[2026-05-08T21:02:55.535+0000] {processor.py:925} INFO - DAG(s) 'example_trigger_controller_dag' retrieved from /home/airflow/.local/lib/python3.12/site-packages/airflow/example_dags/example_trigger_controller_dag.py
[2026-05-08T21:02:55.551+0000] {logging_mixin.py:190} INFO - [2026-05-08T21:02:55.551+0000] {dag.py:3239} INFO - Sync 1 DAGs
[2026-05-08T21:02:55.569+0000] {logging_mixin.py:190} INFO - [2026-05-08T21:02:55.569+0000] {dag.py:4180} INFO - Setting next_dagrun for example_trigger_controller_dag to 2021-01-01 00:00:00+00:00, run_after=2021-01-01 00:00:00+00:00
[2026-05-08T21:02:55.583+0000] {processor.py:208} INFO - Processing /home/airflow/.local/lib/python3.12/site-packages/airflow/example_dags/example_trigger_controller_dag.py took 0.063 seconds
[2026-05-08T21:03:27.346+0000] {processor.py:186} INFO - Started process (PID=4080) to work on /home/airflow/.local/lib/python3.12/site-packages/airflow/example_dags/example_trigger_controller_dag.py
[2026-05-08T21:03:27.346+0000] {processor.py:914} INFO - Processing file /home/airflow/.local/lib/python3.12/site-packages/airflow/example_dags/example_trigger_controller_dag.py for tasks to queue
[2026-05-08T21:03:27.348+0000] {logging_mixin.py:190} INFO - [2026-05-08T21:03:27.348+0000] {dagbag.py:588} INFO - Filling up the DagBag from /home/airflow/.local/lib/python3.12/site-packages/airflow/example_dags/example_trigger_controller_dag.py
[2026-05-08T21:03:27.354+0000] {processor.py:925} INFO - DAG(s) 'example_trigger_controller_dag' retrieved from /home/airflow/.local/lib/python3.12/site-packages/airflow/example_dags/example_trigger_controller_dag.py
[2026-05-08T21:03:27.369+0000] {logging_mixin.py:190} INFO - [2026-05-08T21:03:27.369+0000] {dag.py:3239} INFO - Sync 1 DAGs
[2026-05-08T21:03:27.386+0000] {logging_mixin.py:190} INFO - [2026-05-08T21:03:27.386+0000] {dag.py:4180} INFO - Setting next_dagrun for example_trigger_controller_dag to 2021-01-01 00:00:00+00:00, run_after=2021-01-01 00:00:00+00:00
[2026-05-08T21:03:27.400+0000] {processor.py:208} INFO - Processing /home/airflow/.local/lib/python3.12/site-packages/airflow/example_dags/example_trigger_controller_dag.py took 0.060 seconds
[2026-05-08T21:03:59.935+0000] {processor.py:186} INFO - Started process (PID=4144) to work on /home/airflow/.local/lib/python3.12/site-packages/airflow/example_dags/example_trigger_controller_dag.py
[2026-05-08T21:03:59.936+0000] {processor.py:914} INFO - Processing file /home/airflow/.local/lib/python3.12/site-packages/airflow/example_dags/example_trigger_controller_dag.py for tasks to queue
[2026-05-08T21:03:59.938+0000] {logging_mixin.py:190} INFO - [2026-05-08T21:03:59.938+0000] {dagbag.py:588} INFO - Filling up the DagBag from /home/airflow/.local/lib/python3.12/site-packages/airflow/example_dags/example_trigger_controller_dag.py
[2026-05-08T21:03:59.947+0000] {processor.py:925} INFO - DAG(s) 'example_trigger_controller_dag' retrieved from /home/airflow/.local/lib/python3.12/site-packages/airflow/example_dags/example_trigger_controller_dag.py
[2026-05-08T21:04:00.130+0000] {logging_mixin.py:190} INFO - [2026-05-08T21:04:00.130+0000] {dag.py:3239} INFO - Sync 1 DAGs
[2026-05-08T21:04:00.146+0000] {logging_mixin.py:190} INFO - [2026-05-08T21:04:00.146+0000] {dag.py:4180} INFO - Setting next_dagrun for example_trigger_controller_dag to 2021-01-01 00:00:00+00:00, run_after=2021-01-01 00:00:00+00:00
[2026-05-08T21:04:00.159+0000] {processor.py:208} INFO - Processing /home/airflow/.local/lib/python3.12/site-packages/airflow/example_dags/example_trigger_controller_dag.py took 0.230 seconds
[2026-05-08T21:04:30.529+0000] {processor.py:186} INFO - Started process (PID=4208) to work on /home/airflow/.local/lib/python3.12/site-packages/airflow/example_dags/example_trigger_controller_dag.py
[2026-05-08T21:04:30.530+0000] {processor.py:914} INFO - Processing file /home/airflow/.local/lib/python3.12/site-packages/airflow/example_dags/example_trigger_controller_dag.py for tasks to queue
[2026-05-08T21:04:30.532+0000] {logging_mixin.py:190} INFO - [2026-05-08T21:04:30.531+0000] {dagbag.py:588} INFO - Filling up the DagBag from /home/airflow/.local/lib/python3.12/site-packages/airflow/example_dags/example_trigger_controller_dag.py
[2026-05-08T21:04:30.537+0000] {processor.py:925} INFO - DAG(s) 'example_trigger_controller_dag' retrieved from /home/airflow/.local/lib/python3.12/site-packages/airflow/example_dags/example_trigger_controller_dag.py
[2026-05-08T21:04:30.552+0000] {logging_mixin.py:190} INFO - [2026-05-08T21:04:30.552+0000] {dag.py:3239} INFO - Sync 1 DAGs
[2026-05-08T21:04:30.570+0000] {logging_mixin.py:190} INFO - [2026-05-08T21:04:30.570+0000] {dag.py:4180} INFO - Setting next_dagrun for example_trigger_controller_dag to 2021-01-01 00:00:00+00:00, run_after=2021-01-01 00:00:00+00:00
[2026-05-08T21:04:30.588+0000] {processor.py:208} INFO - Processing /home/airflow/.local/lib/python3.12/site-packages/airflow/example_dags/example_trigger_controller_dag.py took 0.065 seconds
[2026-05-08T21:05:00.882+0000] {processor.py:186} INFO - Started process (PID=4272) to work on /home/airflow/.local/lib/python3.12/site-packages/airflow/example_dags/example_trigger_controller_dag.py
[2026-05-08T21:05:00.882+0000] {processor.py:914} INFO - Processing file /home/airflow/.local/lib/python3.12/site-packages/airflow/example_dags/example_trigger_controller_dag.py for tasks to queue
[2026-05-08T21:05:00.884+0000] {logging_mixin.py:190} INFO - [2026-05-08T21:05:00.884+0000] {dagbag.py:588} INFO - Filling up the DagBag from /home/airflow/.local/lib/python3.12/site-packages/airflow/example_dags/example_trigger_controller_dag.py
[2026-05-08T21:05:00.890+0000] {processor.py:925} INFO - DAG(s) 'example_trigger_controller_dag' retrieved from /home/airflow/.local/lib/python3.12/site-packages/airflow/example_dags/example_trigger_controller_dag.py
[2026-05-08T21:05:00.904+0000] {logging_mixin.py:190} INFO - [2026-05-08T21:05:00.904+0000] {dag.py:3239} INFO - Sync 1 DAGs
[2026-05-08T21:05:00.921+0000] {logging_mixin.py:190} INFO - [2026-05-08T21:05:00.921+0000] {dag.py:4180} INFO - Setting next_dagrun for example_trigger_controller_dag to 2021-01-01 00:00:00+00:00, run_after=2021-01-01 00:00:00+00:00
[2026-05-08T21:05:00.934+0000] {processor.py:208} INFO - Processing /home/airflow/.local/lib/python3.12/site-packages/airflow/example_dags/example_trigger_controller_dag.py took 0.057 seconds
[2026-05-08T21:05:32.249+0000] {processor.py:186} INFO - Started process (PID=4336) to work on /home/airflow/.local/lib/python3.12/site-packages/airflow/example_dags/example_trigger_controller_dag.py
[2026-05-08T21:05:32.249+0000] {processor.py:914} INFO - Processing file /home/airflow/.local/lib/python3.12/site-packages/airflow/example_dags/example_trigger_controller_dag.py for tasks to queue
[2026-05-08T21:05:32.251+0000] {logging_mixin.py:190} INFO - [2026-05-08T21:05:32.251+0000] {dagbag.py:588} INFO - Filling up the DagBag from /home/airflow/.local/lib/python3.12/site-packages/airflow/example_dags/example_trigger_controller_dag.py
[2026-05-08T21:05:32.257+0000] {processor.py:925} INFO - DAG(s) 'example_trigger_controller_dag' retrieved from /home/airflow/.local/lib/python3.12/site-packages/airflow/example_dags/example_trigger_controller_dag.py
[2026-05-08T21:05:32.275+0000] {logging_mixin.py:190} INFO - [2026-05-08T21:05:32.275+0000] {dag.py:3239} INFO - Sync 1 DAGs
[2026-05-08T21:05:32.299+0000] {logging_mixin.py:190} INFO - [2026-05-08T21:05:32.299+0000] {dag.py:4180} INFO - Setting next_dagrun for example_trigger_controller_dag to 2021-01-01 00:00:00+00:00, run_after=2021-01-01 00:00:00+00:00
[2026-05-08T21:05:32.316+0000] {processor.py:208} INFO - Processing /home/airflow/.local/lib/python3.12/site-packages/airflow/example_dags/example_trigger_controller_dag.py took 0.072 seconds
[2026-05-08T21:06:02.602+0000] {processor.py:186} INFO - Started process (PID=4399) to work on /home/airflow/.local/lib/python3.12/site-packages/airflow/example_dags/example_trigger_controller_dag.py
[2026-05-08T21:06:02.603+0000] {processor.py:914} INFO - Processing file /home/airflow/.local/lib/python3.12/site-packages/airflow/example_dags/example_trigger_controller_dag.py for tasks to queue
[2026-05-08T21:06:02.604+0000] {logging_mixin.py:190} INFO - [2026-05-08T21:06:02.604+0000] {dagbag.py:588} INFO - Filling up the DagBag from /home/airflow/.local/lib/python3.12/site-packages/airflow/example_dags/example_trigger_controller_dag.py
[2026-05-08T21:06:02.610+0000] {processor.py:925} INFO - DAG(s) 'example_trigger_controller_dag' retrieved from /home/airflow/.local/lib/python3.12/site-packages/airflow/example_dags/example_trigger_controller_dag.py
[2026-05-08T21:06:02.624+0000] {logging_mixin.py:190} INFO - [2026-05-08T21:06:02.624+0000] {dag.py:3239} INFO - Sync 1 DAGs
[2026-05-08T21:06:02.641+0000] {logging_mixin.py:190} INFO - [2026-05-08T21:06:02.641+0000] {dag.py:4180} INFO - Setting next_dagrun for example_trigger_controller_dag to 2021-01-01 00:00:00+00:00, run_after=2021-01-01 00:00:00+00:00
[2026-05-08T21:06:02.655+0000] {processor.py:208} INFO - Processing /home/airflow/.local/lib/python3.12/site-packages/airflow/example_dags/example_trigger_controller_dag.py took 0.057 seconds
[2026-05-08T21:06:33.019+0000] {processor.py:186} INFO - Started process (PID=4463) to work on /home/airflow/.local/lib/python3.12/site-packages/airflow/example_dags/example_trigger_controller_dag.py
[2026-05-08T21:06:33.020+0000] {processor.py:914} INFO - Processing file /home/airflow/.local/lib/python3.12/site-packages/airflow/example_dags/example_trigger_controller_dag.py for tasks to queue
[2026-05-08T21:06:33.022+0000] {logging_mixin.py:190} INFO - [2026-05-08T21:06:33.021+0000] {dagbag.py:588} INFO - Filling up the DagBag from /home/airflow/.local/lib/python3.12/site-packages/airflow/example_dags/example_trigger_controller_dag.py
[2026-05-08T21:06:33.029+0000] {processor.py:925} INFO - DAG(s) 'example_trigger_controller_dag' retrieved from /home/airflow/.local/lib/python3.12/site-packages/airflow/example_dags/example_trigger_controller_dag.py
[2026-05-08T21:06:33.043+0000] {logging_mixin.py:190} INFO - [2026-05-08T21:06:33.043+0000] {dag.py:3239} INFO - Sync 1 DAGs
[2026-05-08T21:06:33.065+0000] {logging_mixin.py:190} INFO - [2026-05-08T21:06:33.064+0000] {dag.py:4180} INFO - Setting next_dagrun for example_trigger_controller_dag to 2021-01-01 00:00:00+00:00, run_after=2021-01-01 00:00:00+00:00
[2026-05-08T21:06:33.081+0000] {processor.py:208} INFO - Processing /home/airflow/.local/lib/python3.12/site-packages/airflow/example_dags/example_trigger_controller_dag.py took 0.068 seconds
[2026-05-08T21:07:03.852+0000] {processor.py:186} INFO - Started process (PID=4532) to work on /home/airflow/.local/lib/python3.12/site-packages/airflow/example_dags/example_trigger_controller_dag.py
[2026-05-08T21:07:03.852+0000] {processor.py:914} INFO - Processing file /home/airflow/.local/lib/python3.12/site-packages/airflow/example_dags/example_trigger_controller_dag.py for tasks to queue
[2026-05-08T21:07:03.854+0000] {logging_mixin.py:190} INFO - [2026-05-08T21:07:03.853+0000] {dagbag.py:588} INFO - Filling up the DagBag from /home/airflow/.local/lib/python3.12/site-packages/airflow/example_dags/example_trigger_controller_dag.py
[2026-05-08T21:07:03.859+0000] {processor.py:925} INFO - DAG(s) 'example_trigger_controller_dag' retrieved from /home/airflow/.local/lib/python3.12/site-packages/airflow/example_dags/example_trigger_controller_dag.py
[2026-05-08T21:07:03.873+0000] {logging_mixin.py:190} INFO - [2026-05-08T21:07:03.873+0000] {dag.py:3239} INFO - Sync 1 DAGs
[2026-05-08T21:07:03.891+0000] {logging_mixin.py:190} INFO - [2026-05-08T21:07:03.891+0000] {dag.py:4180} INFO - Setting next_dagrun for example_trigger_controller_dag to 2021-01-01 00:00:00+00:00, run_after=2021-01-01 00:00:00+00:00
[2026-05-08T21:07:03.904+0000] {processor.py:208} INFO - Processing /home/airflow/.local/lib/python3.12/site-packages/airflow/example_dags/example_trigger_controller_dag.py took 0.057 seconds
[2026-05-08T21:07:34.670+0000] {processor.py:186} INFO - Started process (PID=4596) to work on /home/airflow/.local/lib/python3.12/site-packages/airflow/example_dags/example_trigger_controller_dag.py
[2026-05-08T21:07:34.671+0000] {processor.py:914} INFO - Processing file /home/airflow/.local/lib/python3.12/site-packages/airflow/example_dags/example_trigger_controller_dag.py for tasks to queue
[2026-05-08T21:07:34.673+0000] {logging_mixin.py:190} INFO - [2026-05-08T21:07:34.672+0000] {dagbag.py:588} INFO - Filling up the DagBag from /home/airflow/.local/lib/python3.12/site-packages/airflow/example_dags/example_trigger_controller_dag.py
[2026-05-08T21:07:34.679+0000] {processor.py:925} INFO - DAG(s) 'example_trigger_controller_dag' retrieved from /home/airflow/.local/lib/python3.12/site-packages/airflow/example_dags/example_trigger_controller_dag.py
[2026-05-08T21:07:34.693+0000] {logging_mixin.py:190} INFO - [2026-05-08T21:07:34.693+0000] {dag.py:3239} INFO - Sync 1 DAGs
[2026-05-08T21:07:34.712+0000] {logging_mixin.py:190} INFO - [2026-05-08T21:07:34.712+0000] {dag.py:4180} INFO - Setting next_dagrun for example_trigger_controller_dag to 2021-01-01 00:00:00+00:00, run_after=2021-01-01 00:00:00+00:00
[2026-05-08T21:07:34.727+0000] {processor.py:208} INFO - Processing /home/airflow/.local/lib/python3.12/site-packages/airflow/example_dags/example_trigger_controller_dag.py took 0.062 seconds
[2026-05-08T21:08:05.704+0000] {processor.py:186} INFO - Started process (PID=4660) to work on /home/airflow/.local/lib/python3.12/site-packages/airflow/example_dags/example_trigger_controller_dag.py
[2026-05-08T21:08:05.705+0000] {processor.py:914} INFO - Processing file /home/airflow/.local/lib/python3.12/site-packages/airflow/example_dags/example_trigger_controller_dag.py for tasks to queue
[2026-05-08T21:08:05.707+0000] {logging_mixin.py:190} INFO - [2026-05-08T21:08:05.706+0000] {dagbag.py:588} INFO - Filling up the DagBag from /home/airflow/.local/lib/python3.12/site-packages/airflow/example_dags/example_trigger_controller_dag.py
[2026-05-08T21:08:05.712+0000] {processor.py:925} INFO - DAG(s) 'example_trigger_controller_dag' retrieved from /home/airflow/.local/lib/python3.12/site-packages/airflow/example_dags/example_trigger_controller_dag.py
[2026-05-08T21:08:05.726+0000] {logging_mixin.py:190} INFO - [2026-05-08T21:08:05.726+0000] {dag.py:3239} INFO - Sync 1 DAGs
[2026-05-08T21:08:05.743+0000] {logging_mixin.py:190} INFO - [2026-05-08T21:08:05.743+0000] {dag.py:4180} INFO - Setting next_dagrun for example_trigger_controller_dag to 2021-01-01 00:00:00+00:00, run_after=2021-01-01 00:00:00+00:00
[2026-05-08T21:08:05.756+0000] {processor.py:208} INFO - Processing /home/airflow/.local/lib/python3.12/site-packages/airflow/example_dags/example_trigger_controller_dag.py took 0.056 seconds
[2026-05-08T21:08:36.197+0000] {processor.py:186} INFO - Started process (PID=4724) to work on /home/airflow/.local/lib/python3.12/site-packages/airflow/example_dags/example_trigger_controller_dag.py
[2026-05-08T21:08:36.198+0000] {processor.py:914} INFO - Processing file /home/airflow/.local/lib/python3.12/site-packages/airflow/example_dags/example_trigger_controller_dag.py for tasks to queue
[2026-05-08T21:08:36.201+0000] {logging_mixin.py:190} INFO - [2026-05-08T21:08:36.200+0000] {dagbag.py:588} INFO - Filling up the DagBag from /home/airflow/.local/lib/python3.12/site-packages/airflow/example_dags/example_trigger_controller_dag.py
[2026-05-08T21:08:36.209+0000] {processor.py:925} INFO - DAG(s) 'example_trigger_controller_dag' retrieved from /home/airflow/.local/lib/python3.12/site-packages/airflow/example_dags/example_trigger_controller_dag.py
[2026-05-08T21:08:36.230+0000] {logging_mixin.py:190} INFO - [2026-05-08T21:08:36.230+0000] {dag.py:3239} INFO - Sync 1 DAGs
[2026-05-08T21:08:36.253+0000] {logging_mixin.py:190} INFO - [2026-05-08T21:08:36.253+0000] {dag.py:4180} INFO - Setting next_dagrun for example_trigger_controller_dag to 2021-01-01 00:00:00+00:00, run_after=2021-01-01 00:00:00+00:00
[2026-05-08T21:08:36.269+0000] {processor.py:208} INFO - Processing /home/airflow/.local/lib/python3.12/site-packages/airflow/example_dags/example_trigger_controller_dag.py took 0.078 seconds
[2026-05-08T21:09:06.574+0000] {processor.py:186} INFO - Started process (PID=4788) to work on /home/airflow/.local/lib/python3.12/site-packages/airflow/example_dags/example_trigger_controller_dag.py
[2026-05-08T21:09:06.575+0000] {processor.py:914} INFO - Processing file /home/airflow/.local/lib/python3.12/site-packages/airflow/example_dags/example_trigger_controller_dag.py for tasks to queue
[2026-05-08T21:09:06.577+0000] {logging_mixin.py:190} INFO - [2026-05-08T21:09:06.576+0000] {dagbag.py:588} INFO - Filling up the DagBag from /home/airflow/.local/lib/python3.12/site-packages/airflow/example_dags/example_trigger_controller_dag.py
[2026-05-08T21:09:06.582+0000] {processor.py:925} INFO - DAG(s) 'example_trigger_controller_dag' retrieved from /home/airflow/.local/lib/python3.12/site-packages/airflow/example_dags/example_trigger_controller_dag.py
[2026-05-08T21:09:06.597+0000] {logging_mixin.py:190} INFO - [2026-05-08T21:09:06.597+0000] {dag.py:3239} INFO - Sync 1 DAGs
[2026-05-08T21:09:06.614+0000] {logging_mixin.py:190} INFO - [2026-05-08T21:09:06.614+0000] {dag.py:4180} INFO - Setting next_dagrun for example_trigger_controller_dag to 2021-01-01 00:00:00+00:00, run_after=2021-01-01 00:00:00+00:00
[2026-05-08T21:09:06.628+0000] {processor.py:208} INFO - Processing /home/airflow/.local/lib/python3.12/site-packages/airflow/example_dags/example_trigger_controller_dag.py took 0.058 seconds
[2026-05-08T21:09:36.907+0000] {processor.py:186} INFO - Started process (PID=4851) to work on /home/airflow/.local/lib/python3.12/site-packages/airflow/example_dags/example_trigger_controller_dag.py
[2026-05-08T21:09:36.907+0000] {processor.py:914} INFO - Processing file /home/airflow/.local/lib/python3.12/site-packages/airflow/example_dags/example_trigger_controller_dag.py for tasks to queue
[2026-05-08T21:09:36.909+0000] {logging_mixin.py:190} INFO - [2026-05-08T21:09:36.909+0000] {dagbag.py:588} INFO - Filling up the DagBag from /home/airflow/.local/lib/python3.12/site-packages/airflow/example_dags/example_trigger_controller_dag.py
[2026-05-08T21:09:36.914+0000] {processor.py:925} INFO - DAG(s) 'example_trigger_controller_dag' retrieved from /home/airflow/.local/lib/python3.12/site-packages/airflow/example_dags/example_trigger_controller_dag.py
[2026-05-08T21:09:36.928+0000] {logging_mixin.py:190} INFO - [2026-05-08T21:09:36.928+0000] {dag.py:3239} INFO - Sync 1 DAGs
[2026-05-08T21:09:36.947+0000] {logging_mixin.py:190} INFO - [2026-05-08T21:09:36.947+0000] {dag.py:4180} INFO - Setting next_dagrun for example_trigger_controller_dag to 2021-01-01 00:00:00+00:00, run_after=2021-01-01 00:00:00+00:00
[2026-05-08T21:09:36.964+0000] {processor.py:208} INFO - Processing /home/airflow/.local/lib/python3.12/site-packages/airflow/example_dags/example_trigger_controller_dag.py took 0.062 seconds
[2026-05-08T21:10:07.919+0000] {processor.py:186} INFO - Started process (PID=4915) to work on /home/airflow/.local/lib/python3.12/site-packages/airflow/example_dags/example_trigger_controller_dag.py
[2026-05-08T21:10:07.920+0000] {processor.py:914} INFO - Processing file /home/airflow/.local/lib/python3.12/site-packages/airflow/example_dags/example_trigger_controller_dag.py for tasks to queue
[2026-05-08T21:10:07.922+0000] {logging_mixin.py:190} INFO - [2026-05-08T21:10:07.921+0000] {dagbag.py:588} INFO - Filling up the DagBag from /home/airflow/.local/lib/python3.12/site-packages/airflow/example_dags/example_trigger_controller_dag.py
[2026-05-08T21:10:07.927+0000] {processor.py:925} INFO - DAG(s) 'example_trigger_controller_dag' retrieved from /home/airflow/.local/lib/python3.12/site-packages/airflow/example_dags/example_trigger_controller_dag.py
[2026-05-08T21:10:07.943+0000] {logging_mixin.py:190} INFO - [2026-05-08T21:10:07.943+0000] {dag.py:3239} INFO - Sync 1 DAGs
[2026-05-08T21:10:07.967+0000] {logging_mixin.py:190} INFO - [2026-05-08T21:10:07.967+0000] {dag.py:4180} INFO - Setting next_dagrun for example_trigger_controller_dag to 2021-01-01 00:00:00+00:00, run_after=2021-01-01 00:00:00+00:00
[2026-05-08T21:10:07.983+0000] {processor.py:208} INFO - Processing /home/airflow/.local/lib/python3.12/site-packages/airflow/example_dags/example_trigger_controller_dag.py took 0.068 seconds
[2026-05-08T21:10:38.441+0000] {processor.py:186} INFO - Started process (PID=4979) to work on /home/airflow/.local/lib/python3.12/site-packages/airflow/example_dags/example_trigger_controller_dag.py
[2026-05-08T21:10:38.442+0000] {processor.py:914} INFO - Processing file /home/airflow/.local/lib/python3.12/site-packages/airflow/example_dags/example_trigger_controller_dag.py for tasks to queue
[2026-05-08T21:10:38.444+0000] {logging_mixin.py:190} INFO - [2026-05-08T21:10:38.443+0000] {dagbag.py:588} INFO - Filling up the DagBag from /home/airflow/.local/lib/python3.12/site-packages/airflow/example_dags/example_trigger_controller_dag.py
[2026-05-08T21:10:38.450+0000] {processor.py:925} INFO - DAG(s) 'example_trigger_controller_dag' retrieved from /home/airflow/.local/lib/python3.12/site-packages/airflow/example_dags/example_trigger_controller_dag.py
[2026-05-08T21:10:38.466+0000] {logging_mixin.py:190} INFO - [2026-05-08T21:10:38.466+0000] {dag.py:3239} INFO - Sync 1 DAGs
[2026-05-08T21:10:38.484+0000] {logging_mixin.py:190} INFO - [2026-05-08T21:10:38.484+0000] {dag.py:4180} INFO - Setting next_dagrun for example_trigger_controller_dag to 2021-01-01 00:00:00+00:00, run_after=2021-01-01 00:00:00+00:00
[2026-05-08T21:10:38.497+0000] {processor.py:208} INFO - Processing /home/airflow/.local/lib/python3.12/site-packages/airflow/example_dags/example_trigger_controller_dag.py took 0.061 seconds
[2026-05-08T21:11:09.543+0000] {processor.py:186} INFO - Started process (PID=5043) to work on /home/airflow/.local/lib/python3.12/site-packages/airflow/example_dags/example_trigger_controller_dag.py
[2026-05-08T21:11:09.544+0000] {processor.py:914} INFO - Processing file /home/airflow/.local/lib/python3.12/site-packages/airflow/example_dags/example_trigger_controller_dag.py for tasks to queue
[2026-05-08T21:11:09.546+0000] {logging_mixin.py:190} INFO - [2026-05-08T21:11:09.545+0000] {dagbag.py:588} INFO - Filling up the DagBag from /home/airflow/.local/lib/python3.12/site-packages/airflow/example_dags/example_trigger_controller_dag.py
[2026-05-08T21:11:09.551+0000] {processor.py:925} INFO - DAG(s) 'example_trigger_controller_dag' retrieved from /home/airflow/.local/lib/python3.12/site-packages/airflow/example_dags/example_trigger_controller_dag.py
[2026-05-08T21:11:09.566+0000] {logging_mixin.py:190} INFO - [2026-05-08T21:11:09.565+0000] {dag.py:3239} INFO - Sync 1 DAGs
[2026-05-08T21:11:09.583+0000] {logging_mixin.py:190} INFO - [2026-05-08T21:11:09.583+0000] {dag.py:4180} INFO - Setting next_dagrun for example_trigger_controller_dag to 2021-01-01 00:00:00+00:00, run_after=2021-01-01 00:00:00+00:00
[2026-05-08T21:11:09.596+0000] {processor.py:208} INFO - Processing /home/airflow/.local/lib/python3.12/site-packages/airflow/example_dags/example_trigger_controller_dag.py took 0.057 seconds
[2026-05-08T21:11:40.395+0000] {processor.py:186} INFO - Started process (PID=5107) to work on /home/airflow/.local/lib/python3.12/site-packages/airflow/example_dags/example_trigger_controller_dag.py
[2026-05-08T21:11:40.395+0000] {processor.py:914} INFO - Processing file /home/airflow/.local/lib/python3.12/site-packages/airflow/example_dags/example_trigger_controller_dag.py for tasks to queue
[2026-05-08T21:11:40.397+0000] {logging_mixin.py:190} INFO - [2026-05-08T21:11:40.397+0000] {dagbag.py:588} INFO - Filling up the DagBag from /home/airflow/.local/lib/python3.12/site-packages/airflow/example_dags/example_trigger_controller_dag.py
[2026-05-08T21:11:40.402+0000] {processor.py:925} INFO - DAG(s) 'example_trigger_controller_dag' retrieved from /home/airflow/.local/lib/python3.12/site-packages/airflow/example_dags/example_trigger_controller_dag.py
[2026-05-08T21:11:40.417+0000] {logging_mixin.py:190} INFO - [2026-05-08T21:11:40.417+0000] {dag.py:3239} INFO - Sync 1 DAGs
[2026-05-08T21:11:40.436+0000] {logging_mixin.py:190} INFO - [2026-05-08T21:11:40.436+0000] {dag.py:4180} INFO - Setting next_dagrun for example_trigger_controller_dag to 2021-01-01 00:00:00+00:00, run_after=2021-01-01 00:00:00+00:00
[2026-05-08T21:11:40.451+0000] {processor.py:208} INFO - Processing /home/airflow/.local/lib/python3.12/site-packages/airflow/example_dags/example_trigger_controller_dag.py took 0.061 seconds
[2026-05-08T21:12:11.317+0000] {processor.py:186} INFO - Started process (PID=5171) to work on /home/airflow/.local/lib/python3.12/site-packages/airflow/example_dags/example_trigger_controller_dag.py
[2026-05-08T21:12:11.317+0000] {processor.py:914} INFO - Processing file /home/airflow/.local/lib/python3.12/site-packages/airflow/example_dags/example_trigger_controller_dag.py for tasks to queue
[2026-05-08T21:12:11.320+0000] {logging_mixin.py:190} INFO - [2026-05-08T21:12:11.319+0000] {dagbag.py:588} INFO - Filling up the DagBag from /home/airflow/.local/lib/python3.12/site-packages/airflow/example_dags/example_trigger_controller_dag.py
[2026-05-08T21:12:11.330+0000] {processor.py:925} INFO - DAG(s) 'example_trigger_controller_dag' retrieved from /home/airflow/.local/lib/python3.12/site-packages/airflow/example_dags/example_trigger_controller_dag.py
[2026-05-08T21:12:11.353+0000] {logging_mixin.py:190} INFO - [2026-05-08T21:12:11.353+0000] {dag.py:3239} INFO - Sync 1 DAGs
[2026-05-08T21:12:11.376+0000] {logging_mixin.py:190} INFO - [2026-05-08T21:12:11.376+0000] {dag.py:4180} INFO - Setting next_dagrun for example_trigger_controller_dag to 2021-01-01 00:00:00+00:00, run_after=2021-01-01 00:00:00+00:00
[2026-05-08T21:12:11.395+0000] {processor.py:208} INFO - Processing /home/airflow/.local/lib/python3.12/site-packages/airflow/example_dags/example_trigger_controller_dag.py took 0.085 seconds
[2026-05-08T21:12:41.634+0000] {processor.py:186} INFO - Started process (PID=5234) to work on /home/airflow/.local/lib/python3.12/site-packages/airflow/example_dags/example_trigger_controller_dag.py
[2026-05-08T21:12:41.635+0000] {processor.py:914} INFO - Processing file /home/airflow/.local/lib/python3.12/site-packages/airflow/example_dags/example_trigger_controller_dag.py for tasks to queue
[2026-05-08T21:12:41.637+0000] {logging_mixin.py:190} INFO - [2026-05-08T21:12:41.637+0000] {dagbag.py:588} INFO - Filling up the DagBag from /home/airflow/.local/lib/python3.12/site-packages/airflow/example_dags/example_trigger_controller_dag.py
[2026-05-08T21:12:41.644+0000] {processor.py:925} INFO - DAG(s) 'example_trigger_controller_dag' retrieved from /home/airflow/.local/lib/python3.12/site-packages/airflow/example_dags/example_trigger_controller_dag.py
[2026-05-08T21:12:41.659+0000] {logging_mixin.py:190} INFO - [2026-05-08T21:12:41.659+0000] {dag.py:3239} INFO - Sync 1 DAGs
[2026-05-08T21:12:41.677+0000] {logging_mixin.py:190} INFO - [2026-05-08T21:12:41.677+0000] {dag.py:4180} INFO - Setting next_dagrun for example_trigger_controller_dag to 2021-01-01 00:00:00+00:00, run_after=2021-01-01 00:00:00+00:00
[2026-05-08T21:12:41.692+0000] {processor.py:208} INFO - Processing /home/airflow/.local/lib/python3.12/site-packages/airflow/example_dags/example_trigger_controller_dag.py took 0.063 seconds
[2026-05-08T21:13:12.713+0000] {processor.py:186} INFO - Started process (PID=5299) to work on /home/airflow/.local/lib/python3.12/site-packages/airflow/example_dags/example_trigger_controller_dag.py
[2026-05-08T21:13:12.714+0000] {processor.py:914} INFO - Processing file /home/airflow/.local/lib/python3.12/site-packages/airflow/example_dags/example_trigger_controller_dag.py for tasks to queue
[2026-05-08T21:13:12.716+0000] {logging_mixin.py:190} INFO - [2026-05-08T21:13:12.715+0000] {dagbag.py:588} INFO - Filling up the DagBag from /home/airflow/.local/lib/python3.12/site-packages/airflow/example_dags/example_trigger_controller_dag.py
[2026-05-08T21:13:12.723+0000] {processor.py:925} INFO - DAG(s) 'example_trigger_controller_dag' retrieved from /home/airflow/.local/lib/python3.12/site-packages/airflow/example_dags/example_trigger_controller_dag.py
[2026-05-08T21:13:12.744+0000] {logging_mixin.py:190} INFO - [2026-05-08T21:13:12.743+0000] {dag.py:3239} INFO - Sync 1 DAGs
[2026-05-08T21:13:12.771+0000] {logging_mixin.py:190} INFO - [2026-05-08T21:13:12.771+0000] {dag.py:4180} INFO - Setting next_dagrun for example_trigger_controller_dag to 2021-01-01 00:00:00+00:00, run_after=2021-01-01 00:00:00+00:00
[2026-05-08T21:13:12.799+0000] {processor.py:208} INFO - Processing /home/airflow/.local/lib/python3.12/site-packages/airflow/example_dags/example_trigger_controller_dag.py took 0.092 seconds
[2026-05-08T21:13:43.587+0000] {processor.py:186} INFO - Started process (PID=5363) to work on /home/airflow/.local/lib/python3.12/site-packages/airflow/example_dags/example_trigger_controller_dag.py
[2026-05-08T21:13:43.587+0000] {processor.py:914} INFO - Processing file /home/airflow/.local/lib/python3.12/site-packages/airflow/example_dags/example_trigger_controller_dag.py for tasks to queue
[2026-05-08T21:13:43.589+0000] {logging_mixin.py:190} INFO - [2026-05-08T21:13:43.589+0000] {dagbag.py:588} INFO - Filling up the DagBag from /home/airflow/.local/lib/python3.12/site-packages/airflow/example_dags/example_trigger_controller_dag.py
[2026-05-08T21:13:43.594+0000] {processor.py:925} INFO - DAG(s) 'example_trigger_controller_dag' retrieved from /home/airflow/.local/lib/python3.12/site-packages/airflow/example_dags/example_trigger_controller_dag.py
[2026-05-08T21:13:43.612+0000] {logging_mixin.py:190} INFO - [2026-05-08T21:13:43.612+0000] {dag.py:3239} INFO - Sync 1 DAGs
[2026-05-08T21:13:43.634+0000] {logging_mixin.py:190} INFO - [2026-05-08T21:13:43.634+0000] {dag.py:4180} INFO - Setting next_dagrun for example_trigger_controller_dag to 2021-01-01 00:00:00+00:00, run_after=2021-01-01 00:00:00+00:00
[2026-05-08T21:13:43.648+0000] {processor.py:208} INFO - Processing /home/airflow/.local/lib/python3.12/site-packages/airflow/example_dags/example_trigger_controller_dag.py took 0.066 seconds
[2026-05-08T21:14:14.327+0000] {processor.py:186} INFO - Started process (PID=5427) to work on /home/airflow/.local/lib/python3.12/site-packages/airflow/example_dags/example_trigger_controller_dag.py
[2026-05-08T21:14:14.328+0000] {processor.py:914} INFO - Processing file /home/airflow/.local/lib/python3.12/site-packages/airflow/example_dags/example_trigger_controller_dag.py for tasks to queue
[2026-05-08T21:14:14.330+0000] {logging_mixin.py:190} INFO - [2026-05-08T21:14:14.329+0000] {dagbag.py:588} INFO - Filling up the DagBag from /home/airflow/.local/lib/python3.12/site-packages/airflow/example_dags/example_trigger_controller_dag.py
[2026-05-08T21:14:14.337+0000] {processor.py:925} INFO - DAG(s) 'example_trigger_controller_dag' retrieved from /home/airflow/.local/lib/python3.12/site-packages/airflow/example_dags/example_trigger_controller_dag.py
[2026-05-08T21:14:14.355+0000] {logging_mixin.py:190} INFO - [2026-05-08T21:14:14.355+0000] {dag.py:3239} INFO - Sync 1 DAGs
[2026-05-08T21:14:14.381+0000] {logging_mixin.py:190} INFO - [2026-05-08T21:14:14.381+0000] {dag.py:4180} INFO - Setting next_dagrun for example_trigger_controller_dag to 2021-01-01 00:00:00+00:00, run_after=2021-01-01 00:00:00+00:00
[2026-05-08T21:14:14.397+0000] {processor.py:208} INFO - Processing /home/airflow/.local/lib/python3.12/site-packages/airflow/example_dags/example_trigger_controller_dag.py took 0.077 seconds
[2026-05-08T21:14:44.836+0000] {processor.py:186} INFO - Started process (PID=5491) to work on /home/airflow/.local/lib/python3.12/site-packages/airflow/example_dags/example_trigger_controller_dag.py
[2026-05-08T21:14:44.837+0000] {processor.py:914} INFO - Processing file /home/airflow/.local/lib/python3.12/site-packages/airflow/example_dags/example_trigger_controller_dag.py for tasks to queue
[2026-05-08T21:14:44.838+0000] {logging_mixin.py:190} INFO - [2026-05-08T21:14:44.838+0000] {dagbag.py:588} INFO - Filling up the DagBag from /home/airflow/.local/lib/python3.12/site-packages/airflow/example_dags/example_trigger_controller_dag.py
[2026-05-08T21:14:44.844+0000] {processor.py:925} INFO - DAG(s) 'example_trigger_controller_dag' retrieved from /home/airflow/.local/lib/python3.12/site-packages/airflow/example_dags/example_trigger_controller_dag.py
[2026-05-08T21:14:44.858+0000] {logging_mixin.py:190} INFO - [2026-05-08T21:14:44.858+0000] {dag.py:3239} INFO - Sync 1 DAGs
[2026-05-08T21:14:44.875+0000] {logging_mixin.py:190} INFO - [2026-05-08T21:14:44.875+0000] {dag.py:4180} INFO - Setting next_dagrun for example_trigger_controller_dag to 2021-01-01 00:00:00+00:00, run_after=2021-01-01 00:00:00+00:00
[2026-05-08T21:14:44.889+0000] {processor.py:208} INFO - Processing /home/airflow/.local/lib/python3.12/site-packages/airflow/example_dags/example_trigger_controller_dag.py took 0.057 seconds
[2026-05-08T21:15:15.049+0000] {processor.py:186} INFO - Started process (PID=5554) to work on /home/airflow/.local/lib/python3.12/site-packages/airflow/example_dags/example_trigger_controller_dag.py
[2026-05-08T21:15:15.050+0000] {processor.py:914} INFO - Processing file /home/airflow/.local/lib/python3.12/site-packages/airflow/example_dags/example_trigger_controller_dag.py for tasks to queue
[2026-05-08T21:15:15.052+0000] {logging_mixin.py:190} INFO - [2026-05-08T21:15:15.052+0000] {dagbag.py:588} INFO - Filling up the DagBag from /home/airflow/.local/lib/python3.12/site-packages/airflow/example_dags/example_trigger_controller_dag.py
[2026-05-08T21:15:15.058+0000] {processor.py:925} INFO - DAG(s) 'example_trigger_controller_dag' retrieved from /home/airflow/.local/lib/python3.12/site-packages/airflow/example_dags/example_trigger_controller_dag.py
[2026-05-08T21:15:15.079+0000] {logging_mixin.py:190} INFO - [2026-05-08T21:15:15.078+0000] {dag.py:3239} INFO - Sync 1 DAGs
[2026-05-08T21:15:15.102+0000] {logging_mixin.py:190} INFO - [2026-05-08T21:15:15.102+0000] {dag.py:4180} INFO - Setting next_dagrun for example_trigger_controller_dag to 2021-01-01 00:00:00+00:00, run_after=2021-01-01 00:00:00+00:00
[2026-05-08T21:15:15.118+0000] {processor.py:208} INFO - Processing /home/airflow/.local/lib/python3.12/site-packages/airflow/example_dags/example_trigger_controller_dag.py took 0.074 seconds
[2026-05-08T21:15:45.301+0000] {processor.py:186} INFO - Started process (PID=5618) to work on /home/airflow/.local/lib/python3.12/site-packages/airflow/example_dags/example_trigger_controller_dag.py
[2026-05-08T21:15:45.302+0000] {processor.py:914} INFO - Processing file /home/airflow/.local/lib/python3.12/site-packages/airflow/example_dags/example_trigger_controller_dag.py for tasks to queue
[2026-05-08T21:15:45.303+0000] {logging_mixin.py:190} INFO - [2026-05-08T21:15:45.303+0000] {dagbag.py:588} INFO - Filling up the DagBag from /home/airflow/.local/lib/python3.12/site-packages/airflow/example_dags/example_trigger_controller_dag.py
[2026-05-08T21:15:45.309+0000] {processor.py:925} INFO - DAG(s) 'example_trigger_controller_dag' retrieved from /home/airflow/.local/lib/python3.12/site-packages/airflow/example_dags/example_trigger_controller_dag.py
[2026-05-08T21:15:45.325+0000] {logging_mixin.py:190} INFO - [2026-05-08T21:15:45.325+0000] {dag.py:3239} INFO - Sync 1 DAGs
[2026-05-08T21:15:45.347+0000] {logging_mixin.py:190} INFO - [2026-05-08T21:15:45.347+0000] {dag.py:4180} INFO - Setting next_dagrun for example_trigger_controller_dag to 2021-01-01 00:00:00+00:00, run_after=2021-01-01 00:00:00+00:00
[2026-05-08T21:15:45.362+0000] {processor.py:208} INFO - Processing /home/airflow/.local/lib/python3.12/site-packages/airflow/example_dags/example_trigger_controller_dag.py took 0.065 seconds
[2026-05-08T21:16:15.454+0000] {processor.py:186} INFO - Started process (PID=5682) to work on /home/airflow/.local/lib/python3.12/site-packages/airflow/example_dags/example_trigger_controller_dag.py
[2026-05-08T21:16:15.455+0000] {processor.py:914} INFO - Processing file /home/airflow/.local/lib/python3.12/site-packages/airflow/example_dags/example_trigger_controller_dag.py for tasks to queue
[2026-05-08T21:16:15.456+0000] {logging_mixin.py:190} INFO - [2026-05-08T21:16:15.456+0000] {dagbag.py:588} INFO - Filling up the DagBag from /home/airflow/.local/lib/python3.12/site-packages/airflow/example_dags/example_trigger_controller_dag.py
[2026-05-08T21:16:15.462+0000] {processor.py:925} INFO - DAG(s) 'example_trigger_controller_dag' retrieved from /home/airflow/.local/lib/python3.12/site-packages/airflow/example_dags/example_trigger_controller_dag.py
[2026-05-08T21:16:15.478+0000] {logging_mixin.py:190} INFO - [2026-05-08T21:16:15.478+0000] {dag.py:3239} INFO - Sync 1 DAGs
[2026-05-08T21:16:15.496+0000] {logging_mixin.py:190} INFO - [2026-05-08T21:16:15.496+0000] {dag.py:4180} INFO - Setting next_dagrun for example_trigger_controller_dag to 2021-01-01 00:00:00+00:00, run_after=2021-01-01 00:00:00+00:00
[2026-05-08T21:16:15.509+0000] {processor.py:208} INFO - Processing /home/airflow/.local/lib/python3.12/site-packages/airflow/example_dags/example_trigger_controller_dag.py took 0.060 seconds
[2026-05-08T21:16:45.832+0000] {processor.py:186} INFO - Started process (PID=5746) to work on /home/airflow/.local/lib/python3.12/site-packages/airflow/example_dags/example_trigger_controller_dag.py
[2026-05-08T21:16:45.833+0000] {processor.py:914} INFO - Processing file /home/airflow/.local/lib/python3.12/site-packages/airflow/example_dags/example_trigger_controller_dag.py for tasks to queue
[2026-05-08T21:16:45.835+0000] {logging_mixin.py:190} INFO - [2026-05-08T21:16:45.835+0000] {dagbag.py:588} INFO - Filling up the DagBag from /home/airflow/.local/lib/python3.12/site-packages/airflow/example_dags/example_trigger_controller_dag.py
[2026-05-08T21:16:45.842+0000] {processor.py:925} INFO - DAG(s) 'example_trigger_controller_dag' retrieved from /home/airflow/.local/lib/python3.12/site-packages/airflow/example_dags/example_trigger_controller_dag.py
[2026-05-08T21:16:45.862+0000] {logging_mixin.py:190} INFO - [2026-05-08T21:16:45.862+0000] {dag.py:3239} INFO - Sync 1 DAGs
[2026-05-08T21:16:45.891+0000] {logging_mixin.py:190} INFO - [2026-05-08T21:16:45.890+0000] {dag.py:4180} INFO - Setting next_dagrun for example_trigger_controller_dag to 2021-01-01 00:00:00+00:00, run_after=2021-01-01 00:00:00+00:00
[2026-05-08T21:16:45.912+0000] {processor.py:208} INFO - Processing /home/airflow/.local/lib/python3.12/site-packages/airflow/example_dags/example_trigger_controller_dag.py took 0.086 seconds
[2026-05-08T21:17:16.946+0000] {processor.py:186} INFO - Started process (PID=5810) to work on /home/airflow/.local/lib/python3.12/site-packages/airflow/example_dags/example_trigger_controller_dag.py
[2026-05-08T21:17:16.947+0000] {processor.py:914} INFO - Processing file /home/airflow/.local/lib/python3.12/site-packages/airflow/example_dags/example_trigger_controller_dag.py for tasks to queue
[2026-05-08T21:17:16.949+0000] {logging_mixin.py:190} INFO - [2026-05-08T21:17:16.948+0000] {dagbag.py:588} INFO - Filling up the DagBag from /home/airflow/.local/lib/python3.12/site-packages/airflow/example_dags/example_trigger_controller_dag.py
[2026-05-08T21:17:16.954+0000] {processor.py:925} INFO - DAG(s) 'example_trigger_controller_dag' retrieved from /home/airflow/.local/lib/python3.12/site-packages/airflow/example_dags/example_trigger_controller_dag.py
[2026-05-08T21:17:16.968+0000] {logging_mixin.py:190} INFO - [2026-05-08T21:17:16.968+0000] {dag.py:3239} INFO - Sync 1 DAGs
[2026-05-08T21:17:16.986+0000] {logging_mixin.py:190} INFO - [2026-05-08T21:17:16.986+0000] {dag.py:4180} INFO - Setting next_dagrun for example_trigger_controller_dag to 2021-01-01 00:00:00+00:00, run_after=2021-01-01 00:00:00+00:00
[2026-05-08T21:17:16.999+0000] {processor.py:208} INFO - Processing /home/airflow/.local/lib/python3.12/site-packages/airflow/example_dags/example_trigger_controller_dag.py took 0.057 seconds
[2026-05-08T21:17:47.309+0000] {processor.py:186} INFO - Started process (PID=5874) to work on /home/airflow/.local/lib/python3.12/site-packages/airflow/example_dags/example_trigger_controller_dag.py
[2026-05-08T21:17:47.309+0000] {processor.py:914} INFO - Processing file /home/airflow/.local/lib/python3.12/site-packages/airflow/example_dags/example_trigger_controller_dag.py for tasks to queue
[2026-05-08T21:17:47.311+0000] {logging_mixin.py:190} INFO - [2026-05-08T21:17:47.311+0000] {dagbag.py:588} INFO - Filling up the DagBag from /home/airflow/.local/lib/python3.12/site-packages/airflow/example_dags/example_trigger_controller_dag.py
[2026-05-08T21:17:47.317+0000] {processor.py:925} INFO - DAG(s) 'example_trigger_controller_dag' retrieved from /home/airflow/.local/lib/python3.12/site-packages/airflow/example_dags/example_trigger_controller_dag.py
[2026-05-08T21:17:47.331+0000] {logging_mixin.py:190} INFO - [2026-05-08T21:17:47.331+0000] {dag.py:3239} INFO - Sync 1 DAGs
[2026-05-08T21:17:47.350+0000] {logging_mixin.py:190} INFO - [2026-05-08T21:17:47.350+0000] {dag.py:4180} INFO - Setting next_dagrun for example_trigger_controller_dag to 2021-01-01 00:00:00+00:00, run_after=2021-01-01 00:00:00+00:00
[2026-05-08T21:17:47.367+0000] {processor.py:208} INFO - Processing /home/airflow/.local/lib/python3.12/site-packages/airflow/example_dags/example_trigger_controller_dag.py took 0.064 seconds
[2026-05-08T21:18:17.955+0000] {processor.py:186} INFO - Started process (PID=5938) to work on /home/airflow/.local/lib/python3.12/site-packages/airflow/example_dags/example_trigger_controller_dag.py
[2026-05-08T21:18:17.955+0000] {processor.py:914} INFO - Processing file /home/airflow/.local/lib/python3.12/site-packages/airflow/example_dags/example_trigger_controller_dag.py for tasks to queue
[2026-05-08T21:18:17.957+0000] {logging_mixin.py:190} INFO - [2026-05-08T21:18:17.957+0000] {dagbag.py:588} INFO - Filling up the DagBag from /home/airflow/.local/lib/python3.12/site-packages/airflow/example_dags/example_trigger_controller_dag.py
[2026-05-08T21:18:17.964+0000] {processor.py:925} INFO - DAG(s) 'example_trigger_controller_dag' retrieved from /home/airflow/.local/lib/python3.12/site-packages/airflow/example_dags/example_trigger_controller_dag.py
[2026-05-08T21:18:17.980+0000] {logging_mixin.py:190} INFO - [2026-05-08T21:18:17.980+0000] {dag.py:3239} INFO - Sync 1 DAGs
[2026-05-08T21:18:18.002+0000] {logging_mixin.py:190} INFO - [2026-05-08T21:18:18.002+0000] {dag.py:4180} INFO - Setting next_dagrun for example_trigger_controller_dag to 2021-01-01 00:00:00+00:00, run_after=2021-01-01 00:00:00+00:00
[2026-05-08T21:18:18.019+0000] {processor.py:208} INFO - Processing /home/airflow/.local/lib/python3.12/site-packages/airflow/example_dags/example_trigger_controller_dag.py took 0.069 seconds
[2026-05-08T21:18:48.366+0000] {processor.py:186} INFO - Started process (PID=6002) to work on /home/airflow/.local/lib/python3.12/site-packages/airflow/example_dags/example_trigger_controller_dag.py
[2026-05-08T21:18:48.367+0000] {processor.py:914} INFO - Processing file /home/airflow/.local/lib/python3.12/site-packages/airflow/example_dags/example_trigger_controller_dag.py for tasks to queue
[2026-05-08T21:18:48.369+0000] {logging_mixin.py:190} INFO - [2026-05-08T21:18:48.369+0000] {dagbag.py:588} INFO - Filling up the DagBag from /home/airflow/.local/lib/python3.12/site-packages/airflow/example_dags/example_trigger_controller_dag.py
[2026-05-08T21:18:48.375+0000] {processor.py:925} INFO - DAG(s) 'example_trigger_controller_dag' retrieved from /home/airflow/.local/lib/python3.12/site-packages/airflow/example_dags/example_trigger_controller_dag.py
[2026-05-08T21:18:48.392+0000] {logging_mixin.py:190} INFO - [2026-05-08T21:18:48.392+0000] {dag.py:3239} INFO - Sync 1 DAGs
[2026-05-08T21:18:48.415+0000] {logging_mixin.py:190} INFO - [2026-05-08T21:18:48.415+0000] {dag.py:4180} INFO - Setting next_dagrun for example_trigger_controller_dag to 2021-01-01 00:00:00+00:00, run_after=2021-01-01 00:00:00+00:00
[2026-05-08T21:18:48.432+0000] {processor.py:208} INFO - Processing /home/airflow/.local/lib/python3.12/site-packages/airflow/example_dags/example_trigger_controller_dag.py took 0.072 seconds
[2026-05-08T21:19:18.890+0000] {processor.py:186} INFO - Started process (PID=6066) to work on /home/airflow/.local/lib/python3.12/site-packages/airflow/example_dags/example_trigger_controller_dag.py
[2026-05-08T21:19:18.891+0000] {processor.py:914} INFO - Processing file /home/airflow/.local/lib/python3.12/site-packages/airflow/example_dags/example_trigger_controller_dag.py for tasks to queue
[2026-05-08T21:19:18.892+0000] {logging_mixin.py:190} INFO - [2026-05-08T21:19:18.892+0000] {dagbag.py:588} INFO - Filling up the DagBag from /home/airflow/.local/lib/python3.12/site-packages/airflow/example_dags/example_trigger_controller_dag.py
[2026-05-08T21:19:18.897+0000] {processor.py:925} INFO - DAG(s) 'example_trigger_controller_dag' retrieved from /home/airflow/.local/lib/python3.12/site-packages/airflow/example_dags/example_trigger_controller_dag.py
[2026-05-08T21:19:18.911+0000] {logging_mixin.py:190} INFO - [2026-05-08T21:19:18.911+0000] {dag.py:3239} INFO - Sync 1 DAGs
[2026-05-08T21:19:18.928+0000] {logging_mixin.py:190} INFO - [2026-05-08T21:19:18.927+0000] {dag.py:4180} INFO - Setting next_dagrun for example_trigger_controller_dag to 2021-01-01 00:00:00+00:00, run_after=2021-01-01 00:00:00+00:00
[2026-05-08T21:19:18.941+0000] {processor.py:208} INFO - Processing /home/airflow/.local/lib/python3.12/site-packages/airflow/example_dags/example_trigger_controller_dag.py took 0.055 seconds
[2026-05-08T21:19:49.347+0000] {processor.py:186} INFO - Started process (PID=6130) to work on /home/airflow/.local/lib/python3.12/site-packages/airflow/example_dags/example_trigger_controller_dag.py
[2026-05-08T21:19:49.348+0000] {processor.py:914} INFO - Processing file /home/airflow/.local/lib/python3.12/site-packages/airflow/example_dags/example_trigger_controller_dag.py for tasks to queue
[2026-05-08T21:19:49.349+0000] {logging_mixin.py:190} INFO - [2026-05-08T21:19:49.349+0000] {dagbag.py:588} INFO - Filling up the DagBag from /home/airflow/.local/lib/python3.12/site-packages/airflow/example_dags/example_trigger_controller_dag.py
[2026-05-08T21:19:49.356+0000] {processor.py:925} INFO - DAG(s) 'example_trigger_controller_dag' retrieved from /home/airflow/.local/lib/python3.12/site-packages/airflow/example_dags/example_trigger_controller_dag.py
[2026-05-08T21:19:49.376+0000] {logging_mixin.py:190} INFO - [2026-05-08T21:19:49.375+0000] {dag.py:3239} INFO - Sync 1 DAGs
[2026-05-08T21:19:49.395+0000] {logging_mixin.py:190} INFO - [2026-05-08T21:19:49.395+0000] {dag.py:4180} INFO - Setting next_dagrun for example_trigger_controller_dag to 2021-01-01 00:00:00+00:00, run_after=2021-01-01 00:00:00+00:00
[2026-05-08T21:19:49.411+0000] {processor.py:208} INFO - Processing /home/airflow/.local/lib/python3.12/site-packages/airflow/example_dags/example_trigger_controller_dag.py took 0.069 seconds
[2026-05-08T21:20:20.376+0000] {processor.py:186} INFO - Started process (PID=6194) to work on /home/airflow/.local/lib/python3.12/site-packages/airflow/example_dags/example_trigger_controller_dag.py
[2026-05-08T21:20:20.377+0000] {processor.py:914} INFO - Processing file /home/airflow/.local/lib/python3.12/site-packages/airflow/example_dags/example_trigger_controller_dag.py for tasks to queue
[2026-05-08T21:20:20.380+0000] {logging_mixin.py:190} INFO - [2026-05-08T21:20:20.379+0000] {dagbag.py:588} INFO - Filling up the DagBag from /home/airflow/.local/lib/python3.12/site-packages/airflow/example_dags/example_trigger_controller_dag.py
[2026-05-08T21:20:20.387+0000] {processor.py:925} INFO - DAG(s) 'example_trigger_controller_dag' retrieved from /home/airflow/.local/lib/python3.12/site-packages/airflow/example_dags/example_trigger_controller_dag.py
[2026-05-08T21:20:20.407+0000] {logging_mixin.py:190} INFO - [2026-05-08T21:20:20.406+0000] {dag.py:3239} INFO - Sync 1 DAGs
[2026-05-08T21:20:20.425+0000] {logging_mixin.py:190} INFO - [2026-05-08T21:20:20.425+0000] {dag.py:4180} INFO - Setting next_dagrun for example_trigger_controller_dag to 2021-01-01 00:00:00+00:00, run_after=2021-01-01 00:00:00+00:00
[2026-05-08T21:20:20.438+0000] {processor.py:208} INFO - Processing /home/airflow/.local/lib/python3.12/site-packages/airflow/example_dags/example_trigger_controller_dag.py took 0.068 seconds
[2026-05-08T21:20:50.533+0000] {processor.py:186} INFO - Started process (PID=6258) to work on /home/airflow/.local/lib/python3.12/site-packages/airflow/example_dags/example_trigger_controller_dag.py
[2026-05-08T21:20:50.534+0000] {processor.py:914} INFO - Processing file /home/airflow/.local/lib/python3.12/site-packages/airflow/example_dags/example_trigger_controller_dag.py for tasks to queue
[2026-05-08T21:20:50.536+0000] {logging_mixin.py:190} INFO - [2026-05-08T21:20:50.536+0000] {dagbag.py:588} INFO - Filling up the DagBag from /home/airflow/.local/lib/python3.12/site-packages/airflow/example_dags/example_trigger_controller_dag.py
[2026-05-08T21:20:50.541+0000] {processor.py:925} INFO - DAG(s) 'example_trigger_controller_dag' retrieved from /home/airflow/.local/lib/python3.12/site-packages/airflow/example_dags/example_trigger_controller_dag.py
[2026-05-08T21:20:50.557+0000] {logging_mixin.py:190} INFO - [2026-05-08T21:20:50.557+0000] {dag.py:3239} INFO - Sync 1 DAGs
[2026-05-08T21:20:50.576+0000] {logging_mixin.py:190} INFO - [2026-05-08T21:20:50.576+0000] {dag.py:4180} INFO - Setting next_dagrun for example_trigger_controller_dag to 2021-01-01 00:00:00+00:00, run_after=2021-01-01 00:00:00+00:00
[2026-05-08T21:20:50.590+0000] {processor.py:208} INFO - Processing /home/airflow/.local/lib/python3.12/site-packages/airflow/example_dags/example_trigger_controller_dag.py took 0.062 seconds
[2026-05-08T21:21:20.897+0000] {processor.py:186} INFO - Started process (PID=6322) to work on /home/airflow/.local/lib/python3.12/site-packages/airflow/example_dags/example_trigger_controller_dag.py
[2026-05-08T21:21:20.897+0000] {processor.py:914} INFO - Processing file /home/airflow/.local/lib/python3.12/site-packages/airflow/example_dags/example_trigger_controller_dag.py for tasks to queue
[2026-05-08T21:21:20.899+0000] {logging_mixin.py:190} INFO - [2026-05-08T21:21:20.899+0000] {dagbag.py:588} INFO - Filling up the DagBag from /home/airflow/.local/lib/python3.12/site-packages/airflow/example_dags/example_trigger_controller_dag.py
[2026-05-08T21:21:20.906+0000] {processor.py:925} INFO - DAG(s) 'example_trigger_controller_dag' retrieved from /home/airflow/.local/lib/python3.12/site-packages/airflow/example_dags/example_trigger_controller_dag.py
[2026-05-08T21:21:20.920+0000] {logging_mixin.py:190} INFO - [2026-05-08T21:21:20.920+0000] {dag.py:3239} INFO - Sync 1 DAGs
[2026-05-08T21:21:20.940+0000] {logging_mixin.py:190} INFO - [2026-05-08T21:21:20.939+0000] {dag.py:4180} INFO - Setting next_dagrun for example_trigger_controller_dag to 2021-01-01 00:00:00+00:00, run_after=2021-01-01 00:00:00+00:00
[2026-05-08T21:21:20.953+0000] {processor.py:208} INFO - Processing /home/airflow/.local/lib/python3.12/site-packages/airflow/example_dags/example_trigger_controller_dag.py took 0.062 seconds
[2026-05-08T21:21:51.553+0000] {processor.py:186} INFO - Started process (PID=6386) to work on /home/airflow/.local/lib/python3.12/site-packages/airflow/example_dags/example_trigger_controller_dag.py
[2026-05-08T21:21:51.554+0000] {processor.py:914} INFO - Processing file /home/airflow/.local/lib/python3.12/site-packages/airflow/example_dags/example_trigger_controller_dag.py for tasks to queue
[2026-05-08T21:21:51.556+0000] {logging_mixin.py:190} INFO - [2026-05-08T21:21:51.555+0000] {dagbag.py:588} INFO - Filling up the DagBag from /home/airflow/.local/lib/python3.12/site-packages/airflow/example_dags/example_trigger_controller_dag.py
[2026-05-08T21:21:51.561+0000] {processor.py:925} INFO - DAG(s) 'example_trigger_controller_dag' retrieved from /home/airflow/.local/lib/python3.12/site-packages/airflow/example_dags/example_trigger_controller_dag.py
[2026-05-08T21:21:51.578+0000] {logging_mixin.py:190} INFO - [2026-05-08T21:21:51.578+0000] {dag.py:3239} INFO - Sync 1 DAGs
[2026-05-08T21:21:51.602+0000] {logging_mixin.py:190} INFO - [2026-05-08T21:21:51.602+0000] {dag.py:4180} INFO - Setting next_dagrun for example_trigger_controller_dag to 2021-01-01 00:00:00+00:00, run_after=2021-01-01 00:00:00+00:00
[2026-05-08T21:21:51.619+0000] {processor.py:208} INFO - Processing /home/airflow/.local/lib/python3.12/site-packages/airflow/example_dags/example_trigger_controller_dag.py took 0.070 seconds
[2026-05-08T21:22:21.798+0000] {processor.py:186} INFO - Started process (PID=6450) to work on /home/airflow/.local/lib/python3.12/site-packages/airflow/example_dags/example_trigger_controller_dag.py
[2026-05-08T21:22:21.799+0000] {processor.py:914} INFO - Processing file /home/airflow/.local/lib/python3.12/site-packages/airflow/example_dags/example_trigger_controller_dag.py for tasks to queue
[2026-05-08T21:22:21.801+0000] {logging_mixin.py:190} INFO - [2026-05-08T21:22:21.800+0000] {dagbag.py:588} INFO - Filling up the DagBag from /home/airflow/.local/lib/python3.12/site-packages/airflow/example_dags/example_trigger_controller_dag.py
[2026-05-08T21:22:21.806+0000] {processor.py:925} INFO - DAG(s) 'example_trigger_controller_dag' retrieved from /home/airflow/.local/lib/python3.12/site-packages/airflow/example_dags/example_trigger_controller_dag.py
[2026-05-08T21:22:21.823+0000] {logging_mixin.py:190} INFO - [2026-05-08T21:22:21.823+0000] {dag.py:3239} INFO - Sync 1 DAGs
[2026-05-08T21:22:21.846+0000] {logging_mixin.py:190} INFO - [2026-05-08T21:22:21.846+0000] {dag.py:4180} INFO - Setting next_dagrun for example_trigger_controller_dag to 2021-01-01 00:00:00+00:00, run_after=2021-01-01 00:00:00+00:00
[2026-05-08T21:22:21.861+0000] {processor.py:208} INFO - Processing /home/airflow/.local/lib/python3.12/site-packages/airflow/example_dags/example_trigger_controller_dag.py took 0.067 seconds
[2026-05-08T21:22:52.492+0000] {processor.py:186} INFO - Started process (PID=6514) to work on /home/airflow/.local/lib/python3.12/site-packages/airflow/example_dags/example_trigger_controller_dag.py
[2026-05-08T21:22:52.492+0000] {processor.py:914} INFO - Processing file /home/airflow/.local/lib/python3.12/site-packages/airflow/example_dags/example_trigger_controller_dag.py for tasks to queue
[2026-05-08T21:22:52.494+0000] {logging_mixin.py:190} INFO - [2026-05-08T21:22:52.494+0000] {dagbag.py:588} INFO - Filling up the DagBag from /home/airflow/.local/lib/python3.12/site-packages/airflow/example_dags/example_trigger_controller_dag.py
[2026-05-08T21:22:52.500+0000] {processor.py:925} INFO - DAG(s) 'example_trigger_controller_dag' retrieved from /home/airflow/.local/lib/python3.12/site-packages/airflow/example_dags/example_trigger_controller_dag.py
[2026-05-08T21:22:52.515+0000] {logging_mixin.py:190} INFO - [2026-05-08T21:22:52.515+0000] {dag.py:3239} INFO - Sync 1 DAGs
[2026-05-08T21:22:52.540+0000] {logging_mixin.py:190} INFO - [2026-05-08T21:22:52.540+0000] {dag.py:4180} INFO - Setting next_dagrun for example_trigger_controller_dag to 2021-01-01 00:00:00+00:00, run_after=2021-01-01 00:00:00+00:00
[2026-05-08T21:22:52.559+0000] {processor.py:208} INFO - Processing /home/airflow/.local/lib/python3.12/site-packages/airflow/example_dags/example_trigger_controller_dag.py took 0.072 seconds
[2026-05-08T21:23:23.342+0000] {processor.py:186} INFO - Started process (PID=6578) to work on /home/airflow/.local/lib/python3.12/site-packages/airflow/example_dags/example_trigger_controller_dag.py
[2026-05-08T21:23:23.342+0000] {processor.py:914} INFO - Processing file /home/airflow/.local/lib/python3.12/site-packages/airflow/example_dags/example_trigger_controller_dag.py for tasks to queue
[2026-05-08T21:23:23.344+0000] {logging_mixin.py:190} INFO - [2026-05-08T21:23:23.344+0000] {dagbag.py:588} INFO - Filling up the DagBag from /home/airflow/.local/lib/python3.12/site-packages/airflow/example_dags/example_trigger_controller_dag.py
[2026-05-08T21:23:23.349+0000] {processor.py:925} INFO - DAG(s) 'example_trigger_controller_dag' retrieved from /home/airflow/.local/lib/python3.12/site-packages/airflow/example_dags/example_trigger_controller_dag.py
[2026-05-08T21:23:23.366+0000] {logging_mixin.py:190} INFO - [2026-05-08T21:23:23.366+0000] {dag.py:3239} INFO - Sync 1 DAGs
[2026-05-08T21:23:23.388+0000] {logging_mixin.py:190} INFO - [2026-05-08T21:23:23.388+0000] {dag.py:4180} INFO - Setting next_dagrun for example_trigger_controller_dag to 2021-01-01 00:00:00+00:00, run_after=2021-01-01 00:00:00+00:00
[2026-05-08T21:23:23.404+0000] {processor.py:208} INFO - Processing /home/airflow/.local/lib/python3.12/site-packages/airflow/example_dags/example_trigger_controller_dag.py took 0.066 seconds
[2026-05-08T21:23:53.734+0000] {processor.py:186} INFO - Started process (PID=6642) to work on /home/airflow/.local/lib/python3.12/site-packages/airflow/example_dags/example_trigger_controller_dag.py
[2026-05-08T21:23:53.735+0000] {processor.py:914} INFO - Processing file /home/airflow/.local/lib/python3.12/site-packages/airflow/example_dags/example_trigger_controller_dag.py for tasks to queue
[2026-05-08T21:23:53.737+0000] {logging_mixin.py:190} INFO - [2026-05-08T21:23:53.736+0000] {dagbag.py:588} INFO - Filling up the DagBag from /home/airflow/.local/lib/python3.12/site-packages/airflow/example_dags/example_trigger_controller_dag.py
[2026-05-08T21:23:53.742+0000] {processor.py:925} INFO - DAG(s) 'example_trigger_controller_dag' retrieved from /home/airflow/.local/lib/python3.12/site-packages/airflow/example_dags/example_trigger_controller_dag.py
[2026-05-08T21:23:53.757+0000] {logging_mixin.py:190} INFO - [2026-05-08T21:23:53.757+0000] {dag.py:3239} INFO - Sync 1 DAGs
[2026-05-08T21:23:53.779+0000] {logging_mixin.py:190} INFO - [2026-05-08T21:23:53.778+0000] {dag.py:4180} INFO - Setting next_dagrun for example_trigger_controller_dag to 2021-01-01 00:00:00+00:00, run_after=2021-01-01 00:00:00+00:00
[2026-05-08T21:23:53.793+0000] {processor.py:208} INFO - Processing /home/airflow/.local/lib/python3.12/site-packages/airflow/example_dags/example_trigger_controller_dag.py took 0.063 seconds
[2026-05-08T21:24:24.128+0000] {processor.py:186} INFO - Started process (PID=6706) to work on /home/airflow/.local/lib/python3.12/site-packages/airflow/example_dags/example_trigger_controller_dag.py
[2026-05-08T21:24:24.129+0000] {processor.py:914} INFO - Processing file /home/airflow/.local/lib/python3.12/site-packages/airflow/example_dags/example_trigger_controller_dag.py for tasks to queue
[2026-05-08T21:24:24.131+0000] {logging_mixin.py:190} INFO - [2026-05-08T21:24:24.131+0000] {dagbag.py:588} INFO - Filling up the DagBag from /home/airflow/.local/lib/python3.12/site-packages/airflow/example_dags/example_trigger_controller_dag.py
[2026-05-08T21:24:24.139+0000] {processor.py:925} INFO - DAG(s) 'example_trigger_controller_dag' retrieved from /home/airflow/.local/lib/python3.12/site-packages/airflow/example_dags/example_trigger_controller_dag.py
[2026-05-08T21:24:24.159+0000] {logging_mixin.py:190} INFO - [2026-05-08T21:24:24.159+0000] {dag.py:3239} INFO - Sync 1 DAGs
[2026-05-08T21:24:24.188+0000] {logging_mixin.py:190} INFO - [2026-05-08T21:24:24.188+0000] {dag.py:4180} INFO - Setting next_dagrun for example_trigger_controller_dag to 2021-01-01 00:00:00+00:00, run_after=2021-01-01 00:00:00+00:00
[2026-05-08T21:24:24.207+0000] {processor.py:208} INFO - Processing /home/airflow/.local/lib/python3.12/site-packages/airflow/example_dags/example_trigger_controller_dag.py took 0.085 seconds
[2026-05-08T21:24:54.967+0000] {processor.py:186} INFO - Started process (PID=6770) to work on /home/airflow/.local/lib/python3.12/site-packages/airflow/example_dags/example_trigger_controller_dag.py
[2026-05-08T21:24:54.967+0000] {processor.py:914} INFO - Processing file /home/airflow/.local/lib/python3.12/site-packages/airflow/example_dags/example_trigger_controller_dag.py for tasks to queue
[2026-05-08T21:24:54.969+0000] {logging_mixin.py:190} INFO - [2026-05-08T21:24:54.969+0000] {dagbag.py:588} INFO - Filling up the DagBag from /home/airflow/.local/lib/python3.12/site-packages/airflow/example_dags/example_trigger_controller_dag.py
[2026-05-08T21:24:54.974+0000] {processor.py:925} INFO - DAG(s) 'example_trigger_controller_dag' retrieved from /home/airflow/.local/lib/python3.12/site-packages/airflow/example_dags/example_trigger_controller_dag.py
[2026-05-08T21:24:54.989+0000] {logging_mixin.py:190} INFO - [2026-05-08T21:24:54.989+0000] {dag.py:3239} INFO - Sync 1 DAGs
[2026-05-08T21:24:55.013+0000] {logging_mixin.py:190} INFO - [2026-05-08T21:24:55.013+0000] {dag.py:4180} INFO - Setting next_dagrun for example_trigger_controller_dag to 2021-01-01 00:00:00+00:00, run_after=2021-01-01 00:00:00+00:00
[2026-05-08T21:24:55.031+0000] {processor.py:208} INFO - Processing /home/airflow/.local/lib/python3.12/site-packages/airflow/example_dags/example_trigger_controller_dag.py took 0.069 seconds
[2026-05-08T21:25:25.651+0000] {processor.py:186} INFO - Started process (PID=6834) to work on /home/airflow/.local/lib/python3.12/site-packages/airflow/example_dags/example_trigger_controller_dag.py
[2026-05-08T21:25:25.652+0000] {processor.py:914} INFO - Processing file /home/airflow/.local/lib/python3.12/site-packages/airflow/example_dags/example_trigger_controller_dag.py for tasks to queue
[2026-05-08T21:25:25.654+0000] {logging_mixin.py:190} INFO - [2026-05-08T21:25:25.654+0000] {dagbag.py:588} INFO - Filling up the DagBag from /home/airflow/.local/lib/python3.12/site-packages/airflow/example_dags/example_trigger_controller_dag.py
[2026-05-08T21:25:25.661+0000] {processor.py:925} INFO - DAG(s) 'example_trigger_controller_dag' retrieved from /home/airflow/.local/lib/python3.12/site-packages/airflow/example_dags/example_trigger_controller_dag.py
[2026-05-08T21:25:25.680+0000] {logging_mixin.py:190} INFO - [2026-05-08T21:25:25.680+0000] {dag.py:3239} INFO - Sync 1 DAGs
[2026-05-08T21:25:25.701+0000] {logging_mixin.py:190} INFO - [2026-05-08T21:25:25.700+0000] {dag.py:4180} INFO - Setting next_dagrun for example_trigger_controller_dag to 2021-01-01 00:00:00+00:00, run_after=2021-01-01 00:00:00+00:00
[2026-05-08T21:25:25.716+0000] {processor.py:208} INFO - Processing /home/airflow/.local/lib/python3.12/site-packages/airflow/example_dags/example_trigger_controller_dag.py took 0.069 seconds
[2026-05-08T21:25:56.283+0000] {processor.py:186} INFO - Started process (PID=6898) to work on /home/airflow/.local/lib/python3.12/site-packages/airflow/example_dags/example_trigger_controller_dag.py
[2026-05-08T21:25:56.284+0000] {processor.py:914} INFO - Processing file /home/airflow/.local/lib/python3.12/site-packages/airflow/example_dags/example_trigger_controller_dag.py for tasks to queue
[2026-05-08T21:25:56.285+0000] {logging_mixin.py:190} INFO - [2026-05-08T21:25:56.285+0000] {dagbag.py:588} INFO - Filling up the DagBag from /home/airflow/.local/lib/python3.12/site-packages/airflow/example_dags/example_trigger_controller_dag.py
[2026-05-08T21:25:56.291+0000] {processor.py:925} INFO - DAG(s) 'example_trigger_controller_dag' retrieved from /home/airflow/.local/lib/python3.12/site-packages/airflow/example_dags/example_trigger_controller_dag.py
[2026-05-08T21:25:56.306+0000] {logging_mixin.py:190} INFO - [2026-05-08T21:25:56.305+0000] {dag.py:3239} INFO - Sync 1 DAGs
[2026-05-08T21:25:56.323+0000] {logging_mixin.py:190} INFO - [2026-05-08T21:25:56.323+0000] {dag.py:4180} INFO - Setting next_dagrun for example_trigger_controller_dag to 2021-01-01 00:00:00+00:00, run_after=2021-01-01 00:00:00+00:00
[2026-05-08T21:25:56.337+0000] {processor.py:208} INFO - Processing /home/airflow/.local/lib/python3.12/site-packages/airflow/example_dags/example_trigger_controller_dag.py took 0.058 seconds
[2026-05-08T21:26:26.882+0000] {processor.py:186} INFO - Started process (PID=6962) to work on /home/airflow/.local/lib/python3.12/site-packages/airflow/example_dags/example_trigger_controller_dag.py
[2026-05-08T21:26:26.883+0000] {processor.py:914} INFO - Processing file /home/airflow/.local/lib/python3.12/site-packages/airflow/example_dags/example_trigger_controller_dag.py for tasks to queue
[2026-05-08T21:26:26.885+0000] {logging_mixin.py:190} INFO - [2026-05-08T21:26:26.884+0000] {dagbag.py:588} INFO - Filling up the DagBag from /home/airflow/.local/lib/python3.12/site-packages/airflow/example_dags/example_trigger_controller_dag.py
[2026-05-08T21:26:26.890+0000] {processor.py:925} INFO - DAG(s) 'example_trigger_controller_dag' retrieved from /home/airflow/.local/lib/python3.12/site-packages/airflow/example_dags/example_trigger_controller_dag.py
[2026-05-08T21:26:26.904+0000] {logging_mixin.py:190} INFO - [2026-05-08T21:26:26.904+0000] {dag.py:3239} INFO - Sync 1 DAGs
[2026-05-08T21:26:26.924+0000] {logging_mixin.py:190} INFO - [2026-05-08T21:26:26.924+0000] {dag.py:4180} INFO - Setting next_dagrun for example_trigger_controller_dag to 2021-01-01 00:00:00+00:00, run_after=2021-01-01 00:00:00+00:00
[2026-05-08T21:26:26.936+0000] {processor.py:208} INFO - Processing /home/airflow/.local/lib/python3.12/site-packages/airflow/example_dags/example_trigger_controller_dag.py took 0.059 seconds
[2026-05-08T21:26:57.201+0000] {processor.py:186} INFO - Started process (PID=7026) to work on /home/airflow/.local/lib/python3.12/site-packages/airflow/example_dags/example_trigger_controller_dag.py
[2026-05-08T21:26:57.202+0000] {processor.py:914} INFO - Processing file /home/airflow/.local/lib/python3.12/site-packages/airflow/example_dags/example_trigger_controller_dag.py for tasks to queue
[2026-05-08T21:26:57.204+0000] {logging_mixin.py:190} INFO - [2026-05-08T21:26:57.204+0000] {dagbag.py:588} INFO - Filling up the DagBag from /home/airflow/.local/lib/python3.12/site-packages/airflow/example_dags/example_trigger_controller_dag.py
[2026-05-08T21:26:57.212+0000] {processor.py:925} INFO - DAG(s) 'example_trigger_controller_dag' retrieved from /home/airflow/.local/lib/python3.12/site-packages/airflow/example_dags/example_trigger_controller_dag.py
[2026-05-08T21:26:57.231+0000] {logging_mixin.py:190} INFO - [2026-05-08T21:26:57.231+0000] {dag.py:3239} INFO - Sync 1 DAGs
[2026-05-08T21:26:57.253+0000] {logging_mixin.py:190} INFO - [2026-05-08T21:26:57.253+0000] {dag.py:4180} INFO - Setting next_dagrun for example_trigger_controller_dag to 2021-01-01 00:00:00+00:00, run_after=2021-01-01 00:00:00+00:00
[2026-05-08T21:26:57.277+0000] {processor.py:208} INFO - Processing /home/airflow/.local/lib/python3.12/site-packages/airflow/example_dags/example_trigger_controller_dag.py took 0.083 seconds
[2026-05-08T21:27:28.286+0000] {processor.py:186} INFO - Started process (PID=7090) to work on /home/airflow/.local/lib/python3.12/site-packages/airflow/example_dags/example_trigger_controller_dag.py
[2026-05-08T21:27:28.287+0000] {processor.py:914} INFO - Processing file /home/airflow/.local/lib/python3.12/site-packages/airflow/example_dags/example_trigger_controller_dag.py for tasks to queue
[2026-05-08T21:27:28.289+0000] {logging_mixin.py:190} INFO - [2026-05-08T21:27:28.289+0000] {dagbag.py:588} INFO - Filling up the DagBag from /home/airflow/.local/lib/python3.12/site-packages/airflow/example_dags/example_trigger_controller_dag.py
[2026-05-08T21:27:28.296+0000] {processor.py:925} INFO - DAG(s) 'example_trigger_controller_dag' retrieved from /home/airflow/.local/lib/python3.12/site-packages/airflow/example_dags/example_trigger_controller_dag.py
[2026-05-08T21:27:28.316+0000] {logging_mixin.py:190} INFO - [2026-05-08T21:27:28.315+0000] {dag.py:3239} INFO - Sync 1 DAGs
[2026-05-08T21:27:28.339+0000] {logging_mixin.py:190} INFO - [2026-05-08T21:27:28.339+0000] {dag.py:4180} INFO - Setting next_dagrun for example_trigger_controller_dag to 2021-01-01 00:00:00+00:00, run_after=2021-01-01 00:00:00+00:00
[2026-05-08T21:27:28.356+0000] {processor.py:208} INFO - Processing /home/airflow/.local/lib/python3.12/site-packages/airflow/example_dags/example_trigger_controller_dag.py took 0.076 seconds
[2026-05-08T21:27:58.914+0000] {processor.py:186} INFO - Started process (PID=7153) to work on /home/airflow/.local/lib/python3.12/site-packages/airflow/example_dags/example_trigger_controller_dag.py
[2026-05-08T21:27:58.915+0000] {processor.py:914} INFO - Processing file /home/airflow/.local/lib/python3.12/site-packages/airflow/example_dags/example_trigger_controller_dag.py for tasks to queue
[2026-05-08T21:27:58.916+0000] {logging_mixin.py:190} INFO - [2026-05-08T21:27:58.916+0000] {dagbag.py:588} INFO - Filling up the DagBag from /home/airflow/.local/lib/python3.12/site-packages/airflow/example_dags/example_trigger_controller_dag.py
[2026-05-08T21:27:58.922+0000] {processor.py:925} INFO - DAG(s) 'example_trigger_controller_dag' retrieved from /home/airflow/.local/lib/python3.12/site-packages/airflow/example_dags/example_trigger_controller_dag.py
[2026-05-08T21:27:58.936+0000] {logging_mixin.py:190} INFO - [2026-05-08T21:27:58.936+0000] {dag.py:3239} INFO - Sync 1 DAGs
[2026-05-08T21:27:58.954+0000] {logging_mixin.py:190} INFO - [2026-05-08T21:27:58.954+0000] {dag.py:4180} INFO - Setting next_dagrun for example_trigger_controller_dag to 2021-01-01 00:00:00+00:00, run_after=2021-01-01 00:00:00+00:00
[2026-05-08T21:27:58.971+0000] {processor.py:208} INFO - Processing /home/airflow/.local/lib/python3.12/site-packages/airflow/example_dags/example_trigger_controller_dag.py took 0.061 seconds
[2026-05-08T21:28:29.049+0000] {processor.py:186} INFO - Started process (PID=7217) to work on /home/airflow/.local/lib/python3.12/site-packages/airflow/example_dags/example_trigger_controller_dag.py
[2026-05-08T21:28:29.050+0000] {processor.py:914} INFO - Processing file /home/airflow/.local/lib/python3.12/site-packages/airflow/example_dags/example_trigger_controller_dag.py for tasks to queue
[2026-05-08T21:28:29.052+0000] {logging_mixin.py:190} INFO - [2026-05-08T21:28:29.051+0000] {dagbag.py:588} INFO - Filling up the DagBag from /home/airflow/.local/lib/python3.12/site-packages/airflow/example_dags/example_trigger_controller_dag.py
[2026-05-08T21:28:29.059+0000] {processor.py:925} INFO - DAG(s) 'example_trigger_controller_dag' retrieved from /home/airflow/.local/lib/python3.12/site-packages/airflow/example_dags/example_trigger_controller_dag.py
[2026-05-08T21:28:29.075+0000] {logging_mixin.py:190} INFO - [2026-05-08T21:28:29.075+0000] {dag.py:3239} INFO - Sync 1 DAGs
[2026-05-08T21:28:29.103+0000] {logging_mixin.py:190} INFO - [2026-05-08T21:28:29.103+0000] {dag.py:4180} INFO - Setting next_dagrun for example_trigger_controller_dag to 2021-01-01 00:00:00+00:00, run_after=2021-01-01 00:00:00+00:00
[2026-05-08T21:28:29.120+0000] {processor.py:208} INFO - Processing /home/airflow/.local/lib/python3.12/site-packages/airflow/example_dags/example_trigger_controller_dag.py took 0.076 seconds
[2026-05-08T21:28:59.756+0000] {processor.py:186} INFO - Started process (PID=7281) to work on /home/airflow/.local/lib/python3.12/site-packages/airflow/example_dags/example_trigger_controller_dag.py
[2026-05-08T21:28:59.757+0000] {processor.py:914} INFO - Processing file /home/airflow/.local/lib/python3.12/site-packages/airflow/example_dags/example_trigger_controller_dag.py for tasks to queue
[2026-05-08T21:28:59.759+0000] {logging_mixin.py:190} INFO - [2026-05-08T21:28:59.758+0000] {dagbag.py:588} INFO - Filling up the DagBag from /home/airflow/.local/lib/python3.12/site-packages/airflow/example_dags/example_trigger_controller_dag.py
[2026-05-08T21:28:59.765+0000] {processor.py:925} INFO - DAG(s) 'example_trigger_controller_dag' retrieved from /home/airflow/.local/lib/python3.12/site-packages/airflow/example_dags/example_trigger_controller_dag.py
[2026-05-08T21:28:59.781+0000] {logging_mixin.py:190} INFO - [2026-05-08T21:28:59.781+0000] {dag.py:3239} INFO - Sync 1 DAGs
[2026-05-08T21:28:59.803+0000] {logging_mixin.py:190} INFO - [2026-05-08T21:28:59.803+0000] {dag.py:4180} INFO - Setting next_dagrun for example_trigger_controller_dag to 2021-01-01 00:00:00+00:00, run_after=2021-01-01 00:00:00+00:00
[2026-05-08T21:28:59.817+0000] {processor.py:208} INFO - Processing /home/airflow/.local/lib/python3.12/site-packages/airflow/example_dags/example_trigger_controller_dag.py took 0.065 seconds
[2026-05-08T21:29:30.156+0000] {processor.py:186} INFO - Started process (PID=7345) to work on /home/airflow/.local/lib/python3.12/site-packages/airflow/example_dags/example_trigger_controller_dag.py
[2026-05-08T21:29:30.156+0000] {processor.py:914} INFO - Processing file /home/airflow/.local/lib/python3.12/site-packages/airflow/example_dags/example_trigger_controller_dag.py for tasks to queue
[2026-05-08T21:29:30.159+0000] {logging_mixin.py:190} INFO - [2026-05-08T21:29:30.158+0000] {dagbag.py:588} INFO - Filling up the DagBag from /home/airflow/.local/lib/python3.12/site-packages/airflow/example_dags/example_trigger_controller_dag.py
[2026-05-08T21:29:30.165+0000] {processor.py:925} INFO - DAG(s) 'example_trigger_controller_dag' retrieved from /home/airflow/.local/lib/python3.12/site-packages/airflow/example_dags/example_trigger_controller_dag.py
[2026-05-08T21:29:30.179+0000] {logging_mixin.py:190} INFO - [2026-05-08T21:29:30.179+0000] {dag.py:3239} INFO - Sync 1 DAGs
[2026-05-08T21:29:30.198+0000] {logging_mixin.py:190} INFO - [2026-05-08T21:29:30.198+0000] {dag.py:4180} INFO - Setting next_dagrun for example_trigger_controller_dag to 2021-01-01 00:00:00+00:00, run_after=2021-01-01 00:00:00+00:00
[2026-05-08T21:29:30.215+0000] {processor.py:208} INFO - Processing /home/airflow/.local/lib/python3.12/site-packages/airflow/example_dags/example_trigger_controller_dag.py took 0.065 seconds
[2026-05-08T21:30:00.455+0000] {processor.py:186} INFO - Started process (PID=7409) to work on /home/airflow/.local/lib/python3.12/site-packages/airflow/example_dags/example_trigger_controller_dag.py
[2026-05-08T21:30:00.456+0000] {processor.py:914} INFO - Processing file /home/airflow/.local/lib/python3.12/site-packages/airflow/example_dags/example_trigger_controller_dag.py for tasks to queue
[2026-05-08T21:30:00.457+0000] {logging_mixin.py:190} INFO - [2026-05-08T21:30:00.457+0000] {dagbag.py:588} INFO - Filling up the DagBag from /home/airflow/.local/lib/python3.12/site-packages/airflow/example_dags/example_trigger_controller_dag.py
[2026-05-08T21:30:00.463+0000] {processor.py:925} INFO - DAG(s) 'example_trigger_controller_dag' retrieved from /home/airflow/.local/lib/python3.12/site-packages/airflow/example_dags/example_trigger_controller_dag.py
[2026-05-08T21:30:00.479+0000] {logging_mixin.py:190} INFO - [2026-05-08T21:30:00.478+0000] {dag.py:3239} INFO - Sync 1 DAGs
[2026-05-08T21:30:00.499+0000] {logging_mixin.py:190} INFO - [2026-05-08T21:30:00.499+0000] {dag.py:4180} INFO - Setting next_dagrun for example_trigger_controller_dag to 2021-01-01 00:00:00+00:00, run_after=2021-01-01 00:00:00+00:00
[2026-05-08T21:30:00.514+0000] {processor.py:208} INFO - Processing /home/airflow/.local/lib/python3.12/site-packages/airflow/example_dags/example_trigger_controller_dag.py took 0.063 seconds
[2026-05-08T21:30:30.695+0000] {processor.py:186} INFO - Started process (PID=7473) to work on /home/airflow/.local/lib/python3.12/site-packages/airflow/example_dags/example_trigger_controller_dag.py
[2026-05-08T21:30:30.696+0000] {processor.py:914} INFO - Processing file /home/airflow/.local/lib/python3.12/site-packages/airflow/example_dags/example_trigger_controller_dag.py for tasks to queue
[2026-05-08T21:30:30.698+0000] {logging_mixin.py:190} INFO - [2026-05-08T21:30:30.698+0000] {dagbag.py:588} INFO - Filling up the DagBag from /home/airflow/.local/lib/python3.12/site-packages/airflow/example_dags/example_trigger_controller_dag.py
[2026-05-08T21:30:30.703+0000] {processor.py:925} INFO - DAG(s) 'example_trigger_controller_dag' retrieved from /home/airflow/.local/lib/python3.12/site-packages/airflow/example_dags/example_trigger_controller_dag.py
[2026-05-08T21:30:30.721+0000] {logging_mixin.py:190} INFO - [2026-05-08T21:30:30.720+0000] {dag.py:3239} INFO - Sync 1 DAGs
[2026-05-08T21:30:30.745+0000] {logging_mixin.py:190} INFO - [2026-05-08T21:30:30.744+0000] {dag.py:4180} INFO - Setting next_dagrun for example_trigger_controller_dag to 2021-01-01 00:00:00+00:00, run_after=2021-01-01 00:00:00+00:00
[2026-05-08T21:30:30.761+0000] {processor.py:208} INFO - Processing /home/airflow/.local/lib/python3.12/site-packages/airflow/example_dags/example_trigger_controller_dag.py took 0.070 seconds
[2026-05-08T21:31:00.820+0000] {processor.py:186} INFO - Started process (PID=7537) to work on /home/airflow/.local/lib/python3.12/site-packages/airflow/example_dags/example_trigger_controller_dag.py
[2026-05-08T21:31:00.820+0000] {processor.py:914} INFO - Processing file /home/airflow/.local/lib/python3.12/site-packages/airflow/example_dags/example_trigger_controller_dag.py for tasks to queue
[2026-05-08T21:31:00.822+0000] {logging_mixin.py:190} INFO - [2026-05-08T21:31:00.822+0000] {dagbag.py:588} INFO - Filling up the DagBag from /home/airflow/.local/lib/python3.12/site-packages/airflow/example_dags/example_trigger_controller_dag.py
[2026-05-08T21:31:00.827+0000] {processor.py:925} INFO - DAG(s) 'example_trigger_controller_dag' retrieved from /home/airflow/.local/lib/python3.12/site-packages/airflow/example_dags/example_trigger_controller_dag.py
[2026-05-08T21:31:00.844+0000] {logging_mixin.py:190} INFO - [2026-05-08T21:31:00.843+0000] {dag.py:3239} INFO - Sync 1 DAGs
[2026-05-08T21:31:00.864+0000] {logging_mixin.py:190} INFO - [2026-05-08T21:31:00.864+0000] {dag.py:4180} INFO - Setting next_dagrun for example_trigger_controller_dag to 2021-01-01 00:00:00+00:00, run_after=2021-01-01 00:00:00+00:00
[2026-05-08T21:31:00.878+0000] {processor.py:208} INFO - Processing /home/airflow/.local/lib/python3.12/site-packages/airflow/example_dags/example_trigger_controller_dag.py took 0.063 seconds
[2026-05-08T21:31:31.108+0000] {processor.py:186} INFO - Started process (PID=7601) to work on /home/airflow/.local/lib/python3.12/site-packages/airflow/example_dags/example_trigger_controller_dag.py
[2026-05-08T21:31:31.109+0000] {processor.py:914} INFO - Processing file /home/airflow/.local/lib/python3.12/site-packages/airflow/example_dags/example_trigger_controller_dag.py for tasks to queue
[2026-05-08T21:31:31.112+0000] {logging_mixin.py:190} INFO - [2026-05-08T21:31:31.111+0000] {dagbag.py:588} INFO - Filling up the DagBag from /home/airflow/.local/lib/python3.12/site-packages/airflow/example_dags/example_trigger_controller_dag.py
[2026-05-08T21:31:31.120+0000] {processor.py:925} INFO - DAG(s) 'example_trigger_controller_dag' retrieved from /home/airflow/.local/lib/python3.12/site-packages/airflow/example_dags/example_trigger_controller_dag.py
[2026-05-08T21:31:31.141+0000] {logging_mixin.py:190} INFO - [2026-05-08T21:31:31.140+0000] {dag.py:3239} INFO - Sync 1 DAGs
[2026-05-08T21:31:31.167+0000] {logging_mixin.py:190} INFO - [2026-05-08T21:31:31.166+0000] {dag.py:4180} INFO - Setting next_dagrun for example_trigger_controller_dag to 2021-01-01 00:00:00+00:00, run_after=2021-01-01 00:00:00+00:00
[2026-05-08T21:31:31.184+0000] {processor.py:208} INFO - Processing /home/airflow/.local/lib/python3.12/site-packages/airflow/example_dags/example_trigger_controller_dag.py took 0.083 seconds
[2026-05-08T21:32:01.802+0000] {processor.py:186} INFO - Started process (PID=7665) to work on /home/airflow/.local/lib/python3.12/site-packages/airflow/example_dags/example_trigger_controller_dag.py
[2026-05-08T21:32:01.803+0000] {processor.py:914} INFO - Processing file /home/airflow/.local/lib/python3.12/site-packages/airflow/example_dags/example_trigger_controller_dag.py for tasks to queue
[2026-05-08T21:32:01.805+0000] {logging_mixin.py:190} INFO - [2026-05-08T21:32:01.804+0000] {dagbag.py:588} INFO - Filling up the DagBag from /home/airflow/.local/lib/python3.12/site-packages/airflow/example_dags/example_trigger_controller_dag.py
[2026-05-08T21:32:01.812+0000] {processor.py:925} INFO - DAG(s) 'example_trigger_controller_dag' retrieved from /home/airflow/.local/lib/python3.12/site-packages/airflow/example_dags/example_trigger_controller_dag.py
[2026-05-08T21:32:01.827+0000] {logging_mixin.py:190} INFO - [2026-05-08T21:32:01.827+0000] {dag.py:3239} INFO - Sync 1 DAGs
[2026-05-08T21:32:01.846+0000] {logging_mixin.py:190} INFO - [2026-05-08T21:32:01.846+0000] {dag.py:4180} INFO - Setting next_dagrun for example_trigger_controller_dag to 2021-01-01 00:00:00+00:00, run_after=2021-01-01 00:00:00+00:00
[2026-05-08T21:32:01.861+0000] {processor.py:208} INFO - Processing /home/airflow/.local/lib/python3.12/site-packages/airflow/example_dags/example_trigger_controller_dag.py took 0.064 seconds
[2026-05-08T21:32:32.087+0000] {processor.py:186} INFO - Started process (PID=7729) to work on /home/airflow/.local/lib/python3.12/site-packages/airflow/example_dags/example_trigger_controller_dag.py
[2026-05-08T21:32:32.087+0000] {processor.py:914} INFO - Processing file /home/airflow/.local/lib/python3.12/site-packages/airflow/example_dags/example_trigger_controller_dag.py for tasks to queue
[2026-05-08T21:32:32.089+0000] {logging_mixin.py:190} INFO - [2026-05-08T21:32:32.089+0000] {dagbag.py:588} INFO - Filling up the DagBag from /home/airflow/.local/lib/python3.12/site-packages/airflow/example_dags/example_trigger_controller_dag.py
[2026-05-08T21:32:32.095+0000] {processor.py:925} INFO - DAG(s) 'example_trigger_controller_dag' retrieved from /home/airflow/.local/lib/python3.12/site-packages/airflow/example_dags/example_trigger_controller_dag.py
[2026-05-08T21:32:32.110+0000] {logging_mixin.py:190} INFO - [2026-05-08T21:32:32.110+0000] {dag.py:3239} INFO - Sync 1 DAGs
[2026-05-08T21:32:32.129+0000] {logging_mixin.py:190} INFO - [2026-05-08T21:32:32.129+0000] {dag.py:4180} INFO - Setting next_dagrun for example_trigger_controller_dag to 2021-01-01 00:00:00+00:00, run_after=2021-01-01 00:00:00+00:00
[2026-05-08T21:32:32.143+0000] {processor.py:208} INFO - Processing /home/airflow/.local/lib/python3.12/site-packages/airflow/example_dags/example_trigger_controller_dag.py took 0.061 seconds
[2026-05-08T21:33:02.601+0000] {processor.py:186} INFO - Started process (PID=7793) to work on /home/airflow/.local/lib/python3.12/site-packages/airflow/example_dags/example_trigger_controller_dag.py
[2026-05-08T21:33:02.602+0000] {processor.py:914} INFO - Processing file /home/airflow/.local/lib/python3.12/site-packages/airflow/example_dags/example_trigger_controller_dag.py for tasks to queue
[2026-05-08T21:33:02.604+0000] {logging_mixin.py:190} INFO - [2026-05-08T21:33:02.603+0000] {dagbag.py:588} INFO - Filling up the DagBag from /home/airflow/.local/lib/python3.12/site-packages/airflow/example_dags/example_trigger_controller_dag.py
[2026-05-08T21:33:02.609+0000] {processor.py:925} INFO - DAG(s) 'example_trigger_controller_dag' retrieved from /home/airflow/.local/lib/python3.12/site-packages/airflow/example_dags/example_trigger_controller_dag.py
[2026-05-08T21:33:02.628+0000] {logging_mixin.py:190} INFO - [2026-05-08T21:33:02.627+0000] {dag.py:3239} INFO - Sync 1 DAGs
[2026-05-08T21:33:02.652+0000] {logging_mixin.py:190} INFO - [2026-05-08T21:33:02.651+0000] {dag.py:4180} INFO - Setting next_dagrun for example_trigger_controller_dag to 2021-01-01 00:00:00+00:00, run_after=2021-01-01 00:00:00+00:00
[2026-05-08T21:33:02.668+0000] {processor.py:208} INFO - Processing /home/airflow/.local/lib/python3.12/site-packages/airflow/example_dags/example_trigger_controller_dag.py took 0.072 seconds
[2026-05-08T21:33:34.263+0000] {processor.py:186} INFO - Started process (PID=7857) to work on /home/airflow/.local/lib/python3.12/site-packages/airflow/example_dags/example_trigger_controller_dag.py
[2026-05-08T21:33:34.263+0000] {processor.py:914} INFO - Processing file /home/airflow/.local/lib/python3.12/site-packages/airflow/example_dags/example_trigger_controller_dag.py for tasks to queue
[2026-05-08T21:33:34.265+0000] {logging_mixin.py:190} INFO - [2026-05-08T21:33:34.265+0000] {dagbag.py:588} INFO - Filling up the DagBag from /home/airflow/.local/lib/python3.12/site-packages/airflow/example_dags/example_trigger_controller_dag.py
[2026-05-08T21:33:34.272+0000] {processor.py:925} INFO - DAG(s) 'example_trigger_controller_dag' retrieved from /home/airflow/.local/lib/python3.12/site-packages/airflow/example_dags/example_trigger_controller_dag.py
[2026-05-08T21:33:34.288+0000] {logging_mixin.py:190} INFO - [2026-05-08T21:33:34.288+0000] {dag.py:3239} INFO - Sync 1 DAGs
[2026-05-08T21:33:34.308+0000] {logging_mixin.py:190} INFO - [2026-05-08T21:33:34.307+0000] {dag.py:4180} INFO - Setting next_dagrun for example_trigger_controller_dag to 2021-01-01 00:00:00+00:00, run_after=2021-01-01 00:00:00+00:00
[2026-05-08T21:33:34.321+0000] {processor.py:208} INFO - Processing /home/airflow/.local/lib/python3.12/site-packages/airflow/example_dags/example_trigger_controller_dag.py took 0.065 seconds
[2026-05-08T21:34:04.708+0000] {processor.py:186} INFO - Started process (PID=7918) to work on /home/airflow/.local/lib/python3.12/site-packages/airflow/example_dags/example_trigger_controller_dag.py
[2026-05-08T21:34:04.709+0000] {processor.py:914} INFO - Processing file /home/airflow/.local/lib/python3.12/site-packages/airflow/example_dags/example_trigger_controller_dag.py for tasks to queue
[2026-05-08T21:34:04.711+0000] {logging_mixin.py:190} INFO - [2026-05-08T21:34:04.711+0000] {dagbag.py:588} INFO - Filling up the DagBag from /home/airflow/.local/lib/python3.12/site-packages/airflow/example_dags/example_trigger_controller_dag.py
[2026-05-08T21:34:04.719+0000] {processor.py:925} INFO - DAG(s) 'example_trigger_controller_dag' retrieved from /home/airflow/.local/lib/python3.12/site-packages/airflow/example_dags/example_trigger_controller_dag.py
[2026-05-08T21:34:04.738+0000] {logging_mixin.py:190} INFO - [2026-05-08T21:34:04.737+0000] {dag.py:3239} INFO - Sync 1 DAGs
[2026-05-08T21:34:04.757+0000] {logging_mixin.py:190} INFO - [2026-05-08T21:34:04.757+0000] {dag.py:4180} INFO - Setting next_dagrun for example_trigger_controller_dag to 2021-01-01 00:00:00+00:00, run_after=2021-01-01 00:00:00+00:00
[2026-05-08T21:34:04.773+0000] {processor.py:208} INFO - Processing /home/airflow/.local/lib/python3.12/site-packages/airflow/example_dags/example_trigger_controller_dag.py took 0.072 seconds
[2026-05-08T21:34:35.654+0000] {processor.py:186} INFO - Started process (PID=7982) to work on /home/airflow/.local/lib/python3.12/site-packages/airflow/example_dags/example_trigger_controller_dag.py
[2026-05-08T21:34:35.655+0000] {processor.py:914} INFO - Processing file /home/airflow/.local/lib/python3.12/site-packages/airflow/example_dags/example_trigger_controller_dag.py for tasks to queue
[2026-05-08T21:34:35.656+0000] {logging_mixin.py:190} INFO - [2026-05-08T21:34:35.656+0000] {dagbag.py:588} INFO - Filling up the DagBag from /home/airflow/.local/lib/python3.12/site-packages/airflow/example_dags/example_trigger_controller_dag.py
[2026-05-08T21:34:35.662+0000] {processor.py:925} INFO - DAG(s) 'example_trigger_controller_dag' retrieved from /home/airflow/.local/lib/python3.12/site-packages/airflow/example_dags/example_trigger_controller_dag.py
[2026-05-08T21:34:35.679+0000] {logging_mixin.py:190} INFO - [2026-05-08T21:34:35.679+0000] {dag.py:3239} INFO - Sync 1 DAGs
[2026-05-08T21:34:35.700+0000] {logging_mixin.py:190} INFO - [2026-05-08T21:34:35.700+0000] {dag.py:4180} INFO - Setting next_dagrun for example_trigger_controller_dag to 2021-01-01 00:00:00+00:00, run_after=2021-01-01 00:00:00+00:00
[2026-05-08T21:34:35.713+0000] {processor.py:208} INFO - Processing /home/airflow/.local/lib/python3.12/site-packages/airflow/example_dags/example_trigger_controller_dag.py took 0.063 seconds
[2026-05-08T21:35:05.936+0000] {processor.py:186} INFO - Started process (PID=8046) to work on /home/airflow/.local/lib/python3.12/site-packages/airflow/example_dags/example_trigger_controller_dag.py
[2026-05-08T21:35:05.936+0000] {processor.py:914} INFO - Processing file /home/airflow/.local/lib/python3.12/site-packages/airflow/example_dags/example_trigger_controller_dag.py for tasks to queue
[2026-05-08T21:35:05.938+0000] {logging_mixin.py:190} INFO - [2026-05-08T21:35:05.938+0000] {dagbag.py:588} INFO - Filling up the DagBag from /home/airflow/.local/lib/python3.12/site-packages/airflow/example_dags/example_trigger_controller_dag.py
[2026-05-08T21:35:05.944+0000] {processor.py:925} INFO - DAG(s) 'example_trigger_controller_dag' retrieved from /home/airflow/.local/lib/python3.12/site-packages/airflow/example_dags/example_trigger_controller_dag.py
[2026-05-08T21:35:05.961+0000] {logging_mixin.py:190} INFO - [2026-05-08T21:35:05.961+0000] {dag.py:3239} INFO - Sync 1 DAGs
[2026-05-08T21:35:05.982+0000] {logging_mixin.py:190} INFO - [2026-05-08T21:35:05.982+0000] {dag.py:4180} INFO - Setting next_dagrun for example_trigger_controller_dag to 2021-01-01 00:00:00+00:00, run_after=2021-01-01 00:00:00+00:00
[2026-05-08T21:35:05.994+0000] {processor.py:208} INFO - Processing /home/airflow/.local/lib/python3.12/site-packages/airflow/example_dags/example_trigger_controller_dag.py took 0.063 seconds
[2026-05-08T21:35:36.214+0000] {processor.py:186} INFO - Started process (PID=8110) to work on /home/airflow/.local/lib/python3.12/site-packages/airflow/example_dags/example_trigger_controller_dag.py
[2026-05-08T21:35:36.215+0000] {processor.py:914} INFO - Processing file /home/airflow/.local/lib/python3.12/site-packages/airflow/example_dags/example_trigger_controller_dag.py for tasks to queue
[2026-05-08T21:35:36.217+0000] {logging_mixin.py:190} INFO - [2026-05-08T21:35:36.216+0000] {dagbag.py:588} INFO - Filling up the DagBag from /home/airflow/.local/lib/python3.12/site-packages/airflow/example_dags/example_trigger_controller_dag.py
[2026-05-08T21:35:36.222+0000] {processor.py:925} INFO - DAG(s) 'example_trigger_controller_dag' retrieved from /home/airflow/.local/lib/python3.12/site-packages/airflow/example_dags/example_trigger_controller_dag.py
[2026-05-08T21:35:36.238+0000] {logging_mixin.py:190} INFO - [2026-05-08T21:35:36.238+0000] {dag.py:3239} INFO - Sync 1 DAGs
[2026-05-08T21:35:36.258+0000] {logging_mixin.py:190} INFO - [2026-05-08T21:35:36.258+0000] {dag.py:4180} INFO - Setting next_dagrun for example_trigger_controller_dag to 2021-01-01 00:00:00+00:00, run_after=2021-01-01 00:00:00+00:00
[2026-05-08T21:35:36.273+0000] {processor.py:208} INFO - Processing /home/airflow/.local/lib/python3.12/site-packages/airflow/example_dags/example_trigger_controller_dag.py took 0.063 seconds
[2026-05-08T21:36:06.360+0000] {processor.py:186} INFO - Started process (PID=8174) to work on /home/airflow/.local/lib/python3.12/site-packages/airflow/example_dags/example_trigger_controller_dag.py
[2026-05-08T21:36:06.361+0000] {processor.py:914} INFO - Processing file /home/airflow/.local/lib/python3.12/site-packages/airflow/example_dags/example_trigger_controller_dag.py for tasks to queue
[2026-05-08T21:36:06.362+0000] {logging_mixin.py:190} INFO - [2026-05-08T21:36:06.362+0000] {dagbag.py:588} INFO - Filling up the DagBag from /home/airflow/.local/lib/python3.12/site-packages/airflow/example_dags/example_trigger_controller_dag.py
[2026-05-08T21:36:06.368+0000] {processor.py:925} INFO - DAG(s) 'example_trigger_controller_dag' retrieved from /home/airflow/.local/lib/python3.12/site-packages/airflow/example_dags/example_trigger_controller_dag.py
[2026-05-08T21:36:06.384+0000] {logging_mixin.py:190} INFO - [2026-05-08T21:36:06.383+0000] {dag.py:3239} INFO - Sync 1 DAGs
[2026-05-08T21:36:06.402+0000] {logging_mixin.py:190} INFO - [2026-05-08T21:36:06.401+0000] {dag.py:4180} INFO - Setting next_dagrun for example_trigger_controller_dag to 2021-01-01 00:00:00+00:00, run_after=2021-01-01 00:00:00+00:00
[2026-05-08T21:36:06.415+0000] {processor.py:208} INFO - Processing /home/airflow/.local/lib/python3.12/site-packages/airflow/example_dags/example_trigger_controller_dag.py took 0.059 seconds
[2026-05-08T21:36:36.838+0000] {processor.py:186} INFO - Started process (PID=8238) to work on /home/airflow/.local/lib/python3.12/site-packages/airflow/example_dags/example_trigger_controller_dag.py
[2026-05-08T21:36:36.838+0000] {processor.py:914} INFO - Processing file /home/airflow/.local/lib/python3.12/site-packages/airflow/example_dags/example_trigger_controller_dag.py for tasks to queue
[2026-05-08T21:36:36.840+0000] {logging_mixin.py:190} INFO - [2026-05-08T21:36:36.840+0000] {dagbag.py:588} INFO - Filling up the DagBag from /home/airflow/.local/lib/python3.12/site-packages/airflow/example_dags/example_trigger_controller_dag.py
[2026-05-08T21:36:36.848+0000] {processor.py:925} INFO - DAG(s) 'example_trigger_controller_dag' retrieved from /home/airflow/.local/lib/python3.12/site-packages/airflow/example_dags/example_trigger_controller_dag.py
[2026-05-08T21:36:36.865+0000] {logging_mixin.py:190} INFO - [2026-05-08T21:36:36.865+0000] {dag.py:3239} INFO - Sync 1 DAGs
[2026-05-08T21:36:36.883+0000] {logging_mixin.py:190} INFO - [2026-05-08T21:36:36.883+0000] {dag.py:4180} INFO - Setting next_dagrun for example_trigger_controller_dag to 2021-01-01 00:00:00+00:00, run_after=2021-01-01 00:00:00+00:00
[2026-05-08T21:36:36.895+0000] {processor.py:208} INFO - Processing /home/airflow/.local/lib/python3.12/site-packages/airflow/example_dags/example_trigger_controller_dag.py took 0.064 seconds
[2026-05-08T21:37:07.016+0000] {processor.py:186} INFO - Started process (PID=8302) to work on /home/airflow/.local/lib/python3.12/site-packages/airflow/example_dags/example_trigger_controller_dag.py
[2026-05-08T21:37:07.016+0000] {processor.py:914} INFO - Processing file /home/airflow/.local/lib/python3.12/site-packages/airflow/example_dags/example_trigger_controller_dag.py for tasks to queue
[2026-05-08T21:37:07.019+0000] {logging_mixin.py:190} INFO - [2026-05-08T21:37:07.018+0000] {dagbag.py:588} INFO - Filling up the DagBag from /home/airflow/.local/lib/python3.12/site-packages/airflow/example_dags/example_trigger_controller_dag.py
[2026-05-08T21:37:07.025+0000] {processor.py:925} INFO - DAG(s) 'example_trigger_controller_dag' retrieved from /home/airflow/.local/lib/python3.12/site-packages/airflow/example_dags/example_trigger_controller_dag.py
[2026-05-08T21:37:07.041+0000] {logging_mixin.py:190} INFO - [2026-05-08T21:37:07.041+0000] {dag.py:3239} INFO - Sync 1 DAGs
[2026-05-08T21:37:07.060+0000] {logging_mixin.py:190} INFO - [2026-05-08T21:37:07.059+0000] {dag.py:4180} INFO - Setting next_dagrun for example_trigger_controller_dag to 2021-01-01 00:00:00+00:00, run_after=2021-01-01 00:00:00+00:00
[2026-05-08T21:37:07.076+0000] {processor.py:208} INFO - Processing /home/airflow/.local/lib/python3.12/site-packages/airflow/example_dags/example_trigger_controller_dag.py took 0.067 seconds
[2026-05-08T21:37:37.616+0000] {processor.py:186} INFO - Started process (PID=8372) to work on /home/airflow/.local/lib/python3.12/site-packages/airflow/example_dags/example_trigger_controller_dag.py
[2026-05-08T21:37:37.617+0000] {processor.py:914} INFO - Processing file /home/airflow/.local/lib/python3.12/site-packages/airflow/example_dags/example_trigger_controller_dag.py for tasks to queue
[2026-05-08T21:37:37.618+0000] {logging_mixin.py:190} INFO - [2026-05-08T21:37:37.618+0000] {dagbag.py:588} INFO - Filling up the DagBag from /home/airflow/.local/lib/python3.12/site-packages/airflow/example_dags/example_trigger_controller_dag.py
[2026-05-08T21:37:37.624+0000] {processor.py:925} INFO - DAG(s) 'example_trigger_controller_dag' retrieved from /home/airflow/.local/lib/python3.12/site-packages/airflow/example_dags/example_trigger_controller_dag.py
[2026-05-08T21:37:37.637+0000] {logging_mixin.py:190} INFO - [2026-05-08T21:37:37.637+0000] {dag.py:3239} INFO - Sync 1 DAGs
[2026-05-08T21:37:37.658+0000] {logging_mixin.py:190} INFO - [2026-05-08T21:37:37.658+0000] {dag.py:4180} INFO - Setting next_dagrun for example_trigger_controller_dag to 2021-01-01 00:00:00+00:00, run_after=2021-01-01 00:00:00+00:00
[2026-05-08T21:37:37.672+0000] {processor.py:208} INFO - Processing /home/airflow/.local/lib/python3.12/site-packages/airflow/example_dags/example_trigger_controller_dag.py took 0.062 seconds
[2026-05-08T21:38:08.534+0000] {processor.py:186} INFO - Started process (PID=8433) to work on /home/airflow/.local/lib/python3.12/site-packages/airflow/example_dags/example_trigger_controller_dag.py
[2026-05-08T21:38:08.534+0000] {processor.py:914} INFO - Processing file /home/airflow/.local/lib/python3.12/site-packages/airflow/example_dags/example_trigger_controller_dag.py for tasks to queue
[2026-05-08T21:38:08.536+0000] {logging_mixin.py:190} INFO - [2026-05-08T21:38:08.536+0000] {dagbag.py:588} INFO - Filling up the DagBag from /home/airflow/.local/lib/python3.12/site-packages/airflow/example_dags/example_trigger_controller_dag.py
[2026-05-08T21:38:08.542+0000] {processor.py:925} INFO - DAG(s) 'example_trigger_controller_dag' retrieved from /home/airflow/.local/lib/python3.12/site-packages/airflow/example_dags/example_trigger_controller_dag.py
[2026-05-08T21:38:08.558+0000] {logging_mixin.py:190} INFO - [2026-05-08T21:38:08.558+0000] {dag.py:3239} INFO - Sync 1 DAGs
[2026-05-08T21:38:08.582+0000] {logging_mixin.py:190} INFO - [2026-05-08T21:38:08.582+0000] {dag.py:4180} INFO - Setting next_dagrun for example_trigger_controller_dag to 2021-01-01 00:00:00+00:00, run_after=2021-01-01 00:00:00+00:00
[2026-05-08T21:38:08.596+0000] {processor.py:208} INFO - Processing /home/airflow/.local/lib/python3.12/site-packages/airflow/example_dags/example_trigger_controller_dag.py took 0.068 seconds
[2026-05-08T21:38:39.449+0000] {processor.py:186} INFO - Started process (PID=8493) to work on /home/airflow/.local/lib/python3.12/site-packages/airflow/example_dags/example_trigger_controller_dag.py
[2026-05-08T21:38:39.449+0000] {processor.py:914} INFO - Processing file /home/airflow/.local/lib/python3.12/site-packages/airflow/example_dags/example_trigger_controller_dag.py for tasks to queue
[2026-05-08T21:38:39.451+0000] {logging_mixin.py:190} INFO - [2026-05-08T21:38:39.451+0000] {dagbag.py:588} INFO - Filling up the DagBag from /home/airflow/.local/lib/python3.12/site-packages/airflow/example_dags/example_trigger_controller_dag.py
[2026-05-08T21:38:39.458+0000] {processor.py:925} INFO - DAG(s) 'example_trigger_controller_dag' retrieved from /home/airflow/.local/lib/python3.12/site-packages/airflow/example_dags/example_trigger_controller_dag.py
[2026-05-08T21:38:39.474+0000] {logging_mixin.py:190} INFO - [2026-05-08T21:38:39.474+0000] {dag.py:3239} INFO - Sync 1 DAGs
[2026-05-08T21:38:39.491+0000] {logging_mixin.py:190} INFO - [2026-05-08T21:38:39.491+0000] {dag.py:4180} INFO - Setting next_dagrun for example_trigger_controller_dag to 2021-01-01 00:00:00+00:00, run_after=2021-01-01 00:00:00+00:00
[2026-05-08T21:38:39.506+0000] {processor.py:208} INFO - Processing /home/airflow/.local/lib/python3.12/site-packages/airflow/example_dags/example_trigger_controller_dag.py took 0.062 seconds
[2026-05-08T21:39:10.994+0000] {processor.py:186} INFO - Started process (PID=8557) to work on /home/airflow/.local/lib/python3.12/site-packages/airflow/example_dags/example_trigger_controller_dag.py
[2026-05-08T21:39:10.995+0000] {processor.py:914} INFO - Processing file /home/airflow/.local/lib/python3.12/site-packages/airflow/example_dags/example_trigger_controller_dag.py for tasks to queue
[2026-05-08T21:39:10.996+0000] {logging_mixin.py:190} INFO - [2026-05-08T21:39:10.996+0000] {dagbag.py:588} INFO - Filling up the DagBag from /home/airflow/.local/lib/python3.12/site-packages/airflow/example_dags/example_trigger_controller_dag.py
[2026-05-08T21:39:11.002+0000] {processor.py:925} INFO - DAG(s) 'example_trigger_controller_dag' retrieved from /home/airflow/.local/lib/python3.12/site-packages/airflow/example_dags/example_trigger_controller_dag.py
[2026-05-08T21:39:11.017+0000] {logging_mixin.py:190} INFO - [2026-05-08T21:39:11.016+0000] {dag.py:3239} INFO - Sync 1 DAGs
[2026-05-08T21:39:11.034+0000] {logging_mixin.py:190} INFO - [2026-05-08T21:39:11.034+0000] {dag.py:4180} INFO - Setting next_dagrun for example_trigger_controller_dag to 2021-01-01 00:00:00+00:00, run_after=2021-01-01 00:00:00+00:00
[2026-05-08T21:39:11.049+0000] {processor.py:208} INFO - Processing /home/airflow/.local/lib/python3.12/site-packages/airflow/example_dags/example_trigger_controller_dag.py took 0.060 seconds
[2026-05-08T21:39:42.352+0000] {processor.py:186} INFO - Started process (PID=8621) to work on /home/airflow/.local/lib/python3.12/site-packages/airflow/example_dags/example_trigger_controller_dag.py
[2026-05-08T21:39:42.352+0000] {processor.py:914} INFO - Processing file /home/airflow/.local/lib/python3.12/site-packages/airflow/example_dags/example_trigger_controller_dag.py for tasks to queue
[2026-05-08T21:39:42.354+0000] {logging_mixin.py:190} INFO - [2026-05-08T21:39:42.354+0000] {dagbag.py:588} INFO - Filling up the DagBag from /home/airflow/.local/lib/python3.12/site-packages/airflow/example_dags/example_trigger_controller_dag.py
[2026-05-08T21:39:42.359+0000] {processor.py:925} INFO - DAG(s) 'example_trigger_controller_dag' retrieved from /home/airflow/.local/lib/python3.12/site-packages/airflow/example_dags/example_trigger_controller_dag.py
[2026-05-08T21:39:42.373+0000] {logging_mixin.py:190} INFO - [2026-05-08T21:39:42.373+0000] {dag.py:3239} INFO - Sync 1 DAGs
[2026-05-08T21:39:42.390+0000] {logging_mixin.py:190} INFO - [2026-05-08T21:39:42.390+0000] {dag.py:4180} INFO - Setting next_dagrun for example_trigger_controller_dag to 2021-01-01 00:00:00+00:00, run_after=2021-01-01 00:00:00+00:00
[2026-05-08T21:39:42.403+0000] {processor.py:208} INFO - Processing /home/airflow/.local/lib/python3.12/site-packages/airflow/example_dags/example_trigger_controller_dag.py took 0.056 seconds
[2026-05-08T21:40:13.496+0000] {processor.py:186} INFO - Started process (PID=8685) to work on /home/airflow/.local/lib/python3.12/site-packages/airflow/example_dags/example_trigger_controller_dag.py
[2026-05-08T21:40:13.497+0000] {processor.py:914} INFO - Processing file /home/airflow/.local/lib/python3.12/site-packages/airflow/example_dags/example_trigger_controller_dag.py for tasks to queue
[2026-05-08T21:40:13.501+0000] {logging_mixin.py:190} INFO - [2026-05-08T21:40:13.499+0000] {dagbag.py:588} INFO - Filling up the DagBag from /home/airflow/.local/lib/python3.12/site-packages/airflow/example_dags/example_trigger_controller_dag.py
[2026-05-08T21:40:13.510+0000] {processor.py:925} INFO - DAG(s) 'example_trigger_controller_dag' retrieved from /home/airflow/.local/lib/python3.12/site-packages/airflow/example_dags/example_trigger_controller_dag.py
[2026-05-08T21:40:13.534+0000] {logging_mixin.py:190} INFO - [2026-05-08T21:40:13.534+0000] {dag.py:3239} INFO - Sync 1 DAGs
[2026-05-08T21:40:13.574+0000] {logging_mixin.py:190} INFO - [2026-05-08T21:40:13.573+0000] {dag.py:4180} INFO - Setting next_dagrun for example_trigger_controller_dag to 2021-01-01 00:00:00+00:00, run_after=2021-01-01 00:00:00+00:00
[2026-05-08T21:40:13.607+0000] {processor.py:208} INFO - Processing /home/airflow/.local/lib/python3.12/site-packages/airflow/example_dags/example_trigger_controller_dag.py took 0.119 seconds
[2026-05-08T21:40:44.531+0000] {processor.py:186} INFO - Started process (PID=8749) to work on /home/airflow/.local/lib/python3.12/site-packages/airflow/example_dags/example_trigger_controller_dag.py
[2026-05-08T21:40:44.532+0000] {processor.py:914} INFO - Processing file /home/airflow/.local/lib/python3.12/site-packages/airflow/example_dags/example_trigger_controller_dag.py for tasks to queue
[2026-05-08T21:40:44.533+0000] {logging_mixin.py:190} INFO - [2026-05-08T21:40:44.533+0000] {dagbag.py:588} INFO - Filling up the DagBag from /home/airflow/.local/lib/python3.12/site-packages/airflow/example_dags/example_trigger_controller_dag.py
[2026-05-08T21:40:44.539+0000] {processor.py:925} INFO - DAG(s) 'example_trigger_controller_dag' retrieved from /home/airflow/.local/lib/python3.12/site-packages/airflow/example_dags/example_trigger_controller_dag.py
[2026-05-08T21:40:44.557+0000] {logging_mixin.py:190} INFO - [2026-05-08T21:40:44.556+0000] {dag.py:3239} INFO - Sync 1 DAGs
[2026-05-08T21:40:44.580+0000] {logging_mixin.py:190} INFO - [2026-05-08T21:40:44.580+0000] {dag.py:4180} INFO - Setting next_dagrun for example_trigger_controller_dag to 2021-01-01 00:00:00+00:00, run_after=2021-01-01 00:00:00+00:00
[2026-05-08T21:40:44.598+0000] {processor.py:208} INFO - Processing /home/airflow/.local/lib/python3.12/site-packages/airflow/example_dags/example_trigger_controller_dag.py took 0.072 seconds
[2026-05-08T21:41:15.905+0000] {processor.py:186} INFO - Started process (PID=8813) to work on /home/airflow/.local/lib/python3.12/site-packages/airflow/example_dags/example_trigger_controller_dag.py
[2026-05-08T21:41:15.905+0000] {processor.py:914} INFO - Processing file /home/airflow/.local/lib/python3.12/site-packages/airflow/example_dags/example_trigger_controller_dag.py for tasks to queue
[2026-05-08T21:41:15.907+0000] {logging_mixin.py:190} INFO - [2026-05-08T21:41:15.907+0000] {dagbag.py:588} INFO - Filling up the DagBag from /home/airflow/.local/lib/python3.12/site-packages/airflow/example_dags/example_trigger_controller_dag.py
[2026-05-08T21:41:15.912+0000] {processor.py:925} INFO - DAG(s) 'example_trigger_controller_dag' retrieved from /home/airflow/.local/lib/python3.12/site-packages/airflow/example_dags/example_trigger_controller_dag.py
[2026-05-08T21:41:15.927+0000] {logging_mixin.py:190} INFO - [2026-05-08T21:41:15.927+0000] {dag.py:3239} INFO - Sync 1 DAGs
[2026-05-08T21:41:15.945+0000] {logging_mixin.py:190} INFO - [2026-05-08T21:41:15.945+0000] {dag.py:4180} INFO - Setting next_dagrun for example_trigger_controller_dag to 2021-01-01 00:00:00+00:00, run_after=2021-01-01 00:00:00+00:00
[2026-05-08T21:41:15.959+0000] {processor.py:208} INFO - Processing /home/airflow/.local/lib/python3.12/site-packages/airflow/example_dags/example_trigger_controller_dag.py took 0.058 seconds
[2026-05-08T21:41:46.965+0000] {processor.py:186} INFO - Started process (PID=8877) to work on /home/airflow/.local/lib/python3.12/site-packages/airflow/example_dags/example_trigger_controller_dag.py
[2026-05-08T21:41:46.966+0000] {processor.py:914} INFO - Processing file /home/airflow/.local/lib/python3.12/site-packages/airflow/example_dags/example_trigger_controller_dag.py for tasks to queue
[2026-05-08T21:41:46.967+0000] {logging_mixin.py:190} INFO - [2026-05-08T21:41:46.967+0000] {dagbag.py:588} INFO - Filling up the DagBag from /home/airflow/.local/lib/python3.12/site-packages/airflow/example_dags/example_trigger_controller_dag.py
[2026-05-08T21:41:46.972+0000] {processor.py:925} INFO - DAG(s) 'example_trigger_controller_dag' retrieved from /home/airflow/.local/lib/python3.12/site-packages/airflow/example_dags/example_trigger_controller_dag.py
[2026-05-08T21:41:46.986+0000] {logging_mixin.py:190} INFO - [2026-05-08T21:41:46.986+0000] {dag.py:3239} INFO - Sync 1 DAGs
[2026-05-08T21:41:47.004+0000] {logging_mixin.py:190} INFO - [2026-05-08T21:41:47.004+0000] {dag.py:4180} INFO - Setting next_dagrun for example_trigger_controller_dag to 2021-01-01 00:00:00+00:00, run_after=2021-01-01 00:00:00+00:00
[2026-05-08T21:41:47.016+0000] {processor.py:208} INFO - Processing /home/airflow/.local/lib/python3.12/site-packages/airflow/example_dags/example_trigger_controller_dag.py took 0.056 seconds
[2026-05-08T21:42:18.256+0000] {processor.py:186} INFO - Started process (PID=8942) to work on /home/airflow/.local/lib/python3.12/site-packages/airflow/example_dags/example_trigger_controller_dag.py
[2026-05-08T21:42:18.257+0000] {processor.py:914} INFO - Processing file /home/airflow/.local/lib/python3.12/site-packages/airflow/example_dags/example_trigger_controller_dag.py for tasks to queue
[2026-05-08T21:42:18.259+0000] {logging_mixin.py:190} INFO - [2026-05-08T21:42:18.258+0000] {dagbag.py:588} INFO - Filling up the DagBag from /home/airflow/.local/lib/python3.12/site-packages/airflow/example_dags/example_trigger_controller_dag.py
[2026-05-08T21:42:18.266+0000] {processor.py:925} INFO - DAG(s) 'example_trigger_controller_dag' retrieved from /home/airflow/.local/lib/python3.12/site-packages/airflow/example_dags/example_trigger_controller_dag.py
[2026-05-08T21:42:18.285+0000] {logging_mixin.py:190} INFO - [2026-05-08T21:42:18.285+0000] {dag.py:3239} INFO - Sync 1 DAGs
[2026-05-08T21:42:18.309+0000] {logging_mixin.py:190} INFO - [2026-05-08T21:42:18.309+0000] {dag.py:4180} INFO - Setting next_dagrun for example_trigger_controller_dag to 2021-01-01 00:00:00+00:00, run_after=2021-01-01 00:00:00+00:00
[2026-05-08T21:42:18.324+0000] {processor.py:208} INFO - Processing /home/airflow/.local/lib/python3.12/site-packages/airflow/example_dags/example_trigger_controller_dag.py took 0.073 seconds
[2026-05-08T21:42:48.948+0000] {processor.py:186} INFO - Started process (PID=9006) to work on /home/airflow/.local/lib/python3.12/site-packages/airflow/example_dags/example_trigger_controller_dag.py
[2026-05-08T21:42:48.948+0000] {processor.py:914} INFO - Processing file /home/airflow/.local/lib/python3.12/site-packages/airflow/example_dags/example_trigger_controller_dag.py for tasks to queue
[2026-05-08T21:42:48.950+0000] {logging_mixin.py:190} INFO - [2026-05-08T21:42:48.950+0000] {dagbag.py:588} INFO - Filling up the DagBag from /home/airflow/.local/lib/python3.12/site-packages/airflow/example_dags/example_trigger_controller_dag.py
[2026-05-08T21:42:48.957+0000] {processor.py:925} INFO - DAG(s) 'example_trigger_controller_dag' retrieved from /home/airflow/.local/lib/python3.12/site-packages/airflow/example_dags/example_trigger_controller_dag.py
[2026-05-08T21:42:48.975+0000] {logging_mixin.py:190} INFO - [2026-05-08T21:42:48.975+0000] {dag.py:3239} INFO - Sync 1 DAGs
[2026-05-08T21:42:48.993+0000] {logging_mixin.py:190} INFO - [2026-05-08T21:42:48.993+0000] {dag.py:4180} INFO - Setting next_dagrun for example_trigger_controller_dag to 2021-01-01 00:00:00+00:00, run_after=2021-01-01 00:00:00+00:00
[2026-05-08T21:42:49.008+0000] {processor.py:208} INFO - Processing /home/airflow/.local/lib/python3.12/site-packages/airflow/example_dags/example_trigger_controller_dag.py took 0.065 seconds
[2026-05-08T21:43:19.601+0000] {processor.py:186} INFO - Started process (PID=9070) to work on /home/airflow/.local/lib/python3.12/site-packages/airflow/example_dags/example_trigger_controller_dag.py
[2026-05-08T21:43:19.602+0000] {processor.py:914} INFO - Processing file /home/airflow/.local/lib/python3.12/site-packages/airflow/example_dags/example_trigger_controller_dag.py for tasks to queue
[2026-05-08T21:43:19.603+0000] {logging_mixin.py:190} INFO - [2026-05-08T21:43:19.603+0000] {dagbag.py:588} INFO - Filling up the DagBag from /home/airflow/.local/lib/python3.12/site-packages/airflow/example_dags/example_trigger_controller_dag.py
[2026-05-08T21:43:19.609+0000] {processor.py:925} INFO - DAG(s) 'example_trigger_controller_dag' retrieved from /home/airflow/.local/lib/python3.12/site-packages/airflow/example_dags/example_trigger_controller_dag.py
[2026-05-08T21:43:19.626+0000] {logging_mixin.py:190} INFO - [2026-05-08T21:43:19.626+0000] {dag.py:3239} INFO - Sync 1 DAGs
[2026-05-08T21:43:19.648+0000] {logging_mixin.py:190} INFO - [2026-05-08T21:43:19.648+0000] {dag.py:4180} INFO - Setting next_dagrun for example_trigger_controller_dag to 2021-01-01 00:00:00+00:00, run_after=2021-01-01 00:00:00+00:00
[2026-05-08T21:43:19.663+0000] {processor.py:208} INFO - Processing /home/airflow/.local/lib/python3.12/site-packages/airflow/example_dags/example_trigger_controller_dag.py took 0.067 seconds
[2026-05-08T21:43:50.322+0000] {processor.py:186} INFO - Started process (PID=9134) to work on /home/airflow/.local/lib/python3.12/site-packages/airflow/example_dags/example_trigger_controller_dag.py
[2026-05-08T21:43:50.323+0000] {processor.py:914} INFO - Processing file /home/airflow/.local/lib/python3.12/site-packages/airflow/example_dags/example_trigger_controller_dag.py for tasks to queue
[2026-05-08T21:43:50.325+0000] {logging_mixin.py:190} INFO - [2026-05-08T21:43:50.324+0000] {dagbag.py:588} INFO - Filling up the DagBag from /home/airflow/.local/lib/python3.12/site-packages/airflow/example_dags/example_trigger_controller_dag.py
[2026-05-08T21:43:50.331+0000] {processor.py:925} INFO - DAG(s) 'example_trigger_controller_dag' retrieved from /home/airflow/.local/lib/python3.12/site-packages/airflow/example_dags/example_trigger_controller_dag.py
[2026-05-08T21:43:50.345+0000] {logging_mixin.py:190} INFO - [2026-05-08T21:43:50.345+0000] {dag.py:3239} INFO - Sync 1 DAGs
[2026-05-08T21:43:50.365+0000] {logging_mixin.py:190} INFO - [2026-05-08T21:43:50.365+0000] {dag.py:4180} INFO - Setting next_dagrun for example_trigger_controller_dag to 2021-01-01 00:00:00+00:00, run_after=2021-01-01 00:00:00+00:00
[2026-05-08T21:43:50.381+0000] {processor.py:208} INFO - Processing /home/airflow/.local/lib/python3.12/site-packages/airflow/example_dags/example_trigger_controller_dag.py took 0.063 seconds
[2026-05-08T21:44:20.942+0000] {processor.py:186} INFO - Started process (PID=9198) to work on /home/airflow/.local/lib/python3.12/site-packages/airflow/example_dags/example_trigger_controller_dag.py
[2026-05-08T21:44:20.943+0000] {processor.py:914} INFO - Processing file /home/airflow/.local/lib/python3.12/site-packages/airflow/example_dags/example_trigger_controller_dag.py for tasks to queue
[2026-05-08T21:44:20.946+0000] {logging_mixin.py:190} INFO - [2026-05-08T21:44:20.945+0000] {dagbag.py:588} INFO - Filling up the DagBag from /home/airflow/.local/lib/python3.12/site-packages/airflow/example_dags/example_trigger_controller_dag.py
[2026-05-08T21:44:20.953+0000] {processor.py:925} INFO - DAG(s) 'example_trigger_controller_dag' retrieved from /home/airflow/.local/lib/python3.12/site-packages/airflow/example_dags/example_trigger_controller_dag.py
[2026-05-08T21:44:20.972+0000] {logging_mixin.py:190} INFO - [2026-05-08T21:44:20.971+0000] {dag.py:3239} INFO - Sync 1 DAGs
[2026-05-08T21:44:20.992+0000] {logging_mixin.py:190} INFO - [2026-05-08T21:44:20.992+0000] {dag.py:4180} INFO - Setting next_dagrun for example_trigger_controller_dag to 2021-01-01 00:00:00+00:00, run_after=2021-01-01 00:00:00+00:00
[2026-05-08T21:44:21.006+0000] {processor.py:208} INFO - Processing /home/airflow/.local/lib/python3.12/site-packages/airflow/example_dags/example_trigger_controller_dag.py took 0.068 seconds
[2026-05-08T21:44:51.661+0000] {processor.py:186} INFO - Started process (PID=9262) to work on /home/airflow/.local/lib/python3.12/site-packages/airflow/example_dags/example_trigger_controller_dag.py
[2026-05-08T21:44:51.662+0000] {processor.py:914} INFO - Processing file /home/airflow/.local/lib/python3.12/site-packages/airflow/example_dags/example_trigger_controller_dag.py for tasks to queue
[2026-05-08T21:44:51.664+0000] {logging_mixin.py:190} INFO - [2026-05-08T21:44:51.664+0000] {dagbag.py:588} INFO - Filling up the DagBag from /home/airflow/.local/lib/python3.12/site-packages/airflow/example_dags/example_trigger_controller_dag.py
[2026-05-08T21:44:51.670+0000] {processor.py:925} INFO - DAG(s) 'example_trigger_controller_dag' retrieved from /home/airflow/.local/lib/python3.12/site-packages/airflow/example_dags/example_trigger_controller_dag.py
[2026-05-08T21:44:51.686+0000] {logging_mixin.py:190} INFO - [2026-05-08T21:44:51.686+0000] {dag.py:3239} INFO - Sync 1 DAGs
[2026-05-08T21:44:51.706+0000] {logging_mixin.py:190} INFO - [2026-05-08T21:44:51.706+0000] {dag.py:4180} INFO - Setting next_dagrun for example_trigger_controller_dag to 2021-01-01 00:00:00+00:00, run_after=2021-01-01 00:00:00+00:00
[2026-05-08T21:44:51.719+0000] {processor.py:208} INFO - Processing /home/airflow/.local/lib/python3.12/site-packages/airflow/example_dags/example_trigger_controller_dag.py took 0.063 seconds
[2026-05-08T21:45:22.696+0000] {processor.py:186} INFO - Started process (PID=9326) to work on /home/airflow/.local/lib/python3.12/site-packages/airflow/example_dags/example_trigger_controller_dag.py
[2026-05-08T21:45:22.697+0000] {processor.py:914} INFO - Processing file /home/airflow/.local/lib/python3.12/site-packages/airflow/example_dags/example_trigger_controller_dag.py for tasks to queue
[2026-05-08T21:45:22.699+0000] {logging_mixin.py:190} INFO - [2026-05-08T21:45:22.699+0000] {dagbag.py:588} INFO - Filling up the DagBag from /home/airflow/.local/lib/python3.12/site-packages/airflow/example_dags/example_trigger_controller_dag.py
[2026-05-08T21:45:22.705+0000] {processor.py:925} INFO - DAG(s) 'example_trigger_controller_dag' retrieved from /home/airflow/.local/lib/python3.12/site-packages/airflow/example_dags/example_trigger_controller_dag.py
[2026-05-08T21:45:22.722+0000] {logging_mixin.py:190} INFO - [2026-05-08T21:45:22.722+0000] {dag.py:3239} INFO - Sync 1 DAGs
[2026-05-08T21:45:22.743+0000] {logging_mixin.py:190} INFO - [2026-05-08T21:45:22.743+0000] {dag.py:4180} INFO - Setting next_dagrun for example_trigger_controller_dag to 2021-01-01 00:00:00+00:00, run_after=2021-01-01 00:00:00+00:00
[2026-05-08T21:45:22.756+0000] {processor.py:208} INFO - Processing /home/airflow/.local/lib/python3.12/site-packages/airflow/example_dags/example_trigger_controller_dag.py took 0.066 seconds
[2026-05-08T21:45:54.346+0000] {processor.py:186} INFO - Started process (PID=9390) to work on /home/airflow/.local/lib/python3.12/site-packages/airflow/example_dags/example_trigger_controller_dag.py
[2026-05-08T21:45:54.346+0000] {processor.py:914} INFO - Processing file /home/airflow/.local/lib/python3.12/site-packages/airflow/example_dags/example_trigger_controller_dag.py for tasks to queue
[2026-05-08T21:45:54.348+0000] {logging_mixin.py:190} INFO - [2026-05-08T21:45:54.348+0000] {dagbag.py:588} INFO - Filling up the DagBag from /home/airflow/.local/lib/python3.12/site-packages/airflow/example_dags/example_trigger_controller_dag.py
[2026-05-08T21:45:54.354+0000] {processor.py:925} INFO - DAG(s) 'example_trigger_controller_dag' retrieved from /home/airflow/.local/lib/python3.12/site-packages/airflow/example_dags/example_trigger_controller_dag.py
[2026-05-08T21:45:54.371+0000] {logging_mixin.py:190} INFO - [2026-05-08T21:45:54.371+0000] {dag.py:3239} INFO - Sync 1 DAGs
[2026-05-08T21:45:54.395+0000] {logging_mixin.py:190} INFO - [2026-05-08T21:45:54.394+0000] {dag.py:4180} INFO - Setting next_dagrun for example_trigger_controller_dag to 2021-01-01 00:00:00+00:00, run_after=2021-01-01 00:00:00+00:00
[2026-05-08T21:45:54.417+0000] {processor.py:208} INFO - Processing /home/airflow/.local/lib/python3.12/site-packages/airflow/example_dags/example_trigger_controller_dag.py took 0.076 seconds
[2026-05-08T21:46:25.917+0000] {processor.py:186} INFO - Started process (PID=9454) to work on /home/airflow/.local/lib/python3.12/site-packages/airflow/example_dags/example_trigger_controller_dag.py
[2026-05-08T21:46:25.917+0000] {processor.py:914} INFO - Processing file /home/airflow/.local/lib/python3.12/site-packages/airflow/example_dags/example_trigger_controller_dag.py for tasks to queue
[2026-05-08T21:46:25.919+0000] {logging_mixin.py:190} INFO - [2026-05-08T21:46:25.919+0000] {dagbag.py:588} INFO - Filling up the DagBag from /home/airflow/.local/lib/python3.12/site-packages/airflow/example_dags/example_trigger_controller_dag.py
[2026-05-08T21:46:25.925+0000] {processor.py:925} INFO - DAG(s) 'example_trigger_controller_dag' retrieved from /home/airflow/.local/lib/python3.12/site-packages/airflow/example_dags/example_trigger_controller_dag.py
[2026-05-08T21:46:25.939+0000] {logging_mixin.py:190} INFO - [2026-05-08T21:46:25.939+0000] {dag.py:3239} INFO - Sync 1 DAGs
[2026-05-08T21:46:25.957+0000] {logging_mixin.py:190} INFO - [2026-05-08T21:46:25.956+0000] {dag.py:4180} INFO - Setting next_dagrun for example_trigger_controller_dag to 2021-01-01 00:00:00+00:00, run_after=2021-01-01 00:00:00+00:00
[2026-05-08T21:46:25.974+0000] {processor.py:208} INFO - Processing /home/airflow/.local/lib/python3.12/site-packages/airflow/example_dags/example_trigger_controller_dag.py took 0.063 seconds
[2026-05-08T21:46:56.642+0000] {processor.py:186} INFO - Started process (PID=9518) to work on /home/airflow/.local/lib/python3.12/site-packages/airflow/example_dags/example_trigger_controller_dag.py
[2026-05-08T21:46:56.642+0000] {processor.py:914} INFO - Processing file /home/airflow/.local/lib/python3.12/site-packages/airflow/example_dags/example_trigger_controller_dag.py for tasks to queue
[2026-05-08T21:46:56.644+0000] {logging_mixin.py:190} INFO - [2026-05-08T21:46:56.644+0000] {dagbag.py:588} INFO - Filling up the DagBag from /home/airflow/.local/lib/python3.12/site-packages/airflow/example_dags/example_trigger_controller_dag.py
[2026-05-08T21:46:56.650+0000] {processor.py:925} INFO - DAG(s) 'example_trigger_controller_dag' retrieved from /home/airflow/.local/lib/python3.12/site-packages/airflow/example_dags/example_trigger_controller_dag.py
[2026-05-08T21:46:56.667+0000] {logging_mixin.py:190} INFO - [2026-05-08T21:46:56.667+0000] {dag.py:3239} INFO - Sync 1 DAGs
[2026-05-08T21:46:56.689+0000] {logging_mixin.py:190} INFO - [2026-05-08T21:46:56.689+0000] {dag.py:4180} INFO - Setting next_dagrun for example_trigger_controller_dag to 2021-01-01 00:00:00+00:00, run_after=2021-01-01 00:00:00+00:00
[2026-05-08T21:46:56.703+0000] {processor.py:208} INFO - Processing /home/airflow/.local/lib/python3.12/site-packages/airflow/example_dags/example_trigger_controller_dag.py took 0.066 seconds
[2026-05-08T21:47:28.164+0000] {processor.py:186} INFO - Started process (PID=9582) to work on /home/airflow/.local/lib/python3.12/site-packages/airflow/example_dags/example_trigger_controller_dag.py
[2026-05-08T21:47:28.164+0000] {processor.py:914} INFO - Processing file /home/airflow/.local/lib/python3.12/site-packages/airflow/example_dags/example_trigger_controller_dag.py for tasks to queue
[2026-05-08T21:47:28.166+0000] {logging_mixin.py:190} INFO - [2026-05-08T21:47:28.166+0000] {dagbag.py:588} INFO - Filling up the DagBag from /home/airflow/.local/lib/python3.12/site-packages/airflow/example_dags/example_trigger_controller_dag.py
[2026-05-08T21:47:28.172+0000] {processor.py:925} INFO - DAG(s) 'example_trigger_controller_dag' retrieved from /home/airflow/.local/lib/python3.12/site-packages/airflow/example_dags/example_trigger_controller_dag.py
[2026-05-08T21:47:28.186+0000] {logging_mixin.py:190} INFO - [2026-05-08T21:47:28.186+0000] {dag.py:3239} INFO - Sync 1 DAGs
[2026-05-08T21:47:28.203+0000] {logging_mixin.py:190} INFO - [2026-05-08T21:47:28.203+0000] {dag.py:4180} INFO - Setting next_dagrun for example_trigger_controller_dag to 2021-01-01 00:00:00+00:00, run_after=2021-01-01 00:00:00+00:00
[2026-05-08T21:47:28.216+0000] {processor.py:208} INFO - Processing /home/airflow/.local/lib/python3.12/site-packages/airflow/example_dags/example_trigger_controller_dag.py took 0.057 seconds
[2026-05-08T21:47:58.743+0000] {processor.py:186} INFO - Started process (PID=9646) to work on /home/airflow/.local/lib/python3.12/site-packages/airflow/example_dags/example_trigger_controller_dag.py
[2026-05-08T21:47:58.744+0000] {processor.py:914} INFO - Processing file /home/airflow/.local/lib/python3.12/site-packages/airflow/example_dags/example_trigger_controller_dag.py for tasks to queue
[2026-05-08T21:47:58.746+0000] {logging_mixin.py:190} INFO - [2026-05-08T21:47:58.745+0000] {dagbag.py:588} INFO - Filling up the DagBag from /home/airflow/.local/lib/python3.12/site-packages/airflow/example_dags/example_trigger_controller_dag.py
[2026-05-08T21:47:58.752+0000] {processor.py:925} INFO - DAG(s) 'example_trigger_controller_dag' retrieved from /home/airflow/.local/lib/python3.12/site-packages/airflow/example_dags/example_trigger_controller_dag.py
[2026-05-08T21:47:58.768+0000] {logging_mixin.py:190} INFO - [2026-05-08T21:47:58.768+0000] {dag.py:3239} INFO - Sync 1 DAGs
[2026-05-08T21:47:58.791+0000] {logging_mixin.py:190} INFO - [2026-05-08T21:47:58.791+0000] {dag.py:4180} INFO - Setting next_dagrun for example_trigger_controller_dag to 2021-01-01 00:00:00+00:00, run_after=2021-01-01 00:00:00+00:00
[2026-05-08T21:47:58.806+0000] {processor.py:208} INFO - Processing /home/airflow/.local/lib/python3.12/site-packages/airflow/example_dags/example_trigger_controller_dag.py took 0.067 seconds
[2026-05-08T21:48:30.307+0000] {processor.py:186} INFO - Started process (PID=9710) to work on /home/airflow/.local/lib/python3.12/site-packages/airflow/example_dags/example_trigger_controller_dag.py
[2026-05-08T21:48:30.307+0000] {processor.py:914} INFO - Processing file /home/airflow/.local/lib/python3.12/site-packages/airflow/example_dags/example_trigger_controller_dag.py for tasks to queue
[2026-05-08T21:48:30.309+0000] {logging_mixin.py:190} INFO - [2026-05-08T21:48:30.309+0000] {dagbag.py:588} INFO - Filling up the DagBag from /home/airflow/.local/lib/python3.12/site-packages/airflow/example_dags/example_trigger_controller_dag.py
[2026-05-08T21:48:30.316+0000] {processor.py:925} INFO - DAG(s) 'example_trigger_controller_dag' retrieved from /home/airflow/.local/lib/python3.12/site-packages/airflow/example_dags/example_trigger_controller_dag.py
[2026-05-08T21:48:30.330+0000] {logging_mixin.py:190} INFO - [2026-05-08T21:48:30.330+0000] {dag.py:3239} INFO - Sync 1 DAGs
[2026-05-08T21:48:30.348+0000] {logging_mixin.py:190} INFO - [2026-05-08T21:48:30.348+0000] {dag.py:4180} INFO - Setting next_dagrun for example_trigger_controller_dag to 2021-01-01 00:00:00+00:00, run_after=2021-01-01 00:00:00+00:00
[2026-05-08T21:48:30.364+0000] {processor.py:208} INFO - Processing /home/airflow/.local/lib/python3.12/site-packages/airflow/example_dags/example_trigger_controller_dag.py took 0.063 seconds
[2026-05-08T21:49:01.851+0000] {processor.py:186} INFO - Started process (PID=9774) to work on /home/airflow/.local/lib/python3.12/site-packages/airflow/example_dags/example_trigger_controller_dag.py
[2026-05-08T21:49:01.852+0000] {processor.py:914} INFO - Processing file /home/airflow/.local/lib/python3.12/site-packages/airflow/example_dags/example_trigger_controller_dag.py for tasks to queue
[2026-05-08T21:49:01.854+0000] {logging_mixin.py:190} INFO - [2026-05-08T21:49:01.853+0000] {dagbag.py:588} INFO - Filling up the DagBag from /home/airflow/.local/lib/python3.12/site-packages/airflow/example_dags/example_trigger_controller_dag.py
[2026-05-08T21:49:01.866+0000] {processor.py:925} INFO - DAG(s) 'example_trigger_controller_dag' retrieved from /home/airflow/.local/lib/python3.12/site-packages/airflow/example_dags/example_trigger_controller_dag.py
[2026-05-08T21:49:01.891+0000] {logging_mixin.py:190} INFO - [2026-05-08T21:49:01.891+0000] {dag.py:3239} INFO - Sync 1 DAGs
[2026-05-08T21:49:01.911+0000] {logging_mixin.py:190} INFO - [2026-05-08T21:49:01.911+0000] {dag.py:4180} INFO - Setting next_dagrun for example_trigger_controller_dag to 2021-01-01 00:00:00+00:00, run_after=2021-01-01 00:00:00+00:00
[2026-05-08T21:49:01.925+0000] {processor.py:208} INFO - Processing /home/airflow/.local/lib/python3.12/site-packages/airflow/example_dags/example_trigger_controller_dag.py took 0.079 seconds
[2026-05-08T21:49:32.613+0000] {processor.py:186} INFO - Started process (PID=9838) to work on /home/airflow/.local/lib/python3.12/site-packages/airflow/example_dags/example_trigger_controller_dag.py
[2026-05-08T21:49:32.613+0000] {processor.py:914} INFO - Processing file /home/airflow/.local/lib/python3.12/site-packages/airflow/example_dags/example_trigger_controller_dag.py for tasks to queue
[2026-05-08T21:49:32.615+0000] {logging_mixin.py:190} INFO - [2026-05-08T21:49:32.615+0000] {dagbag.py:588} INFO - Filling up the DagBag from /home/airflow/.local/lib/python3.12/site-packages/airflow/example_dags/example_trigger_controller_dag.py
[2026-05-08T21:49:32.620+0000] {processor.py:925} INFO - DAG(s) 'example_trigger_controller_dag' retrieved from /home/airflow/.local/lib/python3.12/site-packages/airflow/example_dags/example_trigger_controller_dag.py
[2026-05-08T21:49:32.639+0000] {logging_mixin.py:190} INFO - [2026-05-08T21:49:32.639+0000] {dag.py:3239} INFO - Sync 1 DAGs
[2026-05-08T21:49:32.660+0000] {logging_mixin.py:190} INFO - [2026-05-08T21:49:32.660+0000] {dag.py:4180} INFO - Setting next_dagrun for example_trigger_controller_dag to 2021-01-01 00:00:00+00:00, run_after=2021-01-01 00:00:00+00:00
[2026-05-08T21:49:32.677+0000] {processor.py:208} INFO - Processing /home/airflow/.local/lib/python3.12/site-packages/airflow/example_dags/example_trigger_controller_dag.py took 0.068 seconds
[2026-05-08T21:50:04.197+0000] {processor.py:186} INFO - Started process (PID=9902) to work on /home/airflow/.local/lib/python3.12/site-packages/airflow/example_dags/example_trigger_controller_dag.py
[2026-05-08T21:50:04.197+0000] {processor.py:914} INFO - Processing file /home/airflow/.local/lib/python3.12/site-packages/airflow/example_dags/example_trigger_controller_dag.py for tasks to queue
[2026-05-08T21:50:04.200+0000] {logging_mixin.py:190} INFO - [2026-05-08T21:50:04.199+0000] {dagbag.py:588} INFO - Filling up the DagBag from /home/airflow/.local/lib/python3.12/site-packages/airflow/example_dags/example_trigger_controller_dag.py
[2026-05-08T21:50:04.206+0000] {processor.py:925} INFO - DAG(s) 'example_trigger_controller_dag' retrieved from /home/airflow/.local/lib/python3.12/site-packages/airflow/example_dags/example_trigger_controller_dag.py
[2026-05-08T21:50:04.221+0000] {logging_mixin.py:190} INFO - [2026-05-08T21:50:04.221+0000] {dag.py:3239} INFO - Sync 1 DAGs
[2026-05-08T21:50:04.240+0000] {logging_mixin.py:190} INFO - [2026-05-08T21:50:04.240+0000] {dag.py:4180} INFO - Setting next_dagrun for example_trigger_controller_dag to 2021-01-01 00:00:00+00:00, run_after=2021-01-01 00:00:00+00:00
[2026-05-08T21:50:04.254+0000] {processor.py:208} INFO - Processing /home/airflow/.local/lib/python3.12/site-packages/airflow/example_dags/example_trigger_controller_dag.py took 0.063 seconds
[2026-05-08T21:50:35.778+0000] {processor.py:186} INFO - Started process (PID=9966) to work on /home/airflow/.local/lib/python3.12/site-packages/airflow/example_dags/example_trigger_controller_dag.py
[2026-05-08T21:50:35.779+0000] {processor.py:914} INFO - Processing file /home/airflow/.local/lib/python3.12/site-packages/airflow/example_dags/example_trigger_controller_dag.py for tasks to queue
[2026-05-08T21:50:35.781+0000] {logging_mixin.py:190} INFO - [2026-05-08T21:50:35.780+0000] {dagbag.py:588} INFO - Filling up the DagBag from /home/airflow/.local/lib/python3.12/site-packages/airflow/example_dags/example_trigger_controller_dag.py
[2026-05-08T21:50:35.786+0000] {processor.py:925} INFO - DAG(s) 'example_trigger_controller_dag' retrieved from /home/airflow/.local/lib/python3.12/site-packages/airflow/example_dags/example_trigger_controller_dag.py
[2026-05-08T21:50:35.805+0000] {logging_mixin.py:190} INFO - [2026-05-08T21:50:35.805+0000] {dag.py:3239} INFO - Sync 1 DAGs
[2026-05-08T21:50:35.832+0000] {logging_mixin.py:190} INFO - [2026-05-08T21:50:35.831+0000] {dag.py:4180} INFO - Setting next_dagrun for example_trigger_controller_dag to 2021-01-01 00:00:00+00:00, run_after=2021-01-01 00:00:00+00:00
[2026-05-08T21:50:35.849+0000] {processor.py:208} INFO - Processing /home/airflow/.local/lib/python3.12/site-packages/airflow/example_dags/example_trigger_controller_dag.py took 0.076 seconds
[2026-05-08T21:51:06.934+0000] {processor.py:186} INFO - Started process (PID=10030) to work on /home/airflow/.local/lib/python3.12/site-packages/airflow/example_dags/example_trigger_controller_dag.py
[2026-05-08T21:51:06.935+0000] {processor.py:914} INFO - Processing file /home/airflow/.local/lib/python3.12/site-packages/airflow/example_dags/example_trigger_controller_dag.py for tasks to queue
[2026-05-08T21:51:06.936+0000] {logging_mixin.py:190} INFO - [2026-05-08T21:51:06.936+0000] {dagbag.py:588} INFO - Filling up the DagBag from /home/airflow/.local/lib/python3.12/site-packages/airflow/example_dags/example_trigger_controller_dag.py
[2026-05-08T21:51:06.942+0000] {processor.py:925} INFO - DAG(s) 'example_trigger_controller_dag' retrieved from /home/airflow/.local/lib/python3.12/site-packages/airflow/example_dags/example_trigger_controller_dag.py
[2026-05-08T21:51:06.960+0000] {logging_mixin.py:190} INFO - [2026-05-08T21:51:06.959+0000] {dag.py:3239} INFO - Sync 1 DAGs
[2026-05-08T21:51:06.984+0000] {logging_mixin.py:190} INFO - [2026-05-08T21:51:06.984+0000] {dag.py:4180} INFO - Setting next_dagrun for example_trigger_controller_dag to 2021-01-01 00:00:00+00:00, run_after=2021-01-01 00:00:00+00:00
[2026-05-08T21:51:07.001+0000] {processor.py:208} INFO - Processing /home/airflow/.local/lib/python3.12/site-packages/airflow/example_dags/example_trigger_controller_dag.py took 0.072 seconds
[2026-05-08T21:51:38.256+0000] {processor.py:186} INFO - Started process (PID=10094) to work on /home/airflow/.local/lib/python3.12/site-packages/airflow/example_dags/example_trigger_controller_dag.py
[2026-05-08T21:51:38.257+0000] {processor.py:914} INFO - Processing file /home/airflow/.local/lib/python3.12/site-packages/airflow/example_dags/example_trigger_controller_dag.py for tasks to queue
[2026-05-08T21:51:38.259+0000] {logging_mixin.py:190} INFO - [2026-05-08T21:51:38.259+0000] {dagbag.py:588} INFO - Filling up the DagBag from /home/airflow/.local/lib/python3.12/site-packages/airflow/example_dags/example_trigger_controller_dag.py
[2026-05-08T21:51:38.267+0000] {processor.py:925} INFO - DAG(s) 'example_trigger_controller_dag' retrieved from /home/airflow/.local/lib/python3.12/site-packages/airflow/example_dags/example_trigger_controller_dag.py
[2026-05-08T21:51:38.288+0000] {logging_mixin.py:190} INFO - [2026-05-08T21:51:38.288+0000] {dag.py:3239} INFO - Sync 1 DAGs
[2026-05-08T21:51:38.316+0000] {logging_mixin.py:190} INFO - [2026-05-08T21:51:38.316+0000] {dag.py:4180} INFO - Setting next_dagrun for example_trigger_controller_dag to 2021-01-01 00:00:00+00:00, run_after=2021-01-01 00:00:00+00:00
[2026-05-08T21:51:38.335+0000] {processor.py:208} INFO - Processing /home/airflow/.local/lib/python3.12/site-packages/airflow/example_dags/example_trigger_controller_dag.py took 0.086 seconds
[2026-05-08T21:52:09.518+0000] {processor.py:186} INFO - Started process (PID=10163) to work on /home/airflow/.local/lib/python3.12/site-packages/airflow/example_dags/example_trigger_controller_dag.py
[2026-05-08T21:52:09.519+0000] {processor.py:914} INFO - Processing file /home/airflow/.local/lib/python3.12/site-packages/airflow/example_dags/example_trigger_controller_dag.py for tasks to queue
[2026-05-08T21:52:09.520+0000] {logging_mixin.py:190} INFO - [2026-05-08T21:52:09.520+0000] {dagbag.py:588} INFO - Filling up the DagBag from /home/airflow/.local/lib/python3.12/site-packages/airflow/example_dags/example_trigger_controller_dag.py
[2026-05-08T21:52:09.526+0000] {processor.py:925} INFO - DAG(s) 'example_trigger_controller_dag' retrieved from /home/airflow/.local/lib/python3.12/site-packages/airflow/example_dags/example_trigger_controller_dag.py
[2026-05-08T21:52:09.540+0000] {logging_mixin.py:190} INFO - [2026-05-08T21:52:09.540+0000] {dag.py:3239} INFO - Sync 1 DAGs
[2026-05-08T21:52:09.560+0000] {logging_mixin.py:190} INFO - [2026-05-08T21:52:09.559+0000] {dag.py:4180} INFO - Setting next_dagrun for example_trigger_controller_dag to 2021-01-01 00:00:00+00:00, run_after=2021-01-01 00:00:00+00:00
[2026-05-08T21:52:09.573+0000] {processor.py:208} INFO - Processing /home/airflow/.local/lib/python3.12/site-packages/airflow/example_dags/example_trigger_controller_dag.py took 0.059 seconds
[2026-05-08T21:52:40.912+0000] {processor.py:186} INFO - Started process (PID=10227) to work on /home/airflow/.local/lib/python3.12/site-packages/airflow/example_dags/example_trigger_controller_dag.py
[2026-05-08T21:52:40.913+0000] {processor.py:914} INFO - Processing file /home/airflow/.local/lib/python3.12/site-packages/airflow/example_dags/example_trigger_controller_dag.py for tasks to queue
[2026-05-08T21:52:40.914+0000] {logging_mixin.py:190} INFO - [2026-05-08T21:52:40.914+0000] {dagbag.py:588} INFO - Filling up the DagBag from /home/airflow/.local/lib/python3.12/site-packages/airflow/example_dags/example_trigger_controller_dag.py
[2026-05-08T21:52:40.920+0000] {processor.py:925} INFO - DAG(s) 'example_trigger_controller_dag' retrieved from /home/airflow/.local/lib/python3.12/site-packages/airflow/example_dags/example_trigger_controller_dag.py
[2026-05-08T21:52:40.942+0000] {logging_mixin.py:190} INFO - [2026-05-08T21:52:40.941+0000] {dag.py:3239} INFO - Sync 1 DAGs
[2026-05-08T21:52:40.966+0000] {logging_mixin.py:190} INFO - [2026-05-08T21:52:40.965+0000] {dag.py:4180} INFO - Setting next_dagrun for example_trigger_controller_dag to 2021-01-01 00:00:00+00:00, run_after=2021-01-01 00:00:00+00:00
[2026-05-08T21:52:40.986+0000] {processor.py:208} INFO - Processing /home/airflow/.local/lib/python3.12/site-packages/airflow/example_dags/example_trigger_controller_dag.py took 0.079 seconds
[2026-05-08T21:53:11.843+0000] {processor.py:186} INFO - Started process (PID=10291) to work on /home/airflow/.local/lib/python3.12/site-packages/airflow/example_dags/example_trigger_controller_dag.py
[2026-05-08T21:53:11.844+0000] {processor.py:914} INFO - Processing file /home/airflow/.local/lib/python3.12/site-packages/airflow/example_dags/example_trigger_controller_dag.py for tasks to queue
[2026-05-08T21:53:11.846+0000] {logging_mixin.py:190} INFO - [2026-05-08T21:53:11.845+0000] {dagbag.py:588} INFO - Filling up the DagBag from /home/airflow/.local/lib/python3.12/site-packages/airflow/example_dags/example_trigger_controller_dag.py
[2026-05-08T21:53:11.852+0000] {processor.py:925} INFO - DAG(s) 'example_trigger_controller_dag' retrieved from /home/airflow/.local/lib/python3.12/site-packages/airflow/example_dags/example_trigger_controller_dag.py
[2026-05-08T21:53:11.868+0000] {logging_mixin.py:190} INFO - [2026-05-08T21:53:11.867+0000] {dag.py:3239} INFO - Sync 1 DAGs
[2026-05-08T21:53:11.887+0000] {logging_mixin.py:190} INFO - [2026-05-08T21:53:11.887+0000] {dag.py:4180} INFO - Setting next_dagrun for example_trigger_controller_dag to 2021-01-01 00:00:00+00:00, run_after=2021-01-01 00:00:00+00:00
[2026-05-08T21:53:11.902+0000] {processor.py:208} INFO - Processing /home/airflow/.local/lib/python3.12/site-packages/airflow/example_dags/example_trigger_controller_dag.py took 0.065 seconds
[2026-05-08T21:53:42.687+0000] {processor.py:186} INFO - Started process (PID=10355) to work on /home/airflow/.local/lib/python3.12/site-packages/airflow/example_dags/example_trigger_controller_dag.py
[2026-05-08T21:53:42.688+0000] {processor.py:914} INFO - Processing file /home/airflow/.local/lib/python3.12/site-packages/airflow/example_dags/example_trigger_controller_dag.py for tasks to queue
[2026-05-08T21:53:42.690+0000] {logging_mixin.py:190} INFO - [2026-05-08T21:53:42.689+0000] {dagbag.py:588} INFO - Filling up the DagBag from /home/airflow/.local/lib/python3.12/site-packages/airflow/example_dags/example_trigger_controller_dag.py
[2026-05-08T21:53:42.695+0000] {processor.py:925} INFO - DAG(s) 'example_trigger_controller_dag' retrieved from /home/airflow/.local/lib/python3.12/site-packages/airflow/example_dags/example_trigger_controller_dag.py
[2026-05-08T21:53:42.710+0000] {logging_mixin.py:190} INFO - [2026-05-08T21:53:42.710+0000] {dag.py:3239} INFO - Sync 1 DAGs
[2026-05-08T21:53:42.735+0000] {logging_mixin.py:190} INFO - [2026-05-08T21:53:42.735+0000] {dag.py:4180} INFO - Setting next_dagrun for example_trigger_controller_dag to 2021-01-01 00:00:00+00:00, run_after=2021-01-01 00:00:00+00:00
[2026-05-08T21:53:42.752+0000] {processor.py:208} INFO - Processing /home/airflow/.local/lib/python3.12/site-packages/airflow/example_dags/example_trigger_controller_dag.py took 0.070 seconds
[2026-05-08T21:54:13.435+0000] {processor.py:186} INFO - Started process (PID=10419) to work on /home/airflow/.local/lib/python3.12/site-packages/airflow/example_dags/example_trigger_controller_dag.py
[2026-05-08T21:54:13.436+0000] {processor.py:914} INFO - Processing file /home/airflow/.local/lib/python3.12/site-packages/airflow/example_dags/example_trigger_controller_dag.py for tasks to queue
[2026-05-08T21:54:13.437+0000] {logging_mixin.py:190} INFO - [2026-05-08T21:54:13.437+0000] {dagbag.py:588} INFO - Filling up the DagBag from /home/airflow/.local/lib/python3.12/site-packages/airflow/example_dags/example_trigger_controller_dag.py
[2026-05-08T21:54:13.443+0000] {processor.py:925} INFO - DAG(s) 'example_trigger_controller_dag' retrieved from /home/airflow/.local/lib/python3.12/site-packages/airflow/example_dags/example_trigger_controller_dag.py
[2026-05-08T21:54:13.459+0000] {logging_mixin.py:190} INFO - [2026-05-08T21:54:13.458+0000] {dag.py:3239} INFO - Sync 1 DAGs
[2026-05-08T21:54:13.483+0000] {logging_mixin.py:190} INFO - [2026-05-08T21:54:13.482+0000] {dag.py:4180} INFO - Setting next_dagrun for example_trigger_controller_dag to 2021-01-01 00:00:00+00:00, run_after=2021-01-01 00:00:00+00:00
[2026-05-08T21:54:13.498+0000] {processor.py:208} INFO - Processing /home/airflow/.local/lib/python3.12/site-packages/airflow/example_dags/example_trigger_controller_dag.py took 0.068 seconds
[2026-05-08T21:54:44.280+0000] {processor.py:186} INFO - Started process (PID=10483) to work on /home/airflow/.local/lib/python3.12/site-packages/airflow/example_dags/example_trigger_controller_dag.py
[2026-05-08T21:54:44.281+0000] {processor.py:914} INFO - Processing file /home/airflow/.local/lib/python3.12/site-packages/airflow/example_dags/example_trigger_controller_dag.py for tasks to queue
[2026-05-08T21:54:44.283+0000] {logging_mixin.py:190} INFO - [2026-05-08T21:54:44.282+0000] {dagbag.py:588} INFO - Filling up the DagBag from /home/airflow/.local/lib/python3.12/site-packages/airflow/example_dags/example_trigger_controller_dag.py
[2026-05-08T21:54:44.289+0000] {processor.py:925} INFO - DAG(s) 'example_trigger_controller_dag' retrieved from /home/airflow/.local/lib/python3.12/site-packages/airflow/example_dags/example_trigger_controller_dag.py
[2026-05-08T21:54:44.310+0000] {logging_mixin.py:190} INFO - [2026-05-08T21:54:44.310+0000] {dag.py:3239} INFO - Sync 1 DAGs
[2026-05-08T21:54:44.338+0000] {logging_mixin.py:190} INFO - [2026-05-08T21:54:44.337+0000] {dag.py:4180} INFO - Setting next_dagrun for example_trigger_controller_dag to 2021-01-01 00:00:00+00:00, run_after=2021-01-01 00:00:00+00:00
[2026-05-08T21:54:44.356+0000] {processor.py:208} INFO - Processing /home/airflow/.local/lib/python3.12/site-packages/airflow/example_dags/example_trigger_controller_dag.py took 0.080 seconds
[2026-05-08T21:55:16.544+0000] {processor.py:186} INFO - Started process (PID=10547) to work on /home/airflow/.local/lib/python3.12/site-packages/airflow/example_dags/example_trigger_controller_dag.py
[2026-05-08T21:55:16.545+0000] {processor.py:914} INFO - Processing file /home/airflow/.local/lib/python3.12/site-packages/airflow/example_dags/example_trigger_controller_dag.py for tasks to queue
[2026-05-08T21:55:16.546+0000] {logging_mixin.py:190} INFO - [2026-05-08T21:55:16.546+0000] {dagbag.py:588} INFO - Filling up the DagBag from /home/airflow/.local/lib/python3.12/site-packages/airflow/example_dags/example_trigger_controller_dag.py
[2026-05-08T21:55:16.552+0000] {processor.py:925} INFO - DAG(s) 'example_trigger_controller_dag' retrieved from /home/airflow/.local/lib/python3.12/site-packages/airflow/example_dags/example_trigger_controller_dag.py
[2026-05-08T21:55:16.569+0000] {logging_mixin.py:190} INFO - [2026-05-08T21:55:16.569+0000] {dag.py:3239} INFO - Sync 1 DAGs
[2026-05-08T21:55:16.590+0000] {logging_mixin.py:190} INFO - [2026-05-08T21:55:16.590+0000] {dag.py:4180} INFO - Setting next_dagrun for example_trigger_controller_dag to 2021-01-01 00:00:00+00:00, run_after=2021-01-01 00:00:00+00:00
[2026-05-08T21:55:16.605+0000] {processor.py:208} INFO - Processing /home/airflow/.local/lib/python3.12/site-packages/airflow/example_dags/example_trigger_controller_dag.py took 0.067 seconds
[2026-05-08T21:55:47.321+0000] {processor.py:186} INFO - Started process (PID=10611) to work on /home/airflow/.local/lib/python3.12/site-packages/airflow/example_dags/example_trigger_controller_dag.py
[2026-05-08T21:55:47.321+0000] {processor.py:914} INFO - Processing file /home/airflow/.local/lib/python3.12/site-packages/airflow/example_dags/example_trigger_controller_dag.py for tasks to queue
[2026-05-08T21:55:47.323+0000] {logging_mixin.py:190} INFO - [2026-05-08T21:55:47.323+0000] {dagbag.py:588} INFO - Filling up the DagBag from /home/airflow/.local/lib/python3.12/site-packages/airflow/example_dags/example_trigger_controller_dag.py
[2026-05-08T21:55:47.328+0000] {processor.py:925} INFO - DAG(s) 'example_trigger_controller_dag' retrieved from /home/airflow/.local/lib/python3.12/site-packages/airflow/example_dags/example_trigger_controller_dag.py
[2026-05-08T21:55:47.345+0000] {logging_mixin.py:190} INFO - [2026-05-08T21:55:47.345+0000] {dag.py:3239} INFO - Sync 1 DAGs
[2026-05-08T21:55:47.534+0000] {logging_mixin.py:190} INFO - [2026-05-08T21:55:47.534+0000] {dag.py:4180} INFO - Setting next_dagrun for example_trigger_controller_dag to 2021-01-01 00:00:00+00:00, run_after=2021-01-01 00:00:00+00:00
[2026-05-08T21:55:47.554+0000] {processor.py:208} INFO - Processing /home/airflow/.local/lib/python3.12/site-packages/airflow/example_dags/example_trigger_controller_dag.py took 0.238 seconds
[2026-05-08T21:56:17.639+0000] {processor.py:186} INFO - Started process (PID=10675) to work on /home/airflow/.local/lib/python3.12/site-packages/airflow/example_dags/example_trigger_controller_dag.py
[2026-05-08T21:56:17.640+0000] {processor.py:914} INFO - Processing file /home/airflow/.local/lib/python3.12/site-packages/airflow/example_dags/example_trigger_controller_dag.py for tasks to queue
[2026-05-08T21:56:17.642+0000] {logging_mixin.py:190} INFO - [2026-05-08T21:56:17.641+0000] {dagbag.py:588} INFO - Filling up the DagBag from /home/airflow/.local/lib/python3.12/site-packages/airflow/example_dags/example_trigger_controller_dag.py
[2026-05-08T21:56:17.648+0000] {processor.py:925} INFO - DAG(s) 'example_trigger_controller_dag' retrieved from /home/airflow/.local/lib/python3.12/site-packages/airflow/example_dags/example_trigger_controller_dag.py
[2026-05-08T21:56:17.668+0000] {logging_mixin.py:190} INFO - [2026-05-08T21:56:17.667+0000] {dag.py:3239} INFO - Sync 1 DAGs
[2026-05-08T21:56:17.689+0000] {logging_mixin.py:190} INFO - [2026-05-08T21:56:17.689+0000] {dag.py:4180} INFO - Setting next_dagrun for example_trigger_controller_dag to 2021-01-01 00:00:00+00:00, run_after=2021-01-01 00:00:00+00:00
[2026-05-08T21:56:17.868+0000] {processor.py:208} INFO - Processing /home/airflow/.local/lib/python3.12/site-packages/airflow/example_dags/example_trigger_controller_dag.py took 0.233 seconds
[2026-05-08T21:56:47.952+0000] {processor.py:186} INFO - Started process (PID=10739) to work on /home/airflow/.local/lib/python3.12/site-packages/airflow/example_dags/example_trigger_controller_dag.py
[2026-05-08T21:56:47.953+0000] {processor.py:914} INFO - Processing file /home/airflow/.local/lib/python3.12/site-packages/airflow/example_dags/example_trigger_controller_dag.py for tasks to queue
[2026-05-08T21:56:47.955+0000] {logging_mixin.py:190} INFO - [2026-05-08T21:56:47.955+0000] {dagbag.py:588} INFO - Filling up the DagBag from /home/airflow/.local/lib/python3.12/site-packages/airflow/example_dags/example_trigger_controller_dag.py
[2026-05-08T21:56:47.962+0000] {processor.py:925} INFO - DAG(s) 'example_trigger_controller_dag' retrieved from /home/airflow/.local/lib/python3.12/site-packages/airflow/example_dags/example_trigger_controller_dag.py
[2026-05-08T21:56:47.977+0000] {logging_mixin.py:190} INFO - [2026-05-08T21:56:47.976+0000] {dag.py:3239} INFO - Sync 1 DAGs
[2026-05-08T21:56:47.994+0000] {logging_mixin.py:190} INFO - [2026-05-08T21:56:47.994+0000] {dag.py:4180} INFO - Setting next_dagrun for example_trigger_controller_dag to 2021-01-01 00:00:00+00:00, run_after=2021-01-01 00:00:00+00:00
[2026-05-08T21:56:48.012+0000] {processor.py:208} INFO - Processing /home/airflow/.local/lib/python3.12/site-packages/airflow/example_dags/example_trigger_controller_dag.py took 0.065 seconds
[2026-05-08T21:57:19.985+0000] {processor.py:186} INFO - Started process (PID=10802) to work on /home/airflow/.local/lib/python3.12/site-packages/airflow/example_dags/example_trigger_controller_dag.py
[2026-05-08T21:57:19.986+0000] {processor.py:914} INFO - Processing file /home/airflow/.local/lib/python3.12/site-packages/airflow/example_dags/example_trigger_controller_dag.py for tasks to queue
[2026-05-08T21:57:19.988+0000] {logging_mixin.py:190} INFO - [2026-05-08T21:57:19.987+0000] {dagbag.py:588} INFO - Filling up the DagBag from /home/airflow/.local/lib/python3.12/site-packages/airflow/example_dags/example_trigger_controller_dag.py
[2026-05-08T21:57:19.993+0000] {processor.py:925} INFO - DAG(s) 'example_trigger_controller_dag' retrieved from /home/airflow/.local/lib/python3.12/site-packages/airflow/example_dags/example_trigger_controller_dag.py
[2026-05-08T21:57:20.007+0000] {logging_mixin.py:190} INFO - [2026-05-08T21:57:20.007+0000] {dag.py:3239} INFO - Sync 1 DAGs
[2026-05-08T21:57:20.024+0000] {logging_mixin.py:190} INFO - [2026-05-08T21:57:20.024+0000] {dag.py:4180} INFO - Setting next_dagrun for example_trigger_controller_dag to 2021-01-01 00:00:00+00:00, run_after=2021-01-01 00:00:00+00:00
[2026-05-08T21:57:20.037+0000] {processor.py:208} INFO - Processing /home/airflow/.local/lib/python3.12/site-packages/airflow/example_dags/example_trigger_controller_dag.py took 0.056 seconds
[2026-05-08T21:57:50.632+0000] {processor.py:186} INFO - Started process (PID=10866) to work on /home/airflow/.local/lib/python3.12/site-packages/airflow/example_dags/example_trigger_controller_dag.py
[2026-05-08T21:57:50.633+0000] {processor.py:914} INFO - Processing file /home/airflow/.local/lib/python3.12/site-packages/airflow/example_dags/example_trigger_controller_dag.py for tasks to queue
[2026-05-08T21:57:50.635+0000] {logging_mixin.py:190} INFO - [2026-05-08T21:57:50.634+0000] {dagbag.py:588} INFO - Filling up the DagBag from /home/airflow/.local/lib/python3.12/site-packages/airflow/example_dags/example_trigger_controller_dag.py
[2026-05-08T21:57:50.641+0000] {processor.py:925} INFO - DAG(s) 'example_trigger_controller_dag' retrieved from /home/airflow/.local/lib/python3.12/site-packages/airflow/example_dags/example_trigger_controller_dag.py
[2026-05-08T21:57:50.656+0000] {logging_mixin.py:190} INFO - [2026-05-08T21:57:50.656+0000] {dag.py:3239} INFO - Sync 1 DAGs
[2026-05-08T21:57:50.676+0000] {logging_mixin.py:190} INFO - [2026-05-08T21:57:50.676+0000] {dag.py:4180} INFO - Setting next_dagrun for example_trigger_controller_dag to 2021-01-01 00:00:00+00:00, run_after=2021-01-01 00:00:00+00:00
[2026-05-08T21:57:50.689+0000] {processor.py:208} INFO - Processing /home/airflow/.local/lib/python3.12/site-packages/airflow/example_dags/example_trigger_controller_dag.py took 0.062 seconds
[2026-05-08T21:58:21.762+0000] {processor.py:186} INFO - Started process (PID=10930) to work on /home/airflow/.local/lib/python3.12/site-packages/airflow/example_dags/example_trigger_controller_dag.py
[2026-05-08T21:58:21.763+0000] {processor.py:914} INFO - Processing file /home/airflow/.local/lib/python3.12/site-packages/airflow/example_dags/example_trigger_controller_dag.py for tasks to queue
[2026-05-08T21:58:21.765+0000] {logging_mixin.py:190} INFO - [2026-05-08T21:58:21.765+0000] {dagbag.py:588} INFO - Filling up the DagBag from /home/airflow/.local/lib/python3.12/site-packages/airflow/example_dags/example_trigger_controller_dag.py
[2026-05-08T21:58:21.772+0000] {processor.py:925} INFO - DAG(s) 'example_trigger_controller_dag' retrieved from /home/airflow/.local/lib/python3.12/site-packages/airflow/example_dags/example_trigger_controller_dag.py
[2026-05-08T21:58:21.790+0000] {logging_mixin.py:190} INFO - [2026-05-08T21:58:21.790+0000] {dag.py:3239} INFO - Sync 1 DAGs
[2026-05-08T21:58:21.811+0000] {logging_mixin.py:190} INFO - [2026-05-08T21:58:21.810+0000] {dag.py:4180} INFO - Setting next_dagrun for example_trigger_controller_dag to 2021-01-01 00:00:00+00:00, run_after=2021-01-01 00:00:00+00:00
[2026-05-08T21:58:21.824+0000] {processor.py:208} INFO - Processing /home/airflow/.local/lib/python3.12/site-packages/airflow/example_dags/example_trigger_controller_dag.py took 0.068 seconds
[2026-05-08T21:58:53.168+0000] {processor.py:186} INFO - Started process (PID=10996) to work on /home/airflow/.local/lib/python3.12/site-packages/airflow/example_dags/example_trigger_controller_dag.py
[2026-05-08T21:58:53.169+0000] {processor.py:914} INFO - Processing file /home/airflow/.local/lib/python3.12/site-packages/airflow/example_dags/example_trigger_controller_dag.py for tasks to queue
[2026-05-08T21:58:53.171+0000] {logging_mixin.py:190} INFO - [2026-05-08T21:58:53.170+0000] {dagbag.py:588} INFO - Filling up the DagBag from /home/airflow/.local/lib/python3.12/site-packages/airflow/example_dags/example_trigger_controller_dag.py
[2026-05-08T21:58:53.176+0000] {processor.py:925} INFO - DAG(s) 'example_trigger_controller_dag' retrieved from /home/airflow/.local/lib/python3.12/site-packages/airflow/example_dags/example_trigger_controller_dag.py
[2026-05-08T21:58:53.191+0000] {logging_mixin.py:190} INFO - [2026-05-08T21:58:53.190+0000] {dag.py:3239} INFO - Sync 1 DAGs
[2026-05-08T21:58:53.208+0000] {logging_mixin.py:190} INFO - [2026-05-08T21:58:53.208+0000] {dag.py:4180} INFO - Setting next_dagrun for example_trigger_controller_dag to 2021-01-01 00:00:00+00:00, run_after=2021-01-01 00:00:00+00:00
[2026-05-08T21:58:53.221+0000] {processor.py:208} INFO - Processing /home/airflow/.local/lib/python3.12/site-packages/airflow/example_dags/example_trigger_controller_dag.py took 0.058 seconds
[2026-05-08T21:59:24.424+0000] {processor.py:186} INFO - Started process (PID=11060) to work on /home/airflow/.local/lib/python3.12/site-packages/airflow/example_dags/example_trigger_controller_dag.py
[2026-05-08T21:59:24.424+0000] {processor.py:914} INFO - Processing file /home/airflow/.local/lib/python3.12/site-packages/airflow/example_dags/example_trigger_controller_dag.py for tasks to queue
[2026-05-08T21:59:24.426+0000] {logging_mixin.py:190} INFO - [2026-05-08T21:59:24.426+0000] {dagbag.py:588} INFO - Filling up the DagBag from /home/airflow/.local/lib/python3.12/site-packages/airflow/example_dags/example_trigger_controller_dag.py
[2026-05-08T21:59:24.432+0000] {processor.py:925} INFO - DAG(s) 'example_trigger_controller_dag' retrieved from /home/airflow/.local/lib/python3.12/site-packages/airflow/example_dags/example_trigger_controller_dag.py
[2026-05-08T21:59:24.446+0000] {logging_mixin.py:190} INFO - [2026-05-08T21:59:24.446+0000] {dag.py:3239} INFO - Sync 1 DAGs
[2026-05-08T21:59:24.468+0000] {logging_mixin.py:190} INFO - [2026-05-08T21:59:24.467+0000] {dag.py:4180} INFO - Setting next_dagrun for example_trigger_controller_dag to 2021-01-01 00:00:00+00:00, run_after=2021-01-01 00:00:00+00:00
[2026-05-08T21:59:24.483+0000] {processor.py:208} INFO - Processing /home/airflow/.local/lib/python3.12/site-packages/airflow/example_dags/example_trigger_controller_dag.py took 0.065 seconds
[2026-05-08T21:59:55.674+0000] {processor.py:186} INFO - Started process (PID=11124) to work on /home/airflow/.local/lib/python3.12/site-packages/airflow/example_dags/example_trigger_controller_dag.py
[2026-05-08T21:59:55.674+0000] {processor.py:914} INFO - Processing file /home/airflow/.local/lib/python3.12/site-packages/airflow/example_dags/example_trigger_controller_dag.py for tasks to queue
[2026-05-08T21:59:55.676+0000] {logging_mixin.py:190} INFO - [2026-05-08T21:59:55.676+0000] {dagbag.py:588} INFO - Filling up the DagBag from /home/airflow/.local/lib/python3.12/site-packages/airflow/example_dags/example_trigger_controller_dag.py
[2026-05-08T21:59:55.681+0000] {processor.py:925} INFO - DAG(s) 'example_trigger_controller_dag' retrieved from /home/airflow/.local/lib/python3.12/site-packages/airflow/example_dags/example_trigger_controller_dag.py
[2026-05-08T21:59:55.696+0000] {logging_mixin.py:190} INFO - [2026-05-08T21:59:55.696+0000] {dag.py:3239} INFO - Sync 1 DAGs
[2026-05-08T21:59:55.715+0000] {logging_mixin.py:190} INFO - [2026-05-08T21:59:55.715+0000] {dag.py:4180} INFO - Setting next_dagrun for example_trigger_controller_dag to 2021-01-01 00:00:00+00:00, run_after=2021-01-01 00:00:00+00:00
[2026-05-08T21:59:55.730+0000] {processor.py:208} INFO - Processing /home/airflow/.local/lib/python3.12/site-packages/airflow/example_dags/example_trigger_controller_dag.py took 0.061 seconds
[2026-05-08T22:00:27.149+0000] {processor.py:186} INFO - Started process (PID=11188) to work on /home/airflow/.local/lib/python3.12/site-packages/airflow/example_dags/example_trigger_controller_dag.py
[2026-05-08T22:00:27.151+0000] {processor.py:914} INFO - Processing file /home/airflow/.local/lib/python3.12/site-packages/airflow/example_dags/example_trigger_controller_dag.py for tasks to queue
[2026-05-08T22:00:27.158+0000] {logging_mixin.py:190} INFO - [2026-05-08T22:00:27.158+0000] {dagbag.py:588} INFO - Filling up the DagBag from /home/airflow/.local/lib/python3.12/site-packages/airflow/example_dags/example_trigger_controller_dag.py
[2026-05-08T22:00:27.175+0000] {processor.py:925} INFO - DAG(s) 'example_trigger_controller_dag' retrieved from /home/airflow/.local/lib/python3.12/site-packages/airflow/example_dags/example_trigger_controller_dag.py
[2026-05-08T22:00:27.206+0000] {logging_mixin.py:190} INFO - [2026-05-08T22:00:27.206+0000] {dag.py:3239} INFO - Sync 1 DAGs
[2026-05-08T22:00:27.242+0000] {logging_mixin.py:190} INFO - [2026-05-08T22:00:27.241+0000] {dag.py:4180} INFO - Setting next_dagrun for example_trigger_controller_dag to 2021-01-01 00:00:00+00:00, run_after=2021-01-01 00:00:00+00:00
[2026-05-08T22:00:27.310+0000] {processor.py:208} INFO - Processing /home/airflow/.local/lib/python3.12/site-packages/airflow/example_dags/example_trigger_controller_dag.py took 0.169 seconds
[2026-05-08T22:00:57.787+0000] {processor.py:186} INFO - Started process (PID=11252) to work on /home/airflow/.local/lib/python3.12/site-packages/airflow/example_dags/example_trigger_controller_dag.py
[2026-05-08T22:00:57.788+0000] {processor.py:914} INFO - Processing file /home/airflow/.local/lib/python3.12/site-packages/airflow/example_dags/example_trigger_controller_dag.py for tasks to queue
[2026-05-08T22:00:57.789+0000] {logging_mixin.py:190} INFO - [2026-05-08T22:00:57.789+0000] {dagbag.py:588} INFO - Filling up the DagBag from /home/airflow/.local/lib/python3.12/site-packages/airflow/example_dags/example_trigger_controller_dag.py
[2026-05-08T22:00:57.795+0000] {processor.py:925} INFO - DAG(s) 'example_trigger_controller_dag' retrieved from /home/airflow/.local/lib/python3.12/site-packages/airflow/example_dags/example_trigger_controller_dag.py
[2026-05-08T22:00:57.810+0000] {logging_mixin.py:190} INFO - [2026-05-08T22:00:57.809+0000] {dag.py:3239} INFO - Sync 1 DAGs
[2026-05-08T22:00:57.832+0000] {logging_mixin.py:190} INFO - [2026-05-08T22:00:57.832+0000] {dag.py:4180} INFO - Setting next_dagrun for example_trigger_controller_dag to 2021-01-01 00:00:00+00:00, run_after=2021-01-01 00:00:00+00:00
[2026-05-08T22:00:57.849+0000] {processor.py:208} INFO - Processing /home/airflow/.local/lib/python3.12/site-packages/airflow/example_dags/example_trigger_controller_dag.py took 0.066 seconds
[2026-05-08T22:01:29.209+0000] {processor.py:186} INFO - Started process (PID=11316) to work on /home/airflow/.local/lib/python3.12/site-packages/airflow/example_dags/example_trigger_controller_dag.py
[2026-05-08T22:01:29.210+0000] {processor.py:914} INFO - Processing file /home/airflow/.local/lib/python3.12/site-packages/airflow/example_dags/example_trigger_controller_dag.py for tasks to queue
[2026-05-08T22:01:29.212+0000] {logging_mixin.py:190} INFO - [2026-05-08T22:01:29.212+0000] {dagbag.py:588} INFO - Filling up the DagBag from /home/airflow/.local/lib/python3.12/site-packages/airflow/example_dags/example_trigger_controller_dag.py
[2026-05-08T22:01:29.217+0000] {processor.py:925} INFO - DAG(s) 'example_trigger_controller_dag' retrieved from /home/airflow/.local/lib/python3.12/site-packages/airflow/example_dags/example_trigger_controller_dag.py
[2026-05-08T22:01:29.232+0000] {logging_mixin.py:190} INFO - [2026-05-08T22:01:29.232+0000] {dag.py:3239} INFO - Sync 1 DAGs
[2026-05-08T22:01:29.250+0000] {logging_mixin.py:190} INFO - [2026-05-08T22:01:29.250+0000] {dag.py:4180} INFO - Setting next_dagrun for example_trigger_controller_dag to 2021-01-01 00:00:00+00:00, run_after=2021-01-01 00:00:00+00:00
[2026-05-08T22:01:29.265+0000] {processor.py:208} INFO - Processing /home/airflow/.local/lib/python3.12/site-packages/airflow/example_dags/example_trigger_controller_dag.py took 0.061 seconds
[2026-05-08T22:01:59.926+0000] {processor.py:186} INFO - Started process (PID=11380) to work on /home/airflow/.local/lib/python3.12/site-packages/airflow/example_dags/example_trigger_controller_dag.py
[2026-05-08T22:01:59.927+0000] {processor.py:914} INFO - Processing file /home/airflow/.local/lib/python3.12/site-packages/airflow/example_dags/example_trigger_controller_dag.py for tasks to queue
[2026-05-08T22:01:59.928+0000] {logging_mixin.py:190} INFO - [2026-05-08T22:01:59.928+0000] {dagbag.py:588} INFO - Filling up the DagBag from /home/airflow/.local/lib/python3.12/site-packages/airflow/example_dags/example_trigger_controller_dag.py
[2026-05-08T22:01:59.934+0000] {processor.py:925} INFO - DAG(s) 'example_trigger_controller_dag' retrieved from /home/airflow/.local/lib/python3.12/site-packages/airflow/example_dags/example_trigger_controller_dag.py
[2026-05-08T22:01:59.953+0000] {logging_mixin.py:190} INFO - [2026-05-08T22:01:59.952+0000] {dag.py:3239} INFO - Sync 1 DAGs
[2026-05-08T22:01:59.977+0000] {logging_mixin.py:190} INFO - [2026-05-08T22:01:59.977+0000] {dag.py:4180} INFO - Setting next_dagrun for example_trigger_controller_dag to 2021-01-01 00:00:00+00:00, run_after=2021-01-01 00:00:00+00:00
[2026-05-08T22:01:59.990+0000] {processor.py:208} INFO - Processing /home/airflow/.local/lib/python3.12/site-packages/airflow/example_dags/example_trigger_controller_dag.py took 0.069 seconds
