[2026-05-08T20:31:25.688+0000] {processor.py:186} INFO - Started process (PID=122) to work on /home/airflow/.local/lib/python3.12/site-packages/airflow/example_dags/example_bash_operator.py
[2026-05-08T20:31:25.689+0000] {processor.py:914} INFO - Processing file /home/airflow/.local/lib/python3.12/site-packages/airflow/example_dags/example_bash_operator.py for tasks to queue
[2026-05-08T20:31:25.693+0000] {logging_mixin.py:190} INFO - [2026-05-08T20:31:25.693+0000] {dagbag.py:588} INFO - Filling up the DagBag from /home/airflow/.local/lib/python3.12/site-packages/airflow/example_dags/example_bash_operator.py
[2026-05-08T20:31:25.724+0000] {processor.py:925} INFO - DAG(s) 'example_bash_operator' retrieved from /home/airflow/.local/lib/python3.12/site-packages/airflow/example_dags/example_bash_operator.py
[2026-05-08T20:31:25.763+0000] {logging_mixin.py:190} INFO - [2026-05-08T20:31:25.763+0000] {dag.py:3239} INFO - Sync 1 DAGs
[2026-05-08T20:31:25.835+0000] {logging_mixin.py:190} INFO - [2026-05-08T20:31:25.835+0000] {dag.py:4180} INFO - Setting next_dagrun for example_bash_operator to 2026-05-07 00:00:00+00:00, run_after=2026-05-08 00:00:00+00:00
[2026-05-08T20:31:25.870+0000] {processor.py:208} INFO - Processing /home/airflow/.local/lib/python3.12/site-packages/airflow/example_dags/example_bash_operator.py took 0.188 seconds
[2026-05-08T20:31:56.709+0000] {processor.py:186} INFO - Started process (PID=185) to work on /home/airflow/.local/lib/python3.12/site-packages/airflow/example_dags/example_bash_operator.py
[2026-05-08T20:31:56.709+0000] {processor.py:914} INFO - Processing file /home/airflow/.local/lib/python3.12/site-packages/airflow/example_dags/example_bash_operator.py for tasks to queue
[2026-05-08T20:31:56.711+0000] {logging_mixin.py:190} INFO - [2026-05-08T20:31:56.711+0000] {dagbag.py:588} INFO - Filling up the DagBag from /home/airflow/.local/lib/python3.12/site-packages/airflow/example_dags/example_bash_operator.py
[2026-05-08T20:31:56.722+0000] {processor.py:925} INFO - DAG(s) 'example_bash_operator' retrieved from /home/airflow/.local/lib/python3.12/site-packages/airflow/example_dags/example_bash_operator.py
[2026-05-08T20:31:56.749+0000] {logging_mixin.py:190} INFO - [2026-05-08T20:31:56.749+0000] {dag.py:3239} INFO - Sync 1 DAGs
[2026-05-08T20:31:56.768+0000] {logging_mixin.py:190} INFO - [2026-05-08T20:31:56.768+0000] {dag.py:4180} INFO - Setting next_dagrun for example_bash_operator to 2026-05-07 00:00:00+00:00, run_after=2026-05-08 00:00:00+00:00
[2026-05-08T20:31:56.781+0000] {processor.py:208} INFO - Processing /home/airflow/.local/lib/python3.12/site-packages/airflow/example_dags/example_bash_operator.py took 0.077 seconds
[2026-05-08T20:32:27.224+0000] {processor.py:186} INFO - Started process (PID=249) to work on /home/airflow/.local/lib/python3.12/site-packages/airflow/example_dags/example_bash_operator.py
[2026-05-08T20:32:27.225+0000] {processor.py:914} INFO - Processing file /home/airflow/.local/lib/python3.12/site-packages/airflow/example_dags/example_bash_operator.py for tasks to queue
[2026-05-08T20:32:27.226+0000] {logging_mixin.py:190} INFO - [2026-05-08T20:32:27.226+0000] {dagbag.py:588} INFO - Filling up the DagBag from /home/airflow/.local/lib/python3.12/site-packages/airflow/example_dags/example_bash_operator.py
[2026-05-08T20:32:27.236+0000] {processor.py:925} INFO - DAG(s) 'example_bash_operator' retrieved from /home/airflow/.local/lib/python3.12/site-packages/airflow/example_dags/example_bash_operator.py
[2026-05-08T20:32:27.262+0000] {logging_mixin.py:190} INFO - [2026-05-08T20:32:27.261+0000] {dag.py:3239} INFO - Sync 1 DAGs
[2026-05-08T20:32:27.282+0000] {logging_mixin.py:190} INFO - [2026-05-08T20:32:27.281+0000] {dag.py:4180} INFO - Setting next_dagrun for example_bash_operator to 2026-05-07 00:00:00+00:00, run_after=2026-05-08 00:00:00+00:00
[2026-05-08T20:32:27.298+0000] {processor.py:208} INFO - Processing /home/airflow/.local/lib/python3.12/site-packages/airflow/example_dags/example_bash_operator.py took 0.078 seconds
[2026-05-08T20:32:57.734+0000] {processor.py:186} INFO - Started process (PID=313) to work on /home/airflow/.local/lib/python3.12/site-packages/airflow/example_dags/example_bash_operator.py
[2026-05-08T20:32:57.734+0000] {processor.py:914} INFO - Processing file /home/airflow/.local/lib/python3.12/site-packages/airflow/example_dags/example_bash_operator.py for tasks to queue
[2026-05-08T20:32:57.736+0000] {logging_mixin.py:190} INFO - [2026-05-08T20:32:57.736+0000] {dagbag.py:588} INFO - Filling up the DagBag from /home/airflow/.local/lib/python3.12/site-packages/airflow/example_dags/example_bash_operator.py
[2026-05-08T20:32:57.747+0000] {processor.py:925} INFO - DAG(s) 'example_bash_operator' retrieved from /home/airflow/.local/lib/python3.12/site-packages/airflow/example_dags/example_bash_operator.py
[2026-05-08T20:32:57.773+0000] {logging_mixin.py:190} INFO - [2026-05-08T20:32:57.773+0000] {dag.py:3239} INFO - Sync 1 DAGs
[2026-05-08T20:32:57.800+0000] {logging_mixin.py:190} INFO - [2026-05-08T20:32:57.799+0000] {dag.py:4180} INFO - Setting next_dagrun for example_bash_operator to 2026-05-07 00:00:00+00:00, run_after=2026-05-08 00:00:00+00:00
[2026-05-08T20:32:57.817+0000] {processor.py:208} INFO - Processing /home/airflow/.local/lib/python3.12/site-packages/airflow/example_dags/example_bash_operator.py took 0.087 seconds
[2026-05-08T20:33:28.073+0000] {processor.py:186} INFO - Started process (PID=377) to work on /home/airflow/.local/lib/python3.12/site-packages/airflow/example_dags/example_bash_operator.py
[2026-05-08T20:33:28.073+0000] {processor.py:914} INFO - Processing file /home/airflow/.local/lib/python3.12/site-packages/airflow/example_dags/example_bash_operator.py for tasks to queue
[2026-05-08T20:33:28.075+0000] {logging_mixin.py:190} INFO - [2026-05-08T20:33:28.075+0000] {dagbag.py:588} INFO - Filling up the DagBag from /home/airflow/.local/lib/python3.12/site-packages/airflow/example_dags/example_bash_operator.py
[2026-05-08T20:33:28.085+0000] {processor.py:925} INFO - DAG(s) 'example_bash_operator' retrieved from /home/airflow/.local/lib/python3.12/site-packages/airflow/example_dags/example_bash_operator.py
[2026-05-08T20:33:28.112+0000] {logging_mixin.py:190} INFO - [2026-05-08T20:33:28.112+0000] {dag.py:3239} INFO - Sync 1 DAGs
[2026-05-08T20:33:28.132+0000] {logging_mixin.py:190} INFO - [2026-05-08T20:33:28.132+0000] {dag.py:4180} INFO - Setting next_dagrun for example_bash_operator to 2026-05-07 00:00:00+00:00, run_after=2026-05-08 00:00:00+00:00
[2026-05-08T20:33:28.148+0000] {processor.py:208} INFO - Processing /home/airflow/.local/lib/python3.12/site-packages/airflow/example_dags/example_bash_operator.py took 0.079 seconds
[2026-05-08T20:33:59.261+0000] {processor.py:186} INFO - Started process (PID=441) to work on /home/airflow/.local/lib/python3.12/site-packages/airflow/example_dags/example_bash_operator.py
[2026-05-08T20:33:59.262+0000] {processor.py:914} INFO - Processing file /home/airflow/.local/lib/python3.12/site-packages/airflow/example_dags/example_bash_operator.py for tasks to queue
[2026-05-08T20:33:59.264+0000] {logging_mixin.py:190} INFO - [2026-05-08T20:33:59.263+0000] {dagbag.py:588} INFO - Filling up the DagBag from /home/airflow/.local/lib/python3.12/site-packages/airflow/example_dags/example_bash_operator.py
[2026-05-08T20:33:59.274+0000] {processor.py:925} INFO - DAG(s) 'example_bash_operator' retrieved from /home/airflow/.local/lib/python3.12/site-packages/airflow/example_dags/example_bash_operator.py
[2026-05-08T20:33:59.294+0000] {logging_mixin.py:190} INFO - [2026-05-08T20:33:59.294+0000] {dag.py:3239} INFO - Sync 1 DAGs
[2026-05-08T20:33:59.312+0000] {logging_mixin.py:190} INFO - [2026-05-08T20:33:59.312+0000] {dag.py:4180} INFO - Setting next_dagrun for example_bash_operator to 2026-05-07 00:00:00+00:00, run_after=2026-05-08 00:00:00+00:00
[2026-05-08T20:33:59.326+0000] {processor.py:208} INFO - Processing /home/airflow/.local/lib/python3.12/site-packages/airflow/example_dags/example_bash_operator.py took 0.069 seconds
[2026-05-08T20:34:30.606+0000] {processor.py:186} INFO - Started process (PID=511) to work on /home/airflow/.local/lib/python3.12/site-packages/airflow/example_dags/example_bash_operator.py
[2026-05-08T20:34:30.606+0000] {processor.py:914} INFO - Processing file /home/airflow/.local/lib/python3.12/site-packages/airflow/example_dags/example_bash_operator.py for tasks to queue
[2026-05-08T20:34:30.608+0000] {logging_mixin.py:190} INFO - [2026-05-08T20:34:30.608+0000] {dagbag.py:588} INFO - Filling up the DagBag from /home/airflow/.local/lib/python3.12/site-packages/airflow/example_dags/example_bash_operator.py
[2026-05-08T20:34:30.620+0000] {processor.py:925} INFO - DAG(s) 'example_bash_operator' retrieved from /home/airflow/.local/lib/python3.12/site-packages/airflow/example_dags/example_bash_operator.py
[2026-05-08T20:34:30.645+0000] {logging_mixin.py:190} INFO - [2026-05-08T20:34:30.644+0000] {dag.py:3239} INFO - Sync 1 DAGs
[2026-05-08T20:34:30.664+0000] {logging_mixin.py:190} INFO - [2026-05-08T20:34:30.664+0000] {dag.py:4180} INFO - Setting next_dagrun for example_bash_operator to 2026-05-07 00:00:00+00:00, run_after=2026-05-08 00:00:00+00:00
[2026-05-08T20:34:30.677+0000] {processor.py:208} INFO - Processing /home/airflow/.local/lib/python3.12/site-packages/airflow/example_dags/example_bash_operator.py took 0.077 seconds
[2026-05-08T20:35:01.827+0000] {processor.py:186} INFO - Started process (PID=575) to work on /home/airflow/.local/lib/python3.12/site-packages/airflow/example_dags/example_bash_operator.py
[2026-05-08T20:35:01.828+0000] {processor.py:914} INFO - Processing file /home/airflow/.local/lib/python3.12/site-packages/airflow/example_dags/example_bash_operator.py for tasks to queue
[2026-05-08T20:35:01.829+0000] {logging_mixin.py:190} INFO - [2026-05-08T20:35:01.829+0000] {dagbag.py:588} INFO - Filling up the DagBag from /home/airflow/.local/lib/python3.12/site-packages/airflow/example_dags/example_bash_operator.py
[2026-05-08T20:35:01.840+0000] {processor.py:925} INFO - DAG(s) 'example_bash_operator' retrieved from /home/airflow/.local/lib/python3.12/site-packages/airflow/example_dags/example_bash_operator.py
[2026-05-08T20:35:01.864+0000] {logging_mixin.py:190} INFO - [2026-05-08T20:35:01.864+0000] {dag.py:3239} INFO - Sync 1 DAGs
[2026-05-08T20:35:01.885+0000] {logging_mixin.py:190} INFO - [2026-05-08T20:35:01.885+0000] {dag.py:4180} INFO - Setting next_dagrun for example_bash_operator to 2026-05-07 00:00:00+00:00, run_after=2026-05-08 00:00:00+00:00
[2026-05-08T20:35:01.900+0000] {processor.py:208} INFO - Processing /home/airflow/.local/lib/python3.12/site-packages/airflow/example_dags/example_bash_operator.py took 0.078 seconds
[2026-05-08T20:35:33.087+0000] {processor.py:186} INFO - Started process (PID=639) to work on /home/airflow/.local/lib/python3.12/site-packages/airflow/example_dags/example_bash_operator.py
[2026-05-08T20:35:33.088+0000] {processor.py:914} INFO - Processing file /home/airflow/.local/lib/python3.12/site-packages/airflow/example_dags/example_bash_operator.py for tasks to queue
[2026-05-08T20:35:33.090+0000] {logging_mixin.py:190} INFO - [2026-05-08T20:35:33.089+0000] {dagbag.py:588} INFO - Filling up the DagBag from /home/airflow/.local/lib/python3.12/site-packages/airflow/example_dags/example_bash_operator.py
[2026-05-08T20:35:33.100+0000] {processor.py:925} INFO - DAG(s) 'example_bash_operator' retrieved from /home/airflow/.local/lib/python3.12/site-packages/airflow/example_dags/example_bash_operator.py
[2026-05-08T20:35:33.121+0000] {logging_mixin.py:190} INFO - [2026-05-08T20:35:33.121+0000] {dag.py:3239} INFO - Sync 1 DAGs
[2026-05-08T20:35:33.140+0000] {logging_mixin.py:190} INFO - [2026-05-08T20:35:33.140+0000] {dag.py:4180} INFO - Setting next_dagrun for example_bash_operator to 2026-05-07 00:00:00+00:00, run_after=2026-05-08 00:00:00+00:00
[2026-05-08T20:35:33.152+0000] {processor.py:208} INFO - Processing /home/airflow/.local/lib/python3.12/site-packages/airflow/example_dags/example_bash_operator.py took 0.069 seconds
[2026-05-08T20:36:04.534+0000] {processor.py:186} INFO - Started process (PID=703) to work on /home/airflow/.local/lib/python3.12/site-packages/airflow/example_dags/example_bash_operator.py
[2026-05-08T20:36:04.534+0000] {processor.py:914} INFO - Processing file /home/airflow/.local/lib/python3.12/site-packages/airflow/example_dags/example_bash_operator.py for tasks to queue
[2026-05-08T20:36:04.537+0000] {logging_mixin.py:190} INFO - [2026-05-08T20:36:04.536+0000] {dagbag.py:588} INFO - Filling up the DagBag from /home/airflow/.local/lib/python3.12/site-packages/airflow/example_dags/example_bash_operator.py
[2026-05-08T20:36:04.550+0000] {processor.py:925} INFO - DAG(s) 'example_bash_operator' retrieved from /home/airflow/.local/lib/python3.12/site-packages/airflow/example_dags/example_bash_operator.py
[2026-05-08T20:36:04.572+0000] {logging_mixin.py:190} INFO - [2026-05-08T20:36:04.572+0000] {dag.py:3239} INFO - Sync 1 DAGs
[2026-05-08T20:36:04.593+0000] {logging_mixin.py:190} INFO - [2026-05-08T20:36:04.593+0000] {dag.py:4180} INFO - Setting next_dagrun for example_bash_operator to 2026-05-07 00:00:00+00:00, run_after=2026-05-08 00:00:00+00:00
[2026-05-08T20:36:04.609+0000] {processor.py:208} INFO - Processing /home/airflow/.local/lib/python3.12/site-packages/airflow/example_dags/example_bash_operator.py took 0.082 seconds
[2026-05-08T20:36:35.288+0000] {processor.py:186} INFO - Started process (PID=767) to work on /home/airflow/.local/lib/python3.12/site-packages/airflow/example_dags/example_bash_operator.py
[2026-05-08T20:36:35.289+0000] {processor.py:914} INFO - Processing file /home/airflow/.local/lib/python3.12/site-packages/airflow/example_dags/example_bash_operator.py for tasks to queue
[2026-05-08T20:36:35.290+0000] {logging_mixin.py:190} INFO - [2026-05-08T20:36:35.290+0000] {dagbag.py:588} INFO - Filling up the DagBag from /home/airflow/.local/lib/python3.12/site-packages/airflow/example_dags/example_bash_operator.py
[2026-05-08T20:36:35.301+0000] {processor.py:925} INFO - DAG(s) 'example_bash_operator' retrieved from /home/airflow/.local/lib/python3.12/site-packages/airflow/example_dags/example_bash_operator.py
[2026-05-08T20:36:35.323+0000] {logging_mixin.py:190} INFO - [2026-05-08T20:36:35.323+0000] {dag.py:3239} INFO - Sync 1 DAGs
[2026-05-08T20:36:35.342+0000] {logging_mixin.py:190} INFO - [2026-05-08T20:36:35.341+0000] {dag.py:4180} INFO - Setting next_dagrun for example_bash_operator to 2026-05-07 00:00:00+00:00, run_after=2026-05-08 00:00:00+00:00
[2026-05-08T20:36:35.355+0000] {processor.py:208} INFO - Processing /home/airflow/.local/lib/python3.12/site-packages/airflow/example_dags/example_bash_operator.py took 0.072 seconds
[2026-05-08T20:37:07.025+0000] {processor.py:186} INFO - Started process (PID=831) to work on /home/airflow/.local/lib/python3.12/site-packages/airflow/example_dags/example_bash_operator.py
[2026-05-08T20:37:07.026+0000] {processor.py:914} INFO - Processing file /home/airflow/.local/lib/python3.12/site-packages/airflow/example_dags/example_bash_operator.py for tasks to queue
[2026-05-08T20:37:07.027+0000] {logging_mixin.py:190} INFO - [2026-05-08T20:37:07.027+0000] {dagbag.py:588} INFO - Filling up the DagBag from /home/airflow/.local/lib/python3.12/site-packages/airflow/example_dags/example_bash_operator.py
[2026-05-08T20:37:07.039+0000] {processor.py:925} INFO - DAG(s) 'example_bash_operator' retrieved from /home/airflow/.local/lib/python3.12/site-packages/airflow/example_dags/example_bash_operator.py
[2026-05-08T20:37:07.065+0000] {logging_mixin.py:190} INFO - [2026-05-08T20:37:07.065+0000] {dag.py:3239} INFO - Sync 1 DAGs
[2026-05-08T20:37:07.085+0000] {logging_mixin.py:190} INFO - [2026-05-08T20:37:07.085+0000] {dag.py:4180} INFO - Setting next_dagrun for example_bash_operator to 2026-05-07 00:00:00+00:00, run_after=2026-05-08 00:00:00+00:00
[2026-05-08T20:37:07.099+0000] {processor.py:208} INFO - Processing /home/airflow/.local/lib/python3.12/site-packages/airflow/example_dags/example_bash_operator.py took 0.079 seconds
[2026-05-08T20:37:38.023+0000] {processor.py:186} INFO - Started process (PID=895) to work on /home/airflow/.local/lib/python3.12/site-packages/airflow/example_dags/example_bash_operator.py
[2026-05-08T20:37:38.024+0000] {processor.py:914} INFO - Processing file /home/airflow/.local/lib/python3.12/site-packages/airflow/example_dags/example_bash_operator.py for tasks to queue
[2026-05-08T20:37:38.025+0000] {logging_mixin.py:190} INFO - [2026-05-08T20:37:38.025+0000] {dagbag.py:588} INFO - Filling up the DagBag from /home/airflow/.local/lib/python3.12/site-packages/airflow/example_dags/example_bash_operator.py
[2026-05-08T20:37:38.036+0000] {processor.py:925} INFO - DAG(s) 'example_bash_operator' retrieved from /home/airflow/.local/lib/python3.12/site-packages/airflow/example_dags/example_bash_operator.py
[2026-05-08T20:37:38.060+0000] {logging_mixin.py:190} INFO - [2026-05-08T20:37:38.060+0000] {dag.py:3239} INFO - Sync 1 DAGs
[2026-05-08T20:37:38.089+0000] {logging_mixin.py:190} INFO - [2026-05-08T20:37:38.089+0000] {dag.py:4180} INFO - Setting next_dagrun for example_bash_operator to 2026-05-07 00:00:00+00:00, run_after=2026-05-08 00:00:00+00:00
[2026-05-08T20:37:38.108+0000] {processor.py:208} INFO - Processing /home/airflow/.local/lib/python3.12/site-packages/airflow/example_dags/example_bash_operator.py took 0.090 seconds
[2026-05-08T20:38:09.333+0000] {processor.py:186} INFO - Started process (PID=959) to work on /home/airflow/.local/lib/python3.12/site-packages/airflow/example_dags/example_bash_operator.py
[2026-05-08T20:38:09.333+0000] {processor.py:914} INFO - Processing file /home/airflow/.local/lib/python3.12/site-packages/airflow/example_dags/example_bash_operator.py for tasks to queue
[2026-05-08T20:38:09.335+0000] {logging_mixin.py:190} INFO - [2026-05-08T20:38:09.335+0000] {dagbag.py:588} INFO - Filling up the DagBag from /home/airflow/.local/lib/python3.12/site-packages/airflow/example_dags/example_bash_operator.py
[2026-05-08T20:38:09.347+0000] {processor.py:925} INFO - DAG(s) 'example_bash_operator' retrieved from /home/airflow/.local/lib/python3.12/site-packages/airflow/example_dags/example_bash_operator.py
[2026-05-08T20:38:09.371+0000] {logging_mixin.py:190} INFO - [2026-05-08T20:38:09.371+0000] {dag.py:3239} INFO - Sync 1 DAGs
[2026-05-08T20:38:09.400+0000] {logging_mixin.py:190} INFO - [2026-05-08T20:38:09.400+0000] {dag.py:4180} INFO - Setting next_dagrun for example_bash_operator to 2026-05-07 00:00:00+00:00, run_after=2026-05-08 00:00:00+00:00
[2026-05-08T20:38:09.417+0000] {processor.py:208} INFO - Processing /home/airflow/.local/lib/python3.12/site-packages/airflow/example_dags/example_bash_operator.py took 0.091 seconds
[2026-05-08T20:38:40.115+0000] {processor.py:186} INFO - Started process (PID=1023) to work on /home/airflow/.local/lib/python3.12/site-packages/airflow/example_dags/example_bash_operator.py
[2026-05-08T20:38:40.116+0000] {processor.py:914} INFO - Processing file /home/airflow/.local/lib/python3.12/site-packages/airflow/example_dags/example_bash_operator.py for tasks to queue
[2026-05-08T20:38:40.119+0000] {logging_mixin.py:190} INFO - [2026-05-08T20:38:40.118+0000] {dagbag.py:588} INFO - Filling up the DagBag from /home/airflow/.local/lib/python3.12/site-packages/airflow/example_dags/example_bash_operator.py
[2026-05-08T20:38:40.135+0000] {processor.py:925} INFO - DAG(s) 'example_bash_operator' retrieved from /home/airflow/.local/lib/python3.12/site-packages/airflow/example_dags/example_bash_operator.py
[2026-05-08T20:38:40.170+0000] {logging_mixin.py:190} INFO - [2026-05-08T20:38:40.169+0000] {dag.py:3239} INFO - Sync 1 DAGs
[2026-05-08T20:38:40.198+0000] {logging_mixin.py:190} INFO - [2026-05-08T20:38:40.198+0000] {dag.py:4180} INFO - Setting next_dagrun for example_bash_operator to 2026-05-07 00:00:00+00:00, run_after=2026-05-08 00:00:00+00:00
[2026-05-08T20:38:40.214+0000] {processor.py:208} INFO - Processing /home/airflow/.local/lib/python3.12/site-packages/airflow/example_dags/example_bash_operator.py took 0.106 seconds
[2026-05-08T20:39:10.756+0000] {processor.py:186} INFO - Started process (PID=1087) to work on /home/airflow/.local/lib/python3.12/site-packages/airflow/example_dags/example_bash_operator.py
[2026-05-08T20:39:10.757+0000] {processor.py:914} INFO - Processing file /home/airflow/.local/lib/python3.12/site-packages/airflow/example_dags/example_bash_operator.py for tasks to queue
[2026-05-08T20:39:10.759+0000] {logging_mixin.py:190} INFO - [2026-05-08T20:39:10.759+0000] {dagbag.py:588} INFO - Filling up the DagBag from /home/airflow/.local/lib/python3.12/site-packages/airflow/example_dags/example_bash_operator.py
[2026-05-08T20:39:10.770+0000] {processor.py:925} INFO - DAG(s) 'example_bash_operator' retrieved from /home/airflow/.local/lib/python3.12/site-packages/airflow/example_dags/example_bash_operator.py
[2026-05-08T20:39:10.792+0000] {logging_mixin.py:190} INFO - [2026-05-08T20:39:10.792+0000] {dag.py:3239} INFO - Sync 1 DAGs
[2026-05-08T20:39:10.819+0000] {logging_mixin.py:190} INFO - [2026-05-08T20:39:10.819+0000] {dag.py:4180} INFO - Setting next_dagrun for example_bash_operator to 2026-05-07 00:00:00+00:00, run_after=2026-05-08 00:00:00+00:00
[2026-05-08T20:39:10.837+0000] {processor.py:208} INFO - Processing /home/airflow/.local/lib/python3.12/site-packages/airflow/example_dags/example_bash_operator.py took 0.088 seconds
[2026-05-08T20:39:41.085+0000] {processor.py:186} INFO - Started process (PID=1150) to work on /home/airflow/.local/lib/python3.12/site-packages/airflow/example_dags/example_bash_operator.py
[2026-05-08T20:39:41.086+0000] {processor.py:914} INFO - Processing file /home/airflow/.local/lib/python3.12/site-packages/airflow/example_dags/example_bash_operator.py for tasks to queue
[2026-05-08T20:39:41.089+0000] {logging_mixin.py:190} INFO - [2026-05-08T20:39:41.088+0000] {dagbag.py:588} INFO - Filling up the DagBag from /home/airflow/.local/lib/python3.12/site-packages/airflow/example_dags/example_bash_operator.py
[2026-05-08T20:39:41.103+0000] {processor.py:925} INFO - DAG(s) 'example_bash_operator' retrieved from /home/airflow/.local/lib/python3.12/site-packages/airflow/example_dags/example_bash_operator.py
[2026-05-08T20:39:41.136+0000] {logging_mixin.py:190} INFO - [2026-05-08T20:39:41.135+0000] {dag.py:3239} INFO - Sync 1 DAGs
[2026-05-08T20:39:41.163+0000] {logging_mixin.py:190} INFO - [2026-05-08T20:39:41.163+0000] {dag.py:4180} INFO - Setting next_dagrun for example_bash_operator to 2026-05-07 00:00:00+00:00, run_after=2026-05-08 00:00:00+00:00
[2026-05-08T20:39:41.181+0000] {processor.py:208} INFO - Processing /home/airflow/.local/lib/python3.12/site-packages/airflow/example_dags/example_bash_operator.py took 0.102 seconds
[2026-05-08T20:40:11.964+0000] {processor.py:186} INFO - Started process (PID=1214) to work on /home/airflow/.local/lib/python3.12/site-packages/airflow/example_dags/example_bash_operator.py
[2026-05-08T20:40:11.965+0000] {processor.py:914} INFO - Processing file /home/airflow/.local/lib/python3.12/site-packages/airflow/example_dags/example_bash_operator.py for tasks to queue
[2026-05-08T20:40:11.967+0000] {logging_mixin.py:190} INFO - [2026-05-08T20:40:11.967+0000] {dagbag.py:588} INFO - Filling up the DagBag from /home/airflow/.local/lib/python3.12/site-packages/airflow/example_dags/example_bash_operator.py
[2026-05-08T20:40:11.983+0000] {processor.py:925} INFO - DAG(s) 'example_bash_operator' retrieved from /home/airflow/.local/lib/python3.12/site-packages/airflow/example_dags/example_bash_operator.py
[2026-05-08T20:40:12.006+0000] {logging_mixin.py:190} INFO - [2026-05-08T20:40:12.006+0000] {dag.py:3239} INFO - Sync 1 DAGs
[2026-05-08T20:40:12.029+0000] {logging_mixin.py:190} INFO - [2026-05-08T20:40:12.029+0000] {dag.py:4180} INFO - Setting next_dagrun for example_bash_operator to 2026-05-07 00:00:00+00:00, run_after=2026-05-08 00:00:00+00:00
[2026-05-08T20:40:12.047+0000] {processor.py:208} INFO - Processing /home/airflow/.local/lib/python3.12/site-packages/airflow/example_dags/example_bash_operator.py took 0.090 seconds
[2026-05-08T20:40:42.790+0000] {processor.py:186} INFO - Started process (PID=1278) to work on /home/airflow/.local/lib/python3.12/site-packages/airflow/example_dags/example_bash_operator.py
[2026-05-08T20:40:42.791+0000] {processor.py:914} INFO - Processing file /home/airflow/.local/lib/python3.12/site-packages/airflow/example_dags/example_bash_operator.py for tasks to queue
[2026-05-08T20:40:42.793+0000] {logging_mixin.py:190} INFO - [2026-05-08T20:40:42.793+0000] {dagbag.py:588} INFO - Filling up the DagBag from /home/airflow/.local/lib/python3.12/site-packages/airflow/example_dags/example_bash_operator.py
[2026-05-08T20:40:42.806+0000] {processor.py:925} INFO - DAG(s) 'example_bash_operator' retrieved from /home/airflow/.local/lib/python3.12/site-packages/airflow/example_dags/example_bash_operator.py
[2026-05-08T20:40:42.842+0000] {logging_mixin.py:190} INFO - [2026-05-08T20:40:42.842+0000] {dag.py:3239} INFO - Sync 1 DAGs
[2026-05-08T20:40:42.875+0000] {logging_mixin.py:190} INFO - [2026-05-08T20:40:42.875+0000] {dag.py:4180} INFO - Setting next_dagrun for example_bash_operator to 2026-05-07 00:00:00+00:00, run_after=2026-05-08 00:00:00+00:00
[2026-05-08T20:40:42.894+0000] {processor.py:208} INFO - Processing /home/airflow/.local/lib/python3.12/site-packages/airflow/example_dags/example_bash_operator.py took 0.111 seconds
[2026-05-08T20:41:13.780+0000] {processor.py:186} INFO - Started process (PID=1342) to work on /home/airflow/.local/lib/python3.12/site-packages/airflow/example_dags/example_bash_operator.py
[2026-05-08T20:41:13.781+0000] {processor.py:914} INFO - Processing file /home/airflow/.local/lib/python3.12/site-packages/airflow/example_dags/example_bash_operator.py for tasks to queue
[2026-05-08T20:41:13.783+0000] {logging_mixin.py:190} INFO - [2026-05-08T20:41:13.782+0000] {dagbag.py:588} INFO - Filling up the DagBag from /home/airflow/.local/lib/python3.12/site-packages/airflow/example_dags/example_bash_operator.py
[2026-05-08T20:41:13.797+0000] {processor.py:925} INFO - DAG(s) 'example_bash_operator' retrieved from /home/airflow/.local/lib/python3.12/site-packages/airflow/example_dags/example_bash_operator.py
[2026-05-08T20:41:13.822+0000] {logging_mixin.py:190} INFO - [2026-05-08T20:41:13.821+0000] {dag.py:3239} INFO - Sync 1 DAGs
[2026-05-08T20:41:13.844+0000] {logging_mixin.py:190} INFO - [2026-05-08T20:41:13.844+0000] {dag.py:4180} INFO - Setting next_dagrun for example_bash_operator to 2026-05-07 00:00:00+00:00, run_after=2026-05-08 00:00:00+00:00
[2026-05-08T20:41:13.859+0000] {processor.py:208} INFO - Processing /home/airflow/.local/lib/python3.12/site-packages/airflow/example_dags/example_bash_operator.py took 0.083 seconds
[2026-05-08T20:41:44.637+0000] {processor.py:186} INFO - Started process (PID=1406) to work on /home/airflow/.local/lib/python3.12/site-packages/airflow/example_dags/example_bash_operator.py
[2026-05-08T20:41:44.637+0000] {processor.py:914} INFO - Processing file /home/airflow/.local/lib/python3.12/site-packages/airflow/example_dags/example_bash_operator.py for tasks to queue
[2026-05-08T20:41:44.639+0000] {logging_mixin.py:190} INFO - [2026-05-08T20:41:44.638+0000] {dagbag.py:588} INFO - Filling up the DagBag from /home/airflow/.local/lib/python3.12/site-packages/airflow/example_dags/example_bash_operator.py
[2026-05-08T20:41:44.650+0000] {processor.py:925} INFO - DAG(s) 'example_bash_operator' retrieved from /home/airflow/.local/lib/python3.12/site-packages/airflow/example_dags/example_bash_operator.py
[2026-05-08T20:41:44.677+0000] {logging_mixin.py:190} INFO - [2026-05-08T20:41:44.677+0000] {dag.py:3239} INFO - Sync 1 DAGs
[2026-05-08T20:41:44.700+0000] {logging_mixin.py:190} INFO - [2026-05-08T20:41:44.699+0000] {dag.py:4180} INFO - Setting next_dagrun for example_bash_operator to 2026-05-07 00:00:00+00:00, run_after=2026-05-08 00:00:00+00:00
[2026-05-08T20:41:44.713+0000] {processor.py:208} INFO - Processing /home/airflow/.local/lib/python3.12/site-packages/airflow/example_dags/example_bash_operator.py took 0.082 seconds
[2026-05-08T20:42:16.385+0000] {processor.py:186} INFO - Started process (PID=1471) to work on /home/airflow/.local/lib/python3.12/site-packages/airflow/example_dags/example_bash_operator.py
[2026-05-08T20:42:16.386+0000] {processor.py:914} INFO - Processing file /home/airflow/.local/lib/python3.12/site-packages/airflow/example_dags/example_bash_operator.py for tasks to queue
[2026-05-08T20:42:16.388+0000] {logging_mixin.py:190} INFO - [2026-05-08T20:42:16.387+0000] {dagbag.py:588} INFO - Filling up the DagBag from /home/airflow/.local/lib/python3.12/site-packages/airflow/example_dags/example_bash_operator.py
[2026-05-08T20:42:16.398+0000] {processor.py:925} INFO - DAG(s) 'example_bash_operator' retrieved from /home/airflow/.local/lib/python3.12/site-packages/airflow/example_dags/example_bash_operator.py
[2026-05-08T20:42:16.425+0000] {logging_mixin.py:190} INFO - [2026-05-08T20:42:16.425+0000] {dag.py:3239} INFO - Sync 1 DAGs
[2026-05-08T20:42:16.445+0000] {logging_mixin.py:190} INFO - [2026-05-08T20:42:16.445+0000] {dag.py:4180} INFO - Setting next_dagrun for example_bash_operator to 2026-05-07 00:00:00+00:00, run_after=2026-05-08 00:00:00+00:00
[2026-05-08T20:42:16.460+0000] {processor.py:208} INFO - Processing /home/airflow/.local/lib/python3.12/site-packages/airflow/example_dags/example_bash_operator.py took 0.079 seconds
[2026-05-08T20:42:47.686+0000] {processor.py:186} INFO - Started process (PID=1536) to work on /home/airflow/.local/lib/python3.12/site-packages/airflow/example_dags/example_bash_operator.py
[2026-05-08T20:42:47.686+0000] {processor.py:914} INFO - Processing file /home/airflow/.local/lib/python3.12/site-packages/airflow/example_dags/example_bash_operator.py for tasks to queue
[2026-05-08T20:42:47.688+0000] {logging_mixin.py:190} INFO - [2026-05-08T20:42:47.688+0000] {dagbag.py:588} INFO - Filling up the DagBag from /home/airflow/.local/lib/python3.12/site-packages/airflow/example_dags/example_bash_operator.py
[2026-05-08T20:42:47.700+0000] {processor.py:925} INFO - DAG(s) 'example_bash_operator' retrieved from /home/airflow/.local/lib/python3.12/site-packages/airflow/example_dags/example_bash_operator.py
[2026-05-08T20:42:47.728+0000] {logging_mixin.py:190} INFO - [2026-05-08T20:42:47.728+0000] {dag.py:3239} INFO - Sync 1 DAGs
[2026-05-08T20:42:47.748+0000] {logging_mixin.py:190} INFO - [2026-05-08T20:42:47.748+0000] {dag.py:4180} INFO - Setting next_dagrun for example_bash_operator to 2026-05-07 00:00:00+00:00, run_after=2026-05-08 00:00:00+00:00
[2026-05-08T20:42:47.762+0000] {processor.py:208} INFO - Processing /home/airflow/.local/lib/python3.12/site-packages/airflow/example_dags/example_bash_operator.py took 0.081 seconds
[2026-05-08T20:43:18.836+0000] {processor.py:186} INFO - Started process (PID=1600) to work on /home/airflow/.local/lib/python3.12/site-packages/airflow/example_dags/example_bash_operator.py
[2026-05-08T20:43:18.837+0000] {processor.py:914} INFO - Processing file /home/airflow/.local/lib/python3.12/site-packages/airflow/example_dags/example_bash_operator.py for tasks to queue
[2026-05-08T20:43:18.838+0000] {logging_mixin.py:190} INFO - [2026-05-08T20:43:18.838+0000] {dagbag.py:588} INFO - Filling up the DagBag from /home/airflow/.local/lib/python3.12/site-packages/airflow/example_dags/example_bash_operator.py
[2026-05-08T20:43:18.849+0000] {processor.py:925} INFO - DAG(s) 'example_bash_operator' retrieved from /home/airflow/.local/lib/python3.12/site-packages/airflow/example_dags/example_bash_operator.py
[2026-05-08T20:43:18.879+0000] {logging_mixin.py:190} INFO - [2026-05-08T20:43:18.878+0000] {dag.py:3239} INFO - Sync 1 DAGs
[2026-05-08T20:43:18.900+0000] {logging_mixin.py:190} INFO - [2026-05-08T20:43:18.900+0000] {dag.py:4180} INFO - Setting next_dagrun for example_bash_operator to 2026-05-07 00:00:00+00:00, run_after=2026-05-08 00:00:00+00:00
[2026-05-08T20:43:18.914+0000] {processor.py:208} INFO - Processing /home/airflow/.local/lib/python3.12/site-packages/airflow/example_dags/example_bash_operator.py took 0.083 seconds
[2026-05-08T20:43:50.127+0000] {processor.py:186} INFO - Started process (PID=1664) to work on /home/airflow/.local/lib/python3.12/site-packages/airflow/example_dags/example_bash_operator.py
[2026-05-08T20:43:50.127+0000] {processor.py:914} INFO - Processing file /home/airflow/.local/lib/python3.12/site-packages/airflow/example_dags/example_bash_operator.py for tasks to queue
[2026-05-08T20:43:50.129+0000] {logging_mixin.py:190} INFO - [2026-05-08T20:43:50.129+0000] {dagbag.py:588} INFO - Filling up the DagBag from /home/airflow/.local/lib/python3.12/site-packages/airflow/example_dags/example_bash_operator.py
[2026-05-08T20:43:50.140+0000] {processor.py:925} INFO - DAG(s) 'example_bash_operator' retrieved from /home/airflow/.local/lib/python3.12/site-packages/airflow/example_dags/example_bash_operator.py
[2026-05-08T20:43:50.161+0000] {logging_mixin.py:190} INFO - [2026-05-08T20:43:50.160+0000] {dag.py:3239} INFO - Sync 1 DAGs
[2026-05-08T20:43:50.181+0000] {logging_mixin.py:190} INFO - [2026-05-08T20:43:50.180+0000] {dag.py:4180} INFO - Setting next_dagrun for example_bash_operator to 2026-05-07 00:00:00+00:00, run_after=2026-05-08 00:00:00+00:00
[2026-05-08T20:43:50.198+0000] {processor.py:208} INFO - Processing /home/airflow/.local/lib/python3.12/site-packages/airflow/example_dags/example_bash_operator.py took 0.076 seconds
[2026-05-08T20:44:21.608+0000] {processor.py:186} INFO - Started process (PID=1728) to work on /home/airflow/.local/lib/python3.12/site-packages/airflow/example_dags/example_bash_operator.py
[2026-05-08T20:44:21.609+0000] {processor.py:914} INFO - Processing file /home/airflow/.local/lib/python3.12/site-packages/airflow/example_dags/example_bash_operator.py for tasks to queue
[2026-05-08T20:44:21.611+0000] {logging_mixin.py:190} INFO - [2026-05-08T20:44:21.610+0000] {dagbag.py:588} INFO - Filling up the DagBag from /home/airflow/.local/lib/python3.12/site-packages/airflow/example_dags/example_bash_operator.py
[2026-05-08T20:44:21.623+0000] {processor.py:925} INFO - DAG(s) 'example_bash_operator' retrieved from /home/airflow/.local/lib/python3.12/site-packages/airflow/example_dags/example_bash_operator.py
[2026-05-08T20:44:21.651+0000] {logging_mixin.py:190} INFO - [2026-05-08T20:44:21.651+0000] {dag.py:3239} INFO - Sync 1 DAGs
[2026-05-08T20:44:21.677+0000] {logging_mixin.py:190} INFO - [2026-05-08T20:44:21.677+0000] {dag.py:4180} INFO - Setting next_dagrun for example_bash_operator to 2026-05-07 00:00:00+00:00, run_after=2026-05-08 00:00:00+00:00
[2026-05-08T20:44:21.690+0000] {processor.py:208} INFO - Processing /home/airflow/.local/lib/python3.12/site-packages/airflow/example_dags/example_bash_operator.py took 0.088 seconds
[2026-05-08T20:44:52.944+0000] {processor.py:186} INFO - Started process (PID=1792) to work on /home/airflow/.local/lib/python3.12/site-packages/airflow/example_dags/example_bash_operator.py
[2026-05-08T20:44:52.944+0000] {processor.py:914} INFO - Processing file /home/airflow/.local/lib/python3.12/site-packages/airflow/example_dags/example_bash_operator.py for tasks to queue
[2026-05-08T20:44:52.946+0000] {logging_mixin.py:190} INFO - [2026-05-08T20:44:52.946+0000] {dagbag.py:588} INFO - Filling up the DagBag from /home/airflow/.local/lib/python3.12/site-packages/airflow/example_dags/example_bash_operator.py
[2026-05-08T20:44:52.957+0000] {processor.py:925} INFO - DAG(s) 'example_bash_operator' retrieved from /home/airflow/.local/lib/python3.12/site-packages/airflow/example_dags/example_bash_operator.py
[2026-05-08T20:44:52.983+0000] {logging_mixin.py:190} INFO - [2026-05-08T20:44:52.982+0000] {dag.py:3239} INFO - Sync 1 DAGs
[2026-05-08T20:44:53.006+0000] {logging_mixin.py:190} INFO - [2026-05-08T20:44:53.006+0000] {dag.py:4180} INFO - Setting next_dagrun for example_bash_operator to 2026-05-07 00:00:00+00:00, run_after=2026-05-08 00:00:00+00:00
[2026-05-08T20:44:53.022+0000] {processor.py:208} INFO - Processing /home/airflow/.local/lib/python3.12/site-packages/airflow/example_dags/example_bash_operator.py took 0.084 seconds
[2026-05-08T20:45:24.231+0000] {processor.py:186} INFO - Started process (PID=1856) to work on /home/airflow/.local/lib/python3.12/site-packages/airflow/example_dags/example_bash_operator.py
[2026-05-08T20:45:24.231+0000] {processor.py:914} INFO - Processing file /home/airflow/.local/lib/python3.12/site-packages/airflow/example_dags/example_bash_operator.py for tasks to queue
[2026-05-08T20:45:24.233+0000] {logging_mixin.py:190} INFO - [2026-05-08T20:45:24.233+0000] {dagbag.py:588} INFO - Filling up the DagBag from /home/airflow/.local/lib/python3.12/site-packages/airflow/example_dags/example_bash_operator.py
[2026-05-08T20:45:24.246+0000] {processor.py:925} INFO - DAG(s) 'example_bash_operator' retrieved from /home/airflow/.local/lib/python3.12/site-packages/airflow/example_dags/example_bash_operator.py
[2026-05-08T20:45:24.280+0000] {logging_mixin.py:190} INFO - [2026-05-08T20:45:24.280+0000] {dag.py:3239} INFO - Sync 1 DAGs
[2026-05-08T20:45:24.301+0000] {logging_mixin.py:190} INFO - [2026-05-08T20:45:24.301+0000] {dag.py:4180} INFO - Setting next_dagrun for example_bash_operator to 2026-05-07 00:00:00+00:00, run_after=2026-05-08 00:00:00+00:00
[2026-05-08T20:45:24.315+0000] {processor.py:208} INFO - Processing /home/airflow/.local/lib/python3.12/site-packages/airflow/example_dags/example_bash_operator.py took 0.090 seconds
[2026-05-08T20:45:55.610+0000] {processor.py:186} INFO - Started process (PID=1921) to work on /home/airflow/.local/lib/python3.12/site-packages/airflow/example_dags/example_bash_operator.py
[2026-05-08T20:45:55.610+0000] {processor.py:914} INFO - Processing file /home/airflow/.local/lib/python3.12/site-packages/airflow/example_dags/example_bash_operator.py for tasks to queue
[2026-05-08T20:45:55.612+0000] {logging_mixin.py:190} INFO - [2026-05-08T20:45:55.612+0000] {dagbag.py:588} INFO - Filling up the DagBag from /home/airflow/.local/lib/python3.12/site-packages/airflow/example_dags/example_bash_operator.py
[2026-05-08T20:45:55.623+0000] {processor.py:925} INFO - DAG(s) 'example_bash_operator' retrieved from /home/airflow/.local/lib/python3.12/site-packages/airflow/example_dags/example_bash_operator.py
[2026-05-08T20:45:55.644+0000] {logging_mixin.py:190} INFO - [2026-05-08T20:45:55.644+0000] {dag.py:3239} INFO - Sync 1 DAGs
[2026-05-08T20:45:55.662+0000] {logging_mixin.py:190} INFO - [2026-05-08T20:45:55.662+0000] {dag.py:4180} INFO - Setting next_dagrun for example_bash_operator to 2026-05-07 00:00:00+00:00, run_after=2026-05-08 00:00:00+00:00
[2026-05-08T20:45:55.678+0000] {processor.py:208} INFO - Processing /home/airflow/.local/lib/python3.12/site-packages/airflow/example_dags/example_bash_operator.py took 0.073 seconds
[2026-05-08T20:46:27.011+0000] {processor.py:186} INFO - Started process (PID=1985) to work on /home/airflow/.local/lib/python3.12/site-packages/airflow/example_dags/example_bash_operator.py
[2026-05-08T20:46:27.012+0000] {processor.py:914} INFO - Processing file /home/airflow/.local/lib/python3.12/site-packages/airflow/example_dags/example_bash_operator.py for tasks to queue
[2026-05-08T20:46:27.013+0000] {logging_mixin.py:190} INFO - [2026-05-08T20:46:27.013+0000] {dagbag.py:588} INFO - Filling up the DagBag from /home/airflow/.local/lib/python3.12/site-packages/airflow/example_dags/example_bash_operator.py
[2026-05-08T20:46:27.025+0000] {processor.py:925} INFO - DAG(s) 'example_bash_operator' retrieved from /home/airflow/.local/lib/python3.12/site-packages/airflow/example_dags/example_bash_operator.py
[2026-05-08T20:46:27.050+0000] {logging_mixin.py:190} INFO - [2026-05-08T20:46:27.049+0000] {dag.py:3239} INFO - Sync 1 DAGs
[2026-05-08T20:46:27.072+0000] {logging_mixin.py:190} INFO - [2026-05-08T20:46:27.072+0000] {dag.py:4180} INFO - Setting next_dagrun for example_bash_operator to 2026-05-07 00:00:00+00:00, run_after=2026-05-08 00:00:00+00:00
[2026-05-08T20:46:27.089+0000] {processor.py:208} INFO - Processing /home/airflow/.local/lib/python3.12/site-packages/airflow/example_dags/example_bash_operator.py took 0.083 seconds
[2026-05-08T20:46:58.546+0000] {processor.py:186} INFO - Started process (PID=2049) to work on /home/airflow/.local/lib/python3.12/site-packages/airflow/example_dags/example_bash_operator.py
[2026-05-08T20:46:58.546+0000] {processor.py:914} INFO - Processing file /home/airflow/.local/lib/python3.12/site-packages/airflow/example_dags/example_bash_operator.py for tasks to queue
[2026-05-08T20:46:58.548+0000] {logging_mixin.py:190} INFO - [2026-05-08T20:46:58.548+0000] {dagbag.py:588} INFO - Filling up the DagBag from /home/airflow/.local/lib/python3.12/site-packages/airflow/example_dags/example_bash_operator.py
[2026-05-08T20:46:58.559+0000] {processor.py:925} INFO - DAG(s) 'example_bash_operator' retrieved from /home/airflow/.local/lib/python3.12/site-packages/airflow/example_dags/example_bash_operator.py
[2026-05-08T20:46:58.583+0000] {logging_mixin.py:190} INFO - [2026-05-08T20:46:58.583+0000] {dag.py:3239} INFO - Sync 1 DAGs
[2026-05-08T20:46:58.604+0000] {logging_mixin.py:190} INFO - [2026-05-08T20:46:58.604+0000] {dag.py:4180} INFO - Setting next_dagrun for example_bash_operator to 2026-05-07 00:00:00+00:00, run_after=2026-05-08 00:00:00+00:00
[2026-05-08T20:46:58.619+0000] {processor.py:208} INFO - Processing /home/airflow/.local/lib/python3.12/site-packages/airflow/example_dags/example_bash_operator.py took 0.078 seconds
[2026-05-08T20:47:30.235+0000] {processor.py:186} INFO - Started process (PID=2113) to work on /home/airflow/.local/lib/python3.12/site-packages/airflow/example_dags/example_bash_operator.py
[2026-05-08T20:47:30.236+0000] {processor.py:914} INFO - Processing file /home/airflow/.local/lib/python3.12/site-packages/airflow/example_dags/example_bash_operator.py for tasks to queue
[2026-05-08T20:47:30.237+0000] {logging_mixin.py:190} INFO - [2026-05-08T20:47:30.237+0000] {dagbag.py:588} INFO - Filling up the DagBag from /home/airflow/.local/lib/python3.12/site-packages/airflow/example_dags/example_bash_operator.py
[2026-05-08T20:47:30.248+0000] {processor.py:925} INFO - DAG(s) 'example_bash_operator' retrieved from /home/airflow/.local/lib/python3.12/site-packages/airflow/example_dags/example_bash_operator.py
[2026-05-08T20:47:30.274+0000] {logging_mixin.py:190} INFO - [2026-05-08T20:47:30.274+0000] {dag.py:3239} INFO - Sync 1 DAGs
[2026-05-08T20:47:30.296+0000] {logging_mixin.py:190} INFO - [2026-05-08T20:47:30.296+0000] {dag.py:4180} INFO - Setting next_dagrun for example_bash_operator to 2026-05-07 00:00:00+00:00, run_after=2026-05-08 00:00:00+00:00
[2026-05-08T20:47:30.310+0000] {processor.py:208} INFO - Processing /home/airflow/.local/lib/python3.12/site-packages/airflow/example_dags/example_bash_operator.py took 0.080 seconds
[2026-05-08T20:48:00.875+0000] {processor.py:186} INFO - Started process (PID=2177) to work on /home/airflow/.local/lib/python3.12/site-packages/airflow/example_dags/example_bash_operator.py
[2026-05-08T20:48:00.876+0000] {processor.py:914} INFO - Processing file /home/airflow/.local/lib/python3.12/site-packages/airflow/example_dags/example_bash_operator.py for tasks to queue
[2026-05-08T20:48:00.878+0000] {logging_mixin.py:190} INFO - [2026-05-08T20:48:00.878+0000] {dagbag.py:588} INFO - Filling up the DagBag from /home/airflow/.local/lib/python3.12/site-packages/airflow/example_dags/example_bash_operator.py
[2026-05-08T20:48:00.894+0000] {processor.py:925} INFO - DAG(s) 'example_bash_operator' retrieved from /home/airflow/.local/lib/python3.12/site-packages/airflow/example_dags/example_bash_operator.py
[2026-05-08T20:48:00.926+0000] {logging_mixin.py:190} INFO - [2026-05-08T20:48:00.926+0000] {dag.py:3239} INFO - Sync 1 DAGs
[2026-05-08T20:48:00.952+0000] {logging_mixin.py:190} INFO - [2026-05-08T20:48:00.952+0000] {dag.py:4180} INFO - Setting next_dagrun for example_bash_operator to 2026-05-07 00:00:00+00:00, run_after=2026-05-08 00:00:00+00:00
[2026-05-08T20:48:00.980+0000] {processor.py:208} INFO - Processing /home/airflow/.local/lib/python3.12/site-packages/airflow/example_dags/example_bash_operator.py took 0.110 seconds
[2026-05-08T20:48:31.852+0000] {processor.py:186} INFO - Started process (PID=2246) to work on /home/airflow/.local/lib/python3.12/site-packages/airflow/example_dags/example_bash_operator.py
[2026-05-08T20:48:31.852+0000] {processor.py:914} INFO - Processing file /home/airflow/.local/lib/python3.12/site-packages/airflow/example_dags/example_bash_operator.py for tasks to queue
[2026-05-08T20:48:31.854+0000] {logging_mixin.py:190} INFO - [2026-05-08T20:48:31.854+0000] {dagbag.py:588} INFO - Filling up the DagBag from /home/airflow/.local/lib/python3.12/site-packages/airflow/example_dags/example_bash_operator.py
[2026-05-08T20:48:31.865+0000] {processor.py:925} INFO - DAG(s) 'example_bash_operator' retrieved from /home/airflow/.local/lib/python3.12/site-packages/airflow/example_dags/example_bash_operator.py
[2026-05-08T20:48:31.893+0000] {logging_mixin.py:190} INFO - [2026-05-08T20:48:31.893+0000] {dag.py:3239} INFO - Sync 1 DAGs
[2026-05-08T20:48:31.917+0000] {logging_mixin.py:190} INFO - [2026-05-08T20:48:31.917+0000] {dag.py:4180} INFO - Setting next_dagrun for example_bash_operator to 2026-05-07 00:00:00+00:00, run_after=2026-05-08 00:00:00+00:00
[2026-05-08T20:48:31.931+0000] {processor.py:208} INFO - Processing /home/airflow/.local/lib/python3.12/site-packages/airflow/example_dags/example_bash_operator.py took 0.084 seconds
[2026-05-08T20:49:03.577+0000] {processor.py:186} INFO - Started process (PID=2315) to work on /home/airflow/.local/lib/python3.12/site-packages/airflow/example_dags/example_bash_operator.py
[2026-05-08T20:49:03.578+0000] {processor.py:914} INFO - Processing file /home/airflow/.local/lib/python3.12/site-packages/airflow/example_dags/example_bash_operator.py for tasks to queue
[2026-05-08T20:49:03.580+0000] {logging_mixin.py:190} INFO - [2026-05-08T20:49:03.580+0000] {dagbag.py:588} INFO - Filling up the DagBag from /home/airflow/.local/lib/python3.12/site-packages/airflow/example_dags/example_bash_operator.py
[2026-05-08T20:49:03.593+0000] {processor.py:925} INFO - DAG(s) 'example_bash_operator' retrieved from /home/airflow/.local/lib/python3.12/site-packages/airflow/example_dags/example_bash_operator.py
[2026-05-08T20:49:03.641+0000] {logging_mixin.py:190} INFO - [2026-05-08T20:49:03.641+0000] {dag.py:3239} INFO - Sync 1 DAGs
[2026-05-08T20:49:03.684+0000] {logging_mixin.py:190} INFO - [2026-05-08T20:49:03.683+0000] {dag.py:4180} INFO - Setting next_dagrun for example_bash_operator to 2026-05-07 00:00:00+00:00, run_after=2026-05-08 00:00:00+00:00
[2026-05-08T20:49:03.702+0000] {processor.py:208} INFO - Processing /home/airflow/.local/lib/python3.12/site-packages/airflow/example_dags/example_bash_operator.py took 0.129 seconds
[2026-05-08T20:49:35.136+0000] {processor.py:186} INFO - Started process (PID=2379) to work on /home/airflow/.local/lib/python3.12/site-packages/airflow/example_dags/example_bash_operator.py
[2026-05-08T20:49:35.137+0000] {processor.py:914} INFO - Processing file /home/airflow/.local/lib/python3.12/site-packages/airflow/example_dags/example_bash_operator.py for tasks to queue
[2026-05-08T20:49:35.139+0000] {logging_mixin.py:190} INFO - [2026-05-08T20:49:35.138+0000] {dagbag.py:588} INFO - Filling up the DagBag from /home/airflow/.local/lib/python3.12/site-packages/airflow/example_dags/example_bash_operator.py
[2026-05-08T20:49:35.149+0000] {processor.py:925} INFO - DAG(s) 'example_bash_operator' retrieved from /home/airflow/.local/lib/python3.12/site-packages/airflow/example_dags/example_bash_operator.py
[2026-05-08T20:49:35.169+0000] {logging_mixin.py:190} INFO - [2026-05-08T20:49:35.169+0000] {dag.py:3239} INFO - Sync 1 DAGs
[2026-05-08T20:49:35.188+0000] {logging_mixin.py:190} INFO - [2026-05-08T20:49:35.188+0000] {dag.py:4180} INFO - Setting next_dagrun for example_bash_operator to 2026-05-07 00:00:00+00:00, run_after=2026-05-08 00:00:00+00:00
[2026-05-08T20:49:35.201+0000] {processor.py:208} INFO - Processing /home/airflow/.local/lib/python3.12/site-packages/airflow/example_dags/example_bash_operator.py took 0.069 seconds
[2026-05-08T20:50:06.524+0000] {processor.py:186} INFO - Started process (PID=2443) to work on /home/airflow/.local/lib/python3.12/site-packages/airflow/example_dags/example_bash_operator.py
[2026-05-08T20:50:06.524+0000] {processor.py:914} INFO - Processing file /home/airflow/.local/lib/python3.12/site-packages/airflow/example_dags/example_bash_operator.py for tasks to queue
[2026-05-08T20:50:06.526+0000] {logging_mixin.py:190} INFO - [2026-05-08T20:50:06.526+0000] {dagbag.py:588} INFO - Filling up the DagBag from /home/airflow/.local/lib/python3.12/site-packages/airflow/example_dags/example_bash_operator.py
[2026-05-08T20:50:06.538+0000] {processor.py:925} INFO - DAG(s) 'example_bash_operator' retrieved from /home/airflow/.local/lib/python3.12/site-packages/airflow/example_dags/example_bash_operator.py
[2026-05-08T20:50:06.560+0000] {logging_mixin.py:190} INFO - [2026-05-08T20:50:06.560+0000] {dag.py:3239} INFO - Sync 1 DAGs
[2026-05-08T20:50:06.582+0000] {logging_mixin.py:190} INFO - [2026-05-08T20:50:06.581+0000] {dag.py:4180} INFO - Setting next_dagrun for example_bash_operator to 2026-05-07 00:00:00+00:00, run_after=2026-05-08 00:00:00+00:00
[2026-05-08T20:50:06.596+0000] {processor.py:208} INFO - Processing /home/airflow/.local/lib/python3.12/site-packages/airflow/example_dags/example_bash_operator.py took 0.077 seconds
[2026-05-08T20:50:37.314+0000] {processor.py:186} INFO - Started process (PID=2507) to work on /home/airflow/.local/lib/python3.12/site-packages/airflow/example_dags/example_bash_operator.py
[2026-05-08T20:50:37.315+0000] {processor.py:914} INFO - Processing file /home/airflow/.local/lib/python3.12/site-packages/airflow/example_dags/example_bash_operator.py for tasks to queue
[2026-05-08T20:50:37.318+0000] {logging_mixin.py:190} INFO - [2026-05-08T20:50:37.317+0000] {dagbag.py:588} INFO - Filling up the DagBag from /home/airflow/.local/lib/python3.12/site-packages/airflow/example_dags/example_bash_operator.py
[2026-05-08T20:50:37.333+0000] {processor.py:925} INFO - DAG(s) 'example_bash_operator' retrieved from /home/airflow/.local/lib/python3.12/site-packages/airflow/example_dags/example_bash_operator.py
[2026-05-08T20:50:37.361+0000] {logging_mixin.py:190} INFO - [2026-05-08T20:50:37.361+0000] {dag.py:3239} INFO - Sync 1 DAGs
[2026-05-08T20:50:37.384+0000] {logging_mixin.py:190} INFO - [2026-05-08T20:50:37.384+0000] {dag.py:4180} INFO - Setting next_dagrun for example_bash_operator to 2026-05-07 00:00:00+00:00, run_after=2026-05-08 00:00:00+00:00
[2026-05-08T20:50:37.401+0000] {processor.py:208} INFO - Processing /home/airflow/.local/lib/python3.12/site-packages/airflow/example_dags/example_bash_operator.py took 0.093 seconds
[2026-05-08T20:51:07.904+0000] {processor.py:186} INFO - Started process (PID=2571) to work on /home/airflow/.local/lib/python3.12/site-packages/airflow/example_dags/example_bash_operator.py
[2026-05-08T20:51:07.905+0000] {processor.py:914} INFO - Processing file /home/airflow/.local/lib/python3.12/site-packages/airflow/example_dags/example_bash_operator.py for tasks to queue
[2026-05-08T20:51:07.906+0000] {logging_mixin.py:190} INFO - [2026-05-08T20:51:07.906+0000] {dagbag.py:588} INFO - Filling up the DagBag from /home/airflow/.local/lib/python3.12/site-packages/airflow/example_dags/example_bash_operator.py
[2026-05-08T20:51:07.917+0000] {processor.py:925} INFO - DAG(s) 'example_bash_operator' retrieved from /home/airflow/.local/lib/python3.12/site-packages/airflow/example_dags/example_bash_operator.py
[2026-05-08T20:51:07.939+0000] {logging_mixin.py:190} INFO - [2026-05-08T20:51:07.939+0000] {dag.py:3239} INFO - Sync 1 DAGs
[2026-05-08T20:51:07.960+0000] {logging_mixin.py:190} INFO - [2026-05-08T20:51:07.960+0000] {dag.py:4180} INFO - Setting next_dagrun for example_bash_operator to 2026-05-07 00:00:00+00:00, run_after=2026-05-08 00:00:00+00:00
[2026-05-08T20:51:07.976+0000] {processor.py:208} INFO - Processing /home/airflow/.local/lib/python3.12/site-packages/airflow/example_dags/example_bash_operator.py took 0.076 seconds
[2026-05-08T20:51:38.730+0000] {processor.py:186} INFO - Started process (PID=2635) to work on /home/airflow/.local/lib/python3.12/site-packages/airflow/example_dags/example_bash_operator.py
[2026-05-08T20:51:38.731+0000] {processor.py:914} INFO - Processing file /home/airflow/.local/lib/python3.12/site-packages/airflow/example_dags/example_bash_operator.py for tasks to queue
[2026-05-08T20:51:38.732+0000] {logging_mixin.py:190} INFO - [2026-05-08T20:51:38.732+0000] {dagbag.py:588} INFO - Filling up the DagBag from /home/airflow/.local/lib/python3.12/site-packages/airflow/example_dags/example_bash_operator.py
[2026-05-08T20:51:38.746+0000] {processor.py:925} INFO - DAG(s) 'example_bash_operator' retrieved from /home/airflow/.local/lib/python3.12/site-packages/airflow/example_dags/example_bash_operator.py
[2026-05-08T20:51:38.774+0000] {logging_mixin.py:190} INFO - [2026-05-08T20:51:38.774+0000] {dag.py:3239} INFO - Sync 1 DAGs
[2026-05-08T20:51:38.798+0000] {logging_mixin.py:190} INFO - [2026-05-08T20:51:38.798+0000] {dag.py:4180} INFO - Setting next_dagrun for example_bash_operator to 2026-05-07 00:00:00+00:00, run_after=2026-05-08 00:00:00+00:00
[2026-05-08T20:51:38.813+0000] {processor.py:208} INFO - Processing /home/airflow/.local/lib/python3.12/site-packages/airflow/example_dags/example_bash_operator.py took 0.088 seconds
[2026-05-08T20:52:09.109+0000] {processor.py:186} INFO - Started process (PID=2699) to work on /home/airflow/.local/lib/python3.12/site-packages/airflow/example_dags/example_bash_operator.py
[2026-05-08T20:52:09.110+0000] {processor.py:914} INFO - Processing file /home/airflow/.local/lib/python3.12/site-packages/airflow/example_dags/example_bash_operator.py for tasks to queue
[2026-05-08T20:52:09.111+0000] {logging_mixin.py:190} INFO - [2026-05-08T20:52:09.111+0000] {dagbag.py:588} INFO - Filling up the DagBag from /home/airflow/.local/lib/python3.12/site-packages/airflow/example_dags/example_bash_operator.py
[2026-05-08T20:52:09.124+0000] {processor.py:925} INFO - DAG(s) 'example_bash_operator' retrieved from /home/airflow/.local/lib/python3.12/site-packages/airflow/example_dags/example_bash_operator.py
[2026-05-08T20:52:09.153+0000] {logging_mixin.py:190} INFO - [2026-05-08T20:52:09.153+0000] {dag.py:3239} INFO - Sync 1 DAGs
[2026-05-08T20:52:09.177+0000] {logging_mixin.py:190} INFO - [2026-05-08T20:52:09.177+0000] {dag.py:4180} INFO - Setting next_dagrun for example_bash_operator to 2026-05-07 00:00:00+00:00, run_after=2026-05-08 00:00:00+00:00
[2026-05-08T20:52:09.195+0000] {processor.py:208} INFO - Processing /home/airflow/.local/lib/python3.12/site-packages/airflow/example_dags/example_bash_operator.py took 0.090 seconds
[2026-05-08T20:52:39.577+0000] {processor.py:186} INFO - Started process (PID=2762) to work on /home/airflow/.local/lib/python3.12/site-packages/airflow/example_dags/example_bash_operator.py
[2026-05-08T20:52:39.577+0000] {processor.py:914} INFO - Processing file /home/airflow/.local/lib/python3.12/site-packages/airflow/example_dags/example_bash_operator.py for tasks to queue
[2026-05-08T20:52:39.579+0000] {logging_mixin.py:190} INFO - [2026-05-08T20:52:39.579+0000] {dagbag.py:588} INFO - Filling up the DagBag from /home/airflow/.local/lib/python3.12/site-packages/airflow/example_dags/example_bash_operator.py
[2026-05-08T20:52:39.590+0000] {processor.py:925} INFO - DAG(s) 'example_bash_operator' retrieved from /home/airflow/.local/lib/python3.12/site-packages/airflow/example_dags/example_bash_operator.py
[2026-05-08T20:52:39.611+0000] {logging_mixin.py:190} INFO - [2026-05-08T20:52:39.610+0000] {dag.py:3239} INFO - Sync 1 DAGs
[2026-05-08T20:52:39.629+0000] {logging_mixin.py:190} INFO - [2026-05-08T20:52:39.629+0000] {dag.py:4180} INFO - Setting next_dagrun for example_bash_operator to 2026-05-07 00:00:00+00:00, run_after=2026-05-08 00:00:00+00:00
[2026-05-08T20:52:39.643+0000] {processor.py:208} INFO - Processing /home/airflow/.local/lib/python3.12/site-packages/airflow/example_dags/example_bash_operator.py took 0.070 seconds
[2026-05-08T20:53:10.585+0000] {processor.py:186} INFO - Started process (PID=2826) to work on /home/airflow/.local/lib/python3.12/site-packages/airflow/example_dags/example_bash_operator.py
[2026-05-08T20:53:10.586+0000] {processor.py:914} INFO - Processing file /home/airflow/.local/lib/python3.12/site-packages/airflow/example_dags/example_bash_operator.py for tasks to queue
[2026-05-08T20:53:10.587+0000] {logging_mixin.py:190} INFO - [2026-05-08T20:53:10.587+0000] {dagbag.py:588} INFO - Filling up the DagBag from /home/airflow/.local/lib/python3.12/site-packages/airflow/example_dags/example_bash_operator.py
[2026-05-08T20:53:10.598+0000] {processor.py:925} INFO - DAG(s) 'example_bash_operator' retrieved from /home/airflow/.local/lib/python3.12/site-packages/airflow/example_dags/example_bash_operator.py
[2026-05-08T20:53:10.621+0000] {logging_mixin.py:190} INFO - [2026-05-08T20:53:10.621+0000] {dag.py:3239} INFO - Sync 1 DAGs
[2026-05-08T20:53:10.646+0000] {logging_mixin.py:190} INFO - [2026-05-08T20:53:10.646+0000] {dag.py:4180} INFO - Setting next_dagrun for example_bash_operator to 2026-05-07 00:00:00+00:00, run_after=2026-05-08 00:00:00+00:00
[2026-05-08T20:53:10.684+0000] {processor.py:208} INFO - Processing /home/airflow/.local/lib/python3.12/site-packages/airflow/example_dags/example_bash_operator.py took 0.104 seconds
[2026-05-08T20:53:41.716+0000] {processor.py:186} INFO - Started process (PID=2890) to work on /home/airflow/.local/lib/python3.12/site-packages/airflow/example_dags/example_bash_operator.py
[2026-05-08T20:53:41.716+0000] {processor.py:914} INFO - Processing file /home/airflow/.local/lib/python3.12/site-packages/airflow/example_dags/example_bash_operator.py for tasks to queue
[2026-05-08T20:53:41.718+0000] {logging_mixin.py:190} INFO - [2026-05-08T20:53:41.718+0000] {dagbag.py:588} INFO - Filling up the DagBag from /home/airflow/.local/lib/python3.12/site-packages/airflow/example_dags/example_bash_operator.py
[2026-05-08T20:53:41.729+0000] {processor.py:925} INFO - DAG(s) 'example_bash_operator' retrieved from /home/airflow/.local/lib/python3.12/site-packages/airflow/example_dags/example_bash_operator.py
[2026-05-08T20:53:41.752+0000] {logging_mixin.py:190} INFO - [2026-05-08T20:53:41.752+0000] {dag.py:3239} INFO - Sync 1 DAGs
[2026-05-08T20:53:41.772+0000] {logging_mixin.py:190} INFO - [2026-05-08T20:53:41.771+0000] {dag.py:4180} INFO - Setting next_dagrun for example_bash_operator to 2026-05-07 00:00:00+00:00, run_after=2026-05-08 00:00:00+00:00
[2026-05-08T20:53:41.785+0000] {processor.py:208} INFO - Processing /home/airflow/.local/lib/python3.12/site-packages/airflow/example_dags/example_bash_operator.py took 0.075 seconds
[2026-05-08T20:54:12.036+0000] {processor.py:186} INFO - Started process (PID=2953) to work on /home/airflow/.local/lib/python3.12/site-packages/airflow/example_dags/example_bash_operator.py
[2026-05-08T20:54:12.037+0000] {processor.py:914} INFO - Processing file /home/airflow/.local/lib/python3.12/site-packages/airflow/example_dags/example_bash_operator.py for tasks to queue
[2026-05-08T20:54:12.038+0000] {logging_mixin.py:190} INFO - [2026-05-08T20:54:12.038+0000] {dagbag.py:588} INFO - Filling up the DagBag from /home/airflow/.local/lib/python3.12/site-packages/airflow/example_dags/example_bash_operator.py
[2026-05-08T20:54:12.050+0000] {processor.py:925} INFO - DAG(s) 'example_bash_operator' retrieved from /home/airflow/.local/lib/python3.12/site-packages/airflow/example_dags/example_bash_operator.py
[2026-05-08T20:54:12.076+0000] {logging_mixin.py:190} INFO - [2026-05-08T20:54:12.076+0000] {dag.py:3239} INFO - Sync 1 DAGs
[2026-05-08T20:54:12.096+0000] {logging_mixin.py:190} INFO - [2026-05-08T20:54:12.096+0000] {dag.py:4180} INFO - Setting next_dagrun for example_bash_operator to 2026-05-07 00:00:00+00:00, run_after=2026-05-08 00:00:00+00:00
[2026-05-08T20:54:12.109+0000] {processor.py:208} INFO - Processing /home/airflow/.local/lib/python3.12/site-packages/airflow/example_dags/example_bash_operator.py took 0.078 seconds
[2026-05-08T20:54:42.789+0000] {processor.py:186} INFO - Started process (PID=3017) to work on /home/airflow/.local/lib/python3.12/site-packages/airflow/example_dags/example_bash_operator.py
[2026-05-08T20:54:42.790+0000] {processor.py:914} INFO - Processing file /home/airflow/.local/lib/python3.12/site-packages/airflow/example_dags/example_bash_operator.py for tasks to queue
[2026-05-08T20:54:42.791+0000] {logging_mixin.py:190} INFO - [2026-05-08T20:54:42.791+0000] {dagbag.py:588} INFO - Filling up the DagBag from /home/airflow/.local/lib/python3.12/site-packages/airflow/example_dags/example_bash_operator.py
[2026-05-08T20:54:42.802+0000] {processor.py:925} INFO - DAG(s) 'example_bash_operator' retrieved from /home/airflow/.local/lib/python3.12/site-packages/airflow/example_dags/example_bash_operator.py
[2026-05-08T20:54:42.828+0000] {logging_mixin.py:190} INFO - [2026-05-08T20:54:42.827+0000] {dag.py:3239} INFO - Sync 1 DAGs
[2026-05-08T20:54:42.847+0000] {logging_mixin.py:190} INFO - [2026-05-08T20:54:42.847+0000] {dag.py:4180} INFO - Setting next_dagrun for example_bash_operator to 2026-05-07 00:00:00+00:00, run_after=2026-05-08 00:00:00+00:00
[2026-05-08T20:54:42.861+0000] {processor.py:208} INFO - Processing /home/airflow/.local/lib/python3.12/site-packages/airflow/example_dags/example_bash_operator.py took 0.078 seconds
[2026-05-08T20:55:13.533+0000] {processor.py:186} INFO - Started process (PID=3081) to work on /home/airflow/.local/lib/python3.12/site-packages/airflow/example_dags/example_bash_operator.py
[2026-05-08T20:55:13.533+0000] {processor.py:914} INFO - Processing file /home/airflow/.local/lib/python3.12/site-packages/airflow/example_dags/example_bash_operator.py for tasks to queue
[2026-05-08T20:55:13.535+0000] {logging_mixin.py:190} INFO - [2026-05-08T20:55:13.535+0000] {dagbag.py:588} INFO - Filling up the DagBag from /home/airflow/.local/lib/python3.12/site-packages/airflow/example_dags/example_bash_operator.py
[2026-05-08T20:55:13.547+0000] {processor.py:925} INFO - DAG(s) 'example_bash_operator' retrieved from /home/airflow/.local/lib/python3.12/site-packages/airflow/example_dags/example_bash_operator.py
[2026-05-08T20:55:13.568+0000] {logging_mixin.py:190} INFO - [2026-05-08T20:55:13.567+0000] {dag.py:3239} INFO - Sync 1 DAGs
[2026-05-08T20:55:13.586+0000] {logging_mixin.py:190} INFO - [2026-05-08T20:55:13.586+0000] {dag.py:4180} INFO - Setting next_dagrun for example_bash_operator to 2026-05-07 00:00:00+00:00, run_after=2026-05-08 00:00:00+00:00
[2026-05-08T20:55:13.601+0000] {processor.py:208} INFO - Processing /home/airflow/.local/lib/python3.12/site-packages/airflow/example_dags/example_bash_operator.py took 0.074 seconds
[2026-05-08T20:55:44.513+0000] {processor.py:186} INFO - Started process (PID=3144) to work on /home/airflow/.local/lib/python3.12/site-packages/airflow/example_dags/example_bash_operator.py
[2026-05-08T20:55:44.513+0000] {processor.py:914} INFO - Processing file /home/airflow/.local/lib/python3.12/site-packages/airflow/example_dags/example_bash_operator.py for tasks to queue
[2026-05-08T20:55:44.515+0000] {logging_mixin.py:190} INFO - [2026-05-08T20:55:44.515+0000] {dagbag.py:588} INFO - Filling up the DagBag from /home/airflow/.local/lib/python3.12/site-packages/airflow/example_dags/example_bash_operator.py
[2026-05-08T20:55:44.529+0000] {processor.py:925} INFO - DAG(s) 'example_bash_operator' retrieved from /home/airflow/.local/lib/python3.12/site-packages/airflow/example_dags/example_bash_operator.py
[2026-05-08T20:55:44.561+0000] {logging_mixin.py:190} INFO - [2026-05-08T20:55:44.561+0000] {dag.py:3239} INFO - Sync 1 DAGs
[2026-05-08T20:55:44.583+0000] {logging_mixin.py:190} INFO - [2026-05-08T20:55:44.582+0000] {dag.py:4180} INFO - Setting next_dagrun for example_bash_operator to 2026-05-07 00:00:00+00:00, run_after=2026-05-08 00:00:00+00:00
[2026-05-08T20:55:44.597+0000] {processor.py:208} INFO - Processing /home/airflow/.local/lib/python3.12/site-packages/airflow/example_dags/example_bash_operator.py took 0.089 seconds
[2026-05-08T20:56:14.865+0000] {processor.py:186} INFO - Started process (PID=3208) to work on /home/airflow/.local/lib/python3.12/site-packages/airflow/example_dags/example_bash_operator.py
[2026-05-08T20:56:14.866+0000] {processor.py:914} INFO - Processing file /home/airflow/.local/lib/python3.12/site-packages/airflow/example_dags/example_bash_operator.py for tasks to queue
[2026-05-08T20:56:14.868+0000] {logging_mixin.py:190} INFO - [2026-05-08T20:56:14.867+0000] {dagbag.py:588} INFO - Filling up the DagBag from /home/airflow/.local/lib/python3.12/site-packages/airflow/example_dags/example_bash_operator.py
[2026-05-08T20:56:14.881+0000] {processor.py:925} INFO - DAG(s) 'example_bash_operator' retrieved from /home/airflow/.local/lib/python3.12/site-packages/airflow/example_dags/example_bash_operator.py
[2026-05-08T20:56:14.910+0000] {logging_mixin.py:190} INFO - [2026-05-08T20:56:14.910+0000] {dag.py:3239} INFO - Sync 1 DAGs
[2026-05-08T20:56:14.931+0000] {logging_mixin.py:190} INFO - [2026-05-08T20:56:14.931+0000] {dag.py:4180} INFO - Setting next_dagrun for example_bash_operator to 2026-05-07 00:00:00+00:00, run_after=2026-05-08 00:00:00+00:00
[2026-05-08T20:56:14.945+0000] {processor.py:208} INFO - Processing /home/airflow/.local/lib/python3.12/site-packages/airflow/example_dags/example_bash_operator.py took 0.086 seconds
[2026-05-08T20:56:45.808+0000] {processor.py:186} INFO - Started process (PID=3272) to work on /home/airflow/.local/lib/python3.12/site-packages/airflow/example_dags/example_bash_operator.py
[2026-05-08T20:56:45.809+0000] {processor.py:914} INFO - Processing file /home/airflow/.local/lib/python3.12/site-packages/airflow/example_dags/example_bash_operator.py for tasks to queue
[2026-05-08T20:56:45.811+0000] {logging_mixin.py:190} INFO - [2026-05-08T20:56:45.811+0000] {dagbag.py:588} INFO - Filling up the DagBag from /home/airflow/.local/lib/python3.12/site-packages/airflow/example_dags/example_bash_operator.py
[2026-05-08T20:56:45.827+0000] {processor.py:925} INFO - DAG(s) 'example_bash_operator' retrieved from /home/airflow/.local/lib/python3.12/site-packages/airflow/example_dags/example_bash_operator.py
[2026-05-08T20:56:45.859+0000] {logging_mixin.py:190} INFO - [2026-05-08T20:56:45.859+0000] {dag.py:3239} INFO - Sync 1 DAGs
[2026-05-08T20:56:45.887+0000] {logging_mixin.py:190} INFO - [2026-05-08T20:56:45.887+0000] {dag.py:4180} INFO - Setting next_dagrun for example_bash_operator to 2026-05-07 00:00:00+00:00, run_after=2026-05-08 00:00:00+00:00
[2026-05-08T20:56:45.905+0000] {processor.py:208} INFO - Processing /home/airflow/.local/lib/python3.12/site-packages/airflow/example_dags/example_bash_operator.py took 0.103 seconds
[2026-05-08T20:57:16.370+0000] {processor.py:186} INFO - Started process (PID=3336) to work on /home/airflow/.local/lib/python3.12/site-packages/airflow/example_dags/example_bash_operator.py
[2026-05-08T20:57:16.370+0000] {processor.py:914} INFO - Processing file /home/airflow/.local/lib/python3.12/site-packages/airflow/example_dags/example_bash_operator.py for tasks to queue
[2026-05-08T20:57:16.372+0000] {logging_mixin.py:190} INFO - [2026-05-08T20:57:16.372+0000] {dagbag.py:588} INFO - Filling up the DagBag from /home/airflow/.local/lib/python3.12/site-packages/airflow/example_dags/example_bash_operator.py
[2026-05-08T20:57:16.383+0000] {processor.py:925} INFO - DAG(s) 'example_bash_operator' retrieved from /home/airflow/.local/lib/python3.12/site-packages/airflow/example_dags/example_bash_operator.py
[2026-05-08T20:57:16.405+0000] {logging_mixin.py:190} INFO - [2026-05-08T20:57:16.405+0000] {dag.py:3239} INFO - Sync 1 DAGs
[2026-05-08T20:57:16.426+0000] {logging_mixin.py:190} INFO - [2026-05-08T20:57:16.426+0000] {dag.py:4180} INFO - Setting next_dagrun for example_bash_operator to 2026-05-07 00:00:00+00:00, run_after=2026-05-08 00:00:00+00:00
[2026-05-08T20:57:16.441+0000] {processor.py:208} INFO - Processing /home/airflow/.local/lib/python3.12/site-packages/airflow/example_dags/example_bash_operator.py took 0.076 seconds
[2026-05-08T20:57:47.495+0000] {processor.py:186} INFO - Started process (PID=3400) to work on /home/airflow/.local/lib/python3.12/site-packages/airflow/example_dags/example_bash_operator.py
[2026-05-08T20:57:47.496+0000] {processor.py:914} INFO - Processing file /home/airflow/.local/lib/python3.12/site-packages/airflow/example_dags/example_bash_operator.py for tasks to queue
[2026-05-08T20:57:47.498+0000] {logging_mixin.py:190} INFO - [2026-05-08T20:57:47.497+0000] {dagbag.py:588} INFO - Filling up the DagBag from /home/airflow/.local/lib/python3.12/site-packages/airflow/example_dags/example_bash_operator.py
[2026-05-08T20:57:47.510+0000] {processor.py:925} INFO - DAG(s) 'example_bash_operator' retrieved from /home/airflow/.local/lib/python3.12/site-packages/airflow/example_dags/example_bash_operator.py
[2026-05-08T20:57:47.534+0000] {logging_mixin.py:190} INFO - [2026-05-08T20:57:47.534+0000] {dag.py:3239} INFO - Sync 1 DAGs
[2026-05-08T20:57:47.558+0000] {logging_mixin.py:190} INFO - [2026-05-08T20:57:47.558+0000] {dag.py:4180} INFO - Setting next_dagrun for example_bash_operator to 2026-05-07 00:00:00+00:00, run_after=2026-05-08 00:00:00+00:00
[2026-05-08T20:57:47.577+0000] {processor.py:208} INFO - Processing /home/airflow/.local/lib/python3.12/site-packages/airflow/example_dags/example_bash_operator.py took 0.087 seconds
[2026-05-08T20:58:18.326+0000] {processor.py:186} INFO - Started process (PID=3464) to work on /home/airflow/.local/lib/python3.12/site-packages/airflow/example_dags/example_bash_operator.py
[2026-05-08T20:58:18.327+0000] {processor.py:914} INFO - Processing file /home/airflow/.local/lib/python3.12/site-packages/airflow/example_dags/example_bash_operator.py for tasks to queue
[2026-05-08T20:58:18.329+0000] {logging_mixin.py:190} INFO - [2026-05-08T20:58:18.329+0000] {dagbag.py:588} INFO - Filling up the DagBag from /home/airflow/.local/lib/python3.12/site-packages/airflow/example_dags/example_bash_operator.py
[2026-05-08T20:58:18.345+0000] {processor.py:925} INFO - DAG(s) 'example_bash_operator' retrieved from /home/airflow/.local/lib/python3.12/site-packages/airflow/example_dags/example_bash_operator.py
[2026-05-08T20:58:18.378+0000] {logging_mixin.py:190} INFO - [2026-05-08T20:58:18.378+0000] {dag.py:3239} INFO - Sync 1 DAGs
[2026-05-08T20:58:18.404+0000] {logging_mixin.py:190} INFO - [2026-05-08T20:58:18.404+0000] {dag.py:4180} INFO - Setting next_dagrun for example_bash_operator to 2026-05-07 00:00:00+00:00, run_after=2026-05-08 00:00:00+00:00
[2026-05-08T20:58:18.423+0000] {processor.py:208} INFO - Processing /home/airflow/.local/lib/python3.12/site-packages/airflow/example_dags/example_bash_operator.py took 0.103 seconds
[2026-05-08T20:58:48.493+0000] {processor.py:186} INFO - Started process (PID=3528) to work on /home/airflow/.local/lib/python3.12/site-packages/airflow/example_dags/example_bash_operator.py
[2026-05-08T20:58:48.493+0000] {processor.py:914} INFO - Processing file /home/airflow/.local/lib/python3.12/site-packages/airflow/example_dags/example_bash_operator.py for tasks to queue
[2026-05-08T20:58:48.495+0000] {logging_mixin.py:190} INFO - [2026-05-08T20:58:48.494+0000] {dagbag.py:588} INFO - Filling up the DagBag from /home/airflow/.local/lib/python3.12/site-packages/airflow/example_dags/example_bash_operator.py
[2026-05-08T20:58:48.505+0000] {processor.py:925} INFO - DAG(s) 'example_bash_operator' retrieved from /home/airflow/.local/lib/python3.12/site-packages/airflow/example_dags/example_bash_operator.py
[2026-05-08T20:58:48.526+0000] {logging_mixin.py:190} INFO - [2026-05-08T20:58:48.526+0000] {dag.py:3239} INFO - Sync 1 DAGs
[2026-05-08T20:58:48.549+0000] {logging_mixin.py:190} INFO - [2026-05-08T20:58:48.548+0000] {dag.py:4180} INFO - Setting next_dagrun for example_bash_operator to 2026-05-07 00:00:00+00:00, run_after=2026-05-08 00:00:00+00:00
[2026-05-08T20:58:48.566+0000] {processor.py:208} INFO - Processing /home/airflow/.local/lib/python3.12/site-packages/airflow/example_dags/example_bash_operator.py took 0.078 seconds
[2026-05-08T20:59:19.575+0000] {processor.py:186} INFO - Started process (PID=3591) to work on /home/airflow/.local/lib/python3.12/site-packages/airflow/example_dags/example_bash_operator.py
[2026-05-08T20:59:19.576+0000] {processor.py:914} INFO - Processing file /home/airflow/.local/lib/python3.12/site-packages/airflow/example_dags/example_bash_operator.py for tasks to queue
[2026-05-08T20:59:19.578+0000] {logging_mixin.py:190} INFO - [2026-05-08T20:59:19.578+0000] {dagbag.py:588} INFO - Filling up the DagBag from /home/airflow/.local/lib/python3.12/site-packages/airflow/example_dags/example_bash_operator.py
[2026-05-08T20:59:19.589+0000] {processor.py:925} INFO - DAG(s) 'example_bash_operator' retrieved from /home/airflow/.local/lib/python3.12/site-packages/airflow/example_dags/example_bash_operator.py
[2026-05-08T20:59:19.610+0000] {logging_mixin.py:190} INFO - [2026-05-08T20:59:19.610+0000] {dag.py:3239} INFO - Sync 1 DAGs
[2026-05-08T20:59:19.631+0000] {logging_mixin.py:190} INFO - [2026-05-08T20:59:19.631+0000] {dag.py:4180} INFO - Setting next_dagrun for example_bash_operator to 2026-05-07 00:00:00+00:00, run_after=2026-05-08 00:00:00+00:00
[2026-05-08T20:59:19.645+0000] {processor.py:208} INFO - Processing /home/airflow/.local/lib/python3.12/site-packages/airflow/example_dags/example_bash_operator.py took 0.075 seconds
[2026-05-08T20:59:50.036+0000] {processor.py:186} INFO - Started process (PID=3655) to work on /home/airflow/.local/lib/python3.12/site-packages/airflow/example_dags/example_bash_operator.py
[2026-05-08T20:59:50.037+0000] {processor.py:914} INFO - Processing file /home/airflow/.local/lib/python3.12/site-packages/airflow/example_dags/example_bash_operator.py for tasks to queue
[2026-05-08T20:59:50.038+0000] {logging_mixin.py:190} INFO - [2026-05-08T20:59:50.038+0000] {dagbag.py:588} INFO - Filling up the DagBag from /home/airflow/.local/lib/python3.12/site-packages/airflow/example_dags/example_bash_operator.py
[2026-05-08T20:59:50.049+0000] {processor.py:925} INFO - DAG(s) 'example_bash_operator' retrieved from /home/airflow/.local/lib/python3.12/site-packages/airflow/example_dags/example_bash_operator.py
[2026-05-08T20:59:50.076+0000] {logging_mixin.py:190} INFO - [2026-05-08T20:59:50.076+0000] {dag.py:3239} INFO - Sync 1 DAGs
[2026-05-08T20:59:50.100+0000] {logging_mixin.py:190} INFO - [2026-05-08T20:59:50.100+0000] {dag.py:4180} INFO - Setting next_dagrun for example_bash_operator to 2026-05-07 00:00:00+00:00, run_after=2026-05-08 00:00:00+00:00
[2026-05-08T20:59:50.114+0000] {processor.py:208} INFO - Processing /home/airflow/.local/lib/python3.12/site-packages/airflow/example_dags/example_bash_operator.py took 0.084 seconds
[2026-05-08T21:00:21.621+0000] {processor.py:186} INFO - Started process (PID=3720) to work on /home/airflow/.local/lib/python3.12/site-packages/airflow/example_dags/example_bash_operator.py
[2026-05-08T21:00:21.622+0000] {processor.py:914} INFO - Processing file /home/airflow/.local/lib/python3.12/site-packages/airflow/example_dags/example_bash_operator.py for tasks to queue
[2026-05-08T21:00:21.623+0000] {logging_mixin.py:190} INFO - [2026-05-08T21:00:21.623+0000] {dagbag.py:588} INFO - Filling up the DagBag from /home/airflow/.local/lib/python3.12/site-packages/airflow/example_dags/example_bash_operator.py
[2026-05-08T21:00:21.634+0000] {processor.py:925} INFO - DAG(s) 'example_bash_operator' retrieved from /home/airflow/.local/lib/python3.12/site-packages/airflow/example_dags/example_bash_operator.py
[2026-05-08T21:00:21.662+0000] {logging_mixin.py:190} INFO - [2026-05-08T21:00:21.662+0000] {dag.py:3239} INFO - Sync 1 DAGs
[2026-05-08T21:00:21.689+0000] {logging_mixin.py:190} INFO - [2026-05-08T21:00:21.689+0000] {dag.py:4180} INFO - Setting next_dagrun for example_bash_operator to 2026-05-07 00:00:00+00:00, run_after=2026-05-08 00:00:00+00:00
[2026-05-08T21:00:21.706+0000] {processor.py:208} INFO - Processing /home/airflow/.local/lib/python3.12/site-packages/airflow/example_dags/example_bash_operator.py took 0.090 seconds
[2026-05-08T21:00:53.153+0000] {processor.py:186} INFO - Started process (PID=3784) to work on /home/airflow/.local/lib/python3.12/site-packages/airflow/example_dags/example_bash_operator.py
[2026-05-08T21:00:53.154+0000] {processor.py:914} INFO - Processing file /home/airflow/.local/lib/python3.12/site-packages/airflow/example_dags/example_bash_operator.py for tasks to queue
[2026-05-08T21:00:53.155+0000] {logging_mixin.py:190} INFO - [2026-05-08T21:00:53.155+0000] {dagbag.py:588} INFO - Filling up the DagBag from /home/airflow/.local/lib/python3.12/site-packages/airflow/example_dags/example_bash_operator.py
[2026-05-08T21:00:53.166+0000] {processor.py:925} INFO - DAG(s) 'example_bash_operator' retrieved from /home/airflow/.local/lib/python3.12/site-packages/airflow/example_dags/example_bash_operator.py
[2026-05-08T21:00:53.189+0000] {logging_mixin.py:190} INFO - [2026-05-08T21:00:53.189+0000] {dag.py:3239} INFO - Sync 1 DAGs
[2026-05-08T21:00:53.212+0000] {logging_mixin.py:190} INFO - [2026-05-08T21:00:53.212+0000] {dag.py:4180} INFO - Setting next_dagrun for example_bash_operator to 2026-05-07 00:00:00+00:00, run_after=2026-05-08 00:00:00+00:00
[2026-05-08T21:00:53.410+0000] {processor.py:208} INFO - Processing /home/airflow/.local/lib/python3.12/site-packages/airflow/example_dags/example_bash_operator.py took 0.261 seconds
[2026-05-08T21:01:24.710+0000] {processor.py:186} INFO - Started process (PID=3848) to work on /home/airflow/.local/lib/python3.12/site-packages/airflow/example_dags/example_bash_operator.py
[2026-05-08T21:01:24.711+0000] {processor.py:914} INFO - Processing file /home/airflow/.local/lib/python3.12/site-packages/airflow/example_dags/example_bash_operator.py for tasks to queue
[2026-05-08T21:01:24.713+0000] {logging_mixin.py:190} INFO - [2026-05-08T21:01:24.712+0000] {dagbag.py:588} INFO - Filling up the DagBag from /home/airflow/.local/lib/python3.12/site-packages/airflow/example_dags/example_bash_operator.py
[2026-05-08T21:01:24.728+0000] {processor.py:925} INFO - DAG(s) 'example_bash_operator' retrieved from /home/airflow/.local/lib/python3.12/site-packages/airflow/example_dags/example_bash_operator.py
[2026-05-08T21:01:24.763+0000] {logging_mixin.py:190} INFO - [2026-05-08T21:01:24.763+0000] {dag.py:3239} INFO - Sync 1 DAGs
[2026-05-08T21:01:24.788+0000] {logging_mixin.py:190} INFO - [2026-05-08T21:01:24.788+0000] {dag.py:4180} INFO - Setting next_dagrun for example_bash_operator to 2026-05-07 00:00:00+00:00, run_after=2026-05-08 00:00:00+00:00
[2026-05-08T21:01:24.805+0000] {processor.py:208} INFO - Processing /home/airflow/.local/lib/python3.12/site-packages/airflow/example_dags/example_bash_operator.py took 0.100 seconds
[2026-05-08T21:01:55.752+0000] {processor.py:186} INFO - Started process (PID=3912) to work on /home/airflow/.local/lib/python3.12/site-packages/airflow/example_dags/example_bash_operator.py
[2026-05-08T21:01:55.753+0000] {processor.py:914} INFO - Processing file /home/airflow/.local/lib/python3.12/site-packages/airflow/example_dags/example_bash_operator.py for tasks to queue
[2026-05-08T21:01:55.755+0000] {logging_mixin.py:190} INFO - [2026-05-08T21:01:55.755+0000] {dagbag.py:588} INFO - Filling up the DagBag from /home/airflow/.local/lib/python3.12/site-packages/airflow/example_dags/example_bash_operator.py
[2026-05-08T21:01:55.766+0000] {processor.py:925} INFO - DAG(s) 'example_bash_operator' retrieved from /home/airflow/.local/lib/python3.12/site-packages/airflow/example_dags/example_bash_operator.py
[2026-05-08T21:01:55.787+0000] {logging_mixin.py:190} INFO - [2026-05-08T21:01:55.786+0000] {dag.py:3239} INFO - Sync 1 DAGs
[2026-05-08T21:01:55.808+0000] {logging_mixin.py:190} INFO - [2026-05-08T21:01:55.808+0000] {dag.py:4180} INFO - Setting next_dagrun for example_bash_operator to 2026-05-07 00:00:00+00:00, run_after=2026-05-08 00:00:00+00:00
[2026-05-08T21:01:55.974+0000] {processor.py:208} INFO - Processing /home/airflow/.local/lib/python3.12/site-packages/airflow/example_dags/example_bash_operator.py took 0.227 seconds
[2026-05-08T21:02:26.492+0000] {processor.py:186} INFO - Started process (PID=3976) to work on /home/airflow/.local/lib/python3.12/site-packages/airflow/example_dags/example_bash_operator.py
[2026-05-08T21:02:26.493+0000] {processor.py:914} INFO - Processing file /home/airflow/.local/lib/python3.12/site-packages/airflow/example_dags/example_bash_operator.py for tasks to queue
[2026-05-08T21:02:26.494+0000] {logging_mixin.py:190} INFO - [2026-05-08T21:02:26.494+0000] {dagbag.py:588} INFO - Filling up the DagBag from /home/airflow/.local/lib/python3.12/site-packages/airflow/example_dags/example_bash_operator.py
[2026-05-08T21:02:26.505+0000] {processor.py:925} INFO - DAG(s) 'example_bash_operator' retrieved from /home/airflow/.local/lib/python3.12/site-packages/airflow/example_dags/example_bash_operator.py
[2026-05-08T21:02:26.532+0000] {logging_mixin.py:190} INFO - [2026-05-08T21:02:26.532+0000] {dag.py:3239} INFO - Sync 1 DAGs
[2026-05-08T21:02:26.553+0000] {logging_mixin.py:190} INFO - [2026-05-08T21:02:26.553+0000] {dag.py:4180} INFO - Setting next_dagrun for example_bash_operator to 2026-05-07 00:00:00+00:00, run_after=2026-05-08 00:00:00+00:00
[2026-05-08T21:02:26.717+0000] {processor.py:208} INFO - Processing /home/airflow/.local/lib/python3.12/site-packages/airflow/example_dags/example_bash_operator.py took 0.230 seconds
[2026-05-08T21:02:56.917+0000] {processor.py:186} INFO - Started process (PID=4040) to work on /home/airflow/.local/lib/python3.12/site-packages/airflow/example_dags/example_bash_operator.py
[2026-05-08T21:02:56.918+0000] {processor.py:914} INFO - Processing file /home/airflow/.local/lib/python3.12/site-packages/airflow/example_dags/example_bash_operator.py for tasks to queue
[2026-05-08T21:02:56.920+0000] {logging_mixin.py:190} INFO - [2026-05-08T21:02:56.919+0000] {dagbag.py:588} INFO - Filling up the DagBag from /home/airflow/.local/lib/python3.12/site-packages/airflow/example_dags/example_bash_operator.py
[2026-05-08T21:02:56.930+0000] {processor.py:925} INFO - DAG(s) 'example_bash_operator' retrieved from /home/airflow/.local/lib/python3.12/site-packages/airflow/example_dags/example_bash_operator.py
[2026-05-08T21:02:56.952+0000] {logging_mixin.py:190} INFO - [2026-05-08T21:02:56.952+0000] {dag.py:3239} INFO - Sync 1 DAGs
[2026-05-08T21:02:56.970+0000] {logging_mixin.py:190} INFO - [2026-05-08T21:02:56.970+0000] {dag.py:4180} INFO - Setting next_dagrun for example_bash_operator to 2026-05-07 00:00:00+00:00, run_after=2026-05-08 00:00:00+00:00
[2026-05-08T21:02:57.120+0000] {processor.py:208} INFO - Processing /home/airflow/.local/lib/python3.12/site-packages/airflow/example_dags/example_bash_operator.py took 0.207 seconds
[2026-05-08T21:03:28.523+0000] {processor.py:186} INFO - Started process (PID=4104) to work on /home/airflow/.local/lib/python3.12/site-packages/airflow/example_dags/example_bash_operator.py
[2026-05-08T21:03:28.523+0000] {processor.py:914} INFO - Processing file /home/airflow/.local/lib/python3.12/site-packages/airflow/example_dags/example_bash_operator.py for tasks to queue
[2026-05-08T21:03:28.525+0000] {logging_mixin.py:190} INFO - [2026-05-08T21:03:28.525+0000] {dagbag.py:588} INFO - Filling up the DagBag from /home/airflow/.local/lib/python3.12/site-packages/airflow/example_dags/example_bash_operator.py
[2026-05-08T21:03:28.538+0000] {processor.py:925} INFO - DAG(s) 'example_bash_operator' retrieved from /home/airflow/.local/lib/python3.12/site-packages/airflow/example_dags/example_bash_operator.py
[2026-05-08T21:03:28.558+0000] {logging_mixin.py:190} INFO - [2026-05-08T21:03:28.558+0000] {dag.py:3239} INFO - Sync 1 DAGs
[2026-05-08T21:03:28.578+0000] {logging_mixin.py:190} INFO - [2026-05-08T21:03:28.578+0000] {dag.py:4180} INFO - Setting next_dagrun for example_bash_operator to 2026-05-07 00:00:00+00:00, run_after=2026-05-08 00:00:00+00:00
[2026-05-08T21:03:28.593+0000] {processor.py:208} INFO - Processing /home/airflow/.local/lib/python3.12/site-packages/airflow/example_dags/example_bash_operator.py took 0.074 seconds
[2026-05-08T21:04:02.563+0000] {processor.py:186} INFO - Started process (PID=4170) to work on /home/airflow/.local/lib/python3.12/site-packages/airflow/example_dags/example_bash_operator.py
[2026-05-08T21:04:02.563+0000] {processor.py:914} INFO - Processing file /home/airflow/.local/lib/python3.12/site-packages/airflow/example_dags/example_bash_operator.py for tasks to queue
[2026-05-08T21:04:02.565+0000] {logging_mixin.py:190} INFO - [2026-05-08T21:04:02.565+0000] {dagbag.py:588} INFO - Filling up the DagBag from /home/airflow/.local/lib/python3.12/site-packages/airflow/example_dags/example_bash_operator.py
[2026-05-08T21:04:02.577+0000] {processor.py:925} INFO - DAG(s) 'example_bash_operator' retrieved from /home/airflow/.local/lib/python3.12/site-packages/airflow/example_dags/example_bash_operator.py
[2026-05-08T21:04:02.600+0000] {logging_mixin.py:190} INFO - [2026-05-08T21:04:02.600+0000] {dag.py:3239} INFO - Sync 1 DAGs
[2026-05-08T21:04:02.621+0000] {logging_mixin.py:190} INFO - [2026-05-08T21:04:02.621+0000] {dag.py:4180} INFO - Setting next_dagrun for example_bash_operator to 2026-05-07 00:00:00+00:00, run_after=2026-05-08 00:00:00+00:00
[2026-05-08T21:04:02.638+0000] {processor.py:208} INFO - Processing /home/airflow/.local/lib/python3.12/site-packages/airflow/example_dags/example_bash_operator.py took 0.080 seconds
[2026-05-08T21:04:33.147+0000] {processor.py:186} INFO - Started process (PID=4234) to work on /home/airflow/.local/lib/python3.12/site-packages/airflow/example_dags/example_bash_operator.py
[2026-05-08T21:04:33.147+0000] {processor.py:914} INFO - Processing file /home/airflow/.local/lib/python3.12/site-packages/airflow/example_dags/example_bash_operator.py for tasks to queue
[2026-05-08T21:04:33.150+0000] {logging_mixin.py:190} INFO - [2026-05-08T21:04:33.150+0000] {dagbag.py:588} INFO - Filling up the DagBag from /home/airflow/.local/lib/python3.12/site-packages/airflow/example_dags/example_bash_operator.py
[2026-05-08T21:04:33.171+0000] {processor.py:925} INFO - DAG(s) 'example_bash_operator' retrieved from /home/airflow/.local/lib/python3.12/site-packages/airflow/example_dags/example_bash_operator.py
[2026-05-08T21:04:33.206+0000] {logging_mixin.py:190} INFO - [2026-05-08T21:04:33.205+0000] {dag.py:3239} INFO - Sync 1 DAGs
[2026-05-08T21:04:33.226+0000] {logging_mixin.py:190} INFO - [2026-05-08T21:04:33.225+0000] {dag.py:4180} INFO - Setting next_dagrun for example_bash_operator to 2026-05-07 00:00:00+00:00, run_after=2026-05-08 00:00:00+00:00
[2026-05-08T21:04:33.242+0000] {processor.py:208} INFO - Processing /home/airflow/.local/lib/python3.12/site-packages/airflow/example_dags/example_bash_operator.py took 0.103 seconds
[2026-05-08T21:05:04.587+0000] {processor.py:186} INFO - Started process (PID=4304) to work on /home/airflow/.local/lib/python3.12/site-packages/airflow/example_dags/example_bash_operator.py
[2026-05-08T21:05:04.587+0000] {processor.py:914} INFO - Processing file /home/airflow/.local/lib/python3.12/site-packages/airflow/example_dags/example_bash_operator.py for tasks to queue
[2026-05-08T21:05:04.590+0000] {logging_mixin.py:190} INFO - [2026-05-08T21:05:04.589+0000] {dagbag.py:588} INFO - Filling up the DagBag from /home/airflow/.local/lib/python3.12/site-packages/airflow/example_dags/example_bash_operator.py
[2026-05-08T21:05:04.603+0000] {processor.py:925} INFO - DAG(s) 'example_bash_operator' retrieved from /home/airflow/.local/lib/python3.12/site-packages/airflow/example_dags/example_bash_operator.py
[2026-05-08T21:05:04.623+0000] {logging_mixin.py:190} INFO - [2026-05-08T21:05:04.623+0000] {dag.py:3239} INFO - Sync 1 DAGs
[2026-05-08T21:05:04.646+0000] {logging_mixin.py:190} INFO - [2026-05-08T21:05:04.645+0000] {dag.py:4180} INFO - Setting next_dagrun for example_bash_operator to 2026-05-07 00:00:00+00:00, run_after=2026-05-08 00:00:00+00:00
[2026-05-08T21:05:04.660+0000] {processor.py:208} INFO - Processing /home/airflow/.local/lib/python3.12/site-packages/airflow/example_dags/example_bash_operator.py took 0.079 seconds
[2026-05-08T21:05:35.309+0000] {processor.py:186} INFO - Started process (PID=4367) to work on /home/airflow/.local/lib/python3.12/site-packages/airflow/example_dags/example_bash_operator.py
[2026-05-08T21:05:35.310+0000] {processor.py:914} INFO - Processing file /home/airflow/.local/lib/python3.12/site-packages/airflow/example_dags/example_bash_operator.py for tasks to queue
[2026-05-08T21:05:35.311+0000] {logging_mixin.py:190} INFO - [2026-05-08T21:05:35.311+0000] {dagbag.py:588} INFO - Filling up the DagBag from /home/airflow/.local/lib/python3.12/site-packages/airflow/example_dags/example_bash_operator.py
[2026-05-08T21:05:35.322+0000] {processor.py:925} INFO - DAG(s) 'example_bash_operator' retrieved from /home/airflow/.local/lib/python3.12/site-packages/airflow/example_dags/example_bash_operator.py
[2026-05-08T21:05:35.351+0000] {logging_mixin.py:190} INFO - [2026-05-08T21:05:35.350+0000] {dag.py:3239} INFO - Sync 1 DAGs
[2026-05-08T21:05:35.380+0000] {logging_mixin.py:190} INFO - [2026-05-08T21:05:35.380+0000] {dag.py:4180} INFO - Setting next_dagrun for example_bash_operator to 2026-05-07 00:00:00+00:00, run_after=2026-05-08 00:00:00+00:00
[2026-05-08T21:05:35.399+0000] {processor.py:208} INFO - Processing /home/airflow/.local/lib/python3.12/site-packages/airflow/example_dags/example_bash_operator.py took 0.095 seconds
[2026-05-08T21:06:06.611+0000] {processor.py:186} INFO - Started process (PID=4432) to work on /home/airflow/.local/lib/python3.12/site-packages/airflow/example_dags/example_bash_operator.py
[2026-05-08T21:06:06.612+0000] {processor.py:914} INFO - Processing file /home/airflow/.local/lib/python3.12/site-packages/airflow/example_dags/example_bash_operator.py for tasks to queue
[2026-05-08T21:06:06.615+0000] {logging_mixin.py:190} INFO - [2026-05-08T21:06:06.614+0000] {dagbag.py:588} INFO - Filling up the DagBag from /home/airflow/.local/lib/python3.12/site-packages/airflow/example_dags/example_bash_operator.py
[2026-05-08T21:06:06.630+0000] {processor.py:925} INFO - DAG(s) 'example_bash_operator' retrieved from /home/airflow/.local/lib/python3.12/site-packages/airflow/example_dags/example_bash_operator.py
[2026-05-08T21:06:06.675+0000] {logging_mixin.py:190} INFO - [2026-05-08T21:06:06.675+0000] {dag.py:3239} INFO - Sync 1 DAGs
[2026-05-08T21:06:06.705+0000] {logging_mixin.py:190} INFO - [2026-05-08T21:06:06.705+0000] {dag.py:4180} INFO - Setting next_dagrun for example_bash_operator to 2026-05-07 00:00:00+00:00, run_after=2026-05-08 00:00:00+00:00
[2026-05-08T21:06:06.738+0000] {processor.py:208} INFO - Processing /home/airflow/.local/lib/python3.12/site-packages/airflow/example_dags/example_bash_operator.py took 0.133 seconds
[2026-05-08T21:06:37.720+0000] {processor.py:186} INFO - Started process (PID=4495) to work on /home/airflow/.local/lib/python3.12/site-packages/airflow/example_dags/example_bash_operator.py
[2026-05-08T21:06:37.720+0000] {processor.py:914} INFO - Processing file /home/airflow/.local/lib/python3.12/site-packages/airflow/example_dags/example_bash_operator.py for tasks to queue
[2026-05-08T21:06:37.723+0000] {logging_mixin.py:190} INFO - [2026-05-08T21:06:37.722+0000] {dagbag.py:588} INFO - Filling up the DagBag from /home/airflow/.local/lib/python3.12/site-packages/airflow/example_dags/example_bash_operator.py
[2026-05-08T21:06:37.738+0000] {processor.py:925} INFO - DAG(s) 'example_bash_operator' retrieved from /home/airflow/.local/lib/python3.12/site-packages/airflow/example_dags/example_bash_operator.py
[2026-05-08T21:06:37.770+0000] {logging_mixin.py:190} INFO - [2026-05-08T21:06:37.769+0000] {dag.py:3239} INFO - Sync 1 DAGs
[2026-05-08T21:06:37.807+0000] {logging_mixin.py:190} INFO - [2026-05-08T21:06:37.807+0000] {dag.py:4180} INFO - Setting next_dagrun for example_bash_operator to 2026-05-07 00:00:00+00:00, run_after=2026-05-08 00:00:00+00:00
[2026-05-08T21:06:37.827+0000] {processor.py:208} INFO - Processing /home/airflow/.local/lib/python3.12/site-packages/airflow/example_dags/example_bash_operator.py took 0.114 seconds
[2026-05-08T21:07:08.680+0000] {processor.py:186} INFO - Started process (PID=4559) to work on /home/airflow/.local/lib/python3.12/site-packages/airflow/example_dags/example_bash_operator.py
[2026-05-08T21:07:08.680+0000] {processor.py:914} INFO - Processing file /home/airflow/.local/lib/python3.12/site-packages/airflow/example_dags/example_bash_operator.py for tasks to queue
[2026-05-08T21:07:08.682+0000] {logging_mixin.py:190} INFO - [2026-05-08T21:07:08.682+0000] {dagbag.py:588} INFO - Filling up the DagBag from /home/airflow/.local/lib/python3.12/site-packages/airflow/example_dags/example_bash_operator.py
[2026-05-08T21:07:08.692+0000] {processor.py:925} INFO - DAG(s) 'example_bash_operator' retrieved from /home/airflow/.local/lib/python3.12/site-packages/airflow/example_dags/example_bash_operator.py
[2026-05-08T21:07:08.713+0000] {logging_mixin.py:190} INFO - [2026-05-08T21:07:08.713+0000] {dag.py:3239} INFO - Sync 1 DAGs
[2026-05-08T21:07:08.737+0000] {logging_mixin.py:190} INFO - [2026-05-08T21:07:08.737+0000] {dag.py:4180} INFO - Setting next_dagrun for example_bash_operator to 2026-05-07 00:00:00+00:00, run_after=2026-05-08 00:00:00+00:00
[2026-05-08T21:07:08.752+0000] {processor.py:208} INFO - Processing /home/airflow/.local/lib/python3.12/site-packages/airflow/example_dags/example_bash_operator.py took 0.076 seconds
[2026-05-08T21:07:39.760+0000] {processor.py:186} INFO - Started process (PID=4623) to work on /home/airflow/.local/lib/python3.12/site-packages/airflow/example_dags/example_bash_operator.py
[2026-05-08T21:07:39.761+0000] {processor.py:914} INFO - Processing file /home/airflow/.local/lib/python3.12/site-packages/airflow/example_dags/example_bash_operator.py for tasks to queue
[2026-05-08T21:07:39.763+0000] {logging_mixin.py:190} INFO - [2026-05-08T21:07:39.762+0000] {dagbag.py:588} INFO - Filling up the DagBag from /home/airflow/.local/lib/python3.12/site-packages/airflow/example_dags/example_bash_operator.py
[2026-05-08T21:07:39.775+0000] {processor.py:925} INFO - DAG(s) 'example_bash_operator' retrieved from /home/airflow/.local/lib/python3.12/site-packages/airflow/example_dags/example_bash_operator.py
[2026-05-08T21:07:39.801+0000] {logging_mixin.py:190} INFO - [2026-05-08T21:07:39.801+0000] {dag.py:3239} INFO - Sync 1 DAGs
[2026-05-08T21:07:39.824+0000] {logging_mixin.py:190} INFO - [2026-05-08T21:07:39.824+0000] {dag.py:4180} INFO - Setting next_dagrun for example_bash_operator to 2026-05-07 00:00:00+00:00, run_after=2026-05-08 00:00:00+00:00
[2026-05-08T21:07:39.842+0000] {processor.py:208} INFO - Processing /home/airflow/.local/lib/python3.12/site-packages/airflow/example_dags/example_bash_operator.py took 0.087 seconds
[2026-05-08T21:08:10.665+0000] {processor.py:186} INFO - Started process (PID=4687) to work on /home/airflow/.local/lib/python3.12/site-packages/airflow/example_dags/example_bash_operator.py
[2026-05-08T21:08:10.665+0000] {processor.py:914} INFO - Processing file /home/airflow/.local/lib/python3.12/site-packages/airflow/example_dags/example_bash_operator.py for tasks to queue
[2026-05-08T21:08:10.667+0000] {logging_mixin.py:190} INFO - [2026-05-08T21:08:10.667+0000] {dagbag.py:588} INFO - Filling up the DagBag from /home/airflow/.local/lib/python3.12/site-packages/airflow/example_dags/example_bash_operator.py
[2026-05-08T21:08:10.678+0000] {processor.py:925} INFO - DAG(s) 'example_bash_operator' retrieved from /home/airflow/.local/lib/python3.12/site-packages/airflow/example_dags/example_bash_operator.py
[2026-05-08T21:08:10.710+0000] {logging_mixin.py:190} INFO - [2026-05-08T21:08:10.710+0000] {dag.py:3239} INFO - Sync 1 DAGs
[2026-05-08T21:08:10.734+0000] {logging_mixin.py:190} INFO - [2026-05-08T21:08:10.734+0000] {dag.py:4180} INFO - Setting next_dagrun for example_bash_operator to 2026-05-07 00:00:00+00:00, run_after=2026-05-08 00:00:00+00:00
[2026-05-08T21:08:10.747+0000] {processor.py:208} INFO - Processing /home/airflow/.local/lib/python3.12/site-packages/airflow/example_dags/example_bash_operator.py took 0.087 seconds
[2026-05-08T21:08:41.574+0000] {processor.py:186} INFO - Started process (PID=4751) to work on /home/airflow/.local/lib/python3.12/site-packages/airflow/example_dags/example_bash_operator.py
[2026-05-08T21:08:41.575+0000] {processor.py:914} INFO - Processing file /home/airflow/.local/lib/python3.12/site-packages/airflow/example_dags/example_bash_operator.py for tasks to queue
[2026-05-08T21:08:41.576+0000] {logging_mixin.py:190} INFO - [2026-05-08T21:08:41.576+0000] {dagbag.py:588} INFO - Filling up the DagBag from /home/airflow/.local/lib/python3.12/site-packages/airflow/example_dags/example_bash_operator.py
[2026-05-08T21:08:41.588+0000] {processor.py:925} INFO - DAG(s) 'example_bash_operator' retrieved from /home/airflow/.local/lib/python3.12/site-packages/airflow/example_dags/example_bash_operator.py
[2026-05-08T21:08:41.619+0000] {logging_mixin.py:190} INFO - [2026-05-08T21:08:41.619+0000] {dag.py:3239} INFO - Sync 1 DAGs
[2026-05-08T21:08:41.639+0000] {logging_mixin.py:190} INFO - [2026-05-08T21:08:41.639+0000] {dag.py:4180} INFO - Setting next_dagrun for example_bash_operator to 2026-05-07 00:00:00+00:00, run_after=2026-05-08 00:00:00+00:00
[2026-05-08T21:08:41.656+0000] {processor.py:208} INFO - Processing /home/airflow/.local/lib/python3.12/site-packages/airflow/example_dags/example_bash_operator.py took 0.086 seconds
[2026-05-08T21:09:12.151+0000] {processor.py:186} INFO - Started process (PID=4815) to work on /home/airflow/.local/lib/python3.12/site-packages/airflow/example_dags/example_bash_operator.py
[2026-05-08T21:09:12.152+0000] {processor.py:914} INFO - Processing file /home/airflow/.local/lib/python3.12/site-packages/airflow/example_dags/example_bash_operator.py for tasks to queue
[2026-05-08T21:09:12.153+0000] {logging_mixin.py:190} INFO - [2026-05-08T21:09:12.153+0000] {dagbag.py:588} INFO - Filling up the DagBag from /home/airflow/.local/lib/python3.12/site-packages/airflow/example_dags/example_bash_operator.py
[2026-05-08T21:09:12.164+0000] {processor.py:925} INFO - DAG(s) 'example_bash_operator' retrieved from /home/airflow/.local/lib/python3.12/site-packages/airflow/example_dags/example_bash_operator.py
[2026-05-08T21:09:12.189+0000] {logging_mixin.py:190} INFO - [2026-05-08T21:09:12.189+0000] {dag.py:3239} INFO - Sync 1 DAGs
[2026-05-08T21:09:12.212+0000] {logging_mixin.py:190} INFO - [2026-05-08T21:09:12.211+0000] {dag.py:4180} INFO - Setting next_dagrun for example_bash_operator to 2026-05-07 00:00:00+00:00, run_after=2026-05-08 00:00:00+00:00
[2026-05-08T21:09:12.225+0000] {processor.py:208} INFO - Processing /home/airflow/.local/lib/python3.12/site-packages/airflow/example_dags/example_bash_operator.py took 0.079 seconds
[2026-05-08T21:09:42.986+0000] {processor.py:186} INFO - Started process (PID=4879) to work on /home/airflow/.local/lib/python3.12/site-packages/airflow/example_dags/example_bash_operator.py
[2026-05-08T21:09:42.987+0000] {processor.py:914} INFO - Processing file /home/airflow/.local/lib/python3.12/site-packages/airflow/example_dags/example_bash_operator.py for tasks to queue
[2026-05-08T21:09:42.989+0000] {logging_mixin.py:190} INFO - [2026-05-08T21:09:42.988+0000] {dagbag.py:588} INFO - Filling up the DagBag from /home/airflow/.local/lib/python3.12/site-packages/airflow/example_dags/example_bash_operator.py
[2026-05-08T21:09:42.999+0000] {processor.py:925} INFO - DAG(s) 'example_bash_operator' retrieved from /home/airflow/.local/lib/python3.12/site-packages/airflow/example_dags/example_bash_operator.py
[2026-05-08T21:09:43.025+0000] {logging_mixin.py:190} INFO - [2026-05-08T21:09:43.025+0000] {dag.py:3239} INFO - Sync 1 DAGs
[2026-05-08T21:09:43.044+0000] {logging_mixin.py:190} INFO - [2026-05-08T21:09:43.044+0000] {dag.py:4180} INFO - Setting next_dagrun for example_bash_operator to 2026-05-07 00:00:00+00:00, run_after=2026-05-08 00:00:00+00:00
[2026-05-08T21:09:43.060+0000] {processor.py:208} INFO - Processing /home/airflow/.local/lib/python3.12/site-packages/airflow/example_dags/example_bash_operator.py took 0.078 seconds
[2026-05-08T21:10:14.330+0000] {processor.py:186} INFO - Started process (PID=4942) to work on /home/airflow/.local/lib/python3.12/site-packages/airflow/example_dags/example_bash_operator.py
[2026-05-08T21:10:14.331+0000] {processor.py:914} INFO - Processing file /home/airflow/.local/lib/python3.12/site-packages/airflow/example_dags/example_bash_operator.py for tasks to queue
[2026-05-08T21:10:14.332+0000] {logging_mixin.py:190} INFO - [2026-05-08T21:10:14.332+0000] {dagbag.py:588} INFO - Filling up the DagBag from /home/airflow/.local/lib/python3.12/site-packages/airflow/example_dags/example_bash_operator.py
[2026-05-08T21:10:14.342+0000] {processor.py:925} INFO - DAG(s) 'example_bash_operator' retrieved from /home/airflow/.local/lib/python3.12/site-packages/airflow/example_dags/example_bash_operator.py
[2026-05-08T21:10:14.364+0000] {logging_mixin.py:190} INFO - [2026-05-08T21:10:14.364+0000] {dag.py:3239} INFO - Sync 1 DAGs
[2026-05-08T21:10:14.383+0000] {logging_mixin.py:190} INFO - [2026-05-08T21:10:14.383+0000] {dag.py:4180} INFO - Setting next_dagrun for example_bash_operator to 2026-05-07 00:00:00+00:00, run_after=2026-05-08 00:00:00+00:00
[2026-05-08T21:10:14.396+0000] {processor.py:208} INFO - Processing /home/airflow/.local/lib/python3.12/site-packages/airflow/example_dags/example_bash_operator.py took 0.070 seconds
[2026-05-08T21:10:45.474+0000] {processor.py:186} INFO - Started process (PID=5006) to work on /home/airflow/.local/lib/python3.12/site-packages/airflow/example_dags/example_bash_operator.py
[2026-05-08T21:10:45.475+0000] {processor.py:914} INFO - Processing file /home/airflow/.local/lib/python3.12/site-packages/airflow/example_dags/example_bash_operator.py for tasks to queue
[2026-05-08T21:10:45.477+0000] {logging_mixin.py:190} INFO - [2026-05-08T21:10:45.477+0000] {dagbag.py:588} INFO - Filling up the DagBag from /home/airflow/.local/lib/python3.12/site-packages/airflow/example_dags/example_bash_operator.py
[2026-05-08T21:10:45.490+0000] {processor.py:925} INFO - DAG(s) 'example_bash_operator' retrieved from /home/airflow/.local/lib/python3.12/site-packages/airflow/example_dags/example_bash_operator.py
[2026-05-08T21:10:45.512+0000] {logging_mixin.py:190} INFO - [2026-05-08T21:10:45.511+0000] {dag.py:3239} INFO - Sync 1 DAGs
[2026-05-08T21:10:45.533+0000] {logging_mixin.py:190} INFO - [2026-05-08T21:10:45.532+0000] {dag.py:4180} INFO - Setting next_dagrun for example_bash_operator to 2026-05-07 00:00:00+00:00, run_after=2026-05-08 00:00:00+00:00
[2026-05-08T21:10:45.547+0000] {processor.py:208} INFO - Processing /home/airflow/.local/lib/python3.12/site-packages/airflow/example_dags/example_bash_operator.py took 0.079 seconds
[2026-05-08T21:11:16.616+0000] {processor.py:186} INFO - Started process (PID=5070) to work on /home/airflow/.local/lib/python3.12/site-packages/airflow/example_dags/example_bash_operator.py
[2026-05-08T21:11:16.617+0000] {processor.py:914} INFO - Processing file /home/airflow/.local/lib/python3.12/site-packages/airflow/example_dags/example_bash_operator.py for tasks to queue
[2026-05-08T21:11:16.619+0000] {logging_mixin.py:190} INFO - [2026-05-08T21:11:16.618+0000] {dagbag.py:588} INFO - Filling up the DagBag from /home/airflow/.local/lib/python3.12/site-packages/airflow/example_dags/example_bash_operator.py
[2026-05-08T21:11:16.631+0000] {processor.py:925} INFO - DAG(s) 'example_bash_operator' retrieved from /home/airflow/.local/lib/python3.12/site-packages/airflow/example_dags/example_bash_operator.py
[2026-05-08T21:11:16.652+0000] {logging_mixin.py:190} INFO - [2026-05-08T21:11:16.652+0000] {dag.py:3239} INFO - Sync 1 DAGs
[2026-05-08T21:11:16.670+0000] {logging_mixin.py:190} INFO - [2026-05-08T21:11:16.670+0000] {dag.py:4180} INFO - Setting next_dagrun for example_bash_operator to 2026-05-07 00:00:00+00:00, run_after=2026-05-08 00:00:00+00:00
[2026-05-08T21:11:16.683+0000] {processor.py:208} INFO - Processing /home/airflow/.local/lib/python3.12/site-packages/airflow/example_dags/example_bash_operator.py took 0.071 seconds
[2026-05-08T21:11:47.600+0000] {processor.py:186} INFO - Started process (PID=5135) to work on /home/airflow/.local/lib/python3.12/site-packages/airflow/example_dags/example_bash_operator.py
[2026-05-08T21:11:47.600+0000] {processor.py:914} INFO - Processing file /home/airflow/.local/lib/python3.12/site-packages/airflow/example_dags/example_bash_operator.py for tasks to queue
[2026-05-08T21:11:47.602+0000] {logging_mixin.py:190} INFO - [2026-05-08T21:11:47.602+0000] {dagbag.py:588} INFO - Filling up the DagBag from /home/airflow/.local/lib/python3.12/site-packages/airflow/example_dags/example_bash_operator.py
[2026-05-08T21:11:47.612+0000] {processor.py:925} INFO - DAG(s) 'example_bash_operator' retrieved from /home/airflow/.local/lib/python3.12/site-packages/airflow/example_dags/example_bash_operator.py
[2026-05-08T21:11:47.641+0000] {logging_mixin.py:190} INFO - [2026-05-08T21:11:47.640+0000] {dag.py:3239} INFO - Sync 1 DAGs
[2026-05-08T21:11:47.663+0000] {logging_mixin.py:190} INFO - [2026-05-08T21:11:47.663+0000] {dag.py:4180} INFO - Setting next_dagrun for example_bash_operator to 2026-05-07 00:00:00+00:00, run_after=2026-05-08 00:00:00+00:00
[2026-05-08T21:11:47.677+0000] {processor.py:208} INFO - Processing /home/airflow/.local/lib/python3.12/site-packages/airflow/example_dags/example_bash_operator.py took 0.082 seconds
[2026-05-08T21:12:18.697+0000] {processor.py:186} INFO - Started process (PID=5199) to work on /home/airflow/.local/lib/python3.12/site-packages/airflow/example_dags/example_bash_operator.py
[2026-05-08T21:12:18.698+0000] {processor.py:914} INFO - Processing file /home/airflow/.local/lib/python3.12/site-packages/airflow/example_dags/example_bash_operator.py for tasks to queue
[2026-05-08T21:12:18.699+0000] {logging_mixin.py:190} INFO - [2026-05-08T21:12:18.699+0000] {dagbag.py:588} INFO - Filling up the DagBag from /home/airflow/.local/lib/python3.12/site-packages/airflow/example_dags/example_bash_operator.py
[2026-05-08T21:12:18.710+0000] {processor.py:925} INFO - DAG(s) 'example_bash_operator' retrieved from /home/airflow/.local/lib/python3.12/site-packages/airflow/example_dags/example_bash_operator.py
[2026-05-08T21:12:18.731+0000] {logging_mixin.py:190} INFO - [2026-05-08T21:12:18.731+0000] {dag.py:3239} INFO - Sync 1 DAGs
[2026-05-08T21:12:18.751+0000] {logging_mixin.py:190} INFO - [2026-05-08T21:12:18.750+0000] {dag.py:4180} INFO - Setting next_dagrun for example_bash_operator to 2026-05-07 00:00:00+00:00, run_after=2026-05-08 00:00:00+00:00
[2026-05-08T21:12:18.764+0000] {processor.py:208} INFO - Processing /home/airflow/.local/lib/python3.12/site-packages/airflow/example_dags/example_bash_operator.py took 0.072 seconds
[2026-05-08T21:12:49.829+0000] {processor.py:186} INFO - Started process (PID=5263) to work on /home/airflow/.local/lib/python3.12/site-packages/airflow/example_dags/example_bash_operator.py
[2026-05-08T21:12:49.830+0000] {processor.py:914} INFO - Processing file /home/airflow/.local/lib/python3.12/site-packages/airflow/example_dags/example_bash_operator.py for tasks to queue
[2026-05-08T21:12:49.831+0000] {logging_mixin.py:190} INFO - [2026-05-08T21:12:49.831+0000] {dagbag.py:588} INFO - Filling up the DagBag from /home/airflow/.local/lib/python3.12/site-packages/airflow/example_dags/example_bash_operator.py
[2026-05-08T21:12:49.842+0000] {processor.py:925} INFO - DAG(s) 'example_bash_operator' retrieved from /home/airflow/.local/lib/python3.12/site-packages/airflow/example_dags/example_bash_operator.py
[2026-05-08T21:12:49.864+0000] {logging_mixin.py:190} INFO - [2026-05-08T21:12:49.864+0000] {dag.py:3239} INFO - Sync 1 DAGs
[2026-05-08T21:12:49.885+0000] {logging_mixin.py:190} INFO - [2026-05-08T21:12:49.884+0000] {dag.py:4180} INFO - Setting next_dagrun for example_bash_operator to 2026-05-07 00:00:00+00:00, run_after=2026-05-08 00:00:00+00:00
[2026-05-08T21:12:49.898+0000] {processor.py:208} INFO - Processing /home/airflow/.local/lib/python3.12/site-packages/airflow/example_dags/example_bash_operator.py took 0.073 seconds
[2026-05-08T21:13:21.006+0000] {processor.py:186} INFO - Started process (PID=5328) to work on /home/airflow/.local/lib/python3.12/site-packages/airflow/example_dags/example_bash_operator.py
[2026-05-08T21:13:21.007+0000] {processor.py:914} INFO - Processing file /home/airflow/.local/lib/python3.12/site-packages/airflow/example_dags/example_bash_operator.py for tasks to queue
[2026-05-08T21:13:21.008+0000] {logging_mixin.py:190} INFO - [2026-05-08T21:13:21.008+0000] {dagbag.py:588} INFO - Filling up the DagBag from /home/airflow/.local/lib/python3.12/site-packages/airflow/example_dags/example_bash_operator.py
[2026-05-08T21:13:21.019+0000] {processor.py:925} INFO - DAG(s) 'example_bash_operator' retrieved from /home/airflow/.local/lib/python3.12/site-packages/airflow/example_dags/example_bash_operator.py
[2026-05-08T21:13:21.049+0000] {logging_mixin.py:190} INFO - [2026-05-08T21:13:21.048+0000] {dag.py:3239} INFO - Sync 1 DAGs
[2026-05-08T21:13:21.076+0000] {logging_mixin.py:190} INFO - [2026-05-08T21:13:21.076+0000] {dag.py:4180} INFO - Setting next_dagrun for example_bash_operator to 2026-05-07 00:00:00+00:00, run_after=2026-05-08 00:00:00+00:00
[2026-05-08T21:13:21.092+0000] {processor.py:208} INFO - Processing /home/airflow/.local/lib/python3.12/site-packages/airflow/example_dags/example_bash_operator.py took 0.091 seconds
[2026-05-08T21:13:51.614+0000] {processor.py:186} INFO - Started process (PID=5391) to work on /home/airflow/.local/lib/python3.12/site-packages/airflow/example_dags/example_bash_operator.py
[2026-05-08T21:13:51.615+0000] {processor.py:914} INFO - Processing file /home/airflow/.local/lib/python3.12/site-packages/airflow/example_dags/example_bash_operator.py for tasks to queue
[2026-05-08T21:13:51.617+0000] {logging_mixin.py:190} INFO - [2026-05-08T21:13:51.616+0000] {dagbag.py:588} INFO - Filling up the DagBag from /home/airflow/.local/lib/python3.12/site-packages/airflow/example_dags/example_bash_operator.py
[2026-05-08T21:13:51.627+0000] {processor.py:925} INFO - DAG(s) 'example_bash_operator' retrieved from /home/airflow/.local/lib/python3.12/site-packages/airflow/example_dags/example_bash_operator.py
[2026-05-08T21:13:51.650+0000] {logging_mixin.py:190} INFO - [2026-05-08T21:13:51.649+0000] {dag.py:3239} INFO - Sync 1 DAGs
[2026-05-08T21:13:51.670+0000] {logging_mixin.py:190} INFO - [2026-05-08T21:13:51.670+0000] {dag.py:4180} INFO - Setting next_dagrun for example_bash_operator to 2026-05-07 00:00:00+00:00, run_after=2026-05-08 00:00:00+00:00
[2026-05-08T21:13:51.684+0000] {processor.py:208} INFO - Processing /home/airflow/.local/lib/python3.12/site-packages/airflow/example_dags/example_bash_operator.py took 0.075 seconds
[2026-05-08T21:14:22.244+0000] {processor.py:186} INFO - Started process (PID=5455) to work on /home/airflow/.local/lib/python3.12/site-packages/airflow/example_dags/example_bash_operator.py
[2026-05-08T21:14:22.245+0000] {processor.py:914} INFO - Processing file /home/airflow/.local/lib/python3.12/site-packages/airflow/example_dags/example_bash_operator.py for tasks to queue
[2026-05-08T21:14:22.246+0000] {logging_mixin.py:190} INFO - [2026-05-08T21:14:22.246+0000] {dagbag.py:588} INFO - Filling up the DagBag from /home/airflow/.local/lib/python3.12/site-packages/airflow/example_dags/example_bash_operator.py
[2026-05-08T21:14:22.257+0000] {processor.py:925} INFO - DAG(s) 'example_bash_operator' retrieved from /home/airflow/.local/lib/python3.12/site-packages/airflow/example_dags/example_bash_operator.py
[2026-05-08T21:14:22.278+0000] {logging_mixin.py:190} INFO - [2026-05-08T21:14:22.278+0000] {dag.py:3239} INFO - Sync 1 DAGs
[2026-05-08T21:14:22.302+0000] {logging_mixin.py:190} INFO - [2026-05-08T21:14:22.302+0000] {dag.py:4180} INFO - Setting next_dagrun for example_bash_operator to 2026-05-07 00:00:00+00:00, run_after=2026-05-08 00:00:00+00:00
[2026-05-08T21:14:22.317+0000] {processor.py:208} INFO - Processing /home/airflow/.local/lib/python3.12/site-packages/airflow/example_dags/example_bash_operator.py took 0.078 seconds
[2026-05-08T21:14:52.969+0000] {processor.py:186} INFO - Started process (PID=5519) to work on /home/airflow/.local/lib/python3.12/site-packages/airflow/example_dags/example_bash_operator.py
[2026-05-08T21:14:52.970+0000] {processor.py:914} INFO - Processing file /home/airflow/.local/lib/python3.12/site-packages/airflow/example_dags/example_bash_operator.py for tasks to queue
[2026-05-08T21:14:52.972+0000] {logging_mixin.py:190} INFO - [2026-05-08T21:14:52.972+0000] {dagbag.py:588} INFO - Filling up the DagBag from /home/airflow/.local/lib/python3.12/site-packages/airflow/example_dags/example_bash_operator.py
[2026-05-08T21:14:52.986+0000] {processor.py:925} INFO - DAG(s) 'example_bash_operator' retrieved from /home/airflow/.local/lib/python3.12/site-packages/airflow/example_dags/example_bash_operator.py
[2026-05-08T21:14:53.015+0000] {logging_mixin.py:190} INFO - [2026-05-08T21:14:53.014+0000] {dag.py:3239} INFO - Sync 1 DAGs
[2026-05-08T21:14:53.043+0000] {logging_mixin.py:190} INFO - [2026-05-08T21:14:53.043+0000] {dag.py:4180} INFO - Setting next_dagrun for example_bash_operator to 2026-05-07 00:00:00+00:00, run_after=2026-05-08 00:00:00+00:00
[2026-05-08T21:14:53.060+0000] {processor.py:208} INFO - Processing /home/airflow/.local/lib/python3.12/site-packages/airflow/example_dags/example_bash_operator.py took 0.096 seconds
[2026-05-08T21:15:23.769+0000] {processor.py:186} INFO - Started process (PID=5583) to work on /home/airflow/.local/lib/python3.12/site-packages/airflow/example_dags/example_bash_operator.py
[2026-05-08T21:15:23.770+0000] {processor.py:914} INFO - Processing file /home/airflow/.local/lib/python3.12/site-packages/airflow/example_dags/example_bash_operator.py for tasks to queue
[2026-05-08T21:15:23.772+0000] {logging_mixin.py:190} INFO - [2026-05-08T21:15:23.772+0000] {dagbag.py:588} INFO - Filling up the DagBag from /home/airflow/.local/lib/python3.12/site-packages/airflow/example_dags/example_bash_operator.py
[2026-05-08T21:15:23.783+0000] {processor.py:925} INFO - DAG(s) 'example_bash_operator' retrieved from /home/airflow/.local/lib/python3.12/site-packages/airflow/example_dags/example_bash_operator.py
[2026-05-08T21:15:23.804+0000] {logging_mixin.py:190} INFO - [2026-05-08T21:15:23.804+0000] {dag.py:3239} INFO - Sync 1 DAGs
[2026-05-08T21:15:23.824+0000] {logging_mixin.py:190} INFO - [2026-05-08T21:15:23.824+0000] {dag.py:4180} INFO - Setting next_dagrun for example_bash_operator to 2026-05-07 00:00:00+00:00, run_after=2026-05-08 00:00:00+00:00
[2026-05-08T21:15:23.842+0000] {processor.py:208} INFO - Processing /home/airflow/.local/lib/python3.12/site-packages/airflow/example_dags/example_bash_operator.py took 0.079 seconds
[2026-05-08T21:15:54.507+0000] {processor.py:186} INFO - Started process (PID=5647) to work on /home/airflow/.local/lib/python3.12/site-packages/airflow/example_dags/example_bash_operator.py
[2026-05-08T21:15:54.507+0000] {processor.py:914} INFO - Processing file /home/airflow/.local/lib/python3.12/site-packages/airflow/example_dags/example_bash_operator.py for tasks to queue
[2026-05-08T21:15:54.509+0000] {logging_mixin.py:190} INFO - [2026-05-08T21:15:54.509+0000] {dagbag.py:588} INFO - Filling up the DagBag from /home/airflow/.local/lib/python3.12/site-packages/airflow/example_dags/example_bash_operator.py
[2026-05-08T21:15:54.520+0000] {processor.py:925} INFO - DAG(s) 'example_bash_operator' retrieved from /home/airflow/.local/lib/python3.12/site-packages/airflow/example_dags/example_bash_operator.py
[2026-05-08T21:15:54.543+0000] {logging_mixin.py:190} INFO - [2026-05-08T21:15:54.543+0000] {dag.py:3239} INFO - Sync 1 DAGs
[2026-05-08T21:15:54.566+0000] {logging_mixin.py:190} INFO - [2026-05-08T21:15:54.566+0000] {dag.py:4180} INFO - Setting next_dagrun for example_bash_operator to 2026-05-07 00:00:00+00:00, run_after=2026-05-08 00:00:00+00:00
[2026-05-08T21:15:54.582+0000] {processor.py:208} INFO - Processing /home/airflow/.local/lib/python3.12/site-packages/airflow/example_dags/example_bash_operator.py took 0.079 seconds
[2026-05-08T21:16:25.787+0000] {processor.py:186} INFO - Started process (PID=5711) to work on /home/airflow/.local/lib/python3.12/site-packages/airflow/example_dags/example_bash_operator.py
[2026-05-08T21:16:25.787+0000] {processor.py:914} INFO - Processing file /home/airflow/.local/lib/python3.12/site-packages/airflow/example_dags/example_bash_operator.py for tasks to queue
[2026-05-08T21:16:25.789+0000] {logging_mixin.py:190} INFO - [2026-05-08T21:16:25.789+0000] {dagbag.py:588} INFO - Filling up the DagBag from /home/airflow/.local/lib/python3.12/site-packages/airflow/example_dags/example_bash_operator.py
[2026-05-08T21:16:25.800+0000] {processor.py:925} INFO - DAG(s) 'example_bash_operator' retrieved from /home/airflow/.local/lib/python3.12/site-packages/airflow/example_dags/example_bash_operator.py
[2026-05-08T21:16:25.828+0000] {logging_mixin.py:190} INFO - [2026-05-08T21:16:25.828+0000] {dag.py:3239} INFO - Sync 1 DAGs
[2026-05-08T21:16:25.851+0000] {logging_mixin.py:190} INFO - [2026-05-08T21:16:25.851+0000] {dag.py:4180} INFO - Setting next_dagrun for example_bash_operator to 2026-05-07 00:00:00+00:00, run_after=2026-05-08 00:00:00+00:00
[2026-05-08T21:16:25.867+0000] {processor.py:208} INFO - Processing /home/airflow/.local/lib/python3.12/site-packages/airflow/example_dags/example_bash_operator.py took 0.085 seconds
[2026-05-08T21:16:57.021+0000] {processor.py:186} INFO - Started process (PID=5775) to work on /home/airflow/.local/lib/python3.12/site-packages/airflow/example_dags/example_bash_operator.py
[2026-05-08T21:16:57.022+0000] {processor.py:914} INFO - Processing file /home/airflow/.local/lib/python3.12/site-packages/airflow/example_dags/example_bash_operator.py for tasks to queue
[2026-05-08T21:16:57.024+0000] {logging_mixin.py:190} INFO - [2026-05-08T21:16:57.024+0000] {dagbag.py:588} INFO - Filling up the DagBag from /home/airflow/.local/lib/python3.12/site-packages/airflow/example_dags/example_bash_operator.py
[2026-05-08T21:16:57.035+0000] {processor.py:925} INFO - DAG(s) 'example_bash_operator' retrieved from /home/airflow/.local/lib/python3.12/site-packages/airflow/example_dags/example_bash_operator.py
[2026-05-08T21:16:57.062+0000] {logging_mixin.py:190} INFO - [2026-05-08T21:16:57.062+0000] {dag.py:3239} INFO - Sync 1 DAGs
[2026-05-08T21:16:57.086+0000] {logging_mixin.py:190} INFO - [2026-05-08T21:16:57.086+0000] {dag.py:4180} INFO - Setting next_dagrun for example_bash_operator to 2026-05-07 00:00:00+00:00, run_after=2026-05-08 00:00:00+00:00
[2026-05-08T21:16:57.100+0000] {processor.py:208} INFO - Processing /home/airflow/.local/lib/python3.12/site-packages/airflow/example_dags/example_bash_operator.py took 0.083 seconds
[2026-05-08T21:17:28.215+0000] {processor.py:186} INFO - Started process (PID=5839) to work on /home/airflow/.local/lib/python3.12/site-packages/airflow/example_dags/example_bash_operator.py
[2026-05-08T21:17:28.216+0000] {processor.py:914} INFO - Processing file /home/airflow/.local/lib/python3.12/site-packages/airflow/example_dags/example_bash_operator.py for tasks to queue
[2026-05-08T21:17:28.218+0000] {logging_mixin.py:190} INFO - [2026-05-08T21:17:28.218+0000] {dagbag.py:588} INFO - Filling up the DagBag from /home/airflow/.local/lib/python3.12/site-packages/airflow/example_dags/example_bash_operator.py
[2026-05-08T21:17:28.233+0000] {processor.py:925} INFO - DAG(s) 'example_bash_operator' retrieved from /home/airflow/.local/lib/python3.12/site-packages/airflow/example_dags/example_bash_operator.py
[2026-05-08T21:17:28.262+0000] {logging_mixin.py:190} INFO - [2026-05-08T21:17:28.262+0000] {dag.py:3239} INFO - Sync 1 DAGs
[2026-05-08T21:17:28.282+0000] {logging_mixin.py:190} INFO - [2026-05-08T21:17:28.282+0000] {dag.py:4180} INFO - Setting next_dagrun for example_bash_operator to 2026-05-07 00:00:00+00:00, run_after=2026-05-08 00:00:00+00:00
[2026-05-08T21:17:28.296+0000] {processor.py:208} INFO - Processing /home/airflow/.local/lib/python3.12/site-packages/airflow/example_dags/example_bash_operator.py took 0.086 seconds
[2026-05-08T21:17:58.926+0000] {processor.py:186} INFO - Started process (PID=5903) to work on /home/airflow/.local/lib/python3.12/site-packages/airflow/example_dags/example_bash_operator.py
[2026-05-08T21:17:58.927+0000] {processor.py:914} INFO - Processing file /home/airflow/.local/lib/python3.12/site-packages/airflow/example_dags/example_bash_operator.py for tasks to queue
[2026-05-08T21:17:58.929+0000] {logging_mixin.py:190} INFO - [2026-05-08T21:17:58.929+0000] {dagbag.py:588} INFO - Filling up the DagBag from /home/airflow/.local/lib/python3.12/site-packages/airflow/example_dags/example_bash_operator.py
[2026-05-08T21:17:58.941+0000] {processor.py:925} INFO - DAG(s) 'example_bash_operator' retrieved from /home/airflow/.local/lib/python3.12/site-packages/airflow/example_dags/example_bash_operator.py
[2026-05-08T21:17:58.962+0000] {logging_mixin.py:190} INFO - [2026-05-08T21:17:58.962+0000] {dag.py:3239} INFO - Sync 1 DAGs
[2026-05-08T21:17:58.984+0000] {logging_mixin.py:190} INFO - [2026-05-08T21:17:58.984+0000] {dag.py:4180} INFO - Setting next_dagrun for example_bash_operator to 2026-05-07 00:00:00+00:00, run_after=2026-05-08 00:00:00+00:00
[2026-05-08T21:17:59.000+0000] {processor.py:208} INFO - Processing /home/airflow/.local/lib/python3.12/site-packages/airflow/example_dags/example_bash_operator.py took 0.079 seconds
[2026-05-08T21:18:30.095+0000] {processor.py:186} INFO - Started process (PID=5967) to work on /home/airflow/.local/lib/python3.12/site-packages/airflow/example_dags/example_bash_operator.py
[2026-05-08T21:18:30.095+0000] {processor.py:914} INFO - Processing file /home/airflow/.local/lib/python3.12/site-packages/airflow/example_dags/example_bash_operator.py for tasks to queue
[2026-05-08T21:18:30.097+0000] {logging_mixin.py:190} INFO - [2026-05-08T21:18:30.097+0000] {dagbag.py:588} INFO - Filling up the DagBag from /home/airflow/.local/lib/python3.12/site-packages/airflow/example_dags/example_bash_operator.py
[2026-05-08T21:18:30.108+0000] {processor.py:925} INFO - DAG(s) 'example_bash_operator' retrieved from /home/airflow/.local/lib/python3.12/site-packages/airflow/example_dags/example_bash_operator.py
[2026-05-08T21:18:30.133+0000] {logging_mixin.py:190} INFO - [2026-05-08T21:18:30.133+0000] {dag.py:3239} INFO - Sync 1 DAGs
[2026-05-08T21:18:30.154+0000] {logging_mixin.py:190} INFO - [2026-05-08T21:18:30.154+0000] {dag.py:4180} INFO - Setting next_dagrun for example_bash_operator to 2026-05-07 00:00:00+00:00, run_after=2026-05-08 00:00:00+00:00
[2026-05-08T21:18:30.170+0000] {processor.py:208} INFO - Processing /home/airflow/.local/lib/python3.12/site-packages/airflow/example_dags/example_bash_operator.py took 0.080 seconds
[2026-05-08T21:19:00.832+0000] {processor.py:186} INFO - Started process (PID=6031) to work on /home/airflow/.local/lib/python3.12/site-packages/airflow/example_dags/example_bash_operator.py
[2026-05-08T21:19:00.832+0000] {processor.py:914} INFO - Processing file /home/airflow/.local/lib/python3.12/site-packages/airflow/example_dags/example_bash_operator.py for tasks to queue
[2026-05-08T21:19:00.834+0000] {logging_mixin.py:190} INFO - [2026-05-08T21:19:00.834+0000] {dagbag.py:588} INFO - Filling up the DagBag from /home/airflow/.local/lib/python3.12/site-packages/airflow/example_dags/example_bash_operator.py
[2026-05-08T21:19:00.845+0000] {processor.py:925} INFO - DAG(s) 'example_bash_operator' retrieved from /home/airflow/.local/lib/python3.12/site-packages/airflow/example_dags/example_bash_operator.py
[2026-05-08T21:19:00.870+0000] {logging_mixin.py:190} INFO - [2026-05-08T21:19:00.870+0000] {dag.py:3239} INFO - Sync 1 DAGs
[2026-05-08T21:19:00.890+0000] {logging_mixin.py:190} INFO - [2026-05-08T21:19:00.889+0000] {dag.py:4180} INFO - Setting next_dagrun for example_bash_operator to 2026-05-07 00:00:00+00:00, run_after=2026-05-08 00:00:00+00:00
[2026-05-08T21:19:00.903+0000] {processor.py:208} INFO - Processing /home/airflow/.local/lib/python3.12/site-packages/airflow/example_dags/example_bash_operator.py took 0.076 seconds
[2026-05-08T21:19:32.105+0000] {processor.py:186} INFO - Started process (PID=6095) to work on /home/airflow/.local/lib/python3.12/site-packages/airflow/example_dags/example_bash_operator.py
[2026-05-08T21:19:32.106+0000] {processor.py:914} INFO - Processing file /home/airflow/.local/lib/python3.12/site-packages/airflow/example_dags/example_bash_operator.py for tasks to queue
[2026-05-08T21:19:32.109+0000] {logging_mixin.py:190} INFO - [2026-05-08T21:19:32.109+0000] {dagbag.py:588} INFO - Filling up the DagBag from /home/airflow/.local/lib/python3.12/site-packages/airflow/example_dags/example_bash_operator.py
[2026-05-08T21:19:32.124+0000] {processor.py:925} INFO - DAG(s) 'example_bash_operator' retrieved from /home/airflow/.local/lib/python3.12/site-packages/airflow/example_dags/example_bash_operator.py
[2026-05-08T21:19:32.165+0000] {logging_mixin.py:190} INFO - [2026-05-08T21:19:32.164+0000] {dag.py:3239} INFO - Sync 1 DAGs
[2026-05-08T21:19:32.194+0000] {logging_mixin.py:190} INFO - [2026-05-08T21:19:32.193+0000] {dag.py:4180} INFO - Setting next_dagrun for example_bash_operator to 2026-05-07 00:00:00+00:00, run_after=2026-05-08 00:00:00+00:00
[2026-05-08T21:19:32.207+0000] {processor.py:208} INFO - Processing /home/airflow/.local/lib/python3.12/site-packages/airflow/example_dags/example_bash_operator.py took 0.109 seconds
[2026-05-08T21:20:03.245+0000] {processor.py:186} INFO - Started process (PID=6159) to work on /home/airflow/.local/lib/python3.12/site-packages/airflow/example_dags/example_bash_operator.py
[2026-05-08T21:20:03.246+0000] {processor.py:914} INFO - Processing file /home/airflow/.local/lib/python3.12/site-packages/airflow/example_dags/example_bash_operator.py for tasks to queue
[2026-05-08T21:20:03.248+0000] {logging_mixin.py:190} INFO - [2026-05-08T21:20:03.248+0000] {dagbag.py:588} INFO - Filling up the DagBag from /home/airflow/.local/lib/python3.12/site-packages/airflow/example_dags/example_bash_operator.py
[2026-05-08T21:20:03.263+0000] {processor.py:925} INFO - DAG(s) 'example_bash_operator' retrieved from /home/airflow/.local/lib/python3.12/site-packages/airflow/example_dags/example_bash_operator.py
[2026-05-08T21:20:03.295+0000] {logging_mixin.py:190} INFO - [2026-05-08T21:20:03.295+0000] {dag.py:3239} INFO - Sync 1 DAGs
[2026-05-08T21:20:03.317+0000] {logging_mixin.py:190} INFO - [2026-05-08T21:20:03.316+0000] {dag.py:4180} INFO - Setting next_dagrun for example_bash_operator to 2026-05-07 00:00:00+00:00, run_after=2026-05-08 00:00:00+00:00
[2026-05-08T21:20:03.334+0000] {processor.py:208} INFO - Processing /home/airflow/.local/lib/python3.12/site-packages/airflow/example_dags/example_bash_operator.py took 0.096 seconds
[2026-05-08T21:20:34.065+0000] {processor.py:186} INFO - Started process (PID=6223) to work on /home/airflow/.local/lib/python3.12/site-packages/airflow/example_dags/example_bash_operator.py
[2026-05-08T21:20:34.066+0000] {processor.py:914} INFO - Processing file /home/airflow/.local/lib/python3.12/site-packages/airflow/example_dags/example_bash_operator.py for tasks to queue
[2026-05-08T21:20:34.068+0000] {logging_mixin.py:190} INFO - [2026-05-08T21:20:34.067+0000] {dagbag.py:588} INFO - Filling up the DagBag from /home/airflow/.local/lib/python3.12/site-packages/airflow/example_dags/example_bash_operator.py
[2026-05-08T21:20:34.081+0000] {processor.py:925} INFO - DAG(s) 'example_bash_operator' retrieved from /home/airflow/.local/lib/python3.12/site-packages/airflow/example_dags/example_bash_operator.py
[2026-05-08T21:20:34.111+0000] {logging_mixin.py:190} INFO - [2026-05-08T21:20:34.111+0000] {dag.py:3239} INFO - Sync 1 DAGs
[2026-05-08T21:20:34.134+0000] {logging_mixin.py:190} INFO - [2026-05-08T21:20:34.134+0000] {dag.py:4180} INFO - Setting next_dagrun for example_bash_operator to 2026-05-07 00:00:00+00:00, run_after=2026-05-08 00:00:00+00:00
[2026-05-08T21:20:34.151+0000] {processor.py:208} INFO - Processing /home/airflow/.local/lib/python3.12/site-packages/airflow/example_dags/example_bash_operator.py took 0.091 seconds
[2026-05-08T21:21:04.993+0000] {processor.py:186} INFO - Started process (PID=6287) to work on /home/airflow/.local/lib/python3.12/site-packages/airflow/example_dags/example_bash_operator.py
[2026-05-08T21:21:04.994+0000] {processor.py:914} INFO - Processing file /home/airflow/.local/lib/python3.12/site-packages/airflow/example_dags/example_bash_operator.py for tasks to queue
[2026-05-08T21:21:04.996+0000] {logging_mixin.py:190} INFO - [2026-05-08T21:21:04.995+0000] {dagbag.py:588} INFO - Filling up the DagBag from /home/airflow/.local/lib/python3.12/site-packages/airflow/example_dags/example_bash_operator.py
[2026-05-08T21:21:05.008+0000] {processor.py:925} INFO - DAG(s) 'example_bash_operator' retrieved from /home/airflow/.local/lib/python3.12/site-packages/airflow/example_dags/example_bash_operator.py
[2026-05-08T21:21:05.032+0000] {logging_mixin.py:190} INFO - [2026-05-08T21:21:05.032+0000] {dag.py:3239} INFO - Sync 1 DAGs
[2026-05-08T21:21:05.063+0000] {logging_mixin.py:190} INFO - [2026-05-08T21:21:05.063+0000] {dag.py:4180} INFO - Setting next_dagrun for example_bash_operator to 2026-05-07 00:00:00+00:00, run_after=2026-05-08 00:00:00+00:00
[2026-05-08T21:21:05.083+0000] {processor.py:208} INFO - Processing /home/airflow/.local/lib/python3.12/site-packages/airflow/example_dags/example_bash_operator.py took 0.095 seconds
[2026-05-08T21:21:35.462+0000] {processor.py:186} INFO - Started process (PID=6357) to work on /home/airflow/.local/lib/python3.12/site-packages/airflow/example_dags/example_bash_operator.py
[2026-05-08T21:21:35.463+0000] {processor.py:914} INFO - Processing file /home/airflow/.local/lib/python3.12/site-packages/airflow/example_dags/example_bash_operator.py for tasks to queue
[2026-05-08T21:21:35.464+0000] {logging_mixin.py:190} INFO - [2026-05-08T21:21:35.464+0000] {dagbag.py:588} INFO - Filling up the DagBag from /home/airflow/.local/lib/python3.12/site-packages/airflow/example_dags/example_bash_operator.py
[2026-05-08T21:21:35.475+0000] {processor.py:925} INFO - DAG(s) 'example_bash_operator' retrieved from /home/airflow/.local/lib/python3.12/site-packages/airflow/example_dags/example_bash_operator.py
[2026-05-08T21:21:35.496+0000] {logging_mixin.py:190} INFO - [2026-05-08T21:21:35.496+0000] {dag.py:3239} INFO - Sync 1 DAGs
[2026-05-08T21:21:35.515+0000] {logging_mixin.py:190} INFO - [2026-05-08T21:21:35.515+0000] {dag.py:4180} INFO - Setting next_dagrun for example_bash_operator to 2026-05-07 00:00:00+00:00, run_after=2026-05-08 00:00:00+00:00
[2026-05-08T21:21:35.529+0000] {processor.py:208} INFO - Processing /home/airflow/.local/lib/python3.12/site-packages/airflow/example_dags/example_bash_operator.py took 0.072 seconds
[2026-05-08T21:22:06.271+0000] {processor.py:186} INFO - Started process (PID=6421) to work on /home/airflow/.local/lib/python3.12/site-packages/airflow/example_dags/example_bash_operator.py
[2026-05-08T21:22:06.272+0000] {processor.py:914} INFO - Processing file /home/airflow/.local/lib/python3.12/site-packages/airflow/example_dags/example_bash_operator.py for tasks to queue
[2026-05-08T21:22:06.274+0000] {logging_mixin.py:190} INFO - [2026-05-08T21:22:06.274+0000] {dagbag.py:588} INFO - Filling up the DagBag from /home/airflow/.local/lib/python3.12/site-packages/airflow/example_dags/example_bash_operator.py
[2026-05-08T21:22:06.288+0000] {processor.py:925} INFO - DAG(s) 'example_bash_operator' retrieved from /home/airflow/.local/lib/python3.12/site-packages/airflow/example_dags/example_bash_operator.py
[2026-05-08T21:22:06.317+0000] {logging_mixin.py:190} INFO - [2026-05-08T21:22:06.317+0000] {dag.py:3239} INFO - Sync 1 DAGs
[2026-05-08T21:22:06.341+0000] {logging_mixin.py:190} INFO - [2026-05-08T21:22:06.340+0000] {dag.py:4180} INFO - Setting next_dagrun for example_bash_operator to 2026-05-07 00:00:00+00:00, run_after=2026-05-08 00:00:00+00:00
[2026-05-08T21:22:06.355+0000] {processor.py:208} INFO - Processing /home/airflow/.local/lib/python3.12/site-packages/airflow/example_dags/example_bash_operator.py took 0.090 seconds
[2026-05-08T21:22:37.150+0000] {processor.py:186} INFO - Started process (PID=6485) to work on /home/airflow/.local/lib/python3.12/site-packages/airflow/example_dags/example_bash_operator.py
[2026-05-08T21:22:37.151+0000] {processor.py:914} INFO - Processing file /home/airflow/.local/lib/python3.12/site-packages/airflow/example_dags/example_bash_operator.py for tasks to queue
[2026-05-08T21:22:37.153+0000] {logging_mixin.py:190} INFO - [2026-05-08T21:22:37.152+0000] {dagbag.py:588} INFO - Filling up the DagBag from /home/airflow/.local/lib/python3.12/site-packages/airflow/example_dags/example_bash_operator.py
[2026-05-08T21:22:37.164+0000] {processor.py:925} INFO - DAG(s) 'example_bash_operator' retrieved from /home/airflow/.local/lib/python3.12/site-packages/airflow/example_dags/example_bash_operator.py
[2026-05-08T21:22:37.185+0000] {logging_mixin.py:190} INFO - [2026-05-08T21:22:37.185+0000] {dag.py:3239} INFO - Sync 1 DAGs
[2026-05-08T21:22:37.204+0000] {logging_mixin.py:190} INFO - [2026-05-08T21:22:37.204+0000] {dag.py:4180} INFO - Setting next_dagrun for example_bash_operator to 2026-05-07 00:00:00+00:00, run_after=2026-05-08 00:00:00+00:00
[2026-05-08T21:22:37.217+0000] {processor.py:208} INFO - Processing /home/airflow/.local/lib/python3.12/site-packages/airflow/example_dags/example_bash_operator.py took 0.071 seconds
[2026-05-08T21:23:07.642+0000] {processor.py:186} INFO - Started process (PID=6548) to work on /home/airflow/.local/lib/python3.12/site-packages/airflow/example_dags/example_bash_operator.py
[2026-05-08T21:23:07.642+0000] {processor.py:914} INFO - Processing file /home/airflow/.local/lib/python3.12/site-packages/airflow/example_dags/example_bash_operator.py for tasks to queue
[2026-05-08T21:23:07.644+0000] {logging_mixin.py:190} INFO - [2026-05-08T21:23:07.644+0000] {dagbag.py:588} INFO - Filling up the DagBag from /home/airflow/.local/lib/python3.12/site-packages/airflow/example_dags/example_bash_operator.py
[2026-05-08T21:23:07.655+0000] {processor.py:925} INFO - DAG(s) 'example_bash_operator' retrieved from /home/airflow/.local/lib/python3.12/site-packages/airflow/example_dags/example_bash_operator.py
[2026-05-08T21:23:07.681+0000] {logging_mixin.py:190} INFO - [2026-05-08T21:23:07.681+0000] {dag.py:3239} INFO - Sync 1 DAGs
[2026-05-08T21:23:07.701+0000] {logging_mixin.py:190} INFO - [2026-05-08T21:23:07.700+0000] {dag.py:4180} INFO - Setting next_dagrun for example_bash_operator to 2026-05-07 00:00:00+00:00, run_after=2026-05-08 00:00:00+00:00
[2026-05-08T21:23:07.714+0000] {processor.py:208} INFO - Processing /home/airflow/.local/lib/python3.12/site-packages/airflow/example_dags/example_bash_operator.py took 0.077 seconds
[2026-05-08T21:23:37.763+0000] {processor.py:186} INFO - Started process (PID=6611) to work on /home/airflow/.local/lib/python3.12/site-packages/airflow/example_dags/example_bash_operator.py
[2026-05-08T21:23:37.764+0000] {processor.py:914} INFO - Processing file /home/airflow/.local/lib/python3.12/site-packages/airflow/example_dags/example_bash_operator.py for tasks to queue
[2026-05-08T21:23:37.766+0000] {logging_mixin.py:190} INFO - [2026-05-08T21:23:37.766+0000] {dagbag.py:588} INFO - Filling up the DagBag from /home/airflow/.local/lib/python3.12/site-packages/airflow/example_dags/example_bash_operator.py
[2026-05-08T21:23:37.780+0000] {processor.py:925} INFO - DAG(s) 'example_bash_operator' retrieved from /home/airflow/.local/lib/python3.12/site-packages/airflow/example_dags/example_bash_operator.py
[2026-05-08T21:23:37.801+0000] {logging_mixin.py:190} INFO - [2026-05-08T21:23:37.801+0000] {dag.py:3239} INFO - Sync 1 DAGs
[2026-05-08T21:23:37.820+0000] {logging_mixin.py:190} INFO - [2026-05-08T21:23:37.820+0000] {dag.py:4180} INFO - Setting next_dagrun for example_bash_operator to 2026-05-07 00:00:00+00:00, run_after=2026-05-08 00:00:00+00:00
[2026-05-08T21:23:37.833+0000] {processor.py:208} INFO - Processing /home/airflow/.local/lib/python3.12/site-packages/airflow/example_dags/example_bash_operator.py took 0.076 seconds
[2026-05-08T21:24:08.040+0000] {processor.py:186} INFO - Started process (PID=6675) to work on /home/airflow/.local/lib/python3.12/site-packages/airflow/example_dags/example_bash_operator.py
[2026-05-08T21:24:08.040+0000] {processor.py:914} INFO - Processing file /home/airflow/.local/lib/python3.12/site-packages/airflow/example_dags/example_bash_operator.py for tasks to queue
[2026-05-08T21:24:08.042+0000] {logging_mixin.py:190} INFO - [2026-05-08T21:24:08.042+0000] {dagbag.py:588} INFO - Filling up the DagBag from /home/airflow/.local/lib/python3.12/site-packages/airflow/example_dags/example_bash_operator.py
[2026-05-08T21:24:08.052+0000] {processor.py:925} INFO - DAG(s) 'example_bash_operator' retrieved from /home/airflow/.local/lib/python3.12/site-packages/airflow/example_dags/example_bash_operator.py
[2026-05-08T21:24:08.077+0000] {logging_mixin.py:190} INFO - [2026-05-08T21:24:08.077+0000] {dag.py:3239} INFO - Sync 1 DAGs
[2026-05-08T21:24:08.096+0000] {logging_mixin.py:190} INFO - [2026-05-08T21:24:08.096+0000] {dag.py:4180} INFO - Setting next_dagrun for example_bash_operator to 2026-05-07 00:00:00+00:00, run_after=2026-05-08 00:00:00+00:00
[2026-05-08T21:24:08.108+0000] {processor.py:208} INFO - Processing /home/airflow/.local/lib/python3.12/site-packages/airflow/example_dags/example_bash_operator.py took 0.073 seconds
[2026-05-08T21:24:38.199+0000] {processor.py:186} INFO - Started process (PID=6739) to work on /home/airflow/.local/lib/python3.12/site-packages/airflow/example_dags/example_bash_operator.py
[2026-05-08T21:24:38.200+0000] {processor.py:914} INFO - Processing file /home/airflow/.local/lib/python3.12/site-packages/airflow/example_dags/example_bash_operator.py for tasks to queue
[2026-05-08T21:24:38.202+0000] {logging_mixin.py:190} INFO - [2026-05-08T21:24:38.201+0000] {dagbag.py:588} INFO - Filling up the DagBag from /home/airflow/.local/lib/python3.12/site-packages/airflow/example_dags/example_bash_operator.py
[2026-05-08T21:24:38.213+0000] {processor.py:925} INFO - DAG(s) 'example_bash_operator' retrieved from /home/airflow/.local/lib/python3.12/site-packages/airflow/example_dags/example_bash_operator.py
[2026-05-08T21:24:38.237+0000] {logging_mixin.py:190} INFO - [2026-05-08T21:24:38.236+0000] {dag.py:3239} INFO - Sync 1 DAGs
[2026-05-08T21:24:38.260+0000] {logging_mixin.py:190} INFO - [2026-05-08T21:24:38.259+0000] {dag.py:4180} INFO - Setting next_dagrun for example_bash_operator to 2026-05-07 00:00:00+00:00, run_after=2026-05-08 00:00:00+00:00
[2026-05-08T21:24:38.276+0000] {processor.py:208} INFO - Processing /home/airflow/.local/lib/python3.12/site-packages/airflow/example_dags/example_bash_operator.py took 0.082 seconds
[2026-05-08T21:25:08.979+0000] {processor.py:186} INFO - Started process (PID=6803) to work on /home/airflow/.local/lib/python3.12/site-packages/airflow/example_dags/example_bash_operator.py
[2026-05-08T21:25:08.980+0000] {processor.py:914} INFO - Processing file /home/airflow/.local/lib/python3.12/site-packages/airflow/example_dags/example_bash_operator.py for tasks to queue
[2026-05-08T21:25:08.981+0000] {logging_mixin.py:190} INFO - [2026-05-08T21:25:08.981+0000] {dagbag.py:588} INFO - Filling up the DagBag from /home/airflow/.local/lib/python3.12/site-packages/airflow/example_dags/example_bash_operator.py
[2026-05-08T21:25:08.992+0000] {processor.py:925} INFO - DAG(s) 'example_bash_operator' retrieved from /home/airflow/.local/lib/python3.12/site-packages/airflow/example_dags/example_bash_operator.py
[2026-05-08T21:25:09.015+0000] {logging_mixin.py:190} INFO - [2026-05-08T21:25:09.015+0000] {dag.py:3239} INFO - Sync 1 DAGs
[2026-05-08T21:25:09.033+0000] {logging_mixin.py:190} INFO - [2026-05-08T21:25:09.033+0000] {dag.py:4180} INFO - Setting next_dagrun for example_bash_operator to 2026-05-07 00:00:00+00:00, run_after=2026-05-08 00:00:00+00:00
[2026-05-08T21:25:09.047+0000] {processor.py:208} INFO - Processing /home/airflow/.local/lib/python3.12/site-packages/airflow/example_dags/example_bash_operator.py took 0.072 seconds
[2026-05-08T21:25:39.613+0000] {processor.py:186} INFO - Started process (PID=6867) to work on /home/airflow/.local/lib/python3.12/site-packages/airflow/example_dags/example_bash_operator.py
[2026-05-08T21:25:39.614+0000] {processor.py:914} INFO - Processing file /home/airflow/.local/lib/python3.12/site-packages/airflow/example_dags/example_bash_operator.py for tasks to queue
[2026-05-08T21:25:39.616+0000] {logging_mixin.py:190} INFO - [2026-05-08T21:25:39.615+0000] {dagbag.py:588} INFO - Filling up the DagBag from /home/airflow/.local/lib/python3.12/site-packages/airflow/example_dags/example_bash_operator.py
[2026-05-08T21:25:39.626+0000] {processor.py:925} INFO - DAG(s) 'example_bash_operator' retrieved from /home/airflow/.local/lib/python3.12/site-packages/airflow/example_dags/example_bash_operator.py
[2026-05-08T21:25:39.647+0000] {logging_mixin.py:190} INFO - [2026-05-08T21:25:39.647+0000] {dag.py:3239} INFO - Sync 1 DAGs
[2026-05-08T21:25:39.666+0000] {logging_mixin.py:190} INFO - [2026-05-08T21:25:39.665+0000] {dag.py:4180} INFO - Setting next_dagrun for example_bash_operator to 2026-05-07 00:00:00+00:00, run_after=2026-05-08 00:00:00+00:00
[2026-05-08T21:25:39.680+0000] {processor.py:208} INFO - Processing /home/airflow/.local/lib/python3.12/site-packages/airflow/example_dags/example_bash_operator.py took 0.071 seconds
[2026-05-08T21:26:10.259+0000] {processor.py:186} INFO - Started process (PID=6931) to work on /home/airflow/.local/lib/python3.12/site-packages/airflow/example_dags/example_bash_operator.py
[2026-05-08T21:26:10.259+0000] {processor.py:914} INFO - Processing file /home/airflow/.local/lib/python3.12/site-packages/airflow/example_dags/example_bash_operator.py for tasks to queue
[2026-05-08T21:26:10.262+0000] {logging_mixin.py:190} INFO - [2026-05-08T21:26:10.261+0000] {dagbag.py:588} INFO - Filling up the DagBag from /home/airflow/.local/lib/python3.12/site-packages/airflow/example_dags/example_bash_operator.py
[2026-05-08T21:26:10.275+0000] {processor.py:925} INFO - DAG(s) 'example_bash_operator' retrieved from /home/airflow/.local/lib/python3.12/site-packages/airflow/example_dags/example_bash_operator.py
[2026-05-08T21:26:10.295+0000] {logging_mixin.py:190} INFO - [2026-05-08T21:26:10.295+0000] {dag.py:3239} INFO - Sync 1 DAGs
[2026-05-08T21:26:10.313+0000] {logging_mixin.py:190} INFO - [2026-05-08T21:26:10.313+0000] {dag.py:4180} INFO - Setting next_dagrun for example_bash_operator to 2026-05-07 00:00:00+00:00, run_after=2026-05-08 00:00:00+00:00
[2026-05-08T21:26:10.326+0000] {processor.py:208} INFO - Processing /home/airflow/.local/lib/python3.12/site-packages/airflow/example_dags/example_bash_operator.py took 0.074 seconds
[2026-05-08T21:26:40.943+0000] {processor.py:186} INFO - Started process (PID=6995) to work on /home/airflow/.local/lib/python3.12/site-packages/airflow/example_dags/example_bash_operator.py
[2026-05-08T21:26:40.943+0000] {processor.py:914} INFO - Processing file /home/airflow/.local/lib/python3.12/site-packages/airflow/example_dags/example_bash_operator.py for tasks to queue
[2026-05-08T21:26:40.945+0000] {logging_mixin.py:190} INFO - [2026-05-08T21:26:40.945+0000] {dagbag.py:588} INFO - Filling up the DagBag from /home/airflow/.local/lib/python3.12/site-packages/airflow/example_dags/example_bash_operator.py
[2026-05-08T21:26:40.956+0000] {processor.py:925} INFO - DAG(s) 'example_bash_operator' retrieved from /home/airflow/.local/lib/python3.12/site-packages/airflow/example_dags/example_bash_operator.py
[2026-05-08T21:26:40.987+0000] {logging_mixin.py:190} INFO - [2026-05-08T21:26:40.986+0000] {dag.py:3239} INFO - Sync 1 DAGs
[2026-05-08T21:26:41.009+0000] {logging_mixin.py:190} INFO - [2026-05-08T21:26:41.009+0000] {dag.py:4180} INFO - Setting next_dagrun for example_bash_operator to 2026-05-07 00:00:00+00:00, run_after=2026-05-08 00:00:00+00:00
[2026-05-08T21:26:41.025+0000] {processor.py:208} INFO - Processing /home/airflow/.local/lib/python3.12/site-packages/airflow/example_dags/example_bash_operator.py took 0.086 seconds
[2026-05-08T21:27:12.298+0000] {processor.py:186} INFO - Started process (PID=7059) to work on /home/airflow/.local/lib/python3.12/site-packages/airflow/example_dags/example_bash_operator.py
[2026-05-08T21:27:12.299+0000] {processor.py:914} INFO - Processing file /home/airflow/.local/lib/python3.12/site-packages/airflow/example_dags/example_bash_operator.py for tasks to queue
[2026-05-08T21:27:12.301+0000] {logging_mixin.py:190} INFO - [2026-05-08T21:27:12.300+0000] {dagbag.py:588} INFO - Filling up the DagBag from /home/airflow/.local/lib/python3.12/site-packages/airflow/example_dags/example_bash_operator.py
[2026-05-08T21:27:12.311+0000] {processor.py:925} INFO - DAG(s) 'example_bash_operator' retrieved from /home/airflow/.local/lib/python3.12/site-packages/airflow/example_dags/example_bash_operator.py
[2026-05-08T21:27:12.334+0000] {logging_mixin.py:190} INFO - [2026-05-08T21:27:12.334+0000] {dag.py:3239} INFO - Sync 1 DAGs
[2026-05-08T21:27:12.356+0000] {logging_mixin.py:190} INFO - [2026-05-08T21:27:12.356+0000] {dag.py:4180} INFO - Setting next_dagrun for example_bash_operator to 2026-05-07 00:00:00+00:00, run_after=2026-05-08 00:00:00+00:00
[2026-05-08T21:27:12.369+0000] {processor.py:208} INFO - Processing /home/airflow/.local/lib/python3.12/site-packages/airflow/example_dags/example_bash_operator.py took 0.077 seconds
[2026-05-08T21:27:43.327+0000] {processor.py:186} INFO - Started process (PID=7122) to work on /home/airflow/.local/lib/python3.12/site-packages/airflow/example_dags/example_bash_operator.py
[2026-05-08T21:27:43.328+0000] {processor.py:914} INFO - Processing file /home/airflow/.local/lib/python3.12/site-packages/airflow/example_dags/example_bash_operator.py for tasks to queue
[2026-05-08T21:27:43.330+0000] {logging_mixin.py:190} INFO - [2026-05-08T21:27:43.329+0000] {dagbag.py:588} INFO - Filling up the DagBag from /home/airflow/.local/lib/python3.12/site-packages/airflow/example_dags/example_bash_operator.py
[2026-05-08T21:27:43.340+0000] {processor.py:925} INFO - DAG(s) 'example_bash_operator' retrieved from /home/airflow/.local/lib/python3.12/site-packages/airflow/example_dags/example_bash_operator.py
[2026-05-08T21:27:43.369+0000] {logging_mixin.py:190} INFO - [2026-05-08T21:27:43.368+0000] {dag.py:3239} INFO - Sync 1 DAGs
[2026-05-08T21:27:43.396+0000] {logging_mixin.py:190} INFO - [2026-05-08T21:27:43.396+0000] {dag.py:4180} INFO - Setting next_dagrun for example_bash_operator to 2026-05-07 00:00:00+00:00, run_after=2026-05-08 00:00:00+00:00
[2026-05-08T21:27:43.410+0000] {processor.py:208} INFO - Processing /home/airflow/.local/lib/python3.12/site-packages/airflow/example_dags/example_bash_operator.py took 0.087 seconds
[2026-05-08T21:28:15.006+0000] {processor.py:186} INFO - Started process (PID=7186) to work on /home/airflow/.local/lib/python3.12/site-packages/airflow/example_dags/example_bash_operator.py
[2026-05-08T21:28:15.007+0000] {processor.py:914} INFO - Processing file /home/airflow/.local/lib/python3.12/site-packages/airflow/example_dags/example_bash_operator.py for tasks to queue
[2026-05-08T21:28:15.008+0000] {logging_mixin.py:190} INFO - [2026-05-08T21:28:15.008+0000] {dagbag.py:588} INFO - Filling up the DagBag from /home/airflow/.local/lib/python3.12/site-packages/airflow/example_dags/example_bash_operator.py
[2026-05-08T21:28:15.020+0000] {processor.py:925} INFO - DAG(s) 'example_bash_operator' retrieved from /home/airflow/.local/lib/python3.12/site-packages/airflow/example_dags/example_bash_operator.py
[2026-05-08T21:28:15.040+0000] {logging_mixin.py:190} INFO - [2026-05-08T21:28:15.040+0000] {dag.py:3239} INFO - Sync 1 DAGs
[2026-05-08T21:28:15.059+0000] {logging_mixin.py:190} INFO - [2026-05-08T21:28:15.059+0000] {dag.py:4180} INFO - Setting next_dagrun for example_bash_operator to 2026-05-07 00:00:00+00:00, run_after=2026-05-08 00:00:00+00:00
[2026-05-08T21:28:15.073+0000] {processor.py:208} INFO - Processing /home/airflow/.local/lib/python3.12/site-packages/airflow/example_dags/example_bash_operator.py took 0.072 seconds
[2026-05-08T21:28:46.197+0000] {processor.py:186} INFO - Started process (PID=7250) to work on /home/airflow/.local/lib/python3.12/site-packages/airflow/example_dags/example_bash_operator.py
[2026-05-08T21:28:46.198+0000] {processor.py:914} INFO - Processing file /home/airflow/.local/lib/python3.12/site-packages/airflow/example_dags/example_bash_operator.py for tasks to queue
[2026-05-08T21:28:46.200+0000] {logging_mixin.py:190} INFO - [2026-05-08T21:28:46.200+0000] {dagbag.py:588} INFO - Filling up the DagBag from /home/airflow/.local/lib/python3.12/site-packages/airflow/example_dags/example_bash_operator.py
[2026-05-08T21:28:46.216+0000] {processor.py:925} INFO - DAG(s) 'example_bash_operator' retrieved from /home/airflow/.local/lib/python3.12/site-packages/airflow/example_dags/example_bash_operator.py
[2026-05-08T21:28:46.248+0000] {logging_mixin.py:190} INFO - [2026-05-08T21:28:46.248+0000] {dag.py:3239} INFO - Sync 1 DAGs
[2026-05-08T21:28:46.267+0000] {logging_mixin.py:190} INFO - [2026-05-08T21:28:46.267+0000] {dag.py:4180} INFO - Setting next_dagrun for example_bash_operator to 2026-05-07 00:00:00+00:00, run_after=2026-05-08 00:00:00+00:00
[2026-05-08T21:28:46.280+0000] {processor.py:208} INFO - Processing /home/airflow/.local/lib/python3.12/site-packages/airflow/example_dags/example_bash_operator.py took 0.090 seconds
[2026-05-08T21:29:17.746+0000] {processor.py:186} INFO - Started process (PID=7314) to work on /home/airflow/.local/lib/python3.12/site-packages/airflow/example_dags/example_bash_operator.py
[2026-05-08T21:29:17.747+0000] {processor.py:914} INFO - Processing file /home/airflow/.local/lib/python3.12/site-packages/airflow/example_dags/example_bash_operator.py for tasks to queue
[2026-05-08T21:29:17.748+0000] {logging_mixin.py:190} INFO - [2026-05-08T21:29:17.748+0000] {dagbag.py:588} INFO - Filling up the DagBag from /home/airflow/.local/lib/python3.12/site-packages/airflow/example_dags/example_bash_operator.py
[2026-05-08T21:29:17.759+0000] {processor.py:925} INFO - DAG(s) 'example_bash_operator' retrieved from /home/airflow/.local/lib/python3.12/site-packages/airflow/example_dags/example_bash_operator.py
[2026-05-08T21:29:17.785+0000] {logging_mixin.py:190} INFO - [2026-05-08T21:29:17.785+0000] {dag.py:3239} INFO - Sync 1 DAGs
[2026-05-08T21:29:17.807+0000] {logging_mixin.py:190} INFO - [2026-05-08T21:29:17.806+0000] {dag.py:4180} INFO - Setting next_dagrun for example_bash_operator to 2026-05-07 00:00:00+00:00, run_after=2026-05-08 00:00:00+00:00
[2026-05-08T21:29:17.824+0000] {processor.py:208} INFO - Processing /home/airflow/.local/lib/python3.12/site-packages/airflow/example_dags/example_bash_operator.py took 0.082 seconds
[2026-05-08T21:29:49.147+0000] {processor.py:186} INFO - Started process (PID=7378) to work on /home/airflow/.local/lib/python3.12/site-packages/airflow/example_dags/example_bash_operator.py
[2026-05-08T21:29:49.148+0000] {processor.py:914} INFO - Processing file /home/airflow/.local/lib/python3.12/site-packages/airflow/example_dags/example_bash_operator.py for tasks to queue
[2026-05-08T21:29:49.149+0000] {logging_mixin.py:190} INFO - [2026-05-08T21:29:49.149+0000] {dagbag.py:588} INFO - Filling up the DagBag from /home/airflow/.local/lib/python3.12/site-packages/airflow/example_dags/example_bash_operator.py
[2026-05-08T21:29:49.161+0000] {processor.py:925} INFO - DAG(s) 'example_bash_operator' retrieved from /home/airflow/.local/lib/python3.12/site-packages/airflow/example_dags/example_bash_operator.py
[2026-05-08T21:29:49.186+0000] {logging_mixin.py:190} INFO - [2026-05-08T21:29:49.186+0000] {dag.py:3239} INFO - Sync 1 DAGs
[2026-05-08T21:29:49.205+0000] {logging_mixin.py:190} INFO - [2026-05-08T21:29:49.205+0000] {dag.py:4180} INFO - Setting next_dagrun for example_bash_operator to 2026-05-07 00:00:00+00:00, run_after=2026-05-08 00:00:00+00:00
[2026-05-08T21:29:49.218+0000] {processor.py:208} INFO - Processing /home/airflow/.local/lib/python3.12/site-packages/airflow/example_dags/example_bash_operator.py took 0.075 seconds
[2026-05-08T21:30:20.525+0000] {processor.py:186} INFO - Started process (PID=7442) to work on /home/airflow/.local/lib/python3.12/site-packages/airflow/example_dags/example_bash_operator.py
[2026-05-08T21:30:20.526+0000] {processor.py:914} INFO - Processing file /home/airflow/.local/lib/python3.12/site-packages/airflow/example_dags/example_bash_operator.py for tasks to queue
[2026-05-08T21:30:20.528+0000] {logging_mixin.py:190} INFO - [2026-05-08T21:30:20.528+0000] {dagbag.py:588} INFO - Filling up the DagBag from /home/airflow/.local/lib/python3.12/site-packages/airflow/example_dags/example_bash_operator.py
[2026-05-08T21:30:20.539+0000] {processor.py:925} INFO - DAG(s) 'example_bash_operator' retrieved from /home/airflow/.local/lib/python3.12/site-packages/airflow/example_dags/example_bash_operator.py
[2026-05-08T21:30:20.561+0000] {logging_mixin.py:190} INFO - [2026-05-08T21:30:20.560+0000] {dag.py:3239} INFO - Sync 1 DAGs
[2026-05-08T21:30:20.580+0000] {logging_mixin.py:190} INFO - [2026-05-08T21:30:20.579+0000] {dag.py:4180} INFO - Setting next_dagrun for example_bash_operator to 2026-05-07 00:00:00+00:00, run_after=2026-05-08 00:00:00+00:00
[2026-05-08T21:30:20.592+0000] {processor.py:208} INFO - Processing /home/airflow/.local/lib/python3.12/site-packages/airflow/example_dags/example_bash_operator.py took 0.073 seconds
[2026-05-08T21:30:51.698+0000] {processor.py:186} INFO - Started process (PID=7506) to work on /home/airflow/.local/lib/python3.12/site-packages/airflow/example_dags/example_bash_operator.py
[2026-05-08T21:30:51.699+0000] {processor.py:914} INFO - Processing file /home/airflow/.local/lib/python3.12/site-packages/airflow/example_dags/example_bash_operator.py for tasks to queue
[2026-05-08T21:30:51.700+0000] {logging_mixin.py:190} INFO - [2026-05-08T21:30:51.700+0000] {dagbag.py:588} INFO - Filling up the DagBag from /home/airflow/.local/lib/python3.12/site-packages/airflow/example_dags/example_bash_operator.py
[2026-05-08T21:30:51.711+0000] {processor.py:925} INFO - DAG(s) 'example_bash_operator' retrieved from /home/airflow/.local/lib/python3.12/site-packages/airflow/example_dags/example_bash_operator.py
[2026-05-08T21:30:51.732+0000] {logging_mixin.py:190} INFO - [2026-05-08T21:30:51.731+0000] {dag.py:3239} INFO - Sync 1 DAGs
[2026-05-08T21:30:51.750+0000] {logging_mixin.py:190} INFO - [2026-05-08T21:30:51.750+0000] {dag.py:4180} INFO - Setting next_dagrun for example_bash_operator to 2026-05-07 00:00:00+00:00, run_after=2026-05-08 00:00:00+00:00
[2026-05-08T21:30:51.763+0000] {processor.py:208} INFO - Processing /home/airflow/.local/lib/python3.12/site-packages/airflow/example_dags/example_bash_operator.py took 0.069 seconds
[2026-05-08T21:31:22.888+0000] {processor.py:186} INFO - Started process (PID=7570) to work on /home/airflow/.local/lib/python3.12/site-packages/airflow/example_dags/example_bash_operator.py
[2026-05-08T21:31:22.889+0000] {processor.py:914} INFO - Processing file /home/airflow/.local/lib/python3.12/site-packages/airflow/example_dags/example_bash_operator.py for tasks to queue
[2026-05-08T21:31:22.890+0000] {logging_mixin.py:190} INFO - [2026-05-08T21:31:22.890+0000] {dagbag.py:588} INFO - Filling up the DagBag from /home/airflow/.local/lib/python3.12/site-packages/airflow/example_dags/example_bash_operator.py
[2026-05-08T21:31:22.902+0000] {processor.py:925} INFO - DAG(s) 'example_bash_operator' retrieved from /home/airflow/.local/lib/python3.12/site-packages/airflow/example_dags/example_bash_operator.py
[2026-05-08T21:31:22.925+0000] {logging_mixin.py:190} INFO - [2026-05-08T21:31:22.925+0000] {dag.py:3239} INFO - Sync 1 DAGs
[2026-05-08T21:31:22.946+0000] {logging_mixin.py:190} INFO - [2026-05-08T21:31:22.946+0000] {dag.py:4180} INFO - Setting next_dagrun for example_bash_operator to 2026-05-07 00:00:00+00:00, run_after=2026-05-08 00:00:00+00:00
[2026-05-08T21:31:22.961+0000] {processor.py:208} INFO - Processing /home/airflow/.local/lib/python3.12/site-packages/airflow/example_dags/example_bash_operator.py took 0.077 seconds
[2026-05-08T21:31:54.402+0000] {processor.py:186} INFO - Started process (PID=7636) to work on /home/airflow/.local/lib/python3.12/site-packages/airflow/example_dags/example_bash_operator.py
[2026-05-08T21:31:54.403+0000] {processor.py:914} INFO - Processing file /home/airflow/.local/lib/python3.12/site-packages/airflow/example_dags/example_bash_operator.py for tasks to queue
[2026-05-08T21:31:54.405+0000] {logging_mixin.py:190} INFO - [2026-05-08T21:31:54.404+0000] {dagbag.py:588} INFO - Filling up the DagBag from /home/airflow/.local/lib/python3.12/site-packages/airflow/example_dags/example_bash_operator.py
[2026-05-08T21:31:54.415+0000] {processor.py:925} INFO - DAG(s) 'example_bash_operator' retrieved from /home/airflow/.local/lib/python3.12/site-packages/airflow/example_dags/example_bash_operator.py
[2026-05-08T21:31:54.436+0000] {logging_mixin.py:190} INFO - [2026-05-08T21:31:54.436+0000] {dag.py:3239} INFO - Sync 1 DAGs
[2026-05-08T21:31:54.454+0000] {logging_mixin.py:190} INFO - [2026-05-08T21:31:54.454+0000] {dag.py:4180} INFO - Setting next_dagrun for example_bash_operator to 2026-05-07 00:00:00+00:00, run_after=2026-05-08 00:00:00+00:00
[2026-05-08T21:31:54.467+0000] {processor.py:208} INFO - Processing /home/airflow/.local/lib/python3.12/site-packages/airflow/example_dags/example_bash_operator.py took 0.069 seconds
[2026-05-08T21:32:25.586+0000] {processor.py:186} INFO - Started process (PID=7700) to work on /home/airflow/.local/lib/python3.12/site-packages/airflow/example_dags/example_bash_operator.py
[2026-05-08T21:32:25.587+0000] {processor.py:914} INFO - Processing file /home/airflow/.local/lib/python3.12/site-packages/airflow/example_dags/example_bash_operator.py for tasks to queue
[2026-05-08T21:32:25.590+0000] {logging_mixin.py:190} INFO - [2026-05-08T21:32:25.590+0000] {dagbag.py:588} INFO - Filling up the DagBag from /home/airflow/.local/lib/python3.12/site-packages/airflow/example_dags/example_bash_operator.py
[2026-05-08T21:32:25.607+0000] {processor.py:925} INFO - DAG(s) 'example_bash_operator' retrieved from /home/airflow/.local/lib/python3.12/site-packages/airflow/example_dags/example_bash_operator.py
[2026-05-08T21:32:25.631+0000] {logging_mixin.py:190} INFO - [2026-05-08T21:32:25.631+0000] {dag.py:3239} INFO - Sync 1 DAGs
[2026-05-08T21:32:25.650+0000] {logging_mixin.py:190} INFO - [2026-05-08T21:32:25.650+0000] {dag.py:4180} INFO - Setting next_dagrun for example_bash_operator to 2026-05-07 00:00:00+00:00, run_after=2026-05-08 00:00:00+00:00
[2026-05-08T21:32:25.666+0000] {processor.py:208} INFO - Processing /home/airflow/.local/lib/python3.12/site-packages/airflow/example_dags/example_bash_operator.py took 0.088 seconds
[2026-05-08T21:32:56.100+0000] {processor.py:186} INFO - Started process (PID=7764) to work on /home/airflow/.local/lib/python3.12/site-packages/airflow/example_dags/example_bash_operator.py
[2026-05-08T21:32:56.100+0000] {processor.py:914} INFO - Processing file /home/airflow/.local/lib/python3.12/site-packages/airflow/example_dags/example_bash_operator.py for tasks to queue
[2026-05-08T21:32:56.102+0000] {logging_mixin.py:190} INFO - [2026-05-08T21:32:56.102+0000] {dagbag.py:588} INFO - Filling up the DagBag from /home/airflow/.local/lib/python3.12/site-packages/airflow/example_dags/example_bash_operator.py
[2026-05-08T21:32:56.112+0000] {processor.py:925} INFO - DAG(s) 'example_bash_operator' retrieved from /home/airflow/.local/lib/python3.12/site-packages/airflow/example_dags/example_bash_operator.py
[2026-05-08T21:32:56.132+0000] {logging_mixin.py:190} INFO - [2026-05-08T21:32:56.132+0000] {dag.py:3239} INFO - Sync 1 DAGs
[2026-05-08T21:32:56.150+0000] {logging_mixin.py:190} INFO - [2026-05-08T21:32:56.150+0000] {dag.py:4180} INFO - Setting next_dagrun for example_bash_operator to 2026-05-07 00:00:00+00:00, run_after=2026-05-08 00:00:00+00:00
[2026-05-08T21:32:56.165+0000] {processor.py:208} INFO - Processing /home/airflow/.local/lib/python3.12/site-packages/airflow/example_dags/example_bash_operator.py took 0.070 seconds
[2026-05-08T21:33:26.617+0000] {processor.py:186} INFO - Started process (PID=7828) to work on /home/airflow/.local/lib/python3.12/site-packages/airflow/example_dags/example_bash_operator.py
[2026-05-08T21:33:26.617+0000] {processor.py:914} INFO - Processing file /home/airflow/.local/lib/python3.12/site-packages/airflow/example_dags/example_bash_operator.py for tasks to queue
[2026-05-08T21:33:26.619+0000] {logging_mixin.py:190} INFO - [2026-05-08T21:33:26.619+0000] {dagbag.py:588} INFO - Filling up the DagBag from /home/airflow/.local/lib/python3.12/site-packages/airflow/example_dags/example_bash_operator.py
[2026-05-08T21:33:26.629+0000] {processor.py:925} INFO - DAG(s) 'example_bash_operator' retrieved from /home/airflow/.local/lib/python3.12/site-packages/airflow/example_dags/example_bash_operator.py
[2026-05-08T21:33:26.650+0000] {logging_mixin.py:190} INFO - [2026-05-08T21:33:26.650+0000] {dag.py:3239} INFO - Sync 1 DAGs
[2026-05-08T21:33:26.669+0000] {logging_mixin.py:190} INFO - [2026-05-08T21:33:26.669+0000] {dag.py:4180} INFO - Setting next_dagrun for example_bash_operator to 2026-05-07 00:00:00+00:00, run_after=2026-05-08 00:00:00+00:00
[2026-05-08T21:33:26.687+0000] {processor.py:208} INFO - Processing /home/airflow/.local/lib/python3.12/site-packages/airflow/example_dags/example_bash_operator.py took 0.075 seconds
[2026-05-08T21:33:56.865+0000] {processor.py:186} INFO - Started process (PID=7891) to work on /home/airflow/.local/lib/python3.12/site-packages/airflow/example_dags/example_bash_operator.py
[2026-05-08T21:33:56.866+0000] {processor.py:914} INFO - Processing file /home/airflow/.local/lib/python3.12/site-packages/airflow/example_dags/example_bash_operator.py for tasks to queue
[2026-05-08T21:33:56.868+0000] {logging_mixin.py:190} INFO - [2026-05-08T21:33:56.868+0000] {dagbag.py:588} INFO - Filling up the DagBag from /home/airflow/.local/lib/python3.12/site-packages/airflow/example_dags/example_bash_operator.py
[2026-05-08T21:33:56.882+0000] {processor.py:925} INFO - DAG(s) 'example_bash_operator' retrieved from /home/airflow/.local/lib/python3.12/site-packages/airflow/example_dags/example_bash_operator.py
[2026-05-08T21:33:56.910+0000] {logging_mixin.py:190} INFO - [2026-05-08T21:33:56.909+0000] {dag.py:3239} INFO - Sync 1 DAGs
[2026-05-08T21:33:56.933+0000] {logging_mixin.py:190} INFO - [2026-05-08T21:33:56.933+0000] {dag.py:4180} INFO - Setting next_dagrun for example_bash_operator to 2026-05-07 00:00:00+00:00, run_after=2026-05-08 00:00:00+00:00
[2026-05-08T21:33:56.946+0000] {processor.py:208} INFO - Processing /home/airflow/.local/lib/python3.12/site-packages/airflow/example_dags/example_bash_operator.py took 0.088 seconds
[2026-05-08T21:34:27.679+0000] {processor.py:186} INFO - Started process (PID=7954) to work on /home/airflow/.local/lib/python3.12/site-packages/airflow/example_dags/example_bash_operator.py
[2026-05-08T21:34:27.680+0000] {processor.py:914} INFO - Processing file /home/airflow/.local/lib/python3.12/site-packages/airflow/example_dags/example_bash_operator.py for tasks to queue
[2026-05-08T21:34:27.681+0000] {logging_mixin.py:190} INFO - [2026-05-08T21:34:27.681+0000] {dagbag.py:588} INFO - Filling up the DagBag from /home/airflow/.local/lib/python3.12/site-packages/airflow/example_dags/example_bash_operator.py
[2026-05-08T21:34:27.692+0000] {processor.py:925} INFO - DAG(s) 'example_bash_operator' retrieved from /home/airflow/.local/lib/python3.12/site-packages/airflow/example_dags/example_bash_operator.py
[2026-05-08T21:34:27.712+0000] {logging_mixin.py:190} INFO - [2026-05-08T21:34:27.712+0000] {dag.py:3239} INFO - Sync 1 DAGs
[2026-05-08T21:34:27.730+0000] {logging_mixin.py:190} INFO - [2026-05-08T21:34:27.730+0000] {dag.py:4180} INFO - Setting next_dagrun for example_bash_operator to 2026-05-07 00:00:00+00:00, run_after=2026-05-08 00:00:00+00:00
[2026-05-08T21:34:27.743+0000] {processor.py:208} INFO - Processing /home/airflow/.local/lib/python3.12/site-packages/airflow/example_dags/example_bash_operator.py took 0.068 seconds
[2026-05-08T21:34:58.079+0000] {processor.py:186} INFO - Started process (PID=8018) to work on /home/airflow/.local/lib/python3.12/site-packages/airflow/example_dags/example_bash_operator.py
[2026-05-08T21:34:58.079+0000] {processor.py:914} INFO - Processing file /home/airflow/.local/lib/python3.12/site-packages/airflow/example_dags/example_bash_operator.py for tasks to queue
[2026-05-08T21:34:58.081+0000] {logging_mixin.py:190} INFO - [2026-05-08T21:34:58.081+0000] {dagbag.py:588} INFO - Filling up the DagBag from /home/airflow/.local/lib/python3.12/site-packages/airflow/example_dags/example_bash_operator.py
[2026-05-08T21:34:58.091+0000] {processor.py:925} INFO - DAG(s) 'example_bash_operator' retrieved from /home/airflow/.local/lib/python3.12/site-packages/airflow/example_dags/example_bash_operator.py
[2026-05-08T21:34:58.112+0000] {logging_mixin.py:190} INFO - [2026-05-08T21:34:58.112+0000] {dag.py:3239} INFO - Sync 1 DAGs
[2026-05-08T21:34:58.130+0000] {logging_mixin.py:190} INFO - [2026-05-08T21:34:58.130+0000] {dag.py:4180} INFO - Setting next_dagrun for example_bash_operator to 2026-05-07 00:00:00+00:00, run_after=2026-05-08 00:00:00+00:00
[2026-05-08T21:34:58.143+0000] {processor.py:208} INFO - Processing /home/airflow/.local/lib/python3.12/site-packages/airflow/example_dags/example_bash_operator.py took 0.069 seconds
[2026-05-08T21:35:28.257+0000] {processor.py:186} INFO - Started process (PID=8082) to work on /home/airflow/.local/lib/python3.12/site-packages/airflow/example_dags/example_bash_operator.py
[2026-05-08T21:35:28.258+0000] {processor.py:914} INFO - Processing file /home/airflow/.local/lib/python3.12/site-packages/airflow/example_dags/example_bash_operator.py for tasks to queue
[2026-05-08T21:35:28.260+0000] {logging_mixin.py:190} INFO - [2026-05-08T21:35:28.260+0000] {dagbag.py:588} INFO - Filling up the DagBag from /home/airflow/.local/lib/python3.12/site-packages/airflow/example_dags/example_bash_operator.py
[2026-05-08T21:35:28.273+0000] {processor.py:925} INFO - DAG(s) 'example_bash_operator' retrieved from /home/airflow/.local/lib/python3.12/site-packages/airflow/example_dags/example_bash_operator.py
[2026-05-08T21:35:28.296+0000] {logging_mixin.py:190} INFO - [2026-05-08T21:35:28.296+0000] {dag.py:3239} INFO - Sync 1 DAGs
[2026-05-08T21:35:28.318+0000] {logging_mixin.py:190} INFO - [2026-05-08T21:35:28.318+0000] {dag.py:4180} INFO - Setting next_dagrun for example_bash_operator to 2026-05-07 00:00:00+00:00, run_after=2026-05-08 00:00:00+00:00
[2026-05-08T21:35:28.331+0000] {processor.py:208} INFO - Processing /home/airflow/.local/lib/python3.12/site-packages/airflow/example_dags/example_bash_operator.py took 0.079 seconds
[2026-05-08T21:35:58.521+0000] {processor.py:186} INFO - Started process (PID=8146) to work on /home/airflow/.local/lib/python3.12/site-packages/airflow/example_dags/example_bash_operator.py
[2026-05-08T21:35:58.522+0000] {processor.py:914} INFO - Processing file /home/airflow/.local/lib/python3.12/site-packages/airflow/example_dags/example_bash_operator.py for tasks to queue
[2026-05-08T21:35:58.524+0000] {logging_mixin.py:190} INFO - [2026-05-08T21:35:58.523+0000] {dagbag.py:588} INFO - Filling up the DagBag from /home/airflow/.local/lib/python3.12/site-packages/airflow/example_dags/example_bash_operator.py
[2026-05-08T21:35:58.535+0000] {processor.py:925} INFO - DAG(s) 'example_bash_operator' retrieved from /home/airflow/.local/lib/python3.12/site-packages/airflow/example_dags/example_bash_operator.py
[2026-05-08T21:35:58.559+0000] {logging_mixin.py:190} INFO - [2026-05-08T21:35:58.558+0000] {dag.py:3239} INFO - Sync 1 DAGs
[2026-05-08T21:35:58.579+0000] {logging_mixin.py:190} INFO - [2026-05-08T21:35:58.579+0000] {dag.py:4180} INFO - Setting next_dagrun for example_bash_operator to 2026-05-07 00:00:00+00:00, run_after=2026-05-08 00:00:00+00:00
[2026-05-08T21:35:58.592+0000] {processor.py:208} INFO - Processing /home/airflow/.local/lib/python3.12/site-packages/airflow/example_dags/example_bash_operator.py took 0.076 seconds
[2026-05-08T21:36:28.947+0000] {processor.py:186} INFO - Started process (PID=8210) to work on /home/airflow/.local/lib/python3.12/site-packages/airflow/example_dags/example_bash_operator.py
[2026-05-08T21:36:28.947+0000] {processor.py:914} INFO - Processing file /home/airflow/.local/lib/python3.12/site-packages/airflow/example_dags/example_bash_operator.py for tasks to queue
[2026-05-08T21:36:28.949+0000] {logging_mixin.py:190} INFO - [2026-05-08T21:36:28.949+0000] {dagbag.py:588} INFO - Filling up the DagBag from /home/airflow/.local/lib/python3.12/site-packages/airflow/example_dags/example_bash_operator.py
[2026-05-08T21:36:28.959+0000] {processor.py:925} INFO - DAG(s) 'example_bash_operator' retrieved from /home/airflow/.local/lib/python3.12/site-packages/airflow/example_dags/example_bash_operator.py
[2026-05-08T21:36:28.982+0000] {logging_mixin.py:190} INFO - [2026-05-08T21:36:28.982+0000] {dag.py:3239} INFO - Sync 1 DAGs
[2026-05-08T21:36:29.003+0000] {logging_mixin.py:190} INFO - [2026-05-08T21:36:29.003+0000] {dag.py:4180} INFO - Setting next_dagrun for example_bash_operator to 2026-05-07 00:00:00+00:00, run_after=2026-05-08 00:00:00+00:00
[2026-05-08T21:36:29.017+0000] {processor.py:208} INFO - Processing /home/airflow/.local/lib/python3.12/site-packages/airflow/example_dags/example_bash_operator.py took 0.074 seconds
[2026-05-08T21:36:59.997+0000] {processor.py:186} INFO - Started process (PID=8274) to work on /home/airflow/.local/lib/python3.12/site-packages/airflow/example_dags/example_bash_operator.py
[2026-05-08T21:36:59.998+0000] {processor.py:914} INFO - Processing file /home/airflow/.local/lib/python3.12/site-packages/airflow/example_dags/example_bash_operator.py for tasks to queue
[2026-05-08T21:36:59.999+0000] {logging_mixin.py:190} INFO - [2026-05-08T21:36:59.999+0000] {dagbag.py:588} INFO - Filling up the DagBag from /home/airflow/.local/lib/python3.12/site-packages/airflow/example_dags/example_bash_operator.py
[2026-05-08T21:37:00.010+0000] {processor.py:925} INFO - DAG(s) 'example_bash_operator' retrieved from /home/airflow/.local/lib/python3.12/site-packages/airflow/example_dags/example_bash_operator.py
[2026-05-08T21:37:00.035+0000] {logging_mixin.py:190} INFO - [2026-05-08T21:37:00.034+0000] {dag.py:3239} INFO - Sync 1 DAGs
[2026-05-08T21:37:00.058+0000] {logging_mixin.py:190} INFO - [2026-05-08T21:37:00.058+0000] {dag.py:4180} INFO - Setting next_dagrun for example_bash_operator to 2026-05-07 00:00:00+00:00, run_after=2026-05-08 00:00:00+00:00
[2026-05-08T21:37:00.071+0000] {processor.py:208} INFO - Processing /home/airflow/.local/lib/python3.12/site-packages/airflow/example_dags/example_bash_operator.py took 0.079 seconds
[2026-05-08T21:37:30.559+0000] {processor.py:186} INFO - Started process (PID=8338) to work on /home/airflow/.local/lib/python3.12/site-packages/airflow/example_dags/example_bash_operator.py
[2026-05-08T21:37:30.560+0000] {processor.py:914} INFO - Processing file /home/airflow/.local/lib/python3.12/site-packages/airflow/example_dags/example_bash_operator.py for tasks to queue
[2026-05-08T21:37:30.562+0000] {logging_mixin.py:190} INFO - [2026-05-08T21:37:30.562+0000] {dagbag.py:588} INFO - Filling up the DagBag from /home/airflow/.local/lib/python3.12/site-packages/airflow/example_dags/example_bash_operator.py
[2026-05-08T21:37:30.578+0000] {processor.py:925} INFO - DAG(s) 'example_bash_operator' retrieved from /home/airflow/.local/lib/python3.12/site-packages/airflow/example_dags/example_bash_operator.py
[2026-05-08T21:37:30.610+0000] {logging_mixin.py:190} INFO - [2026-05-08T21:37:30.610+0000] {dag.py:3239} INFO - Sync 1 DAGs
[2026-05-08T21:37:30.636+0000] {logging_mixin.py:190} INFO - [2026-05-08T21:37:30.636+0000] {dag.py:4180} INFO - Setting next_dagrun for example_bash_operator to 2026-05-07 00:00:00+00:00, run_after=2026-05-08 00:00:00+00:00
[2026-05-08T21:37:30.654+0000] {processor.py:208} INFO - Processing /home/airflow/.local/lib/python3.12/site-packages/airflow/example_dags/example_bash_operator.py took 0.102 seconds
[2026-05-08T21:38:01.284+0000] {processor.py:186} INFO - Started process (PID=8402) to work on /home/airflow/.local/lib/python3.12/site-packages/airflow/example_dags/example_bash_operator.py
[2026-05-08T21:38:01.285+0000] {processor.py:914} INFO - Processing file /home/airflow/.local/lib/python3.12/site-packages/airflow/example_dags/example_bash_operator.py for tasks to queue
[2026-05-08T21:38:01.287+0000] {logging_mixin.py:190} INFO - [2026-05-08T21:38:01.286+0000] {dagbag.py:588} INFO - Filling up the DagBag from /home/airflow/.local/lib/python3.12/site-packages/airflow/example_dags/example_bash_operator.py
[2026-05-08T21:38:01.299+0000] {processor.py:925} INFO - DAG(s) 'example_bash_operator' retrieved from /home/airflow/.local/lib/python3.12/site-packages/airflow/example_dags/example_bash_operator.py
[2026-05-08T21:38:01.335+0000] {logging_mixin.py:190} INFO - [2026-05-08T21:38:01.334+0000] {dag.py:3239} INFO - Sync 1 DAGs
[2026-05-08T21:38:01.366+0000] {logging_mixin.py:190} INFO - [2026-05-08T21:38:01.366+0000] {dag.py:4180} INFO - Setting next_dagrun for example_bash_operator to 2026-05-07 00:00:00+00:00, run_after=2026-05-08 00:00:00+00:00
[2026-05-08T21:38:01.394+0000] {processor.py:208} INFO - Processing /home/airflow/.local/lib/python3.12/site-packages/airflow/example_dags/example_bash_operator.py took 0.116 seconds
[2026-05-08T21:38:31.747+0000] {processor.py:186} INFO - Started process (PID=8466) to work on /home/airflow/.local/lib/python3.12/site-packages/airflow/example_dags/example_bash_operator.py
[2026-05-08T21:38:31.747+0000] {processor.py:914} INFO - Processing file /home/airflow/.local/lib/python3.12/site-packages/airflow/example_dags/example_bash_operator.py for tasks to queue
[2026-05-08T21:38:31.749+0000] {logging_mixin.py:190} INFO - [2026-05-08T21:38:31.749+0000] {dagbag.py:588} INFO - Filling up the DagBag from /home/airflow/.local/lib/python3.12/site-packages/airflow/example_dags/example_bash_operator.py
[2026-05-08T21:38:31.760+0000] {processor.py:925} INFO - DAG(s) 'example_bash_operator' retrieved from /home/airflow/.local/lib/python3.12/site-packages/airflow/example_dags/example_bash_operator.py
[2026-05-08T21:38:31.781+0000] {logging_mixin.py:190} INFO - [2026-05-08T21:38:31.781+0000] {dag.py:3239} INFO - Sync 1 DAGs
[2026-05-08T21:38:31.800+0000] {logging_mixin.py:190} INFO - [2026-05-08T21:38:31.799+0000] {dag.py:4180} INFO - Setting next_dagrun for example_bash_operator to 2026-05-07 00:00:00+00:00, run_after=2026-05-08 00:00:00+00:00
[2026-05-08T21:38:31.816+0000] {processor.py:208} INFO - Processing /home/airflow/.local/lib/python3.12/site-packages/airflow/example_dags/example_bash_operator.py took 0.075 seconds
[2026-05-08T21:39:02.214+0000] {processor.py:186} INFO - Started process (PID=8530) to work on /home/airflow/.local/lib/python3.12/site-packages/airflow/example_dags/example_bash_operator.py
[2026-05-08T21:39:02.215+0000] {processor.py:914} INFO - Processing file /home/airflow/.local/lib/python3.12/site-packages/airflow/example_dags/example_bash_operator.py for tasks to queue
[2026-05-08T21:39:02.217+0000] {logging_mixin.py:190} INFO - [2026-05-08T21:39:02.217+0000] {dagbag.py:588} INFO - Filling up the DagBag from /home/airflow/.local/lib/python3.12/site-packages/airflow/example_dags/example_bash_operator.py
[2026-05-08T21:39:02.233+0000] {processor.py:925} INFO - DAG(s) 'example_bash_operator' retrieved from /home/airflow/.local/lib/python3.12/site-packages/airflow/example_dags/example_bash_operator.py
[2026-05-08T21:39:02.268+0000] {logging_mixin.py:190} INFO - [2026-05-08T21:39:02.268+0000] {dag.py:3239} INFO - Sync 1 DAGs
[2026-05-08T21:39:02.308+0000] {logging_mixin.py:190} INFO - [2026-05-08T21:39:02.308+0000] {dag.py:4180} INFO - Setting next_dagrun for example_bash_operator to 2026-05-07 00:00:00+00:00, run_after=2026-05-08 00:00:00+00:00
[2026-05-08T21:39:02.330+0000] {processor.py:208} INFO - Processing /home/airflow/.local/lib/python3.12/site-packages/airflow/example_dags/example_bash_operator.py took 0.123 seconds
[2026-05-08T21:39:32.412+0000] {processor.py:186} INFO - Started process (PID=8594) to work on /home/airflow/.local/lib/python3.12/site-packages/airflow/example_dags/example_bash_operator.py
[2026-05-08T21:39:32.413+0000] {processor.py:914} INFO - Processing file /home/airflow/.local/lib/python3.12/site-packages/airflow/example_dags/example_bash_operator.py for tasks to queue
[2026-05-08T21:39:32.415+0000] {logging_mixin.py:190} INFO - [2026-05-08T21:39:32.415+0000] {dagbag.py:588} INFO - Filling up the DagBag from /home/airflow/.local/lib/python3.12/site-packages/airflow/example_dags/example_bash_operator.py
[2026-05-08T21:39:32.428+0000] {processor.py:925} INFO - DAG(s) 'example_bash_operator' retrieved from /home/airflow/.local/lib/python3.12/site-packages/airflow/example_dags/example_bash_operator.py
[2026-05-08T21:39:32.451+0000] {logging_mixin.py:190} INFO - [2026-05-08T21:39:32.450+0000] {dag.py:3239} INFO - Sync 1 DAGs
[2026-05-08T21:39:32.475+0000] {logging_mixin.py:190} INFO - [2026-05-08T21:39:32.474+0000] {dag.py:4180} INFO - Setting next_dagrun for example_bash_operator to 2026-05-07 00:00:00+00:00, run_after=2026-05-08 00:00:00+00:00
[2026-05-08T21:39:32.489+0000] {processor.py:208} INFO - Processing /home/airflow/.local/lib/python3.12/site-packages/airflow/example_dags/example_bash_operator.py took 0.083 seconds
[2026-05-08T21:40:02.558+0000] {processor.py:186} INFO - Started process (PID=8658) to work on /home/airflow/.local/lib/python3.12/site-packages/airflow/example_dags/example_bash_operator.py
[2026-05-08T21:40:02.559+0000] {processor.py:914} INFO - Processing file /home/airflow/.local/lib/python3.12/site-packages/airflow/example_dags/example_bash_operator.py for tasks to queue
[2026-05-08T21:40:02.561+0000] {logging_mixin.py:190} INFO - [2026-05-08T21:40:02.560+0000] {dagbag.py:588} INFO - Filling up the DagBag from /home/airflow/.local/lib/python3.12/site-packages/airflow/example_dags/example_bash_operator.py
[2026-05-08T21:40:02.571+0000] {processor.py:925} INFO - DAG(s) 'example_bash_operator' retrieved from /home/airflow/.local/lib/python3.12/site-packages/airflow/example_dags/example_bash_operator.py
[2026-05-08T21:40:02.594+0000] {logging_mixin.py:190} INFO - [2026-05-08T21:40:02.593+0000] {dag.py:3239} INFO - Sync 1 DAGs
[2026-05-08T21:40:02.617+0000] {logging_mixin.py:190} INFO - [2026-05-08T21:40:02.617+0000] {dag.py:4180} INFO - Setting next_dagrun for example_bash_operator to 2026-05-07 00:00:00+00:00, run_after=2026-05-08 00:00:00+00:00
[2026-05-08T21:40:02.632+0000] {processor.py:208} INFO - Processing /home/airflow/.local/lib/python3.12/site-packages/airflow/example_dags/example_bash_operator.py took 0.079 seconds
[2026-05-08T21:40:32.913+0000] {processor.py:186} INFO - Started process (PID=8722) to work on /home/airflow/.local/lib/python3.12/site-packages/airflow/example_dags/example_bash_operator.py
[2026-05-08T21:40:32.914+0000] {processor.py:914} INFO - Processing file /home/airflow/.local/lib/python3.12/site-packages/airflow/example_dags/example_bash_operator.py for tasks to queue
[2026-05-08T21:40:32.916+0000] {logging_mixin.py:190} INFO - [2026-05-08T21:40:32.916+0000] {dagbag.py:588} INFO - Filling up the DagBag from /home/airflow/.local/lib/python3.12/site-packages/airflow/example_dags/example_bash_operator.py
[2026-05-08T21:40:32.930+0000] {processor.py:925} INFO - DAG(s) 'example_bash_operator' retrieved from /home/airflow/.local/lib/python3.12/site-packages/airflow/example_dags/example_bash_operator.py
[2026-05-08T21:40:32.952+0000] {logging_mixin.py:190} INFO - [2026-05-08T21:40:32.951+0000] {dag.py:3239} INFO - Sync 1 DAGs
[2026-05-08T21:40:32.971+0000] {logging_mixin.py:190} INFO - [2026-05-08T21:40:32.971+0000] {dag.py:4180} INFO - Setting next_dagrun for example_bash_operator to 2026-05-07 00:00:00+00:00, run_after=2026-05-08 00:00:00+00:00
[2026-05-08T21:40:32.985+0000] {processor.py:208} INFO - Processing /home/airflow/.local/lib/python3.12/site-packages/airflow/example_dags/example_bash_operator.py took 0.077 seconds
[2026-05-08T21:41:03.294+0000] {processor.py:186} INFO - Started process (PID=8786) to work on /home/airflow/.local/lib/python3.12/site-packages/airflow/example_dags/example_bash_operator.py
[2026-05-08T21:41:03.294+0000] {processor.py:914} INFO - Processing file /home/airflow/.local/lib/python3.12/site-packages/airflow/example_dags/example_bash_operator.py for tasks to queue
[2026-05-08T21:41:03.296+0000] {logging_mixin.py:190} INFO - [2026-05-08T21:41:03.296+0000] {dagbag.py:588} INFO - Filling up the DagBag from /home/airflow/.local/lib/python3.12/site-packages/airflow/example_dags/example_bash_operator.py
[2026-05-08T21:41:03.307+0000] {processor.py:925} INFO - DAG(s) 'example_bash_operator' retrieved from /home/airflow/.local/lib/python3.12/site-packages/airflow/example_dags/example_bash_operator.py
[2026-05-08T21:41:03.330+0000] {logging_mixin.py:190} INFO - [2026-05-08T21:41:03.329+0000] {dag.py:3239} INFO - Sync 1 DAGs
[2026-05-08T21:41:03.350+0000] {logging_mixin.py:190} INFO - [2026-05-08T21:41:03.350+0000] {dag.py:4180} INFO - Setting next_dagrun for example_bash_operator to 2026-05-07 00:00:00+00:00, run_after=2026-05-08 00:00:00+00:00
[2026-05-08T21:41:03.366+0000] {processor.py:208} INFO - Processing /home/airflow/.local/lib/python3.12/site-packages/airflow/example_dags/example_bash_operator.py took 0.077 seconds
[2026-05-08T21:41:33.936+0000] {processor.py:186} INFO - Started process (PID=8850) to work on /home/airflow/.local/lib/python3.12/site-packages/airflow/example_dags/example_bash_operator.py
[2026-05-08T21:41:33.937+0000] {processor.py:914} INFO - Processing file /home/airflow/.local/lib/python3.12/site-packages/airflow/example_dags/example_bash_operator.py for tasks to queue
[2026-05-08T21:41:33.938+0000] {logging_mixin.py:190} INFO - [2026-05-08T21:41:33.938+0000] {dagbag.py:588} INFO - Filling up the DagBag from /home/airflow/.local/lib/python3.12/site-packages/airflow/example_dags/example_bash_operator.py
[2026-05-08T21:41:33.949+0000] {processor.py:925} INFO - DAG(s) 'example_bash_operator' retrieved from /home/airflow/.local/lib/python3.12/site-packages/airflow/example_dags/example_bash_operator.py
[2026-05-08T21:41:33.973+0000] {logging_mixin.py:190} INFO - [2026-05-08T21:41:33.973+0000] {dag.py:3239} INFO - Sync 1 DAGs
[2026-05-08T21:41:33.991+0000] {logging_mixin.py:190} INFO - [2026-05-08T21:41:33.991+0000] {dag.py:4180} INFO - Setting next_dagrun for example_bash_operator to 2026-05-07 00:00:00+00:00, run_after=2026-05-08 00:00:00+00:00
[2026-05-08T21:41:34.005+0000] {processor.py:208} INFO - Processing /home/airflow/.local/lib/python3.12/site-packages/airflow/example_dags/example_bash_operator.py took 0.073 seconds
[2026-05-08T21:42:04.306+0000] {processor.py:186} INFO - Started process (PID=8914) to work on /home/airflow/.local/lib/python3.12/site-packages/airflow/example_dags/example_bash_operator.py
[2026-05-08T21:42:04.307+0000] {processor.py:914} INFO - Processing file /home/airflow/.local/lib/python3.12/site-packages/airflow/example_dags/example_bash_operator.py for tasks to queue
[2026-05-08T21:42:04.308+0000] {logging_mixin.py:190} INFO - [2026-05-08T21:42:04.308+0000] {dagbag.py:588} INFO - Filling up the DagBag from /home/airflow/.local/lib/python3.12/site-packages/airflow/example_dags/example_bash_operator.py
[2026-05-08T21:42:04.319+0000] {processor.py:925} INFO - DAG(s) 'example_bash_operator' retrieved from /home/airflow/.local/lib/python3.12/site-packages/airflow/example_dags/example_bash_operator.py
[2026-05-08T21:42:04.342+0000] {logging_mixin.py:190} INFO - [2026-05-08T21:42:04.342+0000] {dag.py:3239} INFO - Sync 1 DAGs
[2026-05-08T21:42:04.362+0000] {logging_mixin.py:190} INFO - [2026-05-08T21:42:04.362+0000] {dag.py:4180} INFO - Setting next_dagrun for example_bash_operator to 2026-05-07 00:00:00+00:00, run_after=2026-05-08 00:00:00+00:00
[2026-05-08T21:42:04.378+0000] {processor.py:208} INFO - Processing /home/airflow/.local/lib/python3.12/site-packages/airflow/example_dags/example_bash_operator.py took 0.076 seconds
[2026-05-08T21:42:35.116+0000] {processor.py:186} INFO - Started process (PID=8978) to work on /home/airflow/.local/lib/python3.12/site-packages/airflow/example_dags/example_bash_operator.py
[2026-05-08T21:42:35.116+0000] {processor.py:914} INFO - Processing file /home/airflow/.local/lib/python3.12/site-packages/airflow/example_dags/example_bash_operator.py for tasks to queue
[2026-05-08T21:42:35.118+0000] {logging_mixin.py:190} INFO - [2026-05-08T21:42:35.118+0000] {dagbag.py:588} INFO - Filling up the DagBag from /home/airflow/.local/lib/python3.12/site-packages/airflow/example_dags/example_bash_operator.py
[2026-05-08T21:42:35.129+0000] {processor.py:925} INFO - DAG(s) 'example_bash_operator' retrieved from /home/airflow/.local/lib/python3.12/site-packages/airflow/example_dags/example_bash_operator.py
[2026-05-08T21:42:35.155+0000] {logging_mixin.py:190} INFO - [2026-05-08T21:42:35.155+0000] {dag.py:3239} INFO - Sync 1 DAGs
[2026-05-08T21:42:35.176+0000] {logging_mixin.py:190} INFO - [2026-05-08T21:42:35.176+0000] {dag.py:4180} INFO - Setting next_dagrun for example_bash_operator to 2026-05-07 00:00:00+00:00, run_after=2026-05-08 00:00:00+00:00
[2026-05-08T21:42:35.189+0000] {processor.py:208} INFO - Processing /home/airflow/.local/lib/python3.12/site-packages/airflow/example_dags/example_bash_operator.py took 0.079 seconds
[2026-05-08T21:43:05.870+0000] {processor.py:186} INFO - Started process (PID=9042) to work on /home/airflow/.local/lib/python3.12/site-packages/airflow/example_dags/example_bash_operator.py
[2026-05-08T21:43:05.871+0000] {processor.py:914} INFO - Processing file /home/airflow/.local/lib/python3.12/site-packages/airflow/example_dags/example_bash_operator.py for tasks to queue
[2026-05-08T21:43:05.873+0000] {logging_mixin.py:190} INFO - [2026-05-08T21:43:05.872+0000] {dagbag.py:588} INFO - Filling up the DagBag from /home/airflow/.local/lib/python3.12/site-packages/airflow/example_dags/example_bash_operator.py
[2026-05-08T21:43:05.884+0000] {processor.py:925} INFO - DAG(s) 'example_bash_operator' retrieved from /home/airflow/.local/lib/python3.12/site-packages/airflow/example_dags/example_bash_operator.py
[2026-05-08T21:43:05.907+0000] {logging_mixin.py:190} INFO - [2026-05-08T21:43:05.907+0000] {dag.py:3239} INFO - Sync 1 DAGs
[2026-05-08T21:43:05.934+0000] {logging_mixin.py:190} INFO - [2026-05-08T21:43:05.933+0000] {dag.py:4180} INFO - Setting next_dagrun for example_bash_operator to 2026-05-07 00:00:00+00:00, run_after=2026-05-08 00:00:00+00:00
[2026-05-08T21:43:05.951+0000] {processor.py:208} INFO - Processing /home/airflow/.local/lib/python3.12/site-packages/airflow/example_dags/example_bash_operator.py took 0.086 seconds
[2026-05-08T21:43:36.543+0000] {processor.py:186} INFO - Started process (PID=9106) to work on /home/airflow/.local/lib/python3.12/site-packages/airflow/example_dags/example_bash_operator.py
[2026-05-08T21:43:36.544+0000] {processor.py:914} INFO - Processing file /home/airflow/.local/lib/python3.12/site-packages/airflow/example_dags/example_bash_operator.py for tasks to queue
[2026-05-08T21:43:36.545+0000] {logging_mixin.py:190} INFO - [2026-05-08T21:43:36.545+0000] {dagbag.py:588} INFO - Filling up the DagBag from /home/airflow/.local/lib/python3.12/site-packages/airflow/example_dags/example_bash_operator.py
[2026-05-08T21:43:36.556+0000] {processor.py:925} INFO - DAG(s) 'example_bash_operator' retrieved from /home/airflow/.local/lib/python3.12/site-packages/airflow/example_dags/example_bash_operator.py
[2026-05-08T21:43:36.580+0000] {logging_mixin.py:190} INFO - [2026-05-08T21:43:36.580+0000] {dag.py:3239} INFO - Sync 1 DAGs
[2026-05-08T21:43:36.598+0000] {logging_mixin.py:190} INFO - [2026-05-08T21:43:36.598+0000] {dag.py:4180} INFO - Setting next_dagrun for example_bash_operator to 2026-05-07 00:00:00+00:00, run_after=2026-05-08 00:00:00+00:00
[2026-05-08T21:43:36.611+0000] {processor.py:208} INFO - Processing /home/airflow/.local/lib/python3.12/site-packages/airflow/example_dags/example_bash_operator.py took 0.073 seconds
[2026-05-08T21:44:07.095+0000] {processor.py:186} INFO - Started process (PID=9170) to work on /home/airflow/.local/lib/python3.12/site-packages/airflow/example_dags/example_bash_operator.py
[2026-05-08T21:44:07.096+0000] {processor.py:914} INFO - Processing file /home/airflow/.local/lib/python3.12/site-packages/airflow/example_dags/example_bash_operator.py for tasks to queue
[2026-05-08T21:44:07.097+0000] {logging_mixin.py:190} INFO - [2026-05-08T21:44:07.097+0000] {dagbag.py:588} INFO - Filling up the DagBag from /home/airflow/.local/lib/python3.12/site-packages/airflow/example_dags/example_bash_operator.py
[2026-05-08T21:44:07.108+0000] {processor.py:925} INFO - DAG(s) 'example_bash_operator' retrieved from /home/airflow/.local/lib/python3.12/site-packages/airflow/example_dags/example_bash_operator.py
[2026-05-08T21:44:07.129+0000] {logging_mixin.py:190} INFO - [2026-05-08T21:44:07.129+0000] {dag.py:3239} INFO - Sync 1 DAGs
[2026-05-08T21:44:07.148+0000] {logging_mixin.py:190} INFO - [2026-05-08T21:44:07.148+0000] {dag.py:4180} INFO - Setting next_dagrun for example_bash_operator to 2026-05-07 00:00:00+00:00, run_after=2026-05-08 00:00:00+00:00
[2026-05-08T21:44:07.161+0000] {processor.py:208} INFO - Processing /home/airflow/.local/lib/python3.12/site-packages/airflow/example_dags/example_bash_operator.py took 0.070 seconds
[2026-05-08T21:44:37.781+0000] {processor.py:186} INFO - Started process (PID=9234) to work on /home/airflow/.local/lib/python3.12/site-packages/airflow/example_dags/example_bash_operator.py
[2026-05-08T21:44:37.781+0000] {processor.py:914} INFO - Processing file /home/airflow/.local/lib/python3.12/site-packages/airflow/example_dags/example_bash_operator.py for tasks to queue
[2026-05-08T21:44:37.783+0000] {logging_mixin.py:190} INFO - [2026-05-08T21:44:37.783+0000] {dagbag.py:588} INFO - Filling up the DagBag from /home/airflow/.local/lib/python3.12/site-packages/airflow/example_dags/example_bash_operator.py
[2026-05-08T21:44:37.793+0000] {processor.py:925} INFO - DAG(s) 'example_bash_operator' retrieved from /home/airflow/.local/lib/python3.12/site-packages/airflow/example_dags/example_bash_operator.py
[2026-05-08T21:44:37.814+0000] {logging_mixin.py:190} INFO - [2026-05-08T21:44:37.814+0000] {dag.py:3239} INFO - Sync 1 DAGs
[2026-05-08T21:44:37.833+0000] {logging_mixin.py:190} INFO - [2026-05-08T21:44:37.833+0000] {dag.py:4180} INFO - Setting next_dagrun for example_bash_operator to 2026-05-07 00:00:00+00:00, run_after=2026-05-08 00:00:00+00:00
[2026-05-08T21:44:37.846+0000] {processor.py:208} INFO - Processing /home/airflow/.local/lib/python3.12/site-packages/airflow/example_dags/example_bash_operator.py took 0.070 seconds
[2026-05-08T21:45:07.965+0000] {processor.py:186} INFO - Started process (PID=9298) to work on /home/airflow/.local/lib/python3.12/site-packages/airflow/example_dags/example_bash_operator.py
[2026-05-08T21:45:07.966+0000] {processor.py:914} INFO - Processing file /home/airflow/.local/lib/python3.12/site-packages/airflow/example_dags/example_bash_operator.py for tasks to queue
[2026-05-08T21:45:07.968+0000] {logging_mixin.py:190} INFO - [2026-05-08T21:45:07.968+0000] {dagbag.py:588} INFO - Filling up the DagBag from /home/airflow/.local/lib/python3.12/site-packages/airflow/example_dags/example_bash_operator.py
[2026-05-08T21:45:07.989+0000] {processor.py:925} INFO - DAG(s) 'example_bash_operator' retrieved from /home/airflow/.local/lib/python3.12/site-packages/airflow/example_dags/example_bash_operator.py
[2026-05-08T21:45:08.011+0000] {logging_mixin.py:190} INFO - [2026-05-08T21:45:08.011+0000] {dag.py:3239} INFO - Sync 1 DAGs
[2026-05-08T21:45:08.033+0000] {logging_mixin.py:190} INFO - [2026-05-08T21:45:08.032+0000] {dag.py:4180} INFO - Setting next_dagrun for example_bash_operator to 2026-05-07 00:00:00+00:00, run_after=2026-05-08 00:00:00+00:00
[2026-05-08T21:45:08.050+0000] {processor.py:208} INFO - Processing /home/airflow/.local/lib/python3.12/site-packages/airflow/example_dags/example_bash_operator.py took 0.092 seconds
[2026-05-08T21:45:38.551+0000] {processor.py:186} INFO - Started process (PID=9368) to work on /home/airflow/.local/lib/python3.12/site-packages/airflow/example_dags/example_bash_operator.py
[2026-05-08T21:45:38.552+0000] {processor.py:914} INFO - Processing file /home/airflow/.local/lib/python3.12/site-packages/airflow/example_dags/example_bash_operator.py for tasks to queue
[2026-05-08T21:45:38.554+0000] {logging_mixin.py:190} INFO - [2026-05-08T21:45:38.553+0000] {dagbag.py:588} INFO - Filling up the DagBag from /home/airflow/.local/lib/python3.12/site-packages/airflow/example_dags/example_bash_operator.py
[2026-05-08T21:45:38.567+0000] {processor.py:925} INFO - DAG(s) 'example_bash_operator' retrieved from /home/airflow/.local/lib/python3.12/site-packages/airflow/example_dags/example_bash_operator.py
[2026-05-08T21:45:38.590+0000] {logging_mixin.py:190} INFO - [2026-05-08T21:45:38.590+0000] {dag.py:3239} INFO - Sync 1 DAGs
[2026-05-08T21:45:38.611+0000] {logging_mixin.py:190} INFO - [2026-05-08T21:45:38.610+0000] {dag.py:4180} INFO - Setting next_dagrun for example_bash_operator to 2026-05-07 00:00:00+00:00, run_after=2026-05-08 00:00:00+00:00
[2026-05-08T21:45:38.627+0000] {processor.py:208} INFO - Processing /home/airflow/.local/lib/python3.12/site-packages/airflow/example_dags/example_bash_operator.py took 0.082 seconds
[2026-05-08T21:46:09.211+0000] {processor.py:186} INFO - Started process (PID=9432) to work on /home/airflow/.local/lib/python3.12/site-packages/airflow/example_dags/example_bash_operator.py
[2026-05-08T21:46:09.211+0000] {processor.py:914} INFO - Processing file /home/airflow/.local/lib/python3.12/site-packages/airflow/example_dags/example_bash_operator.py for tasks to queue
[2026-05-08T21:46:09.214+0000] {logging_mixin.py:190} INFO - [2026-05-08T21:46:09.213+0000] {dagbag.py:588} INFO - Filling up the DagBag from /home/airflow/.local/lib/python3.12/site-packages/airflow/example_dags/example_bash_operator.py
[2026-05-08T21:46:09.230+0000] {processor.py:925} INFO - DAG(s) 'example_bash_operator' retrieved from /home/airflow/.local/lib/python3.12/site-packages/airflow/example_dags/example_bash_operator.py
[2026-05-08T21:46:09.254+0000] {logging_mixin.py:190} INFO - [2026-05-08T21:46:09.254+0000] {dag.py:3239} INFO - Sync 1 DAGs
[2026-05-08T21:46:09.274+0000] {logging_mixin.py:190} INFO - [2026-05-08T21:46:09.274+0000] {dag.py:4180} INFO - Setting next_dagrun for example_bash_operator to 2026-05-07 00:00:00+00:00, run_after=2026-05-08 00:00:00+00:00
[2026-05-08T21:46:09.288+0000] {processor.py:208} INFO - Processing /home/airflow/.local/lib/python3.12/site-packages/airflow/example_dags/example_bash_operator.py took 0.084 seconds
[2026-05-08T21:46:39.863+0000] {processor.py:186} INFO - Started process (PID=9496) to work on /home/airflow/.local/lib/python3.12/site-packages/airflow/example_dags/example_bash_operator.py
[2026-05-08T21:46:39.863+0000] {processor.py:914} INFO - Processing file /home/airflow/.local/lib/python3.12/site-packages/airflow/example_dags/example_bash_operator.py for tasks to queue
[2026-05-08T21:46:39.865+0000] {logging_mixin.py:190} INFO - [2026-05-08T21:46:39.865+0000] {dagbag.py:588} INFO - Filling up the DagBag from /home/airflow/.local/lib/python3.12/site-packages/airflow/example_dags/example_bash_operator.py
[2026-05-08T21:46:39.879+0000] {processor.py:925} INFO - DAG(s) 'example_bash_operator' retrieved from /home/airflow/.local/lib/python3.12/site-packages/airflow/example_dags/example_bash_operator.py
[2026-05-08T21:46:39.902+0000] {logging_mixin.py:190} INFO - [2026-05-08T21:46:39.902+0000] {dag.py:3239} INFO - Sync 1 DAGs
[2026-05-08T21:46:39.925+0000] {logging_mixin.py:190} INFO - [2026-05-08T21:46:39.925+0000] {dag.py:4180} INFO - Setting next_dagrun for example_bash_operator to 2026-05-07 00:00:00+00:00, run_after=2026-05-08 00:00:00+00:00
[2026-05-08T21:46:39.940+0000] {processor.py:208} INFO - Processing /home/airflow/.local/lib/python3.12/site-packages/airflow/example_dags/example_bash_operator.py took 0.082 seconds
[2026-05-08T21:47:10.442+0000] {processor.py:186} INFO - Started process (PID=9560) to work on /home/airflow/.local/lib/python3.12/site-packages/airflow/example_dags/example_bash_operator.py
[2026-05-08T21:47:10.443+0000] {processor.py:914} INFO - Processing file /home/airflow/.local/lib/python3.12/site-packages/airflow/example_dags/example_bash_operator.py for tasks to queue
[2026-05-08T21:47:10.445+0000] {logging_mixin.py:190} INFO - [2026-05-08T21:47:10.445+0000] {dagbag.py:588} INFO - Filling up the DagBag from /home/airflow/.local/lib/python3.12/site-packages/airflow/example_dags/example_bash_operator.py
[2026-05-08T21:47:10.456+0000] {processor.py:925} INFO - DAG(s) 'example_bash_operator' retrieved from /home/airflow/.local/lib/python3.12/site-packages/airflow/example_dags/example_bash_operator.py
[2026-05-08T21:47:10.484+0000] {logging_mixin.py:190} INFO - [2026-05-08T21:47:10.484+0000] {dag.py:3239} INFO - Sync 1 DAGs
[2026-05-08T21:47:10.505+0000] {logging_mixin.py:190} INFO - [2026-05-08T21:47:10.505+0000] {dag.py:4180} INFO - Setting next_dagrun for example_bash_operator to 2026-05-07 00:00:00+00:00, run_after=2026-05-08 00:00:00+00:00
[2026-05-08T21:47:10.518+0000] {processor.py:208} INFO - Processing /home/airflow/.local/lib/python3.12/site-packages/airflow/example_dags/example_bash_operator.py took 0.081 seconds
[2026-05-08T21:47:41.036+0000] {processor.py:186} INFO - Started process (PID=9624) to work on /home/airflow/.local/lib/python3.12/site-packages/airflow/example_dags/example_bash_operator.py
[2026-05-08T21:47:41.036+0000] {processor.py:914} INFO - Processing file /home/airflow/.local/lib/python3.12/site-packages/airflow/example_dags/example_bash_operator.py for tasks to queue
[2026-05-08T21:47:41.038+0000] {logging_mixin.py:190} INFO - [2026-05-08T21:47:41.038+0000] {dagbag.py:588} INFO - Filling up the DagBag from /home/airflow/.local/lib/python3.12/site-packages/airflow/example_dags/example_bash_operator.py
[2026-05-08T21:47:41.049+0000] {processor.py:925} INFO - DAG(s) 'example_bash_operator' retrieved from /home/airflow/.local/lib/python3.12/site-packages/airflow/example_dags/example_bash_operator.py
[2026-05-08T21:47:41.077+0000] {logging_mixin.py:190} INFO - [2026-05-08T21:47:41.077+0000] {dag.py:3239} INFO - Sync 1 DAGs
[2026-05-08T21:47:41.101+0000] {logging_mixin.py:190} INFO - [2026-05-08T21:47:41.101+0000] {dag.py:4180} INFO - Setting next_dagrun for example_bash_operator to 2026-05-07 00:00:00+00:00, run_after=2026-05-08 00:00:00+00:00
[2026-05-08T21:47:41.113+0000] {processor.py:208} INFO - Processing /home/airflow/.local/lib/python3.12/site-packages/airflow/example_dags/example_bash_operator.py took 0.083 seconds
[2026-05-08T21:48:11.608+0000] {processor.py:186} INFO - Started process (PID=9688) to work on /home/airflow/.local/lib/python3.12/site-packages/airflow/example_dags/example_bash_operator.py
[2026-05-08T21:48:11.608+0000] {processor.py:914} INFO - Processing file /home/airflow/.local/lib/python3.12/site-packages/airflow/example_dags/example_bash_operator.py for tasks to queue
[2026-05-08T21:48:11.610+0000] {logging_mixin.py:190} INFO - [2026-05-08T21:48:11.610+0000] {dagbag.py:588} INFO - Filling up the DagBag from /home/airflow/.local/lib/python3.12/site-packages/airflow/example_dags/example_bash_operator.py
[2026-05-08T21:48:11.624+0000] {processor.py:925} INFO - DAG(s) 'example_bash_operator' retrieved from /home/airflow/.local/lib/python3.12/site-packages/airflow/example_dags/example_bash_operator.py
[2026-05-08T21:48:11.651+0000] {logging_mixin.py:190} INFO - [2026-05-08T21:48:11.651+0000] {dag.py:3239} INFO - Sync 1 DAGs
[2026-05-08T21:48:11.676+0000] {logging_mixin.py:190} INFO - [2026-05-08T21:48:11.675+0000] {dag.py:4180} INFO - Setting next_dagrun for example_bash_operator to 2026-05-07 00:00:00+00:00, run_after=2026-05-08 00:00:00+00:00
[2026-05-08T21:48:11.689+0000] {processor.py:208} INFO - Processing /home/airflow/.local/lib/python3.12/site-packages/airflow/example_dags/example_bash_operator.py took 0.086 seconds
[2026-05-08T21:48:42.108+0000] {processor.py:186} INFO - Started process (PID=9752) to work on /home/airflow/.local/lib/python3.12/site-packages/airflow/example_dags/example_bash_operator.py
[2026-05-08T21:48:42.108+0000] {processor.py:914} INFO - Processing file /home/airflow/.local/lib/python3.12/site-packages/airflow/example_dags/example_bash_operator.py for tasks to queue
[2026-05-08T21:48:42.111+0000] {logging_mixin.py:190} INFO - [2026-05-08T21:48:42.110+0000] {dagbag.py:588} INFO - Filling up the DagBag from /home/airflow/.local/lib/python3.12/site-packages/airflow/example_dags/example_bash_operator.py
[2026-05-08T21:48:42.125+0000] {processor.py:925} INFO - DAG(s) 'example_bash_operator' retrieved from /home/airflow/.local/lib/python3.12/site-packages/airflow/example_dags/example_bash_operator.py
[2026-05-08T21:48:42.153+0000] {logging_mixin.py:190} INFO - [2026-05-08T21:48:42.153+0000] {dag.py:3239} INFO - Sync 1 DAGs
[2026-05-08T21:48:42.178+0000] {logging_mixin.py:190} INFO - [2026-05-08T21:48:42.177+0000] {dag.py:4180} INFO - Setting next_dagrun for example_bash_operator to 2026-05-07 00:00:00+00:00, run_after=2026-05-08 00:00:00+00:00
[2026-05-08T21:48:42.190+0000] {processor.py:208} INFO - Processing /home/airflow/.local/lib/python3.12/site-packages/airflow/example_dags/example_bash_operator.py took 0.087 seconds
[2026-05-08T21:49:12.728+0000] {processor.py:186} INFO - Started process (PID=9816) to work on /home/airflow/.local/lib/python3.12/site-packages/airflow/example_dags/example_bash_operator.py
[2026-05-08T21:49:12.728+0000] {processor.py:914} INFO - Processing file /home/airflow/.local/lib/python3.12/site-packages/airflow/example_dags/example_bash_operator.py for tasks to queue
[2026-05-08T21:49:12.731+0000] {logging_mixin.py:190} INFO - [2026-05-08T21:49:12.730+0000] {dagbag.py:588} INFO - Filling up the DagBag from /home/airflow/.local/lib/python3.12/site-packages/airflow/example_dags/example_bash_operator.py
[2026-05-08T21:49:12.742+0000] {processor.py:925} INFO - DAG(s) 'example_bash_operator' retrieved from /home/airflow/.local/lib/python3.12/site-packages/airflow/example_dags/example_bash_operator.py
[2026-05-08T21:49:12.767+0000] {logging_mixin.py:190} INFO - [2026-05-08T21:49:12.767+0000] {dag.py:3239} INFO - Sync 1 DAGs
[2026-05-08T21:49:12.790+0000] {logging_mixin.py:190} INFO - [2026-05-08T21:49:12.790+0000] {dag.py:4180} INFO - Setting next_dagrun for example_bash_operator to 2026-05-07 00:00:00+00:00, run_after=2026-05-08 00:00:00+00:00
[2026-05-08T21:49:12.802+0000] {processor.py:208} INFO - Processing /home/airflow/.local/lib/python3.12/site-packages/airflow/example_dags/example_bash_operator.py took 0.080 seconds
[2026-05-08T21:49:43.195+0000] {processor.py:186} INFO - Started process (PID=9880) to work on /home/airflow/.local/lib/python3.12/site-packages/airflow/example_dags/example_bash_operator.py
[2026-05-08T21:49:43.195+0000] {processor.py:914} INFO - Processing file /home/airflow/.local/lib/python3.12/site-packages/airflow/example_dags/example_bash_operator.py for tasks to queue
[2026-05-08T21:49:43.197+0000] {logging_mixin.py:190} INFO - [2026-05-08T21:49:43.197+0000] {dagbag.py:588} INFO - Filling up the DagBag from /home/airflow/.local/lib/python3.12/site-packages/airflow/example_dags/example_bash_operator.py
[2026-05-08T21:49:43.208+0000] {processor.py:925} INFO - DAG(s) 'example_bash_operator' retrieved from /home/airflow/.local/lib/python3.12/site-packages/airflow/example_dags/example_bash_operator.py
[2026-05-08T21:49:43.229+0000] {logging_mixin.py:190} INFO - [2026-05-08T21:49:43.229+0000] {dag.py:3239} INFO - Sync 1 DAGs
[2026-05-08T21:49:43.250+0000] {logging_mixin.py:190} INFO - [2026-05-08T21:49:43.250+0000] {dag.py:4180} INFO - Setting next_dagrun for example_bash_operator to 2026-05-07 00:00:00+00:00, run_after=2026-05-08 00:00:00+00:00
[2026-05-08T21:49:43.265+0000] {processor.py:208} INFO - Processing /home/airflow/.local/lib/python3.12/site-packages/airflow/example_dags/example_bash_operator.py took 0.076 seconds
[2026-05-08T21:50:13.727+0000] {processor.py:186} INFO - Started process (PID=9944) to work on /home/airflow/.local/lib/python3.12/site-packages/airflow/example_dags/example_bash_operator.py
[2026-05-08T21:50:13.728+0000] {processor.py:914} INFO - Processing file /home/airflow/.local/lib/python3.12/site-packages/airflow/example_dags/example_bash_operator.py for tasks to queue
[2026-05-08T21:50:13.729+0000] {logging_mixin.py:190} INFO - [2026-05-08T21:50:13.729+0000] {dagbag.py:588} INFO - Filling up the DagBag from /home/airflow/.local/lib/python3.12/site-packages/airflow/example_dags/example_bash_operator.py
[2026-05-08T21:50:13.740+0000] {processor.py:925} INFO - DAG(s) 'example_bash_operator' retrieved from /home/airflow/.local/lib/python3.12/site-packages/airflow/example_dags/example_bash_operator.py
[2026-05-08T21:50:13.762+0000] {logging_mixin.py:190} INFO - [2026-05-08T21:50:13.762+0000] {dag.py:3239} INFO - Sync 1 DAGs
[2026-05-08T21:50:13.783+0000] {logging_mixin.py:190} INFO - [2026-05-08T21:50:13.783+0000] {dag.py:4180} INFO - Setting next_dagrun for example_bash_operator to 2026-05-07 00:00:00+00:00, run_after=2026-05-08 00:00:00+00:00
[2026-05-08T21:50:13.797+0000] {processor.py:208} INFO - Processing /home/airflow/.local/lib/python3.12/site-packages/airflow/example_dags/example_bash_operator.py took 0.074 seconds
[2026-05-08T21:50:44.203+0000] {processor.py:186} INFO - Started process (PID=10008) to work on /home/airflow/.local/lib/python3.12/site-packages/airflow/example_dags/example_bash_operator.py
[2026-05-08T21:50:44.203+0000] {processor.py:914} INFO - Processing file /home/airflow/.local/lib/python3.12/site-packages/airflow/example_dags/example_bash_operator.py for tasks to queue
[2026-05-08T21:50:44.205+0000] {logging_mixin.py:190} INFO - [2026-05-08T21:50:44.205+0000] {dagbag.py:588} INFO - Filling up the DagBag from /home/airflow/.local/lib/python3.12/site-packages/airflow/example_dags/example_bash_operator.py
[2026-05-08T21:50:44.216+0000] {processor.py:925} INFO - DAG(s) 'example_bash_operator' retrieved from /home/airflow/.local/lib/python3.12/site-packages/airflow/example_dags/example_bash_operator.py
[2026-05-08T21:50:44.236+0000] {logging_mixin.py:190} INFO - [2026-05-08T21:50:44.236+0000] {dag.py:3239} INFO - Sync 1 DAGs
[2026-05-08T21:50:44.254+0000] {logging_mixin.py:190} INFO - [2026-05-08T21:50:44.254+0000] {dag.py:4180} INFO - Setting next_dagrun for example_bash_operator to 2026-05-07 00:00:00+00:00, run_after=2026-05-08 00:00:00+00:00
[2026-05-08T21:50:44.267+0000] {processor.py:208} INFO - Processing /home/airflow/.local/lib/python3.12/site-packages/airflow/example_dags/example_bash_operator.py took 0.069 seconds
[2026-05-08T21:51:14.438+0000] {processor.py:186} INFO - Started process (PID=10072) to work on /home/airflow/.local/lib/python3.12/site-packages/airflow/example_dags/example_bash_operator.py
[2026-05-08T21:51:14.438+0000] {processor.py:914} INFO - Processing file /home/airflow/.local/lib/python3.12/site-packages/airflow/example_dags/example_bash_operator.py for tasks to queue
[2026-05-08T21:51:14.440+0000] {logging_mixin.py:190} INFO - [2026-05-08T21:51:14.440+0000] {dagbag.py:588} INFO - Filling up the DagBag from /home/airflow/.local/lib/python3.12/site-packages/airflow/example_dags/example_bash_operator.py
[2026-05-08T21:51:14.450+0000] {processor.py:925} INFO - DAG(s) 'example_bash_operator' retrieved from /home/airflow/.local/lib/python3.12/site-packages/airflow/example_dags/example_bash_operator.py
[2026-05-08T21:51:14.472+0000] {logging_mixin.py:190} INFO - [2026-05-08T21:51:14.471+0000] {dag.py:3239} INFO - Sync 1 DAGs
[2026-05-08T21:51:14.490+0000] {logging_mixin.py:190} INFO - [2026-05-08T21:51:14.490+0000] {dag.py:4180} INFO - Setting next_dagrun for example_bash_operator to 2026-05-07 00:00:00+00:00, run_after=2026-05-08 00:00:00+00:00
[2026-05-08T21:51:14.504+0000] {processor.py:208} INFO - Processing /home/airflow/.local/lib/python3.12/site-packages/airflow/example_dags/example_bash_operator.py took 0.070 seconds
[2026-05-08T21:51:44.684+0000] {processor.py:186} INFO - Started process (PID=10136) to work on /home/airflow/.local/lib/python3.12/site-packages/airflow/example_dags/example_bash_operator.py
[2026-05-08T21:51:44.684+0000] {processor.py:914} INFO - Processing file /home/airflow/.local/lib/python3.12/site-packages/airflow/example_dags/example_bash_operator.py for tasks to queue
[2026-05-08T21:51:44.686+0000] {logging_mixin.py:190} INFO - [2026-05-08T21:51:44.686+0000] {dagbag.py:588} INFO - Filling up the DagBag from /home/airflow/.local/lib/python3.12/site-packages/airflow/example_dags/example_bash_operator.py
[2026-05-08T21:51:44.698+0000] {processor.py:925} INFO - DAG(s) 'example_bash_operator' retrieved from /home/airflow/.local/lib/python3.12/site-packages/airflow/example_dags/example_bash_operator.py
[2026-05-08T21:51:44.725+0000] {logging_mixin.py:190} INFO - [2026-05-08T21:51:44.725+0000] {dag.py:3239} INFO - Sync 1 DAGs
[2026-05-08T21:51:44.748+0000] {logging_mixin.py:190} INFO - [2026-05-08T21:51:44.747+0000] {dag.py:4180} INFO - Setting next_dagrun for example_bash_operator to 2026-05-07 00:00:00+00:00, run_after=2026-05-08 00:00:00+00:00
[2026-05-08T21:51:44.760+0000] {processor.py:208} INFO - Processing /home/airflow/.local/lib/python3.12/site-packages/airflow/example_dags/example_bash_operator.py took 0.081 seconds
[2026-05-08T21:52:15.589+0000] {processor.py:186} INFO - Started process (PID=10199) to work on /home/airflow/.local/lib/python3.12/site-packages/airflow/example_dags/example_bash_operator.py
[2026-05-08T21:52:15.590+0000] {processor.py:914} INFO - Processing file /home/airflow/.local/lib/python3.12/site-packages/airflow/example_dags/example_bash_operator.py for tasks to queue
[2026-05-08T21:52:15.592+0000] {logging_mixin.py:190} INFO - [2026-05-08T21:52:15.591+0000] {dagbag.py:588} INFO - Filling up the DagBag from /home/airflow/.local/lib/python3.12/site-packages/airflow/example_dags/example_bash_operator.py
[2026-05-08T21:52:15.606+0000] {processor.py:925} INFO - DAG(s) 'example_bash_operator' retrieved from /home/airflow/.local/lib/python3.12/site-packages/airflow/example_dags/example_bash_operator.py
[2026-05-08T21:52:15.633+0000] {logging_mixin.py:190} INFO - [2026-05-08T21:52:15.632+0000] {dag.py:3239} INFO - Sync 1 DAGs
[2026-05-08T21:52:15.652+0000] {logging_mixin.py:190} INFO - [2026-05-08T21:52:15.652+0000] {dag.py:4180} INFO - Setting next_dagrun for example_bash_operator to 2026-05-07 00:00:00+00:00, run_after=2026-05-08 00:00:00+00:00
[2026-05-08T21:52:15.668+0000] {processor.py:208} INFO - Processing /home/airflow/.local/lib/python3.12/site-packages/airflow/example_dags/example_bash_operator.py took 0.086 seconds
[2026-05-08T21:52:46.899+0000] {processor.py:186} INFO - Started process (PID=10263) to work on /home/airflow/.local/lib/python3.12/site-packages/airflow/example_dags/example_bash_operator.py
[2026-05-08T21:52:46.899+0000] {processor.py:914} INFO - Processing file /home/airflow/.local/lib/python3.12/site-packages/airflow/example_dags/example_bash_operator.py for tasks to queue
[2026-05-08T21:52:46.902+0000] {logging_mixin.py:190} INFO - [2026-05-08T21:52:46.901+0000] {dagbag.py:588} INFO - Filling up the DagBag from /home/airflow/.local/lib/python3.12/site-packages/airflow/example_dags/example_bash_operator.py
[2026-05-08T21:52:46.917+0000] {processor.py:925} INFO - DAG(s) 'example_bash_operator' retrieved from /home/airflow/.local/lib/python3.12/site-packages/airflow/example_dags/example_bash_operator.py
[2026-05-08T21:52:46.949+0000] {logging_mixin.py:190} INFO - [2026-05-08T21:52:46.949+0000] {dag.py:3239} INFO - Sync 1 DAGs
[2026-05-08T21:52:46.975+0000] {logging_mixin.py:190} INFO - [2026-05-08T21:52:46.975+0000] {dag.py:4180} INFO - Setting next_dagrun for example_bash_operator to 2026-05-07 00:00:00+00:00, run_after=2026-05-08 00:00:00+00:00
[2026-05-08T21:52:46.990+0000] {processor.py:208} INFO - Processing /home/airflow/.local/lib/python3.12/site-packages/airflow/example_dags/example_bash_operator.py took 0.098 seconds
[2026-05-08T21:53:17.956+0000] {processor.py:186} INFO - Started process (PID=10327) to work on /home/airflow/.local/lib/python3.12/site-packages/airflow/example_dags/example_bash_operator.py
[2026-05-08T21:53:17.957+0000] {processor.py:914} INFO - Processing file /home/airflow/.local/lib/python3.12/site-packages/airflow/example_dags/example_bash_operator.py for tasks to queue
[2026-05-08T21:53:17.959+0000] {logging_mixin.py:190} INFO - [2026-05-08T21:53:17.959+0000] {dagbag.py:588} INFO - Filling up the DagBag from /home/airflow/.local/lib/python3.12/site-packages/airflow/example_dags/example_bash_operator.py
[2026-05-08T21:53:17.975+0000] {processor.py:925} INFO - DAG(s) 'example_bash_operator' retrieved from /home/airflow/.local/lib/python3.12/site-packages/airflow/example_dags/example_bash_operator.py
[2026-05-08T21:53:18.008+0000] {logging_mixin.py:190} INFO - [2026-05-08T21:53:18.008+0000] {dag.py:3239} INFO - Sync 1 DAGs
[2026-05-08T21:53:18.032+0000] {logging_mixin.py:190} INFO - [2026-05-08T21:53:18.032+0000] {dag.py:4180} INFO - Setting next_dagrun for example_bash_operator to 2026-05-07 00:00:00+00:00, run_after=2026-05-08 00:00:00+00:00
[2026-05-08T21:53:18.045+0000] {processor.py:208} INFO - Processing /home/airflow/.local/lib/python3.12/site-packages/airflow/example_dags/example_bash_operator.py took 0.096 seconds
[2026-05-08T21:53:48.288+0000] {processor.py:186} INFO - Started process (PID=10391) to work on /home/airflow/.local/lib/python3.12/site-packages/airflow/example_dags/example_bash_operator.py
[2026-05-08T21:53:48.289+0000] {processor.py:914} INFO - Processing file /home/airflow/.local/lib/python3.12/site-packages/airflow/example_dags/example_bash_operator.py for tasks to queue
[2026-05-08T21:53:48.290+0000] {logging_mixin.py:190} INFO - [2026-05-08T21:53:48.290+0000] {dagbag.py:588} INFO - Filling up the DagBag from /home/airflow/.local/lib/python3.12/site-packages/airflow/example_dags/example_bash_operator.py
[2026-05-08T21:53:48.301+0000] {processor.py:925} INFO - DAG(s) 'example_bash_operator' retrieved from /home/airflow/.local/lib/python3.12/site-packages/airflow/example_dags/example_bash_operator.py
[2026-05-08T21:53:48.323+0000] {logging_mixin.py:190} INFO - [2026-05-08T21:53:48.323+0000] {dag.py:3239} INFO - Sync 1 DAGs
[2026-05-08T21:53:48.342+0000] {logging_mixin.py:190} INFO - [2026-05-08T21:53:48.342+0000] {dag.py:4180} INFO - Setting next_dagrun for example_bash_operator to 2026-05-07 00:00:00+00:00, run_after=2026-05-08 00:00:00+00:00
[2026-05-08T21:53:48.356+0000] {processor.py:208} INFO - Processing /home/airflow/.local/lib/python3.12/site-packages/airflow/example_dags/example_bash_operator.py took 0.073 seconds
[2026-05-08T21:54:18.695+0000] {processor.py:186} INFO - Started process (PID=10454) to work on /home/airflow/.local/lib/python3.12/site-packages/airflow/example_dags/example_bash_operator.py
[2026-05-08T21:54:18.696+0000] {processor.py:914} INFO - Processing file /home/airflow/.local/lib/python3.12/site-packages/airflow/example_dags/example_bash_operator.py for tasks to queue
[2026-05-08T21:54:18.698+0000] {logging_mixin.py:190} INFO - [2026-05-08T21:54:18.698+0000] {dagbag.py:588} INFO - Filling up the DagBag from /home/airflow/.local/lib/python3.12/site-packages/airflow/example_dags/example_bash_operator.py
[2026-05-08T21:54:18.712+0000] {processor.py:925} INFO - DAG(s) 'example_bash_operator' retrieved from /home/airflow/.local/lib/python3.12/site-packages/airflow/example_dags/example_bash_operator.py
[2026-05-08T21:54:18.741+0000] {logging_mixin.py:190} INFO - [2026-05-08T21:54:18.741+0000] {dag.py:3239} INFO - Sync 1 DAGs
[2026-05-08T21:54:18.763+0000] {logging_mixin.py:190} INFO - [2026-05-08T21:54:18.763+0000] {dag.py:4180} INFO - Setting next_dagrun for example_bash_operator to 2026-05-07 00:00:00+00:00, run_after=2026-05-08 00:00:00+00:00
[2026-05-08T21:54:18.779+0000] {processor.py:208} INFO - Processing /home/airflow/.local/lib/python3.12/site-packages/airflow/example_dags/example_bash_operator.py took 0.089 seconds
[2026-05-08T21:54:48.932+0000] {processor.py:186} INFO - Started process (PID=10518) to work on /home/airflow/.local/lib/python3.12/site-packages/airflow/example_dags/example_bash_operator.py
[2026-05-08T21:54:48.933+0000] {processor.py:914} INFO - Processing file /home/airflow/.local/lib/python3.12/site-packages/airflow/example_dags/example_bash_operator.py for tasks to queue
[2026-05-08T21:54:48.934+0000] {logging_mixin.py:190} INFO - [2026-05-08T21:54:48.934+0000] {dagbag.py:588} INFO - Filling up the DagBag from /home/airflow/.local/lib/python3.12/site-packages/airflow/example_dags/example_bash_operator.py
[2026-05-08T21:54:48.945+0000] {processor.py:925} INFO - DAG(s) 'example_bash_operator' retrieved from /home/airflow/.local/lib/python3.12/site-packages/airflow/example_dags/example_bash_operator.py
[2026-05-08T21:54:48.965+0000] {logging_mixin.py:190} INFO - [2026-05-08T21:54:48.965+0000] {dag.py:3239} INFO - Sync 1 DAGs
[2026-05-08T21:54:48.985+0000] {logging_mixin.py:190} INFO - [2026-05-08T21:54:48.985+0000] {dag.py:4180} INFO - Setting next_dagrun for example_bash_operator to 2026-05-07 00:00:00+00:00, run_after=2026-05-08 00:00:00+00:00
[2026-05-08T21:54:48.997+0000] {processor.py:208} INFO - Processing /home/airflow/.local/lib/python3.12/site-packages/airflow/example_dags/example_bash_operator.py took 0.070 seconds
[2026-05-08T21:55:19.671+0000] {processor.py:186} INFO - Started process (PID=10582) to work on /home/airflow/.local/lib/python3.12/site-packages/airflow/example_dags/example_bash_operator.py
[2026-05-08T21:55:19.672+0000] {processor.py:914} INFO - Processing file /home/airflow/.local/lib/python3.12/site-packages/airflow/example_dags/example_bash_operator.py for tasks to queue
[2026-05-08T21:55:19.673+0000] {logging_mixin.py:190} INFO - [2026-05-08T21:55:19.673+0000] {dagbag.py:588} INFO - Filling up the DagBag from /home/airflow/.local/lib/python3.12/site-packages/airflow/example_dags/example_bash_operator.py
[2026-05-08T21:55:19.686+0000] {processor.py:925} INFO - DAG(s) 'example_bash_operator' retrieved from /home/airflow/.local/lib/python3.12/site-packages/airflow/example_dags/example_bash_operator.py
[2026-05-08T21:55:19.713+0000] {logging_mixin.py:190} INFO - [2026-05-08T21:55:19.712+0000] {dag.py:3239} INFO - Sync 1 DAGs
[2026-05-08T21:55:19.731+0000] {logging_mixin.py:190} INFO - [2026-05-08T21:55:19.731+0000] {dag.py:4180} INFO - Setting next_dagrun for example_bash_operator to 2026-05-07 00:00:00+00:00, run_after=2026-05-08 00:00:00+00:00
[2026-05-08T21:55:19.743+0000] {processor.py:208} INFO - Processing /home/airflow/.local/lib/python3.12/site-packages/airflow/example_dags/example_bash_operator.py took 0.077 seconds
[2026-05-08T21:55:51.723+0000] {processor.py:186} INFO - Started process (PID=10646) to work on /home/airflow/.local/lib/python3.12/site-packages/airflow/example_dags/example_bash_operator.py
[2026-05-08T21:55:51.723+0000] {processor.py:914} INFO - Processing file /home/airflow/.local/lib/python3.12/site-packages/airflow/example_dags/example_bash_operator.py for tasks to queue
[2026-05-08T21:55:51.725+0000] {logging_mixin.py:190} INFO - [2026-05-08T21:55:51.725+0000] {dagbag.py:588} INFO - Filling up the DagBag from /home/airflow/.local/lib/python3.12/site-packages/airflow/example_dags/example_bash_operator.py
[2026-05-08T21:55:51.735+0000] {processor.py:925} INFO - DAG(s) 'example_bash_operator' retrieved from /home/airflow/.local/lib/python3.12/site-packages/airflow/example_dags/example_bash_operator.py
[2026-05-08T21:55:51.761+0000] {logging_mixin.py:190} INFO - [2026-05-08T21:55:51.761+0000] {dag.py:3239} INFO - Sync 1 DAGs
[2026-05-08T21:55:51.786+0000] {logging_mixin.py:190} INFO - [2026-05-08T21:55:51.786+0000] {dag.py:4180} INFO - Setting next_dagrun for example_bash_operator to 2026-05-07 00:00:00+00:00, run_after=2026-05-08 00:00:00+00:00
[2026-05-08T21:55:51.801+0000] {processor.py:208} INFO - Processing /home/airflow/.local/lib/python3.12/site-packages/airflow/example_dags/example_bash_operator.py took 0.083 seconds
[2026-05-08T21:56:22.427+0000] {processor.py:186} INFO - Started process (PID=10710) to work on /home/airflow/.local/lib/python3.12/site-packages/airflow/example_dags/example_bash_operator.py
[2026-05-08T21:56:22.428+0000] {processor.py:914} INFO - Processing file /home/airflow/.local/lib/python3.12/site-packages/airflow/example_dags/example_bash_operator.py for tasks to queue
[2026-05-08T21:56:22.429+0000] {logging_mixin.py:190} INFO - [2026-05-08T21:56:22.429+0000] {dagbag.py:588} INFO - Filling up the DagBag from /home/airflow/.local/lib/python3.12/site-packages/airflow/example_dags/example_bash_operator.py
[2026-05-08T21:56:22.443+0000] {processor.py:925} INFO - DAG(s) 'example_bash_operator' retrieved from /home/airflow/.local/lib/python3.12/site-packages/airflow/example_dags/example_bash_operator.py
[2026-05-08T21:56:22.467+0000] {logging_mixin.py:190} INFO - [2026-05-08T21:56:22.467+0000] {dag.py:3239} INFO - Sync 1 DAGs
[2026-05-08T21:56:22.487+0000] {logging_mixin.py:190} INFO - [2026-05-08T21:56:22.487+0000] {dag.py:4180} INFO - Setting next_dagrun for example_bash_operator to 2026-05-07 00:00:00+00:00, run_after=2026-05-08 00:00:00+00:00
[2026-05-08T21:56:22.501+0000] {processor.py:208} INFO - Processing /home/airflow/.local/lib/python3.12/site-packages/airflow/example_dags/example_bash_operator.py took 0.079 seconds
[2026-05-08T21:56:54.336+0000] {processor.py:186} INFO - Started process (PID=10775) to work on /home/airflow/.local/lib/python3.12/site-packages/airflow/example_dags/example_bash_operator.py
[2026-05-08T21:56:54.336+0000] {processor.py:914} INFO - Processing file /home/airflow/.local/lib/python3.12/site-packages/airflow/example_dags/example_bash_operator.py for tasks to queue
[2026-05-08T21:56:54.338+0000] {logging_mixin.py:190} INFO - [2026-05-08T21:56:54.338+0000] {dagbag.py:588} INFO - Filling up the DagBag from /home/airflow/.local/lib/python3.12/site-packages/airflow/example_dags/example_bash_operator.py
[2026-05-08T21:56:54.349+0000] {processor.py:925} INFO - DAG(s) 'example_bash_operator' retrieved from /home/airflow/.local/lib/python3.12/site-packages/airflow/example_dags/example_bash_operator.py
[2026-05-08T21:56:54.371+0000] {logging_mixin.py:190} INFO - [2026-05-08T21:56:54.371+0000] {dag.py:3239} INFO - Sync 1 DAGs
[2026-05-08T21:56:54.540+0000] {logging_mixin.py:190} INFO - [2026-05-08T21:56:54.540+0000] {dag.py:4180} INFO - Setting next_dagrun for example_bash_operator to 2026-05-07 00:00:00+00:00, run_after=2026-05-08 00:00:00+00:00
[2026-05-08T21:56:54.561+0000] {processor.py:208} INFO - Processing /home/airflow/.local/lib/python3.12/site-packages/airflow/example_dags/example_bash_operator.py took 0.230 seconds
[2026-05-08T21:57:24.920+0000] {processor.py:186} INFO - Started process (PID=10837) to work on /home/airflow/.local/lib/python3.12/site-packages/airflow/example_dags/example_bash_operator.py
[2026-05-08T21:57:24.921+0000] {processor.py:914} INFO - Processing file /home/airflow/.local/lib/python3.12/site-packages/airflow/example_dags/example_bash_operator.py for tasks to queue
[2026-05-08T21:57:24.922+0000] {logging_mixin.py:190} INFO - [2026-05-08T21:57:24.922+0000] {dagbag.py:588} INFO - Filling up the DagBag from /home/airflow/.local/lib/python3.12/site-packages/airflow/example_dags/example_bash_operator.py
[2026-05-08T21:57:24.934+0000] {processor.py:925} INFO - DAG(s) 'example_bash_operator' retrieved from /home/airflow/.local/lib/python3.12/site-packages/airflow/example_dags/example_bash_operator.py
[2026-05-08T21:57:24.961+0000] {logging_mixin.py:190} INFO - [2026-05-08T21:57:24.960+0000] {dag.py:3239} INFO - Sync 1 DAGs
[2026-05-08T21:57:24.981+0000] {logging_mixin.py:190} INFO - [2026-05-08T21:57:24.981+0000] {dag.py:4180} INFO - Setting next_dagrun for example_bash_operator to 2026-05-07 00:00:00+00:00, run_after=2026-05-08 00:00:00+00:00
[2026-05-08T21:57:24.994+0000] {processor.py:208} INFO - Processing /home/airflow/.local/lib/python3.12/site-packages/airflow/example_dags/example_bash_operator.py took 0.078 seconds
[2026-05-08T21:57:55.623+0000] {processor.py:186} INFO - Started process (PID=10901) to work on /home/airflow/.local/lib/python3.12/site-packages/airflow/example_dags/example_bash_operator.py
[2026-05-08T21:57:55.623+0000] {processor.py:914} INFO - Processing file /home/airflow/.local/lib/python3.12/site-packages/airflow/example_dags/example_bash_operator.py for tasks to queue
[2026-05-08T21:57:55.625+0000] {logging_mixin.py:190} INFO - [2026-05-08T21:57:55.625+0000] {dagbag.py:588} INFO - Filling up the DagBag from /home/airflow/.local/lib/python3.12/site-packages/airflow/example_dags/example_bash_operator.py
[2026-05-08T21:57:55.635+0000] {processor.py:925} INFO - DAG(s) 'example_bash_operator' retrieved from /home/airflow/.local/lib/python3.12/site-packages/airflow/example_dags/example_bash_operator.py
[2026-05-08T21:57:55.657+0000] {logging_mixin.py:190} INFO - [2026-05-08T21:57:55.656+0000] {dag.py:3239} INFO - Sync 1 DAGs
[2026-05-08T21:57:55.680+0000] {logging_mixin.py:190} INFO - [2026-05-08T21:57:55.680+0000] {dag.py:4180} INFO - Setting next_dagrun for example_bash_operator to 2026-05-07 00:00:00+00:00, run_after=2026-05-08 00:00:00+00:00
[2026-05-08T21:57:55.697+0000] {processor.py:208} INFO - Processing /home/airflow/.local/lib/python3.12/site-packages/airflow/example_dags/example_bash_operator.py took 0.079 seconds
[2026-05-08T21:58:26.883+0000] {processor.py:186} INFO - Started process (PID=10966) to work on /home/airflow/.local/lib/python3.12/site-packages/airflow/example_dags/example_bash_operator.py
[2026-05-08T21:58:26.884+0000] {processor.py:914} INFO - Processing file /home/airflow/.local/lib/python3.12/site-packages/airflow/example_dags/example_bash_operator.py for tasks to queue
[2026-05-08T21:58:26.886+0000] {logging_mixin.py:190} INFO - [2026-05-08T21:58:26.885+0000] {dagbag.py:588} INFO - Filling up the DagBag from /home/airflow/.local/lib/python3.12/site-packages/airflow/example_dags/example_bash_operator.py
[2026-05-08T21:58:26.896+0000] {processor.py:925} INFO - DAG(s) 'example_bash_operator' retrieved from /home/airflow/.local/lib/python3.12/site-packages/airflow/example_dags/example_bash_operator.py
[2026-05-08T21:58:26.918+0000] {logging_mixin.py:190} INFO - [2026-05-08T21:58:26.918+0000] {dag.py:3239} INFO - Sync 1 DAGs
[2026-05-08T21:58:26.937+0000] {logging_mixin.py:190} INFO - [2026-05-08T21:58:26.937+0000] {dag.py:4180} INFO - Setting next_dagrun for example_bash_operator to 2026-05-07 00:00:00+00:00, run_after=2026-05-08 00:00:00+00:00
[2026-05-08T21:58:26.951+0000] {processor.py:208} INFO - Processing /home/airflow/.local/lib/python3.12/site-packages/airflow/example_dags/example_bash_operator.py took 0.072 seconds
[2026-05-08T21:58:58.188+0000] {processor.py:186} INFO - Started process (PID=11030) to work on /home/airflow/.local/lib/python3.12/site-packages/airflow/example_dags/example_bash_operator.py
[2026-05-08T21:58:58.189+0000] {processor.py:914} INFO - Processing file /home/airflow/.local/lib/python3.12/site-packages/airflow/example_dags/example_bash_operator.py for tasks to queue
[2026-05-08T21:58:58.191+0000] {logging_mixin.py:190} INFO - [2026-05-08T21:58:58.190+0000] {dagbag.py:588} INFO - Filling up the DagBag from /home/airflow/.local/lib/python3.12/site-packages/airflow/example_dags/example_bash_operator.py
[2026-05-08T21:58:58.201+0000] {processor.py:925} INFO - DAG(s) 'example_bash_operator' retrieved from /home/airflow/.local/lib/python3.12/site-packages/airflow/example_dags/example_bash_operator.py
[2026-05-08T21:58:58.223+0000] {logging_mixin.py:190} INFO - [2026-05-08T21:58:58.223+0000] {dag.py:3239} INFO - Sync 1 DAGs
[2026-05-08T21:58:58.243+0000] {logging_mixin.py:190} INFO - [2026-05-08T21:58:58.242+0000] {dag.py:4180} INFO - Setting next_dagrun for example_bash_operator to 2026-05-07 00:00:00+00:00, run_after=2026-05-08 00:00:00+00:00
[2026-05-08T21:58:58.256+0000] {processor.py:208} INFO - Processing /home/airflow/.local/lib/python3.12/site-packages/airflow/example_dags/example_bash_operator.py took 0.073 seconds
[2026-05-08T21:59:29.300+0000] {processor.py:186} INFO - Started process (PID=11094) to work on /home/airflow/.local/lib/python3.12/site-packages/airflow/example_dags/example_bash_operator.py
[2026-05-08T21:59:29.301+0000] {processor.py:914} INFO - Processing file /home/airflow/.local/lib/python3.12/site-packages/airflow/example_dags/example_bash_operator.py for tasks to queue
[2026-05-08T21:59:29.303+0000] {logging_mixin.py:190} INFO - [2026-05-08T21:59:29.302+0000] {dagbag.py:588} INFO - Filling up the DagBag from /home/airflow/.local/lib/python3.12/site-packages/airflow/example_dags/example_bash_operator.py
[2026-05-08T21:59:29.313+0000] {processor.py:925} INFO - DAG(s) 'example_bash_operator' retrieved from /home/airflow/.local/lib/python3.12/site-packages/airflow/example_dags/example_bash_operator.py
[2026-05-08T21:59:29.334+0000] {logging_mixin.py:190} INFO - [2026-05-08T21:59:29.334+0000] {dag.py:3239} INFO - Sync 1 DAGs
[2026-05-08T21:59:29.355+0000] {logging_mixin.py:190} INFO - [2026-05-08T21:59:29.355+0000] {dag.py:4180} INFO - Setting next_dagrun for example_bash_operator to 2026-05-07 00:00:00+00:00, run_after=2026-05-08 00:00:00+00:00
[2026-05-08T21:59:29.369+0000] {processor.py:208} INFO - Processing /home/airflow/.local/lib/python3.12/site-packages/airflow/example_dags/example_bash_operator.py took 0.073 seconds
[2026-05-08T22:00:00.741+0000] {processor.py:186} INFO - Started process (PID=11158) to work on /home/airflow/.local/lib/python3.12/site-packages/airflow/example_dags/example_bash_operator.py
[2026-05-08T22:00:00.742+0000] {processor.py:914} INFO - Processing file /home/airflow/.local/lib/python3.12/site-packages/airflow/example_dags/example_bash_operator.py for tasks to queue
[2026-05-08T22:00:00.744+0000] {logging_mixin.py:190} INFO - [2026-05-08T22:00:00.744+0000] {dagbag.py:588} INFO - Filling up the DagBag from /home/airflow/.local/lib/python3.12/site-packages/airflow/example_dags/example_bash_operator.py
[2026-05-08T22:00:00.760+0000] {processor.py:925} INFO - DAG(s) 'example_bash_operator' retrieved from /home/airflow/.local/lib/python3.12/site-packages/airflow/example_dags/example_bash_operator.py
[2026-05-08T22:00:00.797+0000] {logging_mixin.py:190} INFO - [2026-05-08T22:00:00.797+0000] {dag.py:3239} INFO - Sync 1 DAGs
[2026-05-08T22:00:00.817+0000] {logging_mixin.py:190} INFO - [2026-05-08T22:00:00.817+0000] {dag.py:4180} INFO - Setting next_dagrun for example_bash_operator to 2026-05-07 00:00:00+00:00, run_after=2026-05-08 00:00:00+00:00
[2026-05-08T22:00:00.830+0000] {processor.py:208} INFO - Processing /home/airflow/.local/lib/python3.12/site-packages/airflow/example_dags/example_bash_operator.py took 0.095 seconds
[2026-05-08T22:00:31.653+0000] {processor.py:186} INFO - Started process (PID=11221) to work on /home/airflow/.local/lib/python3.12/site-packages/airflow/example_dags/example_bash_operator.py
[2026-05-08T22:00:31.654+0000] {processor.py:914} INFO - Processing file /home/airflow/.local/lib/python3.12/site-packages/airflow/example_dags/example_bash_operator.py for tasks to queue
[2026-05-08T22:00:31.656+0000] {logging_mixin.py:190} INFO - [2026-05-08T22:00:31.655+0000] {dagbag.py:588} INFO - Filling up the DagBag from /home/airflow/.local/lib/python3.12/site-packages/airflow/example_dags/example_bash_operator.py
[2026-05-08T22:00:31.670+0000] {processor.py:925} INFO - DAG(s) 'example_bash_operator' retrieved from /home/airflow/.local/lib/python3.12/site-packages/airflow/example_dags/example_bash_operator.py
[2026-05-08T22:00:31.693+0000] {logging_mixin.py:190} INFO - [2026-05-08T22:00:31.692+0000] {dag.py:3239} INFO - Sync 1 DAGs
[2026-05-08T22:00:31.713+0000] {logging_mixin.py:190} INFO - [2026-05-08T22:00:31.713+0000] {dag.py:4180} INFO - Setting next_dagrun for example_bash_operator to 2026-05-07 00:00:00+00:00, run_after=2026-05-08 00:00:00+00:00
[2026-05-08T22:00:31.727+0000] {processor.py:208} INFO - Processing /home/airflow/.local/lib/python3.12/site-packages/airflow/example_dags/example_bash_operator.py took 0.078 seconds
[2026-05-08T22:01:02.414+0000] {processor.py:186} INFO - Started process (PID=11285) to work on /home/airflow/.local/lib/python3.12/site-packages/airflow/example_dags/example_bash_operator.py
[2026-05-08T22:01:02.415+0000] {processor.py:914} INFO - Processing file /home/airflow/.local/lib/python3.12/site-packages/airflow/example_dags/example_bash_operator.py for tasks to queue
[2026-05-08T22:01:02.416+0000] {logging_mixin.py:190} INFO - [2026-05-08T22:01:02.416+0000] {dagbag.py:588} INFO - Filling up the DagBag from /home/airflow/.local/lib/python3.12/site-packages/airflow/example_dags/example_bash_operator.py
[2026-05-08T22:01:02.427+0000] {processor.py:925} INFO - DAG(s) 'example_bash_operator' retrieved from /home/airflow/.local/lib/python3.12/site-packages/airflow/example_dags/example_bash_operator.py
[2026-05-08T22:01:02.449+0000] {logging_mixin.py:190} INFO - [2026-05-08T22:01:02.449+0000] {dag.py:3239} INFO - Sync 1 DAGs
[2026-05-08T22:01:02.471+0000] {logging_mixin.py:190} INFO - [2026-05-08T22:01:02.471+0000] {dag.py:4180} INFO - Setting next_dagrun for example_bash_operator to 2026-05-07 00:00:00+00:00, run_after=2026-05-08 00:00:00+00:00
[2026-05-08T22:01:02.486+0000] {processor.py:208} INFO - Processing /home/airflow/.local/lib/python3.12/site-packages/airflow/example_dags/example_bash_operator.py took 0.076 seconds
[2026-05-08T22:01:33.391+0000] {processor.py:186} INFO - Started process (PID=11349) to work on /home/airflow/.local/lib/python3.12/site-packages/airflow/example_dags/example_bash_operator.py
[2026-05-08T22:01:33.393+0000] {processor.py:914} INFO - Processing file /home/airflow/.local/lib/python3.12/site-packages/airflow/example_dags/example_bash_operator.py for tasks to queue
[2026-05-08T22:01:33.395+0000] {logging_mixin.py:190} INFO - [2026-05-08T22:01:33.395+0000] {dagbag.py:588} INFO - Filling up the DagBag from /home/airflow/.local/lib/python3.12/site-packages/airflow/example_dags/example_bash_operator.py
[2026-05-08T22:01:33.411+0000] {processor.py:925} INFO - DAG(s) 'example_bash_operator' retrieved from /home/airflow/.local/lib/python3.12/site-packages/airflow/example_dags/example_bash_operator.py
[2026-05-08T22:01:33.444+0000] {logging_mixin.py:190} INFO - [2026-05-08T22:01:33.443+0000] {dag.py:3239} INFO - Sync 1 DAGs
[2026-05-08T22:01:33.472+0000] {logging_mixin.py:190} INFO - [2026-05-08T22:01:33.472+0000] {dag.py:4180} INFO - Setting next_dagrun for example_bash_operator to 2026-05-07 00:00:00+00:00, run_after=2026-05-08 00:00:00+00:00
[2026-05-08T22:01:33.494+0000] {processor.py:208} INFO - Processing /home/airflow/.local/lib/python3.12/site-packages/airflow/example_dags/example_bash_operator.py took 0.110 seconds
[2026-05-08T22:02:03.925+0000] {processor.py:186} INFO - Started process (PID=11413) to work on /home/airflow/.local/lib/python3.12/site-packages/airflow/example_dags/example_bash_operator.py
[2026-05-08T22:02:03.926+0000] {processor.py:914} INFO - Processing file /home/airflow/.local/lib/python3.12/site-packages/airflow/example_dags/example_bash_operator.py for tasks to queue
[2026-05-08T22:02:03.928+0000] {logging_mixin.py:190} INFO - [2026-05-08T22:02:03.927+0000] {dagbag.py:588} INFO - Filling up the DagBag from /home/airflow/.local/lib/python3.12/site-packages/airflow/example_dags/example_bash_operator.py
[2026-05-08T22:02:03.938+0000] {processor.py:925} INFO - DAG(s) 'example_bash_operator' retrieved from /home/airflow/.local/lib/python3.12/site-packages/airflow/example_dags/example_bash_operator.py
[2026-05-08T22:02:03.959+0000] {logging_mixin.py:190} INFO - [2026-05-08T22:02:03.959+0000] {dag.py:3239} INFO - Sync 1 DAGs
[2026-05-08T22:02:03.979+0000] {logging_mixin.py:190} INFO - [2026-05-08T22:02:03.979+0000] {dag.py:4180} INFO - Setting next_dagrun for example_bash_operator to 2026-05-07 00:00:00+00:00, run_after=2026-05-08 00:00:00+00:00
[2026-05-08T22:02:03.992+0000] {processor.py:208} INFO - Processing /home/airflow/.local/lib/python3.12/site-packages/airflow/example_dags/example_bash_operator.py took 0.071 seconds
