[2026-05-08T20:31:18.423+0000] {processor.py:186} INFO - Started process (PID=82) to work on /home/airflow/.local/lib/python3.12/site-packages/airflow/example_dags/example_subdag_operator.py
[2026-05-08T20:31:18.424+0000] {processor.py:914} INFO - Processing file /home/airflow/.local/lib/python3.12/site-packages/airflow/example_dags/example_subdag_operator.py for tasks to queue
[2026-05-08T20:31:18.426+0000] {logging_mixin.py:190} INFO - [2026-05-08T20:31:18.426+0000] {dagbag.py:588} INFO - Filling up the DagBag from /home/airflow/.local/lib/python3.12/site-packages/airflow/example_dags/example_subdag_operator.py
[2026-05-08T20:31:18.481+0000] {processor.py:925} INFO - DAG(s) 'example_subdag_operator.section-1', 'example_subdag_operator.section-2', 'example_subdag_operator' retrieved from /home/airflow/.local/lib/python3.12/site-packages/airflow/example_dags/example_subdag_operator.py
[2026-05-08T20:31:18.557+0000] {logging_mixin.py:190} INFO - [2026-05-08T20:31:18.557+0000] {dag.py:3239} INFO - Sync 3 DAGs
[2026-05-08T20:31:18.626+0000] {logging_mixin.py:190} INFO - [2026-05-08T20:31:18.625+0000] {dag.py:4180} INFO - Setting next_dagrun for example_subdag_operator to 2022-01-01 00:00:00+00:00, run_after=2022-01-01 00:00:00+00:00
[2026-05-08T20:31:18.644+0000] {logging_mixin.py:190} INFO - [2026-05-08T20:31:18.644+0000] {dag.py:4180} INFO - Setting next_dagrun for example_subdag_operator.section-1 to None, run_after=None
[2026-05-08T20:31:18.645+0000] {logging_mixin.py:190} INFO - [2026-05-08T20:31:18.645+0000] {dag.py:4180} INFO - Setting next_dagrun for example_subdag_operator.section-2 to None, run_after=None
[2026-05-08T20:31:18.657+0000] {logging_mixin.py:190} INFO - [2026-05-08T20:31:18.657+0000] {dag.py:3239} INFO - Sync 2 DAGs
[2026-05-08T20:31:18.668+0000] {logging_mixin.py:190} INFO - [2026-05-08T20:31:18.667+0000] {dag.py:4180} INFO - Setting next_dagrun for example_subdag_operator.section-1 to None, run_after=None
[2026-05-08T20:31:18.668+0000] {logging_mixin.py:190} INFO - [2026-05-08T20:31:18.668+0000] {dag.py:4180} INFO - Setting next_dagrun for example_subdag_operator.section-2 to None, run_after=None
[2026-05-08T20:31:18.685+0000] {processor.py:208} INFO - Processing /home/airflow/.local/lib/python3.12/site-packages/airflow/example_dags/example_subdag_operator.py took 0.271 seconds
[2026-05-08T20:31:49.296+0000] {processor.py:186} INFO - Started process (PID=145) to work on /home/airflow/.local/lib/python3.12/site-packages/airflow/example_dags/example_subdag_operator.py
[2026-05-08T20:31:49.297+0000] {processor.py:914} INFO - Processing file /home/airflow/.local/lib/python3.12/site-packages/airflow/example_dags/example_subdag_operator.py for tasks to queue
[2026-05-08T20:31:49.298+0000] {logging_mixin.py:190} INFO - [2026-05-08T20:31:49.298+0000] {dagbag.py:588} INFO - Filling up the DagBag from /home/airflow/.local/lib/python3.12/site-packages/airflow/example_dags/example_subdag_operator.py
[2026-05-08T20:31:49.320+0000] {processor.py:925} INFO - DAG(s) 'example_subdag_operator.section-1', 'example_subdag_operator.section-2', 'example_subdag_operator' retrieved from /home/airflow/.local/lib/python3.12/site-packages/airflow/example_dags/example_subdag_operator.py
[2026-05-08T20:31:49.333+0000] {logging_mixin.py:190} INFO - [2026-05-08T20:31:49.333+0000] {dag.py:3239} INFO - Sync 3 DAGs
[2026-05-08T20:31:49.353+0000] {logging_mixin.py:190} INFO - [2026-05-08T20:31:49.353+0000] {dag.py:4180} INFO - Setting next_dagrun for example_subdag_operator to 2022-01-01 00:00:00+00:00, run_after=2022-01-01 00:00:00+00:00
[2026-05-08T20:31:49.356+0000] {logging_mixin.py:190} INFO - [2026-05-08T20:31:49.356+0000] {dag.py:4180} INFO - Setting next_dagrun for example_subdag_operator.section-1 to None, run_after=None
[2026-05-08T20:31:49.357+0000] {logging_mixin.py:190} INFO - [2026-05-08T20:31:49.357+0000] {dag.py:4180} INFO - Setting next_dagrun for example_subdag_operator.section-2 to None, run_after=None
[2026-05-08T20:31:49.364+0000] {logging_mixin.py:190} INFO - [2026-05-08T20:31:49.364+0000] {dag.py:3239} INFO - Sync 2 DAGs
[2026-05-08T20:31:49.369+0000] {logging_mixin.py:190} INFO - [2026-05-08T20:31:49.369+0000] {dag.py:4180} INFO - Setting next_dagrun for example_subdag_operator.section-1 to None, run_after=None
[2026-05-08T20:31:49.369+0000] {logging_mixin.py:190} INFO - [2026-05-08T20:31:49.369+0000] {dag.py:4180} INFO - Setting next_dagrun for example_subdag_operator.section-2 to None, run_after=None
[2026-05-08T20:31:49.378+0000] {processor.py:208} INFO - Processing /home/airflow/.local/lib/python3.12/site-packages/airflow/example_dags/example_subdag_operator.py took 0.087 seconds
[2026-05-08T20:32:20.124+0000] {processor.py:186} INFO - Started process (PID=209) to work on /home/airflow/.local/lib/python3.12/site-packages/airflow/example_dags/example_subdag_operator.py
[2026-05-08T20:32:20.125+0000] {processor.py:914} INFO - Processing file /home/airflow/.local/lib/python3.12/site-packages/airflow/example_dags/example_subdag_operator.py for tasks to queue
[2026-05-08T20:32:20.126+0000] {logging_mixin.py:190} INFO - [2026-05-08T20:32:20.126+0000] {dagbag.py:588} INFO - Filling up the DagBag from /home/airflow/.local/lib/python3.12/site-packages/airflow/example_dags/example_subdag_operator.py
[2026-05-08T20:32:20.147+0000] {processor.py:925} INFO - DAG(s) 'example_subdag_operator.section-1', 'example_subdag_operator.section-2', 'example_subdag_operator' retrieved from /home/airflow/.local/lib/python3.12/site-packages/airflow/example_dags/example_subdag_operator.py
[2026-05-08T20:32:20.158+0000] {logging_mixin.py:190} INFO - [2026-05-08T20:32:20.158+0000] {dag.py:3239} INFO - Sync 3 DAGs
[2026-05-08T20:32:20.176+0000] {logging_mixin.py:190} INFO - [2026-05-08T20:32:20.176+0000] {dag.py:4180} INFO - Setting next_dagrun for example_subdag_operator to 2022-01-01 00:00:00+00:00, run_after=2022-01-01 00:00:00+00:00
[2026-05-08T20:32:20.179+0000] {logging_mixin.py:190} INFO - [2026-05-08T20:32:20.179+0000] {dag.py:4180} INFO - Setting next_dagrun for example_subdag_operator.section-1 to None, run_after=None
[2026-05-08T20:32:20.180+0000] {logging_mixin.py:190} INFO - [2026-05-08T20:32:20.180+0000] {dag.py:4180} INFO - Setting next_dagrun for example_subdag_operator.section-2 to None, run_after=None
[2026-05-08T20:32:20.185+0000] {logging_mixin.py:190} INFO - [2026-05-08T20:32:20.185+0000] {dag.py:3239} INFO - Sync 2 DAGs
[2026-05-08T20:32:20.189+0000] {logging_mixin.py:190} INFO - [2026-05-08T20:32:20.189+0000] {dag.py:4180} INFO - Setting next_dagrun for example_subdag_operator.section-1 to None, run_after=None
[2026-05-08T20:32:20.189+0000] {logging_mixin.py:190} INFO - [2026-05-08T20:32:20.189+0000] {dag.py:4180} INFO - Setting next_dagrun for example_subdag_operator.section-2 to None, run_after=None
[2026-05-08T20:32:20.197+0000] {processor.py:208} INFO - Processing /home/airflow/.local/lib/python3.12/site-packages/airflow/example_dags/example_subdag_operator.py took 0.078 seconds
[2026-05-08T20:32:50.792+0000] {processor.py:186} INFO - Started process (PID=273) to work on /home/airflow/.local/lib/python3.12/site-packages/airflow/example_dags/example_subdag_operator.py
[2026-05-08T20:32:50.793+0000] {processor.py:914} INFO - Processing file /home/airflow/.local/lib/python3.12/site-packages/airflow/example_dags/example_subdag_operator.py for tasks to queue
[2026-05-08T20:32:50.795+0000] {logging_mixin.py:190} INFO - [2026-05-08T20:32:50.795+0000] {dagbag.py:588} INFO - Filling up the DagBag from /home/airflow/.local/lib/python3.12/site-packages/airflow/example_dags/example_subdag_operator.py
[2026-05-08T20:32:50.823+0000] {processor.py:925} INFO - DAG(s) 'example_subdag_operator.section-1', 'example_subdag_operator.section-2', 'example_subdag_operator' retrieved from /home/airflow/.local/lib/python3.12/site-packages/airflow/example_dags/example_subdag_operator.py
[2026-05-08T20:32:50.842+0000] {logging_mixin.py:190} INFO - [2026-05-08T20:32:50.842+0000] {dag.py:3239} INFO - Sync 3 DAGs
[2026-05-08T20:32:50.865+0000] {logging_mixin.py:190} INFO - [2026-05-08T20:32:50.865+0000] {dag.py:4180} INFO - Setting next_dagrun for example_subdag_operator to 2022-01-01 00:00:00+00:00, run_after=2022-01-01 00:00:00+00:00
[2026-05-08T20:32:50.867+0000] {logging_mixin.py:190} INFO - [2026-05-08T20:32:50.867+0000] {dag.py:4180} INFO - Setting next_dagrun for example_subdag_operator.section-1 to None, run_after=None
[2026-05-08T20:32:50.868+0000] {logging_mixin.py:190} INFO - [2026-05-08T20:32:50.868+0000] {dag.py:4180} INFO - Setting next_dagrun for example_subdag_operator.section-2 to None, run_after=None
[2026-05-08T20:32:50.874+0000] {logging_mixin.py:190} INFO - [2026-05-08T20:32:50.873+0000] {dag.py:3239} INFO - Sync 2 DAGs
[2026-05-08T20:32:50.877+0000] {logging_mixin.py:190} INFO - [2026-05-08T20:32:50.877+0000] {dag.py:4180} INFO - Setting next_dagrun for example_subdag_operator.section-1 to None, run_after=None
[2026-05-08T20:32:50.878+0000] {logging_mixin.py:190} INFO - [2026-05-08T20:32:50.878+0000] {dag.py:4180} INFO - Setting next_dagrun for example_subdag_operator.section-2 to None, run_after=None
[2026-05-08T20:32:50.885+0000] {processor.py:208} INFO - Processing /home/airflow/.local/lib/python3.12/site-packages/airflow/example_dags/example_subdag_operator.py took 0.099 seconds
[2026-05-08T20:33:22.139+0000] {processor.py:186} INFO - Started process (PID=337) to work on /home/airflow/.local/lib/python3.12/site-packages/airflow/example_dags/example_subdag_operator.py
[2026-05-08T20:33:22.140+0000] {processor.py:914} INFO - Processing file /home/airflow/.local/lib/python3.12/site-packages/airflow/example_dags/example_subdag_operator.py for tasks to queue
[2026-05-08T20:33:22.142+0000] {logging_mixin.py:190} INFO - [2026-05-08T20:33:22.141+0000] {dagbag.py:588} INFO - Filling up the DagBag from /home/airflow/.local/lib/python3.12/site-packages/airflow/example_dags/example_subdag_operator.py
[2026-05-08T20:33:22.164+0000] {processor.py:925} INFO - DAG(s) 'example_subdag_operator.section-1', 'example_subdag_operator.section-2', 'example_subdag_operator' retrieved from /home/airflow/.local/lib/python3.12/site-packages/airflow/example_dags/example_subdag_operator.py
[2026-05-08T20:33:22.180+0000] {logging_mixin.py:190} INFO - [2026-05-08T20:33:22.179+0000] {dag.py:3239} INFO - Sync 3 DAGs
[2026-05-08T20:33:22.203+0000] {logging_mixin.py:190} INFO - [2026-05-08T20:33:22.203+0000] {dag.py:4180} INFO - Setting next_dagrun for example_subdag_operator to 2022-01-01 00:00:00+00:00, run_after=2022-01-01 00:00:00+00:00
[2026-05-08T20:33:22.207+0000] {logging_mixin.py:190} INFO - [2026-05-08T20:33:22.207+0000] {dag.py:4180} INFO - Setting next_dagrun for example_subdag_operator.section-1 to None, run_after=None
[2026-05-08T20:33:22.208+0000] {logging_mixin.py:190} INFO - [2026-05-08T20:33:22.208+0000] {dag.py:4180} INFO - Setting next_dagrun for example_subdag_operator.section-2 to None, run_after=None
[2026-05-08T20:33:22.214+0000] {logging_mixin.py:190} INFO - [2026-05-08T20:33:22.213+0000] {dag.py:3239} INFO - Sync 2 DAGs
[2026-05-08T20:33:22.218+0000] {logging_mixin.py:190} INFO - [2026-05-08T20:33:22.218+0000] {dag.py:4180} INFO - Setting next_dagrun for example_subdag_operator.section-1 to None, run_after=None
[2026-05-08T20:33:22.219+0000] {logging_mixin.py:190} INFO - [2026-05-08T20:33:22.219+0000] {dag.py:4180} INFO - Setting next_dagrun for example_subdag_operator.section-2 to None, run_after=None
[2026-05-08T20:33:22.227+0000] {processor.py:208} INFO - Processing /home/airflow/.local/lib/python3.12/site-packages/airflow/example_dags/example_subdag_operator.py took 0.093 seconds
[2026-05-08T20:33:53.524+0000] {processor.py:186} INFO - Started process (PID=401) to work on /home/airflow/.local/lib/python3.12/site-packages/airflow/example_dags/example_subdag_operator.py
[2026-05-08T20:33:53.525+0000] {processor.py:914} INFO - Processing file /home/airflow/.local/lib/python3.12/site-packages/airflow/example_dags/example_subdag_operator.py for tasks to queue
[2026-05-08T20:33:53.527+0000] {logging_mixin.py:190} INFO - [2026-05-08T20:33:53.527+0000] {dagbag.py:588} INFO - Filling up the DagBag from /home/airflow/.local/lib/python3.12/site-packages/airflow/example_dags/example_subdag_operator.py
[2026-05-08T20:33:53.549+0000] {processor.py:925} INFO - DAG(s) 'example_subdag_operator.section-1', 'example_subdag_operator.section-2', 'example_subdag_operator' retrieved from /home/airflow/.local/lib/python3.12/site-packages/airflow/example_dags/example_subdag_operator.py
[2026-05-08T20:33:53.562+0000] {logging_mixin.py:190} INFO - [2026-05-08T20:33:53.562+0000] {dag.py:3239} INFO - Sync 3 DAGs
[2026-05-08T20:33:53.583+0000] {logging_mixin.py:190} INFO - [2026-05-08T20:33:53.583+0000] {dag.py:4180} INFO - Setting next_dagrun for example_subdag_operator to 2022-01-01 00:00:00+00:00, run_after=2022-01-01 00:00:00+00:00
[2026-05-08T20:33:53.585+0000] {logging_mixin.py:190} INFO - [2026-05-08T20:33:53.585+0000] {dag.py:4180} INFO - Setting next_dagrun for example_subdag_operator.section-1 to None, run_after=None
[2026-05-08T20:33:53.586+0000] {logging_mixin.py:190} INFO - [2026-05-08T20:33:53.586+0000] {dag.py:4180} INFO - Setting next_dagrun for example_subdag_operator.section-2 to None, run_after=None
[2026-05-08T20:33:53.592+0000] {logging_mixin.py:190} INFO - [2026-05-08T20:33:53.592+0000] {dag.py:3239} INFO - Sync 2 DAGs
[2026-05-08T20:33:53.597+0000] {logging_mixin.py:190} INFO - [2026-05-08T20:33:53.597+0000] {dag.py:4180} INFO - Setting next_dagrun for example_subdag_operator.section-1 to None, run_after=None
[2026-05-08T20:33:53.597+0000] {logging_mixin.py:190} INFO - [2026-05-08T20:33:53.597+0000] {dag.py:4180} INFO - Setting next_dagrun for example_subdag_operator.section-2 to None, run_after=None
[2026-05-08T20:33:53.606+0000] {processor.py:208} INFO - Processing /home/airflow/.local/lib/python3.12/site-packages/airflow/example_dags/example_subdag_operator.py took 0.085 seconds
[2026-05-08T20:34:24.754+0000] {processor.py:186} INFO - Started process (PID=465) to work on /home/airflow/.local/lib/python3.12/site-packages/airflow/example_dags/example_subdag_operator.py
[2026-05-08T20:34:24.755+0000] {processor.py:914} INFO - Processing file /home/airflow/.local/lib/python3.12/site-packages/airflow/example_dags/example_subdag_operator.py for tasks to queue
[2026-05-08T20:34:24.756+0000] {logging_mixin.py:190} INFO - [2026-05-08T20:34:24.756+0000] {dagbag.py:588} INFO - Filling up the DagBag from /home/airflow/.local/lib/python3.12/site-packages/airflow/example_dags/example_subdag_operator.py
[2026-05-08T20:34:24.776+0000] {processor.py:925} INFO - DAG(s) 'example_subdag_operator.section-1', 'example_subdag_operator.section-2', 'example_subdag_operator' retrieved from /home/airflow/.local/lib/python3.12/site-packages/airflow/example_dags/example_subdag_operator.py
[2026-05-08T20:34:24.792+0000] {logging_mixin.py:190} INFO - [2026-05-08T20:34:24.792+0000] {dag.py:3239} INFO - Sync 3 DAGs
[2026-05-08T20:34:24.817+0000] {logging_mixin.py:190} INFO - [2026-05-08T20:34:24.817+0000] {dag.py:4180} INFO - Setting next_dagrun for example_subdag_operator to 2022-01-01 00:00:00+00:00, run_after=2022-01-01 00:00:00+00:00
[2026-05-08T20:34:24.821+0000] {logging_mixin.py:190} INFO - [2026-05-08T20:34:24.821+0000] {dag.py:4180} INFO - Setting next_dagrun for example_subdag_operator.section-1 to None, run_after=None
[2026-05-08T20:34:24.822+0000] {logging_mixin.py:190} INFO - [2026-05-08T20:34:24.822+0000] {dag.py:4180} INFO - Setting next_dagrun for example_subdag_operator.section-2 to None, run_after=None
[2026-05-08T20:34:24.829+0000] {logging_mixin.py:190} INFO - [2026-05-08T20:34:24.829+0000] {dag.py:3239} INFO - Sync 2 DAGs
[2026-05-08T20:34:24.833+0000] {logging_mixin.py:190} INFO - [2026-05-08T20:34:24.833+0000] {dag.py:4180} INFO - Setting next_dagrun for example_subdag_operator.section-1 to None, run_after=None
[2026-05-08T20:34:24.834+0000] {logging_mixin.py:190} INFO - [2026-05-08T20:34:24.834+0000] {dag.py:4180} INFO - Setting next_dagrun for example_subdag_operator.section-2 to None, run_after=None
[2026-05-08T20:34:24.842+0000] {processor.py:208} INFO - Processing /home/airflow/.local/lib/python3.12/site-packages/airflow/example_dags/example_subdag_operator.py took 0.094 seconds
[2026-05-08T20:34:55.995+0000] {processor.py:186} INFO - Started process (PID=529) to work on /home/airflow/.local/lib/python3.12/site-packages/airflow/example_dags/example_subdag_operator.py
[2026-05-08T20:34:55.996+0000] {processor.py:914} INFO - Processing file /home/airflow/.local/lib/python3.12/site-packages/airflow/example_dags/example_subdag_operator.py for tasks to queue
[2026-05-08T20:34:55.998+0000] {logging_mixin.py:190} INFO - [2026-05-08T20:34:55.998+0000] {dagbag.py:588} INFO - Filling up the DagBag from /home/airflow/.local/lib/python3.12/site-packages/airflow/example_dags/example_subdag_operator.py
[2026-05-08T20:34:56.024+0000] {processor.py:925} INFO - DAG(s) 'example_subdag_operator.section-1', 'example_subdag_operator.section-2', 'example_subdag_operator' retrieved from /home/airflow/.local/lib/python3.12/site-packages/airflow/example_dags/example_subdag_operator.py
[2026-05-08T20:34:56.041+0000] {logging_mixin.py:190} INFO - [2026-05-08T20:34:56.041+0000] {dag.py:3239} INFO - Sync 3 DAGs
[2026-05-08T20:34:56.063+0000] {logging_mixin.py:190} INFO - [2026-05-08T20:34:56.063+0000] {dag.py:4180} INFO - Setting next_dagrun for example_subdag_operator to 2022-01-01 00:00:00+00:00, run_after=2022-01-01 00:00:00+00:00
[2026-05-08T20:34:56.066+0000] {logging_mixin.py:190} INFO - [2026-05-08T20:34:56.066+0000] {dag.py:4180} INFO - Setting next_dagrun for example_subdag_operator.section-1 to None, run_after=None
[2026-05-08T20:34:56.067+0000] {logging_mixin.py:190} INFO - [2026-05-08T20:34:56.067+0000] {dag.py:4180} INFO - Setting next_dagrun for example_subdag_operator.section-2 to None, run_after=None
[2026-05-08T20:34:56.072+0000] {logging_mixin.py:190} INFO - [2026-05-08T20:34:56.072+0000] {dag.py:3239} INFO - Sync 2 DAGs
[2026-05-08T20:34:56.077+0000] {logging_mixin.py:190} INFO - [2026-05-08T20:34:56.076+0000] {dag.py:4180} INFO - Setting next_dagrun for example_subdag_operator.section-1 to None, run_after=None
[2026-05-08T20:34:56.077+0000] {logging_mixin.py:190} INFO - [2026-05-08T20:34:56.077+0000] {dag.py:4180} INFO - Setting next_dagrun for example_subdag_operator.section-2 to None, run_after=None
[2026-05-08T20:34:56.085+0000] {processor.py:208} INFO - Processing /home/airflow/.local/lib/python3.12/site-packages/airflow/example_dags/example_subdag_operator.py took 0.096 seconds
[2026-05-08T20:35:27.246+0000] {processor.py:186} INFO - Started process (PID=593) to work on /home/airflow/.local/lib/python3.12/site-packages/airflow/example_dags/example_subdag_operator.py
[2026-05-08T20:35:27.247+0000] {processor.py:914} INFO - Processing file /home/airflow/.local/lib/python3.12/site-packages/airflow/example_dags/example_subdag_operator.py for tasks to queue
[2026-05-08T20:35:27.249+0000] {logging_mixin.py:190} INFO - [2026-05-08T20:35:27.248+0000] {dagbag.py:588} INFO - Filling up the DagBag from /home/airflow/.local/lib/python3.12/site-packages/airflow/example_dags/example_subdag_operator.py
[2026-05-08T20:35:27.271+0000] {processor.py:925} INFO - DAG(s) 'example_subdag_operator.section-1', 'example_subdag_operator.section-2', 'example_subdag_operator' retrieved from /home/airflow/.local/lib/python3.12/site-packages/airflow/example_dags/example_subdag_operator.py
[2026-05-08T20:35:27.285+0000] {logging_mixin.py:190} INFO - [2026-05-08T20:35:27.285+0000] {dag.py:3239} INFO - Sync 3 DAGs
[2026-05-08T20:35:27.305+0000] {logging_mixin.py:190} INFO - [2026-05-08T20:35:27.305+0000] {dag.py:4180} INFO - Setting next_dagrun for example_subdag_operator to 2022-01-01 00:00:00+00:00, run_after=2022-01-01 00:00:00+00:00
[2026-05-08T20:35:27.308+0000] {logging_mixin.py:190} INFO - [2026-05-08T20:35:27.308+0000] {dag.py:4180} INFO - Setting next_dagrun for example_subdag_operator.section-1 to None, run_after=None
[2026-05-08T20:35:27.309+0000] {logging_mixin.py:190} INFO - [2026-05-08T20:35:27.309+0000] {dag.py:4180} INFO - Setting next_dagrun for example_subdag_operator.section-2 to None, run_after=None
[2026-05-08T20:35:27.315+0000] {logging_mixin.py:190} INFO - [2026-05-08T20:35:27.315+0000] {dag.py:3239} INFO - Sync 2 DAGs
[2026-05-08T20:35:27.320+0000] {logging_mixin.py:190} INFO - [2026-05-08T20:35:27.320+0000] {dag.py:4180} INFO - Setting next_dagrun for example_subdag_operator.section-1 to None, run_after=None
[2026-05-08T20:35:27.321+0000] {logging_mixin.py:190} INFO - [2026-05-08T20:35:27.321+0000] {dag.py:4180} INFO - Setting next_dagrun for example_subdag_operator.section-2 to None, run_after=None
[2026-05-08T20:35:27.329+0000] {processor.py:208} INFO - Processing /home/airflow/.local/lib/python3.12/site-packages/airflow/example_dags/example_subdag_operator.py took 0.088 seconds
[2026-05-08T20:35:58.637+0000] {processor.py:186} INFO - Started process (PID=657) to work on /home/airflow/.local/lib/python3.12/site-packages/airflow/example_dags/example_subdag_operator.py
[2026-05-08T20:35:58.638+0000] {processor.py:914} INFO - Processing file /home/airflow/.local/lib/python3.12/site-packages/airflow/example_dags/example_subdag_operator.py for tasks to queue
[2026-05-08T20:35:58.639+0000] {logging_mixin.py:190} INFO - [2026-05-08T20:35:58.639+0000] {dagbag.py:588} INFO - Filling up the DagBag from /home/airflow/.local/lib/python3.12/site-packages/airflow/example_dags/example_subdag_operator.py
[2026-05-08T20:35:58.661+0000] {processor.py:925} INFO - DAG(s) 'example_subdag_operator.section-1', 'example_subdag_operator.section-2', 'example_subdag_operator' retrieved from /home/airflow/.local/lib/python3.12/site-packages/airflow/example_dags/example_subdag_operator.py
[2026-05-08T20:35:58.672+0000] {logging_mixin.py:190} INFO - [2026-05-08T20:35:58.672+0000] {dag.py:3239} INFO - Sync 3 DAGs
[2026-05-08T20:35:58.696+0000] {logging_mixin.py:190} INFO - [2026-05-08T20:35:58.696+0000] {dag.py:4180} INFO - Setting next_dagrun for example_subdag_operator to 2022-01-01 00:00:00+00:00, run_after=2022-01-01 00:00:00+00:00
[2026-05-08T20:35:58.699+0000] {logging_mixin.py:190} INFO - [2026-05-08T20:35:58.699+0000] {dag.py:4180} INFO - Setting next_dagrun for example_subdag_operator.section-1 to None, run_after=None
[2026-05-08T20:35:58.700+0000] {logging_mixin.py:190} INFO - [2026-05-08T20:35:58.700+0000] {dag.py:4180} INFO - Setting next_dagrun for example_subdag_operator.section-2 to None, run_after=None
[2026-05-08T20:35:58.705+0000] {logging_mixin.py:190} INFO - [2026-05-08T20:35:58.705+0000] {dag.py:3239} INFO - Sync 2 DAGs
[2026-05-08T20:35:58.710+0000] {logging_mixin.py:190} INFO - [2026-05-08T20:35:58.710+0000] {dag.py:4180} INFO - Setting next_dagrun for example_subdag_operator.section-1 to None, run_after=None
[2026-05-08T20:35:58.711+0000] {logging_mixin.py:190} INFO - [2026-05-08T20:35:58.710+0000] {dag.py:4180} INFO - Setting next_dagrun for example_subdag_operator.section-2 to None, run_after=None
[2026-05-08T20:35:58.719+0000] {processor.py:208} INFO - Processing /home/airflow/.local/lib/python3.12/site-packages/airflow/example_dags/example_subdag_operator.py took 0.088 seconds
[2026-05-08T20:36:29.517+0000] {processor.py:186} INFO - Started process (PID=721) to work on /home/airflow/.local/lib/python3.12/site-packages/airflow/example_dags/example_subdag_operator.py
[2026-05-08T20:36:29.518+0000] {processor.py:914} INFO - Processing file /home/airflow/.local/lib/python3.12/site-packages/airflow/example_dags/example_subdag_operator.py for tasks to queue
[2026-05-08T20:36:29.520+0000] {logging_mixin.py:190} INFO - [2026-05-08T20:36:29.520+0000] {dagbag.py:588} INFO - Filling up the DagBag from /home/airflow/.local/lib/python3.12/site-packages/airflow/example_dags/example_subdag_operator.py
[2026-05-08T20:36:29.547+0000] {processor.py:925} INFO - DAG(s) 'example_subdag_operator.section-1', 'example_subdag_operator.section-2', 'example_subdag_operator' retrieved from /home/airflow/.local/lib/python3.12/site-packages/airflow/example_dags/example_subdag_operator.py
[2026-05-08T20:36:29.565+0000] {logging_mixin.py:190} INFO - [2026-05-08T20:36:29.564+0000] {dag.py:3239} INFO - Sync 3 DAGs
[2026-05-08T20:36:29.592+0000] {logging_mixin.py:190} INFO - [2026-05-08T20:36:29.592+0000] {dag.py:4180} INFO - Setting next_dagrun for example_subdag_operator to 2022-01-01 00:00:00+00:00, run_after=2022-01-01 00:00:00+00:00
[2026-05-08T20:36:29.596+0000] {logging_mixin.py:190} INFO - [2026-05-08T20:36:29.596+0000] {dag.py:4180} INFO - Setting next_dagrun for example_subdag_operator.section-1 to None, run_after=None
[2026-05-08T20:36:29.597+0000] {logging_mixin.py:190} INFO - [2026-05-08T20:36:29.597+0000] {dag.py:4180} INFO - Setting next_dagrun for example_subdag_operator.section-2 to None, run_after=None
[2026-05-08T20:36:29.604+0000] {logging_mixin.py:190} INFO - [2026-05-08T20:36:29.603+0000] {dag.py:3239} INFO - Sync 2 DAGs
[2026-05-08T20:36:29.608+0000] {logging_mixin.py:190} INFO - [2026-05-08T20:36:29.608+0000] {dag.py:4180} INFO - Setting next_dagrun for example_subdag_operator.section-1 to None, run_after=None
[2026-05-08T20:36:29.608+0000] {logging_mixin.py:190} INFO - [2026-05-08T20:36:29.608+0000] {dag.py:4180} INFO - Setting next_dagrun for example_subdag_operator.section-2 to None, run_after=None
[2026-05-08T20:36:29.616+0000] {processor.py:208} INFO - Processing /home/airflow/.local/lib/python3.12/site-packages/airflow/example_dags/example_subdag_operator.py took 0.105 seconds
[2026-05-08T20:37:00.954+0000] {processor.py:186} INFO - Started process (PID=791) to work on /home/airflow/.local/lib/python3.12/site-packages/airflow/example_dags/example_subdag_operator.py
[2026-05-08T20:37:00.955+0000] {processor.py:914} INFO - Processing file /home/airflow/.local/lib/python3.12/site-packages/airflow/example_dags/example_subdag_operator.py for tasks to queue
[2026-05-08T20:37:00.957+0000] {logging_mixin.py:190} INFO - [2026-05-08T20:37:00.957+0000] {dagbag.py:588} INFO - Filling up the DagBag from /home/airflow/.local/lib/python3.12/site-packages/airflow/example_dags/example_subdag_operator.py
[2026-05-08T20:37:01.001+0000] {processor.py:925} INFO - DAG(s) 'example_subdag_operator.section-1', 'example_subdag_operator.section-2', 'example_subdag_operator' retrieved from /home/airflow/.local/lib/python3.12/site-packages/airflow/example_dags/example_subdag_operator.py
[2026-05-08T20:37:01.040+0000] {logging_mixin.py:190} INFO - [2026-05-08T20:37:01.040+0000] {dag.py:3239} INFO - Sync 3 DAGs
[2026-05-08T20:37:01.068+0000] {logging_mixin.py:190} INFO - [2026-05-08T20:37:01.067+0000] {dag.py:4180} INFO - Setting next_dagrun for example_subdag_operator to 2022-01-01 00:00:00+00:00, run_after=2022-01-01 00:00:00+00:00
[2026-05-08T20:37:01.072+0000] {logging_mixin.py:190} INFO - [2026-05-08T20:37:01.071+0000] {dag.py:4180} INFO - Setting next_dagrun for example_subdag_operator.section-1 to None, run_after=None
[2026-05-08T20:37:01.073+0000] {logging_mixin.py:190} INFO - [2026-05-08T20:37:01.073+0000] {dag.py:4180} INFO - Setting next_dagrun for example_subdag_operator.section-2 to None, run_after=None
[2026-05-08T20:37:01.081+0000] {logging_mixin.py:190} INFO - [2026-05-08T20:37:01.081+0000] {dag.py:3239} INFO - Sync 2 DAGs
[2026-05-08T20:37:01.088+0000] {logging_mixin.py:190} INFO - [2026-05-08T20:37:01.088+0000] {dag.py:4180} INFO - Setting next_dagrun for example_subdag_operator.section-1 to None, run_after=None
[2026-05-08T20:37:01.088+0000] {logging_mixin.py:190} INFO - [2026-05-08T20:37:01.088+0000] {dag.py:4180} INFO - Setting next_dagrun for example_subdag_operator.section-2 to None, run_after=None
[2026-05-08T20:37:01.099+0000] {processor.py:208} INFO - Processing /home/airflow/.local/lib/python3.12/site-packages/airflow/example_dags/example_subdag_operator.py took 0.155 seconds
[2026-05-08T20:37:31.774+0000] {processor.py:186} INFO - Started process (PID=855) to work on /home/airflow/.local/lib/python3.12/site-packages/airflow/example_dags/example_subdag_operator.py
[2026-05-08T20:37:31.775+0000] {processor.py:914} INFO - Processing file /home/airflow/.local/lib/python3.12/site-packages/airflow/example_dags/example_subdag_operator.py for tasks to queue
[2026-05-08T20:37:31.777+0000] {logging_mixin.py:190} INFO - [2026-05-08T20:37:31.777+0000] {dagbag.py:588} INFO - Filling up the DagBag from /home/airflow/.local/lib/python3.12/site-packages/airflow/example_dags/example_subdag_operator.py
[2026-05-08T20:37:31.804+0000] {processor.py:925} INFO - DAG(s) 'example_subdag_operator.section-1', 'example_subdag_operator.section-2', 'example_subdag_operator' retrieved from /home/airflow/.local/lib/python3.12/site-packages/airflow/example_dags/example_subdag_operator.py
[2026-05-08T20:37:31.821+0000] {logging_mixin.py:190} INFO - [2026-05-08T20:37:31.821+0000] {dag.py:3239} INFO - Sync 3 DAGs
[2026-05-08T20:37:31.843+0000] {logging_mixin.py:190} INFO - [2026-05-08T20:37:31.843+0000] {dag.py:4180} INFO - Setting next_dagrun for example_subdag_operator to 2022-01-01 00:00:00+00:00, run_after=2022-01-01 00:00:00+00:00
[2026-05-08T20:37:31.846+0000] {logging_mixin.py:190} INFO - [2026-05-08T20:37:31.846+0000] {dag.py:4180} INFO - Setting next_dagrun for example_subdag_operator.section-1 to None, run_after=None
[2026-05-08T20:37:31.847+0000] {logging_mixin.py:190} INFO - [2026-05-08T20:37:31.847+0000] {dag.py:4180} INFO - Setting next_dagrun for example_subdag_operator.section-2 to None, run_after=None
[2026-05-08T20:37:31.854+0000] {logging_mixin.py:190} INFO - [2026-05-08T20:37:31.854+0000] {dag.py:3239} INFO - Sync 2 DAGs
[2026-05-08T20:37:31.858+0000] {logging_mixin.py:190} INFO - [2026-05-08T20:37:31.858+0000] {dag.py:4180} INFO - Setting next_dagrun for example_subdag_operator.section-1 to None, run_after=None
[2026-05-08T20:37:31.858+0000] {logging_mixin.py:190} INFO - [2026-05-08T20:37:31.858+0000] {dag.py:4180} INFO - Setting next_dagrun for example_subdag_operator.section-2 to None, run_after=None
[2026-05-08T20:37:31.866+0000] {processor.py:208} INFO - Processing /home/airflow/.local/lib/python3.12/site-packages/airflow/example_dags/example_subdag_operator.py took 0.096 seconds
[2026-05-08T20:38:02.647+0000] {processor.py:186} INFO - Started process (PID=919) to work on /home/airflow/.local/lib/python3.12/site-packages/airflow/example_dags/example_subdag_operator.py
[2026-05-08T20:38:02.647+0000] {processor.py:914} INFO - Processing file /home/airflow/.local/lib/python3.12/site-packages/airflow/example_dags/example_subdag_operator.py for tasks to queue
[2026-05-08T20:38:02.649+0000] {logging_mixin.py:190} INFO - [2026-05-08T20:38:02.649+0000] {dagbag.py:588} INFO - Filling up the DagBag from /home/airflow/.local/lib/python3.12/site-packages/airflow/example_dags/example_subdag_operator.py
[2026-05-08T20:38:02.671+0000] {processor.py:925} INFO - DAG(s) 'example_subdag_operator.section-1', 'example_subdag_operator.section-2', 'example_subdag_operator' retrieved from /home/airflow/.local/lib/python3.12/site-packages/airflow/example_dags/example_subdag_operator.py
[2026-05-08T20:38:02.686+0000] {logging_mixin.py:190} INFO - [2026-05-08T20:38:02.685+0000] {dag.py:3239} INFO - Sync 3 DAGs
[2026-05-08T20:38:02.703+0000] {logging_mixin.py:190} INFO - [2026-05-08T20:38:02.703+0000] {dag.py:4180} INFO - Setting next_dagrun for example_subdag_operator to 2022-01-01 00:00:00+00:00, run_after=2022-01-01 00:00:00+00:00
[2026-05-08T20:38:02.706+0000] {logging_mixin.py:190} INFO - [2026-05-08T20:38:02.706+0000] {dag.py:4180} INFO - Setting next_dagrun for example_subdag_operator.section-1 to None, run_after=None
[2026-05-08T20:38:02.707+0000] {logging_mixin.py:190} INFO - [2026-05-08T20:38:02.707+0000] {dag.py:4180} INFO - Setting next_dagrun for example_subdag_operator.section-2 to None, run_after=None
[2026-05-08T20:38:02.712+0000] {logging_mixin.py:190} INFO - [2026-05-08T20:38:02.712+0000] {dag.py:3239} INFO - Sync 2 DAGs
[2026-05-08T20:38:02.716+0000] {logging_mixin.py:190} INFO - [2026-05-08T20:38:02.716+0000] {dag.py:4180} INFO - Setting next_dagrun for example_subdag_operator.section-1 to None, run_after=None
[2026-05-08T20:38:02.716+0000] {logging_mixin.py:190} INFO - [2026-05-08T20:38:02.716+0000] {dag.py:4180} INFO - Setting next_dagrun for example_subdag_operator.section-2 to None, run_after=None
[2026-05-08T20:38:02.724+0000] {processor.py:208} INFO - Processing /home/airflow/.local/lib/python3.12/site-packages/airflow/example_dags/example_subdag_operator.py took 0.082 seconds
[2026-05-08T20:38:33.847+0000] {processor.py:186} INFO - Started process (PID=983) to work on /home/airflow/.local/lib/python3.12/site-packages/airflow/example_dags/example_subdag_operator.py
[2026-05-08T20:38:33.847+0000] {processor.py:914} INFO - Processing file /home/airflow/.local/lib/python3.12/site-packages/airflow/example_dags/example_subdag_operator.py for tasks to queue
[2026-05-08T20:38:33.849+0000] {logging_mixin.py:190} INFO - [2026-05-08T20:38:33.849+0000] {dagbag.py:588} INFO - Filling up the DagBag from /home/airflow/.local/lib/python3.12/site-packages/airflow/example_dags/example_subdag_operator.py
[2026-05-08T20:38:33.871+0000] {processor.py:925} INFO - DAG(s) 'example_subdag_operator.section-1', 'example_subdag_operator.section-2', 'example_subdag_operator' retrieved from /home/airflow/.local/lib/python3.12/site-packages/airflow/example_dags/example_subdag_operator.py
[2026-05-08T20:38:33.883+0000] {logging_mixin.py:190} INFO - [2026-05-08T20:38:33.883+0000] {dag.py:3239} INFO - Sync 3 DAGs
[2026-05-08T20:38:33.903+0000] {logging_mixin.py:190} INFO - [2026-05-08T20:38:33.903+0000] {dag.py:4180} INFO - Setting next_dagrun for example_subdag_operator to 2022-01-01 00:00:00+00:00, run_after=2022-01-01 00:00:00+00:00
[2026-05-08T20:38:33.907+0000] {logging_mixin.py:190} INFO - [2026-05-08T20:38:33.906+0000] {dag.py:4180} INFO - Setting next_dagrun for example_subdag_operator.section-1 to None, run_after=None
[2026-05-08T20:38:33.908+0000] {logging_mixin.py:190} INFO - [2026-05-08T20:38:33.907+0000] {dag.py:4180} INFO - Setting next_dagrun for example_subdag_operator.section-2 to None, run_after=None
[2026-05-08T20:38:33.914+0000] {logging_mixin.py:190} INFO - [2026-05-08T20:38:33.914+0000] {dag.py:3239} INFO - Sync 2 DAGs
[2026-05-08T20:38:33.919+0000] {logging_mixin.py:190} INFO - [2026-05-08T20:38:33.919+0000] {dag.py:4180} INFO - Setting next_dagrun for example_subdag_operator.section-1 to None, run_after=None
[2026-05-08T20:38:33.920+0000] {logging_mixin.py:190} INFO - [2026-05-08T20:38:33.919+0000] {dag.py:4180} INFO - Setting next_dagrun for example_subdag_operator.section-2 to None, run_after=None
[2026-05-08T20:38:33.928+0000] {processor.py:208} INFO - Processing /home/airflow/.local/lib/python3.12/site-packages/airflow/example_dags/example_subdag_operator.py took 0.086 seconds
[2026-05-08T20:39:04.798+0000] {processor.py:186} INFO - Started process (PID=1047) to work on /home/airflow/.local/lib/python3.12/site-packages/airflow/example_dags/example_subdag_operator.py
[2026-05-08T20:39:04.799+0000] {processor.py:914} INFO - Processing file /home/airflow/.local/lib/python3.12/site-packages/airflow/example_dags/example_subdag_operator.py for tasks to queue
[2026-05-08T20:39:04.800+0000] {logging_mixin.py:190} INFO - [2026-05-08T20:39:04.800+0000] {dagbag.py:588} INFO - Filling up the DagBag from /home/airflow/.local/lib/python3.12/site-packages/airflow/example_dags/example_subdag_operator.py
[2026-05-08T20:39:04.821+0000] {processor.py:925} INFO - DAG(s) 'example_subdag_operator.section-1', 'example_subdag_operator.section-2', 'example_subdag_operator' retrieved from /home/airflow/.local/lib/python3.12/site-packages/airflow/example_dags/example_subdag_operator.py
[2026-05-08T20:39:04.832+0000] {logging_mixin.py:190} INFO - [2026-05-08T20:39:04.832+0000] {dag.py:3239} INFO - Sync 3 DAGs
[2026-05-08T20:39:04.854+0000] {logging_mixin.py:190} INFO - [2026-05-08T20:39:04.854+0000] {dag.py:4180} INFO - Setting next_dagrun for example_subdag_operator to 2022-01-01 00:00:00+00:00, run_after=2022-01-01 00:00:00+00:00
[2026-05-08T20:39:04.857+0000] {logging_mixin.py:190} INFO - [2026-05-08T20:39:04.857+0000] {dag.py:4180} INFO - Setting next_dagrun for example_subdag_operator.section-1 to None, run_after=None
[2026-05-08T20:39:04.858+0000] {logging_mixin.py:190} INFO - [2026-05-08T20:39:04.858+0000] {dag.py:4180} INFO - Setting next_dagrun for example_subdag_operator.section-2 to None, run_after=None
[2026-05-08T20:39:04.864+0000] {logging_mixin.py:190} INFO - [2026-05-08T20:39:04.864+0000] {dag.py:3239} INFO - Sync 2 DAGs
[2026-05-08T20:39:04.868+0000] {logging_mixin.py:190} INFO - [2026-05-08T20:39:04.868+0000] {dag.py:4180} INFO - Setting next_dagrun for example_subdag_operator.section-1 to None, run_after=None
[2026-05-08T20:39:04.869+0000] {logging_mixin.py:190} INFO - [2026-05-08T20:39:04.868+0000] {dag.py:4180} INFO - Setting next_dagrun for example_subdag_operator.section-2 to None, run_after=None
[2026-05-08T20:39:04.876+0000] {processor.py:208} INFO - Processing /home/airflow/.local/lib/python3.12/site-packages/airflow/example_dags/example_subdag_operator.py took 0.083 seconds
[2026-05-08T20:39:35.545+0000] {processor.py:186} INFO - Started process (PID=1111) to work on /home/airflow/.local/lib/python3.12/site-packages/airflow/example_dags/example_subdag_operator.py
[2026-05-08T20:39:35.546+0000] {processor.py:914} INFO - Processing file /home/airflow/.local/lib/python3.12/site-packages/airflow/example_dags/example_subdag_operator.py for tasks to queue
[2026-05-08T20:39:35.547+0000] {logging_mixin.py:190} INFO - [2026-05-08T20:39:35.547+0000] {dagbag.py:588} INFO - Filling up the DagBag from /home/airflow/.local/lib/python3.12/site-packages/airflow/example_dags/example_subdag_operator.py
[2026-05-08T20:39:35.570+0000] {processor.py:925} INFO - DAG(s) 'example_subdag_operator.section-1', 'example_subdag_operator.section-2', 'example_subdag_operator' retrieved from /home/airflow/.local/lib/python3.12/site-packages/airflow/example_dags/example_subdag_operator.py
[2026-05-08T20:39:35.581+0000] {logging_mixin.py:190} INFO - [2026-05-08T20:39:35.581+0000] {dag.py:3239} INFO - Sync 3 DAGs
[2026-05-08T20:39:35.604+0000] {logging_mixin.py:190} INFO - [2026-05-08T20:39:35.603+0000] {dag.py:4180} INFO - Setting next_dagrun for example_subdag_operator to 2022-01-01 00:00:00+00:00, run_after=2022-01-01 00:00:00+00:00
[2026-05-08T20:39:35.607+0000] {logging_mixin.py:190} INFO - [2026-05-08T20:39:35.607+0000] {dag.py:4180} INFO - Setting next_dagrun for example_subdag_operator.section-1 to None, run_after=None
[2026-05-08T20:39:35.609+0000] {logging_mixin.py:190} INFO - [2026-05-08T20:39:35.608+0000] {dag.py:4180} INFO - Setting next_dagrun for example_subdag_operator.section-2 to None, run_after=None
[2026-05-08T20:39:35.616+0000] {logging_mixin.py:190} INFO - [2026-05-08T20:39:35.615+0000] {dag.py:3239} INFO - Sync 2 DAGs
[2026-05-08T20:39:35.621+0000] {logging_mixin.py:190} INFO - [2026-05-08T20:39:35.621+0000] {dag.py:4180} INFO - Setting next_dagrun for example_subdag_operator.section-1 to None, run_after=None
[2026-05-08T20:39:35.621+0000] {logging_mixin.py:190} INFO - [2026-05-08T20:39:35.621+0000] {dag.py:4180} INFO - Setting next_dagrun for example_subdag_operator.section-2 to None, run_after=None
[2026-05-08T20:39:35.631+0000] {processor.py:208} INFO - Processing /home/airflow/.local/lib/python3.12/site-packages/airflow/example_dags/example_subdag_operator.py took 0.090 seconds
[2026-05-08T20:40:06.457+0000] {processor.py:186} INFO - Started process (PID=1175) to work on /home/airflow/.local/lib/python3.12/site-packages/airflow/example_dags/example_subdag_operator.py
[2026-05-08T20:40:06.457+0000] {processor.py:914} INFO - Processing file /home/airflow/.local/lib/python3.12/site-packages/airflow/example_dags/example_subdag_operator.py for tasks to queue
[2026-05-08T20:40:06.459+0000] {logging_mixin.py:190} INFO - [2026-05-08T20:40:06.459+0000] {dagbag.py:588} INFO - Filling up the DagBag from /home/airflow/.local/lib/python3.12/site-packages/airflow/example_dags/example_subdag_operator.py
[2026-05-08T20:40:06.481+0000] {processor.py:925} INFO - DAG(s) 'example_subdag_operator.section-1', 'example_subdag_operator.section-2', 'example_subdag_operator' retrieved from /home/airflow/.local/lib/python3.12/site-packages/airflow/example_dags/example_subdag_operator.py
[2026-05-08T20:40:06.497+0000] {logging_mixin.py:190} INFO - [2026-05-08T20:40:06.497+0000] {dag.py:3239} INFO - Sync 3 DAGs
[2026-05-08T20:40:06.517+0000] {logging_mixin.py:190} INFO - [2026-05-08T20:40:06.517+0000] {dag.py:4180} INFO - Setting next_dagrun for example_subdag_operator to 2022-01-01 00:00:00+00:00, run_after=2022-01-01 00:00:00+00:00
[2026-05-08T20:40:06.520+0000] {logging_mixin.py:190} INFO - [2026-05-08T20:40:06.520+0000] {dag.py:4180} INFO - Setting next_dagrun for example_subdag_operator.section-1 to None, run_after=None
[2026-05-08T20:40:06.521+0000] {logging_mixin.py:190} INFO - [2026-05-08T20:40:06.521+0000] {dag.py:4180} INFO - Setting next_dagrun for example_subdag_operator.section-2 to None, run_after=None
[2026-05-08T20:40:06.527+0000] {logging_mixin.py:190} INFO - [2026-05-08T20:40:06.526+0000] {dag.py:3239} INFO - Sync 2 DAGs
[2026-05-08T20:40:06.532+0000] {logging_mixin.py:190} INFO - [2026-05-08T20:40:06.532+0000] {dag.py:4180} INFO - Setting next_dagrun for example_subdag_operator.section-1 to None, run_after=None
[2026-05-08T20:40:06.532+0000] {logging_mixin.py:190} INFO - [2026-05-08T20:40:06.532+0000] {dag.py:4180} INFO - Setting next_dagrun for example_subdag_operator.section-2 to None, run_after=None
[2026-05-08T20:40:06.540+0000] {processor.py:208} INFO - Processing /home/airflow/.local/lib/python3.12/site-packages/airflow/example_dags/example_subdag_operator.py took 0.087 seconds
[2026-05-08T20:40:37.399+0000] {processor.py:186} INFO - Started process (PID=1239) to work on /home/airflow/.local/lib/python3.12/site-packages/airflow/example_dags/example_subdag_operator.py
[2026-05-08T20:40:37.400+0000] {processor.py:914} INFO - Processing file /home/airflow/.local/lib/python3.12/site-packages/airflow/example_dags/example_subdag_operator.py for tasks to queue
[2026-05-08T20:40:37.402+0000] {logging_mixin.py:190} INFO - [2026-05-08T20:40:37.401+0000] {dagbag.py:588} INFO - Filling up the DagBag from /home/airflow/.local/lib/python3.12/site-packages/airflow/example_dags/example_subdag_operator.py
[2026-05-08T20:40:37.423+0000] {processor.py:925} INFO - DAG(s) 'example_subdag_operator.section-1', 'example_subdag_operator.section-2', 'example_subdag_operator' retrieved from /home/airflow/.local/lib/python3.12/site-packages/airflow/example_dags/example_subdag_operator.py
[2026-05-08T20:40:37.436+0000] {logging_mixin.py:190} INFO - [2026-05-08T20:40:37.436+0000] {dag.py:3239} INFO - Sync 3 DAGs
[2026-05-08T20:40:37.457+0000] {logging_mixin.py:190} INFO - [2026-05-08T20:40:37.457+0000] {dag.py:4180} INFO - Setting next_dagrun for example_subdag_operator to 2022-01-01 00:00:00+00:00, run_after=2022-01-01 00:00:00+00:00
[2026-05-08T20:40:37.461+0000] {logging_mixin.py:190} INFO - [2026-05-08T20:40:37.461+0000] {dag.py:4180} INFO - Setting next_dagrun for example_subdag_operator.section-1 to None, run_after=None
[2026-05-08T20:40:37.462+0000] {logging_mixin.py:190} INFO - [2026-05-08T20:40:37.462+0000] {dag.py:4180} INFO - Setting next_dagrun for example_subdag_operator.section-2 to None, run_after=None
[2026-05-08T20:40:37.468+0000] {logging_mixin.py:190} INFO - [2026-05-08T20:40:37.468+0000] {dag.py:3239} INFO - Sync 2 DAGs
[2026-05-08T20:40:37.473+0000] {logging_mixin.py:190} INFO - [2026-05-08T20:40:37.473+0000] {dag.py:4180} INFO - Setting next_dagrun for example_subdag_operator.section-1 to None, run_after=None
[2026-05-08T20:40:37.473+0000] {logging_mixin.py:190} INFO - [2026-05-08T20:40:37.473+0000] {dag.py:4180} INFO - Setting next_dagrun for example_subdag_operator.section-2 to None, run_after=None
[2026-05-08T20:40:37.482+0000] {processor.py:208} INFO - Processing /home/airflow/.local/lib/python3.12/site-packages/airflow/example_dags/example_subdag_operator.py took 0.087 seconds
[2026-05-08T20:41:09.047+0000] {processor.py:186} INFO - Started process (PID=1303) to work on /home/airflow/.local/lib/python3.12/site-packages/airflow/example_dags/example_subdag_operator.py
[2026-05-08T20:41:09.048+0000] {processor.py:914} INFO - Processing file /home/airflow/.local/lib/python3.12/site-packages/airflow/example_dags/example_subdag_operator.py for tasks to queue
[2026-05-08T20:41:09.050+0000] {logging_mixin.py:190} INFO - [2026-05-08T20:41:09.050+0000] {dagbag.py:588} INFO - Filling up the DagBag from /home/airflow/.local/lib/python3.12/site-packages/airflow/example_dags/example_subdag_operator.py
[2026-05-08T20:41:09.071+0000] {processor.py:925} INFO - DAG(s) 'example_subdag_operator.section-1', 'example_subdag_operator.section-2', 'example_subdag_operator' retrieved from /home/airflow/.local/lib/python3.12/site-packages/airflow/example_dags/example_subdag_operator.py
[2026-05-08T20:41:09.083+0000] {logging_mixin.py:190} INFO - [2026-05-08T20:41:09.083+0000] {dag.py:3239} INFO - Sync 3 DAGs
[2026-05-08T20:41:09.103+0000] {logging_mixin.py:190} INFO - [2026-05-08T20:41:09.103+0000] {dag.py:4180} INFO - Setting next_dagrun for example_subdag_operator to 2022-01-01 00:00:00+00:00, run_after=2022-01-01 00:00:00+00:00
[2026-05-08T20:41:09.106+0000] {logging_mixin.py:190} INFO - [2026-05-08T20:41:09.106+0000] {dag.py:4180} INFO - Setting next_dagrun for example_subdag_operator.section-1 to None, run_after=None
[2026-05-08T20:41:09.107+0000] {logging_mixin.py:190} INFO - [2026-05-08T20:41:09.107+0000] {dag.py:4180} INFO - Setting next_dagrun for example_subdag_operator.section-2 to None, run_after=None
[2026-05-08T20:41:09.112+0000] {logging_mixin.py:190} INFO - [2026-05-08T20:41:09.112+0000] {dag.py:3239} INFO - Sync 2 DAGs
[2026-05-08T20:41:09.116+0000] {logging_mixin.py:190} INFO - [2026-05-08T20:41:09.116+0000] {dag.py:4180} INFO - Setting next_dagrun for example_subdag_operator.section-1 to None, run_after=None
[2026-05-08T20:41:09.116+0000] {logging_mixin.py:190} INFO - [2026-05-08T20:41:09.116+0000] {dag.py:4180} INFO - Setting next_dagrun for example_subdag_operator.section-2 to None, run_after=None
[2026-05-08T20:41:09.128+0000] {processor.py:208} INFO - Processing /home/airflow/.local/lib/python3.12/site-packages/airflow/example_dags/example_subdag_operator.py took 0.086 seconds
[2026-05-08T20:41:40.322+0000] {processor.py:186} INFO - Started process (PID=1367) to work on /home/airflow/.local/lib/python3.12/site-packages/airflow/example_dags/example_subdag_operator.py
[2026-05-08T20:41:40.322+0000] {processor.py:914} INFO - Processing file /home/airflow/.local/lib/python3.12/site-packages/airflow/example_dags/example_subdag_operator.py for tasks to queue
[2026-05-08T20:41:40.324+0000] {logging_mixin.py:190} INFO - [2026-05-08T20:41:40.324+0000] {dagbag.py:588} INFO - Filling up the DagBag from /home/airflow/.local/lib/python3.12/site-packages/airflow/example_dags/example_subdag_operator.py
[2026-05-08T20:41:40.346+0000] {processor.py:925} INFO - DAG(s) 'example_subdag_operator.section-1', 'example_subdag_operator.section-2', 'example_subdag_operator' retrieved from /home/airflow/.local/lib/python3.12/site-packages/airflow/example_dags/example_subdag_operator.py
[2026-05-08T20:41:40.358+0000] {logging_mixin.py:190} INFO - [2026-05-08T20:41:40.358+0000] {dag.py:3239} INFO - Sync 3 DAGs
[2026-05-08T20:41:40.377+0000] {logging_mixin.py:190} INFO - [2026-05-08T20:41:40.377+0000] {dag.py:4180} INFO - Setting next_dagrun for example_subdag_operator to 2022-01-01 00:00:00+00:00, run_after=2022-01-01 00:00:00+00:00
[2026-05-08T20:41:40.380+0000] {logging_mixin.py:190} INFO - [2026-05-08T20:41:40.380+0000] {dag.py:4180} INFO - Setting next_dagrun for example_subdag_operator.section-1 to None, run_after=None
[2026-05-08T20:41:40.381+0000] {logging_mixin.py:190} INFO - [2026-05-08T20:41:40.381+0000] {dag.py:4180} INFO - Setting next_dagrun for example_subdag_operator.section-2 to None, run_after=None
[2026-05-08T20:41:40.387+0000] {logging_mixin.py:190} INFO - [2026-05-08T20:41:40.387+0000] {dag.py:3239} INFO - Sync 2 DAGs
[2026-05-08T20:41:40.392+0000] {logging_mixin.py:190} INFO - [2026-05-08T20:41:40.392+0000] {dag.py:4180} INFO - Setting next_dagrun for example_subdag_operator.section-1 to None, run_after=None
[2026-05-08T20:41:40.393+0000] {logging_mixin.py:190} INFO - [2026-05-08T20:41:40.393+0000] {dag.py:4180} INFO - Setting next_dagrun for example_subdag_operator.section-2 to None, run_after=None
[2026-05-08T20:41:40.402+0000] {processor.py:208} INFO - Processing /home/airflow/.local/lib/python3.12/site-packages/airflow/example_dags/example_subdag_operator.py took 0.085 seconds
[2026-05-08T20:42:11.765+0000] {processor.py:186} INFO - Started process (PID=1431) to work on /home/airflow/.local/lib/python3.12/site-packages/airflow/example_dags/example_subdag_operator.py
[2026-05-08T20:42:11.766+0000] {processor.py:914} INFO - Processing file /home/airflow/.local/lib/python3.12/site-packages/airflow/example_dags/example_subdag_operator.py for tasks to queue
[2026-05-08T20:42:11.768+0000] {logging_mixin.py:190} INFO - [2026-05-08T20:42:11.768+0000] {dagbag.py:588} INFO - Filling up the DagBag from /home/airflow/.local/lib/python3.12/site-packages/airflow/example_dags/example_subdag_operator.py
[2026-05-08T20:42:11.789+0000] {processor.py:925} INFO - DAG(s) 'example_subdag_operator.section-1', 'example_subdag_operator.section-2', 'example_subdag_operator' retrieved from /home/airflow/.local/lib/python3.12/site-packages/airflow/example_dags/example_subdag_operator.py
[2026-05-08T20:42:11.804+0000] {logging_mixin.py:190} INFO - [2026-05-08T20:42:11.803+0000] {dag.py:3239} INFO - Sync 3 DAGs
[2026-05-08T20:42:11.823+0000] {logging_mixin.py:190} INFO - [2026-05-08T20:42:11.823+0000] {dag.py:4180} INFO - Setting next_dagrun for example_subdag_operator to 2022-01-01 00:00:00+00:00, run_after=2022-01-01 00:00:00+00:00
[2026-05-08T20:42:11.826+0000] {logging_mixin.py:190} INFO - [2026-05-08T20:42:11.826+0000] {dag.py:4180} INFO - Setting next_dagrun for example_subdag_operator.section-1 to None, run_after=None
[2026-05-08T20:42:11.827+0000] {logging_mixin.py:190} INFO - [2026-05-08T20:42:11.827+0000] {dag.py:4180} INFO - Setting next_dagrun for example_subdag_operator.section-2 to None, run_after=None
[2026-05-08T20:42:11.832+0000] {logging_mixin.py:190} INFO - [2026-05-08T20:42:11.832+0000] {dag.py:3239} INFO - Sync 2 DAGs
[2026-05-08T20:42:11.836+0000] {logging_mixin.py:190} INFO - [2026-05-08T20:42:11.836+0000] {dag.py:4180} INFO - Setting next_dagrun for example_subdag_operator.section-1 to None, run_after=None
[2026-05-08T20:42:11.837+0000] {logging_mixin.py:190} INFO - [2026-05-08T20:42:11.836+0000] {dag.py:4180} INFO - Setting next_dagrun for example_subdag_operator.section-2 to None, run_after=None
[2026-05-08T20:42:11.844+0000] {processor.py:208} INFO - Processing /home/airflow/.local/lib/python3.12/site-packages/airflow/example_dags/example_subdag_operator.py took 0.086 seconds
[2026-05-08T20:42:42.889+0000] {processor.py:186} INFO - Started process (PID=1496) to work on /home/airflow/.local/lib/python3.12/site-packages/airflow/example_dags/example_subdag_operator.py
[2026-05-08T20:42:42.890+0000] {processor.py:914} INFO - Processing file /home/airflow/.local/lib/python3.12/site-packages/airflow/example_dags/example_subdag_operator.py for tasks to queue
[2026-05-08T20:42:42.891+0000] {logging_mixin.py:190} INFO - [2026-05-08T20:42:42.891+0000] {dagbag.py:588} INFO - Filling up the DagBag from /home/airflow/.local/lib/python3.12/site-packages/airflow/example_dags/example_subdag_operator.py
[2026-05-08T20:42:42.912+0000] {processor.py:925} INFO - DAG(s) 'example_subdag_operator.section-1', 'example_subdag_operator.section-2', 'example_subdag_operator' retrieved from /home/airflow/.local/lib/python3.12/site-packages/airflow/example_dags/example_subdag_operator.py
[2026-05-08T20:42:42.926+0000] {logging_mixin.py:190} INFO - [2026-05-08T20:42:42.926+0000] {dag.py:3239} INFO - Sync 3 DAGs
[2026-05-08T20:42:42.946+0000] {logging_mixin.py:190} INFO - [2026-05-08T20:42:42.946+0000] {dag.py:4180} INFO - Setting next_dagrun for example_subdag_operator to 2022-01-01 00:00:00+00:00, run_after=2022-01-01 00:00:00+00:00
[2026-05-08T20:42:42.949+0000] {logging_mixin.py:190} INFO - [2026-05-08T20:42:42.949+0000] {dag.py:4180} INFO - Setting next_dagrun for example_subdag_operator.section-1 to None, run_after=None
[2026-05-08T20:42:42.950+0000] {logging_mixin.py:190} INFO - [2026-05-08T20:42:42.950+0000] {dag.py:4180} INFO - Setting next_dagrun for example_subdag_operator.section-2 to None, run_after=None
[2026-05-08T20:42:42.955+0000] {logging_mixin.py:190} INFO - [2026-05-08T20:42:42.955+0000] {dag.py:3239} INFO - Sync 2 DAGs
[2026-05-08T20:42:42.960+0000] {logging_mixin.py:190} INFO - [2026-05-08T20:42:42.960+0000] {dag.py:4180} INFO - Setting next_dagrun for example_subdag_operator.section-1 to None, run_after=None
[2026-05-08T20:42:42.960+0000] {logging_mixin.py:190} INFO - [2026-05-08T20:42:42.960+0000] {dag.py:4180} INFO - Setting next_dagrun for example_subdag_operator.section-2 to None, run_after=None
[2026-05-08T20:42:42.968+0000] {processor.py:208} INFO - Processing /home/airflow/.local/lib/python3.12/site-packages/airflow/example_dags/example_subdag_operator.py took 0.084 seconds
[2026-05-08T20:43:14.098+0000] {processor.py:186} INFO - Started process (PID=1560) to work on /home/airflow/.local/lib/python3.12/site-packages/airflow/example_dags/example_subdag_operator.py
[2026-05-08T20:43:14.099+0000] {processor.py:914} INFO - Processing file /home/airflow/.local/lib/python3.12/site-packages/airflow/example_dags/example_subdag_operator.py for tasks to queue
[2026-05-08T20:43:14.101+0000] {logging_mixin.py:190} INFO - [2026-05-08T20:43:14.100+0000] {dagbag.py:588} INFO - Filling up the DagBag from /home/airflow/.local/lib/python3.12/site-packages/airflow/example_dags/example_subdag_operator.py
[2026-05-08T20:43:14.122+0000] {processor.py:925} INFO - DAG(s) 'example_subdag_operator.section-1', 'example_subdag_operator.section-2', 'example_subdag_operator' retrieved from /home/airflow/.local/lib/python3.12/site-packages/airflow/example_dags/example_subdag_operator.py
[2026-05-08T20:43:14.133+0000] {logging_mixin.py:190} INFO - [2026-05-08T20:43:14.133+0000] {dag.py:3239} INFO - Sync 3 DAGs
[2026-05-08T20:43:14.151+0000] {logging_mixin.py:190} INFO - [2026-05-08T20:43:14.151+0000] {dag.py:4180} INFO - Setting next_dagrun for example_subdag_operator to 2022-01-01 00:00:00+00:00, run_after=2022-01-01 00:00:00+00:00
[2026-05-08T20:43:14.154+0000] {logging_mixin.py:190} INFO - [2026-05-08T20:43:14.154+0000] {dag.py:4180} INFO - Setting next_dagrun for example_subdag_operator.section-1 to None, run_after=None
[2026-05-08T20:43:14.155+0000] {logging_mixin.py:190} INFO - [2026-05-08T20:43:14.155+0000] {dag.py:4180} INFO - Setting next_dagrun for example_subdag_operator.section-2 to None, run_after=None
[2026-05-08T20:43:14.162+0000] {logging_mixin.py:190} INFO - [2026-05-08T20:43:14.162+0000] {dag.py:3239} INFO - Sync 2 DAGs
[2026-05-08T20:43:14.168+0000] {logging_mixin.py:190} INFO - [2026-05-08T20:43:14.167+0000] {dag.py:4180} INFO - Setting next_dagrun for example_subdag_operator.section-1 to None, run_after=None
[2026-05-08T20:43:14.168+0000] {logging_mixin.py:190} INFO - [2026-05-08T20:43:14.168+0000] {dag.py:4180} INFO - Setting next_dagrun for example_subdag_operator.section-2 to None, run_after=None
[2026-05-08T20:43:14.177+0000] {processor.py:208} INFO - Processing /home/airflow/.local/lib/python3.12/site-packages/airflow/example_dags/example_subdag_operator.py took 0.084 seconds
[2026-05-08T20:43:45.333+0000] {processor.py:186} INFO - Started process (PID=1624) to work on /home/airflow/.local/lib/python3.12/site-packages/airflow/example_dags/example_subdag_operator.py
[2026-05-08T20:43:45.334+0000] {processor.py:914} INFO - Processing file /home/airflow/.local/lib/python3.12/site-packages/airflow/example_dags/example_subdag_operator.py for tasks to queue
[2026-05-08T20:43:45.335+0000] {logging_mixin.py:190} INFO - [2026-05-08T20:43:45.335+0000] {dagbag.py:588} INFO - Filling up the DagBag from /home/airflow/.local/lib/python3.12/site-packages/airflow/example_dags/example_subdag_operator.py
[2026-05-08T20:43:45.359+0000] {processor.py:925} INFO - DAG(s) 'example_subdag_operator.section-1', 'example_subdag_operator.section-2', 'example_subdag_operator' retrieved from /home/airflow/.local/lib/python3.12/site-packages/airflow/example_dags/example_subdag_operator.py
[2026-05-08T20:43:45.371+0000] {logging_mixin.py:190} INFO - [2026-05-08T20:43:45.371+0000] {dag.py:3239} INFO - Sync 3 DAGs
[2026-05-08T20:43:45.393+0000] {logging_mixin.py:190} INFO - [2026-05-08T20:43:45.393+0000] {dag.py:4180} INFO - Setting next_dagrun for example_subdag_operator to 2022-01-01 00:00:00+00:00, run_after=2022-01-01 00:00:00+00:00
[2026-05-08T20:43:45.396+0000] {logging_mixin.py:190} INFO - [2026-05-08T20:43:45.396+0000] {dag.py:4180} INFO - Setting next_dagrun for example_subdag_operator.section-1 to None, run_after=None
[2026-05-08T20:43:45.398+0000] {logging_mixin.py:190} INFO - [2026-05-08T20:43:45.397+0000] {dag.py:4180} INFO - Setting next_dagrun for example_subdag_operator.section-2 to None, run_after=None
[2026-05-08T20:43:45.404+0000] {logging_mixin.py:190} INFO - [2026-05-08T20:43:45.404+0000] {dag.py:3239} INFO - Sync 2 DAGs
[2026-05-08T20:43:45.410+0000] {logging_mixin.py:190} INFO - [2026-05-08T20:43:45.409+0000] {dag.py:4180} INFO - Setting next_dagrun for example_subdag_operator.section-1 to None, run_after=None
[2026-05-08T20:43:45.410+0000] {logging_mixin.py:190} INFO - [2026-05-08T20:43:45.410+0000] {dag.py:4180} INFO - Setting next_dagrun for example_subdag_operator.section-2 to None, run_after=None
[2026-05-08T20:43:45.419+0000] {processor.py:208} INFO - Processing /home/airflow/.local/lib/python3.12/site-packages/airflow/example_dags/example_subdag_operator.py took 0.092 seconds
[2026-05-08T20:44:16.639+0000] {processor.py:186} INFO - Started process (PID=1688) to work on /home/airflow/.local/lib/python3.12/site-packages/airflow/example_dags/example_subdag_operator.py
[2026-05-08T20:44:16.640+0000] {processor.py:914} INFO - Processing file /home/airflow/.local/lib/python3.12/site-packages/airflow/example_dags/example_subdag_operator.py for tasks to queue
[2026-05-08T20:44:16.642+0000] {logging_mixin.py:190} INFO - [2026-05-08T20:44:16.641+0000] {dagbag.py:588} INFO - Filling up the DagBag from /home/airflow/.local/lib/python3.12/site-packages/airflow/example_dags/example_subdag_operator.py
[2026-05-08T20:44:16.661+0000] {processor.py:925} INFO - DAG(s) 'example_subdag_operator.section-1', 'example_subdag_operator.section-2', 'example_subdag_operator' retrieved from /home/airflow/.local/lib/python3.12/site-packages/airflow/example_dags/example_subdag_operator.py
[2026-05-08T20:44:16.673+0000] {logging_mixin.py:190} INFO - [2026-05-08T20:44:16.673+0000] {dag.py:3239} INFO - Sync 3 DAGs
[2026-05-08T20:44:16.691+0000] {logging_mixin.py:190} INFO - [2026-05-08T20:44:16.691+0000] {dag.py:4180} INFO - Setting next_dagrun for example_subdag_operator to 2022-01-01 00:00:00+00:00, run_after=2022-01-01 00:00:00+00:00
[2026-05-08T20:44:16.693+0000] {logging_mixin.py:190} INFO - [2026-05-08T20:44:16.693+0000] {dag.py:4180} INFO - Setting next_dagrun for example_subdag_operator.section-1 to None, run_after=None
[2026-05-08T20:44:16.694+0000] {logging_mixin.py:190} INFO - [2026-05-08T20:44:16.694+0000] {dag.py:4180} INFO - Setting next_dagrun for example_subdag_operator.section-2 to None, run_after=None
[2026-05-08T20:44:16.700+0000] {logging_mixin.py:190} INFO - [2026-05-08T20:44:16.699+0000] {dag.py:3239} INFO - Sync 2 DAGs
[2026-05-08T20:44:16.703+0000] {logging_mixin.py:190} INFO - [2026-05-08T20:44:16.703+0000] {dag.py:4180} INFO - Setting next_dagrun for example_subdag_operator.section-1 to None, run_after=None
[2026-05-08T20:44:16.704+0000] {logging_mixin.py:190} INFO - [2026-05-08T20:44:16.704+0000] {dag.py:4180} INFO - Setting next_dagrun for example_subdag_operator.section-2 to None, run_after=None
[2026-05-08T20:44:16.711+0000] {processor.py:208} INFO - Processing /home/airflow/.local/lib/python3.12/site-packages/airflow/example_dags/example_subdag_operator.py took 0.076 seconds
[2026-05-08T20:44:48.095+0000] {processor.py:186} INFO - Started process (PID=1752) to work on /home/airflow/.local/lib/python3.12/site-packages/airflow/example_dags/example_subdag_operator.py
[2026-05-08T20:44:48.096+0000] {processor.py:914} INFO - Processing file /home/airflow/.local/lib/python3.12/site-packages/airflow/example_dags/example_subdag_operator.py for tasks to queue
[2026-05-08T20:44:48.097+0000] {logging_mixin.py:190} INFO - [2026-05-08T20:44:48.097+0000] {dagbag.py:588} INFO - Filling up the DagBag from /home/airflow/.local/lib/python3.12/site-packages/airflow/example_dags/example_subdag_operator.py
[2026-05-08T20:44:48.116+0000] {processor.py:925} INFO - DAG(s) 'example_subdag_operator.section-1', 'example_subdag_operator.section-2', 'example_subdag_operator' retrieved from /home/airflow/.local/lib/python3.12/site-packages/airflow/example_dags/example_subdag_operator.py
[2026-05-08T20:44:48.128+0000] {logging_mixin.py:190} INFO - [2026-05-08T20:44:48.128+0000] {dag.py:3239} INFO - Sync 3 DAGs
[2026-05-08T20:44:48.146+0000] {logging_mixin.py:190} INFO - [2026-05-08T20:44:48.145+0000] {dag.py:4180} INFO - Setting next_dagrun for example_subdag_operator to 2022-01-01 00:00:00+00:00, run_after=2022-01-01 00:00:00+00:00
[2026-05-08T20:44:48.148+0000] {logging_mixin.py:190} INFO - [2026-05-08T20:44:48.148+0000] {dag.py:4180} INFO - Setting next_dagrun for example_subdag_operator.section-1 to None, run_after=None
[2026-05-08T20:44:48.149+0000] {logging_mixin.py:190} INFO - [2026-05-08T20:44:48.149+0000] {dag.py:4180} INFO - Setting next_dagrun for example_subdag_operator.section-2 to None, run_after=None
[2026-05-08T20:44:48.154+0000] {logging_mixin.py:190} INFO - [2026-05-08T20:44:48.154+0000] {dag.py:3239} INFO - Sync 2 DAGs
[2026-05-08T20:44:48.158+0000] {logging_mixin.py:190} INFO - [2026-05-08T20:44:48.158+0000] {dag.py:4180} INFO - Setting next_dagrun for example_subdag_operator.section-1 to None, run_after=None
[2026-05-08T20:44:48.159+0000] {logging_mixin.py:190} INFO - [2026-05-08T20:44:48.159+0000] {dag.py:4180} INFO - Setting next_dagrun for example_subdag_operator.section-2 to None, run_after=None
[2026-05-08T20:44:48.167+0000] {processor.py:208} INFO - Processing /home/airflow/.local/lib/python3.12/site-packages/airflow/example_dags/example_subdag_operator.py took 0.077 seconds
[2026-05-08T20:45:19.483+0000] {processor.py:186} INFO - Started process (PID=1816) to work on /home/airflow/.local/lib/python3.12/site-packages/airflow/example_dags/example_subdag_operator.py
[2026-05-08T20:45:19.484+0000] {processor.py:914} INFO - Processing file /home/airflow/.local/lib/python3.12/site-packages/airflow/example_dags/example_subdag_operator.py for tasks to queue
[2026-05-08T20:45:19.486+0000] {logging_mixin.py:190} INFO - [2026-05-08T20:45:19.486+0000] {dagbag.py:588} INFO - Filling up the DagBag from /home/airflow/.local/lib/python3.12/site-packages/airflow/example_dags/example_subdag_operator.py
[2026-05-08T20:45:19.508+0000] {processor.py:925} INFO - DAG(s) 'example_subdag_operator.section-1', 'example_subdag_operator.section-2', 'example_subdag_operator' retrieved from /home/airflow/.local/lib/python3.12/site-packages/airflow/example_dags/example_subdag_operator.py
[2026-05-08T20:45:19.524+0000] {logging_mixin.py:190} INFO - [2026-05-08T20:45:19.524+0000] {dag.py:3239} INFO - Sync 3 DAGs
[2026-05-08T20:45:19.546+0000] {logging_mixin.py:190} INFO - [2026-05-08T20:45:19.546+0000] {dag.py:4180} INFO - Setting next_dagrun for example_subdag_operator to 2022-01-01 00:00:00+00:00, run_after=2022-01-01 00:00:00+00:00
[2026-05-08T20:45:19.549+0000] {logging_mixin.py:190} INFO - [2026-05-08T20:45:19.549+0000] {dag.py:4180} INFO - Setting next_dagrun for example_subdag_operator.section-1 to None, run_after=None
[2026-05-08T20:45:19.550+0000] {logging_mixin.py:190} INFO - [2026-05-08T20:45:19.550+0000] {dag.py:4180} INFO - Setting next_dagrun for example_subdag_operator.section-2 to None, run_after=None
[2026-05-08T20:45:19.555+0000] {logging_mixin.py:190} INFO - [2026-05-08T20:45:19.555+0000] {dag.py:3239} INFO - Sync 2 DAGs
[2026-05-08T20:45:19.560+0000] {logging_mixin.py:190} INFO - [2026-05-08T20:45:19.560+0000] {dag.py:4180} INFO - Setting next_dagrun for example_subdag_operator.section-1 to None, run_after=None
[2026-05-08T20:45:19.560+0000] {logging_mixin.py:190} INFO - [2026-05-08T20:45:19.560+0000] {dag.py:4180} INFO - Setting next_dagrun for example_subdag_operator.section-2 to None, run_after=None
[2026-05-08T20:45:19.569+0000] {processor.py:208} INFO - Processing /home/airflow/.local/lib/python3.12/site-packages/airflow/example_dags/example_subdag_operator.py took 0.091 seconds
[2026-05-08T20:45:50.746+0000] {processor.py:186} INFO - Started process (PID=1880) to work on /home/airflow/.local/lib/python3.12/site-packages/airflow/example_dags/example_subdag_operator.py
[2026-05-08T20:45:50.747+0000] {processor.py:914} INFO - Processing file /home/airflow/.local/lib/python3.12/site-packages/airflow/example_dags/example_subdag_operator.py for tasks to queue
[2026-05-08T20:45:50.749+0000] {logging_mixin.py:190} INFO - [2026-05-08T20:45:50.749+0000] {dagbag.py:588} INFO - Filling up the DagBag from /home/airflow/.local/lib/python3.12/site-packages/airflow/example_dags/example_subdag_operator.py
[2026-05-08T20:45:50.771+0000] {processor.py:925} INFO - DAG(s) 'example_subdag_operator.section-1', 'example_subdag_operator.section-2', 'example_subdag_operator' retrieved from /home/airflow/.local/lib/python3.12/site-packages/airflow/example_dags/example_subdag_operator.py
[2026-05-08T20:45:50.785+0000] {logging_mixin.py:190} INFO - [2026-05-08T20:45:50.784+0000] {dag.py:3239} INFO - Sync 3 DAGs
[2026-05-08T20:45:50.809+0000] {logging_mixin.py:190} INFO - [2026-05-08T20:45:50.808+0000] {dag.py:4180} INFO - Setting next_dagrun for example_subdag_operator to 2022-01-01 00:00:00+00:00, run_after=2022-01-01 00:00:00+00:00
[2026-05-08T20:45:50.812+0000] {logging_mixin.py:190} INFO - [2026-05-08T20:45:50.812+0000] {dag.py:4180} INFO - Setting next_dagrun for example_subdag_operator.section-1 to None, run_after=None
[2026-05-08T20:45:50.813+0000] {logging_mixin.py:190} INFO - [2026-05-08T20:45:50.813+0000] {dag.py:4180} INFO - Setting next_dagrun for example_subdag_operator.section-2 to None, run_after=None
[2026-05-08T20:45:50.818+0000] {logging_mixin.py:190} INFO - [2026-05-08T20:45:50.818+0000] {dag.py:3239} INFO - Sync 2 DAGs
[2026-05-08T20:45:50.823+0000] {logging_mixin.py:190} INFO - [2026-05-08T20:45:50.823+0000] {dag.py:4180} INFO - Setting next_dagrun for example_subdag_operator.section-1 to None, run_after=None
[2026-05-08T20:45:50.824+0000] {logging_mixin.py:190} INFO - [2026-05-08T20:45:50.824+0000] {dag.py:4180} INFO - Setting next_dagrun for example_subdag_operator.section-2 to None, run_after=None
[2026-05-08T20:45:50.832+0000] {processor.py:208} INFO - Processing /home/airflow/.local/lib/python3.12/site-packages/airflow/example_dags/example_subdag_operator.py took 0.091 seconds
[2026-05-08T20:46:22.156+0000] {processor.py:186} INFO - Started process (PID=1944) to work on /home/airflow/.local/lib/python3.12/site-packages/airflow/example_dags/example_subdag_operator.py
[2026-05-08T20:46:22.156+0000] {processor.py:914} INFO - Processing file /home/airflow/.local/lib/python3.12/site-packages/airflow/example_dags/example_subdag_operator.py for tasks to queue
[2026-05-08T20:46:22.159+0000] {logging_mixin.py:190} INFO - [2026-05-08T20:46:22.158+0000] {dagbag.py:588} INFO - Filling up the DagBag from /home/airflow/.local/lib/python3.12/site-packages/airflow/example_dags/example_subdag_operator.py
[2026-05-08T20:46:22.187+0000] {processor.py:925} INFO - DAG(s) 'example_subdag_operator.section-1', 'example_subdag_operator.section-2', 'example_subdag_operator' retrieved from /home/airflow/.local/lib/python3.12/site-packages/airflow/example_dags/example_subdag_operator.py
[2026-05-08T20:46:22.205+0000] {logging_mixin.py:190} INFO - [2026-05-08T20:46:22.205+0000] {dag.py:3239} INFO - Sync 3 DAGs
[2026-05-08T20:46:22.234+0000] {logging_mixin.py:190} INFO - [2026-05-08T20:46:22.234+0000] {dag.py:4180} INFO - Setting next_dagrun for example_subdag_operator to 2022-01-01 00:00:00+00:00, run_after=2022-01-01 00:00:00+00:00
[2026-05-08T20:46:22.238+0000] {logging_mixin.py:190} INFO - [2026-05-08T20:46:22.238+0000] {dag.py:4180} INFO - Setting next_dagrun for example_subdag_operator.section-1 to None, run_after=None
[2026-05-08T20:46:22.240+0000] {logging_mixin.py:190} INFO - [2026-05-08T20:46:22.240+0000] {dag.py:4180} INFO - Setting next_dagrun for example_subdag_operator.section-2 to None, run_after=None
[2026-05-08T20:46:22.245+0000] {logging_mixin.py:190} INFO - [2026-05-08T20:46:22.245+0000] {dag.py:3239} INFO - Sync 2 DAGs
[2026-05-08T20:46:22.251+0000] {logging_mixin.py:190} INFO - [2026-05-08T20:46:22.251+0000] {dag.py:4180} INFO - Setting next_dagrun for example_subdag_operator.section-1 to None, run_after=None
[2026-05-08T20:46:22.252+0000] {logging_mixin.py:190} INFO - [2026-05-08T20:46:22.251+0000] {dag.py:4180} INFO - Setting next_dagrun for example_subdag_operator.section-2 to None, run_after=None
[2026-05-08T20:46:22.260+0000] {processor.py:208} INFO - Processing /home/airflow/.local/lib/python3.12/site-packages/airflow/example_dags/example_subdag_operator.py took 0.110 seconds
[2026-05-08T20:46:53.429+0000] {processor.py:186} INFO - Started process (PID=2008) to work on /home/airflow/.local/lib/python3.12/site-packages/airflow/example_dags/example_subdag_operator.py
[2026-05-08T20:46:53.430+0000] {processor.py:914} INFO - Processing file /home/airflow/.local/lib/python3.12/site-packages/airflow/example_dags/example_subdag_operator.py for tasks to queue
[2026-05-08T20:46:53.431+0000] {logging_mixin.py:190} INFO - [2026-05-08T20:46:53.431+0000] {dagbag.py:588} INFO - Filling up the DagBag from /home/airflow/.local/lib/python3.12/site-packages/airflow/example_dags/example_subdag_operator.py
[2026-05-08T20:46:53.459+0000] {processor.py:925} INFO - DAG(s) 'example_subdag_operator.section-1', 'example_subdag_operator.section-2', 'example_subdag_operator' retrieved from /home/airflow/.local/lib/python3.12/site-packages/airflow/example_dags/example_subdag_operator.py
[2026-05-08T20:46:53.479+0000] {logging_mixin.py:190} INFO - [2026-05-08T20:46:53.479+0000] {dag.py:3239} INFO - Sync 3 DAGs
[2026-05-08T20:46:53.519+0000] {logging_mixin.py:190} INFO - [2026-05-08T20:46:53.519+0000] {dag.py:4180} INFO - Setting next_dagrun for example_subdag_operator to 2022-01-01 00:00:00+00:00, run_after=2022-01-01 00:00:00+00:00
[2026-05-08T20:46:53.528+0000] {logging_mixin.py:190} INFO - [2026-05-08T20:46:53.527+0000] {dag.py:4180} INFO - Setting next_dagrun for example_subdag_operator.section-1 to None, run_after=None
[2026-05-08T20:46:53.529+0000] {logging_mixin.py:190} INFO - [2026-05-08T20:46:53.529+0000] {dag.py:4180} INFO - Setting next_dagrun for example_subdag_operator.section-2 to None, run_after=None
[2026-05-08T20:46:53.539+0000] {logging_mixin.py:190} INFO - [2026-05-08T20:46:53.538+0000] {dag.py:3239} INFO - Sync 2 DAGs
[2026-05-08T20:46:53.557+0000] {logging_mixin.py:190} INFO - [2026-05-08T20:46:53.556+0000] {dag.py:4180} INFO - Setting next_dagrun for example_subdag_operator.section-1 to None, run_after=None
[2026-05-08T20:46:53.559+0000] {logging_mixin.py:190} INFO - [2026-05-08T20:46:53.558+0000] {dag.py:4180} INFO - Setting next_dagrun for example_subdag_operator.section-2 to None, run_after=None
[2026-05-08T20:46:53.582+0000] {processor.py:208} INFO - Processing /home/airflow/.local/lib/python3.12/site-packages/airflow/example_dags/example_subdag_operator.py took 0.158 seconds
[2026-05-08T20:47:24.099+0000] {processor.py:186} INFO - Started process (PID=2072) to work on /home/airflow/.local/lib/python3.12/site-packages/airflow/example_dags/example_subdag_operator.py
[2026-05-08T20:47:24.100+0000] {processor.py:914} INFO - Processing file /home/airflow/.local/lib/python3.12/site-packages/airflow/example_dags/example_subdag_operator.py for tasks to queue
[2026-05-08T20:47:24.102+0000] {logging_mixin.py:190} INFO - [2026-05-08T20:47:24.102+0000] {dagbag.py:588} INFO - Filling up the DagBag from /home/airflow/.local/lib/python3.12/site-packages/airflow/example_dags/example_subdag_operator.py
[2026-05-08T20:47:24.124+0000] {processor.py:925} INFO - DAG(s) 'example_subdag_operator.section-1', 'example_subdag_operator.section-2', 'example_subdag_operator' retrieved from /home/airflow/.local/lib/python3.12/site-packages/airflow/example_dags/example_subdag_operator.py
[2026-05-08T20:47:24.137+0000] {logging_mixin.py:190} INFO - [2026-05-08T20:47:24.137+0000] {dag.py:3239} INFO - Sync 3 DAGs
[2026-05-08T20:47:24.162+0000] {logging_mixin.py:190} INFO - [2026-05-08T20:47:24.162+0000] {dag.py:4180} INFO - Setting next_dagrun for example_subdag_operator to 2022-01-01 00:00:00+00:00, run_after=2022-01-01 00:00:00+00:00
[2026-05-08T20:47:24.166+0000] {logging_mixin.py:190} INFO - [2026-05-08T20:47:24.166+0000] {dag.py:4180} INFO - Setting next_dagrun for example_subdag_operator.section-1 to None, run_after=None
[2026-05-08T20:47:24.167+0000] {logging_mixin.py:190} INFO - [2026-05-08T20:47:24.167+0000] {dag.py:4180} INFO - Setting next_dagrun for example_subdag_operator.section-2 to None, run_after=None
[2026-05-08T20:47:24.174+0000] {logging_mixin.py:190} INFO - [2026-05-08T20:47:24.174+0000] {dag.py:3239} INFO - Sync 2 DAGs
[2026-05-08T20:47:24.179+0000] {logging_mixin.py:190} INFO - [2026-05-08T20:47:24.179+0000] {dag.py:4180} INFO - Setting next_dagrun for example_subdag_operator.section-1 to None, run_after=None
[2026-05-08T20:47:24.179+0000] {logging_mixin.py:190} INFO - [2026-05-08T20:47:24.179+0000] {dag.py:4180} INFO - Setting next_dagrun for example_subdag_operator.section-2 to None, run_after=None
[2026-05-08T20:47:24.188+0000] {processor.py:208} INFO - Processing /home/airflow/.local/lib/python3.12/site-packages/airflow/example_dags/example_subdag_operator.py took 0.094 seconds
[2026-05-08T20:47:54.912+0000] {processor.py:186} INFO - Started process (PID=2136) to work on /home/airflow/.local/lib/python3.12/site-packages/airflow/example_dags/example_subdag_operator.py
[2026-05-08T20:47:54.913+0000] {processor.py:914} INFO - Processing file /home/airflow/.local/lib/python3.12/site-packages/airflow/example_dags/example_subdag_operator.py for tasks to queue
[2026-05-08T20:47:54.914+0000] {logging_mixin.py:190} INFO - [2026-05-08T20:47:54.914+0000] {dagbag.py:588} INFO - Filling up the DagBag from /home/airflow/.local/lib/python3.12/site-packages/airflow/example_dags/example_subdag_operator.py
[2026-05-08T20:47:54.936+0000] {processor.py:925} INFO - DAG(s) 'example_subdag_operator.section-1', 'example_subdag_operator.section-2', 'example_subdag_operator' retrieved from /home/airflow/.local/lib/python3.12/site-packages/airflow/example_dags/example_subdag_operator.py
[2026-05-08T20:47:54.952+0000] {logging_mixin.py:190} INFO - [2026-05-08T20:47:54.951+0000] {dag.py:3239} INFO - Sync 3 DAGs
[2026-05-08T20:47:54.977+0000] {logging_mixin.py:190} INFO - [2026-05-08T20:47:54.976+0000] {dag.py:4180} INFO - Setting next_dagrun for example_subdag_operator to 2022-01-01 00:00:00+00:00, run_after=2022-01-01 00:00:00+00:00
[2026-05-08T20:47:54.980+0000] {logging_mixin.py:190} INFO - [2026-05-08T20:47:54.980+0000] {dag.py:4180} INFO - Setting next_dagrun for example_subdag_operator.section-1 to None, run_after=None
[2026-05-08T20:47:54.981+0000] {logging_mixin.py:190} INFO - [2026-05-08T20:47:54.981+0000] {dag.py:4180} INFO - Setting next_dagrun for example_subdag_operator.section-2 to None, run_after=None
[2026-05-08T20:47:54.987+0000] {logging_mixin.py:190} INFO - [2026-05-08T20:47:54.986+0000] {dag.py:3239} INFO - Sync 2 DAGs
[2026-05-08T20:47:54.991+0000] {logging_mixin.py:190} INFO - [2026-05-08T20:47:54.991+0000] {dag.py:4180} INFO - Setting next_dagrun for example_subdag_operator.section-1 to None, run_after=None
[2026-05-08T20:47:54.991+0000] {logging_mixin.py:190} INFO - [2026-05-08T20:47:54.991+0000] {dag.py:4180} INFO - Setting next_dagrun for example_subdag_operator.section-2 to None, run_after=None
[2026-05-08T20:47:54.999+0000] {processor.py:208} INFO - Processing /home/airflow/.local/lib/python3.12/site-packages/airflow/example_dags/example_subdag_operator.py took 0.093 seconds
[2026-05-08T20:48:25.863+0000] {processor.py:186} INFO - Started process (PID=2199) to work on /home/airflow/.local/lib/python3.12/site-packages/airflow/example_dags/example_subdag_operator.py
[2026-05-08T20:48:25.864+0000] {processor.py:914} INFO - Processing file /home/airflow/.local/lib/python3.12/site-packages/airflow/example_dags/example_subdag_operator.py for tasks to queue
[2026-05-08T20:48:25.867+0000] {logging_mixin.py:190} INFO - [2026-05-08T20:48:25.866+0000] {dagbag.py:588} INFO - Filling up the DagBag from /home/airflow/.local/lib/python3.12/site-packages/airflow/example_dags/example_subdag_operator.py
[2026-05-08T20:48:25.895+0000] {processor.py:925} INFO - DAG(s) 'example_subdag_operator.section-1', 'example_subdag_operator.section-2', 'example_subdag_operator' retrieved from /home/airflow/.local/lib/python3.12/site-packages/airflow/example_dags/example_subdag_operator.py
[2026-05-08T20:48:25.913+0000] {logging_mixin.py:190} INFO - [2026-05-08T20:48:25.913+0000] {dag.py:3239} INFO - Sync 3 DAGs
[2026-05-08T20:48:25.941+0000] {logging_mixin.py:190} INFO - [2026-05-08T20:48:25.941+0000] {dag.py:4180} INFO - Setting next_dagrun for example_subdag_operator to 2022-01-01 00:00:00+00:00, run_after=2022-01-01 00:00:00+00:00
[2026-05-08T20:48:25.945+0000] {logging_mixin.py:190} INFO - [2026-05-08T20:48:25.945+0000] {dag.py:4180} INFO - Setting next_dagrun for example_subdag_operator.section-1 to None, run_after=None
[2026-05-08T20:48:25.946+0000] {logging_mixin.py:190} INFO - [2026-05-08T20:48:25.946+0000] {dag.py:4180} INFO - Setting next_dagrun for example_subdag_operator.section-2 to None, run_after=None
[2026-05-08T20:48:25.954+0000] {logging_mixin.py:190} INFO - [2026-05-08T20:48:25.953+0000] {dag.py:3239} INFO - Sync 2 DAGs
[2026-05-08T20:48:25.959+0000] {logging_mixin.py:190} INFO - [2026-05-08T20:48:25.959+0000] {dag.py:4180} INFO - Setting next_dagrun for example_subdag_operator.section-1 to None, run_after=None
[2026-05-08T20:48:25.959+0000] {logging_mixin.py:190} INFO - [2026-05-08T20:48:25.959+0000] {dag.py:4180} INFO - Setting next_dagrun for example_subdag_operator.section-2 to None, run_after=None
[2026-05-08T20:48:25.968+0000] {processor.py:208} INFO - Processing /home/airflow/.local/lib/python3.12/site-packages/airflow/example_dags/example_subdag_operator.py took 0.111 seconds
[2026-05-08T20:48:57.085+0000] {processor.py:186} INFO - Started process (PID=2267) to work on /home/airflow/.local/lib/python3.12/site-packages/airflow/example_dags/example_subdag_operator.py
[2026-05-08T20:48:57.086+0000] {processor.py:914} INFO - Processing file /home/airflow/.local/lib/python3.12/site-packages/airflow/example_dags/example_subdag_operator.py for tasks to queue
[2026-05-08T20:48:57.088+0000] {logging_mixin.py:190} INFO - [2026-05-08T20:48:57.088+0000] {dagbag.py:588} INFO - Filling up the DagBag from /home/airflow/.local/lib/python3.12/site-packages/airflow/example_dags/example_subdag_operator.py
[2026-05-08T20:48:57.121+0000] {processor.py:925} INFO - DAG(s) 'example_subdag_operator.section-1', 'example_subdag_operator.section-2', 'example_subdag_operator' retrieved from /home/airflow/.local/lib/python3.12/site-packages/airflow/example_dags/example_subdag_operator.py
[2026-05-08T20:48:57.140+0000] {logging_mixin.py:190} INFO - [2026-05-08T20:48:57.140+0000] {dag.py:3239} INFO - Sync 3 DAGs
[2026-05-08T20:48:57.179+0000] {logging_mixin.py:190} INFO - [2026-05-08T20:48:57.178+0000] {dag.py:4180} INFO - Setting next_dagrun for example_subdag_operator to 2022-01-01 00:00:00+00:00, run_after=2022-01-01 00:00:00+00:00
[2026-05-08T20:48:57.186+0000] {logging_mixin.py:190} INFO - [2026-05-08T20:48:57.185+0000] {dag.py:4180} INFO - Setting next_dagrun for example_subdag_operator.section-1 to None, run_after=None
[2026-05-08T20:48:57.190+0000] {logging_mixin.py:190} INFO - [2026-05-08T20:48:57.189+0000] {dag.py:4180} INFO - Setting next_dagrun for example_subdag_operator.section-2 to None, run_after=None
[2026-05-08T20:48:57.199+0000] {logging_mixin.py:190} INFO - [2026-05-08T20:48:57.198+0000] {dag.py:3239} INFO - Sync 2 DAGs
[2026-05-08T20:48:57.205+0000] {logging_mixin.py:190} INFO - [2026-05-08T20:48:57.205+0000] {dag.py:4180} INFO - Setting next_dagrun for example_subdag_operator.section-1 to None, run_after=None
[2026-05-08T20:48:57.205+0000] {logging_mixin.py:190} INFO - [2026-05-08T20:48:57.205+0000] {dag.py:4180} INFO - Setting next_dagrun for example_subdag_operator.section-2 to None, run_after=None
[2026-05-08T20:48:57.218+0000] {processor.py:208} INFO - Processing /home/airflow/.local/lib/python3.12/site-packages/airflow/example_dags/example_subdag_operator.py took 0.139 seconds
[2026-05-08T20:49:28.005+0000] {processor.py:186} INFO - Started process (PID=2331) to work on /home/airflow/.local/lib/python3.12/site-packages/airflow/example_dags/example_subdag_operator.py
[2026-05-08T20:49:28.006+0000] {processor.py:914} INFO - Processing file /home/airflow/.local/lib/python3.12/site-packages/airflow/example_dags/example_subdag_operator.py for tasks to queue
[2026-05-08T20:49:28.008+0000] {logging_mixin.py:190} INFO - [2026-05-08T20:49:28.008+0000] {dagbag.py:588} INFO - Filling up the DagBag from /home/airflow/.local/lib/python3.12/site-packages/airflow/example_dags/example_subdag_operator.py
[2026-05-08T20:49:28.029+0000] {processor.py:925} INFO - DAG(s) 'example_subdag_operator.section-1', 'example_subdag_operator.section-2', 'example_subdag_operator' retrieved from /home/airflow/.local/lib/python3.12/site-packages/airflow/example_dags/example_subdag_operator.py
[2026-05-08T20:49:28.041+0000] {logging_mixin.py:190} INFO - [2026-05-08T20:49:28.041+0000] {dag.py:3239} INFO - Sync 3 DAGs
[2026-05-08T20:49:28.059+0000] {logging_mixin.py:190} INFO - [2026-05-08T20:49:28.058+0000] {dag.py:4180} INFO - Setting next_dagrun for example_subdag_operator to 2022-01-01 00:00:00+00:00, run_after=2022-01-01 00:00:00+00:00
[2026-05-08T20:49:28.061+0000] {logging_mixin.py:190} INFO - [2026-05-08T20:49:28.061+0000] {dag.py:4180} INFO - Setting next_dagrun for example_subdag_operator.section-1 to None, run_after=None
[2026-05-08T20:49:28.062+0000] {logging_mixin.py:190} INFO - [2026-05-08T20:49:28.062+0000] {dag.py:4180} INFO - Setting next_dagrun for example_subdag_operator.section-2 to None, run_after=None
[2026-05-08T20:49:28.067+0000] {logging_mixin.py:190} INFO - [2026-05-08T20:49:28.067+0000] {dag.py:3239} INFO - Sync 2 DAGs
[2026-05-08T20:49:28.072+0000] {logging_mixin.py:190} INFO - [2026-05-08T20:49:28.072+0000] {dag.py:4180} INFO - Setting next_dagrun for example_subdag_operator.section-1 to None, run_after=None
[2026-05-08T20:49:28.072+0000] {logging_mixin.py:190} INFO - [2026-05-08T20:49:28.072+0000] {dag.py:4180} INFO - Setting next_dagrun for example_subdag_operator.section-2 to None, run_after=None
[2026-05-08T20:49:28.080+0000] {processor.py:208} INFO - Processing /home/airflow/.local/lib/python3.12/site-packages/airflow/example_dags/example_subdag_operator.py took 0.081 seconds
[2026-05-08T20:49:59.613+0000] {processor.py:186} INFO - Started process (PID=2396) to work on /home/airflow/.local/lib/python3.12/site-packages/airflow/example_dags/example_subdag_operator.py
[2026-05-08T20:49:59.614+0000] {processor.py:914} INFO - Processing file /home/airflow/.local/lib/python3.12/site-packages/airflow/example_dags/example_subdag_operator.py for tasks to queue
[2026-05-08T20:49:59.616+0000] {logging_mixin.py:190} INFO - [2026-05-08T20:49:59.615+0000] {dagbag.py:588} INFO - Filling up the DagBag from /home/airflow/.local/lib/python3.12/site-packages/airflow/example_dags/example_subdag_operator.py
[2026-05-08T20:49:59.637+0000] {processor.py:925} INFO - DAG(s) 'example_subdag_operator.section-1', 'example_subdag_operator.section-2', 'example_subdag_operator' retrieved from /home/airflow/.local/lib/python3.12/site-packages/airflow/example_dags/example_subdag_operator.py
[2026-05-08T20:49:59.653+0000] {logging_mixin.py:190} INFO - [2026-05-08T20:49:59.652+0000] {dag.py:3239} INFO - Sync 3 DAGs
[2026-05-08T20:49:59.680+0000] {logging_mixin.py:190} INFO - [2026-05-08T20:49:59.680+0000] {dag.py:4180} INFO - Setting next_dagrun for example_subdag_operator to 2022-01-01 00:00:00+00:00, run_after=2022-01-01 00:00:00+00:00
[2026-05-08T20:49:59.684+0000] {logging_mixin.py:190} INFO - [2026-05-08T20:49:59.684+0000] {dag.py:4180} INFO - Setting next_dagrun for example_subdag_operator.section-1 to None, run_after=None
[2026-05-08T20:49:59.686+0000] {logging_mixin.py:190} INFO - [2026-05-08T20:49:59.685+0000] {dag.py:4180} INFO - Setting next_dagrun for example_subdag_operator.section-2 to None, run_after=None
[2026-05-08T20:49:59.693+0000] {logging_mixin.py:190} INFO - [2026-05-08T20:49:59.692+0000] {dag.py:3239} INFO - Sync 2 DAGs
[2026-05-08T20:49:59.698+0000] {logging_mixin.py:190} INFO - [2026-05-08T20:49:59.697+0000] {dag.py:4180} INFO - Setting next_dagrun for example_subdag_operator.section-1 to None, run_after=None
[2026-05-08T20:49:59.698+0000] {logging_mixin.py:190} INFO - [2026-05-08T20:49:59.698+0000] {dag.py:4180} INFO - Setting next_dagrun for example_subdag_operator.section-2 to None, run_after=None
[2026-05-08T20:49:59.707+0000] {processor.py:208} INFO - Processing /home/airflow/.local/lib/python3.12/site-packages/airflow/example_dags/example_subdag_operator.py took 0.099 seconds
[2026-05-08T20:50:30.894+0000] {processor.py:186} INFO - Started process (PID=2460) to work on /home/airflow/.local/lib/python3.12/site-packages/airflow/example_dags/example_subdag_operator.py
[2026-05-08T20:50:30.894+0000] {processor.py:914} INFO - Processing file /home/airflow/.local/lib/python3.12/site-packages/airflow/example_dags/example_subdag_operator.py for tasks to queue
[2026-05-08T20:50:30.896+0000] {logging_mixin.py:190} INFO - [2026-05-08T20:50:30.896+0000] {dagbag.py:588} INFO - Filling up the DagBag from /home/airflow/.local/lib/python3.12/site-packages/airflow/example_dags/example_subdag_operator.py
[2026-05-08T20:50:30.918+0000] {processor.py:925} INFO - DAG(s) 'example_subdag_operator.section-1', 'example_subdag_operator.section-2', 'example_subdag_operator' retrieved from /home/airflow/.local/lib/python3.12/site-packages/airflow/example_dags/example_subdag_operator.py
[2026-05-08T20:50:30.934+0000] {logging_mixin.py:190} INFO - [2026-05-08T20:50:30.934+0000] {dag.py:3239} INFO - Sync 3 DAGs
[2026-05-08T20:50:30.957+0000] {logging_mixin.py:190} INFO - [2026-05-08T20:50:30.957+0000] {dag.py:4180} INFO - Setting next_dagrun for example_subdag_operator to 2022-01-01 00:00:00+00:00, run_after=2022-01-01 00:00:00+00:00
[2026-05-08T20:50:30.961+0000] {logging_mixin.py:190} INFO - [2026-05-08T20:50:30.961+0000] {dag.py:4180} INFO - Setting next_dagrun for example_subdag_operator.section-1 to None, run_after=None
[2026-05-08T20:50:30.962+0000] {logging_mixin.py:190} INFO - [2026-05-08T20:50:30.962+0000] {dag.py:4180} INFO - Setting next_dagrun for example_subdag_operator.section-2 to None, run_after=None
[2026-05-08T20:50:30.969+0000] {logging_mixin.py:190} INFO - [2026-05-08T20:50:30.969+0000] {dag.py:3239} INFO - Sync 2 DAGs
[2026-05-08T20:50:30.974+0000] {logging_mixin.py:190} INFO - [2026-05-08T20:50:30.974+0000] {dag.py:4180} INFO - Setting next_dagrun for example_subdag_operator.section-1 to None, run_after=None
[2026-05-08T20:50:30.974+0000] {logging_mixin.py:190} INFO - [2026-05-08T20:50:30.974+0000] {dag.py:4180} INFO - Setting next_dagrun for example_subdag_operator.section-2 to None, run_after=None
[2026-05-08T20:50:30.983+0000] {processor.py:208} INFO - Processing /home/airflow/.local/lib/python3.12/site-packages/airflow/example_dags/example_subdag_operator.py took 0.096 seconds
[2026-05-08T20:51:01.699+0000] {processor.py:186} INFO - Started process (PID=2524) to work on /home/airflow/.local/lib/python3.12/site-packages/airflow/example_dags/example_subdag_operator.py
[2026-05-08T20:51:01.700+0000] {processor.py:914} INFO - Processing file /home/airflow/.local/lib/python3.12/site-packages/airflow/example_dags/example_subdag_operator.py for tasks to queue
[2026-05-08T20:51:01.703+0000] {logging_mixin.py:190} INFO - [2026-05-08T20:51:01.703+0000] {dagbag.py:588} INFO - Filling up the DagBag from /home/airflow/.local/lib/python3.12/site-packages/airflow/example_dags/example_subdag_operator.py
[2026-05-08T20:51:01.736+0000] {processor.py:925} INFO - DAG(s) 'example_subdag_operator.section-1', 'example_subdag_operator.section-2', 'example_subdag_operator' retrieved from /home/airflow/.local/lib/python3.12/site-packages/airflow/example_dags/example_subdag_operator.py
[2026-05-08T20:51:01.753+0000] {logging_mixin.py:190} INFO - [2026-05-08T20:51:01.752+0000] {dag.py:3239} INFO - Sync 3 DAGs
[2026-05-08T20:51:01.780+0000] {logging_mixin.py:190} INFO - [2026-05-08T20:51:01.779+0000] {dag.py:4180} INFO - Setting next_dagrun for example_subdag_operator to 2022-01-01 00:00:00+00:00, run_after=2022-01-01 00:00:00+00:00
[2026-05-08T20:51:01.783+0000] {logging_mixin.py:190} INFO - [2026-05-08T20:51:01.783+0000] {dag.py:4180} INFO - Setting next_dagrun for example_subdag_operator.section-1 to None, run_after=None
[2026-05-08T20:51:01.784+0000] {logging_mixin.py:190} INFO - [2026-05-08T20:51:01.784+0000] {dag.py:4180} INFO - Setting next_dagrun for example_subdag_operator.section-2 to None, run_after=None
[2026-05-08T20:51:01.791+0000] {logging_mixin.py:190} INFO - [2026-05-08T20:51:01.791+0000] {dag.py:3239} INFO - Sync 2 DAGs
[2026-05-08T20:51:01.796+0000] {logging_mixin.py:190} INFO - [2026-05-08T20:51:01.796+0000] {dag.py:4180} INFO - Setting next_dagrun for example_subdag_operator.section-1 to None, run_after=None
[2026-05-08T20:51:01.797+0000] {logging_mixin.py:190} INFO - [2026-05-08T20:51:01.797+0000] {dag.py:4180} INFO - Setting next_dagrun for example_subdag_operator.section-2 to None, run_after=None
[2026-05-08T20:51:01.806+0000] {processor.py:208} INFO - Processing /home/airflow/.local/lib/python3.12/site-packages/airflow/example_dags/example_subdag_operator.py took 0.117 seconds
[2026-05-08T20:51:32.466+0000] {processor.py:186} INFO - Started process (PID=2594) to work on /home/airflow/.local/lib/python3.12/site-packages/airflow/example_dags/example_subdag_operator.py
[2026-05-08T20:51:32.467+0000] {processor.py:914} INFO - Processing file /home/airflow/.local/lib/python3.12/site-packages/airflow/example_dags/example_subdag_operator.py for tasks to queue
[2026-05-08T20:51:32.469+0000] {logging_mixin.py:190} INFO - [2026-05-08T20:51:32.468+0000] {dagbag.py:588} INFO - Filling up the DagBag from /home/airflow/.local/lib/python3.12/site-packages/airflow/example_dags/example_subdag_operator.py
[2026-05-08T20:51:32.490+0000] {processor.py:925} INFO - DAG(s) 'example_subdag_operator.section-1', 'example_subdag_operator.section-2', 'example_subdag_operator' retrieved from /home/airflow/.local/lib/python3.12/site-packages/airflow/example_dags/example_subdag_operator.py
[2026-05-08T20:51:32.505+0000] {logging_mixin.py:190} INFO - [2026-05-08T20:51:32.505+0000] {dag.py:3239} INFO - Sync 3 DAGs
[2026-05-08T20:51:32.529+0000] {logging_mixin.py:190} INFO - [2026-05-08T20:51:32.529+0000] {dag.py:4180} INFO - Setting next_dagrun for example_subdag_operator to 2022-01-01 00:00:00+00:00, run_after=2022-01-01 00:00:00+00:00
[2026-05-08T20:51:32.532+0000] {logging_mixin.py:190} INFO - [2026-05-08T20:51:32.532+0000] {dag.py:4180} INFO - Setting next_dagrun for example_subdag_operator.section-1 to None, run_after=None
[2026-05-08T20:51:32.534+0000] {logging_mixin.py:190} INFO - [2026-05-08T20:51:32.533+0000] {dag.py:4180} INFO - Setting next_dagrun for example_subdag_operator.section-2 to None, run_after=None
[2026-05-08T20:51:32.541+0000] {logging_mixin.py:190} INFO - [2026-05-08T20:51:32.541+0000] {dag.py:3239} INFO - Sync 2 DAGs
[2026-05-08T20:51:32.546+0000] {logging_mixin.py:190} INFO - [2026-05-08T20:51:32.545+0000] {dag.py:4180} INFO - Setting next_dagrun for example_subdag_operator.section-1 to None, run_after=None
[2026-05-08T20:51:32.546+0000] {logging_mixin.py:190} INFO - [2026-05-08T20:51:32.546+0000] {dag.py:4180} INFO - Setting next_dagrun for example_subdag_operator.section-2 to None, run_after=None
[2026-05-08T20:51:32.555+0000] {processor.py:208} INFO - Processing /home/airflow/.local/lib/python3.12/site-packages/airflow/example_dags/example_subdag_operator.py took 0.094 seconds
[2026-05-08T20:52:03.113+0000] {processor.py:186} INFO - Started process (PID=2658) to work on /home/airflow/.local/lib/python3.12/site-packages/airflow/example_dags/example_subdag_operator.py
[2026-05-08T20:52:03.114+0000] {processor.py:914} INFO - Processing file /home/airflow/.local/lib/python3.12/site-packages/airflow/example_dags/example_subdag_operator.py for tasks to queue
[2026-05-08T20:52:03.116+0000] {logging_mixin.py:190} INFO - [2026-05-08T20:52:03.116+0000] {dagbag.py:588} INFO - Filling up the DagBag from /home/airflow/.local/lib/python3.12/site-packages/airflow/example_dags/example_subdag_operator.py
[2026-05-08T20:52:03.140+0000] {processor.py:925} INFO - DAG(s) 'example_subdag_operator.section-1', 'example_subdag_operator.section-2', 'example_subdag_operator' retrieved from /home/airflow/.local/lib/python3.12/site-packages/airflow/example_dags/example_subdag_operator.py
[2026-05-08T20:52:03.156+0000] {logging_mixin.py:190} INFO - [2026-05-08T20:52:03.156+0000] {dag.py:3239} INFO - Sync 3 DAGs
[2026-05-08T20:52:03.177+0000] {logging_mixin.py:190} INFO - [2026-05-08T20:52:03.176+0000] {dag.py:4180} INFO - Setting next_dagrun for example_subdag_operator to 2022-01-01 00:00:00+00:00, run_after=2022-01-01 00:00:00+00:00
[2026-05-08T20:52:03.181+0000] {logging_mixin.py:190} INFO - [2026-05-08T20:52:03.181+0000] {dag.py:4180} INFO - Setting next_dagrun for example_subdag_operator.section-1 to None, run_after=None
[2026-05-08T20:52:03.182+0000] {logging_mixin.py:190} INFO - [2026-05-08T20:52:03.182+0000] {dag.py:4180} INFO - Setting next_dagrun for example_subdag_operator.section-2 to None, run_after=None
[2026-05-08T20:52:03.190+0000] {logging_mixin.py:190} INFO - [2026-05-08T20:52:03.189+0000] {dag.py:3239} INFO - Sync 2 DAGs
[2026-05-08T20:52:03.194+0000] {logging_mixin.py:190} INFO - [2026-05-08T20:52:03.194+0000] {dag.py:4180} INFO - Setting next_dagrun for example_subdag_operator.section-1 to None, run_after=None
[2026-05-08T20:52:03.194+0000] {logging_mixin.py:190} INFO - [2026-05-08T20:52:03.194+0000] {dag.py:4180} INFO - Setting next_dagrun for example_subdag_operator.section-2 to None, run_after=None
[2026-05-08T20:52:03.205+0000] {processor.py:208} INFO - Processing /home/airflow/.local/lib/python3.12/site-packages/airflow/example_dags/example_subdag_operator.py took 0.098 seconds
[2026-05-08T20:52:33.840+0000] {processor.py:186} INFO - Started process (PID=2722) to work on /home/airflow/.local/lib/python3.12/site-packages/airflow/example_dags/example_subdag_operator.py
[2026-05-08T20:52:33.841+0000] {processor.py:914} INFO - Processing file /home/airflow/.local/lib/python3.12/site-packages/airflow/example_dags/example_subdag_operator.py for tasks to queue
[2026-05-08T20:52:33.846+0000] {logging_mixin.py:190} INFO - [2026-05-08T20:52:33.845+0000] {dagbag.py:588} INFO - Filling up the DagBag from /home/airflow/.local/lib/python3.12/site-packages/airflow/example_dags/example_subdag_operator.py
[2026-05-08T20:52:33.871+0000] {processor.py:925} INFO - DAG(s) 'example_subdag_operator.section-1', 'example_subdag_operator.section-2', 'example_subdag_operator' retrieved from /home/airflow/.local/lib/python3.12/site-packages/airflow/example_dags/example_subdag_operator.py
[2026-05-08T20:52:33.889+0000] {logging_mixin.py:190} INFO - [2026-05-08T20:52:33.889+0000] {dag.py:3239} INFO - Sync 3 DAGs
[2026-05-08T20:52:33.916+0000] {logging_mixin.py:190} INFO - [2026-05-08T20:52:33.916+0000] {dag.py:4180} INFO - Setting next_dagrun for example_subdag_operator to 2022-01-01 00:00:00+00:00, run_after=2022-01-01 00:00:00+00:00
[2026-05-08T20:52:33.919+0000] {logging_mixin.py:190} INFO - [2026-05-08T20:52:33.919+0000] {dag.py:4180} INFO - Setting next_dagrun for example_subdag_operator.section-1 to None, run_after=None
[2026-05-08T20:52:33.920+0000] {logging_mixin.py:190} INFO - [2026-05-08T20:52:33.920+0000] {dag.py:4180} INFO - Setting next_dagrun for example_subdag_operator.section-2 to None, run_after=None
[2026-05-08T20:52:33.925+0000] {logging_mixin.py:190} INFO - [2026-05-08T20:52:33.925+0000] {dag.py:3239} INFO - Sync 2 DAGs
[2026-05-08T20:52:33.930+0000] {logging_mixin.py:190} INFO - [2026-05-08T20:52:33.930+0000] {dag.py:4180} INFO - Setting next_dagrun for example_subdag_operator.section-1 to None, run_after=None
[2026-05-08T20:52:33.931+0000] {logging_mixin.py:190} INFO - [2026-05-08T20:52:33.931+0000] {dag.py:4180} INFO - Setting next_dagrun for example_subdag_operator.section-2 to None, run_after=None
[2026-05-08T20:52:33.942+0000] {processor.py:208} INFO - Processing /home/airflow/.local/lib/python3.12/site-packages/airflow/example_dags/example_subdag_operator.py took 0.109 seconds
[2026-05-08T20:53:05.021+0000] {processor.py:186} INFO - Started process (PID=2786) to work on /home/airflow/.local/lib/python3.12/site-packages/airflow/example_dags/example_subdag_operator.py
[2026-05-08T20:53:05.022+0000] {processor.py:914} INFO - Processing file /home/airflow/.local/lib/python3.12/site-packages/airflow/example_dags/example_subdag_operator.py for tasks to queue
[2026-05-08T20:53:05.023+0000] {logging_mixin.py:190} INFO - [2026-05-08T20:53:05.023+0000] {dagbag.py:588} INFO - Filling up the DagBag from /home/airflow/.local/lib/python3.12/site-packages/airflow/example_dags/example_subdag_operator.py
[2026-05-08T20:53:05.044+0000] {processor.py:925} INFO - DAG(s) 'example_subdag_operator.section-1', 'example_subdag_operator.section-2', 'example_subdag_operator' retrieved from /home/airflow/.local/lib/python3.12/site-packages/airflow/example_dags/example_subdag_operator.py
[2026-05-08T20:53:05.055+0000] {logging_mixin.py:190} INFO - [2026-05-08T20:53:05.055+0000] {dag.py:3239} INFO - Sync 3 DAGs
[2026-05-08T20:53:05.078+0000] {logging_mixin.py:190} INFO - [2026-05-08T20:53:05.078+0000] {dag.py:4180} INFO - Setting next_dagrun for example_subdag_operator to 2022-01-01 00:00:00+00:00, run_after=2022-01-01 00:00:00+00:00
[2026-05-08T20:53:05.081+0000] {logging_mixin.py:190} INFO - [2026-05-08T20:53:05.081+0000] {dag.py:4180} INFO - Setting next_dagrun for example_subdag_operator.section-1 to None, run_after=None
[2026-05-08T20:53:05.082+0000] {logging_mixin.py:190} INFO - [2026-05-08T20:53:05.082+0000] {dag.py:4180} INFO - Setting next_dagrun for example_subdag_operator.section-2 to None, run_after=None
[2026-05-08T20:53:05.088+0000] {logging_mixin.py:190} INFO - [2026-05-08T20:53:05.088+0000] {dag.py:3239} INFO - Sync 2 DAGs
[2026-05-08T20:53:05.093+0000] {logging_mixin.py:190} INFO - [2026-05-08T20:53:05.093+0000] {dag.py:4180} INFO - Setting next_dagrun for example_subdag_operator.section-1 to None, run_after=None
[2026-05-08T20:53:05.093+0000] {logging_mixin.py:190} INFO - [2026-05-08T20:53:05.093+0000] {dag.py:4180} INFO - Setting next_dagrun for example_subdag_operator.section-2 to None, run_after=None
[2026-05-08T20:53:05.101+0000] {processor.py:208} INFO - Processing /home/airflow/.local/lib/python3.12/site-packages/airflow/example_dags/example_subdag_operator.py took 0.085 seconds
[2026-05-08T20:53:36.229+0000] {processor.py:186} INFO - Started process (PID=2850) to work on /home/airflow/.local/lib/python3.12/site-packages/airflow/example_dags/example_subdag_operator.py
[2026-05-08T20:53:36.230+0000] {processor.py:914} INFO - Processing file /home/airflow/.local/lib/python3.12/site-packages/airflow/example_dags/example_subdag_operator.py for tasks to queue
[2026-05-08T20:53:36.232+0000] {logging_mixin.py:190} INFO - [2026-05-08T20:53:36.231+0000] {dagbag.py:588} INFO - Filling up the DagBag from /home/airflow/.local/lib/python3.12/site-packages/airflow/example_dags/example_subdag_operator.py
[2026-05-08T20:53:36.256+0000] {processor.py:925} INFO - DAG(s) 'example_subdag_operator.section-1', 'example_subdag_operator.section-2', 'example_subdag_operator' retrieved from /home/airflow/.local/lib/python3.12/site-packages/airflow/example_dags/example_subdag_operator.py
[2026-05-08T20:53:36.268+0000] {logging_mixin.py:190} INFO - [2026-05-08T20:53:36.268+0000] {dag.py:3239} INFO - Sync 3 DAGs
[2026-05-08T20:53:36.287+0000] {logging_mixin.py:190} INFO - [2026-05-08T20:53:36.287+0000] {dag.py:4180} INFO - Setting next_dagrun for example_subdag_operator to 2022-01-01 00:00:00+00:00, run_after=2022-01-01 00:00:00+00:00
[2026-05-08T20:53:36.290+0000] {logging_mixin.py:190} INFO - [2026-05-08T20:53:36.290+0000] {dag.py:4180} INFO - Setting next_dagrun for example_subdag_operator.section-1 to None, run_after=None
[2026-05-08T20:53:36.291+0000] {logging_mixin.py:190} INFO - [2026-05-08T20:53:36.291+0000] {dag.py:4180} INFO - Setting next_dagrun for example_subdag_operator.section-2 to None, run_after=None
[2026-05-08T20:53:36.297+0000] {logging_mixin.py:190} INFO - [2026-05-08T20:53:36.296+0000] {dag.py:3239} INFO - Sync 2 DAGs
[2026-05-08T20:53:36.301+0000] {logging_mixin.py:190} INFO - [2026-05-08T20:53:36.301+0000] {dag.py:4180} INFO - Setting next_dagrun for example_subdag_operator.section-1 to None, run_after=None
[2026-05-08T20:53:36.301+0000] {logging_mixin.py:190} INFO - [2026-05-08T20:53:36.301+0000] {dag.py:4180} INFO - Setting next_dagrun for example_subdag_operator.section-2 to None, run_after=None
[2026-05-08T20:53:36.309+0000] {processor.py:208} INFO - Processing /home/airflow/.local/lib/python3.12/site-packages/airflow/example_dags/example_subdag_operator.py took 0.086 seconds
[2026-05-08T20:54:06.838+0000] {processor.py:186} INFO - Started process (PID=2914) to work on /home/airflow/.local/lib/python3.12/site-packages/airflow/example_dags/example_subdag_operator.py
[2026-05-08T20:54:06.839+0000] {processor.py:914} INFO - Processing file /home/airflow/.local/lib/python3.12/site-packages/airflow/example_dags/example_subdag_operator.py for tasks to queue
[2026-05-08T20:54:06.841+0000] {logging_mixin.py:190} INFO - [2026-05-08T20:54:06.841+0000] {dagbag.py:588} INFO - Filling up the DagBag from /home/airflow/.local/lib/python3.12/site-packages/airflow/example_dags/example_subdag_operator.py
[2026-05-08T20:54:06.864+0000] {processor.py:925} INFO - DAG(s) 'example_subdag_operator.section-1', 'example_subdag_operator.section-2', 'example_subdag_operator' retrieved from /home/airflow/.local/lib/python3.12/site-packages/airflow/example_dags/example_subdag_operator.py
[2026-05-08T20:54:06.876+0000] {logging_mixin.py:190} INFO - [2026-05-08T20:54:06.876+0000] {dag.py:3239} INFO - Sync 3 DAGs
[2026-05-08T20:54:06.894+0000] {logging_mixin.py:190} INFO - [2026-05-08T20:54:06.894+0000] {dag.py:4180} INFO - Setting next_dagrun for example_subdag_operator to 2022-01-01 00:00:00+00:00, run_after=2022-01-01 00:00:00+00:00
[2026-05-08T20:54:06.897+0000] {logging_mixin.py:190} INFO - [2026-05-08T20:54:06.897+0000] {dag.py:4180} INFO - Setting next_dagrun for example_subdag_operator.section-1 to None, run_after=None
[2026-05-08T20:54:06.898+0000] {logging_mixin.py:190} INFO - [2026-05-08T20:54:06.898+0000] {dag.py:4180} INFO - Setting next_dagrun for example_subdag_operator.section-2 to None, run_after=None
[2026-05-08T20:54:06.904+0000] {logging_mixin.py:190} INFO - [2026-05-08T20:54:06.904+0000] {dag.py:3239} INFO - Sync 2 DAGs
[2026-05-08T20:54:06.910+0000] {logging_mixin.py:190} INFO - [2026-05-08T20:54:06.910+0000] {dag.py:4180} INFO - Setting next_dagrun for example_subdag_operator.section-1 to None, run_after=None
[2026-05-08T20:54:06.911+0000] {logging_mixin.py:190} INFO - [2026-05-08T20:54:06.910+0000] {dag.py:4180} INFO - Setting next_dagrun for example_subdag_operator.section-2 to None, run_after=None
[2026-05-08T20:54:06.918+0000] {processor.py:208} INFO - Processing /home/airflow/.local/lib/python3.12/site-packages/airflow/example_dags/example_subdag_operator.py took 0.087 seconds
[2026-05-08T20:54:37.531+0000] {processor.py:186} INFO - Started process (PID=2978) to work on /home/airflow/.local/lib/python3.12/site-packages/airflow/example_dags/example_subdag_operator.py
[2026-05-08T20:54:37.531+0000] {processor.py:914} INFO - Processing file /home/airflow/.local/lib/python3.12/site-packages/airflow/example_dags/example_subdag_operator.py for tasks to queue
[2026-05-08T20:54:37.533+0000] {logging_mixin.py:190} INFO - [2026-05-08T20:54:37.533+0000] {dagbag.py:588} INFO - Filling up the DagBag from /home/airflow/.local/lib/python3.12/site-packages/airflow/example_dags/example_subdag_operator.py
[2026-05-08T20:54:37.555+0000] {processor.py:925} INFO - DAG(s) 'example_subdag_operator.section-1', 'example_subdag_operator.section-2', 'example_subdag_operator' retrieved from /home/airflow/.local/lib/python3.12/site-packages/airflow/example_dags/example_subdag_operator.py
[2026-05-08T20:54:37.569+0000] {logging_mixin.py:190} INFO - [2026-05-08T20:54:37.569+0000] {dag.py:3239} INFO - Sync 3 DAGs
[2026-05-08T20:54:37.588+0000] {logging_mixin.py:190} INFO - [2026-05-08T20:54:37.588+0000] {dag.py:4180} INFO - Setting next_dagrun for example_subdag_operator to 2022-01-01 00:00:00+00:00, run_after=2022-01-01 00:00:00+00:00
[2026-05-08T20:54:37.591+0000] {logging_mixin.py:190} INFO - [2026-05-08T20:54:37.591+0000] {dag.py:4180} INFO - Setting next_dagrun for example_subdag_operator.section-1 to None, run_after=None
[2026-05-08T20:54:37.592+0000] {logging_mixin.py:190} INFO - [2026-05-08T20:54:37.592+0000] {dag.py:4180} INFO - Setting next_dagrun for example_subdag_operator.section-2 to None, run_after=None
[2026-05-08T20:54:37.597+0000] {logging_mixin.py:190} INFO - [2026-05-08T20:54:37.597+0000] {dag.py:3239} INFO - Sync 2 DAGs
[2026-05-08T20:54:37.601+0000] {logging_mixin.py:190} INFO - [2026-05-08T20:54:37.601+0000] {dag.py:4180} INFO - Setting next_dagrun for example_subdag_operator.section-1 to None, run_after=None
[2026-05-08T20:54:37.602+0000] {logging_mixin.py:190} INFO - [2026-05-08T20:54:37.602+0000] {dag.py:4180} INFO - Setting next_dagrun for example_subdag_operator.section-2 to None, run_after=None
[2026-05-08T20:54:37.610+0000] {processor.py:208} INFO - Processing /home/airflow/.local/lib/python3.12/site-packages/airflow/example_dags/example_subdag_operator.py took 0.084 seconds
[2026-05-08T20:55:08.354+0000] {processor.py:186} INFO - Started process (PID=3042) to work on /home/airflow/.local/lib/python3.12/site-packages/airflow/example_dags/example_subdag_operator.py
[2026-05-08T20:55:08.355+0000] {processor.py:914} INFO - Processing file /home/airflow/.local/lib/python3.12/site-packages/airflow/example_dags/example_subdag_operator.py for tasks to queue
[2026-05-08T20:55:08.357+0000] {logging_mixin.py:190} INFO - [2026-05-08T20:55:08.356+0000] {dagbag.py:588} INFO - Filling up the DagBag from /home/airflow/.local/lib/python3.12/site-packages/airflow/example_dags/example_subdag_operator.py
[2026-05-08T20:55:08.383+0000] {processor.py:925} INFO - DAG(s) 'example_subdag_operator.section-1', 'example_subdag_operator.section-2', 'example_subdag_operator' retrieved from /home/airflow/.local/lib/python3.12/site-packages/airflow/example_dags/example_subdag_operator.py
[2026-05-08T20:55:08.400+0000] {logging_mixin.py:190} INFO - [2026-05-08T20:55:08.400+0000] {dag.py:3239} INFO - Sync 3 DAGs
[2026-05-08T20:55:08.419+0000] {logging_mixin.py:190} INFO - [2026-05-08T20:55:08.419+0000] {dag.py:4180} INFO - Setting next_dagrun for example_subdag_operator to 2022-01-01 00:00:00+00:00, run_after=2022-01-01 00:00:00+00:00
[2026-05-08T20:55:08.422+0000] {logging_mixin.py:190} INFO - [2026-05-08T20:55:08.422+0000] {dag.py:4180} INFO - Setting next_dagrun for example_subdag_operator.section-1 to None, run_after=None
[2026-05-08T20:55:08.423+0000] {logging_mixin.py:190} INFO - [2026-05-08T20:55:08.423+0000] {dag.py:4180} INFO - Setting next_dagrun for example_subdag_operator.section-2 to None, run_after=None
[2026-05-08T20:55:08.429+0000] {logging_mixin.py:190} INFO - [2026-05-08T20:55:08.429+0000] {dag.py:3239} INFO - Sync 2 DAGs
[2026-05-08T20:55:08.435+0000] {logging_mixin.py:190} INFO - [2026-05-08T20:55:08.434+0000] {dag.py:4180} INFO - Setting next_dagrun for example_subdag_operator.section-1 to None, run_after=None
[2026-05-08T20:55:08.435+0000] {logging_mixin.py:190} INFO - [2026-05-08T20:55:08.435+0000] {dag.py:4180} INFO - Setting next_dagrun for example_subdag_operator.section-2 to None, run_after=None
[2026-05-08T20:55:08.445+0000] {processor.py:208} INFO - Processing /home/airflow/.local/lib/python3.12/site-packages/airflow/example_dags/example_subdag_operator.py took 0.096 seconds
[2026-05-08T20:55:39.259+0000] {processor.py:186} INFO - Started process (PID=3106) to work on /home/airflow/.local/lib/python3.12/site-packages/airflow/example_dags/example_subdag_operator.py
[2026-05-08T20:55:39.259+0000] {processor.py:914} INFO - Processing file /home/airflow/.local/lib/python3.12/site-packages/airflow/example_dags/example_subdag_operator.py for tasks to queue
[2026-05-08T20:55:39.262+0000] {logging_mixin.py:190} INFO - [2026-05-08T20:55:39.262+0000] {dagbag.py:588} INFO - Filling up the DagBag from /home/airflow/.local/lib/python3.12/site-packages/airflow/example_dags/example_subdag_operator.py
[2026-05-08T20:55:39.287+0000] {processor.py:925} INFO - DAG(s) 'example_subdag_operator.section-1', 'example_subdag_operator.section-2', 'example_subdag_operator' retrieved from /home/airflow/.local/lib/python3.12/site-packages/airflow/example_dags/example_subdag_operator.py
[2026-05-08T20:55:39.300+0000] {logging_mixin.py:190} INFO - [2026-05-08T20:55:39.299+0000] {dag.py:3239} INFO - Sync 3 DAGs
[2026-05-08T20:55:39.317+0000] {logging_mixin.py:190} INFO - [2026-05-08T20:55:39.317+0000] {dag.py:4180} INFO - Setting next_dagrun for example_subdag_operator to 2022-01-01 00:00:00+00:00, run_after=2022-01-01 00:00:00+00:00
[2026-05-08T20:55:39.320+0000] {logging_mixin.py:190} INFO - [2026-05-08T20:55:39.320+0000] {dag.py:4180} INFO - Setting next_dagrun for example_subdag_operator.section-1 to None, run_after=None
[2026-05-08T20:55:39.321+0000] {logging_mixin.py:190} INFO - [2026-05-08T20:55:39.321+0000] {dag.py:4180} INFO - Setting next_dagrun for example_subdag_operator.section-2 to None, run_after=None
[2026-05-08T20:55:39.327+0000] {logging_mixin.py:190} INFO - [2026-05-08T20:55:39.326+0000] {dag.py:3239} INFO - Sync 2 DAGs
[2026-05-08T20:55:39.331+0000] {logging_mixin.py:190} INFO - [2026-05-08T20:55:39.330+0000] {dag.py:4180} INFO - Setting next_dagrun for example_subdag_operator.section-1 to None, run_after=None
[2026-05-08T20:55:39.331+0000] {logging_mixin.py:190} INFO - [2026-05-08T20:55:39.331+0000] {dag.py:4180} INFO - Setting next_dagrun for example_subdag_operator.section-2 to None, run_after=None
[2026-05-08T20:55:39.339+0000] {processor.py:208} INFO - Processing /home/airflow/.local/lib/python3.12/site-packages/airflow/example_dags/example_subdag_operator.py took 0.087 seconds
[2026-05-08T20:56:10.560+0000] {processor.py:186} INFO - Started process (PID=3170) to work on /home/airflow/.local/lib/python3.12/site-packages/airflow/example_dags/example_subdag_operator.py
[2026-05-08T20:56:10.560+0000] {processor.py:914} INFO - Processing file /home/airflow/.local/lib/python3.12/site-packages/airflow/example_dags/example_subdag_operator.py for tasks to queue
[2026-05-08T20:56:10.562+0000] {logging_mixin.py:190} INFO - [2026-05-08T20:56:10.562+0000] {dagbag.py:588} INFO - Filling up the DagBag from /home/airflow/.local/lib/python3.12/site-packages/airflow/example_dags/example_subdag_operator.py
[2026-05-08T20:56:10.584+0000] {processor.py:925} INFO - DAG(s) 'example_subdag_operator.section-1', 'example_subdag_operator.section-2', 'example_subdag_operator' retrieved from /home/airflow/.local/lib/python3.12/site-packages/airflow/example_dags/example_subdag_operator.py
[2026-05-08T20:56:10.596+0000] {logging_mixin.py:190} INFO - [2026-05-08T20:56:10.596+0000] {dag.py:3239} INFO - Sync 3 DAGs
[2026-05-08T20:56:10.614+0000] {logging_mixin.py:190} INFO - [2026-05-08T20:56:10.614+0000] {dag.py:4180} INFO - Setting next_dagrun for example_subdag_operator to 2022-01-01 00:00:00+00:00, run_after=2022-01-01 00:00:00+00:00
[2026-05-08T20:56:10.617+0000] {logging_mixin.py:190} INFO - [2026-05-08T20:56:10.617+0000] {dag.py:4180} INFO - Setting next_dagrun for example_subdag_operator.section-1 to None, run_after=None
[2026-05-08T20:56:10.618+0000] {logging_mixin.py:190} INFO - [2026-05-08T20:56:10.618+0000] {dag.py:4180} INFO - Setting next_dagrun for example_subdag_operator.section-2 to None, run_after=None
[2026-05-08T20:56:10.623+0000] {logging_mixin.py:190} INFO - [2026-05-08T20:56:10.623+0000] {dag.py:3239} INFO - Sync 2 DAGs
[2026-05-08T20:56:10.628+0000] {logging_mixin.py:190} INFO - [2026-05-08T20:56:10.628+0000] {dag.py:4180} INFO - Setting next_dagrun for example_subdag_operator.section-1 to None, run_after=None
[2026-05-08T20:56:10.628+0000] {logging_mixin.py:190} INFO - [2026-05-08T20:56:10.628+0000] {dag.py:4180} INFO - Setting next_dagrun for example_subdag_operator.section-2 to None, run_after=None
[2026-05-08T20:56:10.636+0000] {processor.py:208} INFO - Processing /home/airflow/.local/lib/python3.12/site-packages/airflow/example_dags/example_subdag_operator.py took 0.083 seconds
[2026-05-08T20:56:41.783+0000] {processor.py:186} INFO - Started process (PID=3234) to work on /home/airflow/.local/lib/python3.12/site-packages/airflow/example_dags/example_subdag_operator.py
[2026-05-08T20:56:41.784+0000] {processor.py:914} INFO - Processing file /home/airflow/.local/lib/python3.12/site-packages/airflow/example_dags/example_subdag_operator.py for tasks to queue
[2026-05-08T20:56:41.786+0000] {logging_mixin.py:190} INFO - [2026-05-08T20:56:41.785+0000] {dagbag.py:588} INFO - Filling up the DagBag from /home/airflow/.local/lib/python3.12/site-packages/airflow/example_dags/example_subdag_operator.py
[2026-05-08T20:56:41.807+0000] {processor.py:925} INFO - DAG(s) 'example_subdag_operator.section-1', 'example_subdag_operator.section-2', 'example_subdag_operator' retrieved from /home/airflow/.local/lib/python3.12/site-packages/airflow/example_dags/example_subdag_operator.py
[2026-05-08T20:56:41.823+0000] {logging_mixin.py:190} INFO - [2026-05-08T20:56:41.823+0000] {dag.py:3239} INFO - Sync 3 DAGs
[2026-05-08T20:56:41.843+0000] {logging_mixin.py:190} INFO - [2026-05-08T20:56:41.843+0000] {dag.py:4180} INFO - Setting next_dagrun for example_subdag_operator to 2022-01-01 00:00:00+00:00, run_after=2022-01-01 00:00:00+00:00
[2026-05-08T20:56:41.846+0000] {logging_mixin.py:190} INFO - [2026-05-08T20:56:41.846+0000] {dag.py:4180} INFO - Setting next_dagrun for example_subdag_operator.section-1 to None, run_after=None
[2026-05-08T20:56:41.847+0000] {logging_mixin.py:190} INFO - [2026-05-08T20:56:41.847+0000] {dag.py:4180} INFO - Setting next_dagrun for example_subdag_operator.section-2 to None, run_after=None
[2026-05-08T20:56:41.853+0000] {logging_mixin.py:190} INFO - [2026-05-08T20:56:41.852+0000] {dag.py:3239} INFO - Sync 2 DAGs
[2026-05-08T20:56:41.857+0000] {logging_mixin.py:190} INFO - [2026-05-08T20:56:41.857+0000] {dag.py:4180} INFO - Setting next_dagrun for example_subdag_operator.section-1 to None, run_after=None
[2026-05-08T20:56:41.858+0000] {logging_mixin.py:190} INFO - [2026-05-08T20:56:41.858+0000] {dag.py:4180} INFO - Setting next_dagrun for example_subdag_operator.section-2 to None, run_after=None
[2026-05-08T20:56:41.866+0000] {processor.py:208} INFO - Processing /home/airflow/.local/lib/python3.12/site-packages/airflow/example_dags/example_subdag_operator.py took 0.087 seconds
[2026-05-08T20:57:13.191+0000] {processor.py:186} INFO - Started process (PID=3298) to work on /home/airflow/.local/lib/python3.12/site-packages/airflow/example_dags/example_subdag_operator.py
[2026-05-08T20:57:13.191+0000] {processor.py:914} INFO - Processing file /home/airflow/.local/lib/python3.12/site-packages/airflow/example_dags/example_subdag_operator.py for tasks to queue
[2026-05-08T20:57:13.194+0000] {logging_mixin.py:190} INFO - [2026-05-08T20:57:13.193+0000] {dagbag.py:588} INFO - Filling up the DagBag from /home/airflow/.local/lib/python3.12/site-packages/airflow/example_dags/example_subdag_operator.py
[2026-05-08T20:57:13.216+0000] {processor.py:925} INFO - DAG(s) 'example_subdag_operator.section-1', 'example_subdag_operator.section-2', 'example_subdag_operator' retrieved from /home/airflow/.local/lib/python3.12/site-packages/airflow/example_dags/example_subdag_operator.py
[2026-05-08T20:57:13.228+0000] {logging_mixin.py:190} INFO - [2026-05-08T20:57:13.227+0000] {dag.py:3239} INFO - Sync 3 DAGs
[2026-05-08T20:57:13.248+0000] {logging_mixin.py:190} INFO - [2026-05-08T20:57:13.248+0000] {dag.py:4180} INFO - Setting next_dagrun for example_subdag_operator to 2022-01-01 00:00:00+00:00, run_after=2022-01-01 00:00:00+00:00
[2026-05-08T20:57:13.251+0000] {logging_mixin.py:190} INFO - [2026-05-08T20:57:13.251+0000] {dag.py:4180} INFO - Setting next_dagrun for example_subdag_operator.section-1 to None, run_after=None
[2026-05-08T20:57:13.252+0000] {logging_mixin.py:190} INFO - [2026-05-08T20:57:13.252+0000] {dag.py:4180} INFO - Setting next_dagrun for example_subdag_operator.section-2 to None, run_after=None
[2026-05-08T20:57:13.258+0000] {logging_mixin.py:190} INFO - [2026-05-08T20:57:13.258+0000] {dag.py:3239} INFO - Sync 2 DAGs
[2026-05-08T20:57:13.262+0000] {logging_mixin.py:190} INFO - [2026-05-08T20:57:13.262+0000] {dag.py:4180} INFO - Setting next_dagrun for example_subdag_operator.section-1 to None, run_after=None
[2026-05-08T20:57:13.262+0000] {logging_mixin.py:190} INFO - [2026-05-08T20:57:13.262+0000] {dag.py:4180} INFO - Setting next_dagrun for example_subdag_operator.section-2 to None, run_after=None
[2026-05-08T20:57:13.271+0000] {processor.py:208} INFO - Processing /home/airflow/.local/lib/python3.12/site-packages/airflow/example_dags/example_subdag_operator.py took 0.085 seconds
[2026-05-08T20:57:44.390+0000] {processor.py:186} INFO - Started process (PID=3362) to work on /home/airflow/.local/lib/python3.12/site-packages/airflow/example_dags/example_subdag_operator.py
[2026-05-08T20:57:44.391+0000] {processor.py:914} INFO - Processing file /home/airflow/.local/lib/python3.12/site-packages/airflow/example_dags/example_subdag_operator.py for tasks to queue
[2026-05-08T20:57:44.393+0000] {logging_mixin.py:190} INFO - [2026-05-08T20:57:44.392+0000] {dagbag.py:588} INFO - Filling up the DagBag from /home/airflow/.local/lib/python3.12/site-packages/airflow/example_dags/example_subdag_operator.py
[2026-05-08T20:57:44.414+0000] {processor.py:925} INFO - DAG(s) 'example_subdag_operator.section-1', 'example_subdag_operator.section-2', 'example_subdag_operator' retrieved from /home/airflow/.local/lib/python3.12/site-packages/airflow/example_dags/example_subdag_operator.py
[2026-05-08T20:57:44.429+0000] {logging_mixin.py:190} INFO - [2026-05-08T20:57:44.429+0000] {dag.py:3239} INFO - Sync 3 DAGs
[2026-05-08T20:57:44.449+0000] {logging_mixin.py:190} INFO - [2026-05-08T20:57:44.449+0000] {dag.py:4180} INFO - Setting next_dagrun for example_subdag_operator to 2022-01-01 00:00:00+00:00, run_after=2022-01-01 00:00:00+00:00
[2026-05-08T20:57:44.452+0000] {logging_mixin.py:190} INFO - [2026-05-08T20:57:44.452+0000] {dag.py:4180} INFO - Setting next_dagrun for example_subdag_operator.section-1 to None, run_after=None
[2026-05-08T20:57:44.454+0000] {logging_mixin.py:190} INFO - [2026-05-08T20:57:44.454+0000] {dag.py:4180} INFO - Setting next_dagrun for example_subdag_operator.section-2 to None, run_after=None
[2026-05-08T20:57:44.460+0000] {logging_mixin.py:190} INFO - [2026-05-08T20:57:44.460+0000] {dag.py:3239} INFO - Sync 2 DAGs
[2026-05-08T20:57:44.465+0000] {logging_mixin.py:190} INFO - [2026-05-08T20:57:44.465+0000] {dag.py:4180} INFO - Setting next_dagrun for example_subdag_operator.section-1 to None, run_after=None
[2026-05-08T20:57:44.465+0000] {logging_mixin.py:190} INFO - [2026-05-08T20:57:44.465+0000] {dag.py:4180} INFO - Setting next_dagrun for example_subdag_operator.section-2 to None, run_after=None
[2026-05-08T20:57:44.473+0000] {processor.py:208} INFO - Processing /home/airflow/.local/lib/python3.12/site-packages/airflow/example_dags/example_subdag_operator.py took 0.087 seconds
[2026-05-08T20:58:15.228+0000] {processor.py:186} INFO - Started process (PID=3426) to work on /home/airflow/.local/lib/python3.12/site-packages/airflow/example_dags/example_subdag_operator.py
[2026-05-08T20:58:15.229+0000] {processor.py:914} INFO - Processing file /home/airflow/.local/lib/python3.12/site-packages/airflow/example_dags/example_subdag_operator.py for tasks to queue
[2026-05-08T20:58:15.230+0000] {logging_mixin.py:190} INFO - [2026-05-08T20:58:15.230+0000] {dagbag.py:588} INFO - Filling up the DagBag from /home/airflow/.local/lib/python3.12/site-packages/airflow/example_dags/example_subdag_operator.py
[2026-05-08T20:58:15.253+0000] {processor.py:925} INFO - DAG(s) 'example_subdag_operator.section-1', 'example_subdag_operator.section-2', 'example_subdag_operator' retrieved from /home/airflow/.local/lib/python3.12/site-packages/airflow/example_dags/example_subdag_operator.py
[2026-05-08T20:58:15.271+0000] {logging_mixin.py:190} INFO - [2026-05-08T20:58:15.270+0000] {dag.py:3239} INFO - Sync 3 DAGs
[2026-05-08T20:58:15.299+0000] {logging_mixin.py:190} INFO - [2026-05-08T20:58:15.299+0000] {dag.py:4180} INFO - Setting next_dagrun for example_subdag_operator to 2022-01-01 00:00:00+00:00, run_after=2022-01-01 00:00:00+00:00
[2026-05-08T20:58:15.303+0000] {logging_mixin.py:190} INFO - [2026-05-08T20:58:15.303+0000] {dag.py:4180} INFO - Setting next_dagrun for example_subdag_operator.section-1 to None, run_after=None
[2026-05-08T20:58:15.305+0000] {logging_mixin.py:190} INFO - [2026-05-08T20:58:15.304+0000] {dag.py:4180} INFO - Setting next_dagrun for example_subdag_operator.section-2 to None, run_after=None
[2026-05-08T20:58:15.312+0000] {logging_mixin.py:190} INFO - [2026-05-08T20:58:15.312+0000] {dag.py:3239} INFO - Sync 2 DAGs
[2026-05-08T20:58:15.319+0000] {logging_mixin.py:190} INFO - [2026-05-08T20:58:15.319+0000] {dag.py:4180} INFO - Setting next_dagrun for example_subdag_operator.section-1 to None, run_after=None
[2026-05-08T20:58:15.320+0000] {logging_mixin.py:190} INFO - [2026-05-08T20:58:15.320+0000] {dag.py:4180} INFO - Setting next_dagrun for example_subdag_operator.section-2 to None, run_after=None
[2026-05-08T20:58:15.330+0000] {processor.py:208} INFO - Processing /home/airflow/.local/lib/python3.12/site-packages/airflow/example_dags/example_subdag_operator.py took 0.107 seconds
[2026-05-08T20:58:46.434+0000] {processor.py:186} INFO - Started process (PID=3490) to work on /home/airflow/.local/lib/python3.12/site-packages/airflow/example_dags/example_subdag_operator.py
[2026-05-08T20:58:46.435+0000] {processor.py:914} INFO - Processing file /home/airflow/.local/lib/python3.12/site-packages/airflow/example_dags/example_subdag_operator.py for tasks to queue
[2026-05-08T20:58:46.436+0000] {logging_mixin.py:190} INFO - [2026-05-08T20:58:46.436+0000] {dagbag.py:588} INFO - Filling up the DagBag from /home/airflow/.local/lib/python3.12/site-packages/airflow/example_dags/example_subdag_operator.py
[2026-05-08T20:58:46.462+0000] {processor.py:925} INFO - DAG(s) 'example_subdag_operator.section-1', 'example_subdag_operator.section-2', 'example_subdag_operator' retrieved from /home/airflow/.local/lib/python3.12/site-packages/airflow/example_dags/example_subdag_operator.py
[2026-05-08T20:58:46.480+0000] {logging_mixin.py:190} INFO - [2026-05-08T20:58:46.480+0000] {dag.py:3239} INFO - Sync 3 DAGs
[2026-05-08T20:58:46.507+0000] {logging_mixin.py:190} INFO - [2026-05-08T20:58:46.507+0000] {dag.py:4180} INFO - Setting next_dagrun for example_subdag_operator to 2022-01-01 00:00:00+00:00, run_after=2022-01-01 00:00:00+00:00
[2026-05-08T20:58:46.511+0000] {logging_mixin.py:190} INFO - [2026-05-08T20:58:46.511+0000] {dag.py:4180} INFO - Setting next_dagrun for example_subdag_operator.section-1 to None, run_after=None
[2026-05-08T20:58:46.512+0000] {logging_mixin.py:190} INFO - [2026-05-08T20:58:46.512+0000] {dag.py:4180} INFO - Setting next_dagrun for example_subdag_operator.section-2 to None, run_after=None
[2026-05-08T20:58:46.519+0000] {logging_mixin.py:190} INFO - [2026-05-08T20:58:46.519+0000] {dag.py:3239} INFO - Sync 2 DAGs
[2026-05-08T20:58:46.525+0000] {logging_mixin.py:190} INFO - [2026-05-08T20:58:46.525+0000] {dag.py:4180} INFO - Setting next_dagrun for example_subdag_operator.section-1 to None, run_after=None
[2026-05-08T20:58:46.526+0000] {logging_mixin.py:190} INFO - [2026-05-08T20:58:46.525+0000] {dag.py:4180} INFO - Setting next_dagrun for example_subdag_operator.section-2 to None, run_after=None
[2026-05-08T20:58:46.537+0000] {processor.py:208} INFO - Processing /home/airflow/.local/lib/python3.12/site-packages/airflow/example_dags/example_subdag_operator.py took 0.107 seconds
[2026-05-08T20:59:17.612+0000] {processor.py:186} INFO - Started process (PID=3554) to work on /home/airflow/.local/lib/python3.12/site-packages/airflow/example_dags/example_subdag_operator.py
[2026-05-08T20:59:17.613+0000] {processor.py:914} INFO - Processing file /home/airflow/.local/lib/python3.12/site-packages/airflow/example_dags/example_subdag_operator.py for tasks to queue
[2026-05-08T20:59:17.614+0000] {logging_mixin.py:190} INFO - [2026-05-08T20:59:17.614+0000] {dagbag.py:588} INFO - Filling up the DagBag from /home/airflow/.local/lib/python3.12/site-packages/airflow/example_dags/example_subdag_operator.py
[2026-05-08T20:59:17.636+0000] {processor.py:925} INFO - DAG(s) 'example_subdag_operator.section-1', 'example_subdag_operator.section-2', 'example_subdag_operator' retrieved from /home/airflow/.local/lib/python3.12/site-packages/airflow/example_dags/example_subdag_operator.py
[2026-05-08T20:59:17.648+0000] {logging_mixin.py:190} INFO - [2026-05-08T20:59:17.648+0000] {dag.py:3239} INFO - Sync 3 DAGs
[2026-05-08T20:59:17.667+0000] {logging_mixin.py:190} INFO - [2026-05-08T20:59:17.667+0000] {dag.py:4180} INFO - Setting next_dagrun for example_subdag_operator to 2022-01-01 00:00:00+00:00, run_after=2022-01-01 00:00:00+00:00
[2026-05-08T20:59:17.670+0000] {logging_mixin.py:190} INFO - [2026-05-08T20:59:17.670+0000] {dag.py:4180} INFO - Setting next_dagrun for example_subdag_operator.section-1 to None, run_after=None
[2026-05-08T20:59:17.671+0000] {logging_mixin.py:190} INFO - [2026-05-08T20:59:17.671+0000] {dag.py:4180} INFO - Setting next_dagrun for example_subdag_operator.section-2 to None, run_after=None
[2026-05-08T20:59:17.676+0000] {logging_mixin.py:190} INFO - [2026-05-08T20:59:17.676+0000] {dag.py:3239} INFO - Sync 2 DAGs
[2026-05-08T20:59:17.680+0000] {logging_mixin.py:190} INFO - [2026-05-08T20:59:17.680+0000] {dag.py:4180} INFO - Setting next_dagrun for example_subdag_operator.section-1 to None, run_after=None
[2026-05-08T20:59:17.681+0000] {logging_mixin.py:190} INFO - [2026-05-08T20:59:17.681+0000] {dag.py:4180} INFO - Setting next_dagrun for example_subdag_operator.section-2 to None, run_after=None
[2026-05-08T20:59:17.688+0000] {processor.py:208} INFO - Processing /home/airflow/.local/lib/python3.12/site-packages/airflow/example_dags/example_subdag_operator.py took 0.081 seconds
[2026-05-08T20:59:48.305+0000] {processor.py:186} INFO - Started process (PID=3618) to work on /home/airflow/.local/lib/python3.12/site-packages/airflow/example_dags/example_subdag_operator.py
[2026-05-08T20:59:48.305+0000] {processor.py:914} INFO - Processing file /home/airflow/.local/lib/python3.12/site-packages/airflow/example_dags/example_subdag_operator.py for tasks to queue
[2026-05-08T20:59:48.307+0000] {logging_mixin.py:190} INFO - [2026-05-08T20:59:48.307+0000] {dagbag.py:588} INFO - Filling up the DagBag from /home/airflow/.local/lib/python3.12/site-packages/airflow/example_dags/example_subdag_operator.py
[2026-05-08T20:59:48.328+0000] {processor.py:925} INFO - DAG(s) 'example_subdag_operator.section-1', 'example_subdag_operator.section-2', 'example_subdag_operator' retrieved from /home/airflow/.local/lib/python3.12/site-packages/airflow/example_dags/example_subdag_operator.py
[2026-05-08T20:59:48.340+0000] {logging_mixin.py:190} INFO - [2026-05-08T20:59:48.340+0000] {dag.py:3239} INFO - Sync 3 DAGs
[2026-05-08T20:59:48.364+0000] {logging_mixin.py:190} INFO - [2026-05-08T20:59:48.364+0000] {dag.py:4180} INFO - Setting next_dagrun for example_subdag_operator to 2022-01-01 00:00:00+00:00, run_after=2022-01-01 00:00:00+00:00
[2026-05-08T20:59:48.368+0000] {logging_mixin.py:190} INFO - [2026-05-08T20:59:48.368+0000] {dag.py:4180} INFO - Setting next_dagrun for example_subdag_operator.section-1 to None, run_after=None
[2026-05-08T20:59:48.369+0000] {logging_mixin.py:190} INFO - [2026-05-08T20:59:48.369+0000] {dag.py:4180} INFO - Setting next_dagrun for example_subdag_operator.section-2 to None, run_after=None
[2026-05-08T20:59:48.376+0000] {logging_mixin.py:190} INFO - [2026-05-08T20:59:48.376+0000] {dag.py:3239} INFO - Sync 2 DAGs
[2026-05-08T20:59:48.382+0000] {logging_mixin.py:190} INFO - [2026-05-08T20:59:48.382+0000] {dag.py:4180} INFO - Setting next_dagrun for example_subdag_operator.section-1 to None, run_after=None
[2026-05-08T20:59:48.383+0000] {logging_mixin.py:190} INFO - [2026-05-08T20:59:48.383+0000] {dag.py:4180} INFO - Setting next_dagrun for example_subdag_operator.section-2 to None, run_after=None
[2026-05-08T20:59:48.391+0000] {processor.py:208} INFO - Processing /home/airflow/.local/lib/python3.12/site-packages/airflow/example_dags/example_subdag_operator.py took 0.092 seconds
[2026-05-08T21:00:19.696+0000] {processor.py:186} INFO - Started process (PID=3682) to work on /home/airflow/.local/lib/python3.12/site-packages/airflow/example_dags/example_subdag_operator.py
[2026-05-08T21:00:19.696+0000] {processor.py:914} INFO - Processing file /home/airflow/.local/lib/python3.12/site-packages/airflow/example_dags/example_subdag_operator.py for tasks to queue
[2026-05-08T21:00:19.698+0000] {logging_mixin.py:190} INFO - [2026-05-08T21:00:19.698+0000] {dagbag.py:588} INFO - Filling up the DagBag from /home/airflow/.local/lib/python3.12/site-packages/airflow/example_dags/example_subdag_operator.py
[2026-05-08T21:00:19.720+0000] {processor.py:925} INFO - DAG(s) 'example_subdag_operator.section-1', 'example_subdag_operator.section-2', 'example_subdag_operator' retrieved from /home/airflow/.local/lib/python3.12/site-packages/airflow/example_dags/example_subdag_operator.py
[2026-05-08T21:00:19.735+0000] {logging_mixin.py:190} INFO - [2026-05-08T21:00:19.735+0000] {dag.py:3239} INFO - Sync 3 DAGs
[2026-05-08T21:00:19.755+0000] {logging_mixin.py:190} INFO - [2026-05-08T21:00:19.754+0000] {dag.py:4180} INFO - Setting next_dagrun for example_subdag_operator to 2022-01-01 00:00:00+00:00, run_after=2022-01-01 00:00:00+00:00
[2026-05-08T21:00:19.758+0000] {logging_mixin.py:190} INFO - [2026-05-08T21:00:19.758+0000] {dag.py:4180} INFO - Setting next_dagrun for example_subdag_operator.section-1 to None, run_after=None
[2026-05-08T21:00:19.759+0000] {logging_mixin.py:190} INFO - [2026-05-08T21:00:19.759+0000] {dag.py:4180} INFO - Setting next_dagrun for example_subdag_operator.section-2 to None, run_after=None
[2026-05-08T21:00:19.765+0000] {logging_mixin.py:190} INFO - [2026-05-08T21:00:19.765+0000] {dag.py:3239} INFO - Sync 2 DAGs
[2026-05-08T21:00:19.769+0000] {logging_mixin.py:190} INFO - [2026-05-08T21:00:19.769+0000] {dag.py:4180} INFO - Setting next_dagrun for example_subdag_operator.section-1 to None, run_after=None
[2026-05-08T21:00:19.770+0000] {logging_mixin.py:190} INFO - [2026-05-08T21:00:19.770+0000] {dag.py:4180} INFO - Setting next_dagrun for example_subdag_operator.section-2 to None, run_after=None
[2026-05-08T21:00:19.778+0000] {processor.py:208} INFO - Processing /home/airflow/.local/lib/python3.12/site-packages/airflow/example_dags/example_subdag_operator.py took 0.086 seconds
[2026-05-08T21:00:50.832+0000] {processor.py:186} INFO - Started process (PID=3746) to work on /home/airflow/.local/lib/python3.12/site-packages/airflow/example_dags/example_subdag_operator.py
[2026-05-08T21:00:50.832+0000] {processor.py:914} INFO - Processing file /home/airflow/.local/lib/python3.12/site-packages/airflow/example_dags/example_subdag_operator.py for tasks to queue
[2026-05-08T21:00:50.840+0000] {logging_mixin.py:190} INFO - [2026-05-08T21:00:50.839+0000] {dagbag.py:588} INFO - Filling up the DagBag from /home/airflow/.local/lib/python3.12/site-packages/airflow/example_dags/example_subdag_operator.py
[2026-05-08T21:00:50.884+0000] {processor.py:925} INFO - DAG(s) 'example_subdag_operator.section-1', 'example_subdag_operator.section-2', 'example_subdag_operator' retrieved from /home/airflow/.local/lib/python3.12/site-packages/airflow/example_dags/example_subdag_operator.py
[2026-05-08T21:00:50.902+0000] {logging_mixin.py:190} INFO - [2026-05-08T21:00:50.902+0000] {dag.py:3239} INFO - Sync 3 DAGs
[2026-05-08T21:00:50.923+0000] {logging_mixin.py:190} INFO - [2026-05-08T21:00:50.923+0000] {dag.py:4180} INFO - Setting next_dagrun for example_subdag_operator to 2022-01-01 00:00:00+00:00, run_after=2022-01-01 00:00:00+00:00
[2026-05-08T21:00:50.926+0000] {logging_mixin.py:190} INFO - [2026-05-08T21:00:50.925+0000] {dag.py:4180} INFO - Setting next_dagrun for example_subdag_operator.section-1 to None, run_after=None
[2026-05-08T21:00:50.927+0000] {logging_mixin.py:190} INFO - [2026-05-08T21:00:50.926+0000] {dag.py:4180} INFO - Setting next_dagrun for example_subdag_operator.section-2 to None, run_after=None
[2026-05-08T21:00:50.932+0000] {logging_mixin.py:190} INFO - [2026-05-08T21:00:50.932+0000] {dag.py:3239} INFO - Sync 2 DAGs
[2026-05-08T21:00:50.937+0000] {logging_mixin.py:190} INFO - [2026-05-08T21:00:50.937+0000] {dag.py:4180} INFO - Setting next_dagrun for example_subdag_operator.section-1 to None, run_after=None
[2026-05-08T21:00:50.937+0000] {logging_mixin.py:190} INFO - [2026-05-08T21:00:50.937+0000] {dag.py:4180} INFO - Setting next_dagrun for example_subdag_operator.section-2 to None, run_after=None
[2026-05-08T21:00:50.947+0000] {processor.py:208} INFO - Processing /home/airflow/.local/lib/python3.12/site-packages/airflow/example_dags/example_subdag_operator.py took 0.128 seconds
[2026-05-08T21:01:22.273+0000] {processor.py:186} INFO - Started process (PID=3810) to work on /home/airflow/.local/lib/python3.12/site-packages/airflow/example_dags/example_subdag_operator.py
[2026-05-08T21:01:22.274+0000] {processor.py:914} INFO - Processing file /home/airflow/.local/lib/python3.12/site-packages/airflow/example_dags/example_subdag_operator.py for tasks to queue
[2026-05-08T21:01:22.276+0000] {logging_mixin.py:190} INFO - [2026-05-08T21:01:22.276+0000] {dagbag.py:588} INFO - Filling up the DagBag from /home/airflow/.local/lib/python3.12/site-packages/airflow/example_dags/example_subdag_operator.py
[2026-05-08T21:01:22.298+0000] {processor.py:925} INFO - DAG(s) 'example_subdag_operator.section-1', 'example_subdag_operator.section-2', 'example_subdag_operator' retrieved from /home/airflow/.local/lib/python3.12/site-packages/airflow/example_dags/example_subdag_operator.py
[2026-05-08T21:01:22.311+0000] {logging_mixin.py:190} INFO - [2026-05-08T21:01:22.311+0000] {dag.py:3239} INFO - Sync 3 DAGs
[2026-05-08T21:01:22.333+0000] {logging_mixin.py:190} INFO - [2026-05-08T21:01:22.333+0000] {dag.py:4180} INFO - Setting next_dagrun for example_subdag_operator to 2022-01-01 00:00:00+00:00, run_after=2022-01-01 00:00:00+00:00
[2026-05-08T21:01:22.336+0000] {logging_mixin.py:190} INFO - [2026-05-08T21:01:22.336+0000] {dag.py:4180} INFO - Setting next_dagrun for example_subdag_operator.section-1 to None, run_after=None
[2026-05-08T21:01:22.337+0000] {logging_mixin.py:190} INFO - [2026-05-08T21:01:22.337+0000] {dag.py:4180} INFO - Setting next_dagrun for example_subdag_operator.section-2 to None, run_after=None
[2026-05-08T21:01:22.343+0000] {logging_mixin.py:190} INFO - [2026-05-08T21:01:22.343+0000] {dag.py:3239} INFO - Sync 2 DAGs
[2026-05-08T21:01:22.349+0000] {logging_mixin.py:190} INFO - [2026-05-08T21:01:22.349+0000] {dag.py:4180} INFO - Setting next_dagrun for example_subdag_operator.section-1 to None, run_after=None
[2026-05-08T21:01:22.349+0000] {logging_mixin.py:190} INFO - [2026-05-08T21:01:22.349+0000] {dag.py:4180} INFO - Setting next_dagrun for example_subdag_operator.section-2 to None, run_after=None
[2026-05-08T21:01:22.360+0000] {processor.py:208} INFO - Processing /home/airflow/.local/lib/python3.12/site-packages/airflow/example_dags/example_subdag_operator.py took 0.093 seconds
[2026-05-08T21:01:53.496+0000] {processor.py:186} INFO - Started process (PID=3874) to work on /home/airflow/.local/lib/python3.12/site-packages/airflow/example_dags/example_subdag_operator.py
[2026-05-08T21:01:53.497+0000] {processor.py:914} INFO - Processing file /home/airflow/.local/lib/python3.12/site-packages/airflow/example_dags/example_subdag_operator.py for tasks to queue
[2026-05-08T21:01:53.499+0000] {logging_mixin.py:190} INFO - [2026-05-08T21:01:53.499+0000] {dagbag.py:588} INFO - Filling up the DagBag from /home/airflow/.local/lib/python3.12/site-packages/airflow/example_dags/example_subdag_operator.py
[2026-05-08T21:01:53.519+0000] {processor.py:925} INFO - DAG(s) 'example_subdag_operator.section-1', 'example_subdag_operator.section-2', 'example_subdag_operator' retrieved from /home/airflow/.local/lib/python3.12/site-packages/airflow/example_dags/example_subdag_operator.py
[2026-05-08T21:01:53.531+0000] {logging_mixin.py:190} INFO - [2026-05-08T21:01:53.530+0000] {dag.py:3239} INFO - Sync 3 DAGs
[2026-05-08T21:01:53.554+0000] {logging_mixin.py:190} INFO - [2026-05-08T21:01:53.554+0000] {dag.py:4180} INFO - Setting next_dagrun for example_subdag_operator to 2022-01-01 00:00:00+00:00, run_after=2022-01-01 00:00:00+00:00
[2026-05-08T21:01:53.558+0000] {logging_mixin.py:190} INFO - [2026-05-08T21:01:53.558+0000] {dag.py:4180} INFO - Setting next_dagrun for example_subdag_operator.section-1 to None, run_after=None
[2026-05-08T21:01:53.559+0000] {logging_mixin.py:190} INFO - [2026-05-08T21:01:53.559+0000] {dag.py:4180} INFO - Setting next_dagrun for example_subdag_operator.section-2 to None, run_after=None
[2026-05-08T21:01:53.566+0000] {logging_mixin.py:190} INFO - [2026-05-08T21:01:53.566+0000] {dag.py:3239} INFO - Sync 2 DAGs
[2026-05-08T21:01:53.572+0000] {logging_mixin.py:190} INFO - [2026-05-08T21:01:53.572+0000] {dag.py:4180} INFO - Setting next_dagrun for example_subdag_operator.section-1 to None, run_after=None
[2026-05-08T21:01:53.573+0000] {logging_mixin.py:190} INFO - [2026-05-08T21:01:53.573+0000] {dag.py:4180} INFO - Setting next_dagrun for example_subdag_operator.section-2 to None, run_after=None
[2026-05-08T21:01:53.584+0000] {processor.py:208} INFO - Processing /home/airflow/.local/lib/python3.12/site-packages/airflow/example_dags/example_subdag_operator.py took 0.092 seconds
[2026-05-08T21:02:24.260+0000] {processor.py:186} INFO - Started process (PID=3938) to work on /home/airflow/.local/lib/python3.12/site-packages/airflow/example_dags/example_subdag_operator.py
[2026-05-08T21:02:24.260+0000] {processor.py:914} INFO - Processing file /home/airflow/.local/lib/python3.12/site-packages/airflow/example_dags/example_subdag_operator.py for tasks to queue
[2026-05-08T21:02:24.262+0000] {logging_mixin.py:190} INFO - [2026-05-08T21:02:24.262+0000] {dagbag.py:588} INFO - Filling up the DagBag from /home/airflow/.local/lib/python3.12/site-packages/airflow/example_dags/example_subdag_operator.py
[2026-05-08T21:02:24.286+0000] {processor.py:925} INFO - DAG(s) 'example_subdag_operator.section-1', 'example_subdag_operator.section-2', 'example_subdag_operator' retrieved from /home/airflow/.local/lib/python3.12/site-packages/airflow/example_dags/example_subdag_operator.py
[2026-05-08T21:02:24.303+0000] {logging_mixin.py:190} INFO - [2026-05-08T21:02:24.303+0000] {dag.py:3239} INFO - Sync 3 DAGs
[2026-05-08T21:02:24.326+0000] {logging_mixin.py:190} INFO - [2026-05-08T21:02:24.325+0000] {dag.py:4180} INFO - Setting next_dagrun for example_subdag_operator to 2022-01-01 00:00:00+00:00, run_after=2022-01-01 00:00:00+00:00
[2026-05-08T21:02:24.328+0000] {logging_mixin.py:190} INFO - [2026-05-08T21:02:24.328+0000] {dag.py:4180} INFO - Setting next_dagrun for example_subdag_operator.section-1 to None, run_after=None
[2026-05-08T21:02:24.329+0000] {logging_mixin.py:190} INFO - [2026-05-08T21:02:24.329+0000] {dag.py:4180} INFO - Setting next_dagrun for example_subdag_operator.section-2 to None, run_after=None
[2026-05-08T21:02:24.335+0000] {logging_mixin.py:190} INFO - [2026-05-08T21:02:24.335+0000] {dag.py:3239} INFO - Sync 2 DAGs
[2026-05-08T21:02:24.339+0000] {logging_mixin.py:190} INFO - [2026-05-08T21:02:24.339+0000] {dag.py:4180} INFO - Setting next_dagrun for example_subdag_operator.section-1 to None, run_after=None
[2026-05-08T21:02:24.339+0000] {logging_mixin.py:190} INFO - [2026-05-08T21:02:24.339+0000] {dag.py:4180} INFO - Setting next_dagrun for example_subdag_operator.section-2 to None, run_after=None
[2026-05-08T21:02:24.348+0000] {processor.py:208} INFO - Processing /home/airflow/.local/lib/python3.12/site-packages/airflow/example_dags/example_subdag_operator.py took 0.093 seconds
[2026-05-08T21:02:54.915+0000] {processor.py:186} INFO - Started process (PID=4002) to work on /home/airflow/.local/lib/python3.12/site-packages/airflow/example_dags/example_subdag_operator.py
[2026-05-08T21:02:54.915+0000] {processor.py:914} INFO - Processing file /home/airflow/.local/lib/python3.12/site-packages/airflow/example_dags/example_subdag_operator.py for tasks to queue
[2026-05-08T21:02:54.917+0000] {logging_mixin.py:190} INFO - [2026-05-08T21:02:54.916+0000] {dagbag.py:588} INFO - Filling up the DagBag from /home/airflow/.local/lib/python3.12/site-packages/airflow/example_dags/example_subdag_operator.py
[2026-05-08T21:02:54.942+0000] {processor.py:925} INFO - DAG(s) 'example_subdag_operator.section-1', 'example_subdag_operator.section-2', 'example_subdag_operator' retrieved from /home/airflow/.local/lib/python3.12/site-packages/airflow/example_dags/example_subdag_operator.py
[2026-05-08T21:02:54.958+0000] {logging_mixin.py:190} INFO - [2026-05-08T21:02:54.957+0000] {dag.py:3239} INFO - Sync 3 DAGs
[2026-05-08T21:02:54.984+0000] {logging_mixin.py:190} INFO - [2026-05-08T21:02:54.984+0000] {dag.py:4180} INFO - Setting next_dagrun for example_subdag_operator to 2022-01-01 00:00:00+00:00, run_after=2022-01-01 00:00:00+00:00
[2026-05-08T21:02:54.989+0000] {logging_mixin.py:190} INFO - [2026-05-08T21:02:54.988+0000] {dag.py:4180} INFO - Setting next_dagrun for example_subdag_operator.section-1 to None, run_after=None
[2026-05-08T21:02:54.990+0000] {logging_mixin.py:190} INFO - [2026-05-08T21:02:54.990+0000] {dag.py:4180} INFO - Setting next_dagrun for example_subdag_operator.section-2 to None, run_after=None
[2026-05-08T21:02:54.997+0000] {logging_mixin.py:190} INFO - [2026-05-08T21:02:54.997+0000] {dag.py:3239} INFO - Sync 2 DAGs
[2026-05-08T21:02:55.003+0000] {logging_mixin.py:190} INFO - [2026-05-08T21:02:55.003+0000] {dag.py:4180} INFO - Setting next_dagrun for example_subdag_operator.section-1 to None, run_after=None
[2026-05-08T21:02:55.004+0000] {logging_mixin.py:190} INFO - [2026-05-08T21:02:55.003+0000] {dag.py:4180} INFO - Setting next_dagrun for example_subdag_operator.section-2 to None, run_after=None
[2026-05-08T21:02:55.014+0000] {processor.py:208} INFO - Processing /home/airflow/.local/lib/python3.12/site-packages/airflow/example_dags/example_subdag_operator.py took 0.104 seconds
[2026-05-08T21:03:26.443+0000] {processor.py:186} INFO - Started process (PID=4066) to work on /home/airflow/.local/lib/python3.12/site-packages/airflow/example_dags/example_subdag_operator.py
[2026-05-08T21:03:26.443+0000] {processor.py:914} INFO - Processing file /home/airflow/.local/lib/python3.12/site-packages/airflow/example_dags/example_subdag_operator.py for tasks to queue
[2026-05-08T21:03:26.445+0000] {logging_mixin.py:190} INFO - [2026-05-08T21:03:26.445+0000] {dagbag.py:588} INFO - Filling up the DagBag from /home/airflow/.local/lib/python3.12/site-packages/airflow/example_dags/example_subdag_operator.py
[2026-05-08T21:03:26.466+0000] {processor.py:925} INFO - DAG(s) 'example_subdag_operator.section-1', 'example_subdag_operator.section-2', 'example_subdag_operator' retrieved from /home/airflow/.local/lib/python3.12/site-packages/airflow/example_dags/example_subdag_operator.py
[2026-05-08T21:03:26.637+0000] {logging_mixin.py:190} INFO - [2026-05-08T21:03:26.637+0000] {dag.py:3239} INFO - Sync 3 DAGs
[2026-05-08T21:03:26.656+0000] {logging_mixin.py:190} INFO - [2026-05-08T21:03:26.656+0000] {dag.py:4180} INFO - Setting next_dagrun for example_subdag_operator to 2022-01-01 00:00:00+00:00, run_after=2022-01-01 00:00:00+00:00
[2026-05-08T21:03:26.658+0000] {logging_mixin.py:190} INFO - [2026-05-08T21:03:26.658+0000] {dag.py:4180} INFO - Setting next_dagrun for example_subdag_operator.section-1 to None, run_after=None
[2026-05-08T21:03:26.659+0000] {logging_mixin.py:190} INFO - [2026-05-08T21:03:26.659+0000] {dag.py:4180} INFO - Setting next_dagrun for example_subdag_operator.section-2 to None, run_after=None
[2026-05-08T21:03:26.664+0000] {logging_mixin.py:190} INFO - [2026-05-08T21:03:26.664+0000] {dag.py:3239} INFO - Sync 2 DAGs
[2026-05-08T21:03:26.669+0000] {logging_mixin.py:190} INFO - [2026-05-08T21:03:26.668+0000] {dag.py:4180} INFO - Setting next_dagrun for example_subdag_operator.section-1 to None, run_after=None
[2026-05-08T21:03:26.669+0000] {logging_mixin.py:190} INFO - [2026-05-08T21:03:26.669+0000] {dag.py:4180} INFO - Setting next_dagrun for example_subdag_operator.section-2 to None, run_after=None
[2026-05-08T21:03:26.678+0000] {processor.py:208} INFO - Processing /home/airflow/.local/lib/python3.12/site-packages/airflow/example_dags/example_subdag_operator.py took 0.239 seconds
[2026-05-08T21:03:58.071+0000] {processor.py:186} INFO - Started process (PID=4131) to work on /home/airflow/.local/lib/python3.12/site-packages/airflow/example_dags/example_subdag_operator.py
[2026-05-08T21:03:58.072+0000] {processor.py:914} INFO - Processing file /home/airflow/.local/lib/python3.12/site-packages/airflow/example_dags/example_subdag_operator.py for tasks to queue
[2026-05-08T21:03:58.074+0000] {logging_mixin.py:190} INFO - [2026-05-08T21:03:58.073+0000] {dagbag.py:588} INFO - Filling up the DagBag from /home/airflow/.local/lib/python3.12/site-packages/airflow/example_dags/example_subdag_operator.py
[2026-05-08T21:03:58.094+0000] {processor.py:925} INFO - DAG(s) 'example_subdag_operator.section-1', 'example_subdag_operator.section-2', 'example_subdag_operator' retrieved from /home/airflow/.local/lib/python3.12/site-packages/airflow/example_dags/example_subdag_operator.py
[2026-05-08T21:03:58.110+0000] {logging_mixin.py:190} INFO - [2026-05-08T21:03:58.110+0000] {dag.py:3239} INFO - Sync 3 DAGs
[2026-05-08T21:03:58.283+0000] {logging_mixin.py:190} INFO - [2026-05-08T21:03:58.283+0000] {dag.py:4180} INFO - Setting next_dagrun for example_subdag_operator to 2022-01-01 00:00:00+00:00, run_after=2022-01-01 00:00:00+00:00
[2026-05-08T21:03:58.286+0000] {logging_mixin.py:190} INFO - [2026-05-08T21:03:58.286+0000] {dag.py:4180} INFO - Setting next_dagrun for example_subdag_operator.section-1 to None, run_after=None
[2026-05-08T21:03:58.287+0000] {logging_mixin.py:190} INFO - [2026-05-08T21:03:58.287+0000] {dag.py:4180} INFO - Setting next_dagrun for example_subdag_operator.section-2 to None, run_after=None
[2026-05-08T21:03:58.293+0000] {logging_mixin.py:190} INFO - [2026-05-08T21:03:58.293+0000] {dag.py:3239} INFO - Sync 2 DAGs
[2026-05-08T21:03:58.298+0000] {logging_mixin.py:190} INFO - [2026-05-08T21:03:58.298+0000] {dag.py:4180} INFO - Setting next_dagrun for example_subdag_operator.section-1 to None, run_after=None
[2026-05-08T21:03:58.298+0000] {logging_mixin.py:190} INFO - [2026-05-08T21:03:58.298+0000] {dag.py:4180} INFO - Setting next_dagrun for example_subdag_operator.section-2 to None, run_after=None
[2026-05-08T21:03:58.306+0000] {processor.py:208} INFO - Processing /home/airflow/.local/lib/python3.12/site-packages/airflow/example_dags/example_subdag_operator.py took 0.239 seconds
[2026-05-08T21:04:28.917+0000] {processor.py:186} INFO - Started process (PID=4195) to work on /home/airflow/.local/lib/python3.12/site-packages/airflow/example_dags/example_subdag_operator.py
[2026-05-08T21:04:28.918+0000] {processor.py:914} INFO - Processing file /home/airflow/.local/lib/python3.12/site-packages/airflow/example_dags/example_subdag_operator.py for tasks to queue
[2026-05-08T21:04:28.920+0000] {logging_mixin.py:190} INFO - [2026-05-08T21:04:28.919+0000] {dagbag.py:588} INFO - Filling up the DagBag from /home/airflow/.local/lib/python3.12/site-packages/airflow/example_dags/example_subdag_operator.py
[2026-05-08T21:04:28.944+0000] {processor.py:925} INFO - DAG(s) 'example_subdag_operator.section-1', 'example_subdag_operator.section-2', 'example_subdag_operator' retrieved from /home/airflow/.local/lib/python3.12/site-packages/airflow/example_dags/example_subdag_operator.py
[2026-05-08T21:04:28.957+0000] {logging_mixin.py:190} INFO - [2026-05-08T21:04:28.957+0000] {dag.py:3239} INFO - Sync 3 DAGs
[2026-05-08T21:04:28.977+0000] {logging_mixin.py:190} INFO - [2026-05-08T21:04:28.977+0000] {dag.py:4180} INFO - Setting next_dagrun for example_subdag_operator to 2022-01-01 00:00:00+00:00, run_after=2022-01-01 00:00:00+00:00
[2026-05-08T21:04:28.980+0000] {logging_mixin.py:190} INFO - [2026-05-08T21:04:28.980+0000] {dag.py:4180} INFO - Setting next_dagrun for example_subdag_operator.section-1 to None, run_after=None
[2026-05-08T21:04:28.981+0000] {logging_mixin.py:190} INFO - [2026-05-08T21:04:28.981+0000] {dag.py:4180} INFO - Setting next_dagrun for example_subdag_operator.section-2 to None, run_after=None
[2026-05-08T21:04:28.988+0000] {logging_mixin.py:190} INFO - [2026-05-08T21:04:28.987+0000] {dag.py:3239} INFO - Sync 2 DAGs
[2026-05-08T21:04:28.993+0000] {logging_mixin.py:190} INFO - [2026-05-08T21:04:28.992+0000] {dag.py:4180} INFO - Setting next_dagrun for example_subdag_operator.section-1 to None, run_after=None
[2026-05-08T21:04:28.993+0000] {logging_mixin.py:190} INFO - [2026-05-08T21:04:28.993+0000] {dag.py:4180} INFO - Setting next_dagrun for example_subdag_operator.section-2 to None, run_after=None
[2026-05-08T21:04:29.002+0000] {processor.py:208} INFO - Processing /home/airflow/.local/lib/python3.12/site-packages/airflow/example_dags/example_subdag_operator.py took 0.090 seconds
[2026-05-08T21:05:00.186+0000] {processor.py:186} INFO - Started process (PID=4259) to work on /home/airflow/.local/lib/python3.12/site-packages/airflow/example_dags/example_subdag_operator.py
[2026-05-08T21:05:00.187+0000] {processor.py:914} INFO - Processing file /home/airflow/.local/lib/python3.12/site-packages/airflow/example_dags/example_subdag_operator.py for tasks to queue
[2026-05-08T21:05:00.190+0000] {logging_mixin.py:190} INFO - [2026-05-08T21:05:00.189+0000] {dagbag.py:588} INFO - Filling up the DagBag from /home/airflow/.local/lib/python3.12/site-packages/airflow/example_dags/example_subdag_operator.py
[2026-05-08T21:05:00.219+0000] {processor.py:925} INFO - DAG(s) 'example_subdag_operator.section-1', 'example_subdag_operator.section-2', 'example_subdag_operator' retrieved from /home/airflow/.local/lib/python3.12/site-packages/airflow/example_dags/example_subdag_operator.py
[2026-05-08T21:05:00.237+0000] {logging_mixin.py:190} INFO - [2026-05-08T21:05:00.237+0000] {dag.py:3239} INFO - Sync 3 DAGs
[2026-05-08T21:05:00.270+0000] {logging_mixin.py:190} INFO - [2026-05-08T21:05:00.269+0000] {dag.py:4180} INFO - Setting next_dagrun for example_subdag_operator to 2022-01-01 00:00:00+00:00, run_after=2022-01-01 00:00:00+00:00
[2026-05-08T21:05:00.274+0000] {logging_mixin.py:190} INFO - [2026-05-08T21:05:00.273+0000] {dag.py:4180} INFO - Setting next_dagrun for example_subdag_operator.section-1 to None, run_after=None
[2026-05-08T21:05:00.275+0000] {logging_mixin.py:190} INFO - [2026-05-08T21:05:00.275+0000] {dag.py:4180} INFO - Setting next_dagrun for example_subdag_operator.section-2 to None, run_after=None
[2026-05-08T21:05:00.282+0000] {logging_mixin.py:190} INFO - [2026-05-08T21:05:00.282+0000] {dag.py:3239} INFO - Sync 2 DAGs
[2026-05-08T21:05:00.288+0000] {logging_mixin.py:190} INFO - [2026-05-08T21:05:00.288+0000] {dag.py:4180} INFO - Setting next_dagrun for example_subdag_operator.section-1 to None, run_after=None
[2026-05-08T21:05:00.288+0000] {logging_mixin.py:190} INFO - [2026-05-08T21:05:00.288+0000] {dag.py:4180} INFO - Setting next_dagrun for example_subdag_operator.section-2 to None, run_after=None
[2026-05-08T21:05:00.298+0000] {processor.py:208} INFO - Processing /home/airflow/.local/lib/python3.12/site-packages/airflow/example_dags/example_subdag_operator.py took 0.119 seconds
[2026-05-08T21:05:31.321+0000] {processor.py:186} INFO - Started process (PID=4323) to work on /home/airflow/.local/lib/python3.12/site-packages/airflow/example_dags/example_subdag_operator.py
[2026-05-08T21:05:31.323+0000] {processor.py:914} INFO - Processing file /home/airflow/.local/lib/python3.12/site-packages/airflow/example_dags/example_subdag_operator.py for tasks to queue
[2026-05-08T21:05:31.328+0000] {logging_mixin.py:190} INFO - [2026-05-08T21:05:31.328+0000] {dagbag.py:588} INFO - Filling up the DagBag from /home/airflow/.local/lib/python3.12/site-packages/airflow/example_dags/example_subdag_operator.py
[2026-05-08T21:05:31.356+0000] {processor.py:925} INFO - DAG(s) 'example_subdag_operator.section-1', 'example_subdag_operator.section-2', 'example_subdag_operator' retrieved from /home/airflow/.local/lib/python3.12/site-packages/airflow/example_dags/example_subdag_operator.py
[2026-05-08T21:05:31.374+0000] {logging_mixin.py:190} INFO - [2026-05-08T21:05:31.374+0000] {dag.py:3239} INFO - Sync 3 DAGs
[2026-05-08T21:05:31.398+0000] {logging_mixin.py:190} INFO - [2026-05-08T21:05:31.398+0000] {dag.py:4180} INFO - Setting next_dagrun for example_subdag_operator to 2022-01-01 00:00:00+00:00, run_after=2022-01-01 00:00:00+00:00
[2026-05-08T21:05:31.402+0000] {logging_mixin.py:190} INFO - [2026-05-08T21:05:31.402+0000] {dag.py:4180} INFO - Setting next_dagrun for example_subdag_operator.section-1 to None, run_after=None
[2026-05-08T21:05:31.403+0000] {logging_mixin.py:190} INFO - [2026-05-08T21:05:31.403+0000] {dag.py:4180} INFO - Setting next_dagrun for example_subdag_operator.section-2 to None, run_after=None
[2026-05-08T21:05:31.411+0000] {logging_mixin.py:190} INFO - [2026-05-08T21:05:31.411+0000] {dag.py:3239} INFO - Sync 2 DAGs
[2026-05-08T21:05:31.415+0000] {logging_mixin.py:190} INFO - [2026-05-08T21:05:31.415+0000] {dag.py:4180} INFO - Setting next_dagrun for example_subdag_operator.section-1 to None, run_after=None
[2026-05-08T21:05:31.415+0000] {logging_mixin.py:190} INFO - [2026-05-08T21:05:31.415+0000] {dag.py:4180} INFO - Setting next_dagrun for example_subdag_operator.section-2 to None, run_after=None
[2026-05-08T21:05:31.423+0000] {processor.py:208} INFO - Processing /home/airflow/.local/lib/python3.12/site-packages/airflow/example_dags/example_subdag_operator.py took 0.110 seconds
[2026-05-08T21:06:01.998+0000] {processor.py:186} INFO - Started process (PID=4386) to work on /home/airflow/.local/lib/python3.12/site-packages/airflow/example_dags/example_subdag_operator.py
[2026-05-08T21:06:01.999+0000] {processor.py:914} INFO - Processing file /home/airflow/.local/lib/python3.12/site-packages/airflow/example_dags/example_subdag_operator.py for tasks to queue
[2026-05-08T21:06:02.001+0000] {logging_mixin.py:190} INFO - [2026-05-08T21:06:02.001+0000] {dagbag.py:588} INFO - Filling up the DagBag from /home/airflow/.local/lib/python3.12/site-packages/airflow/example_dags/example_subdag_operator.py
[2026-05-08T21:06:02.026+0000] {processor.py:925} INFO - DAG(s) 'example_subdag_operator.section-1', 'example_subdag_operator.section-2', 'example_subdag_operator' retrieved from /home/airflow/.local/lib/python3.12/site-packages/airflow/example_dags/example_subdag_operator.py
[2026-05-08T21:06:02.040+0000] {logging_mixin.py:190} INFO - [2026-05-08T21:06:02.039+0000] {dag.py:3239} INFO - Sync 3 DAGs
[2026-05-08T21:06:02.059+0000] {logging_mixin.py:190} INFO - [2026-05-08T21:06:02.058+0000] {dag.py:4180} INFO - Setting next_dagrun for example_subdag_operator to 2022-01-01 00:00:00+00:00, run_after=2022-01-01 00:00:00+00:00
[2026-05-08T21:06:02.061+0000] {logging_mixin.py:190} INFO - [2026-05-08T21:06:02.061+0000] {dag.py:4180} INFO - Setting next_dagrun for example_subdag_operator.section-1 to None, run_after=None
[2026-05-08T21:06:02.062+0000] {logging_mixin.py:190} INFO - [2026-05-08T21:06:02.062+0000] {dag.py:4180} INFO - Setting next_dagrun for example_subdag_operator.section-2 to None, run_after=None
[2026-05-08T21:06:02.068+0000] {logging_mixin.py:190} INFO - [2026-05-08T21:06:02.068+0000] {dag.py:3239} INFO - Sync 2 DAGs
[2026-05-08T21:06:02.072+0000] {logging_mixin.py:190} INFO - [2026-05-08T21:06:02.072+0000] {dag.py:4180} INFO - Setting next_dagrun for example_subdag_operator.section-1 to None, run_after=None
[2026-05-08T21:06:02.072+0000] {logging_mixin.py:190} INFO - [2026-05-08T21:06:02.072+0000] {dag.py:4180} INFO - Setting next_dagrun for example_subdag_operator.section-2 to None, run_after=None
[2026-05-08T21:06:02.081+0000] {processor.py:208} INFO - Processing /home/airflow/.local/lib/python3.12/site-packages/airflow/example_dags/example_subdag_operator.py took 0.089 seconds
[2026-05-08T21:06:32.307+0000] {processor.py:186} INFO - Started process (PID=4450) to work on /home/airflow/.local/lib/python3.12/site-packages/airflow/example_dags/example_subdag_operator.py
[2026-05-08T21:06:32.308+0000] {processor.py:914} INFO - Processing file /home/airflow/.local/lib/python3.12/site-packages/airflow/example_dags/example_subdag_operator.py for tasks to queue
[2026-05-08T21:06:32.310+0000] {logging_mixin.py:190} INFO - [2026-05-08T21:06:32.309+0000] {dagbag.py:588} INFO - Filling up the DagBag from /home/airflow/.local/lib/python3.12/site-packages/airflow/example_dags/example_subdag_operator.py
[2026-05-08T21:06:32.329+0000] {processor.py:925} INFO - DAG(s) 'example_subdag_operator.section-1', 'example_subdag_operator.section-2', 'example_subdag_operator' retrieved from /home/airflow/.local/lib/python3.12/site-packages/airflow/example_dags/example_subdag_operator.py
[2026-05-08T21:06:32.340+0000] {logging_mixin.py:190} INFO - [2026-05-08T21:06:32.340+0000] {dag.py:3239} INFO - Sync 3 DAGs
[2026-05-08T21:06:32.358+0000] {logging_mixin.py:190} INFO - [2026-05-08T21:06:32.358+0000] {dag.py:4180} INFO - Setting next_dagrun for example_subdag_operator to 2022-01-01 00:00:00+00:00, run_after=2022-01-01 00:00:00+00:00
[2026-05-08T21:06:32.361+0000] {logging_mixin.py:190} INFO - [2026-05-08T21:06:32.360+0000] {dag.py:4180} INFO - Setting next_dagrun for example_subdag_operator.section-1 to None, run_after=None
[2026-05-08T21:06:32.361+0000] {logging_mixin.py:190} INFO - [2026-05-08T21:06:32.361+0000] {dag.py:4180} INFO - Setting next_dagrun for example_subdag_operator.section-2 to None, run_after=None
[2026-05-08T21:06:32.367+0000] {logging_mixin.py:190} INFO - [2026-05-08T21:06:32.366+0000] {dag.py:3239} INFO - Sync 2 DAGs
[2026-05-08T21:06:32.370+0000] {logging_mixin.py:190} INFO - [2026-05-08T21:06:32.370+0000] {dag.py:4180} INFO - Setting next_dagrun for example_subdag_operator.section-1 to None, run_after=None
[2026-05-08T21:06:32.371+0000] {logging_mixin.py:190} INFO - [2026-05-08T21:06:32.371+0000] {dag.py:4180} INFO - Setting next_dagrun for example_subdag_operator.section-2 to None, run_after=None
[2026-05-08T21:06:32.380+0000] {processor.py:208} INFO - Processing /home/airflow/.local/lib/python3.12/site-packages/airflow/example_dags/example_subdag_operator.py took 0.077 seconds
[2026-05-08T21:07:02.933+0000] {processor.py:186} INFO - Started process (PID=4512) to work on /home/airflow/.local/lib/python3.12/site-packages/airflow/example_dags/example_subdag_operator.py
[2026-05-08T21:07:02.933+0000] {processor.py:914} INFO - Processing file /home/airflow/.local/lib/python3.12/site-packages/airflow/example_dags/example_subdag_operator.py for tasks to queue
[2026-05-08T21:07:02.935+0000] {logging_mixin.py:190} INFO - [2026-05-08T21:07:02.935+0000] {dagbag.py:588} INFO - Filling up the DagBag from /home/airflow/.local/lib/python3.12/site-packages/airflow/example_dags/example_subdag_operator.py
[2026-05-08T21:07:02.956+0000] {processor.py:925} INFO - DAG(s) 'example_subdag_operator.section-1', 'example_subdag_operator.section-2', 'example_subdag_operator' retrieved from /home/airflow/.local/lib/python3.12/site-packages/airflow/example_dags/example_subdag_operator.py
[2026-05-08T21:07:02.969+0000] {logging_mixin.py:190} INFO - [2026-05-08T21:07:02.968+0000] {dag.py:3239} INFO - Sync 3 DAGs
[2026-05-08T21:07:02.987+0000] {logging_mixin.py:190} INFO - [2026-05-08T21:07:02.987+0000] {dag.py:4180} INFO - Setting next_dagrun for example_subdag_operator to 2022-01-01 00:00:00+00:00, run_after=2022-01-01 00:00:00+00:00
[2026-05-08T21:07:02.990+0000] {logging_mixin.py:190} INFO - [2026-05-08T21:07:02.989+0000] {dag.py:4180} INFO - Setting next_dagrun for example_subdag_operator.section-1 to None, run_after=None
[2026-05-08T21:07:02.991+0000] {logging_mixin.py:190} INFO - [2026-05-08T21:07:02.990+0000] {dag.py:4180} INFO - Setting next_dagrun for example_subdag_operator.section-2 to None, run_after=None
[2026-05-08T21:07:02.996+0000] {logging_mixin.py:190} INFO - [2026-05-08T21:07:02.996+0000] {dag.py:3239} INFO - Sync 2 DAGs
[2026-05-08T21:07:03.000+0000] {logging_mixin.py:190} INFO - [2026-05-08T21:07:03.000+0000] {dag.py:4180} INFO - Setting next_dagrun for example_subdag_operator.section-1 to None, run_after=None
[2026-05-08T21:07:03.000+0000] {logging_mixin.py:190} INFO - [2026-05-08T21:07:03.000+0000] {dag.py:4180} INFO - Setting next_dagrun for example_subdag_operator.section-2 to None, run_after=None
[2026-05-08T21:07:03.008+0000] {processor.py:208} INFO - Processing /home/airflow/.local/lib/python3.12/site-packages/airflow/example_dags/example_subdag_operator.py took 0.080 seconds
[2026-05-08T21:07:33.770+0000] {processor.py:186} INFO - Started process (PID=4576) to work on /home/airflow/.local/lib/python3.12/site-packages/airflow/example_dags/example_subdag_operator.py
[2026-05-08T21:07:33.774+0000] {processor.py:914} INFO - Processing file /home/airflow/.local/lib/python3.12/site-packages/airflow/example_dags/example_subdag_operator.py for tasks to queue
[2026-05-08T21:07:33.779+0000] {logging_mixin.py:190} INFO - [2026-05-08T21:07:33.778+0000] {dagbag.py:588} INFO - Filling up the DagBag from /home/airflow/.local/lib/python3.12/site-packages/airflow/example_dags/example_subdag_operator.py
[2026-05-08T21:07:33.812+0000] {processor.py:925} INFO - DAG(s) 'example_subdag_operator.section-1', 'example_subdag_operator.section-2', 'example_subdag_operator' retrieved from /home/airflow/.local/lib/python3.12/site-packages/airflow/example_dags/example_subdag_operator.py
[2026-05-08T21:07:33.830+0000] {logging_mixin.py:190} INFO - [2026-05-08T21:07:33.830+0000] {dag.py:3239} INFO - Sync 3 DAGs
[2026-05-08T21:07:33.858+0000] {logging_mixin.py:190} INFO - [2026-05-08T21:07:33.858+0000] {dag.py:4180} INFO - Setting next_dagrun for example_subdag_operator to 2022-01-01 00:00:00+00:00, run_after=2022-01-01 00:00:00+00:00
[2026-05-08T21:07:33.861+0000] {logging_mixin.py:190} INFO - [2026-05-08T21:07:33.861+0000] {dag.py:4180} INFO - Setting next_dagrun for example_subdag_operator.section-1 to None, run_after=None
[2026-05-08T21:07:33.862+0000] {logging_mixin.py:190} INFO - [2026-05-08T21:07:33.862+0000] {dag.py:4180} INFO - Setting next_dagrun for example_subdag_operator.section-2 to None, run_after=None
[2026-05-08T21:07:33.868+0000] {logging_mixin.py:190} INFO - [2026-05-08T21:07:33.868+0000] {dag.py:3239} INFO - Sync 2 DAGs
[2026-05-08T21:07:33.873+0000] {logging_mixin.py:190} INFO - [2026-05-08T21:07:33.873+0000] {dag.py:4180} INFO - Setting next_dagrun for example_subdag_operator.section-1 to None, run_after=None
[2026-05-08T21:07:33.874+0000] {logging_mixin.py:190} INFO - [2026-05-08T21:07:33.873+0000] {dag.py:4180} INFO - Setting next_dagrun for example_subdag_operator.section-2 to None, run_after=None
[2026-05-08T21:07:33.882+0000] {processor.py:208} INFO - Processing /home/airflow/.local/lib/python3.12/site-packages/airflow/example_dags/example_subdag_operator.py took 0.118 seconds
[2026-05-08T21:08:04.772+0000] {processor.py:186} INFO - Started process (PID=4646) to work on /home/airflow/.local/lib/python3.12/site-packages/airflow/example_dags/example_subdag_operator.py
[2026-05-08T21:08:04.773+0000] {processor.py:914} INFO - Processing file /home/airflow/.local/lib/python3.12/site-packages/airflow/example_dags/example_subdag_operator.py for tasks to queue
[2026-05-08T21:08:04.774+0000] {logging_mixin.py:190} INFO - [2026-05-08T21:08:04.774+0000] {dagbag.py:588} INFO - Filling up the DagBag from /home/airflow/.local/lib/python3.12/site-packages/airflow/example_dags/example_subdag_operator.py
[2026-05-08T21:08:04.796+0000] {processor.py:925} INFO - DAG(s) 'example_subdag_operator.section-1', 'example_subdag_operator.section-2', 'example_subdag_operator' retrieved from /home/airflow/.local/lib/python3.12/site-packages/airflow/example_dags/example_subdag_operator.py
[2026-05-08T21:08:04.808+0000] {logging_mixin.py:190} INFO - [2026-05-08T21:08:04.808+0000] {dag.py:3239} INFO - Sync 3 DAGs
[2026-05-08T21:08:04.829+0000] {logging_mixin.py:190} INFO - [2026-05-08T21:08:04.829+0000] {dag.py:4180} INFO - Setting next_dagrun for example_subdag_operator to 2022-01-01 00:00:00+00:00, run_after=2022-01-01 00:00:00+00:00
[2026-05-08T21:08:04.833+0000] {logging_mixin.py:190} INFO - [2026-05-08T21:08:04.833+0000] {dag.py:4180} INFO - Setting next_dagrun for example_subdag_operator.section-1 to None, run_after=None
[2026-05-08T21:08:04.834+0000] {logging_mixin.py:190} INFO - [2026-05-08T21:08:04.834+0000] {dag.py:4180} INFO - Setting next_dagrun for example_subdag_operator.section-2 to None, run_after=None
[2026-05-08T21:08:04.841+0000] {logging_mixin.py:190} INFO - [2026-05-08T21:08:04.841+0000] {dag.py:3239} INFO - Sync 2 DAGs
[2026-05-08T21:08:04.846+0000] {logging_mixin.py:190} INFO - [2026-05-08T21:08:04.846+0000] {dag.py:4180} INFO - Setting next_dagrun for example_subdag_operator.section-1 to None, run_after=None
[2026-05-08T21:08:04.846+0000] {logging_mixin.py:190} INFO - [2026-05-08T21:08:04.846+0000] {dag.py:4180} INFO - Setting next_dagrun for example_subdag_operator.section-2 to None, run_after=None
[2026-05-08T21:08:04.856+0000] {processor.py:208} INFO - Processing /home/airflow/.local/lib/python3.12/site-packages/airflow/example_dags/example_subdag_operator.py took 0.088 seconds
[2026-05-08T21:08:35.048+0000] {processor.py:186} INFO - Started process (PID=4710) to work on /home/airflow/.local/lib/python3.12/site-packages/airflow/example_dags/example_subdag_operator.py
[2026-05-08T21:08:35.048+0000] {processor.py:914} INFO - Processing file /home/airflow/.local/lib/python3.12/site-packages/airflow/example_dags/example_subdag_operator.py for tasks to queue
[2026-05-08T21:08:35.051+0000] {logging_mixin.py:190} INFO - [2026-05-08T21:08:35.050+0000] {dagbag.py:588} INFO - Filling up the DagBag from /home/airflow/.local/lib/python3.12/site-packages/airflow/example_dags/example_subdag_operator.py
[2026-05-08T21:08:35.079+0000] {processor.py:925} INFO - DAG(s) 'example_subdag_operator.section-1', 'example_subdag_operator.section-2', 'example_subdag_operator' retrieved from /home/airflow/.local/lib/python3.12/site-packages/airflow/example_dags/example_subdag_operator.py
[2026-05-08T21:08:35.096+0000] {logging_mixin.py:190} INFO - [2026-05-08T21:08:35.096+0000] {dag.py:3239} INFO - Sync 3 DAGs
[2026-05-08T21:08:35.123+0000] {logging_mixin.py:190} INFO - [2026-05-08T21:08:35.123+0000] {dag.py:4180} INFO - Setting next_dagrun for example_subdag_operator to 2022-01-01 00:00:00+00:00, run_after=2022-01-01 00:00:00+00:00
[2026-05-08T21:08:35.127+0000] {logging_mixin.py:190} INFO - [2026-05-08T21:08:35.127+0000] {dag.py:4180} INFO - Setting next_dagrun for example_subdag_operator.section-1 to None, run_after=None
[2026-05-08T21:08:35.128+0000] {logging_mixin.py:190} INFO - [2026-05-08T21:08:35.128+0000] {dag.py:4180} INFO - Setting next_dagrun for example_subdag_operator.section-2 to None, run_after=None
[2026-05-08T21:08:35.135+0000] {logging_mixin.py:190} INFO - [2026-05-08T21:08:35.135+0000] {dag.py:3239} INFO - Sync 2 DAGs
[2026-05-08T21:08:35.141+0000] {logging_mixin.py:190} INFO - [2026-05-08T21:08:35.141+0000] {dag.py:4180} INFO - Setting next_dagrun for example_subdag_operator.section-1 to None, run_after=None
[2026-05-08T21:08:35.142+0000] {logging_mixin.py:190} INFO - [2026-05-08T21:08:35.141+0000] {dag.py:4180} INFO - Setting next_dagrun for example_subdag_operator.section-2 to None, run_after=None
[2026-05-08T21:08:35.151+0000] {processor.py:208} INFO - Processing /home/airflow/.local/lib/python3.12/site-packages/airflow/example_dags/example_subdag_operator.py took 0.111 seconds
[2026-05-08T21:09:05.420+0000] {processor.py:186} INFO - Started process (PID=4773) to work on /home/airflow/.local/lib/python3.12/site-packages/airflow/example_dags/example_subdag_operator.py
[2026-05-08T21:09:05.421+0000] {processor.py:914} INFO - Processing file /home/airflow/.local/lib/python3.12/site-packages/airflow/example_dags/example_subdag_operator.py for tasks to queue
[2026-05-08T21:09:05.422+0000] {logging_mixin.py:190} INFO - [2026-05-08T21:09:05.422+0000] {dagbag.py:588} INFO - Filling up the DagBag from /home/airflow/.local/lib/python3.12/site-packages/airflow/example_dags/example_subdag_operator.py
[2026-05-08T21:09:05.444+0000] {processor.py:925} INFO - DAG(s) 'example_subdag_operator.section-1', 'example_subdag_operator.section-2', 'example_subdag_operator' retrieved from /home/airflow/.local/lib/python3.12/site-packages/airflow/example_dags/example_subdag_operator.py
[2026-05-08T21:09:05.455+0000] {logging_mixin.py:190} INFO - [2026-05-08T21:09:05.455+0000] {dag.py:3239} INFO - Sync 3 DAGs
[2026-05-08T21:09:05.476+0000] {logging_mixin.py:190} INFO - [2026-05-08T21:09:05.476+0000] {dag.py:4180} INFO - Setting next_dagrun for example_subdag_operator to 2022-01-01 00:00:00+00:00, run_after=2022-01-01 00:00:00+00:00
[2026-05-08T21:09:05.479+0000] {logging_mixin.py:190} INFO - [2026-05-08T21:09:05.479+0000] {dag.py:4180} INFO - Setting next_dagrun for example_subdag_operator.section-1 to None, run_after=None
[2026-05-08T21:09:05.480+0000] {logging_mixin.py:190} INFO - [2026-05-08T21:09:05.480+0000] {dag.py:4180} INFO - Setting next_dagrun for example_subdag_operator.section-2 to None, run_after=None
[2026-05-08T21:09:05.486+0000] {logging_mixin.py:190} INFO - [2026-05-08T21:09:05.486+0000] {dag.py:3239} INFO - Sync 2 DAGs
[2026-05-08T21:09:05.491+0000] {logging_mixin.py:190} INFO - [2026-05-08T21:09:05.491+0000] {dag.py:4180} INFO - Setting next_dagrun for example_subdag_operator.section-1 to None, run_after=None
[2026-05-08T21:09:05.491+0000] {logging_mixin.py:190} INFO - [2026-05-08T21:09:05.491+0000] {dag.py:4180} INFO - Setting next_dagrun for example_subdag_operator.section-2 to None, run_after=None
[2026-05-08T21:09:05.499+0000] {processor.py:208} INFO - Processing /home/airflow/.local/lib/python3.12/site-packages/airflow/example_dags/example_subdag_operator.py took 0.083 seconds
[2026-05-08T21:09:35.987+0000] {processor.py:186} INFO - Started process (PID=4837) to work on /home/airflow/.local/lib/python3.12/site-packages/airflow/example_dags/example_subdag_operator.py
[2026-05-08T21:09:35.988+0000] {processor.py:914} INFO - Processing file /home/airflow/.local/lib/python3.12/site-packages/airflow/example_dags/example_subdag_operator.py for tasks to queue
[2026-05-08T21:09:35.989+0000] {logging_mixin.py:190} INFO - [2026-05-08T21:09:35.989+0000] {dagbag.py:588} INFO - Filling up the DagBag from /home/airflow/.local/lib/python3.12/site-packages/airflow/example_dags/example_subdag_operator.py
[2026-05-08T21:09:36.013+0000] {processor.py:925} INFO - DAG(s) 'example_subdag_operator.section-1', 'example_subdag_operator.section-2', 'example_subdag_operator' retrieved from /home/airflow/.local/lib/python3.12/site-packages/airflow/example_dags/example_subdag_operator.py
[2026-05-08T21:09:36.027+0000] {logging_mixin.py:190} INFO - [2026-05-08T21:09:36.027+0000] {dag.py:3239} INFO - Sync 3 DAGs
[2026-05-08T21:09:36.045+0000] {logging_mixin.py:190} INFO - [2026-05-08T21:09:36.045+0000] {dag.py:4180} INFO - Setting next_dagrun for example_subdag_operator to 2022-01-01 00:00:00+00:00, run_after=2022-01-01 00:00:00+00:00
[2026-05-08T21:09:36.048+0000] {logging_mixin.py:190} INFO - [2026-05-08T21:09:36.047+0000] {dag.py:4180} INFO - Setting next_dagrun for example_subdag_operator.section-1 to None, run_after=None
[2026-05-08T21:09:36.048+0000] {logging_mixin.py:190} INFO - [2026-05-08T21:09:36.048+0000] {dag.py:4180} INFO - Setting next_dagrun for example_subdag_operator.section-2 to None, run_after=None
[2026-05-08T21:09:36.054+0000] {logging_mixin.py:190} INFO - [2026-05-08T21:09:36.054+0000] {dag.py:3239} INFO - Sync 2 DAGs
[2026-05-08T21:09:36.058+0000] {logging_mixin.py:190} INFO - [2026-05-08T21:09:36.058+0000] {dag.py:4180} INFO - Setting next_dagrun for example_subdag_operator.section-1 to None, run_after=None
[2026-05-08T21:09:36.058+0000] {logging_mixin.py:190} INFO - [2026-05-08T21:09:36.058+0000] {dag.py:4180} INFO - Setting next_dagrun for example_subdag_operator.section-2 to None, run_after=None
[2026-05-08T21:09:36.068+0000] {processor.py:208} INFO - Processing /home/airflow/.local/lib/python3.12/site-packages/airflow/example_dags/example_subdag_operator.py took 0.086 seconds
[2026-05-08T21:10:07.018+0000] {processor.py:186} INFO - Started process (PID=4901) to work on /home/airflow/.local/lib/python3.12/site-packages/airflow/example_dags/example_subdag_operator.py
[2026-05-08T21:10:07.019+0000] {processor.py:914} INFO - Processing file /home/airflow/.local/lib/python3.12/site-packages/airflow/example_dags/example_subdag_operator.py for tasks to queue
[2026-05-08T21:10:07.021+0000] {logging_mixin.py:190} INFO - [2026-05-08T21:10:07.020+0000] {dagbag.py:588} INFO - Filling up the DagBag from /home/airflow/.local/lib/python3.12/site-packages/airflow/example_dags/example_subdag_operator.py
[2026-05-08T21:10:07.042+0000] {processor.py:925} INFO - DAG(s) 'example_subdag_operator.section-1', 'example_subdag_operator.section-2', 'example_subdag_operator' retrieved from /home/airflow/.local/lib/python3.12/site-packages/airflow/example_dags/example_subdag_operator.py
[2026-05-08T21:10:07.057+0000] {logging_mixin.py:190} INFO - [2026-05-08T21:10:07.057+0000] {dag.py:3239} INFO - Sync 3 DAGs
[2026-05-08T21:10:07.081+0000] {logging_mixin.py:190} INFO - [2026-05-08T21:10:07.081+0000] {dag.py:4180} INFO - Setting next_dagrun for example_subdag_operator to 2022-01-01 00:00:00+00:00, run_after=2022-01-01 00:00:00+00:00
[2026-05-08T21:10:07.085+0000] {logging_mixin.py:190} INFO - [2026-05-08T21:10:07.084+0000] {dag.py:4180} INFO - Setting next_dagrun for example_subdag_operator.section-1 to None, run_after=None
[2026-05-08T21:10:07.086+0000] {logging_mixin.py:190} INFO - [2026-05-08T21:10:07.086+0000] {dag.py:4180} INFO - Setting next_dagrun for example_subdag_operator.section-2 to None, run_after=None
[2026-05-08T21:10:07.092+0000] {logging_mixin.py:190} INFO - [2026-05-08T21:10:07.092+0000] {dag.py:3239} INFO - Sync 2 DAGs
[2026-05-08T21:10:07.097+0000] {logging_mixin.py:190} INFO - [2026-05-08T21:10:07.096+0000] {dag.py:4180} INFO - Setting next_dagrun for example_subdag_operator.section-1 to None, run_after=None
[2026-05-08T21:10:07.097+0000] {logging_mixin.py:190} INFO - [2026-05-08T21:10:07.097+0000] {dag.py:4180} INFO - Setting next_dagrun for example_subdag_operator.section-2 to None, run_after=None
[2026-05-08T21:10:07.106+0000] {processor.py:208} INFO - Processing /home/airflow/.local/lib/python3.12/site-packages/airflow/example_dags/example_subdag_operator.py took 0.094 seconds
[2026-05-08T21:10:37.538+0000] {processor.py:186} INFO - Started process (PID=4965) to work on /home/airflow/.local/lib/python3.12/site-packages/airflow/example_dags/example_subdag_operator.py
[2026-05-08T21:10:37.538+0000] {processor.py:914} INFO - Processing file /home/airflow/.local/lib/python3.12/site-packages/airflow/example_dags/example_subdag_operator.py for tasks to queue
[2026-05-08T21:10:37.540+0000] {logging_mixin.py:190} INFO - [2026-05-08T21:10:37.540+0000] {dagbag.py:588} INFO - Filling up the DagBag from /home/airflow/.local/lib/python3.12/site-packages/airflow/example_dags/example_subdag_operator.py
[2026-05-08T21:10:37.561+0000] {processor.py:925} INFO - DAG(s) 'example_subdag_operator.section-1', 'example_subdag_operator.section-2', 'example_subdag_operator' retrieved from /home/airflow/.local/lib/python3.12/site-packages/airflow/example_dags/example_subdag_operator.py
[2026-05-08T21:10:37.577+0000] {logging_mixin.py:190} INFO - [2026-05-08T21:10:37.577+0000] {dag.py:3239} INFO - Sync 3 DAGs
[2026-05-08T21:10:37.599+0000] {logging_mixin.py:190} INFO - [2026-05-08T21:10:37.599+0000] {dag.py:4180} INFO - Setting next_dagrun for example_subdag_operator to 2022-01-01 00:00:00+00:00, run_after=2022-01-01 00:00:00+00:00
[2026-05-08T21:10:37.601+0000] {logging_mixin.py:190} INFO - [2026-05-08T21:10:37.601+0000] {dag.py:4180} INFO - Setting next_dagrun for example_subdag_operator.section-1 to None, run_after=None
[2026-05-08T21:10:37.602+0000] {logging_mixin.py:190} INFO - [2026-05-08T21:10:37.602+0000] {dag.py:4180} INFO - Setting next_dagrun for example_subdag_operator.section-2 to None, run_after=None
[2026-05-08T21:10:37.608+0000] {logging_mixin.py:190} INFO - [2026-05-08T21:10:37.608+0000] {dag.py:3239} INFO - Sync 2 DAGs
[2026-05-08T21:10:37.612+0000] {logging_mixin.py:190} INFO - [2026-05-08T21:10:37.612+0000] {dag.py:4180} INFO - Setting next_dagrun for example_subdag_operator.section-1 to None, run_after=None
[2026-05-08T21:10:37.612+0000] {logging_mixin.py:190} INFO - [2026-05-08T21:10:37.612+0000] {dag.py:4180} INFO - Setting next_dagrun for example_subdag_operator.section-2 to None, run_after=None
[2026-05-08T21:10:37.620+0000] {processor.py:208} INFO - Processing /home/airflow/.local/lib/python3.12/site-packages/airflow/example_dags/example_subdag_operator.py took 0.088 seconds
[2026-05-08T21:11:07.874+0000] {processor.py:186} INFO - Started process (PID=5029) to work on /home/airflow/.local/lib/python3.12/site-packages/airflow/example_dags/example_subdag_operator.py
[2026-05-08T21:11:07.875+0000] {processor.py:914} INFO - Processing file /home/airflow/.local/lib/python3.12/site-packages/airflow/example_dags/example_subdag_operator.py for tasks to queue
[2026-05-08T21:11:07.876+0000] {logging_mixin.py:190} INFO - [2026-05-08T21:11:07.876+0000] {dagbag.py:588} INFO - Filling up the DagBag from /home/airflow/.local/lib/python3.12/site-packages/airflow/example_dags/example_subdag_operator.py
[2026-05-08T21:11:07.898+0000] {processor.py:925} INFO - DAG(s) 'example_subdag_operator.section-1', 'example_subdag_operator.section-2', 'example_subdag_operator' retrieved from /home/airflow/.local/lib/python3.12/site-packages/airflow/example_dags/example_subdag_operator.py
[2026-05-08T21:11:07.913+0000] {logging_mixin.py:190} INFO - [2026-05-08T21:11:07.913+0000] {dag.py:3239} INFO - Sync 3 DAGs
[2026-05-08T21:11:07.932+0000] {logging_mixin.py:190} INFO - [2026-05-08T21:11:07.932+0000] {dag.py:4180} INFO - Setting next_dagrun for example_subdag_operator to 2022-01-01 00:00:00+00:00, run_after=2022-01-01 00:00:00+00:00
[2026-05-08T21:11:07.935+0000] {logging_mixin.py:190} INFO - [2026-05-08T21:11:07.935+0000] {dag.py:4180} INFO - Setting next_dagrun for example_subdag_operator.section-1 to None, run_after=None
[2026-05-08T21:11:07.936+0000] {logging_mixin.py:190} INFO - [2026-05-08T21:11:07.936+0000] {dag.py:4180} INFO - Setting next_dagrun for example_subdag_operator.section-2 to None, run_after=None
[2026-05-08T21:11:07.942+0000] {logging_mixin.py:190} INFO - [2026-05-08T21:11:07.942+0000] {dag.py:3239} INFO - Sync 2 DAGs
[2026-05-08T21:11:07.946+0000] {logging_mixin.py:190} INFO - [2026-05-08T21:11:07.946+0000] {dag.py:4180} INFO - Setting next_dagrun for example_subdag_operator.section-1 to None, run_after=None
[2026-05-08T21:11:07.947+0000] {logging_mixin.py:190} INFO - [2026-05-08T21:11:07.947+0000] {dag.py:4180} INFO - Setting next_dagrun for example_subdag_operator.section-2 to None, run_after=None
[2026-05-08T21:11:07.955+0000] {processor.py:208} INFO - Processing /home/airflow/.local/lib/python3.12/site-packages/airflow/example_dags/example_subdag_operator.py took 0.085 seconds
[2026-05-08T21:11:38.694+0000] {processor.py:186} INFO - Started process (PID=5093) to work on /home/airflow/.local/lib/python3.12/site-packages/airflow/example_dags/example_subdag_operator.py
[2026-05-08T21:11:38.694+0000] {processor.py:914} INFO - Processing file /home/airflow/.local/lib/python3.12/site-packages/airflow/example_dags/example_subdag_operator.py for tasks to queue
[2026-05-08T21:11:38.696+0000] {logging_mixin.py:190} INFO - [2026-05-08T21:11:38.696+0000] {dagbag.py:588} INFO - Filling up the DagBag from /home/airflow/.local/lib/python3.12/site-packages/airflow/example_dags/example_subdag_operator.py
[2026-05-08T21:11:38.718+0000] {processor.py:925} INFO - DAG(s) 'example_subdag_operator.section-1', 'example_subdag_operator.section-2', 'example_subdag_operator' retrieved from /home/airflow/.local/lib/python3.12/site-packages/airflow/example_dags/example_subdag_operator.py
[2026-05-08T21:11:38.735+0000] {logging_mixin.py:190} INFO - [2026-05-08T21:11:38.735+0000] {dag.py:3239} INFO - Sync 3 DAGs
[2026-05-08T21:11:38.757+0000] {logging_mixin.py:190} INFO - [2026-05-08T21:11:38.757+0000] {dag.py:4180} INFO - Setting next_dagrun for example_subdag_operator to 2022-01-01 00:00:00+00:00, run_after=2022-01-01 00:00:00+00:00
[2026-05-08T21:11:38.760+0000] {logging_mixin.py:190} INFO - [2026-05-08T21:11:38.760+0000] {dag.py:4180} INFO - Setting next_dagrun for example_subdag_operator.section-1 to None, run_after=None
[2026-05-08T21:11:38.761+0000] {logging_mixin.py:190} INFO - [2026-05-08T21:11:38.761+0000] {dag.py:4180} INFO - Setting next_dagrun for example_subdag_operator.section-2 to None, run_after=None
[2026-05-08T21:11:38.769+0000] {logging_mixin.py:190} INFO - [2026-05-08T21:11:38.769+0000] {dag.py:3239} INFO - Sync 2 DAGs
[2026-05-08T21:11:38.775+0000] {logging_mixin.py:190} INFO - [2026-05-08T21:11:38.775+0000] {dag.py:4180} INFO - Setting next_dagrun for example_subdag_operator.section-1 to None, run_after=None
[2026-05-08T21:11:38.775+0000] {logging_mixin.py:190} INFO - [2026-05-08T21:11:38.775+0000] {dag.py:4180} INFO - Setting next_dagrun for example_subdag_operator.section-2 to None, run_after=None
[2026-05-08T21:11:38.785+0000] {processor.py:208} INFO - Processing /home/airflow/.local/lib/python3.12/site-packages/airflow/example_dags/example_subdag_operator.py took 0.096 seconds
[2026-05-08T21:12:09.536+0000] {processor.py:186} INFO - Started process (PID=5157) to work on /home/airflow/.local/lib/python3.12/site-packages/airflow/example_dags/example_subdag_operator.py
[2026-05-08T21:12:09.537+0000] {processor.py:914} INFO - Processing file /home/airflow/.local/lib/python3.12/site-packages/airflow/example_dags/example_subdag_operator.py for tasks to queue
[2026-05-08T21:12:09.539+0000] {logging_mixin.py:190} INFO - [2026-05-08T21:12:09.538+0000] {dagbag.py:588} INFO - Filling up the DagBag from /home/airflow/.local/lib/python3.12/site-packages/airflow/example_dags/example_subdag_operator.py
[2026-05-08T21:12:09.559+0000] {processor.py:925} INFO - DAG(s) 'example_subdag_operator.section-1', 'example_subdag_operator.section-2', 'example_subdag_operator' retrieved from /home/airflow/.local/lib/python3.12/site-packages/airflow/example_dags/example_subdag_operator.py
[2026-05-08T21:12:09.571+0000] {logging_mixin.py:190} INFO - [2026-05-08T21:12:09.571+0000] {dag.py:3239} INFO - Sync 3 DAGs
[2026-05-08T21:12:09.589+0000] {logging_mixin.py:190} INFO - [2026-05-08T21:12:09.589+0000] {dag.py:4180} INFO - Setting next_dagrun for example_subdag_operator to 2022-01-01 00:00:00+00:00, run_after=2022-01-01 00:00:00+00:00
[2026-05-08T21:12:09.592+0000] {logging_mixin.py:190} INFO - [2026-05-08T21:12:09.592+0000] {dag.py:4180} INFO - Setting next_dagrun for example_subdag_operator.section-1 to None, run_after=None
[2026-05-08T21:12:09.593+0000] {logging_mixin.py:190} INFO - [2026-05-08T21:12:09.593+0000] {dag.py:4180} INFO - Setting next_dagrun for example_subdag_operator.section-2 to None, run_after=None
[2026-05-08T21:12:09.598+0000] {logging_mixin.py:190} INFO - [2026-05-08T21:12:09.598+0000] {dag.py:3239} INFO - Sync 2 DAGs
[2026-05-08T21:12:09.602+0000] {logging_mixin.py:190} INFO - [2026-05-08T21:12:09.602+0000] {dag.py:4180} INFO - Setting next_dagrun for example_subdag_operator.section-1 to None, run_after=None
[2026-05-08T21:12:09.603+0000] {logging_mixin.py:190} INFO - [2026-05-08T21:12:09.602+0000] {dag.py:4180} INFO - Setting next_dagrun for example_subdag_operator.section-2 to None, run_after=None
[2026-05-08T21:12:09.610+0000] {processor.py:208} INFO - Processing /home/airflow/.local/lib/python3.12/site-packages/airflow/example_dags/example_subdag_operator.py took 0.078 seconds
[2026-05-08T21:12:39.842+0000] {processor.py:186} INFO - Started process (PID=5221) to work on /home/airflow/.local/lib/python3.12/site-packages/airflow/example_dags/example_subdag_operator.py
[2026-05-08T21:12:39.843+0000] {processor.py:914} INFO - Processing file /home/airflow/.local/lib/python3.12/site-packages/airflow/example_dags/example_subdag_operator.py for tasks to queue
[2026-05-08T21:12:39.845+0000] {logging_mixin.py:190} INFO - [2026-05-08T21:12:39.845+0000] {dagbag.py:588} INFO - Filling up the DagBag from /home/airflow/.local/lib/python3.12/site-packages/airflow/example_dags/example_subdag_operator.py
[2026-05-08T21:12:39.873+0000] {processor.py:925} INFO - DAG(s) 'example_subdag_operator.section-1', 'example_subdag_operator.section-2', 'example_subdag_operator' retrieved from /home/airflow/.local/lib/python3.12/site-packages/airflow/example_dags/example_subdag_operator.py
[2026-05-08T21:12:39.889+0000] {logging_mixin.py:190} INFO - [2026-05-08T21:12:39.889+0000] {dag.py:3239} INFO - Sync 3 DAGs
[2026-05-08T21:12:39.914+0000] {logging_mixin.py:190} INFO - [2026-05-08T21:12:39.914+0000] {dag.py:4180} INFO - Setting next_dagrun for example_subdag_operator to 2022-01-01 00:00:00+00:00, run_after=2022-01-01 00:00:00+00:00
[2026-05-08T21:12:39.918+0000] {logging_mixin.py:190} INFO - [2026-05-08T21:12:39.917+0000] {dag.py:4180} INFO - Setting next_dagrun for example_subdag_operator.section-1 to None, run_after=None
[2026-05-08T21:12:39.919+0000] {logging_mixin.py:190} INFO - [2026-05-08T21:12:39.919+0000] {dag.py:4180} INFO - Setting next_dagrun for example_subdag_operator.section-2 to None, run_after=None
[2026-05-08T21:12:39.926+0000] {logging_mixin.py:190} INFO - [2026-05-08T21:12:39.926+0000] {dag.py:3239} INFO - Sync 2 DAGs
[2026-05-08T21:12:39.932+0000] {logging_mixin.py:190} INFO - [2026-05-08T21:12:39.931+0000] {dag.py:4180} INFO - Setting next_dagrun for example_subdag_operator.section-1 to None, run_after=None
[2026-05-08T21:12:39.932+0000] {logging_mixin.py:190} INFO - [2026-05-08T21:12:39.932+0000] {dag.py:4180} INFO - Setting next_dagrun for example_subdag_operator.section-2 to None, run_after=None
[2026-05-08T21:12:39.941+0000] {processor.py:208} INFO - Processing /home/airflow/.local/lib/python3.12/site-packages/airflow/example_dags/example_subdag_operator.py took 0.106 seconds
[2026-05-08T21:13:10.870+0000] {processor.py:186} INFO - Started process (PID=5285) to work on /home/airflow/.local/lib/python3.12/site-packages/airflow/example_dags/example_subdag_operator.py
[2026-05-08T21:13:10.871+0000] {processor.py:914} INFO - Processing file /home/airflow/.local/lib/python3.12/site-packages/airflow/example_dags/example_subdag_operator.py for tasks to queue
[2026-05-08T21:13:10.873+0000] {logging_mixin.py:190} INFO - [2026-05-08T21:13:10.873+0000] {dagbag.py:588} INFO - Filling up the DagBag from /home/airflow/.local/lib/python3.12/site-packages/airflow/example_dags/example_subdag_operator.py
[2026-05-08T21:13:10.895+0000] {processor.py:925} INFO - DAG(s) 'example_subdag_operator.section-1', 'example_subdag_operator.section-2', 'example_subdag_operator' retrieved from /home/airflow/.local/lib/python3.12/site-packages/airflow/example_dags/example_subdag_operator.py
[2026-05-08T21:13:10.910+0000] {logging_mixin.py:190} INFO - [2026-05-08T21:13:10.910+0000] {dag.py:3239} INFO - Sync 3 DAGs
[2026-05-08T21:13:10.929+0000] {logging_mixin.py:190} INFO - [2026-05-08T21:13:10.929+0000] {dag.py:4180} INFO - Setting next_dagrun for example_subdag_operator to 2022-01-01 00:00:00+00:00, run_after=2022-01-01 00:00:00+00:00
[2026-05-08T21:13:10.932+0000] {logging_mixin.py:190} INFO - [2026-05-08T21:13:10.931+0000] {dag.py:4180} INFO - Setting next_dagrun for example_subdag_operator.section-1 to None, run_after=None
[2026-05-08T21:13:10.932+0000] {logging_mixin.py:190} INFO - [2026-05-08T21:13:10.932+0000] {dag.py:4180} INFO - Setting next_dagrun for example_subdag_operator.section-2 to None, run_after=None
[2026-05-08T21:13:10.938+0000] {logging_mixin.py:190} INFO - [2026-05-08T21:13:10.938+0000] {dag.py:3239} INFO - Sync 2 DAGs
[2026-05-08T21:13:10.942+0000] {logging_mixin.py:190} INFO - [2026-05-08T21:13:10.942+0000] {dag.py:4180} INFO - Setting next_dagrun for example_subdag_operator.section-1 to None, run_after=None
[2026-05-08T21:13:10.942+0000] {logging_mixin.py:190} INFO - [2026-05-08T21:13:10.942+0000] {dag.py:4180} INFO - Setting next_dagrun for example_subdag_operator.section-2 to None, run_after=None
[2026-05-08T21:13:10.951+0000] {processor.py:208} INFO - Processing /home/airflow/.local/lib/python3.12/site-packages/airflow/example_dags/example_subdag_operator.py took 0.086 seconds
[2026-05-08T21:13:41.878+0000] {processor.py:186} INFO - Started process (PID=5349) to work on /home/airflow/.local/lib/python3.12/site-packages/airflow/example_dags/example_subdag_operator.py
[2026-05-08T21:13:41.879+0000] {processor.py:914} INFO - Processing file /home/airflow/.local/lib/python3.12/site-packages/airflow/example_dags/example_subdag_operator.py for tasks to queue
[2026-05-08T21:13:41.880+0000] {logging_mixin.py:190} INFO - [2026-05-08T21:13:41.880+0000] {dagbag.py:588} INFO - Filling up the DagBag from /home/airflow/.local/lib/python3.12/site-packages/airflow/example_dags/example_subdag_operator.py
[2026-05-08T21:13:41.901+0000] {processor.py:925} INFO - DAG(s) 'example_subdag_operator.section-1', 'example_subdag_operator.section-2', 'example_subdag_operator' retrieved from /home/airflow/.local/lib/python3.12/site-packages/airflow/example_dags/example_subdag_operator.py
[2026-05-08T21:13:41.912+0000] {logging_mixin.py:190} INFO - [2026-05-08T21:13:41.912+0000] {dag.py:3239} INFO - Sync 3 DAGs
[2026-05-08T21:13:41.932+0000] {logging_mixin.py:190} INFO - [2026-05-08T21:13:41.932+0000] {dag.py:4180} INFO - Setting next_dagrun for example_subdag_operator to 2022-01-01 00:00:00+00:00, run_after=2022-01-01 00:00:00+00:00
[2026-05-08T21:13:41.936+0000] {logging_mixin.py:190} INFO - [2026-05-08T21:13:41.936+0000] {dag.py:4180} INFO - Setting next_dagrun for example_subdag_operator.section-1 to None, run_after=None
[2026-05-08T21:13:41.937+0000] {logging_mixin.py:190} INFO - [2026-05-08T21:13:41.937+0000] {dag.py:4180} INFO - Setting next_dagrun for example_subdag_operator.section-2 to None, run_after=None
[2026-05-08T21:13:41.942+0000] {logging_mixin.py:190} INFO - [2026-05-08T21:13:41.942+0000] {dag.py:3239} INFO - Sync 2 DAGs
[2026-05-08T21:13:41.947+0000] {logging_mixin.py:190} INFO - [2026-05-08T21:13:41.947+0000] {dag.py:4180} INFO - Setting next_dagrun for example_subdag_operator.section-1 to None, run_after=None
[2026-05-08T21:13:41.947+0000] {logging_mixin.py:190} INFO - [2026-05-08T21:13:41.947+0000] {dag.py:4180} INFO - Setting next_dagrun for example_subdag_operator.section-2 to None, run_after=None
[2026-05-08T21:13:41.956+0000] {processor.py:208} INFO - Processing /home/airflow/.local/lib/python3.12/site-packages/airflow/example_dags/example_subdag_operator.py took 0.083 seconds
[2026-05-08T21:14:12.587+0000] {processor.py:186} INFO - Started process (PID=5413) to work on /home/airflow/.local/lib/python3.12/site-packages/airflow/example_dags/example_subdag_operator.py
[2026-05-08T21:14:12.588+0000] {processor.py:914} INFO - Processing file /home/airflow/.local/lib/python3.12/site-packages/airflow/example_dags/example_subdag_operator.py for tasks to queue
[2026-05-08T21:14:12.589+0000] {logging_mixin.py:190} INFO - [2026-05-08T21:14:12.589+0000] {dagbag.py:588} INFO - Filling up the DagBag from /home/airflow/.local/lib/python3.12/site-packages/airflow/example_dags/example_subdag_operator.py
[2026-05-08T21:14:12.609+0000] {processor.py:925} INFO - DAG(s) 'example_subdag_operator.section-1', 'example_subdag_operator.section-2', 'example_subdag_operator' retrieved from /home/airflow/.local/lib/python3.12/site-packages/airflow/example_dags/example_subdag_operator.py
[2026-05-08T21:14:12.626+0000] {logging_mixin.py:190} INFO - [2026-05-08T21:14:12.626+0000] {dag.py:3239} INFO - Sync 3 DAGs
[2026-05-08T21:14:12.647+0000] {logging_mixin.py:190} INFO - [2026-05-08T21:14:12.647+0000] {dag.py:4180} INFO - Setting next_dagrun for example_subdag_operator to 2022-01-01 00:00:00+00:00, run_after=2022-01-01 00:00:00+00:00
[2026-05-08T21:14:12.650+0000] {logging_mixin.py:190} INFO - [2026-05-08T21:14:12.649+0000] {dag.py:4180} INFO - Setting next_dagrun for example_subdag_operator.section-1 to None, run_after=None
[2026-05-08T21:14:12.651+0000] {logging_mixin.py:190} INFO - [2026-05-08T21:14:12.650+0000] {dag.py:4180} INFO - Setting next_dagrun for example_subdag_operator.section-2 to None, run_after=None
[2026-05-08T21:14:12.656+0000] {logging_mixin.py:190} INFO - [2026-05-08T21:14:12.656+0000] {dag.py:3239} INFO - Sync 2 DAGs
[2026-05-08T21:14:12.662+0000] {logging_mixin.py:190} INFO - [2026-05-08T21:14:12.661+0000] {dag.py:4180} INFO - Setting next_dagrun for example_subdag_operator.section-1 to None, run_after=None
[2026-05-08T21:14:12.662+0000] {logging_mixin.py:190} INFO - [2026-05-08T21:14:12.662+0000] {dag.py:4180} INFO - Setting next_dagrun for example_subdag_operator.section-2 to None, run_after=None
[2026-05-08T21:14:12.671+0000] {processor.py:208} INFO - Processing /home/airflow/.local/lib/python3.12/site-packages/airflow/example_dags/example_subdag_operator.py took 0.089 seconds
[2026-05-08T21:14:43.087+0000] {processor.py:186} INFO - Started process (PID=5477) to work on /home/airflow/.local/lib/python3.12/site-packages/airflow/example_dags/example_subdag_operator.py
[2026-05-08T21:14:43.088+0000] {processor.py:914} INFO - Processing file /home/airflow/.local/lib/python3.12/site-packages/airflow/example_dags/example_subdag_operator.py for tasks to queue
[2026-05-08T21:14:43.090+0000] {logging_mixin.py:190} INFO - [2026-05-08T21:14:43.089+0000] {dagbag.py:588} INFO - Filling up the DagBag from /home/airflow/.local/lib/python3.12/site-packages/airflow/example_dags/example_subdag_operator.py
[2026-05-08T21:14:43.112+0000] {processor.py:925} INFO - DAG(s) 'example_subdag_operator.section-1', 'example_subdag_operator.section-2', 'example_subdag_operator' retrieved from /home/airflow/.local/lib/python3.12/site-packages/airflow/example_dags/example_subdag_operator.py
[2026-05-08T21:14:43.124+0000] {logging_mixin.py:190} INFO - [2026-05-08T21:14:43.124+0000] {dag.py:3239} INFO - Sync 3 DAGs
[2026-05-08T21:14:43.145+0000] {logging_mixin.py:190} INFO - [2026-05-08T21:14:43.145+0000] {dag.py:4180} INFO - Setting next_dagrun for example_subdag_operator to 2022-01-01 00:00:00+00:00, run_after=2022-01-01 00:00:00+00:00
[2026-05-08T21:14:43.149+0000] {logging_mixin.py:190} INFO - [2026-05-08T21:14:43.149+0000] {dag.py:4180} INFO - Setting next_dagrun for example_subdag_operator.section-1 to None, run_after=None
[2026-05-08T21:14:43.150+0000] {logging_mixin.py:190} INFO - [2026-05-08T21:14:43.150+0000] {dag.py:4180} INFO - Setting next_dagrun for example_subdag_operator.section-2 to None, run_after=None
[2026-05-08T21:14:43.156+0000] {logging_mixin.py:190} INFO - [2026-05-08T21:14:43.156+0000] {dag.py:3239} INFO - Sync 2 DAGs
[2026-05-08T21:14:43.161+0000] {logging_mixin.py:190} INFO - [2026-05-08T21:14:43.161+0000] {dag.py:4180} INFO - Setting next_dagrun for example_subdag_operator.section-1 to None, run_after=None
[2026-05-08T21:14:43.161+0000] {logging_mixin.py:190} INFO - [2026-05-08T21:14:43.161+0000] {dag.py:4180} INFO - Setting next_dagrun for example_subdag_operator.section-2 to None, run_after=None
[2026-05-08T21:14:43.171+0000] {processor.py:208} INFO - Processing /home/airflow/.local/lib/python3.12/site-packages/airflow/example_dags/example_subdag_operator.py took 0.089 seconds
[2026-05-08T21:15:13.448+0000] {processor.py:186} INFO - Started process (PID=5541) to work on /home/airflow/.local/lib/python3.12/site-packages/airflow/example_dags/example_subdag_operator.py
[2026-05-08T21:15:13.448+0000] {processor.py:914} INFO - Processing file /home/airflow/.local/lib/python3.12/site-packages/airflow/example_dags/example_subdag_operator.py for tasks to queue
[2026-05-08T21:15:13.450+0000] {logging_mixin.py:190} INFO - [2026-05-08T21:15:13.450+0000] {dagbag.py:588} INFO - Filling up the DagBag from /home/airflow/.local/lib/python3.12/site-packages/airflow/example_dags/example_subdag_operator.py
[2026-05-08T21:15:13.476+0000] {processor.py:925} INFO - DAG(s) 'example_subdag_operator.section-1', 'example_subdag_operator.section-2', 'example_subdag_operator' retrieved from /home/airflow/.local/lib/python3.12/site-packages/airflow/example_dags/example_subdag_operator.py
[2026-05-08T21:15:13.491+0000] {logging_mixin.py:190} INFO - [2026-05-08T21:15:13.491+0000] {dag.py:3239} INFO - Sync 3 DAGs
[2026-05-08T21:15:13.513+0000] {logging_mixin.py:190} INFO - [2026-05-08T21:15:13.513+0000] {dag.py:4180} INFO - Setting next_dagrun for example_subdag_operator to 2022-01-01 00:00:00+00:00, run_after=2022-01-01 00:00:00+00:00
[2026-05-08T21:15:13.516+0000] {logging_mixin.py:190} INFO - [2026-05-08T21:15:13.516+0000] {dag.py:4180} INFO - Setting next_dagrun for example_subdag_operator.section-1 to None, run_after=None
[2026-05-08T21:15:13.517+0000] {logging_mixin.py:190} INFO - [2026-05-08T21:15:13.517+0000] {dag.py:4180} INFO - Setting next_dagrun for example_subdag_operator.section-2 to None, run_after=None
[2026-05-08T21:15:13.524+0000] {logging_mixin.py:190} INFO - [2026-05-08T21:15:13.524+0000] {dag.py:3239} INFO - Sync 2 DAGs
[2026-05-08T21:15:13.532+0000] {logging_mixin.py:190} INFO - [2026-05-08T21:15:13.531+0000] {dag.py:4180} INFO - Setting next_dagrun for example_subdag_operator.section-1 to None, run_after=None
[2026-05-08T21:15:13.532+0000] {logging_mixin.py:190} INFO - [2026-05-08T21:15:13.532+0000] {dag.py:4180} INFO - Setting next_dagrun for example_subdag_operator.section-2 to None, run_after=None
[2026-05-08T21:15:13.543+0000] {processor.py:208} INFO - Processing /home/airflow/.local/lib/python3.12/site-packages/airflow/example_dags/example_subdag_operator.py took 0.100 seconds
[2026-05-08T21:15:44.590+0000] {processor.py:186} INFO - Started process (PID=5605) to work on /home/airflow/.local/lib/python3.12/site-packages/airflow/example_dags/example_subdag_operator.py
[2026-05-08T21:15:44.591+0000] {processor.py:914} INFO - Processing file /home/airflow/.local/lib/python3.12/site-packages/airflow/example_dags/example_subdag_operator.py for tasks to queue
[2026-05-08T21:15:44.593+0000] {logging_mixin.py:190} INFO - [2026-05-08T21:15:44.593+0000] {dagbag.py:588} INFO - Filling up the DagBag from /home/airflow/.local/lib/python3.12/site-packages/airflow/example_dags/example_subdag_operator.py
[2026-05-08T21:15:44.618+0000] {processor.py:925} INFO - DAG(s) 'example_subdag_operator.section-1', 'example_subdag_operator.section-2', 'example_subdag_operator' retrieved from /home/airflow/.local/lib/python3.12/site-packages/airflow/example_dags/example_subdag_operator.py
[2026-05-08T21:15:44.635+0000] {logging_mixin.py:190} INFO - [2026-05-08T21:15:44.634+0000] {dag.py:3239} INFO - Sync 3 DAGs
[2026-05-08T21:15:44.661+0000] {logging_mixin.py:190} INFO - [2026-05-08T21:15:44.660+0000] {dag.py:4180} INFO - Setting next_dagrun for example_subdag_operator to 2022-01-01 00:00:00+00:00, run_after=2022-01-01 00:00:00+00:00
[2026-05-08T21:15:44.664+0000] {logging_mixin.py:190} INFO - [2026-05-08T21:15:44.664+0000] {dag.py:4180} INFO - Setting next_dagrun for example_subdag_operator.section-1 to None, run_after=None
[2026-05-08T21:15:44.666+0000] {logging_mixin.py:190} INFO - [2026-05-08T21:15:44.665+0000] {dag.py:4180} INFO - Setting next_dagrun for example_subdag_operator.section-2 to None, run_after=None
[2026-05-08T21:15:44.673+0000] {logging_mixin.py:190} INFO - [2026-05-08T21:15:44.673+0000] {dag.py:3239} INFO - Sync 2 DAGs
[2026-05-08T21:15:44.679+0000] {logging_mixin.py:190} INFO - [2026-05-08T21:15:44.679+0000] {dag.py:4180} INFO - Setting next_dagrun for example_subdag_operator.section-1 to None, run_after=None
[2026-05-08T21:15:44.680+0000] {logging_mixin.py:190} INFO - [2026-05-08T21:15:44.680+0000] {dag.py:4180} INFO - Setting next_dagrun for example_subdag_operator.section-2 to None, run_after=None
[2026-05-08T21:15:44.689+0000] {processor.py:208} INFO - Processing /home/airflow/.local/lib/python3.12/site-packages/airflow/example_dags/example_subdag_operator.py took 0.105 seconds
[2026-05-08T21:16:14.801+0000] {processor.py:186} INFO - Started process (PID=5669) to work on /home/airflow/.local/lib/python3.12/site-packages/airflow/example_dags/example_subdag_operator.py
[2026-05-08T21:16:14.802+0000] {processor.py:914} INFO - Processing file /home/airflow/.local/lib/python3.12/site-packages/airflow/example_dags/example_subdag_operator.py for tasks to queue
[2026-05-08T21:16:14.804+0000] {logging_mixin.py:190} INFO - [2026-05-08T21:16:14.804+0000] {dagbag.py:588} INFO - Filling up the DagBag from /home/airflow/.local/lib/python3.12/site-packages/airflow/example_dags/example_subdag_operator.py
[2026-05-08T21:16:14.828+0000] {processor.py:925} INFO - DAG(s) 'example_subdag_operator.section-1', 'example_subdag_operator.section-2', 'example_subdag_operator' retrieved from /home/airflow/.local/lib/python3.12/site-packages/airflow/example_dags/example_subdag_operator.py
[2026-05-08T21:16:14.842+0000] {logging_mixin.py:190} INFO - [2026-05-08T21:16:14.842+0000] {dag.py:3239} INFO - Sync 3 DAGs
[2026-05-08T21:16:14.864+0000] {logging_mixin.py:190} INFO - [2026-05-08T21:16:14.864+0000] {dag.py:4180} INFO - Setting next_dagrun for example_subdag_operator to 2022-01-01 00:00:00+00:00, run_after=2022-01-01 00:00:00+00:00
[2026-05-08T21:16:14.867+0000] {logging_mixin.py:190} INFO - [2026-05-08T21:16:14.867+0000] {dag.py:4180} INFO - Setting next_dagrun for example_subdag_operator.section-1 to None, run_after=None
[2026-05-08T21:16:14.868+0000] {logging_mixin.py:190} INFO - [2026-05-08T21:16:14.868+0000] {dag.py:4180} INFO - Setting next_dagrun for example_subdag_operator.section-2 to None, run_after=None
[2026-05-08T21:16:14.873+0000] {logging_mixin.py:190} INFO - [2026-05-08T21:16:14.873+0000] {dag.py:3239} INFO - Sync 2 DAGs
[2026-05-08T21:16:14.877+0000] {logging_mixin.py:190} INFO - [2026-05-08T21:16:14.877+0000] {dag.py:4180} INFO - Setting next_dagrun for example_subdag_operator.section-1 to None, run_after=None
[2026-05-08T21:16:14.878+0000] {logging_mixin.py:190} INFO - [2026-05-08T21:16:14.878+0000] {dag.py:4180} INFO - Setting next_dagrun for example_subdag_operator.section-2 to None, run_after=None
[2026-05-08T21:16:14.886+0000] {processor.py:208} INFO - Processing /home/airflow/.local/lib/python3.12/site-packages/airflow/example_dags/example_subdag_operator.py took 0.091 seconds
[2026-05-08T21:16:45.031+0000] {processor.py:186} INFO - Started process (PID=5733) to work on /home/airflow/.local/lib/python3.12/site-packages/airflow/example_dags/example_subdag_operator.py
[2026-05-08T21:16:45.032+0000] {processor.py:914} INFO - Processing file /home/airflow/.local/lib/python3.12/site-packages/airflow/example_dags/example_subdag_operator.py for tasks to queue
[2026-05-08T21:16:45.035+0000] {logging_mixin.py:190} INFO - [2026-05-08T21:16:45.034+0000] {dagbag.py:588} INFO - Filling up the DagBag from /home/airflow/.local/lib/python3.12/site-packages/airflow/example_dags/example_subdag_operator.py
[2026-05-08T21:16:45.062+0000] {processor.py:925} INFO - DAG(s) 'example_subdag_operator.section-1', 'example_subdag_operator.section-2', 'example_subdag_operator' retrieved from /home/airflow/.local/lib/python3.12/site-packages/airflow/example_dags/example_subdag_operator.py
[2026-05-08T21:16:45.079+0000] {logging_mixin.py:190} INFO - [2026-05-08T21:16:45.079+0000] {dag.py:3239} INFO - Sync 3 DAGs
[2026-05-08T21:16:45.107+0000] {logging_mixin.py:190} INFO - [2026-05-08T21:16:45.107+0000] {dag.py:4180} INFO - Setting next_dagrun for example_subdag_operator to 2022-01-01 00:00:00+00:00, run_after=2022-01-01 00:00:00+00:00
[2026-05-08T21:16:45.111+0000] {logging_mixin.py:190} INFO - [2026-05-08T21:16:45.110+0000] {dag.py:4180} INFO - Setting next_dagrun for example_subdag_operator.section-1 to None, run_after=None
[2026-05-08T21:16:45.112+0000] {logging_mixin.py:190} INFO - [2026-05-08T21:16:45.112+0000] {dag.py:4180} INFO - Setting next_dagrun for example_subdag_operator.section-2 to None, run_after=None
[2026-05-08T21:16:45.119+0000] {logging_mixin.py:190} INFO - [2026-05-08T21:16:45.119+0000] {dag.py:3239} INFO - Sync 2 DAGs
[2026-05-08T21:16:45.125+0000] {logging_mixin.py:190} INFO - [2026-05-08T21:16:45.125+0000] {dag.py:4180} INFO - Setting next_dagrun for example_subdag_operator.section-1 to None, run_after=None
[2026-05-08T21:16:45.126+0000] {logging_mixin.py:190} INFO - [2026-05-08T21:16:45.126+0000] {dag.py:4180} INFO - Setting next_dagrun for example_subdag_operator.section-2 to None, run_after=None
[2026-05-08T21:16:45.135+0000] {processor.py:208} INFO - Processing /home/airflow/.local/lib/python3.12/site-packages/airflow/example_dags/example_subdag_operator.py took 0.111 seconds
[2026-05-08T21:17:16.146+0000] {processor.py:186} INFO - Started process (PID=5797) to work on /home/airflow/.local/lib/python3.12/site-packages/airflow/example_dags/example_subdag_operator.py
[2026-05-08T21:17:16.147+0000] {processor.py:914} INFO - Processing file /home/airflow/.local/lib/python3.12/site-packages/airflow/example_dags/example_subdag_operator.py for tasks to queue
[2026-05-08T21:17:16.149+0000] {logging_mixin.py:190} INFO - [2026-05-08T21:17:16.149+0000] {dagbag.py:588} INFO - Filling up the DagBag from /home/airflow/.local/lib/python3.12/site-packages/airflow/example_dags/example_subdag_operator.py
[2026-05-08T21:17:16.175+0000] {processor.py:925} INFO - DAG(s) 'example_subdag_operator.section-1', 'example_subdag_operator.section-2', 'example_subdag_operator' retrieved from /home/airflow/.local/lib/python3.12/site-packages/airflow/example_dags/example_subdag_operator.py
[2026-05-08T21:17:16.194+0000] {logging_mixin.py:190} INFO - [2026-05-08T21:17:16.193+0000] {dag.py:3239} INFO - Sync 3 DAGs
[2026-05-08T21:17:16.221+0000] {logging_mixin.py:190} INFO - [2026-05-08T21:17:16.220+0000] {dag.py:4180} INFO - Setting next_dagrun for example_subdag_operator to 2022-01-01 00:00:00+00:00, run_after=2022-01-01 00:00:00+00:00
[2026-05-08T21:17:16.225+0000] {logging_mixin.py:190} INFO - [2026-05-08T21:17:16.225+0000] {dag.py:4180} INFO - Setting next_dagrun for example_subdag_operator.section-1 to None, run_after=None
[2026-05-08T21:17:16.226+0000] {logging_mixin.py:190} INFO - [2026-05-08T21:17:16.226+0000] {dag.py:4180} INFO - Setting next_dagrun for example_subdag_operator.section-2 to None, run_after=None
[2026-05-08T21:17:16.232+0000] {logging_mixin.py:190} INFO - [2026-05-08T21:17:16.232+0000] {dag.py:3239} INFO - Sync 2 DAGs
[2026-05-08T21:17:16.237+0000] {logging_mixin.py:190} INFO - [2026-05-08T21:17:16.237+0000] {dag.py:4180} INFO - Setting next_dagrun for example_subdag_operator.section-1 to None, run_after=None
[2026-05-08T21:17:16.237+0000] {logging_mixin.py:190} INFO - [2026-05-08T21:17:16.237+0000] {dag.py:4180} INFO - Setting next_dagrun for example_subdag_operator.section-2 to None, run_after=None
[2026-05-08T21:17:16.246+0000] {processor.py:208} INFO - Processing /home/airflow/.local/lib/python3.12/site-packages/airflow/example_dags/example_subdag_operator.py took 0.106 seconds
[2026-05-08T21:17:46.362+0000] {processor.py:186} INFO - Started process (PID=5860) to work on /home/airflow/.local/lib/python3.12/site-packages/airflow/example_dags/example_subdag_operator.py
[2026-05-08T21:17:46.363+0000] {processor.py:914} INFO - Processing file /home/airflow/.local/lib/python3.12/site-packages/airflow/example_dags/example_subdag_operator.py for tasks to queue
[2026-05-08T21:17:46.365+0000] {logging_mixin.py:190} INFO - [2026-05-08T21:17:46.364+0000] {dagbag.py:588} INFO - Filling up the DagBag from /home/airflow/.local/lib/python3.12/site-packages/airflow/example_dags/example_subdag_operator.py
[2026-05-08T21:17:46.384+0000] {processor.py:925} INFO - DAG(s) 'example_subdag_operator.section-1', 'example_subdag_operator.section-2', 'example_subdag_operator' retrieved from /home/airflow/.local/lib/python3.12/site-packages/airflow/example_dags/example_subdag_operator.py
[2026-05-08T21:17:46.395+0000] {logging_mixin.py:190} INFO - [2026-05-08T21:17:46.395+0000] {dag.py:3239} INFO - Sync 3 DAGs
[2026-05-08T21:17:46.412+0000] {logging_mixin.py:190} INFO - [2026-05-08T21:17:46.412+0000] {dag.py:4180} INFO - Setting next_dagrun for example_subdag_operator to 2022-01-01 00:00:00+00:00, run_after=2022-01-01 00:00:00+00:00
[2026-05-08T21:17:46.415+0000] {logging_mixin.py:190} INFO - [2026-05-08T21:17:46.415+0000] {dag.py:4180} INFO - Setting next_dagrun for example_subdag_operator.section-1 to None, run_after=None
[2026-05-08T21:17:46.416+0000] {logging_mixin.py:190} INFO - [2026-05-08T21:17:46.416+0000] {dag.py:4180} INFO - Setting next_dagrun for example_subdag_operator.section-2 to None, run_after=None
[2026-05-08T21:17:46.421+0000] {logging_mixin.py:190} INFO - [2026-05-08T21:17:46.421+0000] {dag.py:3239} INFO - Sync 2 DAGs
[2026-05-08T21:17:46.425+0000] {logging_mixin.py:190} INFO - [2026-05-08T21:17:46.425+0000] {dag.py:4180} INFO - Setting next_dagrun for example_subdag_operator.section-1 to None, run_after=None
[2026-05-08T21:17:46.425+0000] {logging_mixin.py:190} INFO - [2026-05-08T21:17:46.425+0000] {dag.py:4180} INFO - Setting next_dagrun for example_subdag_operator.section-2 to None, run_after=None
[2026-05-08T21:17:46.434+0000] {processor.py:208} INFO - Processing /home/airflow/.local/lib/python3.12/site-packages/airflow/example_dags/example_subdag_operator.py took 0.076 seconds
[2026-05-08T21:18:17.141+0000] {processor.py:186} INFO - Started process (PID=5925) to work on /home/airflow/.local/lib/python3.12/site-packages/airflow/example_dags/example_subdag_operator.py
[2026-05-08T21:18:17.142+0000] {processor.py:914} INFO - Processing file /home/airflow/.local/lib/python3.12/site-packages/airflow/example_dags/example_subdag_operator.py for tasks to queue
[2026-05-08T21:18:17.144+0000] {logging_mixin.py:190} INFO - [2026-05-08T21:18:17.144+0000] {dagbag.py:588} INFO - Filling up the DagBag from /home/airflow/.local/lib/python3.12/site-packages/airflow/example_dags/example_subdag_operator.py
[2026-05-08T21:18:17.170+0000] {processor.py:925} INFO - DAG(s) 'example_subdag_operator.section-1', 'example_subdag_operator.section-2', 'example_subdag_operator' retrieved from /home/airflow/.local/lib/python3.12/site-packages/airflow/example_dags/example_subdag_operator.py
[2026-05-08T21:18:17.187+0000] {logging_mixin.py:190} INFO - [2026-05-08T21:18:17.187+0000] {dag.py:3239} INFO - Sync 3 DAGs
[2026-05-08T21:18:17.217+0000] {logging_mixin.py:190} INFO - [2026-05-08T21:18:17.216+0000] {dag.py:4180} INFO - Setting next_dagrun for example_subdag_operator to 2022-01-01 00:00:00+00:00, run_after=2022-01-01 00:00:00+00:00
[2026-05-08T21:18:17.221+0000] {logging_mixin.py:190} INFO - [2026-05-08T21:18:17.221+0000] {dag.py:4180} INFO - Setting next_dagrun for example_subdag_operator.section-1 to None, run_after=None
[2026-05-08T21:18:17.222+0000] {logging_mixin.py:190} INFO - [2026-05-08T21:18:17.222+0000] {dag.py:4180} INFO - Setting next_dagrun for example_subdag_operator.section-2 to None, run_after=None
[2026-05-08T21:18:17.245+0000] {logging_mixin.py:190} INFO - [2026-05-08T21:18:17.245+0000] {dag.py:3239} INFO - Sync 2 DAGs
[2026-05-08T21:18:17.258+0000] {logging_mixin.py:190} INFO - [2026-05-08T21:18:17.257+0000] {dag.py:4180} INFO - Setting next_dagrun for example_subdag_operator.section-1 to None, run_after=None
[2026-05-08T21:18:17.259+0000] {logging_mixin.py:190} INFO - [2026-05-08T21:18:17.258+0000] {dag.py:4180} INFO - Setting next_dagrun for example_subdag_operator.section-2 to None, run_after=None
[2026-05-08T21:18:17.287+0000] {processor.py:208} INFO - Processing /home/airflow/.local/lib/python3.12/site-packages/airflow/example_dags/example_subdag_operator.py took 0.152 seconds
[2026-05-08T21:18:47.375+0000] {processor.py:186} INFO - Started process (PID=5988) to work on /home/airflow/.local/lib/python3.12/site-packages/airflow/example_dags/example_subdag_operator.py
[2026-05-08T21:18:47.376+0000] {processor.py:914} INFO - Processing file /home/airflow/.local/lib/python3.12/site-packages/airflow/example_dags/example_subdag_operator.py for tasks to queue
[2026-05-08T21:18:47.378+0000] {logging_mixin.py:190} INFO - [2026-05-08T21:18:47.378+0000] {dagbag.py:588} INFO - Filling up the DagBag from /home/airflow/.local/lib/python3.12/site-packages/airflow/example_dags/example_subdag_operator.py
[2026-05-08T21:18:47.399+0000] {processor.py:925} INFO - DAG(s) 'example_subdag_operator.section-1', 'example_subdag_operator.section-2', 'example_subdag_operator' retrieved from /home/airflow/.local/lib/python3.12/site-packages/airflow/example_dags/example_subdag_operator.py
[2026-05-08T21:18:47.410+0000] {logging_mixin.py:190} INFO - [2026-05-08T21:18:47.410+0000] {dag.py:3239} INFO - Sync 3 DAGs
[2026-05-08T21:18:47.428+0000] {logging_mixin.py:190} INFO - [2026-05-08T21:18:47.427+0000] {dag.py:4180} INFO - Setting next_dagrun for example_subdag_operator to 2022-01-01 00:00:00+00:00, run_after=2022-01-01 00:00:00+00:00
[2026-05-08T21:18:47.430+0000] {logging_mixin.py:190} INFO - [2026-05-08T21:18:47.430+0000] {dag.py:4180} INFO - Setting next_dagrun for example_subdag_operator.section-1 to None, run_after=None
[2026-05-08T21:18:47.431+0000] {logging_mixin.py:190} INFO - [2026-05-08T21:18:47.431+0000] {dag.py:4180} INFO - Setting next_dagrun for example_subdag_operator.section-2 to None, run_after=None
[2026-05-08T21:18:47.436+0000] {logging_mixin.py:190} INFO - [2026-05-08T21:18:47.436+0000] {dag.py:3239} INFO - Sync 2 DAGs
[2026-05-08T21:18:47.441+0000] {logging_mixin.py:190} INFO - [2026-05-08T21:18:47.441+0000] {dag.py:4180} INFO - Setting next_dagrun for example_subdag_operator.section-1 to None, run_after=None
[2026-05-08T21:18:47.441+0000] {logging_mixin.py:190} INFO - [2026-05-08T21:18:47.441+0000] {dag.py:4180} INFO - Setting next_dagrun for example_subdag_operator.section-2 to None, run_after=None
[2026-05-08T21:18:47.449+0000] {processor.py:208} INFO - Processing /home/airflow/.local/lib/python3.12/site-packages/airflow/example_dags/example_subdag_operator.py took 0.079 seconds
[2026-05-08T21:19:18.101+0000] {processor.py:186} INFO - Started process (PID=6053) to work on /home/airflow/.local/lib/python3.12/site-packages/airflow/example_dags/example_subdag_operator.py
[2026-05-08T21:19:18.102+0000] {processor.py:914} INFO - Processing file /home/airflow/.local/lib/python3.12/site-packages/airflow/example_dags/example_subdag_operator.py for tasks to queue
[2026-05-08T21:19:18.104+0000] {logging_mixin.py:190} INFO - [2026-05-08T21:19:18.104+0000] {dagbag.py:588} INFO - Filling up the DagBag from /home/airflow/.local/lib/python3.12/site-packages/airflow/example_dags/example_subdag_operator.py
[2026-05-08T21:19:18.134+0000] {processor.py:925} INFO - DAG(s) 'example_subdag_operator.section-1', 'example_subdag_operator.section-2', 'example_subdag_operator' retrieved from /home/airflow/.local/lib/python3.12/site-packages/airflow/example_dags/example_subdag_operator.py
[2026-05-08T21:19:18.153+0000] {logging_mixin.py:190} INFO - [2026-05-08T21:19:18.153+0000] {dag.py:3239} INFO - Sync 3 DAGs
[2026-05-08T21:19:18.181+0000] {logging_mixin.py:190} INFO - [2026-05-08T21:19:18.181+0000] {dag.py:4180} INFO - Setting next_dagrun for example_subdag_operator to 2022-01-01 00:00:00+00:00, run_after=2022-01-01 00:00:00+00:00
[2026-05-08T21:19:18.185+0000] {logging_mixin.py:190} INFO - [2026-05-08T21:19:18.185+0000] {dag.py:4180} INFO - Setting next_dagrun for example_subdag_operator.section-1 to None, run_after=None
[2026-05-08T21:19:18.186+0000] {logging_mixin.py:190} INFO - [2026-05-08T21:19:18.186+0000] {dag.py:4180} INFO - Setting next_dagrun for example_subdag_operator.section-2 to None, run_after=None
[2026-05-08T21:19:18.194+0000] {logging_mixin.py:190} INFO - [2026-05-08T21:19:18.193+0000] {dag.py:3239} INFO - Sync 2 DAGs
[2026-05-08T21:19:18.200+0000] {logging_mixin.py:190} INFO - [2026-05-08T21:19:18.199+0000] {dag.py:4180} INFO - Setting next_dagrun for example_subdag_operator.section-1 to None, run_after=None
[2026-05-08T21:19:18.200+0000] {logging_mixin.py:190} INFO - [2026-05-08T21:19:18.200+0000] {dag.py:4180} INFO - Setting next_dagrun for example_subdag_operator.section-2 to None, run_after=None
[2026-05-08T21:19:18.208+0000] {processor.py:208} INFO - Processing /home/airflow/.local/lib/python3.12/site-packages/airflow/example_dags/example_subdag_operator.py took 0.126 seconds
[2026-05-08T21:19:48.304+0000] {processor.py:186} INFO - Started process (PID=6116) to work on /home/airflow/.local/lib/python3.12/site-packages/airflow/example_dags/example_subdag_operator.py
[2026-05-08T21:19:48.305+0000] {processor.py:914} INFO - Processing file /home/airflow/.local/lib/python3.12/site-packages/airflow/example_dags/example_subdag_operator.py for tasks to queue
[2026-05-08T21:19:48.306+0000] {logging_mixin.py:190} INFO - [2026-05-08T21:19:48.306+0000] {dagbag.py:588} INFO - Filling up the DagBag from /home/airflow/.local/lib/python3.12/site-packages/airflow/example_dags/example_subdag_operator.py
[2026-05-08T21:19:48.326+0000] {processor.py:925} INFO - DAG(s) 'example_subdag_operator.section-1', 'example_subdag_operator.section-2', 'example_subdag_operator' retrieved from /home/airflow/.local/lib/python3.12/site-packages/airflow/example_dags/example_subdag_operator.py
[2026-05-08T21:19:48.339+0000] {logging_mixin.py:190} INFO - [2026-05-08T21:19:48.338+0000] {dag.py:3239} INFO - Sync 3 DAGs
[2026-05-08T21:19:48.363+0000] {logging_mixin.py:190} INFO - [2026-05-08T21:19:48.363+0000] {dag.py:4180} INFO - Setting next_dagrun for example_subdag_operator to 2022-01-01 00:00:00+00:00, run_after=2022-01-01 00:00:00+00:00
[2026-05-08T21:19:48.368+0000] {logging_mixin.py:190} INFO - [2026-05-08T21:19:48.367+0000] {dag.py:4180} INFO - Setting next_dagrun for example_subdag_operator.section-1 to None, run_after=None
[2026-05-08T21:19:48.369+0000] {logging_mixin.py:190} INFO - [2026-05-08T21:19:48.369+0000] {dag.py:4180} INFO - Setting next_dagrun for example_subdag_operator.section-2 to None, run_after=None
[2026-05-08T21:19:48.377+0000] {logging_mixin.py:190} INFO - [2026-05-08T21:19:48.376+0000] {dag.py:3239} INFO - Sync 2 DAGs
[2026-05-08T21:19:48.383+0000] {logging_mixin.py:190} INFO - [2026-05-08T21:19:48.383+0000] {dag.py:4180} INFO - Setting next_dagrun for example_subdag_operator.section-1 to None, run_after=None
[2026-05-08T21:19:48.383+0000] {logging_mixin.py:190} INFO - [2026-05-08T21:19:48.383+0000] {dag.py:4180} INFO - Setting next_dagrun for example_subdag_operator.section-2 to None, run_after=None
[2026-05-08T21:19:48.393+0000] {processor.py:208} INFO - Processing /home/airflow/.local/lib/python3.12/site-packages/airflow/example_dags/example_subdag_operator.py took 0.094 seconds
[2026-05-08T21:20:18.519+0000] {processor.py:186} INFO - Started process (PID=6180) to work on /home/airflow/.local/lib/python3.12/site-packages/airflow/example_dags/example_subdag_operator.py
[2026-05-08T21:20:18.519+0000] {processor.py:914} INFO - Processing file /home/airflow/.local/lib/python3.12/site-packages/airflow/example_dags/example_subdag_operator.py for tasks to queue
[2026-05-08T21:20:18.521+0000] {logging_mixin.py:190} INFO - [2026-05-08T21:20:18.521+0000] {dagbag.py:588} INFO - Filling up the DagBag from /home/airflow/.local/lib/python3.12/site-packages/airflow/example_dags/example_subdag_operator.py
[2026-05-08T21:20:18.540+0000] {processor.py:925} INFO - DAG(s) 'example_subdag_operator.section-1', 'example_subdag_operator.section-2', 'example_subdag_operator' retrieved from /home/airflow/.local/lib/python3.12/site-packages/airflow/example_dags/example_subdag_operator.py
[2026-05-08T21:20:18.553+0000] {logging_mixin.py:190} INFO - [2026-05-08T21:20:18.553+0000] {dag.py:3239} INFO - Sync 3 DAGs
[2026-05-08T21:20:18.574+0000] {logging_mixin.py:190} INFO - [2026-05-08T21:20:18.574+0000] {dag.py:4180} INFO - Setting next_dagrun for example_subdag_operator to 2022-01-01 00:00:00+00:00, run_after=2022-01-01 00:00:00+00:00
[2026-05-08T21:20:18.577+0000] {logging_mixin.py:190} INFO - [2026-05-08T21:20:18.577+0000] {dag.py:4180} INFO - Setting next_dagrun for example_subdag_operator.section-1 to None, run_after=None
[2026-05-08T21:20:18.578+0000] {logging_mixin.py:190} INFO - [2026-05-08T21:20:18.578+0000] {dag.py:4180} INFO - Setting next_dagrun for example_subdag_operator.section-2 to None, run_after=None
[2026-05-08T21:20:18.583+0000] {logging_mixin.py:190} INFO - [2026-05-08T21:20:18.583+0000] {dag.py:3239} INFO - Sync 2 DAGs
[2026-05-08T21:20:18.587+0000] {logging_mixin.py:190} INFO - [2026-05-08T21:20:18.587+0000] {dag.py:4180} INFO - Setting next_dagrun for example_subdag_operator.section-1 to None, run_after=None
[2026-05-08T21:20:18.587+0000] {logging_mixin.py:190} INFO - [2026-05-08T21:20:18.587+0000] {dag.py:4180} INFO - Setting next_dagrun for example_subdag_operator.section-2 to None, run_after=None
[2026-05-08T21:20:18.594+0000] {processor.py:208} INFO - Processing /home/airflow/.local/lib/python3.12/site-packages/airflow/example_dags/example_subdag_operator.py took 0.080 seconds
[2026-05-08T21:20:48.720+0000] {processor.py:186} INFO - Started process (PID=6244) to work on /home/airflow/.local/lib/python3.12/site-packages/airflow/example_dags/example_subdag_operator.py
[2026-05-08T21:20:48.721+0000] {processor.py:914} INFO - Processing file /home/airflow/.local/lib/python3.12/site-packages/airflow/example_dags/example_subdag_operator.py for tasks to queue
[2026-05-08T21:20:48.723+0000] {logging_mixin.py:190} INFO - [2026-05-08T21:20:48.723+0000] {dagbag.py:588} INFO - Filling up the DagBag from /home/airflow/.local/lib/python3.12/site-packages/airflow/example_dags/example_subdag_operator.py
[2026-05-08T21:20:48.745+0000] {processor.py:925} INFO - DAG(s) 'example_subdag_operator.section-1', 'example_subdag_operator.section-2', 'example_subdag_operator' retrieved from /home/airflow/.local/lib/python3.12/site-packages/airflow/example_dags/example_subdag_operator.py
[2026-05-08T21:20:48.759+0000] {logging_mixin.py:190} INFO - [2026-05-08T21:20:48.758+0000] {dag.py:3239} INFO - Sync 3 DAGs
[2026-05-08T21:20:48.781+0000] {logging_mixin.py:190} INFO - [2026-05-08T21:20:48.781+0000] {dag.py:4180} INFO - Setting next_dagrun for example_subdag_operator to 2022-01-01 00:00:00+00:00, run_after=2022-01-01 00:00:00+00:00
[2026-05-08T21:20:48.784+0000] {logging_mixin.py:190} INFO - [2026-05-08T21:20:48.784+0000] {dag.py:4180} INFO - Setting next_dagrun for example_subdag_operator.section-1 to None, run_after=None
[2026-05-08T21:20:48.785+0000] {logging_mixin.py:190} INFO - [2026-05-08T21:20:48.785+0000] {dag.py:4180} INFO - Setting next_dagrun for example_subdag_operator.section-2 to None, run_after=None
[2026-05-08T21:20:48.791+0000] {logging_mixin.py:190} INFO - [2026-05-08T21:20:48.791+0000] {dag.py:3239} INFO - Sync 2 DAGs
[2026-05-08T21:20:48.796+0000] {logging_mixin.py:190} INFO - [2026-05-08T21:20:48.796+0000] {dag.py:4180} INFO - Setting next_dagrun for example_subdag_operator.section-1 to None, run_after=None
[2026-05-08T21:20:48.796+0000] {logging_mixin.py:190} INFO - [2026-05-08T21:20:48.796+0000] {dag.py:4180} INFO - Setting next_dagrun for example_subdag_operator.section-2 to None, run_after=None
[2026-05-08T21:20:48.805+0000] {processor.py:208} INFO - Processing /home/airflow/.local/lib/python3.12/site-packages/airflow/example_dags/example_subdag_operator.py took 0.089 seconds
[2026-05-08T21:21:19.212+0000] {processor.py:186} INFO - Started process (PID=6308) to work on /home/airflow/.local/lib/python3.12/site-packages/airflow/example_dags/example_subdag_operator.py
[2026-05-08T21:21:19.212+0000] {processor.py:914} INFO - Processing file /home/airflow/.local/lib/python3.12/site-packages/airflow/example_dags/example_subdag_operator.py for tasks to queue
[2026-05-08T21:21:19.214+0000] {logging_mixin.py:190} INFO - [2026-05-08T21:21:19.214+0000] {dagbag.py:588} INFO - Filling up the DagBag from /home/airflow/.local/lib/python3.12/site-packages/airflow/example_dags/example_subdag_operator.py
[2026-05-08T21:21:19.235+0000] {processor.py:925} INFO - DAG(s) 'example_subdag_operator.section-1', 'example_subdag_operator.section-2', 'example_subdag_operator' retrieved from /home/airflow/.local/lib/python3.12/site-packages/airflow/example_dags/example_subdag_operator.py
[2026-05-08T21:21:19.248+0000] {logging_mixin.py:190} INFO - [2026-05-08T21:21:19.248+0000] {dag.py:3239} INFO - Sync 3 DAGs
[2026-05-08T21:21:19.268+0000] {logging_mixin.py:190} INFO - [2026-05-08T21:21:19.268+0000] {dag.py:4180} INFO - Setting next_dagrun for example_subdag_operator to 2022-01-01 00:00:00+00:00, run_after=2022-01-01 00:00:00+00:00
[2026-05-08T21:21:19.271+0000] {logging_mixin.py:190} INFO - [2026-05-08T21:21:19.271+0000] {dag.py:4180} INFO - Setting next_dagrun for example_subdag_operator.section-1 to None, run_after=None
[2026-05-08T21:21:19.272+0000] {logging_mixin.py:190} INFO - [2026-05-08T21:21:19.272+0000] {dag.py:4180} INFO - Setting next_dagrun for example_subdag_operator.section-2 to None, run_after=None
[2026-05-08T21:21:19.278+0000] {logging_mixin.py:190} INFO - [2026-05-08T21:21:19.278+0000] {dag.py:3239} INFO - Sync 2 DAGs
[2026-05-08T21:21:19.283+0000] {logging_mixin.py:190} INFO - [2026-05-08T21:21:19.283+0000] {dag.py:4180} INFO - Setting next_dagrun for example_subdag_operator.section-1 to None, run_after=None
[2026-05-08T21:21:19.284+0000] {logging_mixin.py:190} INFO - [2026-05-08T21:21:19.283+0000] {dag.py:4180} INFO - Setting next_dagrun for example_subdag_operator.section-2 to None, run_after=None
[2026-05-08T21:21:19.293+0000] {processor.py:208} INFO - Processing /home/airflow/.local/lib/python3.12/site-packages/airflow/example_dags/example_subdag_operator.py took 0.086 seconds
[2026-05-08T21:21:49.790+0000] {processor.py:186} INFO - Started process (PID=6372) to work on /home/airflow/.local/lib/python3.12/site-packages/airflow/example_dags/example_subdag_operator.py
[2026-05-08T21:21:49.791+0000] {processor.py:914} INFO - Processing file /home/airflow/.local/lib/python3.12/site-packages/airflow/example_dags/example_subdag_operator.py for tasks to queue
[2026-05-08T21:21:49.793+0000] {logging_mixin.py:190} INFO - [2026-05-08T21:21:49.793+0000] {dagbag.py:588} INFO - Filling up the DagBag from /home/airflow/.local/lib/python3.12/site-packages/airflow/example_dags/example_subdag_operator.py
[2026-05-08T21:21:49.818+0000] {processor.py:925} INFO - DAG(s) 'example_subdag_operator.section-1', 'example_subdag_operator.section-2', 'example_subdag_operator' retrieved from /home/airflow/.local/lib/python3.12/site-packages/airflow/example_dags/example_subdag_operator.py
[2026-05-08T21:21:49.835+0000] {logging_mixin.py:190} INFO - [2026-05-08T21:21:49.835+0000] {dag.py:3239} INFO - Sync 3 DAGs
[2026-05-08T21:21:49.854+0000] {logging_mixin.py:190} INFO - [2026-05-08T21:21:49.854+0000] {dag.py:4180} INFO - Setting next_dagrun for example_subdag_operator to 2022-01-01 00:00:00+00:00, run_after=2022-01-01 00:00:00+00:00
[2026-05-08T21:21:49.858+0000] {logging_mixin.py:190} INFO - [2026-05-08T21:21:49.857+0000] {dag.py:4180} INFO - Setting next_dagrun for example_subdag_operator.section-1 to None, run_after=None
[2026-05-08T21:21:49.859+0000] {logging_mixin.py:190} INFO - [2026-05-08T21:21:49.859+0000] {dag.py:4180} INFO - Setting next_dagrun for example_subdag_operator.section-2 to None, run_after=None
[2026-05-08T21:21:49.866+0000] {logging_mixin.py:190} INFO - [2026-05-08T21:21:49.865+0000] {dag.py:3239} INFO - Sync 2 DAGs
[2026-05-08T21:21:49.871+0000] {logging_mixin.py:190} INFO - [2026-05-08T21:21:49.871+0000] {dag.py:4180} INFO - Setting next_dagrun for example_subdag_operator.section-1 to None, run_after=None
[2026-05-08T21:21:49.871+0000] {logging_mixin.py:190} INFO - [2026-05-08T21:21:49.871+0000] {dag.py:4180} INFO - Setting next_dagrun for example_subdag_operator.section-2 to None, run_after=None
[2026-05-08T21:21:49.879+0000] {processor.py:208} INFO - Processing /home/airflow/.local/lib/python3.12/site-packages/airflow/example_dags/example_subdag_operator.py took 0.095 seconds
[2026-05-08T21:22:20.005+0000] {processor.py:186} INFO - Started process (PID=6436) to work on /home/airflow/.local/lib/python3.12/site-packages/airflow/example_dags/example_subdag_operator.py
[2026-05-08T21:22:20.006+0000] {processor.py:914} INFO - Processing file /home/airflow/.local/lib/python3.12/site-packages/airflow/example_dags/example_subdag_operator.py for tasks to queue
[2026-05-08T21:22:20.008+0000] {logging_mixin.py:190} INFO - [2026-05-08T21:22:20.008+0000] {dagbag.py:588} INFO - Filling up the DagBag from /home/airflow/.local/lib/python3.12/site-packages/airflow/example_dags/example_subdag_operator.py
[2026-05-08T21:22:20.035+0000] {processor.py:925} INFO - DAG(s) 'example_subdag_operator.section-1', 'example_subdag_operator.section-2', 'example_subdag_operator' retrieved from /home/airflow/.local/lib/python3.12/site-packages/airflow/example_dags/example_subdag_operator.py
[2026-05-08T21:22:20.051+0000] {logging_mixin.py:190} INFO - [2026-05-08T21:22:20.051+0000] {dag.py:3239} INFO - Sync 3 DAGs
[2026-05-08T21:22:20.074+0000] {logging_mixin.py:190} INFO - [2026-05-08T21:22:20.073+0000] {dag.py:4180} INFO - Setting next_dagrun for example_subdag_operator to 2022-01-01 00:00:00+00:00, run_after=2022-01-01 00:00:00+00:00
[2026-05-08T21:22:20.077+0000] {logging_mixin.py:190} INFO - [2026-05-08T21:22:20.076+0000] {dag.py:4180} INFO - Setting next_dagrun for example_subdag_operator.section-1 to None, run_after=None
[2026-05-08T21:22:20.078+0000] {logging_mixin.py:190} INFO - [2026-05-08T21:22:20.078+0000] {dag.py:4180} INFO - Setting next_dagrun for example_subdag_operator.section-2 to None, run_after=None
[2026-05-08T21:22:20.084+0000] {logging_mixin.py:190} INFO - [2026-05-08T21:22:20.084+0000] {dag.py:3239} INFO - Sync 2 DAGs
[2026-05-08T21:22:20.089+0000] {logging_mixin.py:190} INFO - [2026-05-08T21:22:20.089+0000] {dag.py:4180} INFO - Setting next_dagrun for example_subdag_operator.section-1 to None, run_after=None
[2026-05-08T21:22:20.090+0000] {logging_mixin.py:190} INFO - [2026-05-08T21:22:20.090+0000] {dag.py:4180} INFO - Setting next_dagrun for example_subdag_operator.section-2 to None, run_after=None
[2026-05-08T21:22:20.098+0000] {processor.py:208} INFO - Processing /home/airflow/.local/lib/python3.12/site-packages/airflow/example_dags/example_subdag_operator.py took 0.099 seconds
[2026-05-08T21:22:50.624+0000] {processor.py:186} INFO - Started process (PID=6500) to work on /home/airflow/.local/lib/python3.12/site-packages/airflow/example_dags/example_subdag_operator.py
[2026-05-08T21:22:50.625+0000] {processor.py:914} INFO - Processing file /home/airflow/.local/lib/python3.12/site-packages/airflow/example_dags/example_subdag_operator.py for tasks to queue
[2026-05-08T21:22:50.627+0000] {logging_mixin.py:190} INFO - [2026-05-08T21:22:50.626+0000] {dagbag.py:588} INFO - Filling up the DagBag from /home/airflow/.local/lib/python3.12/site-packages/airflow/example_dags/example_subdag_operator.py
[2026-05-08T21:22:50.648+0000] {processor.py:925} INFO - DAG(s) 'example_subdag_operator.section-1', 'example_subdag_operator.section-2', 'example_subdag_operator' retrieved from /home/airflow/.local/lib/python3.12/site-packages/airflow/example_dags/example_subdag_operator.py
[2026-05-08T21:22:50.661+0000] {logging_mixin.py:190} INFO - [2026-05-08T21:22:50.661+0000] {dag.py:3239} INFO - Sync 3 DAGs
[2026-05-08T21:22:50.684+0000] {logging_mixin.py:190} INFO - [2026-05-08T21:22:50.684+0000] {dag.py:4180} INFO - Setting next_dagrun for example_subdag_operator to 2022-01-01 00:00:00+00:00, run_after=2022-01-01 00:00:00+00:00
[2026-05-08T21:22:50.687+0000] {logging_mixin.py:190} INFO - [2026-05-08T21:22:50.687+0000] {dag.py:4180} INFO - Setting next_dagrun for example_subdag_operator.section-1 to None, run_after=None
[2026-05-08T21:22:50.688+0000] {logging_mixin.py:190} INFO - [2026-05-08T21:22:50.688+0000] {dag.py:4180} INFO - Setting next_dagrun for example_subdag_operator.section-2 to None, run_after=None
[2026-05-08T21:22:50.694+0000] {logging_mixin.py:190} INFO - [2026-05-08T21:22:50.694+0000] {dag.py:3239} INFO - Sync 2 DAGs
[2026-05-08T21:22:50.699+0000] {logging_mixin.py:190} INFO - [2026-05-08T21:22:50.698+0000] {dag.py:4180} INFO - Setting next_dagrun for example_subdag_operator.section-1 to None, run_after=None
[2026-05-08T21:22:50.699+0000] {logging_mixin.py:190} INFO - [2026-05-08T21:22:50.699+0000] {dag.py:4180} INFO - Setting next_dagrun for example_subdag_operator.section-2 to None, run_after=None
[2026-05-08T21:22:50.708+0000] {processor.py:208} INFO - Processing /home/airflow/.local/lib/python3.12/site-packages/airflow/example_dags/example_subdag_operator.py took 0.089 seconds
[2026-05-08T21:23:21.396+0000] {processor.py:186} INFO - Started process (PID=6564) to work on /home/airflow/.local/lib/python3.12/site-packages/airflow/example_dags/example_subdag_operator.py
[2026-05-08T21:23:21.397+0000] {processor.py:914} INFO - Processing file /home/airflow/.local/lib/python3.12/site-packages/airflow/example_dags/example_subdag_operator.py for tasks to queue
[2026-05-08T21:23:21.399+0000] {logging_mixin.py:190} INFO - [2026-05-08T21:23:21.399+0000] {dagbag.py:588} INFO - Filling up the DagBag from /home/airflow/.local/lib/python3.12/site-packages/airflow/example_dags/example_subdag_operator.py
[2026-05-08T21:23:21.421+0000] {processor.py:925} INFO - DAG(s) 'example_subdag_operator.section-1', 'example_subdag_operator.section-2', 'example_subdag_operator' retrieved from /home/airflow/.local/lib/python3.12/site-packages/airflow/example_dags/example_subdag_operator.py
[2026-05-08T21:23:21.438+0000] {logging_mixin.py:190} INFO - [2026-05-08T21:23:21.438+0000] {dag.py:3239} INFO - Sync 3 DAGs
[2026-05-08T21:23:21.462+0000] {logging_mixin.py:190} INFO - [2026-05-08T21:23:21.462+0000] {dag.py:4180} INFO - Setting next_dagrun for example_subdag_operator to 2022-01-01 00:00:00+00:00, run_after=2022-01-01 00:00:00+00:00
[2026-05-08T21:23:21.465+0000] {logging_mixin.py:190} INFO - [2026-05-08T21:23:21.465+0000] {dag.py:4180} INFO - Setting next_dagrun for example_subdag_operator.section-1 to None, run_after=None
[2026-05-08T21:23:21.466+0000] {logging_mixin.py:190} INFO - [2026-05-08T21:23:21.466+0000] {dag.py:4180} INFO - Setting next_dagrun for example_subdag_operator.section-2 to None, run_after=None
[2026-05-08T21:23:21.472+0000] {logging_mixin.py:190} INFO - [2026-05-08T21:23:21.472+0000] {dag.py:3239} INFO - Sync 2 DAGs
[2026-05-08T21:23:21.478+0000] {logging_mixin.py:190} INFO - [2026-05-08T21:23:21.478+0000] {dag.py:4180} INFO - Setting next_dagrun for example_subdag_operator.section-1 to None, run_after=None
[2026-05-08T21:23:21.479+0000] {logging_mixin.py:190} INFO - [2026-05-08T21:23:21.479+0000] {dag.py:4180} INFO - Setting next_dagrun for example_subdag_operator.section-2 to None, run_after=None
[2026-05-08T21:23:21.487+0000] {processor.py:208} INFO - Processing /home/airflow/.local/lib/python3.12/site-packages/airflow/example_dags/example_subdag_operator.py took 0.098 seconds
[2026-05-08T21:23:51.674+0000] {processor.py:186} INFO - Started process (PID=6628) to work on /home/airflow/.local/lib/python3.12/site-packages/airflow/example_dags/example_subdag_operator.py
[2026-05-08T21:23:51.675+0000] {processor.py:914} INFO - Processing file /home/airflow/.local/lib/python3.12/site-packages/airflow/example_dags/example_subdag_operator.py for tasks to queue
[2026-05-08T21:23:51.677+0000] {logging_mixin.py:190} INFO - [2026-05-08T21:23:51.677+0000] {dagbag.py:588} INFO - Filling up the DagBag from /home/airflow/.local/lib/python3.12/site-packages/airflow/example_dags/example_subdag_operator.py
[2026-05-08T21:23:51.705+0000] {processor.py:925} INFO - DAG(s) 'example_subdag_operator.section-1', 'example_subdag_operator.section-2', 'example_subdag_operator' retrieved from /home/airflow/.local/lib/python3.12/site-packages/airflow/example_dags/example_subdag_operator.py
[2026-05-08T21:23:51.723+0000] {logging_mixin.py:190} INFO - [2026-05-08T21:23:51.722+0000] {dag.py:3239} INFO - Sync 3 DAGs
[2026-05-08T21:23:51.749+0000] {logging_mixin.py:190} INFO - [2026-05-08T21:23:51.749+0000] {dag.py:4180} INFO - Setting next_dagrun for example_subdag_operator to 2022-01-01 00:00:00+00:00, run_after=2022-01-01 00:00:00+00:00
[2026-05-08T21:23:51.753+0000] {logging_mixin.py:190} INFO - [2026-05-08T21:23:51.753+0000] {dag.py:4180} INFO - Setting next_dagrun for example_subdag_operator.section-1 to None, run_after=None
[2026-05-08T21:23:51.755+0000] {logging_mixin.py:190} INFO - [2026-05-08T21:23:51.755+0000] {dag.py:4180} INFO - Setting next_dagrun for example_subdag_operator.section-2 to None, run_after=None
[2026-05-08T21:23:51.762+0000] {logging_mixin.py:190} INFO - [2026-05-08T21:23:51.762+0000] {dag.py:3239} INFO - Sync 2 DAGs
[2026-05-08T21:23:51.768+0000] {logging_mixin.py:190} INFO - [2026-05-08T21:23:51.768+0000] {dag.py:4180} INFO - Setting next_dagrun for example_subdag_operator.section-1 to None, run_after=None
[2026-05-08T21:23:51.769+0000] {logging_mixin.py:190} INFO - [2026-05-08T21:23:51.768+0000] {dag.py:4180} INFO - Setting next_dagrun for example_subdag_operator.section-2 to None, run_after=None
[2026-05-08T21:23:51.778+0000] {processor.py:208} INFO - Processing /home/airflow/.local/lib/python3.12/site-packages/airflow/example_dags/example_subdag_operator.py took 0.109 seconds
[2026-05-08T21:24:21.951+0000] {processor.py:186} INFO - Started process (PID=6692) to work on /home/airflow/.local/lib/python3.12/site-packages/airflow/example_dags/example_subdag_operator.py
[2026-05-08T21:24:21.952+0000] {processor.py:914} INFO - Processing file /home/airflow/.local/lib/python3.12/site-packages/airflow/example_dags/example_subdag_operator.py for tasks to queue
[2026-05-08T21:24:21.953+0000] {logging_mixin.py:190} INFO - [2026-05-08T21:24:21.953+0000] {dagbag.py:588} INFO - Filling up the DagBag from /home/airflow/.local/lib/python3.12/site-packages/airflow/example_dags/example_subdag_operator.py
[2026-05-08T21:24:21.979+0000] {processor.py:925} INFO - DAG(s) 'example_subdag_operator.section-1', 'example_subdag_operator.section-2', 'example_subdag_operator' retrieved from /home/airflow/.local/lib/python3.12/site-packages/airflow/example_dags/example_subdag_operator.py
[2026-05-08T21:24:21.991+0000] {logging_mixin.py:190} INFO - [2026-05-08T21:24:21.991+0000] {dag.py:3239} INFO - Sync 3 DAGs
[2026-05-08T21:24:22.011+0000] {logging_mixin.py:190} INFO - [2026-05-08T21:24:22.011+0000] {dag.py:4180} INFO - Setting next_dagrun for example_subdag_operator to 2022-01-01 00:00:00+00:00, run_after=2022-01-01 00:00:00+00:00
[2026-05-08T21:24:22.014+0000] {logging_mixin.py:190} INFO - [2026-05-08T21:24:22.014+0000] {dag.py:4180} INFO - Setting next_dagrun for example_subdag_operator.section-1 to None, run_after=None
[2026-05-08T21:24:22.015+0000] {logging_mixin.py:190} INFO - [2026-05-08T21:24:22.015+0000] {dag.py:4180} INFO - Setting next_dagrun for example_subdag_operator.section-2 to None, run_after=None
[2026-05-08T21:24:22.021+0000] {logging_mixin.py:190} INFO - [2026-05-08T21:24:22.021+0000] {dag.py:3239} INFO - Sync 2 DAGs
[2026-05-08T21:24:22.026+0000] {logging_mixin.py:190} INFO - [2026-05-08T21:24:22.025+0000] {dag.py:4180} INFO - Setting next_dagrun for example_subdag_operator.section-1 to None, run_after=None
[2026-05-08T21:24:22.026+0000] {logging_mixin.py:190} INFO - [2026-05-08T21:24:22.026+0000] {dag.py:4180} INFO - Setting next_dagrun for example_subdag_operator.section-2 to None, run_after=None
[2026-05-08T21:24:22.034+0000] {processor.py:208} INFO - Processing /home/airflow/.local/lib/python3.12/site-packages/airflow/example_dags/example_subdag_operator.py took 0.088 seconds
[2026-05-08T21:24:52.208+0000] {processor.py:186} INFO - Started process (PID=6756) to work on /home/airflow/.local/lib/python3.12/site-packages/airflow/example_dags/example_subdag_operator.py
[2026-05-08T21:24:52.208+0000] {processor.py:914} INFO - Processing file /home/airflow/.local/lib/python3.12/site-packages/airflow/example_dags/example_subdag_operator.py for tasks to queue
[2026-05-08T21:24:52.210+0000] {logging_mixin.py:190} INFO - [2026-05-08T21:24:52.210+0000] {dagbag.py:588} INFO - Filling up the DagBag from /home/airflow/.local/lib/python3.12/site-packages/airflow/example_dags/example_subdag_operator.py
[2026-05-08T21:24:52.233+0000] {processor.py:925} INFO - DAG(s) 'example_subdag_operator.section-1', 'example_subdag_operator.section-2', 'example_subdag_operator' retrieved from /home/airflow/.local/lib/python3.12/site-packages/airflow/example_dags/example_subdag_operator.py
[2026-05-08T21:24:52.246+0000] {logging_mixin.py:190} INFO - [2026-05-08T21:24:52.245+0000] {dag.py:3239} INFO - Sync 3 DAGs
[2026-05-08T21:24:52.266+0000] {logging_mixin.py:190} INFO - [2026-05-08T21:24:52.266+0000] {dag.py:4180} INFO - Setting next_dagrun for example_subdag_operator to 2022-01-01 00:00:00+00:00, run_after=2022-01-01 00:00:00+00:00
[2026-05-08T21:24:52.270+0000] {logging_mixin.py:190} INFO - [2026-05-08T21:24:52.270+0000] {dag.py:4180} INFO - Setting next_dagrun for example_subdag_operator.section-1 to None, run_after=None
[2026-05-08T21:24:52.271+0000] {logging_mixin.py:190} INFO - [2026-05-08T21:24:52.271+0000] {dag.py:4180} INFO - Setting next_dagrun for example_subdag_operator.section-2 to None, run_after=None
[2026-05-08T21:24:52.277+0000] {logging_mixin.py:190} INFO - [2026-05-08T21:24:52.277+0000] {dag.py:3239} INFO - Sync 2 DAGs
[2026-05-08T21:24:52.282+0000] {logging_mixin.py:190} INFO - [2026-05-08T21:24:52.281+0000] {dag.py:4180} INFO - Setting next_dagrun for example_subdag_operator.section-1 to None, run_after=None
[2026-05-08T21:24:52.282+0000] {logging_mixin.py:190} INFO - [2026-05-08T21:24:52.282+0000] {dag.py:4180} INFO - Setting next_dagrun for example_subdag_operator.section-2 to None, run_after=None
[2026-05-08T21:24:52.290+0000] {processor.py:208} INFO - Processing /home/airflow/.local/lib/python3.12/site-packages/airflow/example_dags/example_subdag_operator.py took 0.087 seconds
[2026-05-08T21:25:22.939+0000] {processor.py:186} INFO - Started process (PID=6820) to work on /home/airflow/.local/lib/python3.12/site-packages/airflow/example_dags/example_subdag_operator.py
[2026-05-08T21:25:22.939+0000] {processor.py:914} INFO - Processing file /home/airflow/.local/lib/python3.12/site-packages/airflow/example_dags/example_subdag_operator.py for tasks to queue
[2026-05-08T21:25:22.941+0000] {logging_mixin.py:190} INFO - [2026-05-08T21:25:22.941+0000] {dagbag.py:588} INFO - Filling up the DagBag from /home/airflow/.local/lib/python3.12/site-packages/airflow/example_dags/example_subdag_operator.py
[2026-05-08T21:25:22.964+0000] {processor.py:925} INFO - DAG(s) 'example_subdag_operator.section-1', 'example_subdag_operator.section-2', 'example_subdag_operator' retrieved from /home/airflow/.local/lib/python3.12/site-packages/airflow/example_dags/example_subdag_operator.py
[2026-05-08T21:25:22.980+0000] {logging_mixin.py:190} INFO - [2026-05-08T21:25:22.980+0000] {dag.py:3239} INFO - Sync 3 DAGs
[2026-05-08T21:25:22.998+0000] {logging_mixin.py:190} INFO - [2026-05-08T21:25:22.998+0000] {dag.py:4180} INFO - Setting next_dagrun for example_subdag_operator to 2022-01-01 00:00:00+00:00, run_after=2022-01-01 00:00:00+00:00
[2026-05-08T21:25:23.001+0000] {logging_mixin.py:190} INFO - [2026-05-08T21:25:23.000+0000] {dag.py:4180} INFO - Setting next_dagrun for example_subdag_operator.section-1 to None, run_after=None
[2026-05-08T21:25:23.002+0000] {logging_mixin.py:190} INFO - [2026-05-08T21:25:23.001+0000] {dag.py:4180} INFO - Setting next_dagrun for example_subdag_operator.section-2 to None, run_after=None
[2026-05-08T21:25:23.008+0000] {logging_mixin.py:190} INFO - [2026-05-08T21:25:23.007+0000] {dag.py:3239} INFO - Sync 2 DAGs
[2026-05-08T21:25:23.013+0000] {logging_mixin.py:190} INFO - [2026-05-08T21:25:23.012+0000] {dag.py:4180} INFO - Setting next_dagrun for example_subdag_operator.section-1 to None, run_after=None
[2026-05-08T21:25:23.013+0000] {logging_mixin.py:190} INFO - [2026-05-08T21:25:23.013+0000] {dag.py:4180} INFO - Setting next_dagrun for example_subdag_operator.section-2 to None, run_after=None
[2026-05-08T21:25:23.022+0000] {processor.py:208} INFO - Processing /home/airflow/.local/lib/python3.12/site-packages/airflow/example_dags/example_subdag_operator.py took 0.088 seconds
[2026-05-08T21:25:53.496+0000] {processor.py:186} INFO - Started process (PID=6884) to work on /home/airflow/.local/lib/python3.12/site-packages/airflow/example_dags/example_subdag_operator.py
[2026-05-08T21:25:53.496+0000] {processor.py:914} INFO - Processing file /home/airflow/.local/lib/python3.12/site-packages/airflow/example_dags/example_subdag_operator.py for tasks to queue
[2026-05-08T21:25:53.499+0000] {logging_mixin.py:190} INFO - [2026-05-08T21:25:53.498+0000] {dagbag.py:588} INFO - Filling up the DagBag from /home/airflow/.local/lib/python3.12/site-packages/airflow/example_dags/example_subdag_operator.py
[2026-05-08T21:25:53.525+0000] {processor.py:925} INFO - DAG(s) 'example_subdag_operator.section-1', 'example_subdag_operator.section-2', 'example_subdag_operator' retrieved from /home/airflow/.local/lib/python3.12/site-packages/airflow/example_dags/example_subdag_operator.py
[2026-05-08T21:25:53.538+0000] {logging_mixin.py:190} INFO - [2026-05-08T21:25:53.537+0000] {dag.py:3239} INFO - Sync 3 DAGs
[2026-05-08T21:25:53.558+0000] {logging_mixin.py:190} INFO - [2026-05-08T21:25:53.558+0000] {dag.py:4180} INFO - Setting next_dagrun for example_subdag_operator to 2022-01-01 00:00:00+00:00, run_after=2022-01-01 00:00:00+00:00
[2026-05-08T21:25:53.561+0000] {logging_mixin.py:190} INFO - [2026-05-08T21:25:53.561+0000] {dag.py:4180} INFO - Setting next_dagrun for example_subdag_operator.section-1 to None, run_after=None
[2026-05-08T21:25:53.562+0000] {logging_mixin.py:190} INFO - [2026-05-08T21:25:53.562+0000] {dag.py:4180} INFO - Setting next_dagrun for example_subdag_operator.section-2 to None, run_after=None
[2026-05-08T21:25:53.568+0000] {logging_mixin.py:190} INFO - [2026-05-08T21:25:53.568+0000] {dag.py:3239} INFO - Sync 2 DAGs
[2026-05-08T21:25:53.573+0000] {logging_mixin.py:190} INFO - [2026-05-08T21:25:53.573+0000] {dag.py:4180} INFO - Setting next_dagrun for example_subdag_operator.section-1 to None, run_after=None
[2026-05-08T21:25:53.573+0000] {logging_mixin.py:190} INFO - [2026-05-08T21:25:53.573+0000] {dag.py:4180} INFO - Setting next_dagrun for example_subdag_operator.section-2 to None, run_after=None
[2026-05-08T21:25:53.582+0000] {processor.py:208} INFO - Processing /home/airflow/.local/lib/python3.12/site-packages/airflow/example_dags/example_subdag_operator.py took 0.091 seconds
[2026-05-08T21:26:24.164+0000] {processor.py:186} INFO - Started process (PID=6948) to work on /home/airflow/.local/lib/python3.12/site-packages/airflow/example_dags/example_subdag_operator.py
[2026-05-08T21:26:24.164+0000] {processor.py:914} INFO - Processing file /home/airflow/.local/lib/python3.12/site-packages/airflow/example_dags/example_subdag_operator.py for tasks to queue
[2026-05-08T21:26:24.172+0000] {logging_mixin.py:190} INFO - [2026-05-08T21:26:24.171+0000] {dagbag.py:588} INFO - Filling up the DagBag from /home/airflow/.local/lib/python3.12/site-packages/airflow/example_dags/example_subdag_operator.py
[2026-05-08T21:26:24.213+0000] {processor.py:925} INFO - DAG(s) 'example_subdag_operator.section-1', 'example_subdag_operator.section-2', 'example_subdag_operator' retrieved from /home/airflow/.local/lib/python3.12/site-packages/airflow/example_dags/example_subdag_operator.py
[2026-05-08T21:26:24.231+0000] {logging_mixin.py:190} INFO - [2026-05-08T21:26:24.231+0000] {dag.py:3239} INFO - Sync 3 DAGs
[2026-05-08T21:26:24.259+0000] {logging_mixin.py:190} INFO - [2026-05-08T21:26:24.258+0000] {dag.py:4180} INFO - Setting next_dagrun for example_subdag_operator to 2022-01-01 00:00:00+00:00, run_after=2022-01-01 00:00:00+00:00
[2026-05-08T21:26:24.263+0000] {logging_mixin.py:190} INFO - [2026-05-08T21:26:24.263+0000] {dag.py:4180} INFO - Setting next_dagrun for example_subdag_operator.section-1 to None, run_after=None
[2026-05-08T21:26:24.266+0000] {logging_mixin.py:190} INFO - [2026-05-08T21:26:24.266+0000] {dag.py:4180} INFO - Setting next_dagrun for example_subdag_operator.section-2 to None, run_after=None
[2026-05-08T21:26:24.274+0000] {logging_mixin.py:190} INFO - [2026-05-08T21:26:24.274+0000] {dag.py:3239} INFO - Sync 2 DAGs
[2026-05-08T21:26:24.280+0000] {logging_mixin.py:190} INFO - [2026-05-08T21:26:24.280+0000] {dag.py:4180} INFO - Setting next_dagrun for example_subdag_operator.section-1 to None, run_after=None
[2026-05-08T21:26:24.281+0000] {logging_mixin.py:190} INFO - [2026-05-08T21:26:24.280+0000] {dag.py:4180} INFO - Setting next_dagrun for example_subdag_operator.section-2 to None, run_after=None
[2026-05-08T21:26:24.290+0000] {processor.py:208} INFO - Processing /home/airflow/.local/lib/python3.12/site-packages/airflow/example_dags/example_subdag_operator.py took 0.138 seconds
[2026-05-08T21:26:54.338+0000] {processor.py:186} INFO - Started process (PID=7012) to work on /home/airflow/.local/lib/python3.12/site-packages/airflow/example_dags/example_subdag_operator.py
[2026-05-08T21:26:54.339+0000] {processor.py:914} INFO - Processing file /home/airflow/.local/lib/python3.12/site-packages/airflow/example_dags/example_subdag_operator.py for tasks to queue
[2026-05-08T21:26:54.340+0000] {logging_mixin.py:190} INFO - [2026-05-08T21:26:54.340+0000] {dagbag.py:588} INFO - Filling up the DagBag from /home/airflow/.local/lib/python3.12/site-packages/airflow/example_dags/example_subdag_operator.py
[2026-05-08T21:26:54.363+0000] {processor.py:925} INFO - DAG(s) 'example_subdag_operator.section-1', 'example_subdag_operator.section-2', 'example_subdag_operator' retrieved from /home/airflow/.local/lib/python3.12/site-packages/airflow/example_dags/example_subdag_operator.py
[2026-05-08T21:26:54.380+0000] {logging_mixin.py:190} INFO - [2026-05-08T21:26:54.380+0000] {dag.py:3239} INFO - Sync 3 DAGs
[2026-05-08T21:26:54.403+0000] {logging_mixin.py:190} INFO - [2026-05-08T21:26:54.402+0000] {dag.py:4180} INFO - Setting next_dagrun for example_subdag_operator to 2022-01-01 00:00:00+00:00, run_after=2022-01-01 00:00:00+00:00
[2026-05-08T21:26:54.405+0000] {logging_mixin.py:190} INFO - [2026-05-08T21:26:54.405+0000] {dag.py:4180} INFO - Setting next_dagrun for example_subdag_operator.section-1 to None, run_after=None
[2026-05-08T21:26:54.407+0000] {logging_mixin.py:190} INFO - [2026-05-08T21:26:54.406+0000] {dag.py:4180} INFO - Setting next_dagrun for example_subdag_operator.section-2 to None, run_after=None
[2026-05-08T21:26:54.412+0000] {logging_mixin.py:190} INFO - [2026-05-08T21:26:54.412+0000] {dag.py:3239} INFO - Sync 2 DAGs
[2026-05-08T21:26:54.417+0000] {logging_mixin.py:190} INFO - [2026-05-08T21:26:54.416+0000] {dag.py:4180} INFO - Setting next_dagrun for example_subdag_operator.section-1 to None, run_after=None
[2026-05-08T21:26:54.417+0000] {logging_mixin.py:190} INFO - [2026-05-08T21:26:54.417+0000] {dag.py:4180} INFO - Setting next_dagrun for example_subdag_operator.section-2 to None, run_after=None
[2026-05-08T21:26:54.425+0000] {processor.py:208} INFO - Processing /home/airflow/.local/lib/python3.12/site-packages/airflow/example_dags/example_subdag_operator.py took 0.091 seconds
[2026-05-08T21:27:24.492+0000] {processor.py:186} INFO - Started process (PID=7076) to work on /home/airflow/.local/lib/python3.12/site-packages/airflow/example_dags/example_subdag_operator.py
[2026-05-08T21:27:24.493+0000] {processor.py:914} INFO - Processing file /home/airflow/.local/lib/python3.12/site-packages/airflow/example_dags/example_subdag_operator.py for tasks to queue
[2026-05-08T21:27:24.495+0000] {logging_mixin.py:190} INFO - [2026-05-08T21:27:24.495+0000] {dagbag.py:588} INFO - Filling up the DagBag from /home/airflow/.local/lib/python3.12/site-packages/airflow/example_dags/example_subdag_operator.py
[2026-05-08T21:27:24.524+0000] {processor.py:925} INFO - DAG(s) 'example_subdag_operator.section-1', 'example_subdag_operator.section-2', 'example_subdag_operator' retrieved from /home/airflow/.local/lib/python3.12/site-packages/airflow/example_dags/example_subdag_operator.py
[2026-05-08T21:27:24.547+0000] {logging_mixin.py:190} INFO - [2026-05-08T21:27:24.547+0000] {dag.py:3239} INFO - Sync 3 DAGs
[2026-05-08T21:27:24.573+0000] {logging_mixin.py:190} INFO - [2026-05-08T21:27:24.573+0000] {dag.py:4180} INFO - Setting next_dagrun for example_subdag_operator to 2022-01-01 00:00:00+00:00, run_after=2022-01-01 00:00:00+00:00
[2026-05-08T21:27:24.577+0000] {logging_mixin.py:190} INFO - [2026-05-08T21:27:24.576+0000] {dag.py:4180} INFO - Setting next_dagrun for example_subdag_operator.section-1 to None, run_after=None
[2026-05-08T21:27:24.578+0000] {logging_mixin.py:190} INFO - [2026-05-08T21:27:24.578+0000] {dag.py:4180} INFO - Setting next_dagrun for example_subdag_operator.section-2 to None, run_after=None
[2026-05-08T21:27:24.584+0000] {logging_mixin.py:190} INFO - [2026-05-08T21:27:24.584+0000] {dag.py:3239} INFO - Sync 2 DAGs
[2026-05-08T21:27:24.589+0000] {logging_mixin.py:190} INFO - [2026-05-08T21:27:24.589+0000] {dag.py:4180} INFO - Setting next_dagrun for example_subdag_operator.section-1 to None, run_after=None
[2026-05-08T21:27:24.590+0000] {logging_mixin.py:190} INFO - [2026-05-08T21:27:24.590+0000] {dag.py:4180} INFO - Setting next_dagrun for example_subdag_operator.section-2 to None, run_after=None
[2026-05-08T21:27:24.598+0000] {processor.py:208} INFO - Processing /home/airflow/.local/lib/python3.12/site-packages/airflow/example_dags/example_subdag_operator.py took 0.110 seconds
[2026-05-08T21:27:55.173+0000] {processor.py:186} INFO - Started process (PID=7139) to work on /home/airflow/.local/lib/python3.12/site-packages/airflow/example_dags/example_subdag_operator.py
[2026-05-08T21:27:55.174+0000] {processor.py:914} INFO - Processing file /home/airflow/.local/lib/python3.12/site-packages/airflow/example_dags/example_subdag_operator.py for tasks to queue
[2026-05-08T21:27:55.175+0000] {logging_mixin.py:190} INFO - [2026-05-08T21:27:55.175+0000] {dagbag.py:588} INFO - Filling up the DagBag from /home/airflow/.local/lib/python3.12/site-packages/airflow/example_dags/example_subdag_operator.py
[2026-05-08T21:27:55.199+0000] {processor.py:925} INFO - DAG(s) 'example_subdag_operator.section-1', 'example_subdag_operator.section-2', 'example_subdag_operator' retrieved from /home/airflow/.local/lib/python3.12/site-packages/airflow/example_dags/example_subdag_operator.py
[2026-05-08T21:27:55.211+0000] {logging_mixin.py:190} INFO - [2026-05-08T21:27:55.211+0000] {dag.py:3239} INFO - Sync 3 DAGs
[2026-05-08T21:27:55.232+0000] {logging_mixin.py:190} INFO - [2026-05-08T21:27:55.232+0000] {dag.py:4180} INFO - Setting next_dagrun for example_subdag_operator to 2022-01-01 00:00:00+00:00, run_after=2022-01-01 00:00:00+00:00
[2026-05-08T21:27:55.236+0000] {logging_mixin.py:190} INFO - [2026-05-08T21:27:55.236+0000] {dag.py:4180} INFO - Setting next_dagrun for example_subdag_operator.section-1 to None, run_after=None
[2026-05-08T21:27:55.237+0000] {logging_mixin.py:190} INFO - [2026-05-08T21:27:55.237+0000] {dag.py:4180} INFO - Setting next_dagrun for example_subdag_operator.section-2 to None, run_after=None
[2026-05-08T21:27:55.243+0000] {logging_mixin.py:190} INFO - [2026-05-08T21:27:55.243+0000] {dag.py:3239} INFO - Sync 2 DAGs
[2026-05-08T21:27:55.248+0000] {logging_mixin.py:190} INFO - [2026-05-08T21:27:55.248+0000] {dag.py:4180} INFO - Setting next_dagrun for example_subdag_operator.section-1 to None, run_after=None
[2026-05-08T21:27:55.249+0000] {logging_mixin.py:190} INFO - [2026-05-08T21:27:55.249+0000] {dag.py:4180} INFO - Setting next_dagrun for example_subdag_operator.section-2 to None, run_after=None
[2026-05-08T21:27:55.257+0000] {processor.py:208} INFO - Processing /home/airflow/.local/lib/python3.12/site-packages/airflow/example_dags/example_subdag_operator.py took 0.088 seconds
[2026-05-08T21:28:25.374+0000] {processor.py:186} INFO - Started process (PID=7203) to work on /home/airflow/.local/lib/python3.12/site-packages/airflow/example_dags/example_subdag_operator.py
[2026-05-08T21:28:25.375+0000] {processor.py:914} INFO - Processing file /home/airflow/.local/lib/python3.12/site-packages/airflow/example_dags/example_subdag_operator.py for tasks to queue
[2026-05-08T21:28:25.377+0000] {logging_mixin.py:190} INFO - [2026-05-08T21:28:25.376+0000] {dagbag.py:588} INFO - Filling up the DagBag from /home/airflow/.local/lib/python3.12/site-packages/airflow/example_dags/example_subdag_operator.py
[2026-05-08T21:28:25.398+0000] {processor.py:925} INFO - DAG(s) 'example_subdag_operator.section-1', 'example_subdag_operator.section-2', 'example_subdag_operator' retrieved from /home/airflow/.local/lib/python3.12/site-packages/airflow/example_dags/example_subdag_operator.py
[2026-05-08T21:28:25.410+0000] {logging_mixin.py:190} INFO - [2026-05-08T21:28:25.409+0000] {dag.py:3239} INFO - Sync 3 DAGs
[2026-05-08T21:28:25.429+0000] {logging_mixin.py:190} INFO - [2026-05-08T21:28:25.429+0000] {dag.py:4180} INFO - Setting next_dagrun for example_subdag_operator to 2022-01-01 00:00:00+00:00, run_after=2022-01-01 00:00:00+00:00
[2026-05-08T21:28:25.432+0000] {logging_mixin.py:190} INFO - [2026-05-08T21:28:25.432+0000] {dag.py:4180} INFO - Setting next_dagrun for example_subdag_operator.section-1 to None, run_after=None
[2026-05-08T21:28:25.433+0000] {logging_mixin.py:190} INFO - [2026-05-08T21:28:25.433+0000] {dag.py:4180} INFO - Setting next_dagrun for example_subdag_operator.section-2 to None, run_after=None
[2026-05-08T21:28:25.438+0000] {logging_mixin.py:190} INFO - [2026-05-08T21:28:25.438+0000] {dag.py:3239} INFO - Sync 2 DAGs
[2026-05-08T21:28:25.443+0000] {logging_mixin.py:190} INFO - [2026-05-08T21:28:25.443+0000] {dag.py:4180} INFO - Setting next_dagrun for example_subdag_operator.section-1 to None, run_after=None
[2026-05-08T21:28:25.443+0000] {logging_mixin.py:190} INFO - [2026-05-08T21:28:25.443+0000] {dag.py:4180} INFO - Setting next_dagrun for example_subdag_operator.section-2 to None, run_after=None
[2026-05-08T21:28:25.452+0000] {processor.py:208} INFO - Processing /home/airflow/.local/lib/python3.12/site-packages/airflow/example_dags/example_subdag_operator.py took 0.082 seconds
[2026-05-08T21:28:56.003+0000] {processor.py:186} INFO - Started process (PID=7267) to work on /home/airflow/.local/lib/python3.12/site-packages/airflow/example_dags/example_subdag_operator.py
[2026-05-08T21:28:56.004+0000] {processor.py:914} INFO - Processing file /home/airflow/.local/lib/python3.12/site-packages/airflow/example_dags/example_subdag_operator.py for tasks to queue
[2026-05-08T21:28:56.006+0000] {logging_mixin.py:190} INFO - [2026-05-08T21:28:56.006+0000] {dagbag.py:588} INFO - Filling up the DagBag from /home/airflow/.local/lib/python3.12/site-packages/airflow/example_dags/example_subdag_operator.py
[2026-05-08T21:28:56.031+0000] {processor.py:925} INFO - DAG(s) 'example_subdag_operator.section-1', 'example_subdag_operator.section-2', 'example_subdag_operator' retrieved from /home/airflow/.local/lib/python3.12/site-packages/airflow/example_dags/example_subdag_operator.py
[2026-05-08T21:28:56.044+0000] {logging_mixin.py:190} INFO - [2026-05-08T21:28:56.044+0000] {dag.py:3239} INFO - Sync 3 DAGs
[2026-05-08T21:28:56.065+0000] {logging_mixin.py:190} INFO - [2026-05-08T21:28:56.065+0000] {dag.py:4180} INFO - Setting next_dagrun for example_subdag_operator to 2022-01-01 00:00:00+00:00, run_after=2022-01-01 00:00:00+00:00
[2026-05-08T21:28:56.069+0000] {logging_mixin.py:190} INFO - [2026-05-08T21:28:56.069+0000] {dag.py:4180} INFO - Setting next_dagrun for example_subdag_operator.section-1 to None, run_after=None
[2026-05-08T21:28:56.070+0000] {logging_mixin.py:190} INFO - [2026-05-08T21:28:56.070+0000] {dag.py:4180} INFO - Setting next_dagrun for example_subdag_operator.section-2 to None, run_after=None
[2026-05-08T21:28:56.077+0000] {logging_mixin.py:190} INFO - [2026-05-08T21:28:56.077+0000] {dag.py:3239} INFO - Sync 2 DAGs
[2026-05-08T21:28:56.084+0000] {logging_mixin.py:190} INFO - [2026-05-08T21:28:56.083+0000] {dag.py:4180} INFO - Setting next_dagrun for example_subdag_operator.section-1 to None, run_after=None
[2026-05-08T21:28:56.084+0000] {logging_mixin.py:190} INFO - [2026-05-08T21:28:56.084+0000] {dag.py:4180} INFO - Setting next_dagrun for example_subdag_operator.section-2 to None, run_after=None
[2026-05-08T21:28:56.092+0000] {processor.py:208} INFO - Processing /home/airflow/.local/lib/python3.12/site-packages/airflow/example_dags/example_subdag_operator.py took 0.095 seconds
[2026-05-08T21:29:26.441+0000] {processor.py:186} INFO - Started process (PID=7331) to work on /home/airflow/.local/lib/python3.12/site-packages/airflow/example_dags/example_subdag_operator.py
[2026-05-08T21:29:26.442+0000] {processor.py:914} INFO - Processing file /home/airflow/.local/lib/python3.12/site-packages/airflow/example_dags/example_subdag_operator.py for tasks to queue
[2026-05-08T21:29:26.444+0000] {logging_mixin.py:190} INFO - [2026-05-08T21:29:26.444+0000] {dagbag.py:588} INFO - Filling up the DagBag from /home/airflow/.local/lib/python3.12/site-packages/airflow/example_dags/example_subdag_operator.py
[2026-05-08T21:29:26.466+0000] {processor.py:925} INFO - DAG(s) 'example_subdag_operator.section-1', 'example_subdag_operator.section-2', 'example_subdag_operator' retrieved from /home/airflow/.local/lib/python3.12/site-packages/airflow/example_dags/example_subdag_operator.py
[2026-05-08T21:29:26.480+0000] {logging_mixin.py:190} INFO - [2026-05-08T21:29:26.480+0000] {dag.py:3239} INFO - Sync 3 DAGs
[2026-05-08T21:29:26.499+0000] {logging_mixin.py:190} INFO - [2026-05-08T21:29:26.499+0000] {dag.py:4180} INFO - Setting next_dagrun for example_subdag_operator to 2022-01-01 00:00:00+00:00, run_after=2022-01-01 00:00:00+00:00
[2026-05-08T21:29:26.503+0000] {logging_mixin.py:190} INFO - [2026-05-08T21:29:26.503+0000] {dag.py:4180} INFO - Setting next_dagrun for example_subdag_operator.section-1 to None, run_after=None
[2026-05-08T21:29:26.505+0000] {logging_mixin.py:190} INFO - [2026-05-08T21:29:26.505+0000] {dag.py:4180} INFO - Setting next_dagrun for example_subdag_operator.section-2 to None, run_after=None
[2026-05-08T21:29:26.512+0000] {logging_mixin.py:190} INFO - [2026-05-08T21:29:26.512+0000] {dag.py:3239} INFO - Sync 2 DAGs
[2026-05-08T21:29:26.518+0000] {logging_mixin.py:190} INFO - [2026-05-08T21:29:26.518+0000] {dag.py:4180} INFO - Setting next_dagrun for example_subdag_operator.section-1 to None, run_after=None
[2026-05-08T21:29:26.518+0000] {logging_mixin.py:190} INFO - [2026-05-08T21:29:26.518+0000] {dag.py:4180} INFO - Setting next_dagrun for example_subdag_operator.section-2 to None, run_after=None
[2026-05-08T21:29:26.526+0000] {processor.py:208} INFO - Processing /home/airflow/.local/lib/python3.12/site-packages/airflow/example_dags/example_subdag_operator.py took 0.090 seconds
[2026-05-08T21:29:56.680+0000] {processor.py:186} INFO - Started process (PID=7395) to work on /home/airflow/.local/lib/python3.12/site-packages/airflow/example_dags/example_subdag_operator.py
[2026-05-08T21:29:56.681+0000] {processor.py:914} INFO - Processing file /home/airflow/.local/lib/python3.12/site-packages/airflow/example_dags/example_subdag_operator.py for tasks to queue
[2026-05-08T21:29:56.683+0000] {logging_mixin.py:190} INFO - [2026-05-08T21:29:56.683+0000] {dagbag.py:588} INFO - Filling up the DagBag from /home/airflow/.local/lib/python3.12/site-packages/airflow/example_dags/example_subdag_operator.py
[2026-05-08T21:29:56.707+0000] {processor.py:925} INFO - DAG(s) 'example_subdag_operator.section-1', 'example_subdag_operator.section-2', 'example_subdag_operator' retrieved from /home/airflow/.local/lib/python3.12/site-packages/airflow/example_dags/example_subdag_operator.py
[2026-05-08T21:29:56.718+0000] {logging_mixin.py:190} INFO - [2026-05-08T21:29:56.718+0000] {dag.py:3239} INFO - Sync 3 DAGs
[2026-05-08T21:29:56.735+0000] {logging_mixin.py:190} INFO - [2026-05-08T21:29:56.735+0000] {dag.py:4180} INFO - Setting next_dagrun for example_subdag_operator to 2022-01-01 00:00:00+00:00, run_after=2022-01-01 00:00:00+00:00
[2026-05-08T21:29:56.738+0000] {logging_mixin.py:190} INFO - [2026-05-08T21:29:56.738+0000] {dag.py:4180} INFO - Setting next_dagrun for example_subdag_operator.section-1 to None, run_after=None
[2026-05-08T21:29:56.739+0000] {logging_mixin.py:190} INFO - [2026-05-08T21:29:56.739+0000] {dag.py:4180} INFO - Setting next_dagrun for example_subdag_operator.section-2 to None, run_after=None
[2026-05-08T21:29:56.745+0000] {logging_mixin.py:190} INFO - [2026-05-08T21:29:56.745+0000] {dag.py:3239} INFO - Sync 2 DAGs
[2026-05-08T21:29:56.750+0000] {logging_mixin.py:190} INFO - [2026-05-08T21:29:56.749+0000] {dag.py:4180} INFO - Setting next_dagrun for example_subdag_operator.section-1 to None, run_after=None
[2026-05-08T21:29:56.750+0000] {logging_mixin.py:190} INFO - [2026-05-08T21:29:56.750+0000] {dag.py:4180} INFO - Setting next_dagrun for example_subdag_operator.section-2 to None, run_after=None
[2026-05-08T21:29:56.759+0000] {processor.py:208} INFO - Processing /home/airflow/.local/lib/python3.12/site-packages/airflow/example_dags/example_subdag_operator.py took 0.085 seconds
[2026-05-08T21:30:26.911+0000] {processor.py:186} INFO - Started process (PID=7459) to work on /home/airflow/.local/lib/python3.12/site-packages/airflow/example_dags/example_subdag_operator.py
[2026-05-08T21:30:26.912+0000] {processor.py:914} INFO - Processing file /home/airflow/.local/lib/python3.12/site-packages/airflow/example_dags/example_subdag_operator.py for tasks to queue
[2026-05-08T21:30:26.914+0000] {logging_mixin.py:190} INFO - [2026-05-08T21:30:26.914+0000] {dagbag.py:588} INFO - Filling up the DagBag from /home/airflow/.local/lib/python3.12/site-packages/airflow/example_dags/example_subdag_operator.py
[2026-05-08T21:30:26.935+0000] {processor.py:925} INFO - DAG(s) 'example_subdag_operator.section-1', 'example_subdag_operator.section-2', 'example_subdag_operator' retrieved from /home/airflow/.local/lib/python3.12/site-packages/airflow/example_dags/example_subdag_operator.py
[2026-05-08T21:30:26.947+0000] {logging_mixin.py:190} INFO - [2026-05-08T21:30:26.947+0000] {dag.py:3239} INFO - Sync 3 DAGs
[2026-05-08T21:30:26.969+0000] {logging_mixin.py:190} INFO - [2026-05-08T21:30:26.968+0000] {dag.py:4180} INFO - Setting next_dagrun for example_subdag_operator to 2022-01-01 00:00:00+00:00, run_after=2022-01-01 00:00:00+00:00
[2026-05-08T21:30:26.972+0000] {logging_mixin.py:190} INFO - [2026-05-08T21:30:26.972+0000] {dag.py:4180} INFO - Setting next_dagrun for example_subdag_operator.section-1 to None, run_after=None
[2026-05-08T21:30:26.974+0000] {logging_mixin.py:190} INFO - [2026-05-08T21:30:26.974+0000] {dag.py:4180} INFO - Setting next_dagrun for example_subdag_operator.section-2 to None, run_after=None
[2026-05-08T21:30:26.980+0000] {logging_mixin.py:190} INFO - [2026-05-08T21:30:26.980+0000] {dag.py:3239} INFO - Sync 2 DAGs
[2026-05-08T21:30:26.985+0000] {logging_mixin.py:190} INFO - [2026-05-08T21:30:26.985+0000] {dag.py:4180} INFO - Setting next_dagrun for example_subdag_operator.section-1 to None, run_after=None
[2026-05-08T21:30:26.985+0000] {logging_mixin.py:190} INFO - [2026-05-08T21:30:26.985+0000] {dag.py:4180} INFO - Setting next_dagrun for example_subdag_operator.section-2 to None, run_after=None
[2026-05-08T21:30:26.995+0000] {processor.py:208} INFO - Processing /home/airflow/.local/lib/python3.12/site-packages/airflow/example_dags/example_subdag_operator.py took 0.089 seconds
[2026-05-08T21:30:57.128+0000] {processor.py:186} INFO - Started process (PID=7523) to work on /home/airflow/.local/lib/python3.12/site-packages/airflow/example_dags/example_subdag_operator.py
[2026-05-08T21:30:57.129+0000] {processor.py:914} INFO - Processing file /home/airflow/.local/lib/python3.12/site-packages/airflow/example_dags/example_subdag_operator.py for tasks to queue
[2026-05-08T21:30:57.131+0000] {logging_mixin.py:190} INFO - [2026-05-08T21:30:57.131+0000] {dagbag.py:588} INFO - Filling up the DagBag from /home/airflow/.local/lib/python3.12/site-packages/airflow/example_dags/example_subdag_operator.py
[2026-05-08T21:30:57.155+0000] {processor.py:925} INFO - DAG(s) 'example_subdag_operator.section-1', 'example_subdag_operator.section-2', 'example_subdag_operator' retrieved from /home/airflow/.local/lib/python3.12/site-packages/airflow/example_dags/example_subdag_operator.py
[2026-05-08T21:30:57.171+0000] {logging_mixin.py:190} INFO - [2026-05-08T21:30:57.171+0000] {dag.py:3239} INFO - Sync 3 DAGs
[2026-05-08T21:30:57.192+0000] {logging_mixin.py:190} INFO - [2026-05-08T21:30:57.192+0000] {dag.py:4180} INFO - Setting next_dagrun for example_subdag_operator to 2022-01-01 00:00:00+00:00, run_after=2022-01-01 00:00:00+00:00
[2026-05-08T21:30:57.195+0000] {logging_mixin.py:190} INFO - [2026-05-08T21:30:57.195+0000] {dag.py:4180} INFO - Setting next_dagrun for example_subdag_operator.section-1 to None, run_after=None
[2026-05-08T21:30:57.196+0000] {logging_mixin.py:190} INFO - [2026-05-08T21:30:57.196+0000] {dag.py:4180} INFO - Setting next_dagrun for example_subdag_operator.section-2 to None, run_after=None
[2026-05-08T21:30:57.201+0000] {logging_mixin.py:190} INFO - [2026-05-08T21:30:57.201+0000] {dag.py:3239} INFO - Sync 2 DAGs
[2026-05-08T21:30:57.206+0000] {logging_mixin.py:190} INFO - [2026-05-08T21:30:57.205+0000] {dag.py:4180} INFO - Setting next_dagrun for example_subdag_operator.section-1 to None, run_after=None
[2026-05-08T21:30:57.206+0000] {logging_mixin.py:190} INFO - [2026-05-08T21:30:57.206+0000] {dag.py:4180} INFO - Setting next_dagrun for example_subdag_operator.section-2 to None, run_after=None
[2026-05-08T21:30:57.214+0000] {processor.py:208} INFO - Processing /home/airflow/.local/lib/python3.12/site-packages/airflow/example_dags/example_subdag_operator.py took 0.092 seconds
[2026-05-08T21:31:27.259+0000] {processor.py:186} INFO - Started process (PID=7587) to work on /home/airflow/.local/lib/python3.12/site-packages/airflow/example_dags/example_subdag_operator.py
[2026-05-08T21:31:27.259+0000] {processor.py:914} INFO - Processing file /home/airflow/.local/lib/python3.12/site-packages/airflow/example_dags/example_subdag_operator.py for tasks to queue
[2026-05-08T21:31:27.262+0000] {logging_mixin.py:190} INFO - [2026-05-08T21:31:27.261+0000] {dagbag.py:588} INFO - Filling up the DagBag from /home/airflow/.local/lib/python3.12/site-packages/airflow/example_dags/example_subdag_operator.py
[2026-05-08T21:31:27.288+0000] {processor.py:925} INFO - DAG(s) 'example_subdag_operator.section-1', 'example_subdag_operator.section-2', 'example_subdag_operator' retrieved from /home/airflow/.local/lib/python3.12/site-packages/airflow/example_dags/example_subdag_operator.py
[2026-05-08T21:31:27.305+0000] {logging_mixin.py:190} INFO - [2026-05-08T21:31:27.304+0000] {dag.py:3239} INFO - Sync 3 DAGs
[2026-05-08T21:31:27.324+0000] {logging_mixin.py:190} INFO - [2026-05-08T21:31:27.324+0000] {dag.py:4180} INFO - Setting next_dagrun for example_subdag_operator to 2022-01-01 00:00:00+00:00, run_after=2022-01-01 00:00:00+00:00
[2026-05-08T21:31:27.327+0000] {logging_mixin.py:190} INFO - [2026-05-08T21:31:27.327+0000] {dag.py:4180} INFO - Setting next_dagrun for example_subdag_operator.section-1 to None, run_after=None
[2026-05-08T21:31:27.328+0000] {logging_mixin.py:190} INFO - [2026-05-08T21:31:27.328+0000] {dag.py:4180} INFO - Setting next_dagrun for example_subdag_operator.section-2 to None, run_after=None
[2026-05-08T21:31:27.333+0000] {logging_mixin.py:190} INFO - [2026-05-08T21:31:27.333+0000] {dag.py:3239} INFO - Sync 2 DAGs
[2026-05-08T21:31:27.337+0000] {logging_mixin.py:190} INFO - [2026-05-08T21:31:27.337+0000] {dag.py:4180} INFO - Setting next_dagrun for example_subdag_operator.section-1 to None, run_after=None
[2026-05-08T21:31:27.338+0000] {logging_mixin.py:190} INFO - [2026-05-08T21:31:27.338+0000] {dag.py:4180} INFO - Setting next_dagrun for example_subdag_operator.section-2 to None, run_after=None
[2026-05-08T21:31:27.345+0000] {processor.py:208} INFO - Processing /home/airflow/.local/lib/python3.12/site-packages/airflow/example_dags/example_subdag_operator.py took 0.092 seconds
[2026-05-08T21:31:57.802+0000] {processor.py:186} INFO - Started process (PID=7647) to work on /home/airflow/.local/lib/python3.12/site-packages/airflow/example_dags/example_subdag_operator.py
[2026-05-08T21:31:57.803+0000] {processor.py:914} INFO - Processing file /home/airflow/.local/lib/python3.12/site-packages/airflow/example_dags/example_subdag_operator.py for tasks to queue
[2026-05-08T21:31:57.805+0000] {logging_mixin.py:190} INFO - [2026-05-08T21:31:57.805+0000] {dagbag.py:588} INFO - Filling up the DagBag from /home/airflow/.local/lib/python3.12/site-packages/airflow/example_dags/example_subdag_operator.py
[2026-05-08T21:31:57.855+0000] {processor.py:925} INFO - DAG(s) 'example_subdag_operator.section-1', 'example_subdag_operator.section-2', 'example_subdag_operator' retrieved from /home/airflow/.local/lib/python3.12/site-packages/airflow/example_dags/example_subdag_operator.py
[2026-05-08T21:31:57.875+0000] {logging_mixin.py:190} INFO - [2026-05-08T21:31:57.874+0000] {dag.py:3239} INFO - Sync 3 DAGs
[2026-05-08T21:31:57.908+0000] {logging_mixin.py:190} INFO - [2026-05-08T21:31:57.908+0000] {dag.py:4180} INFO - Setting next_dagrun for example_subdag_operator to 2022-01-01 00:00:00+00:00, run_after=2022-01-01 00:00:00+00:00
[2026-05-08T21:31:57.912+0000] {logging_mixin.py:190} INFO - [2026-05-08T21:31:57.912+0000] {dag.py:4180} INFO - Setting next_dagrun for example_subdag_operator.section-1 to None, run_after=None
[2026-05-08T21:31:57.913+0000] {logging_mixin.py:190} INFO - [2026-05-08T21:31:57.913+0000] {dag.py:4180} INFO - Setting next_dagrun for example_subdag_operator.section-2 to None, run_after=None
[2026-05-08T21:31:57.921+0000] {logging_mixin.py:190} INFO - [2026-05-08T21:31:57.921+0000] {dag.py:3239} INFO - Sync 2 DAGs
[2026-05-08T21:31:57.930+0000] {logging_mixin.py:190} INFO - [2026-05-08T21:31:57.930+0000] {dag.py:4180} INFO - Setting next_dagrun for example_subdag_operator.section-1 to None, run_after=None
[2026-05-08T21:31:57.931+0000] {logging_mixin.py:190} INFO - [2026-05-08T21:31:57.930+0000] {dag.py:4180} INFO - Setting next_dagrun for example_subdag_operator.section-2 to None, run_after=None
[2026-05-08T21:31:57.941+0000] {processor.py:208} INFO - Processing /home/airflow/.local/lib/python3.12/site-packages/airflow/example_dags/example_subdag_operator.py took 0.145 seconds
[2026-05-08T21:32:28.126+0000] {processor.py:186} INFO - Started process (PID=7711) to work on /home/airflow/.local/lib/python3.12/site-packages/airflow/example_dags/example_subdag_operator.py
[2026-05-08T21:32:28.127+0000] {processor.py:914} INFO - Processing file /home/airflow/.local/lib/python3.12/site-packages/airflow/example_dags/example_subdag_operator.py for tasks to queue
[2026-05-08T21:32:28.129+0000] {logging_mixin.py:190} INFO - [2026-05-08T21:32:28.128+0000] {dagbag.py:588} INFO - Filling up the DagBag from /home/airflow/.local/lib/python3.12/site-packages/airflow/example_dags/example_subdag_operator.py
[2026-05-08T21:32:28.160+0000] {processor.py:925} INFO - DAG(s) 'example_subdag_operator.section-1', 'example_subdag_operator.section-2', 'example_subdag_operator' retrieved from /home/airflow/.local/lib/python3.12/site-packages/airflow/example_dags/example_subdag_operator.py
[2026-05-08T21:32:28.177+0000] {logging_mixin.py:190} INFO - [2026-05-08T21:32:28.177+0000] {dag.py:3239} INFO - Sync 3 DAGs
[2026-05-08T21:32:28.198+0000] {logging_mixin.py:190} INFO - [2026-05-08T21:32:28.198+0000] {dag.py:4180} INFO - Setting next_dagrun for example_subdag_operator to 2022-01-01 00:00:00+00:00, run_after=2022-01-01 00:00:00+00:00
[2026-05-08T21:32:28.201+0000] {logging_mixin.py:190} INFO - [2026-05-08T21:32:28.201+0000] {dag.py:4180} INFO - Setting next_dagrun for example_subdag_operator.section-1 to None, run_after=None
[2026-05-08T21:32:28.202+0000] {logging_mixin.py:190} INFO - [2026-05-08T21:32:28.202+0000] {dag.py:4180} INFO - Setting next_dagrun for example_subdag_operator.section-2 to None, run_after=None
[2026-05-08T21:32:28.208+0000] {logging_mixin.py:190} INFO - [2026-05-08T21:32:28.208+0000] {dag.py:3239} INFO - Sync 2 DAGs
[2026-05-08T21:32:28.213+0000] {logging_mixin.py:190} INFO - [2026-05-08T21:32:28.213+0000] {dag.py:4180} INFO - Setting next_dagrun for example_subdag_operator.section-1 to None, run_after=None
[2026-05-08T21:32:28.214+0000] {logging_mixin.py:190} INFO - [2026-05-08T21:32:28.214+0000] {dag.py:4180} INFO - Setting next_dagrun for example_subdag_operator.section-2 to None, run_after=None
[2026-05-08T21:32:28.221+0000] {processor.py:208} INFO - Processing /home/airflow/.local/lib/python3.12/site-packages/airflow/example_dags/example_subdag_operator.py took 0.101 seconds
[2026-05-08T21:32:58.611+0000] {processor.py:186} INFO - Started process (PID=7775) to work on /home/airflow/.local/lib/python3.12/site-packages/airflow/example_dags/example_subdag_operator.py
[2026-05-08T21:32:58.611+0000] {processor.py:914} INFO - Processing file /home/airflow/.local/lib/python3.12/site-packages/airflow/example_dags/example_subdag_operator.py for tasks to queue
[2026-05-08T21:32:58.613+0000] {logging_mixin.py:190} INFO - [2026-05-08T21:32:58.613+0000] {dagbag.py:588} INFO - Filling up the DagBag from /home/airflow/.local/lib/python3.12/site-packages/airflow/example_dags/example_subdag_operator.py
[2026-05-08T21:32:58.641+0000] {processor.py:925} INFO - DAG(s) 'example_subdag_operator.section-1', 'example_subdag_operator.section-2', 'example_subdag_operator' retrieved from /home/airflow/.local/lib/python3.12/site-packages/airflow/example_dags/example_subdag_operator.py
[2026-05-08T21:32:58.659+0000] {logging_mixin.py:190} INFO - [2026-05-08T21:32:58.659+0000] {dag.py:3239} INFO - Sync 3 DAGs
[2026-05-08T21:32:58.688+0000] {logging_mixin.py:190} INFO - [2026-05-08T21:32:58.687+0000] {dag.py:4180} INFO - Setting next_dagrun for example_subdag_operator to 2022-01-01 00:00:00+00:00, run_after=2022-01-01 00:00:00+00:00
[2026-05-08T21:32:58.691+0000] {logging_mixin.py:190} INFO - [2026-05-08T21:32:58.691+0000] {dag.py:4180} INFO - Setting next_dagrun for example_subdag_operator.section-1 to None, run_after=None
[2026-05-08T21:32:58.693+0000] {logging_mixin.py:190} INFO - [2026-05-08T21:32:58.693+0000] {dag.py:4180} INFO - Setting next_dagrun for example_subdag_operator.section-2 to None, run_after=None
[2026-05-08T21:32:58.700+0000] {logging_mixin.py:190} INFO - [2026-05-08T21:32:58.700+0000] {dag.py:3239} INFO - Sync 2 DAGs
[2026-05-08T21:32:58.706+0000] {logging_mixin.py:190} INFO - [2026-05-08T21:32:58.706+0000] {dag.py:4180} INFO - Setting next_dagrun for example_subdag_operator.section-1 to None, run_after=None
[2026-05-08T21:32:58.707+0000] {logging_mixin.py:190} INFO - [2026-05-08T21:32:58.706+0000] {dag.py:4180} INFO - Setting next_dagrun for example_subdag_operator.section-2 to None, run_after=None
[2026-05-08T21:32:58.716+0000] {processor.py:208} INFO - Processing /home/airflow/.local/lib/python3.12/site-packages/airflow/example_dags/example_subdag_operator.py took 0.110 seconds
[2026-05-08T21:33:29.173+0000] {processor.py:186} INFO - Started process (PID=7839) to work on /home/airflow/.local/lib/python3.12/site-packages/airflow/example_dags/example_subdag_operator.py
[2026-05-08T21:33:29.174+0000] {processor.py:914} INFO - Processing file /home/airflow/.local/lib/python3.12/site-packages/airflow/example_dags/example_subdag_operator.py for tasks to queue
[2026-05-08T21:33:29.176+0000] {logging_mixin.py:190} INFO - [2026-05-08T21:33:29.176+0000] {dagbag.py:588} INFO - Filling up the DagBag from /home/airflow/.local/lib/python3.12/site-packages/airflow/example_dags/example_subdag_operator.py
[2026-05-08T21:33:29.200+0000] {processor.py:925} INFO - DAG(s) 'example_subdag_operator.section-1', 'example_subdag_operator.section-2', 'example_subdag_operator' retrieved from /home/airflow/.local/lib/python3.12/site-packages/airflow/example_dags/example_subdag_operator.py
[2026-05-08T21:33:29.211+0000] {logging_mixin.py:190} INFO - [2026-05-08T21:33:29.211+0000] {dag.py:3239} INFO - Sync 3 DAGs
[2026-05-08T21:33:29.231+0000] {logging_mixin.py:190} INFO - [2026-05-08T21:33:29.230+0000] {dag.py:4180} INFO - Setting next_dagrun for example_subdag_operator to 2022-01-01 00:00:00+00:00, run_after=2022-01-01 00:00:00+00:00
[2026-05-08T21:33:29.233+0000] {logging_mixin.py:190} INFO - [2026-05-08T21:33:29.233+0000] {dag.py:4180} INFO - Setting next_dagrun for example_subdag_operator.section-1 to None, run_after=None
[2026-05-08T21:33:29.234+0000] {logging_mixin.py:190} INFO - [2026-05-08T21:33:29.234+0000] {dag.py:4180} INFO - Setting next_dagrun for example_subdag_operator.section-2 to None, run_after=None
[2026-05-08T21:33:29.240+0000] {logging_mixin.py:190} INFO - [2026-05-08T21:33:29.239+0000] {dag.py:3239} INFO - Sync 2 DAGs
[2026-05-08T21:33:29.244+0000] {logging_mixin.py:190} INFO - [2026-05-08T21:33:29.244+0000] {dag.py:4180} INFO - Setting next_dagrun for example_subdag_operator.section-1 to None, run_after=None
[2026-05-08T21:33:29.244+0000] {logging_mixin.py:190} INFO - [2026-05-08T21:33:29.244+0000] {dag.py:4180} INFO - Setting next_dagrun for example_subdag_operator.section-2 to None, run_after=None
[2026-05-08T21:33:29.252+0000] {processor.py:208} INFO - Processing /home/airflow/.local/lib/python3.12/site-packages/airflow/example_dags/example_subdag_operator.py took 0.084 seconds
[2026-05-08T21:33:59.922+0000] {processor.py:186} INFO - Started process (PID=7903) to work on /home/airflow/.local/lib/python3.12/site-packages/airflow/example_dags/example_subdag_operator.py
[2026-05-08T21:33:59.923+0000] {processor.py:914} INFO - Processing file /home/airflow/.local/lib/python3.12/site-packages/airflow/example_dags/example_subdag_operator.py for tasks to queue
[2026-05-08T21:33:59.925+0000] {logging_mixin.py:190} INFO - [2026-05-08T21:33:59.925+0000] {dagbag.py:588} INFO - Filling up the DagBag from /home/airflow/.local/lib/python3.12/site-packages/airflow/example_dags/example_subdag_operator.py
[2026-05-08T21:33:59.949+0000] {processor.py:925} INFO - DAG(s) 'example_subdag_operator.section-1', 'example_subdag_operator.section-2', 'example_subdag_operator' retrieved from /home/airflow/.local/lib/python3.12/site-packages/airflow/example_dags/example_subdag_operator.py
[2026-05-08T21:33:59.965+0000] {logging_mixin.py:190} INFO - [2026-05-08T21:33:59.965+0000] {dag.py:3239} INFO - Sync 3 DAGs
[2026-05-08T21:34:00.005+0000] {logging_mixin.py:190} INFO - [2026-05-08T21:34:00.005+0000] {dag.py:4180} INFO - Setting next_dagrun for example_subdag_operator to 2022-01-01 00:00:00+00:00, run_after=2022-01-01 00:00:00+00:00
[2026-05-08T21:34:00.009+0000] {logging_mixin.py:190} INFO - [2026-05-08T21:34:00.009+0000] {dag.py:4180} INFO - Setting next_dagrun for example_subdag_operator.section-1 to None, run_after=None
[2026-05-08T21:34:00.014+0000] {logging_mixin.py:190} INFO - [2026-05-08T21:34:00.014+0000] {dag.py:4180} INFO - Setting next_dagrun for example_subdag_operator.section-2 to None, run_after=None
[2026-05-08T21:34:00.027+0000] {logging_mixin.py:190} INFO - [2026-05-08T21:34:00.026+0000] {dag.py:3239} INFO - Sync 2 DAGs
[2026-05-08T21:34:00.032+0000] {logging_mixin.py:190} INFO - [2026-05-08T21:34:00.032+0000] {dag.py:4180} INFO - Setting next_dagrun for example_subdag_operator.section-1 to None, run_after=None
[2026-05-08T21:34:00.033+0000] {logging_mixin.py:190} INFO - [2026-05-08T21:34:00.032+0000] {dag.py:4180} INFO - Setting next_dagrun for example_subdag_operator.section-2 to None, run_after=None
[2026-05-08T21:34:00.043+0000] {processor.py:208} INFO - Processing /home/airflow/.local/lib/python3.12/site-packages/airflow/example_dags/example_subdag_operator.py took 0.125 seconds
[2026-05-08T21:34:30.913+0000] {processor.py:186} INFO - Started process (PID=7967) to work on /home/airflow/.local/lib/python3.12/site-packages/airflow/example_dags/example_subdag_operator.py
[2026-05-08T21:34:30.914+0000] {processor.py:914} INFO - Processing file /home/airflow/.local/lib/python3.12/site-packages/airflow/example_dags/example_subdag_operator.py for tasks to queue
[2026-05-08T21:34:30.916+0000] {logging_mixin.py:190} INFO - [2026-05-08T21:34:30.915+0000] {dagbag.py:588} INFO - Filling up the DagBag from /home/airflow/.local/lib/python3.12/site-packages/airflow/example_dags/example_subdag_operator.py
[2026-05-08T21:34:30.938+0000] {processor.py:925} INFO - DAG(s) 'example_subdag_operator.section-1', 'example_subdag_operator.section-2', 'example_subdag_operator' retrieved from /home/airflow/.local/lib/python3.12/site-packages/airflow/example_dags/example_subdag_operator.py
[2026-05-08T21:34:30.954+0000] {logging_mixin.py:190} INFO - [2026-05-08T21:34:30.953+0000] {dag.py:3239} INFO - Sync 3 DAGs
[2026-05-08T21:34:30.976+0000] {logging_mixin.py:190} INFO - [2026-05-08T21:34:30.976+0000] {dag.py:4180} INFO - Setting next_dagrun for example_subdag_operator to 2022-01-01 00:00:00+00:00, run_after=2022-01-01 00:00:00+00:00
[2026-05-08T21:34:30.980+0000] {logging_mixin.py:190} INFO - [2026-05-08T21:34:30.979+0000] {dag.py:4180} INFO - Setting next_dagrun for example_subdag_operator.section-1 to None, run_after=None
[2026-05-08T21:34:30.982+0000] {logging_mixin.py:190} INFO - [2026-05-08T21:34:30.982+0000] {dag.py:4180} INFO - Setting next_dagrun for example_subdag_operator.section-2 to None, run_after=None
[2026-05-08T21:34:30.988+0000] {logging_mixin.py:190} INFO - [2026-05-08T21:34:30.987+0000] {dag.py:3239} INFO - Sync 2 DAGs
[2026-05-08T21:34:30.992+0000] {logging_mixin.py:190} INFO - [2026-05-08T21:34:30.992+0000] {dag.py:4180} INFO - Setting next_dagrun for example_subdag_operator.section-1 to None, run_after=None
[2026-05-08T21:34:30.992+0000] {logging_mixin.py:190} INFO - [2026-05-08T21:34:30.992+0000] {dag.py:4180} INFO - Setting next_dagrun for example_subdag_operator.section-2 to None, run_after=None
[2026-05-08T21:34:30.999+0000] {processor.py:208} INFO - Processing /home/airflow/.local/lib/python3.12/site-packages/airflow/example_dags/example_subdag_operator.py took 0.091 seconds
[2026-05-08T21:35:01.244+0000] {processor.py:186} INFO - Started process (PID=8031) to work on /home/airflow/.local/lib/python3.12/site-packages/airflow/example_dags/example_subdag_operator.py
[2026-05-08T21:35:01.244+0000] {processor.py:914} INFO - Processing file /home/airflow/.local/lib/python3.12/site-packages/airflow/example_dags/example_subdag_operator.py for tasks to queue
[2026-05-08T21:35:01.246+0000] {logging_mixin.py:190} INFO - [2026-05-08T21:35:01.246+0000] {dagbag.py:588} INFO - Filling up the DagBag from /home/airflow/.local/lib/python3.12/site-packages/airflow/example_dags/example_subdag_operator.py
[2026-05-08T21:35:01.271+0000] {processor.py:925} INFO - DAG(s) 'example_subdag_operator.section-1', 'example_subdag_operator.section-2', 'example_subdag_operator' retrieved from /home/airflow/.local/lib/python3.12/site-packages/airflow/example_dags/example_subdag_operator.py
[2026-05-08T21:35:01.290+0000] {logging_mixin.py:190} INFO - [2026-05-08T21:35:01.290+0000] {dag.py:3239} INFO - Sync 3 DAGs
[2026-05-08T21:35:01.316+0000] {logging_mixin.py:190} INFO - [2026-05-08T21:35:01.316+0000] {dag.py:4180} INFO - Setting next_dagrun for example_subdag_operator to 2022-01-01 00:00:00+00:00, run_after=2022-01-01 00:00:00+00:00
[2026-05-08T21:35:01.319+0000] {logging_mixin.py:190} INFO - [2026-05-08T21:35:01.319+0000] {dag.py:4180} INFO - Setting next_dagrun for example_subdag_operator.section-1 to None, run_after=None
[2026-05-08T21:35:01.321+0000] {logging_mixin.py:190} INFO - [2026-05-08T21:35:01.321+0000] {dag.py:4180} INFO - Setting next_dagrun for example_subdag_operator.section-2 to None, run_after=None
[2026-05-08T21:35:01.326+0000] {logging_mixin.py:190} INFO - [2026-05-08T21:35:01.326+0000] {dag.py:3239} INFO - Sync 2 DAGs
[2026-05-08T21:35:01.333+0000] {logging_mixin.py:190} INFO - [2026-05-08T21:35:01.333+0000] {dag.py:4180} INFO - Setting next_dagrun for example_subdag_operator.section-1 to None, run_after=None
[2026-05-08T21:35:01.334+0000] {logging_mixin.py:190} INFO - [2026-05-08T21:35:01.333+0000] {dag.py:4180} INFO - Setting next_dagrun for example_subdag_operator.section-2 to None, run_after=None
[2026-05-08T21:35:01.343+0000] {processor.py:208} INFO - Processing /home/airflow/.local/lib/python3.12/site-packages/airflow/example_dags/example_subdag_operator.py took 0.105 seconds
[2026-05-08T21:35:31.420+0000] {processor.py:186} INFO - Started process (PID=8095) to work on /home/airflow/.local/lib/python3.12/site-packages/airflow/example_dags/example_subdag_operator.py
[2026-05-08T21:35:31.421+0000] {processor.py:914} INFO - Processing file /home/airflow/.local/lib/python3.12/site-packages/airflow/example_dags/example_subdag_operator.py for tasks to queue
[2026-05-08T21:35:31.423+0000] {logging_mixin.py:190} INFO - [2026-05-08T21:35:31.422+0000] {dagbag.py:588} INFO - Filling up the DagBag from /home/airflow/.local/lib/python3.12/site-packages/airflow/example_dags/example_subdag_operator.py
[2026-05-08T21:35:31.443+0000] {processor.py:925} INFO - DAG(s) 'example_subdag_operator.section-1', 'example_subdag_operator.section-2', 'example_subdag_operator' retrieved from /home/airflow/.local/lib/python3.12/site-packages/airflow/example_dags/example_subdag_operator.py
[2026-05-08T21:35:31.454+0000] {logging_mixin.py:190} INFO - [2026-05-08T21:35:31.454+0000] {dag.py:3239} INFO - Sync 3 DAGs
[2026-05-08T21:35:31.473+0000] {logging_mixin.py:190} INFO - [2026-05-08T21:35:31.473+0000] {dag.py:4180} INFO - Setting next_dagrun for example_subdag_operator to 2022-01-01 00:00:00+00:00, run_after=2022-01-01 00:00:00+00:00
[2026-05-08T21:35:31.476+0000] {logging_mixin.py:190} INFO - [2026-05-08T21:35:31.476+0000] {dag.py:4180} INFO - Setting next_dagrun for example_subdag_operator.section-1 to None, run_after=None
[2026-05-08T21:35:31.477+0000] {logging_mixin.py:190} INFO - [2026-05-08T21:35:31.476+0000] {dag.py:4180} INFO - Setting next_dagrun for example_subdag_operator.section-2 to None, run_after=None
[2026-05-08T21:35:31.482+0000] {logging_mixin.py:190} INFO - [2026-05-08T21:35:31.481+0000] {dag.py:3239} INFO - Sync 2 DAGs
[2026-05-08T21:35:31.485+0000] {logging_mixin.py:190} INFO - [2026-05-08T21:35:31.485+0000] {dag.py:4180} INFO - Setting next_dagrun for example_subdag_operator.section-1 to None, run_after=None
[2026-05-08T21:35:31.486+0000] {logging_mixin.py:190} INFO - [2026-05-08T21:35:31.485+0000] {dag.py:4180} INFO - Setting next_dagrun for example_subdag_operator.section-2 to None, run_after=None
[2026-05-08T21:35:31.492+0000] {processor.py:208} INFO - Processing /home/airflow/.local/lib/python3.12/site-packages/airflow/example_dags/example_subdag_operator.py took 0.077 seconds
[2026-05-08T21:36:02.438+0000] {processor.py:186} INFO - Started process (PID=8153) to work on /home/airflow/.local/lib/python3.12/site-packages/airflow/example_dags/example_subdag_operator.py
[2026-05-08T21:36:02.439+0000] {processor.py:914} INFO - Processing file /home/airflow/.local/lib/python3.12/site-packages/airflow/example_dags/example_subdag_operator.py for tasks to queue
[2026-05-08T21:36:02.441+0000] {logging_mixin.py:190} INFO - [2026-05-08T21:36:02.440+0000] {dagbag.py:588} INFO - Filling up the DagBag from /home/airflow/.local/lib/python3.12/site-packages/airflow/example_dags/example_subdag_operator.py
[2026-05-08T21:36:02.460+0000] {processor.py:925} INFO - DAG(s) 'example_subdag_operator.section-1', 'example_subdag_operator.section-2', 'example_subdag_operator' retrieved from /home/airflow/.local/lib/python3.12/site-packages/airflow/example_dags/example_subdag_operator.py
[2026-05-08T21:36:02.472+0000] {logging_mixin.py:190} INFO - [2026-05-08T21:36:02.471+0000] {dag.py:3239} INFO - Sync 3 DAGs
[2026-05-08T21:36:02.489+0000] {logging_mixin.py:190} INFO - [2026-05-08T21:36:02.489+0000] {dag.py:4180} INFO - Setting next_dagrun for example_subdag_operator to 2022-01-01 00:00:00+00:00, run_after=2022-01-01 00:00:00+00:00
[2026-05-08T21:36:02.492+0000] {logging_mixin.py:190} INFO - [2026-05-08T21:36:02.492+0000] {dag.py:4180} INFO - Setting next_dagrun for example_subdag_operator.section-1 to None, run_after=None
[2026-05-08T21:36:02.493+0000] {logging_mixin.py:190} INFO - [2026-05-08T21:36:02.493+0000] {dag.py:4180} INFO - Setting next_dagrun for example_subdag_operator.section-2 to None, run_after=None
[2026-05-08T21:36:02.498+0000] {logging_mixin.py:190} INFO - [2026-05-08T21:36:02.498+0000] {dag.py:3239} INFO - Sync 2 DAGs
[2026-05-08T21:36:02.502+0000] {logging_mixin.py:190} INFO - [2026-05-08T21:36:02.502+0000] {dag.py:4180} INFO - Setting next_dagrun for example_subdag_operator.section-1 to None, run_after=None
[2026-05-08T21:36:02.503+0000] {logging_mixin.py:190} INFO - [2026-05-08T21:36:02.502+0000] {dag.py:4180} INFO - Setting next_dagrun for example_subdag_operator.section-2 to None, run_after=None
[2026-05-08T21:36:02.511+0000] {processor.py:208} INFO - Processing /home/airflow/.local/lib/python3.12/site-packages/airflow/example_dags/example_subdag_operator.py took 0.077 seconds
[2026-05-08T21:36:33.885+0000] {processor.py:186} INFO - Started process (PID=8217) to work on /home/airflow/.local/lib/python3.12/site-packages/airflow/example_dags/example_subdag_operator.py
[2026-05-08T21:36:33.886+0000] {processor.py:914} INFO - Processing file /home/airflow/.local/lib/python3.12/site-packages/airflow/example_dags/example_subdag_operator.py for tasks to queue
[2026-05-08T21:36:33.888+0000] {logging_mixin.py:190} INFO - [2026-05-08T21:36:33.887+0000] {dagbag.py:588} INFO - Filling up the DagBag from /home/airflow/.local/lib/python3.12/site-packages/airflow/example_dags/example_subdag_operator.py
[2026-05-08T21:36:33.909+0000] {processor.py:925} INFO - DAG(s) 'example_subdag_operator.section-1', 'example_subdag_operator.section-2', 'example_subdag_operator' retrieved from /home/airflow/.local/lib/python3.12/site-packages/airflow/example_dags/example_subdag_operator.py
[2026-05-08T21:36:33.924+0000] {logging_mixin.py:190} INFO - [2026-05-08T21:36:33.924+0000] {dag.py:3239} INFO - Sync 3 DAGs
[2026-05-08T21:36:33.942+0000] {logging_mixin.py:190} INFO - [2026-05-08T21:36:33.942+0000] {dag.py:4180} INFO - Setting next_dagrun for example_subdag_operator to 2022-01-01 00:00:00+00:00, run_after=2022-01-01 00:00:00+00:00
[2026-05-08T21:36:33.945+0000] {logging_mixin.py:190} INFO - [2026-05-08T21:36:33.945+0000] {dag.py:4180} INFO - Setting next_dagrun for example_subdag_operator.section-1 to None, run_after=None
[2026-05-08T21:36:33.946+0000] {logging_mixin.py:190} INFO - [2026-05-08T21:36:33.946+0000] {dag.py:4180} INFO - Setting next_dagrun for example_subdag_operator.section-2 to None, run_after=None
[2026-05-08T21:36:33.951+0000] {logging_mixin.py:190} INFO - [2026-05-08T21:36:33.951+0000] {dag.py:3239} INFO - Sync 2 DAGs
[2026-05-08T21:36:33.955+0000] {logging_mixin.py:190} INFO - [2026-05-08T21:36:33.955+0000] {dag.py:4180} INFO - Setting next_dagrun for example_subdag_operator.section-1 to None, run_after=None
[2026-05-08T21:36:33.956+0000] {logging_mixin.py:190} INFO - [2026-05-08T21:36:33.956+0000] {dag.py:4180} INFO - Setting next_dagrun for example_subdag_operator.section-2 to None, run_after=None
[2026-05-08T21:36:33.964+0000] {processor.py:208} INFO - Processing /home/airflow/.local/lib/python3.12/site-packages/airflow/example_dags/example_subdag_operator.py took 0.084 seconds
[2026-05-08T21:37:04.915+0000] {processor.py:186} INFO - Started process (PID=8281) to work on /home/airflow/.local/lib/python3.12/site-packages/airflow/example_dags/example_subdag_operator.py
[2026-05-08T21:37:04.915+0000] {processor.py:914} INFO - Processing file /home/airflow/.local/lib/python3.12/site-packages/airflow/example_dags/example_subdag_operator.py for tasks to queue
[2026-05-08T21:37:04.917+0000] {logging_mixin.py:190} INFO - [2026-05-08T21:37:04.917+0000] {dagbag.py:588} INFO - Filling up the DagBag from /home/airflow/.local/lib/python3.12/site-packages/airflow/example_dags/example_subdag_operator.py
[2026-05-08T21:37:04.939+0000] {processor.py:925} INFO - DAG(s) 'example_subdag_operator.section-1', 'example_subdag_operator.section-2', 'example_subdag_operator' retrieved from /home/airflow/.local/lib/python3.12/site-packages/airflow/example_dags/example_subdag_operator.py
[2026-05-08T21:37:04.952+0000] {logging_mixin.py:190} INFO - [2026-05-08T21:37:04.952+0000] {dag.py:3239} INFO - Sync 3 DAGs
[2026-05-08T21:37:04.976+0000] {logging_mixin.py:190} INFO - [2026-05-08T21:37:04.976+0000] {dag.py:4180} INFO - Setting next_dagrun for example_subdag_operator to 2022-01-01 00:00:00+00:00, run_after=2022-01-01 00:00:00+00:00
[2026-05-08T21:37:04.979+0000] {logging_mixin.py:190} INFO - [2026-05-08T21:37:04.979+0000] {dag.py:4180} INFO - Setting next_dagrun for example_subdag_operator.section-1 to None, run_after=None
[2026-05-08T21:37:04.980+0000] {logging_mixin.py:190} INFO - [2026-05-08T21:37:04.980+0000] {dag.py:4180} INFO - Setting next_dagrun for example_subdag_operator.section-2 to None, run_after=None
[2026-05-08T21:37:04.985+0000] {logging_mixin.py:190} INFO - [2026-05-08T21:37:04.985+0000] {dag.py:3239} INFO - Sync 2 DAGs
[2026-05-08T21:37:04.990+0000] {logging_mixin.py:190} INFO - [2026-05-08T21:37:04.990+0000] {dag.py:4180} INFO - Setting next_dagrun for example_subdag_operator.section-1 to None, run_after=None
[2026-05-08T21:37:04.990+0000] {logging_mixin.py:190} INFO - [2026-05-08T21:37:04.990+0000] {dag.py:4180} INFO - Setting next_dagrun for example_subdag_operator.section-2 to None, run_after=None
[2026-05-08T21:37:05.000+0000] {processor.py:208} INFO - Processing /home/airflow/.local/lib/python3.12/site-packages/airflow/example_dags/example_subdag_operator.py took 0.089 seconds
[2026-05-08T21:37:36.539+0000] {processor.py:186} INFO - Started process (PID=8345) to work on /home/airflow/.local/lib/python3.12/site-packages/airflow/example_dags/example_subdag_operator.py
[2026-05-08T21:37:36.540+0000] {processor.py:914} INFO - Processing file /home/airflow/.local/lib/python3.12/site-packages/airflow/example_dags/example_subdag_operator.py for tasks to queue
[2026-05-08T21:37:36.541+0000] {logging_mixin.py:190} INFO - [2026-05-08T21:37:36.541+0000] {dagbag.py:588} INFO - Filling up the DagBag from /home/airflow/.local/lib/python3.12/site-packages/airflow/example_dags/example_subdag_operator.py
[2026-05-08T21:37:36.565+0000] {processor.py:925} INFO - DAG(s) 'example_subdag_operator.section-1', 'example_subdag_operator.section-2', 'example_subdag_operator' retrieved from /home/airflow/.local/lib/python3.12/site-packages/airflow/example_dags/example_subdag_operator.py
[2026-05-08T21:37:36.580+0000] {logging_mixin.py:190} INFO - [2026-05-08T21:37:36.580+0000] {dag.py:3239} INFO - Sync 3 DAGs
[2026-05-08T21:37:36.599+0000] {logging_mixin.py:190} INFO - [2026-05-08T21:37:36.599+0000] {dag.py:4180} INFO - Setting next_dagrun for example_subdag_operator to 2022-01-01 00:00:00+00:00, run_after=2022-01-01 00:00:00+00:00
[2026-05-08T21:37:36.602+0000] {logging_mixin.py:190} INFO - [2026-05-08T21:37:36.602+0000] {dag.py:4180} INFO - Setting next_dagrun for example_subdag_operator.section-1 to None, run_after=None
[2026-05-08T21:37:36.603+0000] {logging_mixin.py:190} INFO - [2026-05-08T21:37:36.603+0000] {dag.py:4180} INFO - Setting next_dagrun for example_subdag_operator.section-2 to None, run_after=None
[2026-05-08T21:37:36.609+0000] {logging_mixin.py:190} INFO - [2026-05-08T21:37:36.609+0000] {dag.py:3239} INFO - Sync 2 DAGs
[2026-05-08T21:37:36.614+0000] {logging_mixin.py:190} INFO - [2026-05-08T21:37:36.614+0000] {dag.py:4180} INFO - Setting next_dagrun for example_subdag_operator.section-1 to None, run_after=None
[2026-05-08T21:37:36.615+0000] {logging_mixin.py:190} INFO - [2026-05-08T21:37:36.614+0000] {dag.py:4180} INFO - Setting next_dagrun for example_subdag_operator.section-2 to None, run_after=None
[2026-05-08T21:37:36.624+0000] {processor.py:208} INFO - Processing /home/airflow/.local/lib/python3.12/site-packages/airflow/example_dags/example_subdag_operator.py took 0.089 seconds
[2026-05-08T21:38:07.327+0000] {processor.py:186} INFO - Started process (PID=8415) to work on /home/airflow/.local/lib/python3.12/site-packages/airflow/example_dags/example_subdag_operator.py
[2026-05-08T21:38:07.328+0000] {processor.py:914} INFO - Processing file /home/airflow/.local/lib/python3.12/site-packages/airflow/example_dags/example_subdag_operator.py for tasks to queue
[2026-05-08T21:38:07.329+0000] {logging_mixin.py:190} INFO - [2026-05-08T21:38:07.329+0000] {dagbag.py:588} INFO - Filling up the DagBag from /home/airflow/.local/lib/python3.12/site-packages/airflow/example_dags/example_subdag_operator.py
[2026-05-08T21:38:07.352+0000] {processor.py:925} INFO - DAG(s) 'example_subdag_operator.section-1', 'example_subdag_operator.section-2', 'example_subdag_operator' retrieved from /home/airflow/.local/lib/python3.12/site-packages/airflow/example_dags/example_subdag_operator.py
[2026-05-08T21:38:07.367+0000] {logging_mixin.py:190} INFO - [2026-05-08T21:38:07.366+0000] {dag.py:3239} INFO - Sync 3 DAGs
[2026-05-08T21:38:07.390+0000] {logging_mixin.py:190} INFO - [2026-05-08T21:38:07.390+0000] {dag.py:4180} INFO - Setting next_dagrun for example_subdag_operator to 2022-01-01 00:00:00+00:00, run_after=2022-01-01 00:00:00+00:00
[2026-05-08T21:38:07.393+0000] {logging_mixin.py:190} INFO - [2026-05-08T21:38:07.393+0000] {dag.py:4180} INFO - Setting next_dagrun for example_subdag_operator.section-1 to None, run_after=None
[2026-05-08T21:38:07.394+0000] {logging_mixin.py:190} INFO - [2026-05-08T21:38:07.394+0000] {dag.py:4180} INFO - Setting next_dagrun for example_subdag_operator.section-2 to None, run_after=None
[2026-05-08T21:38:07.401+0000] {logging_mixin.py:190} INFO - [2026-05-08T21:38:07.401+0000] {dag.py:3239} INFO - Sync 2 DAGs
[2026-05-08T21:38:07.406+0000] {logging_mixin.py:190} INFO - [2026-05-08T21:38:07.406+0000] {dag.py:4180} INFO - Setting next_dagrun for example_subdag_operator.section-1 to None, run_after=None
[2026-05-08T21:38:07.407+0000] {logging_mixin.py:190} INFO - [2026-05-08T21:38:07.406+0000] {dag.py:4180} INFO - Setting next_dagrun for example_subdag_operator.section-2 to None, run_after=None
[2026-05-08T21:38:07.416+0000] {processor.py:208} INFO - Processing /home/airflow/.local/lib/python3.12/site-packages/airflow/example_dags/example_subdag_operator.py took 0.094 seconds
[2026-05-08T21:38:38.661+0000] {processor.py:186} INFO - Started process (PID=8479) to work on /home/airflow/.local/lib/python3.12/site-packages/airflow/example_dags/example_subdag_operator.py
[2026-05-08T21:38:38.661+0000] {processor.py:914} INFO - Processing file /home/airflow/.local/lib/python3.12/site-packages/airflow/example_dags/example_subdag_operator.py for tasks to queue
[2026-05-08T21:38:38.663+0000] {logging_mixin.py:190} INFO - [2026-05-08T21:38:38.663+0000] {dagbag.py:588} INFO - Filling up the DagBag from /home/airflow/.local/lib/python3.12/site-packages/airflow/example_dags/example_subdag_operator.py
[2026-05-08T21:38:38.688+0000] {processor.py:925} INFO - DAG(s) 'example_subdag_operator.section-1', 'example_subdag_operator.section-2', 'example_subdag_operator' retrieved from /home/airflow/.local/lib/python3.12/site-packages/airflow/example_dags/example_subdag_operator.py
[2026-05-08T21:38:38.705+0000] {logging_mixin.py:190} INFO - [2026-05-08T21:38:38.704+0000] {dag.py:3239} INFO - Sync 3 DAGs
[2026-05-08T21:38:38.725+0000] {logging_mixin.py:190} INFO - [2026-05-08T21:38:38.725+0000] {dag.py:4180} INFO - Setting next_dagrun for example_subdag_operator to 2022-01-01 00:00:00+00:00, run_after=2022-01-01 00:00:00+00:00
[2026-05-08T21:38:38.728+0000] {logging_mixin.py:190} INFO - [2026-05-08T21:38:38.728+0000] {dag.py:4180} INFO - Setting next_dagrun for example_subdag_operator.section-1 to None, run_after=None
[2026-05-08T21:38:38.729+0000] {logging_mixin.py:190} INFO - [2026-05-08T21:38:38.729+0000] {dag.py:4180} INFO - Setting next_dagrun for example_subdag_operator.section-2 to None, run_after=None
[2026-05-08T21:38:38.735+0000] {logging_mixin.py:190} INFO - [2026-05-08T21:38:38.735+0000] {dag.py:3239} INFO - Sync 2 DAGs
[2026-05-08T21:38:38.740+0000] {logging_mixin.py:190} INFO - [2026-05-08T21:38:38.740+0000] {dag.py:4180} INFO - Setting next_dagrun for example_subdag_operator.section-1 to None, run_after=None
[2026-05-08T21:38:38.741+0000] {logging_mixin.py:190} INFO - [2026-05-08T21:38:38.740+0000] {dag.py:4180} INFO - Setting next_dagrun for example_subdag_operator.section-2 to None, run_after=None
[2026-05-08T21:38:38.748+0000] {processor.py:208} INFO - Processing /home/airflow/.local/lib/python3.12/site-packages/airflow/example_dags/example_subdag_operator.py took 0.093 seconds
[2026-05-08T21:39:10.302+0000] {processor.py:186} INFO - Started process (PID=8544) to work on /home/airflow/.local/lib/python3.12/site-packages/airflow/example_dags/example_subdag_operator.py
[2026-05-08T21:39:10.303+0000] {processor.py:914} INFO - Processing file /home/airflow/.local/lib/python3.12/site-packages/airflow/example_dags/example_subdag_operator.py for tasks to queue
[2026-05-08T21:39:10.304+0000] {logging_mixin.py:190} INFO - [2026-05-08T21:39:10.304+0000] {dagbag.py:588} INFO - Filling up the DagBag from /home/airflow/.local/lib/python3.12/site-packages/airflow/example_dags/example_subdag_operator.py
[2026-05-08T21:39:10.324+0000] {processor.py:925} INFO - DAG(s) 'example_subdag_operator.section-1', 'example_subdag_operator.section-2', 'example_subdag_operator' retrieved from /home/airflow/.local/lib/python3.12/site-packages/airflow/example_dags/example_subdag_operator.py
[2026-05-08T21:39:10.335+0000] {logging_mixin.py:190} INFO - [2026-05-08T21:39:10.335+0000] {dag.py:3239} INFO - Sync 3 DAGs
[2026-05-08T21:39:10.353+0000] {logging_mixin.py:190} INFO - [2026-05-08T21:39:10.352+0000] {dag.py:4180} INFO - Setting next_dagrun for example_subdag_operator to 2022-01-01 00:00:00+00:00, run_after=2022-01-01 00:00:00+00:00
[2026-05-08T21:39:10.355+0000] {logging_mixin.py:190} INFO - [2026-05-08T21:39:10.355+0000] {dag.py:4180} INFO - Setting next_dagrun for example_subdag_operator.section-1 to None, run_after=None
[2026-05-08T21:39:10.356+0000] {logging_mixin.py:190} INFO - [2026-05-08T21:39:10.356+0000] {dag.py:4180} INFO - Setting next_dagrun for example_subdag_operator.section-2 to None, run_after=None
[2026-05-08T21:39:10.361+0000] {logging_mixin.py:190} INFO - [2026-05-08T21:39:10.361+0000] {dag.py:3239} INFO - Sync 2 DAGs
[2026-05-08T21:39:10.366+0000] {logging_mixin.py:190} INFO - [2026-05-08T21:39:10.366+0000] {dag.py:4180} INFO - Setting next_dagrun for example_subdag_operator.section-1 to None, run_after=None
[2026-05-08T21:39:10.366+0000] {logging_mixin.py:190} INFO - [2026-05-08T21:39:10.366+0000] {dag.py:4180} INFO - Setting next_dagrun for example_subdag_operator.section-2 to None, run_after=None
[2026-05-08T21:39:10.374+0000] {processor.py:208} INFO - Processing /home/airflow/.local/lib/python3.12/site-packages/airflow/example_dags/example_subdag_operator.py took 0.076 seconds
[2026-05-08T21:39:41.698+0000] {processor.py:186} INFO - Started process (PID=8608) to work on /home/airflow/.local/lib/python3.12/site-packages/airflow/example_dags/example_subdag_operator.py
[2026-05-08T21:39:41.698+0000] {processor.py:914} INFO - Processing file /home/airflow/.local/lib/python3.12/site-packages/airflow/example_dags/example_subdag_operator.py for tasks to queue
[2026-05-08T21:39:41.701+0000] {logging_mixin.py:190} INFO - [2026-05-08T21:39:41.700+0000] {dagbag.py:588} INFO - Filling up the DagBag from /home/airflow/.local/lib/python3.12/site-packages/airflow/example_dags/example_subdag_operator.py
[2026-05-08T21:39:41.728+0000] {processor.py:925} INFO - DAG(s) 'example_subdag_operator.section-1', 'example_subdag_operator.section-2', 'example_subdag_operator' retrieved from /home/airflow/.local/lib/python3.12/site-packages/airflow/example_dags/example_subdag_operator.py
[2026-05-08T21:39:41.746+0000] {logging_mixin.py:190} INFO - [2026-05-08T21:39:41.746+0000] {dag.py:3239} INFO - Sync 3 DAGs
[2026-05-08T21:39:41.775+0000] {logging_mixin.py:190} INFO - [2026-05-08T21:39:41.775+0000] {dag.py:4180} INFO - Setting next_dagrun for example_subdag_operator to 2022-01-01 00:00:00+00:00, run_after=2022-01-01 00:00:00+00:00
[2026-05-08T21:39:41.779+0000] {logging_mixin.py:190} INFO - [2026-05-08T21:39:41.779+0000] {dag.py:4180} INFO - Setting next_dagrun for example_subdag_operator.section-1 to None, run_after=None
[2026-05-08T21:39:41.780+0000] {logging_mixin.py:190} INFO - [2026-05-08T21:39:41.780+0000] {dag.py:4180} INFO - Setting next_dagrun for example_subdag_operator.section-2 to None, run_after=None
[2026-05-08T21:39:41.788+0000] {logging_mixin.py:190} INFO - [2026-05-08T21:39:41.788+0000] {dag.py:3239} INFO - Sync 2 DAGs
[2026-05-08T21:39:41.793+0000] {logging_mixin.py:190} INFO - [2026-05-08T21:39:41.793+0000] {dag.py:4180} INFO - Setting next_dagrun for example_subdag_operator.section-1 to None, run_after=None
[2026-05-08T21:39:41.794+0000] {logging_mixin.py:190} INFO - [2026-05-08T21:39:41.794+0000] {dag.py:4180} INFO - Setting next_dagrun for example_subdag_operator.section-2 to None, run_after=None
[2026-05-08T21:39:41.803+0000] {processor.py:208} INFO - Processing /home/airflow/.local/lib/python3.12/site-packages/airflow/example_dags/example_subdag_operator.py took 0.112 seconds
[2026-05-08T21:40:12.657+0000] {processor.py:186} INFO - Started process (PID=8672) to work on /home/airflow/.local/lib/python3.12/site-packages/airflow/example_dags/example_subdag_operator.py
[2026-05-08T21:40:12.657+0000] {processor.py:914} INFO - Processing file /home/airflow/.local/lib/python3.12/site-packages/airflow/example_dags/example_subdag_operator.py for tasks to queue
[2026-05-08T21:40:12.660+0000] {logging_mixin.py:190} INFO - [2026-05-08T21:40:12.660+0000] {dagbag.py:588} INFO - Filling up the DagBag from /home/airflow/.local/lib/python3.12/site-packages/airflow/example_dags/example_subdag_operator.py
[2026-05-08T21:40:12.687+0000] {processor.py:925} INFO - DAG(s) 'example_subdag_operator.section-1', 'example_subdag_operator.section-2', 'example_subdag_operator' retrieved from /home/airflow/.local/lib/python3.12/site-packages/airflow/example_dags/example_subdag_operator.py
[2026-05-08T21:40:12.704+0000] {logging_mixin.py:190} INFO - [2026-05-08T21:40:12.704+0000] {dag.py:3239} INFO - Sync 3 DAGs
[2026-05-08T21:40:12.730+0000] {logging_mixin.py:190} INFO - [2026-05-08T21:40:12.730+0000] {dag.py:4180} INFO - Setting next_dagrun for example_subdag_operator to 2022-01-01 00:00:00+00:00, run_after=2022-01-01 00:00:00+00:00
[2026-05-08T21:40:12.734+0000] {logging_mixin.py:190} INFO - [2026-05-08T21:40:12.734+0000] {dag.py:4180} INFO - Setting next_dagrun for example_subdag_operator.section-1 to None, run_after=None
[2026-05-08T21:40:12.736+0000] {logging_mixin.py:190} INFO - [2026-05-08T21:40:12.735+0000] {dag.py:4180} INFO - Setting next_dagrun for example_subdag_operator.section-2 to None, run_after=None
[2026-05-08T21:40:12.743+0000] {logging_mixin.py:190} INFO - [2026-05-08T21:40:12.742+0000] {dag.py:3239} INFO - Sync 2 DAGs
[2026-05-08T21:40:12.748+0000] {logging_mixin.py:190} INFO - [2026-05-08T21:40:12.748+0000] {dag.py:4180} INFO - Setting next_dagrun for example_subdag_operator.section-1 to None, run_after=None
[2026-05-08T21:40:12.749+0000] {logging_mixin.py:190} INFO - [2026-05-08T21:40:12.749+0000] {dag.py:4180} INFO - Setting next_dagrun for example_subdag_operator.section-2 to None, run_after=None
[2026-05-08T21:40:12.759+0000] {processor.py:208} INFO - Processing /home/airflow/.local/lib/python3.12/site-packages/airflow/example_dags/example_subdag_operator.py took 0.109 seconds
[2026-05-08T21:40:43.923+0000] {processor.py:186} INFO - Started process (PID=8736) to work on /home/airflow/.local/lib/python3.12/site-packages/airflow/example_dags/example_subdag_operator.py
[2026-05-08T21:40:43.924+0000] {processor.py:914} INFO - Processing file /home/airflow/.local/lib/python3.12/site-packages/airflow/example_dags/example_subdag_operator.py for tasks to queue
[2026-05-08T21:40:43.925+0000] {logging_mixin.py:190} INFO - [2026-05-08T21:40:43.925+0000] {dagbag.py:588} INFO - Filling up the DagBag from /home/airflow/.local/lib/python3.12/site-packages/airflow/example_dags/example_subdag_operator.py
[2026-05-08T21:40:43.947+0000] {processor.py:925} INFO - DAG(s) 'example_subdag_operator.section-1', 'example_subdag_operator.section-2', 'example_subdag_operator' retrieved from /home/airflow/.local/lib/python3.12/site-packages/airflow/example_dags/example_subdag_operator.py
[2026-05-08T21:40:43.963+0000] {logging_mixin.py:190} INFO - [2026-05-08T21:40:43.962+0000] {dag.py:3239} INFO - Sync 3 DAGs
[2026-05-08T21:40:43.986+0000] {logging_mixin.py:190} INFO - [2026-05-08T21:40:43.985+0000] {dag.py:4180} INFO - Setting next_dagrun for example_subdag_operator to 2022-01-01 00:00:00+00:00, run_after=2022-01-01 00:00:00+00:00
[2026-05-08T21:40:43.989+0000] {logging_mixin.py:190} INFO - [2026-05-08T21:40:43.989+0000] {dag.py:4180} INFO - Setting next_dagrun for example_subdag_operator.section-1 to None, run_after=None
[2026-05-08T21:40:43.991+0000] {logging_mixin.py:190} INFO - [2026-05-08T21:40:43.990+0000] {dag.py:4180} INFO - Setting next_dagrun for example_subdag_operator.section-2 to None, run_after=None
[2026-05-08T21:40:43.997+0000] {logging_mixin.py:190} INFO - [2026-05-08T21:40:43.997+0000] {dag.py:3239} INFO - Sync 2 DAGs
[2026-05-08T21:40:44.002+0000] {logging_mixin.py:190} INFO - [2026-05-08T21:40:44.002+0000] {dag.py:4180} INFO - Setting next_dagrun for example_subdag_operator.section-1 to None, run_after=None
[2026-05-08T21:40:44.003+0000] {logging_mixin.py:190} INFO - [2026-05-08T21:40:44.002+0000] {dag.py:4180} INFO - Setting next_dagrun for example_subdag_operator.section-2 to None, run_after=None
[2026-05-08T21:40:44.012+0000] {processor.py:208} INFO - Processing /home/airflow/.local/lib/python3.12/site-packages/airflow/example_dags/example_subdag_operator.py took 0.093 seconds
[2026-05-08T21:41:15.271+0000] {processor.py:186} INFO - Started process (PID=8800) to work on /home/airflow/.local/lib/python3.12/site-packages/airflow/example_dags/example_subdag_operator.py
[2026-05-08T21:41:15.272+0000] {processor.py:914} INFO - Processing file /home/airflow/.local/lib/python3.12/site-packages/airflow/example_dags/example_subdag_operator.py for tasks to queue
[2026-05-08T21:41:15.274+0000] {logging_mixin.py:190} INFO - [2026-05-08T21:41:15.274+0000] {dagbag.py:588} INFO - Filling up the DagBag from /home/airflow/.local/lib/python3.12/site-packages/airflow/example_dags/example_subdag_operator.py
[2026-05-08T21:41:15.297+0000] {processor.py:925} INFO - DAG(s) 'example_subdag_operator.section-1', 'example_subdag_operator.section-2', 'example_subdag_operator' retrieved from /home/airflow/.local/lib/python3.12/site-packages/airflow/example_dags/example_subdag_operator.py
[2026-05-08T21:41:15.308+0000] {logging_mixin.py:190} INFO - [2026-05-08T21:41:15.308+0000] {dag.py:3239} INFO - Sync 3 DAGs
[2026-05-08T21:41:15.328+0000] {logging_mixin.py:190} INFO - [2026-05-08T21:41:15.328+0000] {dag.py:4180} INFO - Setting next_dagrun for example_subdag_operator to 2022-01-01 00:00:00+00:00, run_after=2022-01-01 00:00:00+00:00
[2026-05-08T21:41:15.331+0000] {logging_mixin.py:190} INFO - [2026-05-08T21:41:15.331+0000] {dag.py:4180} INFO - Setting next_dagrun for example_subdag_operator.section-1 to None, run_after=None
[2026-05-08T21:41:15.332+0000] {logging_mixin.py:190} INFO - [2026-05-08T21:41:15.332+0000] {dag.py:4180} INFO - Setting next_dagrun for example_subdag_operator.section-2 to None, run_after=None
[2026-05-08T21:41:15.337+0000] {logging_mixin.py:190} INFO - [2026-05-08T21:41:15.337+0000] {dag.py:3239} INFO - Sync 2 DAGs
[2026-05-08T21:41:15.341+0000] {logging_mixin.py:190} INFO - [2026-05-08T21:41:15.341+0000] {dag.py:4180} INFO - Setting next_dagrun for example_subdag_operator.section-1 to None, run_after=None
[2026-05-08T21:41:15.341+0000] {logging_mixin.py:190} INFO - [2026-05-08T21:41:15.341+0000] {dag.py:4180} INFO - Setting next_dagrun for example_subdag_operator.section-2 to None, run_after=None
[2026-05-08T21:41:15.350+0000] {processor.py:208} INFO - Processing /home/airflow/.local/lib/python3.12/site-packages/airflow/example_dags/example_subdag_operator.py took 0.085 seconds
[2026-05-08T21:41:46.142+0000] {processor.py:186} INFO - Started process (PID=8864) to work on /home/airflow/.local/lib/python3.12/site-packages/airflow/example_dags/example_subdag_operator.py
[2026-05-08T21:41:46.143+0000] {processor.py:914} INFO - Processing file /home/airflow/.local/lib/python3.12/site-packages/airflow/example_dags/example_subdag_operator.py for tasks to queue
[2026-05-08T21:41:46.145+0000] {logging_mixin.py:190} INFO - [2026-05-08T21:41:46.144+0000] {dagbag.py:588} INFO - Filling up the DagBag from /home/airflow/.local/lib/python3.12/site-packages/airflow/example_dags/example_subdag_operator.py
[2026-05-08T21:41:46.165+0000] {processor.py:925} INFO - DAG(s) 'example_subdag_operator.section-1', 'example_subdag_operator.section-2', 'example_subdag_operator' retrieved from /home/airflow/.local/lib/python3.12/site-packages/airflow/example_dags/example_subdag_operator.py
[2026-05-08T21:41:46.176+0000] {logging_mixin.py:190} INFO - [2026-05-08T21:41:46.176+0000] {dag.py:3239} INFO - Sync 3 DAGs
[2026-05-08T21:41:46.196+0000] {logging_mixin.py:190} INFO - [2026-05-08T21:41:46.195+0000] {dag.py:4180} INFO - Setting next_dagrun for example_subdag_operator to 2022-01-01 00:00:00+00:00, run_after=2022-01-01 00:00:00+00:00
[2026-05-08T21:41:46.198+0000] {logging_mixin.py:190} INFO - [2026-05-08T21:41:46.198+0000] {dag.py:4180} INFO - Setting next_dagrun for example_subdag_operator.section-1 to None, run_after=None
[2026-05-08T21:41:46.199+0000] {logging_mixin.py:190} INFO - [2026-05-08T21:41:46.199+0000] {dag.py:4180} INFO - Setting next_dagrun for example_subdag_operator.section-2 to None, run_after=None
[2026-05-08T21:41:46.205+0000] {logging_mixin.py:190} INFO - [2026-05-08T21:41:46.205+0000] {dag.py:3239} INFO - Sync 2 DAGs
[2026-05-08T21:41:46.209+0000] {logging_mixin.py:190} INFO - [2026-05-08T21:41:46.209+0000] {dag.py:4180} INFO - Setting next_dagrun for example_subdag_operator.section-1 to None, run_after=None
[2026-05-08T21:41:46.209+0000] {logging_mixin.py:190} INFO - [2026-05-08T21:41:46.209+0000] {dag.py:4180} INFO - Setting next_dagrun for example_subdag_operator.section-2 to None, run_after=None
[2026-05-08T21:41:46.217+0000] {processor.py:208} INFO - Processing /home/airflow/.local/lib/python3.12/site-packages/airflow/example_dags/example_subdag_operator.py took 0.080 seconds
[2026-05-08T21:42:17.456+0000] {processor.py:186} INFO - Started process (PID=8928) to work on /home/airflow/.local/lib/python3.12/site-packages/airflow/example_dags/example_subdag_operator.py
[2026-05-08T21:42:17.457+0000] {processor.py:914} INFO - Processing file /home/airflow/.local/lib/python3.12/site-packages/airflow/example_dags/example_subdag_operator.py for tasks to queue
[2026-05-08T21:42:17.459+0000] {logging_mixin.py:190} INFO - [2026-05-08T21:42:17.459+0000] {dagbag.py:588} INFO - Filling up the DagBag from /home/airflow/.local/lib/python3.12/site-packages/airflow/example_dags/example_subdag_operator.py
[2026-05-08T21:42:17.489+0000] {processor.py:925} INFO - DAG(s) 'example_subdag_operator.section-1', 'example_subdag_operator.section-2', 'example_subdag_operator' retrieved from /home/airflow/.local/lib/python3.12/site-packages/airflow/example_dags/example_subdag_operator.py
[2026-05-08T21:42:17.508+0000] {logging_mixin.py:190} INFO - [2026-05-08T21:42:17.507+0000] {dag.py:3239} INFO - Sync 3 DAGs
[2026-05-08T21:42:17.535+0000] {logging_mixin.py:190} INFO - [2026-05-08T21:42:17.535+0000] {dag.py:4180} INFO - Setting next_dagrun for example_subdag_operator to 2022-01-01 00:00:00+00:00, run_after=2022-01-01 00:00:00+00:00
[2026-05-08T21:42:17.539+0000] {logging_mixin.py:190} INFO - [2026-05-08T21:42:17.539+0000] {dag.py:4180} INFO - Setting next_dagrun for example_subdag_operator.section-1 to None, run_after=None
[2026-05-08T21:42:17.541+0000] {logging_mixin.py:190} INFO - [2026-05-08T21:42:17.540+0000] {dag.py:4180} INFO - Setting next_dagrun for example_subdag_operator.section-2 to None, run_after=None
[2026-05-08T21:42:17.548+0000] {logging_mixin.py:190} INFO - [2026-05-08T21:42:17.548+0000] {dag.py:3239} INFO - Sync 2 DAGs
[2026-05-08T21:42:17.555+0000] {logging_mixin.py:190} INFO - [2026-05-08T21:42:17.555+0000] {dag.py:4180} INFO - Setting next_dagrun for example_subdag_operator.section-1 to None, run_after=None
[2026-05-08T21:42:17.556+0000] {logging_mixin.py:190} INFO - [2026-05-08T21:42:17.555+0000] {dag.py:4180} INFO - Setting next_dagrun for example_subdag_operator.section-2 to None, run_after=None
[2026-05-08T21:42:17.566+0000] {processor.py:208} INFO - Processing /home/airflow/.local/lib/python3.12/site-packages/airflow/example_dags/example_subdag_operator.py took 0.116 seconds
[2026-05-08T21:42:48.234+0000] {processor.py:186} INFO - Started process (PID=8993) to work on /home/airflow/.local/lib/python3.12/site-packages/airflow/example_dags/example_subdag_operator.py
[2026-05-08T21:42:48.234+0000] {processor.py:914} INFO - Processing file /home/airflow/.local/lib/python3.12/site-packages/airflow/example_dags/example_subdag_operator.py for tasks to queue
[2026-05-08T21:42:48.236+0000] {logging_mixin.py:190} INFO - [2026-05-08T21:42:48.236+0000] {dagbag.py:588} INFO - Filling up the DagBag from /home/airflow/.local/lib/python3.12/site-packages/airflow/example_dags/example_subdag_operator.py
[2026-05-08T21:42:48.258+0000] {processor.py:925} INFO - DAG(s) 'example_subdag_operator.section-1', 'example_subdag_operator.section-2', 'example_subdag_operator' retrieved from /home/airflow/.local/lib/python3.12/site-packages/airflow/example_dags/example_subdag_operator.py
[2026-05-08T21:42:48.275+0000] {logging_mixin.py:190} INFO - [2026-05-08T21:42:48.275+0000] {dag.py:3239} INFO - Sync 3 DAGs
[2026-05-08T21:42:48.296+0000] {logging_mixin.py:190} INFO - [2026-05-08T21:42:48.296+0000] {dag.py:4180} INFO - Setting next_dagrun for example_subdag_operator to 2022-01-01 00:00:00+00:00, run_after=2022-01-01 00:00:00+00:00
[2026-05-08T21:42:48.298+0000] {logging_mixin.py:190} INFO - [2026-05-08T21:42:48.298+0000] {dag.py:4180} INFO - Setting next_dagrun for example_subdag_operator.section-1 to None, run_after=None
[2026-05-08T21:42:48.299+0000] {logging_mixin.py:190} INFO - [2026-05-08T21:42:48.299+0000] {dag.py:4180} INFO - Setting next_dagrun for example_subdag_operator.section-2 to None, run_after=None
[2026-05-08T21:42:48.305+0000] {logging_mixin.py:190} INFO - [2026-05-08T21:42:48.304+0000] {dag.py:3239} INFO - Sync 2 DAGs
[2026-05-08T21:42:48.309+0000] {logging_mixin.py:190} INFO - [2026-05-08T21:42:48.309+0000] {dag.py:4180} INFO - Setting next_dagrun for example_subdag_operator.section-1 to None, run_after=None
[2026-05-08T21:42:48.309+0000] {logging_mixin.py:190} INFO - [2026-05-08T21:42:48.309+0000] {dag.py:4180} INFO - Setting next_dagrun for example_subdag_operator.section-2 to None, run_after=None
[2026-05-08T21:42:48.318+0000] {processor.py:208} INFO - Processing /home/airflow/.local/lib/python3.12/site-packages/airflow/example_dags/example_subdag_operator.py took 0.089 seconds
[2026-05-08T21:43:18.901+0000] {processor.py:186} INFO - Started process (PID=9057) to work on /home/airflow/.local/lib/python3.12/site-packages/airflow/example_dags/example_subdag_operator.py
[2026-05-08T21:43:18.902+0000] {processor.py:914} INFO - Processing file /home/airflow/.local/lib/python3.12/site-packages/airflow/example_dags/example_subdag_operator.py for tasks to queue
[2026-05-08T21:43:18.904+0000] {logging_mixin.py:190} INFO - [2026-05-08T21:43:18.903+0000] {dagbag.py:588} INFO - Filling up the DagBag from /home/airflow/.local/lib/python3.12/site-packages/airflow/example_dags/example_subdag_operator.py
[2026-05-08T21:43:18.923+0000] {processor.py:925} INFO - DAG(s) 'example_subdag_operator.section-1', 'example_subdag_operator.section-2', 'example_subdag_operator' retrieved from /home/airflow/.local/lib/python3.12/site-packages/airflow/example_dags/example_subdag_operator.py
[2026-05-08T21:43:18.934+0000] {logging_mixin.py:190} INFO - [2026-05-08T21:43:18.934+0000] {dag.py:3239} INFO - Sync 3 DAGs
[2026-05-08T21:43:18.951+0000] {logging_mixin.py:190} INFO - [2026-05-08T21:43:18.951+0000] {dag.py:4180} INFO - Setting next_dagrun for example_subdag_operator to 2022-01-01 00:00:00+00:00, run_after=2022-01-01 00:00:00+00:00
[2026-05-08T21:43:18.954+0000] {logging_mixin.py:190} INFO - [2026-05-08T21:43:18.954+0000] {dag.py:4180} INFO - Setting next_dagrun for example_subdag_operator.section-1 to None, run_after=None
[2026-05-08T21:43:18.955+0000] {logging_mixin.py:190} INFO - [2026-05-08T21:43:18.955+0000] {dag.py:4180} INFO - Setting next_dagrun for example_subdag_operator.section-2 to None, run_after=None
[2026-05-08T21:43:18.961+0000] {logging_mixin.py:190} INFO - [2026-05-08T21:43:18.960+0000] {dag.py:3239} INFO - Sync 2 DAGs
[2026-05-08T21:43:18.965+0000] {logging_mixin.py:190} INFO - [2026-05-08T21:43:18.965+0000] {dag.py:4180} INFO - Setting next_dagrun for example_subdag_operator.section-1 to None, run_after=None
[2026-05-08T21:43:18.965+0000] {logging_mixin.py:190} INFO - [2026-05-08T21:43:18.965+0000] {dag.py:4180} INFO - Setting next_dagrun for example_subdag_operator.section-2 to None, run_after=None
[2026-05-08T21:43:18.974+0000] {processor.py:208} INFO - Processing /home/airflow/.local/lib/python3.12/site-packages/airflow/example_dags/example_subdag_operator.py took 0.078 seconds
[2026-05-08T21:43:49.638+0000] {processor.py:186} INFO - Started process (PID=9121) to work on /home/airflow/.local/lib/python3.12/site-packages/airflow/example_dags/example_subdag_operator.py
[2026-05-08T21:43:49.639+0000] {processor.py:914} INFO - Processing file /home/airflow/.local/lib/python3.12/site-packages/airflow/example_dags/example_subdag_operator.py for tasks to queue
[2026-05-08T21:43:49.640+0000] {logging_mixin.py:190} INFO - [2026-05-08T21:43:49.640+0000] {dagbag.py:588} INFO - Filling up the DagBag from /home/airflow/.local/lib/python3.12/site-packages/airflow/example_dags/example_subdag_operator.py
[2026-05-08T21:43:49.660+0000] {processor.py:925} INFO - DAG(s) 'example_subdag_operator.section-1', 'example_subdag_operator.section-2', 'example_subdag_operator' retrieved from /home/airflow/.local/lib/python3.12/site-packages/airflow/example_dags/example_subdag_operator.py
[2026-05-08T21:43:49.673+0000] {logging_mixin.py:190} INFO - [2026-05-08T21:43:49.673+0000] {dag.py:3239} INFO - Sync 3 DAGs
[2026-05-08T21:43:49.692+0000] {logging_mixin.py:190} INFO - [2026-05-08T21:43:49.692+0000] {dag.py:4180} INFO - Setting next_dagrun for example_subdag_operator to 2022-01-01 00:00:00+00:00, run_after=2022-01-01 00:00:00+00:00
[2026-05-08T21:43:49.695+0000] {logging_mixin.py:190} INFO - [2026-05-08T21:43:49.695+0000] {dag.py:4180} INFO - Setting next_dagrun for example_subdag_operator.section-1 to None, run_after=None
[2026-05-08T21:43:49.697+0000] {logging_mixin.py:190} INFO - [2026-05-08T21:43:49.696+0000] {dag.py:4180} INFO - Setting next_dagrun for example_subdag_operator.section-2 to None, run_after=None
[2026-05-08T21:43:49.703+0000] {logging_mixin.py:190} INFO - [2026-05-08T21:43:49.703+0000] {dag.py:3239} INFO - Sync 2 DAGs
[2026-05-08T21:43:49.708+0000] {logging_mixin.py:190} INFO - [2026-05-08T21:43:49.708+0000] {dag.py:4180} INFO - Setting next_dagrun for example_subdag_operator.section-1 to None, run_after=None
[2026-05-08T21:43:49.709+0000] {logging_mixin.py:190} INFO - [2026-05-08T21:43:49.708+0000] {dag.py:4180} INFO - Setting next_dagrun for example_subdag_operator.section-2 to None, run_after=None
[2026-05-08T21:43:49.718+0000] {processor.py:208} INFO - Processing /home/airflow/.local/lib/python3.12/site-packages/airflow/example_dags/example_subdag_operator.py took 0.084 seconds
[2026-05-08T21:44:20.248+0000] {processor.py:186} INFO - Started process (PID=9185) to work on /home/airflow/.local/lib/python3.12/site-packages/airflow/example_dags/example_subdag_operator.py
[2026-05-08T21:44:20.248+0000] {processor.py:914} INFO - Processing file /home/airflow/.local/lib/python3.12/site-packages/airflow/example_dags/example_subdag_operator.py for tasks to queue
[2026-05-08T21:44:20.250+0000] {logging_mixin.py:190} INFO - [2026-05-08T21:44:20.250+0000] {dagbag.py:588} INFO - Filling up the DagBag from /home/airflow/.local/lib/python3.12/site-packages/airflow/example_dags/example_subdag_operator.py
[2026-05-08T21:44:20.272+0000] {processor.py:925} INFO - DAG(s) 'example_subdag_operator.section-1', 'example_subdag_operator.section-2', 'example_subdag_operator' retrieved from /home/airflow/.local/lib/python3.12/site-packages/airflow/example_dags/example_subdag_operator.py
[2026-05-08T21:44:20.290+0000] {logging_mixin.py:190} INFO - [2026-05-08T21:44:20.289+0000] {dag.py:3239} INFO - Sync 3 DAGs
[2026-05-08T21:44:20.311+0000] {logging_mixin.py:190} INFO - [2026-05-08T21:44:20.311+0000] {dag.py:4180} INFO - Setting next_dagrun for example_subdag_operator to 2022-01-01 00:00:00+00:00, run_after=2022-01-01 00:00:00+00:00
[2026-05-08T21:44:20.315+0000] {logging_mixin.py:190} INFO - [2026-05-08T21:44:20.315+0000] {dag.py:4180} INFO - Setting next_dagrun for example_subdag_operator.section-1 to None, run_after=None
[2026-05-08T21:44:20.316+0000] {logging_mixin.py:190} INFO - [2026-05-08T21:44:20.316+0000] {dag.py:4180} INFO - Setting next_dagrun for example_subdag_operator.section-2 to None, run_after=None
[2026-05-08T21:44:20.323+0000] {logging_mixin.py:190} INFO - [2026-05-08T21:44:20.323+0000] {dag.py:3239} INFO - Sync 2 DAGs
[2026-05-08T21:44:20.327+0000] {logging_mixin.py:190} INFO - [2026-05-08T21:44:20.327+0000] {dag.py:4180} INFO - Setting next_dagrun for example_subdag_operator.section-1 to None, run_after=None
[2026-05-08T21:44:20.328+0000] {logging_mixin.py:190} INFO - [2026-05-08T21:44:20.328+0000] {dag.py:4180} INFO - Setting next_dagrun for example_subdag_operator.section-2 to None, run_after=None
[2026-05-08T21:44:20.336+0000] {processor.py:208} INFO - Processing /home/airflow/.local/lib/python3.12/site-packages/airflow/example_dags/example_subdag_operator.py took 0.094 seconds
[2026-05-08T21:44:50.999+0000] {processor.py:186} INFO - Started process (PID=9249) to work on /home/airflow/.local/lib/python3.12/site-packages/airflow/example_dags/example_subdag_operator.py
[2026-05-08T21:44:51.000+0000] {processor.py:914} INFO - Processing file /home/airflow/.local/lib/python3.12/site-packages/airflow/example_dags/example_subdag_operator.py for tasks to queue
[2026-05-08T21:44:51.001+0000] {logging_mixin.py:190} INFO - [2026-05-08T21:44:51.001+0000] {dagbag.py:588} INFO - Filling up the DagBag from /home/airflow/.local/lib/python3.12/site-packages/airflow/example_dags/example_subdag_operator.py
[2026-05-08T21:44:51.023+0000] {processor.py:925} INFO - DAG(s) 'example_subdag_operator.section-1', 'example_subdag_operator.section-2', 'example_subdag_operator' retrieved from /home/airflow/.local/lib/python3.12/site-packages/airflow/example_dags/example_subdag_operator.py
[2026-05-08T21:44:51.034+0000] {logging_mixin.py:190} INFO - [2026-05-08T21:44:51.034+0000] {dag.py:3239} INFO - Sync 3 DAGs
[2026-05-08T21:44:51.056+0000] {logging_mixin.py:190} INFO - [2026-05-08T21:44:51.055+0000] {dag.py:4180} INFO - Setting next_dagrun for example_subdag_operator to 2022-01-01 00:00:00+00:00, run_after=2022-01-01 00:00:00+00:00
[2026-05-08T21:44:51.059+0000] {logging_mixin.py:190} INFO - [2026-05-08T21:44:51.059+0000] {dag.py:4180} INFO - Setting next_dagrun for example_subdag_operator.section-1 to None, run_after=None
[2026-05-08T21:44:51.060+0000] {logging_mixin.py:190} INFO - [2026-05-08T21:44:51.060+0000] {dag.py:4180} INFO - Setting next_dagrun for example_subdag_operator.section-2 to None, run_after=None
[2026-05-08T21:44:51.067+0000] {logging_mixin.py:190} INFO - [2026-05-08T21:44:51.067+0000] {dag.py:3239} INFO - Sync 2 DAGs
[2026-05-08T21:44:51.072+0000] {logging_mixin.py:190} INFO - [2026-05-08T21:44:51.072+0000] {dag.py:4180} INFO - Setting next_dagrun for example_subdag_operator.section-1 to None, run_after=None
[2026-05-08T21:44:51.073+0000] {logging_mixin.py:190} INFO - [2026-05-08T21:44:51.072+0000] {dag.py:4180} INFO - Setting next_dagrun for example_subdag_operator.section-2 to None, run_after=None
[2026-05-08T21:44:51.081+0000] {processor.py:208} INFO - Processing /home/airflow/.local/lib/python3.12/site-packages/airflow/example_dags/example_subdag_operator.py took 0.086 seconds
[2026-05-08T21:45:22.097+0000] {processor.py:186} INFO - Started process (PID=9313) to work on /home/airflow/.local/lib/python3.12/site-packages/airflow/example_dags/example_subdag_operator.py
[2026-05-08T21:45:22.097+0000] {processor.py:914} INFO - Processing file /home/airflow/.local/lib/python3.12/site-packages/airflow/example_dags/example_subdag_operator.py for tasks to queue
[2026-05-08T21:45:22.099+0000] {logging_mixin.py:190} INFO - [2026-05-08T21:45:22.099+0000] {dagbag.py:588} INFO - Filling up the DagBag from /home/airflow/.local/lib/python3.12/site-packages/airflow/example_dags/example_subdag_operator.py
[2026-05-08T21:45:22.121+0000] {processor.py:925} INFO - DAG(s) 'example_subdag_operator.section-1', 'example_subdag_operator.section-2', 'example_subdag_operator' retrieved from /home/airflow/.local/lib/python3.12/site-packages/airflow/example_dags/example_subdag_operator.py
[2026-05-08T21:45:22.133+0000] {logging_mixin.py:190} INFO - [2026-05-08T21:45:22.133+0000] {dag.py:3239} INFO - Sync 3 DAGs
[2026-05-08T21:45:22.152+0000] {logging_mixin.py:190} INFO - [2026-05-08T21:45:22.152+0000] {dag.py:4180} INFO - Setting next_dagrun for example_subdag_operator to 2022-01-01 00:00:00+00:00, run_after=2022-01-01 00:00:00+00:00
[2026-05-08T21:45:22.155+0000] {logging_mixin.py:190} INFO - [2026-05-08T21:45:22.155+0000] {dag.py:4180} INFO - Setting next_dagrun for example_subdag_operator.section-1 to None, run_after=None
[2026-05-08T21:45:22.156+0000] {logging_mixin.py:190} INFO - [2026-05-08T21:45:22.156+0000] {dag.py:4180} INFO - Setting next_dagrun for example_subdag_operator.section-2 to None, run_after=None
[2026-05-08T21:45:22.163+0000] {logging_mixin.py:190} INFO - [2026-05-08T21:45:22.163+0000] {dag.py:3239} INFO - Sync 2 DAGs
[2026-05-08T21:45:22.169+0000] {logging_mixin.py:190} INFO - [2026-05-08T21:45:22.169+0000] {dag.py:4180} INFO - Setting next_dagrun for example_subdag_operator.section-1 to None, run_after=None
[2026-05-08T21:45:22.169+0000] {logging_mixin.py:190} INFO - [2026-05-08T21:45:22.169+0000] {dag.py:4180} INFO - Setting next_dagrun for example_subdag_operator.section-2 to None, run_after=None
[2026-05-08T21:45:22.180+0000] {processor.py:208} INFO - Processing /home/airflow/.local/lib/python3.12/site-packages/airflow/example_dags/example_subdag_operator.py took 0.087 seconds
[2026-05-08T21:45:53.698+0000] {processor.py:186} INFO - Started process (PID=9377) to work on /home/airflow/.local/lib/python3.12/site-packages/airflow/example_dags/example_subdag_operator.py
[2026-05-08T21:45:53.699+0000] {processor.py:914} INFO - Processing file /home/airflow/.local/lib/python3.12/site-packages/airflow/example_dags/example_subdag_operator.py for tasks to queue
[2026-05-08T21:45:53.701+0000] {logging_mixin.py:190} INFO - [2026-05-08T21:45:53.701+0000] {dagbag.py:588} INFO - Filling up the DagBag from /home/airflow/.local/lib/python3.12/site-packages/airflow/example_dags/example_subdag_operator.py
[2026-05-08T21:45:53.722+0000] {processor.py:925} INFO - DAG(s) 'example_subdag_operator.section-1', 'example_subdag_operator.section-2', 'example_subdag_operator' retrieved from /home/airflow/.local/lib/python3.12/site-packages/airflow/example_dags/example_subdag_operator.py
[2026-05-08T21:45:53.737+0000] {logging_mixin.py:190} INFO - [2026-05-08T21:45:53.736+0000] {dag.py:3239} INFO - Sync 3 DAGs
[2026-05-08T21:45:53.756+0000] {logging_mixin.py:190} INFO - [2026-05-08T21:45:53.756+0000] {dag.py:4180} INFO - Setting next_dagrun for example_subdag_operator to 2022-01-01 00:00:00+00:00, run_after=2022-01-01 00:00:00+00:00
[2026-05-08T21:45:53.759+0000] {logging_mixin.py:190} INFO - [2026-05-08T21:45:53.759+0000] {dag.py:4180} INFO - Setting next_dagrun for example_subdag_operator.section-1 to None, run_after=None
[2026-05-08T21:45:53.760+0000] {logging_mixin.py:190} INFO - [2026-05-08T21:45:53.760+0000] {dag.py:4180} INFO - Setting next_dagrun for example_subdag_operator.section-2 to None, run_after=None
[2026-05-08T21:45:53.765+0000] {logging_mixin.py:190} INFO - [2026-05-08T21:45:53.765+0000] {dag.py:3239} INFO - Sync 2 DAGs
[2026-05-08T21:45:53.770+0000] {logging_mixin.py:190} INFO - [2026-05-08T21:45:53.770+0000] {dag.py:4180} INFO - Setting next_dagrun for example_subdag_operator.section-1 to None, run_after=None
[2026-05-08T21:45:53.770+0000] {logging_mixin.py:190} INFO - [2026-05-08T21:45:53.770+0000] {dag.py:4180} INFO - Setting next_dagrun for example_subdag_operator.section-2 to None, run_after=None
[2026-05-08T21:45:53.778+0000] {processor.py:208} INFO - Processing /home/airflow/.local/lib/python3.12/site-packages/airflow/example_dags/example_subdag_operator.py took 0.084 seconds
[2026-05-08T21:46:25.298+0000] {processor.py:186} INFO - Started process (PID=9441) to work on /home/airflow/.local/lib/python3.12/site-packages/airflow/example_dags/example_subdag_operator.py
[2026-05-08T21:46:25.299+0000] {processor.py:914} INFO - Processing file /home/airflow/.local/lib/python3.12/site-packages/airflow/example_dags/example_subdag_operator.py for tasks to queue
[2026-05-08T21:46:25.301+0000] {logging_mixin.py:190} INFO - [2026-05-08T21:46:25.301+0000] {dagbag.py:588} INFO - Filling up the DagBag from /home/airflow/.local/lib/python3.12/site-packages/airflow/example_dags/example_subdag_operator.py
[2026-05-08T21:46:25.324+0000] {processor.py:925} INFO - DAG(s) 'example_subdag_operator.section-1', 'example_subdag_operator.section-2', 'example_subdag_operator' retrieved from /home/airflow/.local/lib/python3.12/site-packages/airflow/example_dags/example_subdag_operator.py
[2026-05-08T21:46:25.336+0000] {logging_mixin.py:190} INFO - [2026-05-08T21:46:25.336+0000] {dag.py:3239} INFO - Sync 3 DAGs
[2026-05-08T21:46:25.356+0000] {logging_mixin.py:190} INFO - [2026-05-08T21:46:25.356+0000] {dag.py:4180} INFO - Setting next_dagrun for example_subdag_operator to 2022-01-01 00:00:00+00:00, run_after=2022-01-01 00:00:00+00:00
[2026-05-08T21:46:25.360+0000] {logging_mixin.py:190} INFO - [2026-05-08T21:46:25.360+0000] {dag.py:4180} INFO - Setting next_dagrun for example_subdag_operator.section-1 to None, run_after=None
[2026-05-08T21:46:25.361+0000] {logging_mixin.py:190} INFO - [2026-05-08T21:46:25.361+0000] {dag.py:4180} INFO - Setting next_dagrun for example_subdag_operator.section-2 to None, run_after=None
[2026-05-08T21:46:25.368+0000] {logging_mixin.py:190} INFO - [2026-05-08T21:46:25.367+0000] {dag.py:3239} INFO - Sync 2 DAGs
[2026-05-08T21:46:25.373+0000] {logging_mixin.py:190} INFO - [2026-05-08T21:46:25.373+0000] {dag.py:4180} INFO - Setting next_dagrun for example_subdag_operator.section-1 to None, run_after=None
[2026-05-08T21:46:25.374+0000] {logging_mixin.py:190} INFO - [2026-05-08T21:46:25.374+0000] {dag.py:4180} INFO - Setting next_dagrun for example_subdag_operator.section-2 to None, run_after=None
[2026-05-08T21:46:25.384+0000] {processor.py:208} INFO - Processing /home/airflow/.local/lib/python3.12/site-packages/airflow/example_dags/example_subdag_operator.py took 0.092 seconds
[2026-05-08T21:46:55.931+0000] {processor.py:186} INFO - Started process (PID=9505) to work on /home/airflow/.local/lib/python3.12/site-packages/airflow/example_dags/example_subdag_operator.py
[2026-05-08T21:46:55.932+0000] {processor.py:914} INFO - Processing file /home/airflow/.local/lib/python3.12/site-packages/airflow/example_dags/example_subdag_operator.py for tasks to queue
[2026-05-08T21:46:55.934+0000] {logging_mixin.py:190} INFO - [2026-05-08T21:46:55.933+0000] {dagbag.py:588} INFO - Filling up the DagBag from /home/airflow/.local/lib/python3.12/site-packages/airflow/example_dags/example_subdag_operator.py
[2026-05-08T21:46:55.953+0000] {processor.py:925} INFO - DAG(s) 'example_subdag_operator.section-1', 'example_subdag_operator.section-2', 'example_subdag_operator' retrieved from /home/airflow/.local/lib/python3.12/site-packages/airflow/example_dags/example_subdag_operator.py
[2026-05-08T21:46:55.968+0000] {logging_mixin.py:190} INFO - [2026-05-08T21:46:55.968+0000] {dag.py:3239} INFO - Sync 3 DAGs
[2026-05-08T21:46:55.988+0000] {logging_mixin.py:190} INFO - [2026-05-08T21:46:55.988+0000] {dag.py:4180} INFO - Setting next_dagrun for example_subdag_operator to 2022-01-01 00:00:00+00:00, run_after=2022-01-01 00:00:00+00:00
[2026-05-08T21:46:55.991+0000] {logging_mixin.py:190} INFO - [2026-05-08T21:46:55.991+0000] {dag.py:4180} INFO - Setting next_dagrun for example_subdag_operator.section-1 to None, run_after=None
[2026-05-08T21:46:55.992+0000] {logging_mixin.py:190} INFO - [2026-05-08T21:46:55.992+0000] {dag.py:4180} INFO - Setting next_dagrun for example_subdag_operator.section-2 to None, run_after=None
[2026-05-08T21:46:55.997+0000] {logging_mixin.py:190} INFO - [2026-05-08T21:46:55.997+0000] {dag.py:3239} INFO - Sync 2 DAGs
[2026-05-08T21:46:56.001+0000] {logging_mixin.py:190} INFO - [2026-05-08T21:46:56.001+0000] {dag.py:4180} INFO - Setting next_dagrun for example_subdag_operator.section-1 to None, run_after=None
[2026-05-08T21:46:56.001+0000] {logging_mixin.py:190} INFO - [2026-05-08T21:46:56.001+0000] {dag.py:4180} INFO - Setting next_dagrun for example_subdag_operator.section-2 to None, run_after=None
[2026-05-08T21:46:56.009+0000] {processor.py:208} INFO - Processing /home/airflow/.local/lib/python3.12/site-packages/airflow/example_dags/example_subdag_operator.py took 0.082 seconds
[2026-05-08T21:47:27.463+0000] {processor.py:186} INFO - Started process (PID=9569) to work on /home/airflow/.local/lib/python3.12/site-packages/airflow/example_dags/example_subdag_operator.py
[2026-05-08T21:47:27.464+0000] {processor.py:914} INFO - Processing file /home/airflow/.local/lib/python3.12/site-packages/airflow/example_dags/example_subdag_operator.py for tasks to queue
[2026-05-08T21:47:27.466+0000] {logging_mixin.py:190} INFO - [2026-05-08T21:47:27.466+0000] {dagbag.py:588} INFO - Filling up the DagBag from /home/airflow/.local/lib/python3.12/site-packages/airflow/example_dags/example_subdag_operator.py
[2026-05-08T21:47:27.492+0000] {processor.py:925} INFO - DAG(s) 'example_subdag_operator.section-1', 'example_subdag_operator.section-2', 'example_subdag_operator' retrieved from /home/airflow/.local/lib/python3.12/site-packages/airflow/example_dags/example_subdag_operator.py
[2026-05-08T21:47:27.504+0000] {logging_mixin.py:190} INFO - [2026-05-08T21:47:27.503+0000] {dag.py:3239} INFO - Sync 3 DAGs
[2026-05-08T21:47:27.527+0000] {logging_mixin.py:190} INFO - [2026-05-08T21:47:27.527+0000] {dag.py:4180} INFO - Setting next_dagrun for example_subdag_operator to 2022-01-01 00:00:00+00:00, run_after=2022-01-01 00:00:00+00:00
[2026-05-08T21:47:27.531+0000] {logging_mixin.py:190} INFO - [2026-05-08T21:47:27.531+0000] {dag.py:4180} INFO - Setting next_dagrun for example_subdag_operator.section-1 to None, run_after=None
[2026-05-08T21:47:27.532+0000] {logging_mixin.py:190} INFO - [2026-05-08T21:47:27.532+0000] {dag.py:4180} INFO - Setting next_dagrun for example_subdag_operator.section-2 to None, run_after=None
[2026-05-08T21:47:27.539+0000] {logging_mixin.py:190} INFO - [2026-05-08T21:47:27.538+0000] {dag.py:3239} INFO - Sync 2 DAGs
[2026-05-08T21:47:27.543+0000] {logging_mixin.py:190} INFO - [2026-05-08T21:47:27.543+0000] {dag.py:4180} INFO - Setting next_dagrun for example_subdag_operator.section-1 to None, run_after=None
[2026-05-08T21:47:27.544+0000] {logging_mixin.py:190} INFO - [2026-05-08T21:47:27.544+0000] {dag.py:4180} INFO - Setting next_dagrun for example_subdag_operator.section-2 to None, run_after=None
[2026-05-08T21:47:27.553+0000] {processor.py:208} INFO - Processing /home/airflow/.local/lib/python3.12/site-packages/airflow/example_dags/example_subdag_operator.py took 0.098 seconds
[2026-05-08T21:47:58.118+0000] {processor.py:186} INFO - Started process (PID=9633) to work on /home/airflow/.local/lib/python3.12/site-packages/airflow/example_dags/example_subdag_operator.py
[2026-05-08T21:47:58.119+0000] {processor.py:914} INFO - Processing file /home/airflow/.local/lib/python3.12/site-packages/airflow/example_dags/example_subdag_operator.py for tasks to queue
[2026-05-08T21:47:58.120+0000] {logging_mixin.py:190} INFO - [2026-05-08T21:47:58.120+0000] {dagbag.py:588} INFO - Filling up the DagBag from /home/airflow/.local/lib/python3.12/site-packages/airflow/example_dags/example_subdag_operator.py
[2026-05-08T21:47:58.142+0000] {processor.py:925} INFO - DAG(s) 'example_subdag_operator.section-1', 'example_subdag_operator.section-2', 'example_subdag_operator' retrieved from /home/airflow/.local/lib/python3.12/site-packages/airflow/example_dags/example_subdag_operator.py
[2026-05-08T21:47:58.155+0000] {logging_mixin.py:190} INFO - [2026-05-08T21:47:58.155+0000] {dag.py:3239} INFO - Sync 3 DAGs
[2026-05-08T21:47:58.181+0000] {logging_mixin.py:190} INFO - [2026-05-08T21:47:58.181+0000] {dag.py:4180} INFO - Setting next_dagrun for example_subdag_operator to 2022-01-01 00:00:00+00:00, run_after=2022-01-01 00:00:00+00:00
[2026-05-08T21:47:58.185+0000] {logging_mixin.py:190} INFO - [2026-05-08T21:47:58.185+0000] {dag.py:4180} INFO - Setting next_dagrun for example_subdag_operator.section-1 to None, run_after=None
[2026-05-08T21:47:58.186+0000] {logging_mixin.py:190} INFO - [2026-05-08T21:47:58.186+0000] {dag.py:4180} INFO - Setting next_dagrun for example_subdag_operator.section-2 to None, run_after=None
[2026-05-08T21:47:58.193+0000] {logging_mixin.py:190} INFO - [2026-05-08T21:47:58.192+0000] {dag.py:3239} INFO - Sync 2 DAGs
[2026-05-08T21:47:58.197+0000] {logging_mixin.py:190} INFO - [2026-05-08T21:47:58.197+0000] {dag.py:4180} INFO - Setting next_dagrun for example_subdag_operator.section-1 to None, run_after=None
[2026-05-08T21:47:58.197+0000] {logging_mixin.py:190} INFO - [2026-05-08T21:47:58.197+0000] {dag.py:4180} INFO - Setting next_dagrun for example_subdag_operator.section-2 to None, run_after=None
[2026-05-08T21:47:58.205+0000] {processor.py:208} INFO - Processing /home/airflow/.local/lib/python3.12/site-packages/airflow/example_dags/example_subdag_operator.py took 0.092 seconds
[2026-05-08T21:48:29.688+0000] {processor.py:186} INFO - Started process (PID=9697) to work on /home/airflow/.local/lib/python3.12/site-packages/airflow/example_dags/example_subdag_operator.py
[2026-05-08T21:48:29.688+0000] {processor.py:914} INFO - Processing file /home/airflow/.local/lib/python3.12/site-packages/airflow/example_dags/example_subdag_operator.py for tasks to queue
[2026-05-08T21:48:29.690+0000] {logging_mixin.py:190} INFO - [2026-05-08T21:48:29.690+0000] {dagbag.py:588} INFO - Filling up the DagBag from /home/airflow/.local/lib/python3.12/site-packages/airflow/example_dags/example_subdag_operator.py
[2026-05-08T21:48:29.713+0000] {processor.py:925} INFO - DAG(s) 'example_subdag_operator.section-1', 'example_subdag_operator.section-2', 'example_subdag_operator' retrieved from /home/airflow/.local/lib/python3.12/site-packages/airflow/example_dags/example_subdag_operator.py
[2026-05-08T21:48:29.725+0000] {logging_mixin.py:190} INFO - [2026-05-08T21:48:29.725+0000] {dag.py:3239} INFO - Sync 3 DAGs
[2026-05-08T21:48:29.749+0000] {logging_mixin.py:190} INFO - [2026-05-08T21:48:29.749+0000] {dag.py:4180} INFO - Setting next_dagrun for example_subdag_operator to 2022-01-01 00:00:00+00:00, run_after=2022-01-01 00:00:00+00:00
[2026-05-08T21:48:29.752+0000] {logging_mixin.py:190} INFO - [2026-05-08T21:48:29.752+0000] {dag.py:4180} INFO - Setting next_dagrun for example_subdag_operator.section-1 to None, run_after=None
[2026-05-08T21:48:29.753+0000] {logging_mixin.py:190} INFO - [2026-05-08T21:48:29.753+0000] {dag.py:4180} INFO - Setting next_dagrun for example_subdag_operator.section-2 to None, run_after=None
[2026-05-08T21:48:29.759+0000] {logging_mixin.py:190} INFO - [2026-05-08T21:48:29.759+0000] {dag.py:3239} INFO - Sync 2 DAGs
[2026-05-08T21:48:29.763+0000] {logging_mixin.py:190} INFO - [2026-05-08T21:48:29.763+0000] {dag.py:4180} INFO - Setting next_dagrun for example_subdag_operator.section-1 to None, run_after=None
[2026-05-08T21:48:29.764+0000] {logging_mixin.py:190} INFO - [2026-05-08T21:48:29.764+0000] {dag.py:4180} INFO - Setting next_dagrun for example_subdag_operator.section-2 to None, run_after=None
[2026-05-08T21:48:29.772+0000] {processor.py:208} INFO - Processing /home/airflow/.local/lib/python3.12/site-packages/airflow/example_dags/example_subdag_operator.py took 0.088 seconds
[2026-05-08T21:49:01.207+0000] {processor.py:186} INFO - Started process (PID=9761) to work on /home/airflow/.local/lib/python3.12/site-packages/airflow/example_dags/example_subdag_operator.py
[2026-05-08T21:49:01.209+0000] {processor.py:914} INFO - Processing file /home/airflow/.local/lib/python3.12/site-packages/airflow/example_dags/example_subdag_operator.py for tasks to queue
[2026-05-08T21:49:01.211+0000] {logging_mixin.py:190} INFO - [2026-05-08T21:49:01.211+0000] {dagbag.py:588} INFO - Filling up the DagBag from /home/airflow/.local/lib/python3.12/site-packages/airflow/example_dags/example_subdag_operator.py
[2026-05-08T21:49:01.240+0000] {processor.py:925} INFO - DAG(s) 'example_subdag_operator.section-1', 'example_subdag_operator.section-2', 'example_subdag_operator' retrieved from /home/airflow/.local/lib/python3.12/site-packages/airflow/example_dags/example_subdag_operator.py
[2026-05-08T21:49:01.254+0000] {logging_mixin.py:190} INFO - [2026-05-08T21:49:01.254+0000] {dag.py:3239} INFO - Sync 3 DAGs
[2026-05-08T21:49:01.279+0000] {logging_mixin.py:190} INFO - [2026-05-08T21:49:01.279+0000] {dag.py:4180} INFO - Setting next_dagrun for example_subdag_operator to 2022-01-01 00:00:00+00:00, run_after=2022-01-01 00:00:00+00:00
[2026-05-08T21:49:01.283+0000] {logging_mixin.py:190} INFO - [2026-05-08T21:49:01.282+0000] {dag.py:4180} INFO - Setting next_dagrun for example_subdag_operator.section-1 to None, run_after=None
[2026-05-08T21:49:01.284+0000] {logging_mixin.py:190} INFO - [2026-05-08T21:49:01.284+0000] {dag.py:4180} INFO - Setting next_dagrun for example_subdag_operator.section-2 to None, run_after=None
[2026-05-08T21:49:01.290+0000] {logging_mixin.py:190} INFO - [2026-05-08T21:49:01.290+0000] {dag.py:3239} INFO - Sync 2 DAGs
[2026-05-08T21:49:01.295+0000] {logging_mixin.py:190} INFO - [2026-05-08T21:49:01.295+0000] {dag.py:4180} INFO - Setting next_dagrun for example_subdag_operator.section-1 to None, run_after=None
[2026-05-08T21:49:01.296+0000] {logging_mixin.py:190} INFO - [2026-05-08T21:49:01.296+0000] {dag.py:4180} INFO - Setting next_dagrun for example_subdag_operator.section-2 to None, run_after=None
[2026-05-08T21:49:01.306+0000] {processor.py:208} INFO - Processing /home/airflow/.local/lib/python3.12/site-packages/airflow/example_dags/example_subdag_operator.py took 0.105 seconds
[2026-05-08T21:49:31.839+0000] {processor.py:186} INFO - Started process (PID=9825) to work on /home/airflow/.local/lib/python3.12/site-packages/airflow/example_dags/example_subdag_operator.py
[2026-05-08T21:49:31.840+0000] {processor.py:914} INFO - Processing file /home/airflow/.local/lib/python3.12/site-packages/airflow/example_dags/example_subdag_operator.py for tasks to queue
[2026-05-08T21:49:31.841+0000] {logging_mixin.py:190} INFO - [2026-05-08T21:49:31.841+0000] {dagbag.py:588} INFO - Filling up the DagBag from /home/airflow/.local/lib/python3.12/site-packages/airflow/example_dags/example_subdag_operator.py
[2026-05-08T21:49:31.862+0000] {processor.py:925} INFO - DAG(s) 'example_subdag_operator.section-1', 'example_subdag_operator.section-2', 'example_subdag_operator' retrieved from /home/airflow/.local/lib/python3.12/site-packages/airflow/example_dags/example_subdag_operator.py
[2026-05-08T21:49:31.877+0000] {logging_mixin.py:190} INFO - [2026-05-08T21:49:31.877+0000] {dag.py:3239} INFO - Sync 3 DAGs
[2026-05-08T21:49:31.895+0000] {logging_mixin.py:190} INFO - [2026-05-08T21:49:31.895+0000] {dag.py:4180} INFO - Setting next_dagrun for example_subdag_operator to 2022-01-01 00:00:00+00:00, run_after=2022-01-01 00:00:00+00:00
[2026-05-08T21:49:31.898+0000] {logging_mixin.py:190} INFO - [2026-05-08T21:49:31.897+0000] {dag.py:4180} INFO - Setting next_dagrun for example_subdag_operator.section-1 to None, run_after=None
[2026-05-08T21:49:31.898+0000] {logging_mixin.py:190} INFO - [2026-05-08T21:49:31.898+0000] {dag.py:4180} INFO - Setting next_dagrun for example_subdag_operator.section-2 to None, run_after=None
[2026-05-08T21:49:31.904+0000] {logging_mixin.py:190} INFO - [2026-05-08T21:49:31.903+0000] {dag.py:3239} INFO - Sync 2 DAGs
[2026-05-08T21:49:31.907+0000] {logging_mixin.py:190} INFO - [2026-05-08T21:49:31.907+0000] {dag.py:4180} INFO - Setting next_dagrun for example_subdag_operator.section-1 to None, run_after=None
[2026-05-08T21:49:31.908+0000] {logging_mixin.py:190} INFO - [2026-05-08T21:49:31.908+0000] {dag.py:4180} INFO - Setting next_dagrun for example_subdag_operator.section-2 to None, run_after=None
[2026-05-08T21:49:31.916+0000] {processor.py:208} INFO - Processing /home/airflow/.local/lib/python3.12/site-packages/airflow/example_dags/example_subdag_operator.py took 0.081 seconds
[2026-05-08T21:50:03.494+0000] {processor.py:186} INFO - Started process (PID=9889) to work on /home/airflow/.local/lib/python3.12/site-packages/airflow/example_dags/example_subdag_operator.py
[2026-05-08T21:50:03.495+0000] {processor.py:914} INFO - Processing file /home/airflow/.local/lib/python3.12/site-packages/airflow/example_dags/example_subdag_operator.py for tasks to queue
[2026-05-08T21:50:03.497+0000] {logging_mixin.py:190} INFO - [2026-05-08T21:50:03.497+0000] {dagbag.py:588} INFO - Filling up the DagBag from /home/airflow/.local/lib/python3.12/site-packages/airflow/example_dags/example_subdag_operator.py
[2026-05-08T21:50:03.524+0000] {processor.py:925} INFO - DAG(s) 'example_subdag_operator.section-1', 'example_subdag_operator.section-2', 'example_subdag_operator' retrieved from /home/airflow/.local/lib/python3.12/site-packages/airflow/example_dags/example_subdag_operator.py
[2026-05-08T21:50:03.542+0000] {logging_mixin.py:190} INFO - [2026-05-08T21:50:03.542+0000] {dag.py:3239} INFO - Sync 3 DAGs
[2026-05-08T21:50:03.568+0000] {logging_mixin.py:190} INFO - [2026-05-08T21:50:03.568+0000] {dag.py:4180} INFO - Setting next_dagrun for example_subdag_operator to 2022-01-01 00:00:00+00:00, run_after=2022-01-01 00:00:00+00:00
[2026-05-08T21:50:03.572+0000] {logging_mixin.py:190} INFO - [2026-05-08T21:50:03.572+0000] {dag.py:4180} INFO - Setting next_dagrun for example_subdag_operator.section-1 to None, run_after=None
[2026-05-08T21:50:03.573+0000] {logging_mixin.py:190} INFO - [2026-05-08T21:50:03.573+0000] {dag.py:4180} INFO - Setting next_dagrun for example_subdag_operator.section-2 to None, run_after=None
[2026-05-08T21:50:03.580+0000] {logging_mixin.py:190} INFO - [2026-05-08T21:50:03.580+0000] {dag.py:3239} INFO - Sync 2 DAGs
[2026-05-08T21:50:03.585+0000] {logging_mixin.py:190} INFO - [2026-05-08T21:50:03.585+0000] {dag.py:4180} INFO - Setting next_dagrun for example_subdag_operator.section-1 to None, run_after=None
[2026-05-08T21:50:03.586+0000] {logging_mixin.py:190} INFO - [2026-05-08T21:50:03.585+0000] {dag.py:4180} INFO - Setting next_dagrun for example_subdag_operator.section-2 to None, run_after=None
[2026-05-08T21:50:03.595+0000] {processor.py:208} INFO - Processing /home/airflow/.local/lib/python3.12/site-packages/airflow/example_dags/example_subdag_operator.py took 0.108 seconds
[2026-05-08T21:50:35.018+0000] {processor.py:186} INFO - Started process (PID=9953) to work on /home/airflow/.local/lib/python3.12/site-packages/airflow/example_dags/example_subdag_operator.py
[2026-05-08T21:50:35.019+0000] {processor.py:914} INFO - Processing file /home/airflow/.local/lib/python3.12/site-packages/airflow/example_dags/example_subdag_operator.py for tasks to queue
[2026-05-08T21:50:35.021+0000] {logging_mixin.py:190} INFO - [2026-05-08T21:50:35.021+0000] {dagbag.py:588} INFO - Filling up the DagBag from /home/airflow/.local/lib/python3.12/site-packages/airflow/example_dags/example_subdag_operator.py
[2026-05-08T21:50:35.049+0000] {processor.py:925} INFO - DAG(s) 'example_subdag_operator.section-1', 'example_subdag_operator.section-2', 'example_subdag_operator' retrieved from /home/airflow/.local/lib/python3.12/site-packages/airflow/example_dags/example_subdag_operator.py
[2026-05-08T21:50:35.068+0000] {logging_mixin.py:190} INFO - [2026-05-08T21:50:35.068+0000] {dag.py:3239} INFO - Sync 3 DAGs
[2026-05-08T21:50:35.096+0000] {logging_mixin.py:190} INFO - [2026-05-08T21:50:35.096+0000] {dag.py:4180} INFO - Setting next_dagrun for example_subdag_operator to 2022-01-01 00:00:00+00:00, run_after=2022-01-01 00:00:00+00:00
[2026-05-08T21:50:35.101+0000] {logging_mixin.py:190} INFO - [2026-05-08T21:50:35.100+0000] {dag.py:4180} INFO - Setting next_dagrun for example_subdag_operator.section-1 to None, run_after=None
[2026-05-08T21:50:35.102+0000] {logging_mixin.py:190} INFO - [2026-05-08T21:50:35.102+0000] {dag.py:4180} INFO - Setting next_dagrun for example_subdag_operator.section-2 to None, run_after=None
[2026-05-08T21:50:35.109+0000] {logging_mixin.py:190} INFO - [2026-05-08T21:50:35.109+0000] {dag.py:3239} INFO - Sync 2 DAGs
[2026-05-08T21:50:35.116+0000] {logging_mixin.py:190} INFO - [2026-05-08T21:50:35.115+0000] {dag.py:4180} INFO - Setting next_dagrun for example_subdag_operator.section-1 to None, run_after=None
[2026-05-08T21:50:35.116+0000] {logging_mixin.py:190} INFO - [2026-05-08T21:50:35.116+0000] {dag.py:4180} INFO - Setting next_dagrun for example_subdag_operator.section-2 to None, run_after=None
[2026-05-08T21:50:35.126+0000] {processor.py:208} INFO - Processing /home/airflow/.local/lib/python3.12/site-packages/airflow/example_dags/example_subdag_operator.py took 0.115 seconds
[2026-05-08T21:51:06.343+0000] {processor.py:186} INFO - Started process (PID=10017) to work on /home/airflow/.local/lib/python3.12/site-packages/airflow/example_dags/example_subdag_operator.py
[2026-05-08T21:51:06.343+0000] {processor.py:914} INFO - Processing file /home/airflow/.local/lib/python3.12/site-packages/airflow/example_dags/example_subdag_operator.py for tasks to queue
[2026-05-08T21:51:06.345+0000] {logging_mixin.py:190} INFO - [2026-05-08T21:51:06.345+0000] {dagbag.py:588} INFO - Filling up the DagBag from /home/airflow/.local/lib/python3.12/site-packages/airflow/example_dags/example_subdag_operator.py
[2026-05-08T21:51:06.367+0000] {processor.py:925} INFO - DAG(s) 'example_subdag_operator.section-1', 'example_subdag_operator.section-2', 'example_subdag_operator' retrieved from /home/airflow/.local/lib/python3.12/site-packages/airflow/example_dags/example_subdag_operator.py
[2026-05-08T21:51:06.381+0000] {logging_mixin.py:190} INFO - [2026-05-08T21:51:06.381+0000] {dag.py:3239} INFO - Sync 3 DAGs
[2026-05-08T21:51:06.403+0000] {logging_mixin.py:190} INFO - [2026-05-08T21:51:06.403+0000] {dag.py:4180} INFO - Setting next_dagrun for example_subdag_operator to 2022-01-01 00:00:00+00:00, run_after=2022-01-01 00:00:00+00:00
[2026-05-08T21:51:06.407+0000] {logging_mixin.py:190} INFO - [2026-05-08T21:51:06.406+0000] {dag.py:4180} INFO - Setting next_dagrun for example_subdag_operator.section-1 to None, run_after=None
[2026-05-08T21:51:06.408+0000] {logging_mixin.py:190} INFO - [2026-05-08T21:51:06.408+0000] {dag.py:4180} INFO - Setting next_dagrun for example_subdag_operator.section-2 to None, run_after=None
[2026-05-08T21:51:06.414+0000] {logging_mixin.py:190} INFO - [2026-05-08T21:51:06.414+0000] {dag.py:3239} INFO - Sync 2 DAGs
[2026-05-08T21:51:06.419+0000] {logging_mixin.py:190} INFO - [2026-05-08T21:51:06.419+0000] {dag.py:4180} INFO - Setting next_dagrun for example_subdag_operator.section-1 to None, run_after=None
[2026-05-08T21:51:06.420+0000] {logging_mixin.py:190} INFO - [2026-05-08T21:51:06.420+0000] {dag.py:4180} INFO - Setting next_dagrun for example_subdag_operator.section-2 to None, run_after=None
[2026-05-08T21:51:06.429+0000] {processor.py:208} INFO - Processing /home/airflow/.local/lib/python3.12/site-packages/airflow/example_dags/example_subdag_operator.py took 0.091 seconds
[2026-05-08T21:51:37.588+0000] {processor.py:186} INFO - Started process (PID=10081) to work on /home/airflow/.local/lib/python3.12/site-packages/airflow/example_dags/example_subdag_operator.py
[2026-05-08T21:51:37.589+0000] {processor.py:914} INFO - Processing file /home/airflow/.local/lib/python3.12/site-packages/airflow/example_dags/example_subdag_operator.py for tasks to queue
[2026-05-08T21:51:37.592+0000] {logging_mixin.py:190} INFO - [2026-05-08T21:51:37.591+0000] {dagbag.py:588} INFO - Filling up the DagBag from /home/airflow/.local/lib/python3.12/site-packages/airflow/example_dags/example_subdag_operator.py
[2026-05-08T21:51:37.615+0000] {processor.py:925} INFO - DAG(s) 'example_subdag_operator.section-1', 'example_subdag_operator.section-2', 'example_subdag_operator' retrieved from /home/airflow/.local/lib/python3.12/site-packages/airflow/example_dags/example_subdag_operator.py
[2026-05-08T21:51:37.627+0000] {logging_mixin.py:190} INFO - [2026-05-08T21:51:37.627+0000] {dag.py:3239} INFO - Sync 3 DAGs
[2026-05-08T21:51:37.650+0000] {logging_mixin.py:190} INFO - [2026-05-08T21:51:37.650+0000] {dag.py:4180} INFO - Setting next_dagrun for example_subdag_operator to 2022-01-01 00:00:00+00:00, run_after=2022-01-01 00:00:00+00:00
[2026-05-08T21:51:37.654+0000] {logging_mixin.py:190} INFO - [2026-05-08T21:51:37.654+0000] {dag.py:4180} INFO - Setting next_dagrun for example_subdag_operator.section-1 to None, run_after=None
[2026-05-08T21:51:37.655+0000] {logging_mixin.py:190} INFO - [2026-05-08T21:51:37.655+0000] {dag.py:4180} INFO - Setting next_dagrun for example_subdag_operator.section-2 to None, run_after=None
[2026-05-08T21:51:37.662+0000] {logging_mixin.py:190} INFO - [2026-05-08T21:51:37.662+0000] {dag.py:3239} INFO - Sync 2 DAGs
[2026-05-08T21:51:37.667+0000] {logging_mixin.py:190} INFO - [2026-05-08T21:51:37.667+0000] {dag.py:4180} INFO - Setting next_dagrun for example_subdag_operator.section-1 to None, run_after=None
[2026-05-08T21:51:37.668+0000] {logging_mixin.py:190} INFO - [2026-05-08T21:51:37.668+0000] {dag.py:4180} INFO - Setting next_dagrun for example_subdag_operator.section-2 to None, run_after=None
[2026-05-08T21:51:37.677+0000] {processor.py:208} INFO - Processing /home/airflow/.local/lib/python3.12/site-packages/airflow/example_dags/example_subdag_operator.py took 0.096 seconds
[2026-05-08T21:52:08.802+0000] {processor.py:186} INFO - Started process (PID=10145) to work on /home/airflow/.local/lib/python3.12/site-packages/airflow/example_dags/example_subdag_operator.py
[2026-05-08T21:52:08.802+0000] {processor.py:914} INFO - Processing file /home/airflow/.local/lib/python3.12/site-packages/airflow/example_dags/example_subdag_operator.py for tasks to queue
[2026-05-08T21:52:08.804+0000] {logging_mixin.py:190} INFO - [2026-05-08T21:52:08.804+0000] {dagbag.py:588} INFO - Filling up the DagBag from /home/airflow/.local/lib/python3.12/site-packages/airflow/example_dags/example_subdag_operator.py
[2026-05-08T21:52:08.826+0000] {processor.py:925} INFO - DAG(s) 'example_subdag_operator.section-1', 'example_subdag_operator.section-2', 'example_subdag_operator' retrieved from /home/airflow/.local/lib/python3.12/site-packages/airflow/example_dags/example_subdag_operator.py
[2026-05-08T21:52:08.839+0000] {logging_mixin.py:190} INFO - [2026-05-08T21:52:08.839+0000] {dag.py:3239} INFO - Sync 3 DAGs
[2026-05-08T21:52:08.862+0000] {logging_mixin.py:190} INFO - [2026-05-08T21:52:08.862+0000] {dag.py:4180} INFO - Setting next_dagrun for example_subdag_operator to 2022-01-01 00:00:00+00:00, run_after=2022-01-01 00:00:00+00:00
[2026-05-08T21:52:08.866+0000] {logging_mixin.py:190} INFO - [2026-05-08T21:52:08.865+0000] {dag.py:4180} INFO - Setting next_dagrun for example_subdag_operator.section-1 to None, run_after=None
[2026-05-08T21:52:08.867+0000] {logging_mixin.py:190} INFO - [2026-05-08T21:52:08.867+0000] {dag.py:4180} INFO - Setting next_dagrun for example_subdag_operator.section-2 to None, run_after=None
[2026-05-08T21:52:08.875+0000] {logging_mixin.py:190} INFO - [2026-05-08T21:52:08.874+0000] {dag.py:3239} INFO - Sync 2 DAGs
[2026-05-08T21:52:08.879+0000] {logging_mixin.py:190} INFO - [2026-05-08T21:52:08.879+0000] {dag.py:4180} INFO - Setting next_dagrun for example_subdag_operator.section-1 to None, run_after=None
[2026-05-08T21:52:08.880+0000] {logging_mixin.py:190} INFO - [2026-05-08T21:52:08.880+0000] {dag.py:4180} INFO - Setting next_dagrun for example_subdag_operator.section-2 to None, run_after=None
[2026-05-08T21:52:08.888+0000] {processor.py:208} INFO - Processing /home/airflow/.local/lib/python3.12/site-packages/airflow/example_dags/example_subdag_operator.py took 0.091 seconds
[2026-05-08T21:52:40.193+0000] {processor.py:186} INFO - Started process (PID=10214) to work on /home/airflow/.local/lib/python3.12/site-packages/airflow/example_dags/example_subdag_operator.py
[2026-05-08T21:52:40.194+0000] {processor.py:914} INFO - Processing file /home/airflow/.local/lib/python3.12/site-packages/airflow/example_dags/example_subdag_operator.py for tasks to queue
[2026-05-08T21:52:40.196+0000] {logging_mixin.py:190} INFO - [2026-05-08T21:52:40.195+0000] {dagbag.py:588} INFO - Filling up the DagBag from /home/airflow/.local/lib/python3.12/site-packages/airflow/example_dags/example_subdag_operator.py
[2026-05-08T21:52:40.216+0000] {processor.py:925} INFO - DAG(s) 'example_subdag_operator.section-1', 'example_subdag_operator.section-2', 'example_subdag_operator' retrieved from /home/airflow/.local/lib/python3.12/site-packages/airflow/example_dags/example_subdag_operator.py
[2026-05-08T21:52:40.227+0000] {logging_mixin.py:190} INFO - [2026-05-08T21:52:40.227+0000] {dag.py:3239} INFO - Sync 3 DAGs
[2026-05-08T21:52:40.245+0000] {logging_mixin.py:190} INFO - [2026-05-08T21:52:40.245+0000] {dag.py:4180} INFO - Setting next_dagrun for example_subdag_operator to 2022-01-01 00:00:00+00:00, run_after=2022-01-01 00:00:00+00:00
[2026-05-08T21:52:40.248+0000] {logging_mixin.py:190} INFO - [2026-05-08T21:52:40.248+0000] {dag.py:4180} INFO - Setting next_dagrun for example_subdag_operator.section-1 to None, run_after=None
[2026-05-08T21:52:40.249+0000] {logging_mixin.py:190} INFO - [2026-05-08T21:52:40.248+0000] {dag.py:4180} INFO - Setting next_dagrun for example_subdag_operator.section-2 to None, run_after=None
[2026-05-08T21:52:40.254+0000] {logging_mixin.py:190} INFO - [2026-05-08T21:52:40.254+0000] {dag.py:3239} INFO - Sync 2 DAGs
[2026-05-08T21:52:40.258+0000] {logging_mixin.py:190} INFO - [2026-05-08T21:52:40.258+0000] {dag.py:4180} INFO - Setting next_dagrun for example_subdag_operator.section-1 to None, run_after=None
[2026-05-08T21:52:40.258+0000] {logging_mixin.py:190} INFO - [2026-05-08T21:52:40.258+0000] {dag.py:4180} INFO - Setting next_dagrun for example_subdag_operator.section-2 to None, run_after=None
[2026-05-08T21:52:40.266+0000] {processor.py:208} INFO - Processing /home/airflow/.local/lib/python3.12/site-packages/airflow/example_dags/example_subdag_operator.py took 0.077 seconds
[2026-05-08T21:53:11.177+0000] {processor.py:186} INFO - Started process (PID=10278) to work on /home/airflow/.local/lib/python3.12/site-packages/airflow/example_dags/example_subdag_operator.py
[2026-05-08T21:53:11.178+0000] {processor.py:914} INFO - Processing file /home/airflow/.local/lib/python3.12/site-packages/airflow/example_dags/example_subdag_operator.py for tasks to queue
[2026-05-08T21:53:11.180+0000] {logging_mixin.py:190} INFO - [2026-05-08T21:53:11.180+0000] {dagbag.py:588} INFO - Filling up the DagBag from /home/airflow/.local/lib/python3.12/site-packages/airflow/example_dags/example_subdag_operator.py
[2026-05-08T21:53:11.206+0000] {processor.py:925} INFO - DAG(s) 'example_subdag_operator.section-1', 'example_subdag_operator.section-2', 'example_subdag_operator' retrieved from /home/airflow/.local/lib/python3.12/site-packages/airflow/example_dags/example_subdag_operator.py
[2026-05-08T21:53:11.217+0000] {logging_mixin.py:190} INFO - [2026-05-08T21:53:11.217+0000] {dag.py:3239} INFO - Sync 3 DAGs
[2026-05-08T21:53:11.236+0000] {logging_mixin.py:190} INFO - [2026-05-08T21:53:11.235+0000] {dag.py:4180} INFO - Setting next_dagrun for example_subdag_operator to 2022-01-01 00:00:00+00:00, run_after=2022-01-01 00:00:00+00:00
[2026-05-08T21:53:11.238+0000] {logging_mixin.py:190} INFO - [2026-05-08T21:53:11.238+0000] {dag.py:4180} INFO - Setting next_dagrun for example_subdag_operator.section-1 to None, run_after=None
[2026-05-08T21:53:11.239+0000] {logging_mixin.py:190} INFO - [2026-05-08T21:53:11.239+0000] {dag.py:4180} INFO - Setting next_dagrun for example_subdag_operator.section-2 to None, run_after=None
[2026-05-08T21:53:11.246+0000] {logging_mixin.py:190} INFO - [2026-05-08T21:53:11.246+0000] {dag.py:3239} INFO - Sync 2 DAGs
[2026-05-08T21:53:11.251+0000] {logging_mixin.py:190} INFO - [2026-05-08T21:53:11.251+0000] {dag.py:4180} INFO - Setting next_dagrun for example_subdag_operator.section-1 to None, run_after=None
[2026-05-08T21:53:11.251+0000] {logging_mixin.py:190} INFO - [2026-05-08T21:53:11.251+0000] {dag.py:4180} INFO - Setting next_dagrun for example_subdag_operator.section-2 to None, run_after=None
[2026-05-08T21:53:11.261+0000] {processor.py:208} INFO - Processing /home/airflow/.local/lib/python3.12/site-packages/airflow/example_dags/example_subdag_operator.py took 0.090 seconds
[2026-05-08T21:53:42.071+0000] {processor.py:186} INFO - Started process (PID=10342) to work on /home/airflow/.local/lib/python3.12/site-packages/airflow/example_dags/example_subdag_operator.py
[2026-05-08T21:53:42.072+0000] {processor.py:914} INFO - Processing file /home/airflow/.local/lib/python3.12/site-packages/airflow/example_dags/example_subdag_operator.py for tasks to queue
[2026-05-08T21:53:42.074+0000] {logging_mixin.py:190} INFO - [2026-05-08T21:53:42.074+0000] {dagbag.py:588} INFO - Filling up the DagBag from /home/airflow/.local/lib/python3.12/site-packages/airflow/example_dags/example_subdag_operator.py
[2026-05-08T21:53:42.098+0000] {processor.py:925} INFO - DAG(s) 'example_subdag_operator.section-1', 'example_subdag_operator.section-2', 'example_subdag_operator' retrieved from /home/airflow/.local/lib/python3.12/site-packages/airflow/example_dags/example_subdag_operator.py
[2026-05-08T21:53:42.111+0000] {logging_mixin.py:190} INFO - [2026-05-08T21:53:42.110+0000] {dag.py:3239} INFO - Sync 3 DAGs
[2026-05-08T21:53:42.132+0000] {logging_mixin.py:190} INFO - [2026-05-08T21:53:42.132+0000] {dag.py:4180} INFO - Setting next_dagrun for example_subdag_operator to 2022-01-01 00:00:00+00:00, run_after=2022-01-01 00:00:00+00:00
[2026-05-08T21:53:42.136+0000] {logging_mixin.py:190} INFO - [2026-05-08T21:53:42.136+0000] {dag.py:4180} INFO - Setting next_dagrun for example_subdag_operator.section-1 to None, run_after=None
[2026-05-08T21:53:42.137+0000] {logging_mixin.py:190} INFO - [2026-05-08T21:53:42.137+0000] {dag.py:4180} INFO - Setting next_dagrun for example_subdag_operator.section-2 to None, run_after=None
[2026-05-08T21:53:42.144+0000] {logging_mixin.py:190} INFO - [2026-05-08T21:53:42.143+0000] {dag.py:3239} INFO - Sync 2 DAGs
[2026-05-08T21:53:42.148+0000] {logging_mixin.py:190} INFO - [2026-05-08T21:53:42.148+0000] {dag.py:4180} INFO - Setting next_dagrun for example_subdag_operator.section-1 to None, run_after=None
[2026-05-08T21:53:42.149+0000] {logging_mixin.py:190} INFO - [2026-05-08T21:53:42.149+0000] {dag.py:4180} INFO - Setting next_dagrun for example_subdag_operator.section-2 to None, run_after=None
[2026-05-08T21:53:42.158+0000] {processor.py:208} INFO - Processing /home/airflow/.local/lib/python3.12/site-packages/airflow/example_dags/example_subdag_operator.py took 0.094 seconds
[2026-05-08T21:54:12.809+0000] {processor.py:186} INFO - Started process (PID=10406) to work on /home/airflow/.local/lib/python3.12/site-packages/airflow/example_dags/example_subdag_operator.py
[2026-05-08T21:54:12.810+0000] {processor.py:914} INFO - Processing file /home/airflow/.local/lib/python3.12/site-packages/airflow/example_dags/example_subdag_operator.py for tasks to queue
[2026-05-08T21:54:12.812+0000] {logging_mixin.py:190} INFO - [2026-05-08T21:54:12.811+0000] {dagbag.py:588} INFO - Filling up the DagBag from /home/airflow/.local/lib/python3.12/site-packages/airflow/example_dags/example_subdag_operator.py
[2026-05-08T21:54:12.835+0000] {processor.py:925} INFO - DAG(s) 'example_subdag_operator.section-1', 'example_subdag_operator.section-2', 'example_subdag_operator' retrieved from /home/airflow/.local/lib/python3.12/site-packages/airflow/example_dags/example_subdag_operator.py
[2026-05-08T21:54:12.850+0000] {logging_mixin.py:190} INFO - [2026-05-08T21:54:12.850+0000] {dag.py:3239} INFO - Sync 3 DAGs
[2026-05-08T21:54:12.881+0000] {logging_mixin.py:190} INFO - [2026-05-08T21:54:12.881+0000] {dag.py:4180} INFO - Setting next_dagrun for example_subdag_operator to 2022-01-01 00:00:00+00:00, run_after=2022-01-01 00:00:00+00:00
[2026-05-08T21:54:12.885+0000] {logging_mixin.py:190} INFO - [2026-05-08T21:54:12.885+0000] {dag.py:4180} INFO - Setting next_dagrun for example_subdag_operator.section-1 to None, run_after=None
[2026-05-08T21:54:12.886+0000] {logging_mixin.py:190} INFO - [2026-05-08T21:54:12.886+0000] {dag.py:4180} INFO - Setting next_dagrun for example_subdag_operator.section-2 to None, run_after=None
[2026-05-08T21:54:12.894+0000] {logging_mixin.py:190} INFO - [2026-05-08T21:54:12.893+0000] {dag.py:3239} INFO - Sync 2 DAGs
[2026-05-08T21:54:12.900+0000] {logging_mixin.py:190} INFO - [2026-05-08T21:54:12.900+0000] {dag.py:4180} INFO - Setting next_dagrun for example_subdag_operator.section-1 to None, run_after=None
[2026-05-08T21:54:12.901+0000] {logging_mixin.py:190} INFO - [2026-05-08T21:54:12.901+0000] {dag.py:4180} INFO - Setting next_dagrun for example_subdag_operator.section-2 to None, run_after=None
[2026-05-08T21:54:12.911+0000] {processor.py:208} INFO - Processing /home/airflow/.local/lib/python3.12/site-packages/airflow/example_dags/example_subdag_operator.py took 0.107 seconds
[2026-05-08T21:54:43.552+0000] {processor.py:186} INFO - Started process (PID=10470) to work on /home/airflow/.local/lib/python3.12/site-packages/airflow/example_dags/example_subdag_operator.py
[2026-05-08T21:54:43.553+0000] {processor.py:914} INFO - Processing file /home/airflow/.local/lib/python3.12/site-packages/airflow/example_dags/example_subdag_operator.py for tasks to queue
[2026-05-08T21:54:43.554+0000] {logging_mixin.py:190} INFO - [2026-05-08T21:54:43.554+0000] {dagbag.py:588} INFO - Filling up the DagBag from /home/airflow/.local/lib/python3.12/site-packages/airflow/example_dags/example_subdag_operator.py
[2026-05-08T21:54:43.575+0000] {processor.py:925} INFO - DAG(s) 'example_subdag_operator.section-1', 'example_subdag_operator.section-2', 'example_subdag_operator' retrieved from /home/airflow/.local/lib/python3.12/site-packages/airflow/example_dags/example_subdag_operator.py
[2026-05-08T21:54:43.587+0000] {logging_mixin.py:190} INFO - [2026-05-08T21:54:43.586+0000] {dag.py:3239} INFO - Sync 3 DAGs
[2026-05-08T21:54:43.605+0000] {logging_mixin.py:190} INFO - [2026-05-08T21:54:43.604+0000] {dag.py:4180} INFO - Setting next_dagrun for example_subdag_operator to 2022-01-01 00:00:00+00:00, run_after=2022-01-01 00:00:00+00:00
[2026-05-08T21:54:43.607+0000] {logging_mixin.py:190} INFO - [2026-05-08T21:54:43.607+0000] {dag.py:4180} INFO - Setting next_dagrun for example_subdag_operator.section-1 to None, run_after=None
[2026-05-08T21:54:43.608+0000] {logging_mixin.py:190} INFO - [2026-05-08T21:54:43.608+0000] {dag.py:4180} INFO - Setting next_dagrun for example_subdag_operator.section-2 to None, run_after=None
[2026-05-08T21:54:43.614+0000] {logging_mixin.py:190} INFO - [2026-05-08T21:54:43.613+0000] {dag.py:3239} INFO - Sync 2 DAGs
[2026-05-08T21:54:43.617+0000] {logging_mixin.py:190} INFO - [2026-05-08T21:54:43.617+0000] {dag.py:4180} INFO - Setting next_dagrun for example_subdag_operator.section-1 to None, run_after=None
[2026-05-08T21:54:43.618+0000] {logging_mixin.py:190} INFO - [2026-05-08T21:54:43.618+0000] {dag.py:4180} INFO - Setting next_dagrun for example_subdag_operator.section-2 to None, run_after=None
[2026-05-08T21:54:43.626+0000] {processor.py:208} INFO - Processing /home/airflow/.local/lib/python3.12/site-packages/airflow/example_dags/example_subdag_operator.py took 0.078 seconds
[2026-05-08T21:55:14.475+0000] {processor.py:186} INFO - Started process (PID=10533) to work on /home/airflow/.local/lib/python3.12/site-packages/airflow/example_dags/example_subdag_operator.py
[2026-05-08T21:55:14.476+0000] {processor.py:914} INFO - Processing file /home/airflow/.local/lib/python3.12/site-packages/airflow/example_dags/example_subdag_operator.py for tasks to queue
[2026-05-08T21:55:14.477+0000] {logging_mixin.py:190} INFO - [2026-05-08T21:55:14.477+0000] {dagbag.py:588} INFO - Filling up the DagBag from /home/airflow/.local/lib/python3.12/site-packages/airflow/example_dags/example_subdag_operator.py
[2026-05-08T21:55:14.500+0000] {processor.py:925} INFO - DAG(s) 'example_subdag_operator.section-1', 'example_subdag_operator.section-2', 'example_subdag_operator' retrieved from /home/airflow/.local/lib/python3.12/site-packages/airflow/example_dags/example_subdag_operator.py
[2026-05-08T21:55:14.511+0000] {logging_mixin.py:190} INFO - [2026-05-08T21:55:14.511+0000] {dag.py:3239} INFO - Sync 3 DAGs
[2026-05-08T21:55:14.685+0000] {logging_mixin.py:190} INFO - [2026-05-08T21:55:14.684+0000] {dag.py:4180} INFO - Setting next_dagrun for example_subdag_operator to 2022-01-01 00:00:00+00:00, run_after=2022-01-01 00:00:00+00:00
[2026-05-08T21:55:14.687+0000] {logging_mixin.py:190} INFO - [2026-05-08T21:55:14.687+0000] {dag.py:4180} INFO - Setting next_dagrun for example_subdag_operator.section-1 to None, run_after=None
[2026-05-08T21:55:14.688+0000] {logging_mixin.py:190} INFO - [2026-05-08T21:55:14.688+0000] {dag.py:4180} INFO - Setting next_dagrun for example_subdag_operator.section-2 to None, run_after=None
[2026-05-08T21:55:14.693+0000] {logging_mixin.py:190} INFO - [2026-05-08T21:55:14.693+0000] {dag.py:3239} INFO - Sync 2 DAGs
[2026-05-08T21:55:14.697+0000] {logging_mixin.py:190} INFO - [2026-05-08T21:55:14.697+0000] {dag.py:4180} INFO - Setting next_dagrun for example_subdag_operator.section-1 to None, run_after=None
[2026-05-08T21:55:14.697+0000] {logging_mixin.py:190} INFO - [2026-05-08T21:55:14.697+0000] {dag.py:4180} INFO - Setting next_dagrun for example_subdag_operator.section-2 to None, run_after=None
[2026-05-08T21:55:14.704+0000] {processor.py:208} INFO - Processing /home/airflow/.local/lib/python3.12/site-packages/airflow/example_dags/example_subdag_operator.py took 0.234 seconds
[2026-05-08T21:55:45.393+0000] {processor.py:186} INFO - Started process (PID=10597) to work on /home/airflow/.local/lib/python3.12/site-packages/airflow/example_dags/example_subdag_operator.py
[2026-05-08T21:55:45.394+0000] {processor.py:914} INFO - Processing file /home/airflow/.local/lib/python3.12/site-packages/airflow/example_dags/example_subdag_operator.py for tasks to queue
[2026-05-08T21:55:45.397+0000] {logging_mixin.py:190} INFO - [2026-05-08T21:55:45.396+0000] {dagbag.py:588} INFO - Filling up the DagBag from /home/airflow/.local/lib/python3.12/site-packages/airflow/example_dags/example_subdag_operator.py
[2026-05-08T21:55:45.431+0000] {processor.py:925} INFO - DAG(s) 'example_subdag_operator.section-1', 'example_subdag_operator.section-2', 'example_subdag_operator' retrieved from /home/airflow/.local/lib/python3.12/site-packages/airflow/example_dags/example_subdag_operator.py
[2026-05-08T21:55:45.449+0000] {logging_mixin.py:190} INFO - [2026-05-08T21:55:45.449+0000] {dag.py:3239} INFO - Sync 3 DAGs
[2026-05-08T21:55:45.476+0000] {logging_mixin.py:190} INFO - [2026-05-08T21:55:45.476+0000] {dag.py:4180} INFO - Setting next_dagrun for example_subdag_operator to 2022-01-01 00:00:00+00:00, run_after=2022-01-01 00:00:00+00:00
[2026-05-08T21:55:45.480+0000] {logging_mixin.py:190} INFO - [2026-05-08T21:55:45.480+0000] {dag.py:4180} INFO - Setting next_dagrun for example_subdag_operator.section-1 to None, run_after=None
[2026-05-08T21:55:45.481+0000] {logging_mixin.py:190} INFO - [2026-05-08T21:55:45.481+0000] {dag.py:4180} INFO - Setting next_dagrun for example_subdag_operator.section-2 to None, run_after=None
[2026-05-08T21:55:45.635+0000] {logging_mixin.py:190} INFO - [2026-05-08T21:55:45.635+0000] {dag.py:3239} INFO - Sync 2 DAGs
[2026-05-08T21:55:45.640+0000] {logging_mixin.py:190} INFO - [2026-05-08T21:55:45.640+0000] {dag.py:4180} INFO - Setting next_dagrun for example_subdag_operator.section-1 to None, run_after=None
[2026-05-08T21:55:45.640+0000] {logging_mixin.py:190} INFO - [2026-05-08T21:55:45.640+0000] {dag.py:4180} INFO - Setting next_dagrun for example_subdag_operator.section-2 to None, run_after=None
[2026-05-08T21:55:45.648+0000] {processor.py:208} INFO - Processing /home/airflow/.local/lib/python3.12/site-packages/airflow/example_dags/example_subdag_operator.py took 0.262 seconds
[2026-05-08T21:56:15.801+0000] {processor.py:186} INFO - Started process (PID=10660) to work on /home/airflow/.local/lib/python3.12/site-packages/airflow/example_dags/example_subdag_operator.py
[2026-05-08T21:56:15.801+0000] {processor.py:914} INFO - Processing file /home/airflow/.local/lib/python3.12/site-packages/airflow/example_dags/example_subdag_operator.py for tasks to queue
[2026-05-08T21:56:15.803+0000] {logging_mixin.py:190} INFO - [2026-05-08T21:56:15.803+0000] {dagbag.py:588} INFO - Filling up the DagBag from /home/airflow/.local/lib/python3.12/site-packages/airflow/example_dags/example_subdag_operator.py
[2026-05-08T21:56:15.826+0000] {processor.py:925} INFO - DAG(s) 'example_subdag_operator.section-1', 'example_subdag_operator.section-2', 'example_subdag_operator' retrieved from /home/airflow/.local/lib/python3.12/site-packages/airflow/example_dags/example_subdag_operator.py
[2026-05-08T21:56:15.840+0000] {logging_mixin.py:190} INFO - [2026-05-08T21:56:15.840+0000] {dag.py:3239} INFO - Sync 3 DAGs
[2026-05-08T21:56:15.862+0000] {logging_mixin.py:190} INFO - [2026-05-08T21:56:15.862+0000] {dag.py:4180} INFO - Setting next_dagrun for example_subdag_operator to 2022-01-01 00:00:00+00:00, run_after=2022-01-01 00:00:00+00:00
[2026-05-08T21:56:15.866+0000] {logging_mixin.py:190} INFO - [2026-05-08T21:56:15.865+0000] {dag.py:4180} INFO - Setting next_dagrun for example_subdag_operator.section-1 to None, run_after=None
[2026-05-08T21:56:15.867+0000] {logging_mixin.py:190} INFO - [2026-05-08T21:56:15.867+0000] {dag.py:4180} INFO - Setting next_dagrun for example_subdag_operator.section-2 to None, run_after=None
[2026-05-08T21:56:15.875+0000] {logging_mixin.py:190} INFO - [2026-05-08T21:56:15.875+0000] {dag.py:3239} INFO - Sync 2 DAGs
[2026-05-08T21:56:15.880+0000] {logging_mixin.py:190} INFO - [2026-05-08T21:56:15.880+0000] {dag.py:4180} INFO - Setting next_dagrun for example_subdag_operator.section-1 to None, run_after=None
[2026-05-08T21:56:15.880+0000] {logging_mixin.py:190} INFO - [2026-05-08T21:56:15.880+0000] {dag.py:4180} INFO - Setting next_dagrun for example_subdag_operator.section-2 to None, run_after=None
[2026-05-08T21:56:16.052+0000] {processor.py:208} INFO - Processing /home/airflow/.local/lib/python3.12/site-packages/airflow/example_dags/example_subdag_operator.py took 0.257 seconds
[2026-05-08T21:56:46.378+0000] {processor.py:186} INFO - Started process (PID=10724) to work on /home/airflow/.local/lib/python3.12/site-packages/airflow/example_dags/example_subdag_operator.py
[2026-05-08T21:56:46.378+0000] {processor.py:914} INFO - Processing file /home/airflow/.local/lib/python3.12/site-packages/airflow/example_dags/example_subdag_operator.py for tasks to queue
[2026-05-08T21:56:46.380+0000] {logging_mixin.py:190} INFO - [2026-05-08T21:56:46.380+0000] {dagbag.py:588} INFO - Filling up the DagBag from /home/airflow/.local/lib/python3.12/site-packages/airflow/example_dags/example_subdag_operator.py
[2026-05-08T21:56:46.399+0000] {processor.py:925} INFO - DAG(s) 'example_subdag_operator.section-1', 'example_subdag_operator.section-2', 'example_subdag_operator' retrieved from /home/airflow/.local/lib/python3.12/site-packages/airflow/example_dags/example_subdag_operator.py
[2026-05-08T21:56:46.413+0000] {logging_mixin.py:190} INFO - [2026-05-08T21:56:46.413+0000] {dag.py:3239} INFO - Sync 3 DAGs
[2026-05-08T21:56:46.432+0000] {logging_mixin.py:190} INFO - [2026-05-08T21:56:46.432+0000] {dag.py:4180} INFO - Setting next_dagrun for example_subdag_operator to 2022-01-01 00:00:00+00:00, run_after=2022-01-01 00:00:00+00:00
[2026-05-08T21:56:46.435+0000] {logging_mixin.py:190} INFO - [2026-05-08T21:56:46.435+0000] {dag.py:4180} INFO - Setting next_dagrun for example_subdag_operator.section-1 to None, run_after=None
[2026-05-08T21:56:46.436+0000] {logging_mixin.py:190} INFO - [2026-05-08T21:56:46.436+0000] {dag.py:4180} INFO - Setting next_dagrun for example_subdag_operator.section-2 to None, run_after=None
[2026-05-08T21:56:46.441+0000] {logging_mixin.py:190} INFO - [2026-05-08T21:56:46.441+0000] {dag.py:3239} INFO - Sync 2 DAGs
[2026-05-08T21:56:46.446+0000] {logging_mixin.py:190} INFO - [2026-05-08T21:56:46.446+0000] {dag.py:4180} INFO - Setting next_dagrun for example_subdag_operator.section-1 to None, run_after=None
[2026-05-08T21:56:46.447+0000] {logging_mixin.py:190} INFO - [2026-05-08T21:56:46.446+0000] {dag.py:4180} INFO - Setting next_dagrun for example_subdag_operator.section-2 to None, run_after=None
[2026-05-08T21:56:46.455+0000] {processor.py:208} INFO - Processing /home/airflow/.local/lib/python3.12/site-packages/airflow/example_dags/example_subdag_operator.py took 0.082 seconds
[2026-05-08T21:57:17.440+0000] {processor.py:186} INFO - Started process (PID=10787) to work on /home/airflow/.local/lib/python3.12/site-packages/airflow/example_dags/example_subdag_operator.py
[2026-05-08T21:57:17.441+0000] {processor.py:914} INFO - Processing file /home/airflow/.local/lib/python3.12/site-packages/airflow/example_dags/example_subdag_operator.py for tasks to queue
[2026-05-08T21:57:17.442+0000] {logging_mixin.py:190} INFO - [2026-05-08T21:57:17.442+0000] {dagbag.py:588} INFO - Filling up the DagBag from /home/airflow/.local/lib/python3.12/site-packages/airflow/example_dags/example_subdag_operator.py
[2026-05-08T21:57:17.464+0000] {processor.py:925} INFO - DAG(s) 'example_subdag_operator.section-1', 'example_subdag_operator.section-2', 'example_subdag_operator' retrieved from /home/airflow/.local/lib/python3.12/site-packages/airflow/example_dags/example_subdag_operator.py
[2026-05-08T21:57:17.626+0000] {logging_mixin.py:190} INFO - [2026-05-08T21:57:17.626+0000] {dag.py:3239} INFO - Sync 3 DAGs
[2026-05-08T21:57:17.644+0000] {logging_mixin.py:190} INFO - [2026-05-08T21:57:17.643+0000] {dag.py:4180} INFO - Setting next_dagrun for example_subdag_operator to 2022-01-01 00:00:00+00:00, run_after=2022-01-01 00:00:00+00:00
[2026-05-08T21:57:17.646+0000] {logging_mixin.py:190} INFO - [2026-05-08T21:57:17.646+0000] {dag.py:4180} INFO - Setting next_dagrun for example_subdag_operator.section-1 to None, run_after=None
[2026-05-08T21:57:17.647+0000] {logging_mixin.py:190} INFO - [2026-05-08T21:57:17.647+0000] {dag.py:4180} INFO - Setting next_dagrun for example_subdag_operator.section-2 to None, run_after=None
[2026-05-08T21:57:17.653+0000] {logging_mixin.py:190} INFO - [2026-05-08T21:57:17.652+0000] {dag.py:3239} INFO - Sync 2 DAGs
[2026-05-08T21:57:17.657+0000] {logging_mixin.py:190} INFO - [2026-05-08T21:57:17.657+0000] {dag.py:4180} INFO - Setting next_dagrun for example_subdag_operator.section-1 to None, run_after=None
[2026-05-08T21:57:17.658+0000] {logging_mixin.py:190} INFO - [2026-05-08T21:57:17.658+0000] {dag.py:4180} INFO - Setting next_dagrun for example_subdag_operator.section-2 to None, run_after=None
[2026-05-08T21:57:17.667+0000] {processor.py:208} INFO - Processing /home/airflow/.local/lib/python3.12/site-packages/airflow/example_dags/example_subdag_operator.py took 0.231 seconds
[2026-05-08T21:57:48.402+0000] {processor.py:186} INFO - Started process (PID=10851) to work on /home/airflow/.local/lib/python3.12/site-packages/airflow/example_dags/example_subdag_operator.py
[2026-05-08T21:57:48.402+0000] {processor.py:914} INFO - Processing file /home/airflow/.local/lib/python3.12/site-packages/airflow/example_dags/example_subdag_operator.py for tasks to queue
[2026-05-08T21:57:48.405+0000] {logging_mixin.py:190} INFO - [2026-05-08T21:57:48.404+0000] {dagbag.py:588} INFO - Filling up the DagBag from /home/airflow/.local/lib/python3.12/site-packages/airflow/example_dags/example_subdag_operator.py
[2026-05-08T21:57:48.426+0000] {processor.py:925} INFO - DAG(s) 'example_subdag_operator.section-1', 'example_subdag_operator.section-2', 'example_subdag_operator' retrieved from /home/airflow/.local/lib/python3.12/site-packages/airflow/example_dags/example_subdag_operator.py
[2026-05-08T21:57:48.440+0000] {logging_mixin.py:190} INFO - [2026-05-08T21:57:48.440+0000] {dag.py:3239} INFO - Sync 3 DAGs
[2026-05-08T21:57:48.464+0000] {logging_mixin.py:190} INFO - [2026-05-08T21:57:48.464+0000] {dag.py:4180} INFO - Setting next_dagrun for example_subdag_operator to 2022-01-01 00:00:00+00:00, run_after=2022-01-01 00:00:00+00:00
[2026-05-08T21:57:48.468+0000] {logging_mixin.py:190} INFO - [2026-05-08T21:57:48.468+0000] {dag.py:4180} INFO - Setting next_dagrun for example_subdag_operator.section-1 to None, run_after=None
[2026-05-08T21:57:48.469+0000] {logging_mixin.py:190} INFO - [2026-05-08T21:57:48.469+0000] {dag.py:4180} INFO - Setting next_dagrun for example_subdag_operator.section-2 to None, run_after=None
[2026-05-08T21:57:48.476+0000] {logging_mixin.py:190} INFO - [2026-05-08T21:57:48.475+0000] {dag.py:3239} INFO - Sync 2 DAGs
[2026-05-08T21:57:48.481+0000] {logging_mixin.py:190} INFO - [2026-05-08T21:57:48.481+0000] {dag.py:4180} INFO - Setting next_dagrun for example_subdag_operator.section-1 to None, run_after=None
[2026-05-08T21:57:48.482+0000] {logging_mixin.py:190} INFO - [2026-05-08T21:57:48.481+0000] {dag.py:4180} INFO - Setting next_dagrun for example_subdag_operator.section-2 to None, run_after=None
[2026-05-08T21:57:48.502+0000] {processor.py:208} INFO - Processing /home/airflow/.local/lib/python3.12/site-packages/airflow/example_dags/example_subdag_operator.py took 0.106 seconds
[2026-05-08T21:58:18.686+0000] {processor.py:186} INFO - Started process (PID=10916) to work on /home/airflow/.local/lib/python3.12/site-packages/airflow/example_dags/example_subdag_operator.py
[2026-05-08T21:58:18.686+0000] {processor.py:914} INFO - Processing file /home/airflow/.local/lib/python3.12/site-packages/airflow/example_dags/example_subdag_operator.py for tasks to queue
[2026-05-08T21:58:18.688+0000] {logging_mixin.py:190} INFO - [2026-05-08T21:58:18.688+0000] {dagbag.py:588} INFO - Filling up the DagBag from /home/airflow/.local/lib/python3.12/site-packages/airflow/example_dags/example_subdag_operator.py
[2026-05-08T21:58:18.709+0000] {processor.py:925} INFO - DAG(s) 'example_subdag_operator.section-1', 'example_subdag_operator.section-2', 'example_subdag_operator' retrieved from /home/airflow/.local/lib/python3.12/site-packages/airflow/example_dags/example_subdag_operator.py
[2026-05-08T21:58:18.720+0000] {logging_mixin.py:190} INFO - [2026-05-08T21:58:18.720+0000] {dag.py:3239} INFO - Sync 3 DAGs
[2026-05-08T21:58:18.738+0000] {logging_mixin.py:190} INFO - [2026-05-08T21:58:18.738+0000] {dag.py:4180} INFO - Setting next_dagrun for example_subdag_operator to 2022-01-01 00:00:00+00:00, run_after=2022-01-01 00:00:00+00:00
[2026-05-08T21:58:18.741+0000] {logging_mixin.py:190} INFO - [2026-05-08T21:58:18.741+0000] {dag.py:4180} INFO - Setting next_dagrun for example_subdag_operator.section-1 to None, run_after=None
[2026-05-08T21:58:18.742+0000] {logging_mixin.py:190} INFO - [2026-05-08T21:58:18.742+0000] {dag.py:4180} INFO - Setting next_dagrun for example_subdag_operator.section-2 to None, run_after=None
[2026-05-08T21:58:18.747+0000] {logging_mixin.py:190} INFO - [2026-05-08T21:58:18.747+0000] {dag.py:3239} INFO - Sync 2 DAGs
[2026-05-08T21:58:18.752+0000] {logging_mixin.py:190} INFO - [2026-05-08T21:58:18.752+0000] {dag.py:4180} INFO - Setting next_dagrun for example_subdag_operator.section-1 to None, run_after=None
[2026-05-08T21:58:18.752+0000] {logging_mixin.py:190} INFO - [2026-05-08T21:58:18.752+0000] {dag.py:4180} INFO - Setting next_dagrun for example_subdag_operator.section-2 to None, run_after=None
[2026-05-08T21:58:18.762+0000] {processor.py:208} INFO - Processing /home/airflow/.local/lib/python3.12/site-packages/airflow/example_dags/example_subdag_operator.py took 0.081 seconds
[2026-05-08T21:58:48.894+0000] {processor.py:186} INFO - Started process (PID=10979) to work on /home/airflow/.local/lib/python3.12/site-packages/airflow/example_dags/example_subdag_operator.py
[2026-05-08T21:58:48.895+0000] {processor.py:914} INFO - Processing file /home/airflow/.local/lib/python3.12/site-packages/airflow/example_dags/example_subdag_operator.py for tasks to queue
[2026-05-08T21:58:48.897+0000] {logging_mixin.py:190} INFO - [2026-05-08T21:58:48.897+0000] {dagbag.py:588} INFO - Filling up the DagBag from /home/airflow/.local/lib/python3.12/site-packages/airflow/example_dags/example_subdag_operator.py
[2026-05-08T21:58:48.927+0000] {processor.py:925} INFO - DAG(s) 'example_subdag_operator.section-1', 'example_subdag_operator.section-2', 'example_subdag_operator' retrieved from /home/airflow/.local/lib/python3.12/site-packages/airflow/example_dags/example_subdag_operator.py
[2026-05-08T21:58:48.940+0000] {logging_mixin.py:190} INFO - [2026-05-08T21:58:48.940+0000] {dag.py:3239} INFO - Sync 3 DAGs
[2026-05-08T21:58:48.962+0000] {logging_mixin.py:190} INFO - [2026-05-08T21:58:48.962+0000] {dag.py:4180} INFO - Setting next_dagrun for example_subdag_operator to 2022-01-01 00:00:00+00:00, run_after=2022-01-01 00:00:00+00:00
[2026-05-08T21:58:48.966+0000] {logging_mixin.py:190} INFO - [2026-05-08T21:58:48.965+0000] {dag.py:4180} INFO - Setting next_dagrun for example_subdag_operator.section-1 to None, run_after=None
[2026-05-08T21:58:48.967+0000] {logging_mixin.py:190} INFO - [2026-05-08T21:58:48.967+0000] {dag.py:4180} INFO - Setting next_dagrun for example_subdag_operator.section-2 to None, run_after=None
[2026-05-08T21:58:48.975+0000] {logging_mixin.py:190} INFO - [2026-05-08T21:58:48.975+0000] {dag.py:3239} INFO - Sync 2 DAGs
[2026-05-08T21:58:48.980+0000] {logging_mixin.py:190} INFO - [2026-05-08T21:58:48.980+0000] {dag.py:4180} INFO - Setting next_dagrun for example_subdag_operator.section-1 to None, run_after=None
[2026-05-08T21:58:48.980+0000] {logging_mixin.py:190} INFO - [2026-05-08T21:58:48.980+0000] {dag.py:4180} INFO - Setting next_dagrun for example_subdag_operator.section-2 to None, run_after=None
[2026-05-08T21:58:48.988+0000] {processor.py:208} INFO - Processing /home/airflow/.local/lib/python3.12/site-packages/airflow/example_dags/example_subdag_operator.py took 0.099 seconds
[2026-05-08T21:59:19.043+0000] {processor.py:186} INFO - Started process (PID=11043) to work on /home/airflow/.local/lib/python3.12/site-packages/airflow/example_dags/example_subdag_operator.py
[2026-05-08T21:59:19.044+0000] {processor.py:914} INFO - Processing file /home/airflow/.local/lib/python3.12/site-packages/airflow/example_dags/example_subdag_operator.py for tasks to queue
[2026-05-08T21:59:19.045+0000] {logging_mixin.py:190} INFO - [2026-05-08T21:59:19.045+0000] {dagbag.py:588} INFO - Filling up the DagBag from /home/airflow/.local/lib/python3.12/site-packages/airflow/example_dags/example_subdag_operator.py
[2026-05-08T21:59:19.069+0000] {processor.py:925} INFO - DAG(s) 'example_subdag_operator.section-1', 'example_subdag_operator.section-2', 'example_subdag_operator' retrieved from /home/airflow/.local/lib/python3.12/site-packages/airflow/example_dags/example_subdag_operator.py
[2026-05-08T21:59:19.087+0000] {logging_mixin.py:190} INFO - [2026-05-08T21:59:19.087+0000] {dag.py:3239} INFO - Sync 3 DAGs
[2026-05-08T21:59:19.112+0000] {logging_mixin.py:190} INFO - [2026-05-08T21:59:19.112+0000] {dag.py:4180} INFO - Setting next_dagrun for example_subdag_operator to 2022-01-01 00:00:00+00:00, run_after=2022-01-01 00:00:00+00:00
[2026-05-08T21:59:19.116+0000] {logging_mixin.py:190} INFO - [2026-05-08T21:59:19.115+0000] {dag.py:4180} INFO - Setting next_dagrun for example_subdag_operator.section-1 to None, run_after=None
[2026-05-08T21:59:19.117+0000] {logging_mixin.py:190} INFO - [2026-05-08T21:59:19.117+0000] {dag.py:4180} INFO - Setting next_dagrun for example_subdag_operator.section-2 to None, run_after=None
[2026-05-08T21:59:19.124+0000] {logging_mixin.py:190} INFO - [2026-05-08T21:59:19.124+0000] {dag.py:3239} INFO - Sync 2 DAGs
[2026-05-08T21:59:19.130+0000] {logging_mixin.py:190} INFO - [2026-05-08T21:59:19.130+0000] {dag.py:4180} INFO - Setting next_dagrun for example_subdag_operator.section-1 to None, run_after=None
[2026-05-08T21:59:19.130+0000] {logging_mixin.py:190} INFO - [2026-05-08T21:59:19.130+0000] {dag.py:4180} INFO - Setting next_dagrun for example_subdag_operator.section-2 to None, run_after=None
[2026-05-08T21:59:19.140+0000] {processor.py:208} INFO - Processing /home/airflow/.local/lib/python3.12/site-packages/airflow/example_dags/example_subdag_operator.py took 0.102 seconds
[2026-05-08T21:59:49.194+0000] {processor.py:186} INFO - Started process (PID=11107) to work on /home/airflow/.local/lib/python3.12/site-packages/airflow/example_dags/example_subdag_operator.py
[2026-05-08T21:59:49.195+0000] {processor.py:914} INFO - Processing file /home/airflow/.local/lib/python3.12/site-packages/airflow/example_dags/example_subdag_operator.py for tasks to queue
[2026-05-08T21:59:49.196+0000] {logging_mixin.py:190} INFO - [2026-05-08T21:59:49.196+0000] {dagbag.py:588} INFO - Filling up the DagBag from /home/airflow/.local/lib/python3.12/site-packages/airflow/example_dags/example_subdag_operator.py
[2026-05-08T21:59:49.217+0000] {processor.py:925} INFO - DAG(s) 'example_subdag_operator.section-1', 'example_subdag_operator.section-2', 'example_subdag_operator' retrieved from /home/airflow/.local/lib/python3.12/site-packages/airflow/example_dags/example_subdag_operator.py
[2026-05-08T21:59:49.229+0000] {logging_mixin.py:190} INFO - [2026-05-08T21:59:49.229+0000] {dag.py:3239} INFO - Sync 3 DAGs
[2026-05-08T21:59:49.247+0000] {logging_mixin.py:190} INFO - [2026-05-08T21:59:49.247+0000] {dag.py:4180} INFO - Setting next_dagrun for example_subdag_operator to 2022-01-01 00:00:00+00:00, run_after=2022-01-01 00:00:00+00:00
[2026-05-08T21:59:49.250+0000] {logging_mixin.py:190} INFO - [2026-05-08T21:59:49.250+0000] {dag.py:4180} INFO - Setting next_dagrun for example_subdag_operator.section-1 to None, run_after=None
[2026-05-08T21:59:49.251+0000] {logging_mixin.py:190} INFO - [2026-05-08T21:59:49.251+0000] {dag.py:4180} INFO - Setting next_dagrun for example_subdag_operator.section-2 to None, run_after=None
[2026-05-08T21:59:49.256+0000] {logging_mixin.py:190} INFO - [2026-05-08T21:59:49.256+0000] {dag.py:3239} INFO - Sync 2 DAGs
[2026-05-08T21:59:49.260+0000] {logging_mixin.py:190} INFO - [2026-05-08T21:59:49.260+0000] {dag.py:4180} INFO - Setting next_dagrun for example_subdag_operator.section-1 to None, run_after=None
[2026-05-08T21:59:49.261+0000] {logging_mixin.py:190} INFO - [2026-05-08T21:59:49.261+0000] {dag.py:4180} INFO - Setting next_dagrun for example_subdag_operator.section-2 to None, run_after=None
[2026-05-08T21:59:49.269+0000] {processor.py:208} INFO - Processing /home/airflow/.local/lib/python3.12/site-packages/airflow/example_dags/example_subdag_operator.py took 0.079 seconds
[2026-05-08T22:00:19.390+0000] {processor.py:186} INFO - Started process (PID=11171) to work on /home/airflow/.local/lib/python3.12/site-packages/airflow/example_dags/example_subdag_operator.py
[2026-05-08T22:00:19.391+0000] {processor.py:914} INFO - Processing file /home/airflow/.local/lib/python3.12/site-packages/airflow/example_dags/example_subdag_operator.py for tasks to queue
[2026-05-08T22:00:19.393+0000] {logging_mixin.py:190} INFO - [2026-05-08T22:00:19.393+0000] {dagbag.py:588} INFO - Filling up the DagBag from /home/airflow/.local/lib/python3.12/site-packages/airflow/example_dags/example_subdag_operator.py
[2026-05-08T22:00:19.416+0000] {processor.py:925} INFO - DAG(s) 'example_subdag_operator.section-1', 'example_subdag_operator.section-2', 'example_subdag_operator' retrieved from /home/airflow/.local/lib/python3.12/site-packages/airflow/example_dags/example_subdag_operator.py
[2026-05-08T22:00:19.432+0000] {logging_mixin.py:190} INFO - [2026-05-08T22:00:19.431+0000] {dag.py:3239} INFO - Sync 3 DAGs
[2026-05-08T22:00:19.453+0000] {logging_mixin.py:190} INFO - [2026-05-08T22:00:19.453+0000] {dag.py:4180} INFO - Setting next_dagrun for example_subdag_operator to 2022-01-01 00:00:00+00:00, run_after=2022-01-01 00:00:00+00:00
[2026-05-08T22:00:19.456+0000] {logging_mixin.py:190} INFO - [2026-05-08T22:00:19.456+0000] {dag.py:4180} INFO - Setting next_dagrun for example_subdag_operator.section-1 to None, run_after=None
[2026-05-08T22:00:19.457+0000] {logging_mixin.py:190} INFO - [2026-05-08T22:00:19.457+0000] {dag.py:4180} INFO - Setting next_dagrun for example_subdag_operator.section-2 to None, run_after=None
[2026-05-08T22:00:19.462+0000] {logging_mixin.py:190} INFO - [2026-05-08T22:00:19.462+0000] {dag.py:3239} INFO - Sync 2 DAGs
[2026-05-08T22:00:19.467+0000] {logging_mixin.py:190} INFO - [2026-05-08T22:00:19.467+0000] {dag.py:4180} INFO - Setting next_dagrun for example_subdag_operator.section-1 to None, run_after=None
[2026-05-08T22:00:19.467+0000] {logging_mixin.py:190} INFO - [2026-05-08T22:00:19.467+0000] {dag.py:4180} INFO - Setting next_dagrun for example_subdag_operator.section-2 to None, run_after=None
[2026-05-08T22:00:19.475+0000] {processor.py:208} INFO - Processing /home/airflow/.local/lib/python3.12/site-packages/airflow/example_dags/example_subdag_operator.py took 0.091 seconds
[2026-05-08T22:00:49.518+0000] {processor.py:186} INFO - Started process (PID=11235) to work on /home/airflow/.local/lib/python3.12/site-packages/airflow/example_dags/example_subdag_operator.py
[2026-05-08T22:00:49.519+0000] {processor.py:914} INFO - Processing file /home/airflow/.local/lib/python3.12/site-packages/airflow/example_dags/example_subdag_operator.py for tasks to queue
[2026-05-08T22:00:49.521+0000] {logging_mixin.py:190} INFO - [2026-05-08T22:00:49.521+0000] {dagbag.py:588} INFO - Filling up the DagBag from /home/airflow/.local/lib/python3.12/site-packages/airflow/example_dags/example_subdag_operator.py
[2026-05-08T22:00:49.541+0000] {processor.py:925} INFO - DAG(s) 'example_subdag_operator.section-1', 'example_subdag_operator.section-2', 'example_subdag_operator' retrieved from /home/airflow/.local/lib/python3.12/site-packages/airflow/example_dags/example_subdag_operator.py
[2026-05-08T22:00:49.553+0000] {logging_mixin.py:190} INFO - [2026-05-08T22:00:49.553+0000] {dag.py:3239} INFO - Sync 3 DAGs
[2026-05-08T22:00:49.578+0000] {logging_mixin.py:190} INFO - [2026-05-08T22:00:49.578+0000] {dag.py:4180} INFO - Setting next_dagrun for example_subdag_operator to 2022-01-01 00:00:00+00:00, run_after=2022-01-01 00:00:00+00:00
[2026-05-08T22:00:49.582+0000] {logging_mixin.py:190} INFO - [2026-05-08T22:00:49.581+0000] {dag.py:4180} INFO - Setting next_dagrun for example_subdag_operator.section-1 to None, run_after=None
[2026-05-08T22:00:49.583+0000] {logging_mixin.py:190} INFO - [2026-05-08T22:00:49.583+0000] {dag.py:4180} INFO - Setting next_dagrun for example_subdag_operator.section-2 to None, run_after=None
[2026-05-08T22:00:49.591+0000] {logging_mixin.py:190} INFO - [2026-05-08T22:00:49.591+0000] {dag.py:3239} INFO - Sync 2 DAGs
[2026-05-08T22:00:49.596+0000] {logging_mixin.py:190} INFO - [2026-05-08T22:00:49.596+0000] {dag.py:4180} INFO - Setting next_dagrun for example_subdag_operator.section-1 to None, run_after=None
[2026-05-08T22:00:49.597+0000] {logging_mixin.py:190} INFO - [2026-05-08T22:00:49.597+0000] {dag.py:4180} INFO - Setting next_dagrun for example_subdag_operator.section-2 to None, run_after=None
[2026-05-08T22:00:49.605+0000] {processor.py:208} INFO - Processing /home/airflow/.local/lib/python3.12/site-packages/airflow/example_dags/example_subdag_operator.py took 0.093 seconds
[2026-05-08T22:01:19.790+0000] {processor.py:186} INFO - Started process (PID=11299) to work on /home/airflow/.local/lib/python3.12/site-packages/airflow/example_dags/example_subdag_operator.py
[2026-05-08T22:01:19.791+0000] {processor.py:914} INFO - Processing file /home/airflow/.local/lib/python3.12/site-packages/airflow/example_dags/example_subdag_operator.py for tasks to queue
[2026-05-08T22:01:19.793+0000] {logging_mixin.py:190} INFO - [2026-05-08T22:01:19.792+0000] {dagbag.py:588} INFO - Filling up the DagBag from /home/airflow/.local/lib/python3.12/site-packages/airflow/example_dags/example_subdag_operator.py
[2026-05-08T22:01:19.814+0000] {processor.py:925} INFO - DAG(s) 'example_subdag_operator.section-1', 'example_subdag_operator.section-2', 'example_subdag_operator' retrieved from /home/airflow/.local/lib/python3.12/site-packages/airflow/example_dags/example_subdag_operator.py
[2026-05-08T22:01:19.825+0000] {logging_mixin.py:190} INFO - [2026-05-08T22:01:19.825+0000] {dag.py:3239} INFO - Sync 3 DAGs
[2026-05-08T22:01:19.845+0000] {logging_mixin.py:190} INFO - [2026-05-08T22:01:19.845+0000] {dag.py:4180} INFO - Setting next_dagrun for example_subdag_operator to 2022-01-01 00:00:00+00:00, run_after=2022-01-01 00:00:00+00:00
[2026-05-08T22:01:19.848+0000] {logging_mixin.py:190} INFO - [2026-05-08T22:01:19.848+0000] {dag.py:4180} INFO - Setting next_dagrun for example_subdag_operator.section-1 to None, run_after=None
[2026-05-08T22:01:19.849+0000] {logging_mixin.py:190} INFO - [2026-05-08T22:01:19.849+0000] {dag.py:4180} INFO - Setting next_dagrun for example_subdag_operator.section-2 to None, run_after=None
[2026-05-08T22:01:19.855+0000] {logging_mixin.py:190} INFO - [2026-05-08T22:01:19.855+0000] {dag.py:3239} INFO - Sync 2 DAGs
[2026-05-08T22:01:19.860+0000] {logging_mixin.py:190} INFO - [2026-05-08T22:01:19.860+0000] {dag.py:4180} INFO - Setting next_dagrun for example_subdag_operator.section-1 to None, run_after=None
[2026-05-08T22:01:19.861+0000] {logging_mixin.py:190} INFO - [2026-05-08T22:01:19.861+0000] {dag.py:4180} INFO - Setting next_dagrun for example_subdag_operator.section-2 to None, run_after=None
[2026-05-08T22:01:19.869+0000] {processor.py:208} INFO - Processing /home/airflow/.local/lib/python3.12/site-packages/airflow/example_dags/example_subdag_operator.py took 0.085 seconds
[2026-05-08T22:01:50.649+0000] {processor.py:186} INFO - Started process (PID=11363) to work on /home/airflow/.local/lib/python3.12/site-packages/airflow/example_dags/example_subdag_operator.py
[2026-05-08T22:01:50.650+0000] {processor.py:914} INFO - Processing file /home/airflow/.local/lib/python3.12/site-packages/airflow/example_dags/example_subdag_operator.py for tasks to queue
[2026-05-08T22:01:50.652+0000] {logging_mixin.py:190} INFO - [2026-05-08T22:01:50.652+0000] {dagbag.py:588} INFO - Filling up the DagBag from /home/airflow/.local/lib/python3.12/site-packages/airflow/example_dags/example_subdag_operator.py
[2026-05-08T22:01:50.674+0000] {processor.py:925} INFO - DAG(s) 'example_subdag_operator.section-1', 'example_subdag_operator.section-2', 'example_subdag_operator' retrieved from /home/airflow/.local/lib/python3.12/site-packages/airflow/example_dags/example_subdag_operator.py
[2026-05-08T22:01:50.686+0000] {logging_mixin.py:190} INFO - [2026-05-08T22:01:50.686+0000] {dag.py:3239} INFO - Sync 3 DAGs
[2026-05-08T22:01:50.704+0000] {logging_mixin.py:190} INFO - [2026-05-08T22:01:50.704+0000] {dag.py:4180} INFO - Setting next_dagrun for example_subdag_operator to 2022-01-01 00:00:00+00:00, run_after=2022-01-01 00:00:00+00:00
[2026-05-08T22:01:50.707+0000] {logging_mixin.py:190} INFO - [2026-05-08T22:01:50.707+0000] {dag.py:4180} INFO - Setting next_dagrun for example_subdag_operator.section-1 to None, run_after=None
[2026-05-08T22:01:50.708+0000] {logging_mixin.py:190} INFO - [2026-05-08T22:01:50.708+0000] {dag.py:4180} INFO - Setting next_dagrun for example_subdag_operator.section-2 to None, run_after=None
[2026-05-08T22:01:50.713+0000] {logging_mixin.py:190} INFO - [2026-05-08T22:01:50.713+0000] {dag.py:3239} INFO - Sync 2 DAGs
[2026-05-08T22:01:50.717+0000] {logging_mixin.py:190} INFO - [2026-05-08T22:01:50.717+0000] {dag.py:4180} INFO - Setting next_dagrun for example_subdag_operator.section-1 to None, run_after=None
[2026-05-08T22:01:50.718+0000] {logging_mixin.py:190} INFO - [2026-05-08T22:01:50.717+0000] {dag.py:4180} INFO - Setting next_dagrun for example_subdag_operator.section-2 to None, run_after=None
[2026-05-08T22:01:50.725+0000] {processor.py:208} INFO - Processing /home/airflow/.local/lib/python3.12/site-packages/airflow/example_dags/example_subdag_operator.py took 0.080 seconds
