[2026-05-08T20:31:24.462+0000] {processor.py:186} INFO - Started process (PID=115) to work on /home/airflow/.local/lib/python3.12/site-packages/airflow/example_dags/example_task_group_decorator.py
[2026-05-08T20:31:24.463+0000] {processor.py:914} INFO - Processing file /home/airflow/.local/lib/python3.12/site-packages/airflow/example_dags/example_task_group_decorator.py for tasks to queue
[2026-05-08T20:31:24.477+0000] {logging_mixin.py:190} INFO - [2026-05-08T20:31:24.477+0000] {dagbag.py:588} INFO - Filling up the DagBag from /home/airflow/.local/lib/python3.12/site-packages/airflow/example_dags/example_task_group_decorator.py
[2026-05-08T20:31:24.508+0000] {processor.py:925} INFO - DAG(s) 'example_task_group_decorator' retrieved from /home/airflow/.local/lib/python3.12/site-packages/airflow/example_dags/example_task_group_decorator.py
[2026-05-08T20:31:24.543+0000] {logging_mixin.py:190} INFO - [2026-05-08T20:31:24.543+0000] {dag.py:3239} INFO - Sync 1 DAGs
[2026-05-08T20:31:24.564+0000] {logging_mixin.py:190} INFO - [2026-05-08T20:31:24.563+0000] {dag.py:4180} INFO - Setting next_dagrun for example_task_group_decorator to None, run_after=None
[2026-05-08T20:31:24.603+0000] {processor.py:208} INFO - Processing /home/airflow/.local/lib/python3.12/site-packages/airflow/example_dags/example_task_group_decorator.py took 0.153 seconds
[2026-05-08T20:31:55.242+0000] {processor.py:186} INFO - Started process (PID=178) to work on /home/airflow/.local/lib/python3.12/site-packages/airflow/example_dags/example_task_group_decorator.py
[2026-05-08T20:31:55.243+0000] {processor.py:914} INFO - Processing file /home/airflow/.local/lib/python3.12/site-packages/airflow/example_dags/example_task_group_decorator.py for tasks to queue
[2026-05-08T20:31:55.244+0000] {logging_mixin.py:190} INFO - [2026-05-08T20:31:55.244+0000] {dagbag.py:588} INFO - Filling up the DagBag from /home/airflow/.local/lib/python3.12/site-packages/airflow/example_dags/example_task_group_decorator.py
[2026-05-08T20:31:55.258+0000] {processor.py:925} INFO - DAG(s) 'example_task_group_decorator' retrieved from /home/airflow/.local/lib/python3.12/site-packages/airflow/example_dags/example_task_group_decorator.py
[2026-05-08T20:31:55.284+0000] {logging_mixin.py:190} INFO - [2026-05-08T20:31:55.284+0000] {dag.py:3239} INFO - Sync 1 DAGs
[2026-05-08T20:31:55.297+0000] {logging_mixin.py:190} INFO - [2026-05-08T20:31:55.297+0000] {dag.py:4180} INFO - Setting next_dagrun for example_task_group_decorator to None, run_after=None
[2026-05-08T20:31:55.311+0000] {processor.py:208} INFO - Processing /home/airflow/.local/lib/python3.12/site-packages/airflow/example_dags/example_task_group_decorator.py took 0.073 seconds
[2026-05-08T20:32:25.804+0000] {processor.py:186} INFO - Started process (PID=242) to work on /home/airflow/.local/lib/python3.12/site-packages/airflow/example_dags/example_task_group_decorator.py
[2026-05-08T20:32:25.805+0000] {processor.py:914} INFO - Processing file /home/airflow/.local/lib/python3.12/site-packages/airflow/example_dags/example_task_group_decorator.py for tasks to queue
[2026-05-08T20:32:25.806+0000] {logging_mixin.py:190} INFO - [2026-05-08T20:32:25.806+0000] {dagbag.py:588} INFO - Filling up the DagBag from /home/airflow/.local/lib/python3.12/site-packages/airflow/example_dags/example_task_group_decorator.py
[2026-05-08T20:32:25.818+0000] {processor.py:925} INFO - DAG(s) 'example_task_group_decorator' retrieved from /home/airflow/.local/lib/python3.12/site-packages/airflow/example_dags/example_task_group_decorator.py
[2026-05-08T20:32:25.844+0000] {logging_mixin.py:190} INFO - [2026-05-08T20:32:25.844+0000] {dag.py:3239} INFO - Sync 1 DAGs
[2026-05-08T20:32:25.857+0000] {logging_mixin.py:190} INFO - [2026-05-08T20:32:25.856+0000] {dag.py:4180} INFO - Setting next_dagrun for example_task_group_decorator to None, run_after=None
[2026-05-08T20:32:25.870+0000] {processor.py:208} INFO - Processing /home/airflow/.local/lib/python3.12/site-packages/airflow/example_dags/example_task_group_decorator.py took 0.070 seconds
[2026-05-08T20:32:56.130+0000] {processor.py:186} INFO - Started process (PID=306) to work on /home/airflow/.local/lib/python3.12/site-packages/airflow/example_dags/example_task_group_decorator.py
[2026-05-08T20:32:56.131+0000] {processor.py:914} INFO - Processing file /home/airflow/.local/lib/python3.12/site-packages/airflow/example_dags/example_task_group_decorator.py for tasks to queue
[2026-05-08T20:32:56.132+0000] {logging_mixin.py:190} INFO - [2026-05-08T20:32:56.132+0000] {dagbag.py:588} INFO - Filling up the DagBag from /home/airflow/.local/lib/python3.12/site-packages/airflow/example_dags/example_task_group_decorator.py
[2026-05-08T20:32:56.145+0000] {processor.py:925} INFO - DAG(s) 'example_task_group_decorator' retrieved from /home/airflow/.local/lib/python3.12/site-packages/airflow/example_dags/example_task_group_decorator.py
[2026-05-08T20:32:56.171+0000] {logging_mixin.py:190} INFO - [2026-05-08T20:32:56.171+0000] {dag.py:3239} INFO - Sync 1 DAGs
[2026-05-08T20:32:56.183+0000] {logging_mixin.py:190} INFO - [2026-05-08T20:32:56.183+0000] {dag.py:4180} INFO - Setting next_dagrun for example_task_group_decorator to None, run_after=None
[2026-05-08T20:32:56.197+0000] {processor.py:208} INFO - Processing /home/airflow/.local/lib/python3.12/site-packages/airflow/example_dags/example_task_group_decorator.py took 0.071 seconds
[2026-05-08T20:33:27.577+0000] {processor.py:186} INFO - Started process (PID=370) to work on /home/airflow/.local/lib/python3.12/site-packages/airflow/example_dags/example_task_group_decorator.py
[2026-05-08T20:33:27.578+0000] {processor.py:914} INFO - Processing file /home/airflow/.local/lib/python3.12/site-packages/airflow/example_dags/example_task_group_decorator.py for tasks to queue
[2026-05-08T20:33:27.579+0000] {logging_mixin.py:190} INFO - [2026-05-08T20:33:27.579+0000] {dagbag.py:588} INFO - Filling up the DagBag from /home/airflow/.local/lib/python3.12/site-packages/airflow/example_dags/example_task_group_decorator.py
[2026-05-08T20:33:27.592+0000] {processor.py:925} INFO - DAG(s) 'example_task_group_decorator' retrieved from /home/airflow/.local/lib/python3.12/site-packages/airflow/example_dags/example_task_group_decorator.py
[2026-05-08T20:33:27.612+0000] {logging_mixin.py:190} INFO - [2026-05-08T20:33:27.612+0000] {dag.py:3239} INFO - Sync 1 DAGs
[2026-05-08T20:33:27.623+0000] {logging_mixin.py:190} INFO - [2026-05-08T20:33:27.623+0000] {dag.py:4180} INFO - Setting next_dagrun for example_task_group_decorator to None, run_after=None
[2026-05-08T20:33:27.636+0000] {processor.py:208} INFO - Processing /home/airflow/.local/lib/python3.12/site-packages/airflow/example_dags/example_task_group_decorator.py took 0.063 seconds
[2026-05-08T20:33:58.777+0000] {processor.py:186} INFO - Started process (PID=434) to work on /home/airflow/.local/lib/python3.12/site-packages/airflow/example_dags/example_task_group_decorator.py
[2026-05-08T20:33:58.778+0000] {processor.py:914} INFO - Processing file /home/airflow/.local/lib/python3.12/site-packages/airflow/example_dags/example_task_group_decorator.py for tasks to queue
[2026-05-08T20:33:58.779+0000] {logging_mixin.py:190} INFO - [2026-05-08T20:33:58.779+0000] {dagbag.py:588} INFO - Filling up the DagBag from /home/airflow/.local/lib/python3.12/site-packages/airflow/example_dags/example_task_group_decorator.py
[2026-05-08T20:33:58.791+0000] {processor.py:925} INFO - DAG(s) 'example_task_group_decorator' retrieved from /home/airflow/.local/lib/python3.12/site-packages/airflow/example_dags/example_task_group_decorator.py
[2026-05-08T20:33:58.818+0000] {logging_mixin.py:190} INFO - [2026-05-08T20:33:58.818+0000] {dag.py:3239} INFO - Sync 1 DAGs
[2026-05-08T20:33:58.832+0000] {logging_mixin.py:190} INFO - [2026-05-08T20:33:58.832+0000] {dag.py:4180} INFO - Setting next_dagrun for example_task_group_decorator to None, run_after=None
[2026-05-08T20:33:58.845+0000] {processor.py:208} INFO - Processing /home/airflow/.local/lib/python3.12/site-packages/airflow/example_dags/example_task_group_decorator.py took 0.073 seconds
[2026-05-08T20:34:30.135+0000] {processor.py:186} INFO - Started process (PID=504) to work on /home/airflow/.local/lib/python3.12/site-packages/airflow/example_dags/example_task_group_decorator.py
[2026-05-08T20:34:30.137+0000] {processor.py:914} INFO - Processing file /home/airflow/.local/lib/python3.12/site-packages/airflow/example_dags/example_task_group_decorator.py for tasks to queue
[2026-05-08T20:34:30.139+0000] {logging_mixin.py:190} INFO - [2026-05-08T20:34:30.139+0000] {dagbag.py:588} INFO - Filling up the DagBag from /home/airflow/.local/lib/python3.12/site-packages/airflow/example_dags/example_task_group_decorator.py
[2026-05-08T20:34:30.158+0000] {processor.py:925} INFO - DAG(s) 'example_task_group_decorator' retrieved from /home/airflow/.local/lib/python3.12/site-packages/airflow/example_dags/example_task_group_decorator.py
[2026-05-08T20:34:30.185+0000] {logging_mixin.py:190} INFO - [2026-05-08T20:34:30.185+0000] {dag.py:3239} INFO - Sync 1 DAGs
[2026-05-08T20:34:30.199+0000] {logging_mixin.py:190} INFO - [2026-05-08T20:34:30.198+0000] {dag.py:4180} INFO - Setting next_dagrun for example_task_group_decorator to None, run_after=None
[2026-05-08T20:34:30.213+0000] {processor.py:208} INFO - Processing /home/airflow/.local/lib/python3.12/site-packages/airflow/example_dags/example_task_group_decorator.py took 0.084 seconds
[2026-05-08T20:35:01.403+0000] {processor.py:186} INFO - Started process (PID=568) to work on /home/airflow/.local/lib/python3.12/site-packages/airflow/example_dags/example_task_group_decorator.py
[2026-05-08T20:35:01.404+0000] {processor.py:914} INFO - Processing file /home/airflow/.local/lib/python3.12/site-packages/airflow/example_dags/example_task_group_decorator.py for tasks to queue
[2026-05-08T20:35:01.406+0000] {logging_mixin.py:190} INFO - [2026-05-08T20:35:01.405+0000] {dagbag.py:588} INFO - Filling up the DagBag from /home/airflow/.local/lib/python3.12/site-packages/airflow/example_dags/example_task_group_decorator.py
[2026-05-08T20:35:01.419+0000] {processor.py:925} INFO - DAG(s) 'example_task_group_decorator' retrieved from /home/airflow/.local/lib/python3.12/site-packages/airflow/example_dags/example_task_group_decorator.py
[2026-05-08T20:35:01.442+0000] {logging_mixin.py:190} INFO - [2026-05-08T20:35:01.442+0000] {dag.py:3239} INFO - Sync 1 DAGs
[2026-05-08T20:35:01.457+0000] {logging_mixin.py:190} INFO - [2026-05-08T20:35:01.457+0000] {dag.py:4180} INFO - Setting next_dagrun for example_task_group_decorator to None, run_after=None
[2026-05-08T20:35:01.472+0000] {processor.py:208} INFO - Processing /home/airflow/.local/lib/python3.12/site-packages/airflow/example_dags/example_task_group_decorator.py took 0.074 seconds
[2026-05-08T20:35:32.563+0000] {processor.py:186} INFO - Started process (PID=632) to work on /home/airflow/.local/lib/python3.12/site-packages/airflow/example_dags/example_task_group_decorator.py
[2026-05-08T20:35:32.564+0000] {processor.py:914} INFO - Processing file /home/airflow/.local/lib/python3.12/site-packages/airflow/example_dags/example_task_group_decorator.py for tasks to queue
[2026-05-08T20:35:32.567+0000] {logging_mixin.py:190} INFO - [2026-05-08T20:35:32.566+0000] {dagbag.py:588} INFO - Filling up the DagBag from /home/airflow/.local/lib/python3.12/site-packages/airflow/example_dags/example_task_group_decorator.py
[2026-05-08T20:35:32.587+0000] {processor.py:925} INFO - DAG(s) 'example_task_group_decorator' retrieved from /home/airflow/.local/lib/python3.12/site-packages/airflow/example_dags/example_task_group_decorator.py
[2026-05-08T20:35:32.651+0000] {logging_mixin.py:190} INFO - [2026-05-08T20:35:32.651+0000] {dag.py:3239} INFO - Sync 1 DAGs
[2026-05-08T20:35:32.674+0000] {logging_mixin.py:190} INFO - [2026-05-08T20:35:32.673+0000] {dag.py:4180} INFO - Setting next_dagrun for example_task_group_decorator to None, run_after=None
[2026-05-08T20:35:32.695+0000] {processor.py:208} INFO - Processing /home/airflow/.local/lib/python3.12/site-packages/airflow/example_dags/example_task_group_decorator.py took 0.137 seconds
[2026-05-08T20:36:03.970+0000] {processor.py:186} INFO - Started process (PID=696) to work on /home/airflow/.local/lib/python3.12/site-packages/airflow/example_dags/example_task_group_decorator.py
[2026-05-08T20:36:03.971+0000] {processor.py:914} INFO - Processing file /home/airflow/.local/lib/python3.12/site-packages/airflow/example_dags/example_task_group_decorator.py for tasks to queue
[2026-05-08T20:36:03.973+0000] {logging_mixin.py:190} INFO - [2026-05-08T20:36:03.973+0000] {dagbag.py:588} INFO - Filling up the DagBag from /home/airflow/.local/lib/python3.12/site-packages/airflow/example_dags/example_task_group_decorator.py
[2026-05-08T20:36:03.992+0000] {processor.py:925} INFO - DAG(s) 'example_task_group_decorator' retrieved from /home/airflow/.local/lib/python3.12/site-packages/airflow/example_dags/example_task_group_decorator.py
[2026-05-08T20:36:04.020+0000] {logging_mixin.py:190} INFO - [2026-05-08T20:36:04.020+0000] {dag.py:3239} INFO - Sync 1 DAGs
[2026-05-08T20:36:04.033+0000] {logging_mixin.py:190} INFO - [2026-05-08T20:36:04.033+0000] {dag.py:4180} INFO - Setting next_dagrun for example_task_group_decorator to None, run_after=None
[2026-05-08T20:36:04.046+0000] {processor.py:208} INFO - Processing /home/airflow/.local/lib/python3.12/site-packages/airflow/example_dags/example_task_group_decorator.py took 0.083 seconds
[2026-05-08T20:36:34.659+0000] {processor.py:186} INFO - Started process (PID=759) to work on /home/airflow/.local/lib/python3.12/site-packages/airflow/example_dags/example_task_group_decorator.py
[2026-05-08T20:36:34.660+0000] {processor.py:914} INFO - Processing file /home/airflow/.local/lib/python3.12/site-packages/airflow/example_dags/example_task_group_decorator.py for tasks to queue
[2026-05-08T20:36:34.663+0000] {logging_mixin.py:190} INFO - [2026-05-08T20:36:34.662+0000] {dagbag.py:588} INFO - Filling up the DagBag from /home/airflow/.local/lib/python3.12/site-packages/airflow/example_dags/example_task_group_decorator.py
[2026-05-08T20:36:34.684+0000] {processor.py:925} INFO - DAG(s) 'example_task_group_decorator' retrieved from /home/airflow/.local/lib/python3.12/site-packages/airflow/example_dags/example_task_group_decorator.py
[2026-05-08T20:36:34.709+0000] {logging_mixin.py:190} INFO - [2026-05-08T20:36:34.709+0000] {dag.py:3239} INFO - Sync 1 DAGs
[2026-05-08T20:36:34.727+0000] {logging_mixin.py:190} INFO - [2026-05-08T20:36:34.726+0000] {dag.py:4180} INFO - Setting next_dagrun for example_task_group_decorator to None, run_after=None
[2026-05-08T20:36:34.740+0000] {processor.py:208} INFO - Processing /home/airflow/.local/lib/python3.12/site-packages/airflow/example_dags/example_task_group_decorator.py took 0.088 seconds
[2026-05-08T20:37:06.278+0000] {processor.py:186} INFO - Started process (PID=824) to work on /home/airflow/.local/lib/python3.12/site-packages/airflow/example_dags/example_task_group_decorator.py
[2026-05-08T20:37:06.278+0000] {processor.py:914} INFO - Processing file /home/airflow/.local/lib/python3.12/site-packages/airflow/example_dags/example_task_group_decorator.py for tasks to queue
[2026-05-08T20:37:06.280+0000] {logging_mixin.py:190} INFO - [2026-05-08T20:37:06.279+0000] {dagbag.py:588} INFO - Filling up the DagBag from /home/airflow/.local/lib/python3.12/site-packages/airflow/example_dags/example_task_group_decorator.py
[2026-05-08T20:37:06.292+0000] {processor.py:925} INFO - DAG(s) 'example_task_group_decorator' retrieved from /home/airflow/.local/lib/python3.12/site-packages/airflow/example_dags/example_task_group_decorator.py
[2026-05-08T20:37:06.312+0000] {logging_mixin.py:190} INFO - [2026-05-08T20:37:06.312+0000] {dag.py:3239} INFO - Sync 1 DAGs
[2026-05-08T20:37:06.323+0000] {logging_mixin.py:190} INFO - [2026-05-08T20:37:06.323+0000] {dag.py:4180} INFO - Setting next_dagrun for example_task_group_decorator to None, run_after=None
[2026-05-08T20:37:06.337+0000] {processor.py:208} INFO - Processing /home/airflow/.local/lib/python3.12/site-packages/airflow/example_dags/example_task_group_decorator.py took 0.064 seconds
[2026-05-08T20:37:37.340+0000] {processor.py:186} INFO - Started process (PID=887) to work on /home/airflow/.local/lib/python3.12/site-packages/airflow/example_dags/example_task_group_decorator.py
[2026-05-08T20:37:37.341+0000] {processor.py:914} INFO - Processing file /home/airflow/.local/lib/python3.12/site-packages/airflow/example_dags/example_task_group_decorator.py for tasks to queue
[2026-05-08T20:37:37.343+0000] {logging_mixin.py:190} INFO - [2026-05-08T20:37:37.343+0000] {dagbag.py:588} INFO - Filling up the DagBag from /home/airflow/.local/lib/python3.12/site-packages/airflow/example_dags/example_task_group_decorator.py
[2026-05-08T20:37:37.362+0000] {processor.py:925} INFO - DAG(s) 'example_task_group_decorator' retrieved from /home/airflow/.local/lib/python3.12/site-packages/airflow/example_dags/example_task_group_decorator.py
[2026-05-08T20:37:37.389+0000] {logging_mixin.py:190} INFO - [2026-05-08T20:37:37.388+0000] {dag.py:3239} INFO - Sync 1 DAGs
[2026-05-08T20:37:37.403+0000] {logging_mixin.py:190} INFO - [2026-05-08T20:37:37.403+0000] {dag.py:4180} INFO - Setting next_dagrun for example_task_group_decorator to None, run_after=None
[2026-05-08T20:37:37.419+0000] {processor.py:208} INFO - Processing /home/airflow/.local/lib/python3.12/site-packages/airflow/example_dags/example_task_group_decorator.py took 0.083 seconds
[2026-05-08T20:38:08.245+0000] {processor.py:186} INFO - Started process (PID=951) to work on /home/airflow/.local/lib/python3.12/site-packages/airflow/example_dags/example_task_group_decorator.py
[2026-05-08T20:38:08.245+0000] {processor.py:914} INFO - Processing file /home/airflow/.local/lib/python3.12/site-packages/airflow/example_dags/example_task_group_decorator.py for tasks to queue
[2026-05-08T20:38:08.248+0000] {logging_mixin.py:190} INFO - [2026-05-08T20:38:08.247+0000] {dagbag.py:588} INFO - Filling up the DagBag from /home/airflow/.local/lib/python3.12/site-packages/airflow/example_dags/example_task_group_decorator.py
[2026-05-08T20:38:08.266+0000] {processor.py:925} INFO - DAG(s) 'example_task_group_decorator' retrieved from /home/airflow/.local/lib/python3.12/site-packages/airflow/example_dags/example_task_group_decorator.py
[2026-05-08T20:38:08.295+0000] {logging_mixin.py:190} INFO - [2026-05-08T20:38:08.295+0000] {dag.py:3239} INFO - Sync 1 DAGs
[2026-05-08T20:38:08.313+0000] {logging_mixin.py:190} INFO - [2026-05-08T20:38:08.312+0000] {dag.py:4180} INFO - Setting next_dagrun for example_task_group_decorator to None, run_after=None
[2026-05-08T20:38:08.331+0000] {processor.py:208} INFO - Processing /home/airflow/.local/lib/python3.12/site-packages/airflow/example_dags/example_task_group_decorator.py took 0.092 seconds
[2026-05-08T20:38:39.392+0000] {processor.py:186} INFO - Started process (PID=1015) to work on /home/airflow/.local/lib/python3.12/site-packages/airflow/example_dags/example_task_group_decorator.py
[2026-05-08T20:38:39.393+0000] {processor.py:914} INFO - Processing file /home/airflow/.local/lib/python3.12/site-packages/airflow/example_dags/example_task_group_decorator.py for tasks to queue
[2026-05-08T20:38:39.395+0000] {logging_mixin.py:190} INFO - [2026-05-08T20:38:39.394+0000] {dagbag.py:588} INFO - Filling up the DagBag from /home/airflow/.local/lib/python3.12/site-packages/airflow/example_dags/example_task_group_decorator.py
[2026-05-08T20:38:39.411+0000] {processor.py:925} INFO - DAG(s) 'example_task_group_decorator' retrieved from /home/airflow/.local/lib/python3.12/site-packages/airflow/example_dags/example_task_group_decorator.py
[2026-05-08T20:38:39.435+0000] {logging_mixin.py:190} INFO - [2026-05-08T20:38:39.435+0000] {dag.py:3239} INFO - Sync 1 DAGs
[2026-05-08T20:38:39.452+0000] {logging_mixin.py:190} INFO - [2026-05-08T20:38:39.452+0000] {dag.py:4180} INFO - Setting next_dagrun for example_task_group_decorator to None, run_after=None
[2026-05-08T20:38:39.471+0000] {processor.py:208} INFO - Processing /home/airflow/.local/lib/python3.12/site-packages/airflow/example_dags/example_task_group_decorator.py took 0.083 seconds
[2026-05-08T20:39:10.106+0000] {processor.py:186} INFO - Started process (PID=1079) to work on /home/airflow/.local/lib/python3.12/site-packages/airflow/example_dags/example_task_group_decorator.py
[2026-05-08T20:39:10.107+0000] {processor.py:914} INFO - Processing file /home/airflow/.local/lib/python3.12/site-packages/airflow/example_dags/example_task_group_decorator.py for tasks to queue
[2026-05-08T20:39:10.108+0000] {logging_mixin.py:190} INFO - [2026-05-08T20:39:10.108+0000] {dagbag.py:588} INFO - Filling up the DagBag from /home/airflow/.local/lib/python3.12/site-packages/airflow/example_dags/example_task_group_decorator.py
[2026-05-08T20:39:10.122+0000] {processor.py:925} INFO - DAG(s) 'example_task_group_decorator' retrieved from /home/airflow/.local/lib/python3.12/site-packages/airflow/example_dags/example_task_group_decorator.py
[2026-05-08T20:39:10.146+0000] {logging_mixin.py:190} INFO - [2026-05-08T20:39:10.146+0000] {dag.py:3239} INFO - Sync 1 DAGs
[2026-05-08T20:39:10.162+0000] {logging_mixin.py:190} INFO - [2026-05-08T20:39:10.161+0000] {dag.py:4180} INFO - Setting next_dagrun for example_task_group_decorator to None, run_after=None
[2026-05-08T20:39:10.175+0000] {processor.py:208} INFO - Processing /home/airflow/.local/lib/python3.12/site-packages/airflow/example_dags/example_task_group_decorator.py took 0.074 seconds
[2026-05-08T20:39:40.741+0000] {processor.py:186} INFO - Started process (PID=1143) to work on /home/airflow/.local/lib/python3.12/site-packages/airflow/example_dags/example_task_group_decorator.py
[2026-05-08T20:39:40.742+0000] {processor.py:914} INFO - Processing file /home/airflow/.local/lib/python3.12/site-packages/airflow/example_dags/example_task_group_decorator.py for tasks to queue
[2026-05-08T20:39:40.744+0000] {logging_mixin.py:190} INFO - [2026-05-08T20:39:40.744+0000] {dagbag.py:588} INFO - Filling up the DagBag from /home/airflow/.local/lib/python3.12/site-packages/airflow/example_dags/example_task_group_decorator.py
[2026-05-08T20:39:40.762+0000] {processor.py:925} INFO - DAG(s) 'example_task_group_decorator' retrieved from /home/airflow/.local/lib/python3.12/site-packages/airflow/example_dags/example_task_group_decorator.py
[2026-05-08T20:39:40.788+0000] {logging_mixin.py:190} INFO - [2026-05-08T20:39:40.788+0000] {dag.py:3239} INFO - Sync 1 DAGs
[2026-05-08T20:39:40.800+0000] {logging_mixin.py:190} INFO - [2026-05-08T20:39:40.800+0000] {dag.py:4180} INFO - Setting next_dagrun for example_task_group_decorator to None, run_after=None
[2026-05-08T20:39:40.815+0000] {processor.py:208} INFO - Processing /home/airflow/.local/lib/python3.12/site-packages/airflow/example_dags/example_task_group_decorator.py took 0.079 seconds
[2026-05-08T20:40:11.582+0000] {processor.py:186} INFO - Started process (PID=1207) to work on /home/airflow/.local/lib/python3.12/site-packages/airflow/example_dags/example_task_group_decorator.py
[2026-05-08T20:40:11.583+0000] {processor.py:914} INFO - Processing file /home/airflow/.local/lib/python3.12/site-packages/airflow/example_dags/example_task_group_decorator.py for tasks to queue
[2026-05-08T20:40:11.585+0000] {logging_mixin.py:190} INFO - [2026-05-08T20:40:11.584+0000] {dagbag.py:588} INFO - Filling up the DagBag from /home/airflow/.local/lib/python3.12/site-packages/airflow/example_dags/example_task_group_decorator.py
[2026-05-08T20:40:11.604+0000] {processor.py:925} INFO - DAG(s) 'example_task_group_decorator' retrieved from /home/airflow/.local/lib/python3.12/site-packages/airflow/example_dags/example_task_group_decorator.py
[2026-05-08T20:40:11.632+0000] {logging_mixin.py:190} INFO - [2026-05-08T20:40:11.632+0000] {dag.py:3239} INFO - Sync 1 DAGs
[2026-05-08T20:40:11.647+0000] {logging_mixin.py:190} INFO - [2026-05-08T20:40:11.646+0000] {dag.py:4180} INFO - Setting next_dagrun for example_task_group_decorator to None, run_after=None
[2026-05-08T20:40:11.665+0000] {processor.py:208} INFO - Processing /home/airflow/.local/lib/python3.12/site-packages/airflow/example_dags/example_task_group_decorator.py took 0.089 seconds
[2026-05-08T20:40:42.449+0000] {processor.py:186} INFO - Started process (PID=1271) to work on /home/airflow/.local/lib/python3.12/site-packages/airflow/example_dags/example_task_group_decorator.py
[2026-05-08T20:40:42.450+0000] {processor.py:914} INFO - Processing file /home/airflow/.local/lib/python3.12/site-packages/airflow/example_dags/example_task_group_decorator.py for tasks to queue
[2026-05-08T20:40:42.451+0000] {logging_mixin.py:190} INFO - [2026-05-08T20:40:42.451+0000] {dagbag.py:588} INFO - Filling up the DagBag from /home/airflow/.local/lib/python3.12/site-packages/airflow/example_dags/example_task_group_decorator.py
[2026-05-08T20:40:42.464+0000] {processor.py:925} INFO - DAG(s) 'example_task_group_decorator' retrieved from /home/airflow/.local/lib/python3.12/site-packages/airflow/example_dags/example_task_group_decorator.py
[2026-05-08T20:40:42.483+0000] {logging_mixin.py:190} INFO - [2026-05-08T20:40:42.483+0000] {dag.py:3239} INFO - Sync 1 DAGs
[2026-05-08T20:40:42.496+0000] {logging_mixin.py:190} INFO - [2026-05-08T20:40:42.496+0000] {dag.py:4180} INFO - Setting next_dagrun for example_task_group_decorator to None, run_after=None
[2026-05-08T20:40:42.511+0000] {processor.py:208} INFO - Processing /home/airflow/.local/lib/python3.12/site-packages/airflow/example_dags/example_task_group_decorator.py took 0.066 seconds
[2026-05-08T20:41:13.482+0000] {processor.py:186} INFO - Started process (PID=1335) to work on /home/airflow/.local/lib/python3.12/site-packages/airflow/example_dags/example_task_group_decorator.py
[2026-05-08T20:41:13.483+0000] {processor.py:914} INFO - Processing file /home/airflow/.local/lib/python3.12/site-packages/airflow/example_dags/example_task_group_decorator.py for tasks to queue
[2026-05-08T20:41:13.485+0000] {logging_mixin.py:190} INFO - [2026-05-08T20:41:13.485+0000] {dagbag.py:588} INFO - Filling up the DagBag from /home/airflow/.local/lib/python3.12/site-packages/airflow/example_dags/example_task_group_decorator.py
[2026-05-08T20:41:13.503+0000] {processor.py:925} INFO - DAG(s) 'example_task_group_decorator' retrieved from /home/airflow/.local/lib/python3.12/site-packages/airflow/example_dags/example_task_group_decorator.py
[2026-05-08T20:41:13.531+0000] {logging_mixin.py:190} INFO - [2026-05-08T20:41:13.531+0000] {dag.py:3239} INFO - Sync 1 DAGs
[2026-05-08T20:41:13.547+0000] {logging_mixin.py:190} INFO - [2026-05-08T20:41:13.547+0000] {dag.py:4180} INFO - Setting next_dagrun for example_task_group_decorator to None, run_after=None
[2026-05-08T20:41:13.563+0000] {processor.py:208} INFO - Processing /home/airflow/.local/lib/python3.12/site-packages/airflow/example_dags/example_task_group_decorator.py took 0.088 seconds
[2026-05-08T20:41:44.309+0000] {processor.py:186} INFO - Started process (PID=1399) to work on /home/airflow/.local/lib/python3.12/site-packages/airflow/example_dags/example_task_group_decorator.py
[2026-05-08T20:41:44.310+0000] {processor.py:914} INFO - Processing file /home/airflow/.local/lib/python3.12/site-packages/airflow/example_dags/example_task_group_decorator.py for tasks to queue
[2026-05-08T20:41:44.312+0000] {logging_mixin.py:190} INFO - [2026-05-08T20:41:44.311+0000] {dagbag.py:588} INFO - Filling up the DagBag from /home/airflow/.local/lib/python3.12/site-packages/airflow/example_dags/example_task_group_decorator.py
[2026-05-08T20:41:44.326+0000] {processor.py:925} INFO - DAG(s) 'example_task_group_decorator' retrieved from /home/airflow/.local/lib/python3.12/site-packages/airflow/example_dags/example_task_group_decorator.py
[2026-05-08T20:41:44.350+0000] {logging_mixin.py:190} INFO - [2026-05-08T20:41:44.350+0000] {dag.py:3239} INFO - Sync 1 DAGs
[2026-05-08T20:41:44.362+0000] {logging_mixin.py:190} INFO - [2026-05-08T20:41:44.362+0000] {dag.py:4180} INFO - Setting next_dagrun for example_task_group_decorator to None, run_after=None
[2026-05-08T20:41:44.378+0000] {processor.py:208} INFO - Processing /home/airflow/.local/lib/python3.12/site-packages/airflow/example_dags/example_task_group_decorator.py took 0.073 seconds
[2026-05-08T20:42:15.732+0000] {processor.py:186} INFO - Started process (PID=1463) to work on /home/airflow/.local/lib/python3.12/site-packages/airflow/example_dags/example_task_group_decorator.py
[2026-05-08T20:42:15.733+0000] {processor.py:914} INFO - Processing file /home/airflow/.local/lib/python3.12/site-packages/airflow/example_dags/example_task_group_decorator.py for tasks to queue
[2026-05-08T20:42:15.734+0000] {logging_mixin.py:190} INFO - [2026-05-08T20:42:15.734+0000] {dagbag.py:588} INFO - Filling up the DagBag from /home/airflow/.local/lib/python3.12/site-packages/airflow/example_dags/example_task_group_decorator.py
[2026-05-08T20:42:15.747+0000] {processor.py:925} INFO - DAG(s) 'example_task_group_decorator' retrieved from /home/airflow/.local/lib/python3.12/site-packages/airflow/example_dags/example_task_group_decorator.py
[2026-05-08T20:42:15.768+0000] {logging_mixin.py:190} INFO - [2026-05-08T20:42:15.768+0000] {dag.py:3239} INFO - Sync 1 DAGs
[2026-05-08T20:42:15.779+0000] {logging_mixin.py:190} INFO - [2026-05-08T20:42:15.779+0000] {dag.py:4180} INFO - Setting next_dagrun for example_task_group_decorator to None, run_after=None
[2026-05-08T20:42:15.794+0000] {processor.py:208} INFO - Processing /home/airflow/.local/lib/python3.12/site-packages/airflow/example_dags/example_task_group_decorator.py took 0.067 seconds
[2026-05-08T20:42:47.182+0000] {processor.py:186} INFO - Started process (PID=1529) to work on /home/airflow/.local/lib/python3.12/site-packages/airflow/example_dags/example_task_group_decorator.py
[2026-05-08T20:42:47.183+0000] {processor.py:914} INFO - Processing file /home/airflow/.local/lib/python3.12/site-packages/airflow/example_dags/example_task_group_decorator.py for tasks to queue
[2026-05-08T20:42:47.184+0000] {logging_mixin.py:190} INFO - [2026-05-08T20:42:47.184+0000] {dagbag.py:588} INFO - Filling up the DagBag from /home/airflow/.local/lib/python3.12/site-packages/airflow/example_dags/example_task_group_decorator.py
[2026-05-08T20:42:47.197+0000] {processor.py:925} INFO - DAG(s) 'example_task_group_decorator' retrieved from /home/airflow/.local/lib/python3.12/site-packages/airflow/example_dags/example_task_group_decorator.py
[2026-05-08T20:42:47.217+0000] {logging_mixin.py:190} INFO - [2026-05-08T20:42:47.217+0000] {dag.py:3239} INFO - Sync 1 DAGs
[2026-05-08T20:42:47.228+0000] {logging_mixin.py:190} INFO - [2026-05-08T20:42:47.228+0000] {dag.py:4180} INFO - Setting next_dagrun for example_task_group_decorator to None, run_after=None
[2026-05-08T20:42:47.241+0000] {processor.py:208} INFO - Processing /home/airflow/.local/lib/python3.12/site-packages/airflow/example_dags/example_task_group_decorator.py took 0.064 seconds
[2026-05-08T20:43:18.503+0000] {processor.py:186} INFO - Started process (PID=1593) to work on /home/airflow/.local/lib/python3.12/site-packages/airflow/example_dags/example_task_group_decorator.py
[2026-05-08T20:43:18.503+0000] {processor.py:914} INFO - Processing file /home/airflow/.local/lib/python3.12/site-packages/airflow/example_dags/example_task_group_decorator.py for tasks to queue
[2026-05-08T20:43:18.505+0000] {logging_mixin.py:190} INFO - [2026-05-08T20:43:18.505+0000] {dagbag.py:588} INFO - Filling up the DagBag from /home/airflow/.local/lib/python3.12/site-packages/airflow/example_dags/example_task_group_decorator.py
[2026-05-08T20:43:18.517+0000] {processor.py:925} INFO - DAG(s) 'example_task_group_decorator' retrieved from /home/airflow/.local/lib/python3.12/site-packages/airflow/example_dags/example_task_group_decorator.py
[2026-05-08T20:43:18.541+0000] {logging_mixin.py:190} INFO - [2026-05-08T20:43:18.541+0000] {dag.py:3239} INFO - Sync 1 DAGs
[2026-05-08T20:43:18.554+0000] {logging_mixin.py:190} INFO - [2026-05-08T20:43:18.553+0000] {dag.py:4180} INFO - Setting next_dagrun for example_task_group_decorator to None, run_after=None
[2026-05-08T20:43:18.568+0000] {processor.py:208} INFO - Processing /home/airflow/.local/lib/python3.12/site-packages/airflow/example_dags/example_task_group_decorator.py took 0.070 seconds
[2026-05-08T20:43:49.760+0000] {processor.py:186} INFO - Started process (PID=1657) to work on /home/airflow/.local/lib/python3.12/site-packages/airflow/example_dags/example_task_group_decorator.py
[2026-05-08T20:43:49.761+0000] {processor.py:914} INFO - Processing file /home/airflow/.local/lib/python3.12/site-packages/airflow/example_dags/example_task_group_decorator.py for tasks to queue
[2026-05-08T20:43:49.763+0000] {logging_mixin.py:190} INFO - [2026-05-08T20:43:49.763+0000] {dagbag.py:588} INFO - Filling up the DagBag from /home/airflow/.local/lib/python3.12/site-packages/airflow/example_dags/example_task_group_decorator.py
[2026-05-08T20:43:49.780+0000] {processor.py:925} INFO - DAG(s) 'example_task_group_decorator' retrieved from /home/airflow/.local/lib/python3.12/site-packages/airflow/example_dags/example_task_group_decorator.py
[2026-05-08T20:43:49.801+0000] {logging_mixin.py:190} INFO - [2026-05-08T20:43:49.800+0000] {dag.py:3239} INFO - Sync 1 DAGs
[2026-05-08T20:43:49.813+0000] {logging_mixin.py:190} INFO - [2026-05-08T20:43:49.813+0000] {dag.py:4180} INFO - Setting next_dagrun for example_task_group_decorator to None, run_after=None
[2026-05-08T20:43:49.828+0000] {processor.py:208} INFO - Processing /home/airflow/.local/lib/python3.12/site-packages/airflow/example_dags/example_task_group_decorator.py took 0.074 seconds
[2026-05-08T20:44:21.161+0000] {processor.py:186} INFO - Started process (PID=1721) to work on /home/airflow/.local/lib/python3.12/site-packages/airflow/example_dags/example_task_group_decorator.py
[2026-05-08T20:44:21.162+0000] {processor.py:914} INFO - Processing file /home/airflow/.local/lib/python3.12/site-packages/airflow/example_dags/example_task_group_decorator.py for tasks to queue
[2026-05-08T20:44:21.163+0000] {logging_mixin.py:190} INFO - [2026-05-08T20:44:21.163+0000] {dagbag.py:588} INFO - Filling up the DagBag from /home/airflow/.local/lib/python3.12/site-packages/airflow/example_dags/example_task_group_decorator.py
[2026-05-08T20:44:21.176+0000] {processor.py:925} INFO - DAG(s) 'example_task_group_decorator' retrieved from /home/airflow/.local/lib/python3.12/site-packages/airflow/example_dags/example_task_group_decorator.py
[2026-05-08T20:44:21.195+0000] {logging_mixin.py:190} INFO - [2026-05-08T20:44:21.195+0000] {dag.py:3239} INFO - Sync 1 DAGs
[2026-05-08T20:44:21.206+0000] {logging_mixin.py:190} INFO - [2026-05-08T20:44:21.206+0000] {dag.py:4180} INFO - Setting next_dagrun for example_task_group_decorator to None, run_after=None
[2026-05-08T20:44:21.220+0000] {processor.py:208} INFO - Processing /home/airflow/.local/lib/python3.12/site-packages/airflow/example_dags/example_task_group_decorator.py took 0.063 seconds
[2026-05-08T20:44:52.418+0000] {processor.py:186} INFO - Started process (PID=1785) to work on /home/airflow/.local/lib/python3.12/site-packages/airflow/example_dags/example_task_group_decorator.py
[2026-05-08T20:44:52.419+0000] {processor.py:914} INFO - Processing file /home/airflow/.local/lib/python3.12/site-packages/airflow/example_dags/example_task_group_decorator.py for tasks to queue
[2026-05-08T20:44:52.420+0000] {logging_mixin.py:190} INFO - [2026-05-08T20:44:52.420+0000] {dagbag.py:588} INFO - Filling up the DagBag from /home/airflow/.local/lib/python3.12/site-packages/airflow/example_dags/example_task_group_decorator.py
[2026-05-08T20:44:52.432+0000] {processor.py:925} INFO - DAG(s) 'example_task_group_decorator' retrieved from /home/airflow/.local/lib/python3.12/site-packages/airflow/example_dags/example_task_group_decorator.py
[2026-05-08T20:44:52.453+0000] {logging_mixin.py:190} INFO - [2026-05-08T20:44:52.452+0000] {dag.py:3239} INFO - Sync 1 DAGs
[2026-05-08T20:44:52.465+0000] {logging_mixin.py:190} INFO - [2026-05-08T20:44:52.465+0000] {dag.py:4180} INFO - Setting next_dagrun for example_task_group_decorator to None, run_after=None
[2026-05-08T20:44:52.478+0000] {processor.py:208} INFO - Processing /home/airflow/.local/lib/python3.12/site-packages/airflow/example_dags/example_task_group_decorator.py took 0.065 seconds
[2026-05-08T20:45:23.749+0000] {processor.py:186} INFO - Started process (PID=1849) to work on /home/airflow/.local/lib/python3.12/site-packages/airflow/example_dags/example_task_group_decorator.py
[2026-05-08T20:45:23.750+0000] {processor.py:914} INFO - Processing file /home/airflow/.local/lib/python3.12/site-packages/airflow/example_dags/example_task_group_decorator.py for tasks to queue
[2026-05-08T20:45:23.753+0000] {logging_mixin.py:190} INFO - [2026-05-08T20:45:23.753+0000] {dagbag.py:588} INFO - Filling up the DagBag from /home/airflow/.local/lib/python3.12/site-packages/airflow/example_dags/example_task_group_decorator.py
[2026-05-08T20:45:23.772+0000] {processor.py:925} INFO - DAG(s) 'example_task_group_decorator' retrieved from /home/airflow/.local/lib/python3.12/site-packages/airflow/example_dags/example_task_group_decorator.py
[2026-05-08T20:45:23.815+0000] {logging_mixin.py:190} INFO - [2026-05-08T20:45:23.815+0000] {dag.py:3239} INFO - Sync 1 DAGs
[2026-05-08T20:45:23.834+0000] {logging_mixin.py:190} INFO - [2026-05-08T20:45:23.834+0000] {dag.py:4180} INFO - Setting next_dagrun for example_task_group_decorator to None, run_after=None
[2026-05-08T20:45:23.851+0000] {processor.py:208} INFO - Processing /home/airflow/.local/lib/python3.12/site-packages/airflow/example_dags/example_task_group_decorator.py took 0.110 seconds
[2026-05-08T20:45:55.123+0000] {processor.py:186} INFO - Started process (PID=1914) to work on /home/airflow/.local/lib/python3.12/site-packages/airflow/example_dags/example_task_group_decorator.py
[2026-05-08T20:45:55.123+0000] {processor.py:914} INFO - Processing file /home/airflow/.local/lib/python3.12/site-packages/airflow/example_dags/example_task_group_decorator.py for tasks to queue
[2026-05-08T20:45:55.125+0000] {logging_mixin.py:190} INFO - [2026-05-08T20:45:55.125+0000] {dagbag.py:588} INFO - Filling up the DagBag from /home/airflow/.local/lib/python3.12/site-packages/airflow/example_dags/example_task_group_decorator.py
[2026-05-08T20:45:55.137+0000] {processor.py:925} INFO - DAG(s) 'example_task_group_decorator' retrieved from /home/airflow/.local/lib/python3.12/site-packages/airflow/example_dags/example_task_group_decorator.py
[2026-05-08T20:45:55.158+0000] {logging_mixin.py:190} INFO - [2026-05-08T20:45:55.157+0000] {dag.py:3239} INFO - Sync 1 DAGs
[2026-05-08T20:45:55.169+0000] {logging_mixin.py:190} INFO - [2026-05-08T20:45:55.169+0000] {dag.py:4180} INFO - Setting next_dagrun for example_task_group_decorator to None, run_after=None
[2026-05-08T20:45:55.183+0000] {processor.py:208} INFO - Processing /home/airflow/.local/lib/python3.12/site-packages/airflow/example_dags/example_task_group_decorator.py took 0.064 seconds
[2026-05-08T20:46:26.515+0000] {processor.py:186} INFO - Started process (PID=1978) to work on /home/airflow/.local/lib/python3.12/site-packages/airflow/example_dags/example_task_group_decorator.py
[2026-05-08T20:46:26.516+0000] {processor.py:914} INFO - Processing file /home/airflow/.local/lib/python3.12/site-packages/airflow/example_dags/example_task_group_decorator.py for tasks to queue
[2026-05-08T20:46:26.517+0000] {logging_mixin.py:190} INFO - [2026-05-08T20:46:26.517+0000] {dagbag.py:588} INFO - Filling up the DagBag from /home/airflow/.local/lib/python3.12/site-packages/airflow/example_dags/example_task_group_decorator.py
[2026-05-08T20:46:26.530+0000] {processor.py:925} INFO - DAG(s) 'example_task_group_decorator' retrieved from /home/airflow/.local/lib/python3.12/site-packages/airflow/example_dags/example_task_group_decorator.py
[2026-05-08T20:46:26.554+0000] {logging_mixin.py:190} INFO - [2026-05-08T20:46:26.553+0000] {dag.py:3239} INFO - Sync 1 DAGs
[2026-05-08T20:46:26.565+0000] {logging_mixin.py:190} INFO - [2026-05-08T20:46:26.565+0000] {dag.py:4180} INFO - Setting next_dagrun for example_task_group_decorator to None, run_after=None
[2026-05-08T20:46:26.578+0000] {processor.py:208} INFO - Processing /home/airflow/.local/lib/python3.12/site-packages/airflow/example_dags/example_task_group_decorator.py took 0.068 seconds
[2026-05-08T20:46:57.892+0000] {processor.py:186} INFO - Started process (PID=2042) to work on /home/airflow/.local/lib/python3.12/site-packages/airflow/example_dags/example_task_group_decorator.py
[2026-05-08T20:46:57.893+0000] {processor.py:914} INFO - Processing file /home/airflow/.local/lib/python3.12/site-packages/airflow/example_dags/example_task_group_decorator.py for tasks to queue
[2026-05-08T20:46:57.895+0000] {logging_mixin.py:190} INFO - [2026-05-08T20:46:57.895+0000] {dagbag.py:588} INFO - Filling up the DagBag from /home/airflow/.local/lib/python3.12/site-packages/airflow/example_dags/example_task_group_decorator.py
[2026-05-08T20:46:57.908+0000] {processor.py:925} INFO - DAG(s) 'example_task_group_decorator' retrieved from /home/airflow/.local/lib/python3.12/site-packages/airflow/example_dags/example_task_group_decorator.py
[2026-05-08T20:46:57.934+0000] {logging_mixin.py:190} INFO - [2026-05-08T20:46:57.933+0000] {dag.py:3239} INFO - Sync 1 DAGs
[2026-05-08T20:46:57.947+0000] {logging_mixin.py:190} INFO - [2026-05-08T20:46:57.947+0000] {dag.py:4180} INFO - Setting next_dagrun for example_task_group_decorator to None, run_after=None
[2026-05-08T20:46:57.962+0000] {processor.py:208} INFO - Processing /home/airflow/.local/lib/python3.12/site-packages/airflow/example_dags/example_task_group_decorator.py took 0.074 seconds
[2026-05-08T20:47:29.587+0000] {processor.py:186} INFO - Started process (PID=2106) to work on /home/airflow/.local/lib/python3.12/site-packages/airflow/example_dags/example_task_group_decorator.py
[2026-05-08T20:47:29.588+0000] {processor.py:914} INFO - Processing file /home/airflow/.local/lib/python3.12/site-packages/airflow/example_dags/example_task_group_decorator.py for tasks to queue
[2026-05-08T20:47:29.589+0000] {logging_mixin.py:190} INFO - [2026-05-08T20:47:29.589+0000] {dagbag.py:588} INFO - Filling up the DagBag from /home/airflow/.local/lib/python3.12/site-packages/airflow/example_dags/example_task_group_decorator.py
[2026-05-08T20:47:29.602+0000] {processor.py:925} INFO - DAG(s) 'example_task_group_decorator' retrieved from /home/airflow/.local/lib/python3.12/site-packages/airflow/example_dags/example_task_group_decorator.py
[2026-05-08T20:47:29.621+0000] {logging_mixin.py:190} INFO - [2026-05-08T20:47:29.621+0000] {dag.py:3239} INFO - Sync 1 DAGs
[2026-05-08T20:47:29.632+0000] {logging_mixin.py:190} INFO - [2026-05-08T20:47:29.632+0000] {dag.py:4180} INFO - Setting next_dagrun for example_task_group_decorator to None, run_after=None
[2026-05-08T20:47:29.647+0000] {processor.py:208} INFO - Processing /home/airflow/.local/lib/python3.12/site-packages/airflow/example_dags/example_task_group_decorator.py took 0.066 seconds
[2026-05-08T20:48:00.402+0000] {processor.py:186} INFO - Started process (PID=2169) to work on /home/airflow/.local/lib/python3.12/site-packages/airflow/example_dags/example_task_group_decorator.py
[2026-05-08T20:48:00.403+0000] {processor.py:914} INFO - Processing file /home/airflow/.local/lib/python3.12/site-packages/airflow/example_dags/example_task_group_decorator.py for tasks to queue
[2026-05-08T20:48:00.405+0000] {logging_mixin.py:190} INFO - [2026-05-08T20:48:00.404+0000] {dagbag.py:588} INFO - Filling up the DagBag from /home/airflow/.local/lib/python3.12/site-packages/airflow/example_dags/example_task_group_decorator.py
[2026-05-08T20:48:00.419+0000] {processor.py:925} INFO - DAG(s) 'example_task_group_decorator' retrieved from /home/airflow/.local/lib/python3.12/site-packages/airflow/example_dags/example_task_group_decorator.py
[2026-05-08T20:48:00.439+0000] {logging_mixin.py:190} INFO - [2026-05-08T20:48:00.439+0000] {dag.py:3239} INFO - Sync 1 DAGs
[2026-05-08T20:48:00.457+0000] {logging_mixin.py:190} INFO - [2026-05-08T20:48:00.456+0000] {dag.py:4180} INFO - Setting next_dagrun for example_task_group_decorator to None, run_after=None
[2026-05-08T20:48:00.475+0000] {processor.py:208} INFO - Processing /home/airflow/.local/lib/python3.12/site-packages/airflow/example_dags/example_task_group_decorator.py took 0.079 seconds
[2026-05-08T20:48:31.368+0000] {processor.py:186} INFO - Started process (PID=2232) to work on /home/airflow/.local/lib/python3.12/site-packages/airflow/example_dags/example_task_group_decorator.py
[2026-05-08T20:48:31.379+0000] {processor.py:914} INFO - Processing file /home/airflow/.local/lib/python3.12/site-packages/airflow/example_dags/example_task_group_decorator.py for tasks to queue
[2026-05-08T20:48:31.386+0000] {logging_mixin.py:190} INFO - [2026-05-08T20:48:31.384+0000] {dagbag.py:588} INFO - Filling up the DagBag from /home/airflow/.local/lib/python3.12/site-packages/airflow/example_dags/example_task_group_decorator.py
[2026-05-08T20:48:31.409+0000] {processor.py:925} INFO - DAG(s) 'example_task_group_decorator' retrieved from /home/airflow/.local/lib/python3.12/site-packages/airflow/example_dags/example_task_group_decorator.py
[2026-05-08T20:48:31.443+0000] {logging_mixin.py:190} INFO - [2026-05-08T20:48:31.442+0000] {dag.py:3239} INFO - Sync 1 DAGs
[2026-05-08T20:48:31.461+0000] {logging_mixin.py:190} INFO - [2026-05-08T20:48:31.461+0000] {dag.py:4180} INFO - Setting next_dagrun for example_task_group_decorator to None, run_after=None
[2026-05-08T20:48:31.485+0000] {processor.py:208} INFO - Processing /home/airflow/.local/lib/python3.12/site-packages/airflow/example_dags/example_task_group_decorator.py took 0.126 seconds
[2026-05-08T20:49:02.815+0000] {processor.py:186} INFO - Started process (PID=2306) to work on /home/airflow/.local/lib/python3.12/site-packages/airflow/example_dags/example_task_group_decorator.py
[2026-05-08T20:49:02.816+0000] {processor.py:914} INFO - Processing file /home/airflow/.local/lib/python3.12/site-packages/airflow/example_dags/example_task_group_decorator.py for tasks to queue
[2026-05-08T20:49:02.818+0000] {logging_mixin.py:190} INFO - [2026-05-08T20:49:02.817+0000] {dagbag.py:588} INFO - Filling up the DagBag from /home/airflow/.local/lib/python3.12/site-packages/airflow/example_dags/example_task_group_decorator.py
[2026-05-08T20:49:02.830+0000] {processor.py:925} INFO - DAG(s) 'example_task_group_decorator' retrieved from /home/airflow/.local/lib/python3.12/site-packages/airflow/example_dags/example_task_group_decorator.py
[2026-05-08T20:49:02.852+0000] {logging_mixin.py:190} INFO - [2026-05-08T20:49:02.852+0000] {dag.py:3239} INFO - Sync 1 DAGs
[2026-05-08T20:49:02.865+0000] {logging_mixin.py:190} INFO - [2026-05-08T20:49:02.864+0000] {dag.py:4180} INFO - Setting next_dagrun for example_task_group_decorator to None, run_after=None
[2026-05-08T20:49:02.879+0000] {processor.py:208} INFO - Processing /home/airflow/.local/lib/python3.12/site-packages/airflow/example_dags/example_task_group_decorator.py took 0.069 seconds
[2026-05-08T20:49:34.525+0000] {processor.py:186} INFO - Started process (PID=2372) to work on /home/airflow/.local/lib/python3.12/site-packages/airflow/example_dags/example_task_group_decorator.py
[2026-05-08T20:49:34.526+0000] {processor.py:914} INFO - Processing file /home/airflow/.local/lib/python3.12/site-packages/airflow/example_dags/example_task_group_decorator.py for tasks to queue
[2026-05-08T20:49:34.528+0000] {logging_mixin.py:190} INFO - [2026-05-08T20:49:34.528+0000] {dagbag.py:588} INFO - Filling up the DagBag from /home/airflow/.local/lib/python3.12/site-packages/airflow/example_dags/example_task_group_decorator.py
[2026-05-08T20:49:34.547+0000] {processor.py:925} INFO - DAG(s) 'example_task_group_decorator' retrieved from /home/airflow/.local/lib/python3.12/site-packages/airflow/example_dags/example_task_group_decorator.py
[2026-05-08T20:49:34.568+0000] {logging_mixin.py:190} INFO - [2026-05-08T20:49:34.568+0000] {dag.py:3239} INFO - Sync 1 DAGs
[2026-05-08T20:49:34.580+0000] {logging_mixin.py:190} INFO - [2026-05-08T20:49:34.580+0000] {dag.py:4180} INFO - Setting next_dagrun for example_task_group_decorator to None, run_after=None
[2026-05-08T20:49:34.594+0000] {processor.py:208} INFO - Processing /home/airflow/.local/lib/python3.12/site-packages/airflow/example_dags/example_task_group_decorator.py took 0.077 seconds
[2026-05-08T20:50:05.457+0000] {processor.py:186} INFO - Started process (PID=2435) to work on /home/airflow/.local/lib/python3.12/site-packages/airflow/example_dags/example_task_group_decorator.py
[2026-05-08T20:50:05.458+0000] {processor.py:914} INFO - Processing file /home/airflow/.local/lib/python3.12/site-packages/airflow/example_dags/example_task_group_decorator.py for tasks to queue
[2026-05-08T20:50:05.460+0000] {logging_mixin.py:190} INFO - [2026-05-08T20:50:05.460+0000] {dagbag.py:588} INFO - Filling up the DagBag from /home/airflow/.local/lib/python3.12/site-packages/airflow/example_dags/example_task_group_decorator.py
[2026-05-08T20:50:05.480+0000] {processor.py:925} INFO - DAG(s) 'example_task_group_decorator' retrieved from /home/airflow/.local/lib/python3.12/site-packages/airflow/example_dags/example_task_group_decorator.py
[2026-05-08T20:50:05.507+0000] {logging_mixin.py:190} INFO - [2026-05-08T20:50:05.507+0000] {dag.py:3239} INFO - Sync 1 DAGs
[2026-05-08T20:50:05.521+0000] {logging_mixin.py:190} INFO - [2026-05-08T20:50:05.521+0000] {dag.py:4180} INFO - Setting next_dagrun for example_task_group_decorator to None, run_after=None
[2026-05-08T20:50:05.537+0000] {processor.py:208} INFO - Processing /home/airflow/.local/lib/python3.12/site-packages/airflow/example_dags/example_task_group_decorator.py took 0.086 seconds
[2026-05-08T20:50:36.249+0000] {processor.py:186} INFO - Started process (PID=2499) to work on /home/airflow/.local/lib/python3.12/site-packages/airflow/example_dags/example_task_group_decorator.py
[2026-05-08T20:50:36.250+0000] {processor.py:914} INFO - Processing file /home/airflow/.local/lib/python3.12/site-packages/airflow/example_dags/example_task_group_decorator.py for tasks to queue
[2026-05-08T20:50:36.252+0000] {logging_mixin.py:190} INFO - [2026-05-08T20:50:36.251+0000] {dagbag.py:588} INFO - Filling up the DagBag from /home/airflow/.local/lib/python3.12/site-packages/airflow/example_dags/example_task_group_decorator.py
[2026-05-08T20:50:36.268+0000] {processor.py:925} INFO - DAG(s) 'example_task_group_decorator' retrieved from /home/airflow/.local/lib/python3.12/site-packages/airflow/example_dags/example_task_group_decorator.py
[2026-05-08T20:50:36.294+0000] {logging_mixin.py:190} INFO - [2026-05-08T20:50:36.294+0000] {dag.py:3239} INFO - Sync 1 DAGs
[2026-05-08T20:50:36.306+0000] {logging_mixin.py:190} INFO - [2026-05-08T20:50:36.306+0000] {dag.py:4180} INFO - Setting next_dagrun for example_task_group_decorator to None, run_after=None
[2026-05-08T20:50:36.320+0000] {processor.py:208} INFO - Processing /home/airflow/.local/lib/python3.12/site-packages/airflow/example_dags/example_task_group_decorator.py took 0.077 seconds
[2026-05-08T20:51:06.982+0000] {processor.py:186} INFO - Started process (PID=2563) to work on /home/airflow/.local/lib/python3.12/site-packages/airflow/example_dags/example_task_group_decorator.py
[2026-05-08T20:51:06.983+0000] {processor.py:914} INFO - Processing file /home/airflow/.local/lib/python3.12/site-packages/airflow/example_dags/example_task_group_decorator.py for tasks to queue
[2026-05-08T20:51:06.985+0000] {logging_mixin.py:190} INFO - [2026-05-08T20:51:06.984+0000] {dagbag.py:588} INFO - Filling up the DagBag from /home/airflow/.local/lib/python3.12/site-packages/airflow/example_dags/example_task_group_decorator.py
[2026-05-08T20:51:06.998+0000] {processor.py:925} INFO - DAG(s) 'example_task_group_decorator' retrieved from /home/airflow/.local/lib/python3.12/site-packages/airflow/example_dags/example_task_group_decorator.py
[2026-05-08T20:51:07.020+0000] {logging_mixin.py:190} INFO - [2026-05-08T20:51:07.020+0000] {dag.py:3239} INFO - Sync 1 DAGs
[2026-05-08T20:51:07.033+0000] {logging_mixin.py:190} INFO - [2026-05-08T20:51:07.033+0000] {dag.py:4180} INFO - Setting next_dagrun for example_task_group_decorator to None, run_after=None
[2026-05-08T20:51:07.048+0000] {processor.py:208} INFO - Processing /home/airflow/.local/lib/python3.12/site-packages/airflow/example_dags/example_task_group_decorator.py took 0.071 seconds
[2026-05-08T20:51:37.635+0000] {processor.py:186} INFO - Started process (PID=2627) to work on /home/airflow/.local/lib/python3.12/site-packages/airflow/example_dags/example_task_group_decorator.py
[2026-05-08T20:51:37.636+0000] {processor.py:914} INFO - Processing file /home/airflow/.local/lib/python3.12/site-packages/airflow/example_dags/example_task_group_decorator.py for tasks to queue
[2026-05-08T20:51:37.638+0000] {logging_mixin.py:190} INFO - [2026-05-08T20:51:37.637+0000] {dagbag.py:588} INFO - Filling up the DagBag from /home/airflow/.local/lib/python3.12/site-packages/airflow/example_dags/example_task_group_decorator.py
[2026-05-08T20:51:37.653+0000] {processor.py:925} INFO - DAG(s) 'example_task_group_decorator' retrieved from /home/airflow/.local/lib/python3.12/site-packages/airflow/example_dags/example_task_group_decorator.py
[2026-05-08T20:51:37.672+0000] {logging_mixin.py:190} INFO - [2026-05-08T20:51:37.672+0000] {dag.py:3239} INFO - Sync 1 DAGs
[2026-05-08T20:51:37.683+0000] {logging_mixin.py:190} INFO - [2026-05-08T20:51:37.683+0000] {dag.py:4180} INFO - Setting next_dagrun for example_task_group_decorator to None, run_after=None
[2026-05-08T20:51:37.697+0000] {processor.py:208} INFO - Processing /home/airflow/.local/lib/python3.12/site-packages/airflow/example_dags/example_task_group_decorator.py took 0.067 seconds
[2026-05-08T20:52:08.053+0000] {processor.py:186} INFO - Started process (PID=2690) to work on /home/airflow/.local/lib/python3.12/site-packages/airflow/example_dags/example_task_group_decorator.py
[2026-05-08T20:52:08.054+0000] {processor.py:914} INFO - Processing file /home/airflow/.local/lib/python3.12/site-packages/airflow/example_dags/example_task_group_decorator.py for tasks to queue
[2026-05-08T20:52:08.056+0000] {logging_mixin.py:190} INFO - [2026-05-08T20:52:08.056+0000] {dagbag.py:588} INFO - Filling up the DagBag from /home/airflow/.local/lib/python3.12/site-packages/airflow/example_dags/example_task_group_decorator.py
[2026-05-08T20:52:08.073+0000] {processor.py:925} INFO - DAG(s) 'example_task_group_decorator' retrieved from /home/airflow/.local/lib/python3.12/site-packages/airflow/example_dags/example_task_group_decorator.py
[2026-05-08T20:52:08.093+0000] {logging_mixin.py:190} INFO - [2026-05-08T20:52:08.093+0000] {dag.py:3239} INFO - Sync 1 DAGs
[2026-05-08T20:52:08.106+0000] {logging_mixin.py:190} INFO - [2026-05-08T20:52:08.106+0000] {dag.py:4180} INFO - Setting next_dagrun for example_task_group_decorator to None, run_after=None
[2026-05-08T20:52:08.121+0000] {processor.py:208} INFO - Processing /home/airflow/.local/lib/python3.12/site-packages/airflow/example_dags/example_task_group_decorator.py took 0.074 seconds
[2026-05-08T20:52:38.961+0000] {processor.py:186} INFO - Started process (PID=2754) to work on /home/airflow/.local/lib/python3.12/site-packages/airflow/example_dags/example_task_group_decorator.py
[2026-05-08T20:52:38.961+0000] {processor.py:914} INFO - Processing file /home/airflow/.local/lib/python3.12/site-packages/airflow/example_dags/example_task_group_decorator.py for tasks to queue
[2026-05-08T20:52:38.963+0000] {logging_mixin.py:190} INFO - [2026-05-08T20:52:38.963+0000] {dagbag.py:588} INFO - Filling up the DagBag from /home/airflow/.local/lib/python3.12/site-packages/airflow/example_dags/example_task_group_decorator.py
[2026-05-08T20:52:38.975+0000] {processor.py:925} INFO - DAG(s) 'example_task_group_decorator' retrieved from /home/airflow/.local/lib/python3.12/site-packages/airflow/example_dags/example_task_group_decorator.py
[2026-05-08T20:52:38.995+0000] {logging_mixin.py:190} INFO - [2026-05-08T20:52:38.995+0000] {dag.py:3239} INFO - Sync 1 DAGs
[2026-05-08T20:52:39.006+0000] {logging_mixin.py:190} INFO - [2026-05-08T20:52:39.006+0000] {dag.py:4180} INFO - Setting next_dagrun for example_task_group_decorator to None, run_after=None
[2026-05-08T20:52:39.021+0000] {processor.py:208} INFO - Processing /home/airflow/.local/lib/python3.12/site-packages/airflow/example_dags/example_task_group_decorator.py took 0.064 seconds
[2026-05-08T20:53:10.057+0000] {processor.py:186} INFO - Started process (PID=2818) to work on /home/airflow/.local/lib/python3.12/site-packages/airflow/example_dags/example_task_group_decorator.py
[2026-05-08T20:53:10.058+0000] {processor.py:914} INFO - Processing file /home/airflow/.local/lib/python3.12/site-packages/airflow/example_dags/example_task_group_decorator.py for tasks to queue
[2026-05-08T20:53:10.060+0000] {logging_mixin.py:190} INFO - [2026-05-08T20:53:10.060+0000] {dagbag.py:588} INFO - Filling up the DagBag from /home/airflow/.local/lib/python3.12/site-packages/airflow/example_dags/example_task_group_decorator.py
[2026-05-08T20:53:10.073+0000] {processor.py:925} INFO - DAG(s) 'example_task_group_decorator' retrieved from /home/airflow/.local/lib/python3.12/site-packages/airflow/example_dags/example_task_group_decorator.py
[2026-05-08T20:53:10.095+0000] {logging_mixin.py:190} INFO - [2026-05-08T20:53:10.095+0000] {dag.py:3239} INFO - Sync 1 DAGs
[2026-05-08T20:53:10.106+0000] {logging_mixin.py:190} INFO - [2026-05-08T20:53:10.106+0000] {dag.py:4180} INFO - Setting next_dagrun for example_task_group_decorator to None, run_after=None
[2026-05-08T20:53:10.119+0000] {processor.py:208} INFO - Processing /home/airflow/.local/lib/python3.12/site-packages/airflow/example_dags/example_task_group_decorator.py took 0.066 seconds
[2026-05-08T20:53:41.177+0000] {processor.py:186} INFO - Started process (PID=2882) to work on /home/airflow/.local/lib/python3.12/site-packages/airflow/example_dags/example_task_group_decorator.py
[2026-05-08T20:53:41.178+0000] {processor.py:914} INFO - Processing file /home/airflow/.local/lib/python3.12/site-packages/airflow/example_dags/example_task_group_decorator.py for tasks to queue
[2026-05-08T20:53:41.180+0000] {logging_mixin.py:190} INFO - [2026-05-08T20:53:41.180+0000] {dagbag.py:588} INFO - Filling up the DagBag from /home/airflow/.local/lib/python3.12/site-packages/airflow/example_dags/example_task_group_decorator.py
[2026-05-08T20:53:41.199+0000] {processor.py:925} INFO - DAG(s) 'example_task_group_decorator' retrieved from /home/airflow/.local/lib/python3.12/site-packages/airflow/example_dags/example_task_group_decorator.py
[2026-05-08T20:53:41.229+0000] {logging_mixin.py:190} INFO - [2026-05-08T20:53:41.229+0000] {dag.py:3239} INFO - Sync 1 DAGs
[2026-05-08T20:53:41.245+0000] {logging_mixin.py:190} INFO - [2026-05-08T20:53:41.245+0000] {dag.py:4180} INFO - Setting next_dagrun for example_task_group_decorator to None, run_after=None
[2026-05-08T20:53:41.259+0000] {processor.py:208} INFO - Processing /home/airflow/.local/lib/python3.12/site-packages/airflow/example_dags/example_task_group_decorator.py took 0.089 seconds
[2026-05-08T20:54:11.600+0000] {processor.py:186} INFO - Started process (PID=2946) to work on /home/airflow/.local/lib/python3.12/site-packages/airflow/example_dags/example_task_group_decorator.py
[2026-05-08T20:54:11.601+0000] {processor.py:914} INFO - Processing file /home/airflow/.local/lib/python3.12/site-packages/airflow/example_dags/example_task_group_decorator.py for tasks to queue
[2026-05-08T20:54:11.604+0000] {logging_mixin.py:190} INFO - [2026-05-08T20:54:11.604+0000] {dagbag.py:588} INFO - Filling up the DagBag from /home/airflow/.local/lib/python3.12/site-packages/airflow/example_dags/example_task_group_decorator.py
[2026-05-08T20:54:11.624+0000] {processor.py:925} INFO - DAG(s) 'example_task_group_decorator' retrieved from /home/airflow/.local/lib/python3.12/site-packages/airflow/example_dags/example_task_group_decorator.py
[2026-05-08T20:54:11.654+0000] {logging_mixin.py:190} INFO - [2026-05-08T20:54:11.654+0000] {dag.py:3239} INFO - Sync 1 DAGs
[2026-05-08T20:54:11.671+0000] {logging_mixin.py:190} INFO - [2026-05-08T20:54:11.671+0000] {dag.py:4180} INFO - Setting next_dagrun for example_task_group_decorator to None, run_after=None
[2026-05-08T20:54:11.689+0000] {processor.py:208} INFO - Processing /home/airflow/.local/lib/python3.12/site-packages/airflow/example_dags/example_task_group_decorator.py took 0.095 seconds
[2026-05-08T20:54:42.221+0000] {processor.py:186} INFO - Started process (PID=3010) to work on /home/airflow/.local/lib/python3.12/site-packages/airflow/example_dags/example_task_group_decorator.py
[2026-05-08T20:54:42.221+0000] {processor.py:914} INFO - Processing file /home/airflow/.local/lib/python3.12/site-packages/airflow/example_dags/example_task_group_decorator.py for tasks to queue
[2026-05-08T20:54:42.223+0000] {logging_mixin.py:190} INFO - [2026-05-08T20:54:42.223+0000] {dagbag.py:588} INFO - Filling up the DagBag from /home/airflow/.local/lib/python3.12/site-packages/airflow/example_dags/example_task_group_decorator.py
[2026-05-08T20:54:42.235+0000] {processor.py:925} INFO - DAG(s) 'example_task_group_decorator' retrieved from /home/airflow/.local/lib/python3.12/site-packages/airflow/example_dags/example_task_group_decorator.py
[2026-05-08T20:54:42.254+0000] {logging_mixin.py:190} INFO - [2026-05-08T20:54:42.254+0000] {dag.py:3239} INFO - Sync 1 DAGs
[2026-05-08T20:54:42.267+0000] {logging_mixin.py:190} INFO - [2026-05-08T20:54:42.266+0000] {dag.py:4180} INFO - Setting next_dagrun for example_task_group_decorator to None, run_after=None
[2026-05-08T20:54:42.280+0000] {processor.py:208} INFO - Processing /home/airflow/.local/lib/python3.12/site-packages/airflow/example_dags/example_task_group_decorator.py took 0.064 seconds
[2026-05-08T20:55:13.028+0000] {processor.py:186} INFO - Started process (PID=3073) to work on /home/airflow/.local/lib/python3.12/site-packages/airflow/example_dags/example_task_group_decorator.py
[2026-05-08T20:55:13.028+0000] {processor.py:914} INFO - Processing file /home/airflow/.local/lib/python3.12/site-packages/airflow/example_dags/example_task_group_decorator.py for tasks to queue
[2026-05-08T20:55:13.030+0000] {logging_mixin.py:190} INFO - [2026-05-08T20:55:13.030+0000] {dagbag.py:588} INFO - Filling up the DagBag from /home/airflow/.local/lib/python3.12/site-packages/airflow/example_dags/example_task_group_decorator.py
[2026-05-08T20:55:13.047+0000] {processor.py:925} INFO - DAG(s) 'example_task_group_decorator' retrieved from /home/airflow/.local/lib/python3.12/site-packages/airflow/example_dags/example_task_group_decorator.py
[2026-05-08T20:55:13.070+0000] {logging_mixin.py:190} INFO - [2026-05-08T20:55:13.070+0000] {dag.py:3239} INFO - Sync 1 DAGs
[2026-05-08T20:55:13.082+0000] {logging_mixin.py:190} INFO - [2026-05-08T20:55:13.082+0000] {dag.py:4180} INFO - Setting next_dagrun for example_task_group_decorator to None, run_after=None
[2026-05-08T20:55:13.096+0000] {processor.py:208} INFO - Processing /home/airflow/.local/lib/python3.12/site-packages/airflow/example_dags/example_task_group_decorator.py took 0.072 seconds
[2026-05-08T20:55:44.156+0000] {processor.py:186} INFO - Started process (PID=3137) to work on /home/airflow/.local/lib/python3.12/site-packages/airflow/example_dags/example_task_group_decorator.py
[2026-05-08T20:55:44.157+0000] {processor.py:914} INFO - Processing file /home/airflow/.local/lib/python3.12/site-packages/airflow/example_dags/example_task_group_decorator.py for tasks to queue
[2026-05-08T20:55:44.159+0000] {logging_mixin.py:190} INFO - [2026-05-08T20:55:44.158+0000] {dagbag.py:588} INFO - Filling up the DagBag from /home/airflow/.local/lib/python3.12/site-packages/airflow/example_dags/example_task_group_decorator.py
[2026-05-08T20:55:44.171+0000] {processor.py:925} INFO - DAG(s) 'example_task_group_decorator' retrieved from /home/airflow/.local/lib/python3.12/site-packages/airflow/example_dags/example_task_group_decorator.py
[2026-05-08T20:55:44.191+0000] {logging_mixin.py:190} INFO - [2026-05-08T20:55:44.191+0000] {dag.py:3239} INFO - Sync 1 DAGs
[2026-05-08T20:55:44.202+0000] {logging_mixin.py:190} INFO - [2026-05-08T20:55:44.202+0000] {dag.py:4180} INFO - Setting next_dagrun for example_task_group_decorator to None, run_after=None
[2026-05-08T20:55:44.215+0000] {processor.py:208} INFO - Processing /home/airflow/.local/lib/python3.12/site-packages/airflow/example_dags/example_task_group_decorator.py took 0.063 seconds
[2026-05-08T20:56:14.333+0000] {processor.py:186} INFO - Started process (PID=3201) to work on /home/airflow/.local/lib/python3.12/site-packages/airflow/example_dags/example_task_group_decorator.py
[2026-05-08T20:56:14.334+0000] {processor.py:914} INFO - Processing file /home/airflow/.local/lib/python3.12/site-packages/airflow/example_dags/example_task_group_decorator.py for tasks to queue
[2026-05-08T20:56:14.336+0000] {logging_mixin.py:190} INFO - [2026-05-08T20:56:14.335+0000] {dagbag.py:588} INFO - Filling up the DagBag from /home/airflow/.local/lib/python3.12/site-packages/airflow/example_dags/example_task_group_decorator.py
[2026-05-08T20:56:14.354+0000] {processor.py:925} INFO - DAG(s) 'example_task_group_decorator' retrieved from /home/airflow/.local/lib/python3.12/site-packages/airflow/example_dags/example_task_group_decorator.py
[2026-05-08T20:56:14.384+0000] {logging_mixin.py:190} INFO - [2026-05-08T20:56:14.383+0000] {dag.py:3239} INFO - Sync 1 DAGs
[2026-05-08T20:56:14.400+0000] {logging_mixin.py:190} INFO - [2026-05-08T20:56:14.400+0000] {dag.py:4180} INFO - Setting next_dagrun for example_task_group_decorator to None, run_after=None
[2026-05-08T20:56:14.418+0000] {processor.py:208} INFO - Processing /home/airflow/.local/lib/python3.12/site-packages/airflow/example_dags/example_task_group_decorator.py took 0.090 seconds
[2026-05-08T20:56:45.345+0000] {processor.py:186} INFO - Started process (PID=3265) to work on /home/airflow/.local/lib/python3.12/site-packages/airflow/example_dags/example_task_group_decorator.py
[2026-05-08T20:56:45.346+0000] {processor.py:914} INFO - Processing file /home/airflow/.local/lib/python3.12/site-packages/airflow/example_dags/example_task_group_decorator.py for tasks to queue
[2026-05-08T20:56:45.349+0000] {logging_mixin.py:190} INFO - [2026-05-08T20:56:45.348+0000] {dagbag.py:588} INFO - Filling up the DagBag from /home/airflow/.local/lib/python3.12/site-packages/airflow/example_dags/example_task_group_decorator.py
[2026-05-08T20:56:45.365+0000] {processor.py:925} INFO - DAG(s) 'example_task_group_decorator' retrieved from /home/airflow/.local/lib/python3.12/site-packages/airflow/example_dags/example_task_group_decorator.py
[2026-05-08T20:56:45.384+0000] {logging_mixin.py:190} INFO - [2026-05-08T20:56:45.384+0000] {dag.py:3239} INFO - Sync 1 DAGs
[2026-05-08T20:56:45.395+0000] {logging_mixin.py:190} INFO - [2026-05-08T20:56:45.395+0000] {dag.py:4180} INFO - Setting next_dagrun for example_task_group_decorator to None, run_after=None
[2026-05-08T20:56:45.408+0000] {processor.py:208} INFO - Processing /home/airflow/.local/lib/python3.12/site-packages/airflow/example_dags/example_task_group_decorator.py took 0.069 seconds
[2026-05-08T20:57:15.621+0000] {processor.py:186} INFO - Started process (PID=3328) to work on /home/airflow/.local/lib/python3.12/site-packages/airflow/example_dags/example_task_group_decorator.py
[2026-05-08T20:57:15.621+0000] {processor.py:914} INFO - Processing file /home/airflow/.local/lib/python3.12/site-packages/airflow/example_dags/example_task_group_decorator.py for tasks to queue
[2026-05-08T20:57:15.623+0000] {logging_mixin.py:190} INFO - [2026-05-08T20:57:15.623+0000] {dagbag.py:588} INFO - Filling up the DagBag from /home/airflow/.local/lib/python3.12/site-packages/airflow/example_dags/example_task_group_decorator.py
[2026-05-08T20:57:15.638+0000] {processor.py:925} INFO - DAG(s) 'example_task_group_decorator' retrieved from /home/airflow/.local/lib/python3.12/site-packages/airflow/example_dags/example_task_group_decorator.py
[2026-05-08T20:57:15.664+0000] {logging_mixin.py:190} INFO - [2026-05-08T20:57:15.664+0000] {dag.py:3239} INFO - Sync 1 DAGs
[2026-05-08T20:57:15.678+0000] {logging_mixin.py:190} INFO - [2026-05-08T20:57:15.678+0000] {dag.py:4180} INFO - Setting next_dagrun for example_task_group_decorator to None, run_after=None
[2026-05-08T20:57:15.693+0000] {processor.py:208} INFO - Processing /home/airflow/.local/lib/python3.12/site-packages/airflow/example_dags/example_task_group_decorator.py took 0.077 seconds
[2026-05-08T20:57:46.015+0000] {processor.py:186} INFO - Started process (PID=3392) to work on /home/airflow/.local/lib/python3.12/site-packages/airflow/example_dags/example_task_group_decorator.py
[2026-05-08T20:57:46.016+0000] {processor.py:914} INFO - Processing file /home/airflow/.local/lib/python3.12/site-packages/airflow/example_dags/example_task_group_decorator.py for tasks to queue
[2026-05-08T20:57:46.018+0000] {logging_mixin.py:190} INFO - [2026-05-08T20:57:46.017+0000] {dagbag.py:588} INFO - Filling up the DagBag from /home/airflow/.local/lib/python3.12/site-packages/airflow/example_dags/example_task_group_decorator.py
[2026-05-08T20:57:46.030+0000] {processor.py:925} INFO - DAG(s) 'example_task_group_decorator' retrieved from /home/airflow/.local/lib/python3.12/site-packages/airflow/example_dags/example_task_group_decorator.py
[2026-05-08T20:57:46.049+0000] {logging_mixin.py:190} INFO - [2026-05-08T20:57:46.049+0000] {dag.py:3239} INFO - Sync 1 DAGs
[2026-05-08T20:57:46.061+0000] {logging_mixin.py:190} INFO - [2026-05-08T20:57:46.061+0000] {dag.py:4180} INFO - Setting next_dagrun for example_task_group_decorator to None, run_after=None
[2026-05-08T20:57:46.073+0000] {processor.py:208} INFO - Processing /home/airflow/.local/lib/python3.12/site-packages/airflow/example_dags/example_task_group_decorator.py took 0.063 seconds
[2026-05-08T20:58:16.761+0000] {processor.py:186} INFO - Started process (PID=3456) to work on /home/airflow/.local/lib/python3.12/site-packages/airflow/example_dags/example_task_group_decorator.py
[2026-05-08T20:58:16.761+0000] {processor.py:914} INFO - Processing file /home/airflow/.local/lib/python3.12/site-packages/airflow/example_dags/example_task_group_decorator.py for tasks to queue
[2026-05-08T20:58:16.764+0000] {logging_mixin.py:190} INFO - [2026-05-08T20:58:16.763+0000] {dagbag.py:588} INFO - Filling up the DagBag from /home/airflow/.local/lib/python3.12/site-packages/airflow/example_dags/example_task_group_decorator.py
[2026-05-08T20:58:16.782+0000] {processor.py:925} INFO - DAG(s) 'example_task_group_decorator' retrieved from /home/airflow/.local/lib/python3.12/site-packages/airflow/example_dags/example_task_group_decorator.py
[2026-05-08T20:58:16.803+0000] {logging_mixin.py:190} INFO - [2026-05-08T20:58:16.803+0000] {dag.py:3239} INFO - Sync 1 DAGs
[2026-05-08T20:58:16.816+0000] {logging_mixin.py:190} INFO - [2026-05-08T20:58:16.816+0000] {dag.py:4180} INFO - Setting next_dagrun for example_task_group_decorator to None, run_after=None
[2026-05-08T20:58:16.831+0000] {processor.py:208} INFO - Processing /home/airflow/.local/lib/python3.12/site-packages/airflow/example_dags/example_task_group_decorator.py took 0.076 seconds
[2026-05-08T20:58:48.071+0000] {processor.py:186} INFO - Started process (PID=3520) to work on /home/airflow/.local/lib/python3.12/site-packages/airflow/example_dags/example_task_group_decorator.py
[2026-05-08T20:58:48.072+0000] {processor.py:914} INFO - Processing file /home/airflow/.local/lib/python3.12/site-packages/airflow/example_dags/example_task_group_decorator.py for tasks to queue
[2026-05-08T20:58:48.075+0000] {logging_mixin.py:190} INFO - [2026-05-08T20:58:48.074+0000] {dagbag.py:588} INFO - Filling up the DagBag from /home/airflow/.local/lib/python3.12/site-packages/airflow/example_dags/example_task_group_decorator.py
[2026-05-08T20:58:48.093+0000] {processor.py:925} INFO - DAG(s) 'example_task_group_decorator' retrieved from /home/airflow/.local/lib/python3.12/site-packages/airflow/example_dags/example_task_group_decorator.py
[2026-05-08T20:58:48.123+0000] {logging_mixin.py:190} INFO - [2026-05-08T20:58:48.123+0000] {dag.py:3239} INFO - Sync 1 DAGs
[2026-05-08T20:58:48.139+0000] {logging_mixin.py:190} INFO - [2026-05-08T20:58:48.139+0000] {dag.py:4180} INFO - Setting next_dagrun for example_task_group_decorator to None, run_after=None
[2026-05-08T20:58:48.162+0000] {processor.py:208} INFO - Processing /home/airflow/.local/lib/python3.12/site-packages/airflow/example_dags/example_task_group_decorator.py took 0.097 seconds
[2026-05-08T20:59:19.109+0000] {processor.py:186} INFO - Started process (PID=3584) to work on /home/airflow/.local/lib/python3.12/site-packages/airflow/example_dags/example_task_group_decorator.py
[2026-05-08T20:59:19.110+0000] {processor.py:914} INFO - Processing file /home/airflow/.local/lib/python3.12/site-packages/airflow/example_dags/example_task_group_decorator.py for tasks to queue
[2026-05-08T20:59:19.112+0000] {logging_mixin.py:190} INFO - [2026-05-08T20:59:19.111+0000] {dagbag.py:588} INFO - Filling up the DagBag from /home/airflow/.local/lib/python3.12/site-packages/airflow/example_dags/example_task_group_decorator.py
[2026-05-08T20:59:19.129+0000] {processor.py:925} INFO - DAG(s) 'example_task_group_decorator' retrieved from /home/airflow/.local/lib/python3.12/site-packages/airflow/example_dags/example_task_group_decorator.py
[2026-05-08T20:59:19.155+0000] {logging_mixin.py:190} INFO - [2026-05-08T20:59:19.155+0000] {dag.py:3239} INFO - Sync 1 DAGs
[2026-05-08T20:59:19.169+0000] {logging_mixin.py:190} INFO - [2026-05-08T20:59:19.169+0000] {dag.py:4180} INFO - Setting next_dagrun for example_task_group_decorator to None, run_after=None
[2026-05-08T20:59:19.186+0000] {processor.py:208} INFO - Processing /home/airflow/.local/lib/python3.12/site-packages/airflow/example_dags/example_task_group_decorator.py took 0.081 seconds
[2026-05-08T20:59:49.706+0000] {processor.py:186} INFO - Started process (PID=3648) to work on /home/airflow/.local/lib/python3.12/site-packages/airflow/example_dags/example_task_group_decorator.py
[2026-05-08T20:59:49.707+0000] {processor.py:914} INFO - Processing file /home/airflow/.local/lib/python3.12/site-packages/airflow/example_dags/example_task_group_decorator.py for tasks to queue
[2026-05-08T20:59:49.709+0000] {logging_mixin.py:190} INFO - [2026-05-08T20:59:49.709+0000] {dagbag.py:588} INFO - Filling up the DagBag from /home/airflow/.local/lib/python3.12/site-packages/airflow/example_dags/example_task_group_decorator.py
[2026-05-08T20:59:49.721+0000] {processor.py:925} INFO - DAG(s) 'example_task_group_decorator' retrieved from /home/airflow/.local/lib/python3.12/site-packages/airflow/example_dags/example_task_group_decorator.py
[2026-05-08T20:59:49.741+0000] {logging_mixin.py:190} INFO - [2026-05-08T20:59:49.740+0000] {dag.py:3239} INFO - Sync 1 DAGs
[2026-05-08T20:59:49.752+0000] {logging_mixin.py:190} INFO - [2026-05-08T20:59:49.751+0000] {dag.py:4180} INFO - Setting next_dagrun for example_task_group_decorator to None, run_after=None
[2026-05-08T20:59:49.766+0000] {processor.py:208} INFO - Processing /home/airflow/.local/lib/python3.12/site-packages/airflow/example_dags/example_task_group_decorator.py took 0.064 seconds
[2026-05-08T21:00:21.121+0000] {processor.py:186} INFO - Started process (PID=3712) to work on /home/airflow/.local/lib/python3.12/site-packages/airflow/example_dags/example_task_group_decorator.py
[2026-05-08T21:00:21.122+0000] {processor.py:914} INFO - Processing file /home/airflow/.local/lib/python3.12/site-packages/airflow/example_dags/example_task_group_decorator.py for tasks to queue
[2026-05-08T21:00:21.124+0000] {logging_mixin.py:190} INFO - [2026-05-08T21:00:21.124+0000] {dagbag.py:588} INFO - Filling up the DagBag from /home/airflow/.local/lib/python3.12/site-packages/airflow/example_dags/example_task_group_decorator.py
[2026-05-08T21:00:21.142+0000] {processor.py:925} INFO - DAG(s) 'example_task_group_decorator' retrieved from /home/airflow/.local/lib/python3.12/site-packages/airflow/example_dags/example_task_group_decorator.py
[2026-05-08T21:00:21.165+0000] {logging_mixin.py:190} INFO - [2026-05-08T21:00:21.165+0000] {dag.py:3239} INFO - Sync 1 DAGs
[2026-05-08T21:00:21.177+0000] {logging_mixin.py:190} INFO - [2026-05-08T21:00:21.177+0000] {dag.py:4180} INFO - Setting next_dagrun for example_task_group_decorator to None, run_after=None
[2026-05-08T21:00:21.190+0000] {processor.py:208} INFO - Processing /home/airflow/.local/lib/python3.12/site-packages/airflow/example_dags/example_task_group_decorator.py took 0.075 seconds
[2026-05-08T21:00:52.435+0000] {processor.py:186} INFO - Started process (PID=3777) to work on /home/airflow/.local/lib/python3.12/site-packages/airflow/example_dags/example_task_group_decorator.py
[2026-05-08T21:00:52.435+0000] {processor.py:914} INFO - Processing file /home/airflow/.local/lib/python3.12/site-packages/airflow/example_dags/example_task_group_decorator.py for tasks to queue
[2026-05-08T21:00:52.437+0000] {logging_mixin.py:190} INFO - [2026-05-08T21:00:52.437+0000] {dagbag.py:588} INFO - Filling up the DagBag from /home/airflow/.local/lib/python3.12/site-packages/airflow/example_dags/example_task_group_decorator.py
[2026-05-08T21:00:52.449+0000] {processor.py:925} INFO - DAG(s) 'example_task_group_decorator' retrieved from /home/airflow/.local/lib/python3.12/site-packages/airflow/example_dags/example_task_group_decorator.py
[2026-05-08T21:00:52.475+0000] {logging_mixin.py:190} INFO - [2026-05-08T21:00:52.475+0000] {dag.py:3239} INFO - Sync 1 DAGs
[2026-05-08T21:00:52.487+0000] {logging_mixin.py:190} INFO - [2026-05-08T21:00:52.487+0000] {dag.py:4180} INFO - Setting next_dagrun for example_task_group_decorator to None, run_after=None
[2026-05-08T21:00:52.501+0000] {processor.py:208} INFO - Processing /home/airflow/.local/lib/python3.12/site-packages/airflow/example_dags/example_task_group_decorator.py took 0.071 seconds
[2026-05-08T21:01:23.943+0000] {processor.py:186} INFO - Started process (PID=3840) to work on /home/airflow/.local/lib/python3.12/site-packages/airflow/example_dags/example_task_group_decorator.py
[2026-05-08T21:01:23.944+0000] {processor.py:914} INFO - Processing file /home/airflow/.local/lib/python3.12/site-packages/airflow/example_dags/example_task_group_decorator.py for tasks to queue
[2026-05-08T21:01:23.945+0000] {logging_mixin.py:190} INFO - [2026-05-08T21:01:23.945+0000] {dagbag.py:588} INFO - Filling up the DagBag from /home/airflow/.local/lib/python3.12/site-packages/airflow/example_dags/example_task_group_decorator.py
[2026-05-08T21:01:23.958+0000] {processor.py:925} INFO - DAG(s) 'example_task_group_decorator' retrieved from /home/airflow/.local/lib/python3.12/site-packages/airflow/example_dags/example_task_group_decorator.py
[2026-05-08T21:01:23.977+0000] {logging_mixin.py:190} INFO - [2026-05-08T21:01:23.977+0000] {dag.py:3239} INFO - Sync 1 DAGs
[2026-05-08T21:01:23.989+0000] {logging_mixin.py:190} INFO - [2026-05-08T21:01:23.988+0000] {dag.py:4180} INFO - Setting next_dagrun for example_task_group_decorator to None, run_after=None
[2026-05-08T21:01:24.002+0000] {processor.py:208} INFO - Processing /home/airflow/.local/lib/python3.12/site-packages/airflow/example_dags/example_task_group_decorator.py took 0.064 seconds
[2026-05-08T21:01:55.145+0000] {processor.py:186} INFO - Started process (PID=3905) to work on /home/airflow/.local/lib/python3.12/site-packages/airflow/example_dags/example_task_group_decorator.py
[2026-05-08T21:01:55.146+0000] {processor.py:914} INFO - Processing file /home/airflow/.local/lib/python3.12/site-packages/airflow/example_dags/example_task_group_decorator.py for tasks to queue
[2026-05-08T21:01:55.148+0000] {logging_mixin.py:190} INFO - [2026-05-08T21:01:55.148+0000] {dagbag.py:588} INFO - Filling up the DagBag from /home/airflow/.local/lib/python3.12/site-packages/airflow/example_dags/example_task_group_decorator.py
[2026-05-08T21:01:55.160+0000] {processor.py:925} INFO - DAG(s) 'example_task_group_decorator' retrieved from /home/airflow/.local/lib/python3.12/site-packages/airflow/example_dags/example_task_group_decorator.py
[2026-05-08T21:01:55.187+0000] {logging_mixin.py:190} INFO - [2026-05-08T21:01:55.186+0000] {dag.py:3239} INFO - Sync 1 DAGs
[2026-05-08T21:01:55.202+0000] {logging_mixin.py:190} INFO - [2026-05-08T21:01:55.201+0000] {dag.py:4180} INFO - Setting next_dagrun for example_task_group_decorator to None, run_after=None
[2026-05-08T21:01:55.216+0000] {processor.py:208} INFO - Processing /home/airflow/.local/lib/python3.12/site-packages/airflow/example_dags/example_task_group_decorator.py took 0.075 seconds
[2026-05-08T21:02:26.135+0000] {processor.py:186} INFO - Started process (PID=3969) to work on /home/airflow/.local/lib/python3.12/site-packages/airflow/example_dags/example_task_group_decorator.py
[2026-05-08T21:02:26.136+0000] {processor.py:914} INFO - Processing file /home/airflow/.local/lib/python3.12/site-packages/airflow/example_dags/example_task_group_decorator.py for tasks to queue
[2026-05-08T21:02:26.138+0000] {logging_mixin.py:190} INFO - [2026-05-08T21:02:26.137+0000] {dagbag.py:588} INFO - Filling up the DagBag from /home/airflow/.local/lib/python3.12/site-packages/airflow/example_dags/example_task_group_decorator.py
[2026-05-08T21:02:26.151+0000] {processor.py:925} INFO - DAG(s) 'example_task_group_decorator' retrieved from /home/airflow/.local/lib/python3.12/site-packages/airflow/example_dags/example_task_group_decorator.py
[2026-05-08T21:02:26.170+0000] {logging_mixin.py:190} INFO - [2026-05-08T21:02:26.170+0000] {dag.py:3239} INFO - Sync 1 DAGs
[2026-05-08T21:02:26.182+0000] {logging_mixin.py:190} INFO - [2026-05-08T21:02:26.181+0000] {dag.py:4180} INFO - Setting next_dagrun for example_task_group_decorator to None, run_after=None
[2026-05-08T21:02:26.195+0000] {processor.py:208} INFO - Processing /home/airflow/.local/lib/python3.12/site-packages/airflow/example_dags/example_task_group_decorator.py took 0.064 seconds
[2026-05-08T21:02:56.565+0000] {processor.py:186} INFO - Started process (PID=4033) to work on /home/airflow/.local/lib/python3.12/site-packages/airflow/example_dags/example_task_group_decorator.py
[2026-05-08T21:02:56.566+0000] {processor.py:914} INFO - Processing file /home/airflow/.local/lib/python3.12/site-packages/airflow/example_dags/example_task_group_decorator.py for tasks to queue
[2026-05-08T21:02:56.568+0000] {logging_mixin.py:190} INFO - [2026-05-08T21:02:56.567+0000] {dagbag.py:588} INFO - Filling up the DagBag from /home/airflow/.local/lib/python3.12/site-packages/airflow/example_dags/example_task_group_decorator.py
[2026-05-08T21:02:56.580+0000] {processor.py:925} INFO - DAG(s) 'example_task_group_decorator' retrieved from /home/airflow/.local/lib/python3.12/site-packages/airflow/example_dags/example_task_group_decorator.py
[2026-05-08T21:02:56.603+0000] {logging_mixin.py:190} INFO - [2026-05-08T21:02:56.603+0000] {dag.py:3239} INFO - Sync 1 DAGs
[2026-05-08T21:02:56.615+0000] {logging_mixin.py:190} INFO - [2026-05-08T21:02:56.615+0000] {dag.py:4180} INFO - Setting next_dagrun for example_task_group_decorator to None, run_after=None
[2026-05-08T21:02:56.629+0000] {processor.py:208} INFO - Processing /home/airflow/.local/lib/python3.12/site-packages/airflow/example_dags/example_task_group_decorator.py took 0.068 seconds
[2026-05-08T21:03:28.171+0000] {processor.py:186} INFO - Started process (PID=4097) to work on /home/airflow/.local/lib/python3.12/site-packages/airflow/example_dags/example_task_group_decorator.py
[2026-05-08T21:03:28.171+0000] {processor.py:914} INFO - Processing file /home/airflow/.local/lib/python3.12/site-packages/airflow/example_dags/example_task_group_decorator.py for tasks to queue
[2026-05-08T21:03:28.173+0000] {logging_mixin.py:190} INFO - [2026-05-08T21:03:28.173+0000] {dagbag.py:588} INFO - Filling up the DagBag from /home/airflow/.local/lib/python3.12/site-packages/airflow/example_dags/example_task_group_decorator.py
[2026-05-08T21:03:28.185+0000] {processor.py:925} INFO - DAG(s) 'example_task_group_decorator' retrieved from /home/airflow/.local/lib/python3.12/site-packages/airflow/example_dags/example_task_group_decorator.py
[2026-05-08T21:03:28.211+0000] {logging_mixin.py:190} INFO - [2026-05-08T21:03:28.211+0000] {dag.py:3239} INFO - Sync 1 DAGs
[2026-05-08T21:03:28.224+0000] {logging_mixin.py:190} INFO - [2026-05-08T21:03:28.224+0000] {dag.py:4180} INFO - Setting next_dagrun for example_task_group_decorator to None, run_after=None
[2026-05-08T21:03:28.239+0000] {processor.py:208} INFO - Processing /home/airflow/.local/lib/python3.12/site-packages/airflow/example_dags/example_task_group_decorator.py took 0.072 seconds
[2026-05-08T21:04:02.230+0000] {processor.py:186} INFO - Started process (PID=4163) to work on /home/airflow/.local/lib/python3.12/site-packages/airflow/example_dags/example_task_group_decorator.py
[2026-05-08T21:04:02.230+0000] {processor.py:914} INFO - Processing file /home/airflow/.local/lib/python3.12/site-packages/airflow/example_dags/example_task_group_decorator.py for tasks to queue
[2026-05-08T21:04:02.232+0000] {logging_mixin.py:190} INFO - [2026-05-08T21:04:02.232+0000] {dagbag.py:588} INFO - Filling up the DagBag from /home/airflow/.local/lib/python3.12/site-packages/airflow/example_dags/example_task_group_decorator.py
[2026-05-08T21:04:02.244+0000] {processor.py:925} INFO - DAG(s) 'example_task_group_decorator' retrieved from /home/airflow/.local/lib/python3.12/site-packages/airflow/example_dags/example_task_group_decorator.py
[2026-05-08T21:04:02.265+0000] {logging_mixin.py:190} INFO - [2026-05-08T21:04:02.265+0000] {dag.py:3239} INFO - Sync 1 DAGs
[2026-05-08T21:04:02.278+0000] {logging_mixin.py:190} INFO - [2026-05-08T21:04:02.278+0000] {dag.py:4180} INFO - Setting next_dagrun for example_task_group_decorator to None, run_after=None
[2026-05-08T21:04:02.293+0000] {processor.py:208} INFO - Processing /home/airflow/.local/lib/python3.12/site-packages/airflow/example_dags/example_task_group_decorator.py took 0.067 seconds
[2026-05-08T21:04:32.806+0000] {processor.py:186} INFO - Started process (PID=4227) to work on /home/airflow/.local/lib/python3.12/site-packages/airflow/example_dags/example_task_group_decorator.py
[2026-05-08T21:04:32.807+0000] {processor.py:914} INFO - Processing file /home/airflow/.local/lib/python3.12/site-packages/airflow/example_dags/example_task_group_decorator.py for tasks to queue
[2026-05-08T21:04:32.809+0000] {logging_mixin.py:190} INFO - [2026-05-08T21:04:32.809+0000] {dagbag.py:588} INFO - Filling up the DagBag from /home/airflow/.local/lib/python3.12/site-packages/airflow/example_dags/example_task_group_decorator.py
[2026-05-08T21:04:32.825+0000] {processor.py:925} INFO - DAG(s) 'example_task_group_decorator' retrieved from /home/airflow/.local/lib/python3.12/site-packages/airflow/example_dags/example_task_group_decorator.py
[2026-05-08T21:04:32.846+0000] {logging_mixin.py:190} INFO - [2026-05-08T21:04:32.846+0000] {dag.py:3239} INFO - Sync 1 DAGs
[2026-05-08T21:04:32.858+0000] {logging_mixin.py:190} INFO - [2026-05-08T21:04:32.858+0000] {dag.py:4180} INFO - Setting next_dagrun for example_task_group_decorator to None, run_after=None
[2026-05-08T21:04:32.874+0000] {processor.py:208} INFO - Processing /home/airflow/.local/lib/python3.12/site-packages/airflow/example_dags/example_task_group_decorator.py took 0.073 seconds
[2026-05-08T21:05:04.225+0000] {processor.py:186} INFO - Started process (PID=4297) to work on /home/airflow/.local/lib/python3.12/site-packages/airflow/example_dags/example_task_group_decorator.py
[2026-05-08T21:05:04.226+0000] {processor.py:914} INFO - Processing file /home/airflow/.local/lib/python3.12/site-packages/airflow/example_dags/example_task_group_decorator.py for tasks to queue
[2026-05-08T21:05:04.228+0000] {logging_mixin.py:190} INFO - [2026-05-08T21:05:04.228+0000] {dagbag.py:588} INFO - Filling up the DagBag from /home/airflow/.local/lib/python3.12/site-packages/airflow/example_dags/example_task_group_decorator.py
[2026-05-08T21:05:04.241+0000] {processor.py:925} INFO - DAG(s) 'example_task_group_decorator' retrieved from /home/airflow/.local/lib/python3.12/site-packages/airflow/example_dags/example_task_group_decorator.py
[2026-05-08T21:05:04.262+0000] {logging_mixin.py:190} INFO - [2026-05-08T21:05:04.262+0000] {dag.py:3239} INFO - Sync 1 DAGs
[2026-05-08T21:05:04.274+0000] {logging_mixin.py:190} INFO - [2026-05-08T21:05:04.274+0000] {dag.py:4180} INFO - Setting next_dagrun for example_task_group_decorator to None, run_after=None
[2026-05-08T21:05:04.289+0000] {processor.py:208} INFO - Processing /home/airflow/.local/lib/python3.12/site-packages/airflow/example_dags/example_task_group_decorator.py took 0.068 seconds
[2026-05-08T21:05:34.843+0000] {processor.py:186} INFO - Started process (PID=4360) to work on /home/airflow/.local/lib/python3.12/site-packages/airflow/example_dags/example_task_group_decorator.py
[2026-05-08T21:05:34.844+0000] {processor.py:914} INFO - Processing file /home/airflow/.local/lib/python3.12/site-packages/airflow/example_dags/example_task_group_decorator.py for tasks to queue
[2026-05-08T21:05:34.846+0000] {logging_mixin.py:190} INFO - [2026-05-08T21:05:34.845+0000] {dagbag.py:588} INFO - Filling up the DagBag from /home/airflow/.local/lib/python3.12/site-packages/airflow/example_dags/example_task_group_decorator.py
[2026-05-08T21:05:34.859+0000] {processor.py:925} INFO - DAG(s) 'example_task_group_decorator' retrieved from /home/airflow/.local/lib/python3.12/site-packages/airflow/example_dags/example_task_group_decorator.py
[2026-05-08T21:05:34.887+0000] {logging_mixin.py:190} INFO - [2026-05-08T21:05:34.887+0000] {dag.py:3239} INFO - Sync 1 DAGs
[2026-05-08T21:05:34.900+0000] {logging_mixin.py:190} INFO - [2026-05-08T21:05:34.900+0000] {dag.py:4180} INFO - Setting next_dagrun for example_task_group_decorator to None, run_after=None
[2026-05-08T21:05:34.914+0000] {processor.py:208} INFO - Processing /home/airflow/.local/lib/python3.12/site-packages/airflow/example_dags/example_task_group_decorator.py took 0.075 seconds
[2026-05-08T21:06:06.099+0000] {processor.py:186} INFO - Started process (PID=4424) to work on /home/airflow/.local/lib/python3.12/site-packages/airflow/example_dags/example_task_group_decorator.py
[2026-05-08T21:06:06.100+0000] {processor.py:914} INFO - Processing file /home/airflow/.local/lib/python3.12/site-packages/airflow/example_dags/example_task_group_decorator.py for tasks to queue
[2026-05-08T21:06:06.103+0000] {logging_mixin.py:190} INFO - [2026-05-08T21:06:06.103+0000] {dagbag.py:588} INFO - Filling up the DagBag from /home/airflow/.local/lib/python3.12/site-packages/airflow/example_dags/example_task_group_decorator.py
[2026-05-08T21:06:06.122+0000] {processor.py:925} INFO - DAG(s) 'example_task_group_decorator' retrieved from /home/airflow/.local/lib/python3.12/site-packages/airflow/example_dags/example_task_group_decorator.py
[2026-05-08T21:06:06.146+0000] {logging_mixin.py:190} INFO - [2026-05-08T21:06:06.146+0000] {dag.py:3239} INFO - Sync 1 DAGs
[2026-05-08T21:06:06.158+0000] {logging_mixin.py:190} INFO - [2026-05-08T21:06:06.158+0000] {dag.py:4180} INFO - Setting next_dagrun for example_task_group_decorator to None, run_after=None
[2026-05-08T21:06:06.172+0000] {processor.py:208} INFO - Processing /home/airflow/.local/lib/python3.12/site-packages/airflow/example_dags/example_task_group_decorator.py took 0.080 seconds
[2026-05-08T21:06:37.285+0000] {processor.py:186} INFO - Started process (PID=4487) to work on /home/airflow/.local/lib/python3.12/site-packages/airflow/example_dags/example_task_group_decorator.py
[2026-05-08T21:06:37.286+0000] {processor.py:914} INFO - Processing file /home/airflow/.local/lib/python3.12/site-packages/airflow/example_dags/example_task_group_decorator.py for tasks to queue
[2026-05-08T21:06:37.288+0000] {logging_mixin.py:190} INFO - [2026-05-08T21:06:37.287+0000] {dagbag.py:588} INFO - Filling up the DagBag from /home/airflow/.local/lib/python3.12/site-packages/airflow/example_dags/example_task_group_decorator.py
[2026-05-08T21:06:37.300+0000] {processor.py:925} INFO - DAG(s) 'example_task_group_decorator' retrieved from /home/airflow/.local/lib/python3.12/site-packages/airflow/example_dags/example_task_group_decorator.py
[2026-05-08T21:06:37.324+0000] {logging_mixin.py:190} INFO - [2026-05-08T21:06:37.324+0000] {dag.py:3239} INFO - Sync 1 DAGs
[2026-05-08T21:06:37.338+0000] {logging_mixin.py:190} INFO - [2026-05-08T21:06:37.338+0000] {dag.py:4180} INFO - Setting next_dagrun for example_task_group_decorator to None, run_after=None
[2026-05-08T21:06:37.351+0000] {processor.py:208} INFO - Processing /home/airflow/.local/lib/python3.12/site-packages/airflow/example_dags/example_task_group_decorator.py took 0.071 seconds
[2026-05-08T21:07:08.132+0000] {processor.py:186} INFO - Started process (PID=4551) to work on /home/airflow/.local/lib/python3.12/site-packages/airflow/example_dags/example_task_group_decorator.py
[2026-05-08T21:07:08.132+0000] {processor.py:914} INFO - Processing file /home/airflow/.local/lib/python3.12/site-packages/airflow/example_dags/example_task_group_decorator.py for tasks to queue
[2026-05-08T21:07:08.134+0000] {logging_mixin.py:190} INFO - [2026-05-08T21:07:08.134+0000] {dagbag.py:588} INFO - Filling up the DagBag from /home/airflow/.local/lib/python3.12/site-packages/airflow/example_dags/example_task_group_decorator.py
[2026-05-08T21:07:08.152+0000] {processor.py:925} INFO - DAG(s) 'example_task_group_decorator' retrieved from /home/airflow/.local/lib/python3.12/site-packages/airflow/example_dags/example_task_group_decorator.py
[2026-05-08T21:07:08.173+0000] {logging_mixin.py:190} INFO - [2026-05-08T21:07:08.173+0000] {dag.py:3239} INFO - Sync 1 DAGs
[2026-05-08T21:07:08.186+0000] {logging_mixin.py:190} INFO - [2026-05-08T21:07:08.185+0000] {dag.py:4180} INFO - Setting next_dagrun for example_task_group_decorator to None, run_after=None
[2026-05-08T21:07:08.199+0000] {processor.py:208} INFO - Processing /home/airflow/.local/lib/python3.12/site-packages/airflow/example_dags/example_task_group_decorator.py took 0.074 seconds
[2026-05-08T21:07:38.923+0000] {processor.py:186} INFO - Started process (PID=4615) to work on /home/airflow/.local/lib/python3.12/site-packages/airflow/example_dags/example_task_group_decorator.py
[2026-05-08T21:07:38.923+0000] {processor.py:914} INFO - Processing file /home/airflow/.local/lib/python3.12/site-packages/airflow/example_dags/example_task_group_decorator.py for tasks to queue
[2026-05-08T21:07:38.925+0000] {logging_mixin.py:190} INFO - [2026-05-08T21:07:38.925+0000] {dagbag.py:588} INFO - Filling up the DagBag from /home/airflow/.local/lib/python3.12/site-packages/airflow/example_dags/example_task_group_decorator.py
[2026-05-08T21:07:38.943+0000] {processor.py:925} INFO - DAG(s) 'example_task_group_decorator' retrieved from /home/airflow/.local/lib/python3.12/site-packages/airflow/example_dags/example_task_group_decorator.py
[2026-05-08T21:07:38.969+0000] {logging_mixin.py:190} INFO - [2026-05-08T21:07:38.968+0000] {dag.py:3239} INFO - Sync 1 DAGs
[2026-05-08T21:07:38.983+0000] {logging_mixin.py:190} INFO - [2026-05-08T21:07:38.983+0000] {dag.py:4180} INFO - Setting next_dagrun for example_task_group_decorator to None, run_after=None
[2026-05-08T21:07:38.997+0000] {processor.py:208} INFO - Processing /home/airflow/.local/lib/python3.12/site-packages/airflow/example_dags/example_task_group_decorator.py took 0.079 seconds
[2026-05-08T21:08:10.126+0000] {processor.py:186} INFO - Started process (PID=4679) to work on /home/airflow/.local/lib/python3.12/site-packages/airflow/example_dags/example_task_group_decorator.py
[2026-05-08T21:08:10.127+0000] {processor.py:914} INFO - Processing file /home/airflow/.local/lib/python3.12/site-packages/airflow/example_dags/example_task_group_decorator.py for tasks to queue
[2026-05-08T21:08:10.128+0000] {logging_mixin.py:190} INFO - [2026-05-08T21:08:10.128+0000] {dagbag.py:588} INFO - Filling up the DagBag from /home/airflow/.local/lib/python3.12/site-packages/airflow/example_dags/example_task_group_decorator.py
[2026-05-08T21:08:10.141+0000] {processor.py:925} INFO - DAG(s) 'example_task_group_decorator' retrieved from /home/airflow/.local/lib/python3.12/site-packages/airflow/example_dags/example_task_group_decorator.py
[2026-05-08T21:08:10.167+0000] {logging_mixin.py:190} INFO - [2026-05-08T21:08:10.167+0000] {dag.py:3239} INFO - Sync 1 DAGs
[2026-05-08T21:08:10.183+0000] {logging_mixin.py:190} INFO - [2026-05-08T21:08:10.183+0000] {dag.py:4180} INFO - Setting next_dagrun for example_task_group_decorator to None, run_after=None
[2026-05-08T21:08:10.198+0000] {processor.py:208} INFO - Processing /home/airflow/.local/lib/python3.12/site-packages/airflow/example_dags/example_task_group_decorator.py took 0.077 seconds
[2026-05-08T21:08:40.680+0000] {processor.py:186} INFO - Started process (PID=4743) to work on /home/airflow/.local/lib/python3.12/site-packages/airflow/example_dags/example_task_group_decorator.py
[2026-05-08T21:08:40.681+0000] {processor.py:914} INFO - Processing file /home/airflow/.local/lib/python3.12/site-packages/airflow/example_dags/example_task_group_decorator.py for tasks to queue
[2026-05-08T21:08:40.683+0000] {logging_mixin.py:190} INFO - [2026-05-08T21:08:40.683+0000] {dagbag.py:588} INFO - Filling up the DagBag from /home/airflow/.local/lib/python3.12/site-packages/airflow/example_dags/example_task_group_decorator.py
[2026-05-08T21:08:40.698+0000] {processor.py:925} INFO - DAG(s) 'example_task_group_decorator' retrieved from /home/airflow/.local/lib/python3.12/site-packages/airflow/example_dags/example_task_group_decorator.py
[2026-05-08T21:08:40.718+0000] {logging_mixin.py:190} INFO - [2026-05-08T21:08:40.718+0000] {dag.py:3239} INFO - Sync 1 DAGs
[2026-05-08T21:08:40.730+0000] {logging_mixin.py:190} INFO - [2026-05-08T21:08:40.730+0000] {dag.py:4180} INFO - Setting next_dagrun for example_task_group_decorator to None, run_after=None
[2026-05-08T21:08:40.743+0000] {processor.py:208} INFO - Processing /home/airflow/.local/lib/python3.12/site-packages/airflow/example_dags/example_task_group_decorator.py took 0.067 seconds
[2026-05-08T21:09:11.175+0000] {processor.py:186} INFO - Started process (PID=4807) to work on /home/airflow/.local/lib/python3.12/site-packages/airflow/example_dags/example_task_group_decorator.py
[2026-05-08T21:09:11.176+0000] {processor.py:914} INFO - Processing file /home/airflow/.local/lib/python3.12/site-packages/airflow/example_dags/example_task_group_decorator.py for tasks to queue
[2026-05-08T21:09:11.178+0000] {logging_mixin.py:190} INFO - [2026-05-08T21:09:11.178+0000] {dagbag.py:588} INFO - Filling up the DagBag from /home/airflow/.local/lib/python3.12/site-packages/airflow/example_dags/example_task_group_decorator.py
[2026-05-08T21:09:11.194+0000] {processor.py:925} INFO - DAG(s) 'example_task_group_decorator' retrieved from /home/airflow/.local/lib/python3.12/site-packages/airflow/example_dags/example_task_group_decorator.py
[2026-05-08T21:09:11.221+0000] {logging_mixin.py:190} INFO - [2026-05-08T21:09:11.221+0000] {dag.py:3239} INFO - Sync 1 DAGs
[2026-05-08T21:09:11.234+0000] {logging_mixin.py:190} INFO - [2026-05-08T21:09:11.234+0000] {dag.py:4180} INFO - Setting next_dagrun for example_task_group_decorator to None, run_after=None
[2026-05-08T21:09:11.249+0000] {processor.py:208} INFO - Processing /home/airflow/.local/lib/python3.12/site-packages/airflow/example_dags/example_task_group_decorator.py took 0.078 seconds
[2026-05-08T21:09:42.632+0000] {processor.py:186} INFO - Started process (PID=4871) to work on /home/airflow/.local/lib/python3.12/site-packages/airflow/example_dags/example_task_group_decorator.py
[2026-05-08T21:09:42.633+0000] {processor.py:914} INFO - Processing file /home/airflow/.local/lib/python3.12/site-packages/airflow/example_dags/example_task_group_decorator.py for tasks to queue
[2026-05-08T21:09:42.635+0000] {logging_mixin.py:190} INFO - [2026-05-08T21:09:42.635+0000] {dagbag.py:588} INFO - Filling up the DagBag from /home/airflow/.local/lib/python3.12/site-packages/airflow/example_dags/example_task_group_decorator.py
[2026-05-08T21:09:42.647+0000] {processor.py:925} INFO - DAG(s) 'example_task_group_decorator' retrieved from /home/airflow/.local/lib/python3.12/site-packages/airflow/example_dags/example_task_group_decorator.py
[2026-05-08T21:09:42.667+0000] {logging_mixin.py:190} INFO - [2026-05-08T21:09:42.667+0000] {dag.py:3239} INFO - Sync 1 DAGs
[2026-05-08T21:09:42.679+0000] {logging_mixin.py:190} INFO - [2026-05-08T21:09:42.679+0000] {dag.py:4180} INFO - Setting next_dagrun for example_task_group_decorator to None, run_after=None
[2026-05-08T21:09:42.692+0000] {processor.py:208} INFO - Processing /home/airflow/.local/lib/python3.12/site-packages/airflow/example_dags/example_task_group_decorator.py took 0.064 seconds
[2026-05-08T21:10:13.839+0000] {processor.py:186} INFO - Started process (PID=4935) to work on /home/airflow/.local/lib/python3.12/site-packages/airflow/example_dags/example_task_group_decorator.py
[2026-05-08T21:10:13.840+0000] {processor.py:914} INFO - Processing file /home/airflow/.local/lib/python3.12/site-packages/airflow/example_dags/example_task_group_decorator.py for tasks to queue
[2026-05-08T21:10:13.843+0000] {logging_mixin.py:190} INFO - [2026-05-08T21:10:13.842+0000] {dagbag.py:588} INFO - Filling up the DagBag from /home/airflow/.local/lib/python3.12/site-packages/airflow/example_dags/example_task_group_decorator.py
[2026-05-08T21:10:13.863+0000] {processor.py:925} INFO - DAG(s) 'example_task_group_decorator' retrieved from /home/airflow/.local/lib/python3.12/site-packages/airflow/example_dags/example_task_group_decorator.py
[2026-05-08T21:10:13.890+0000] {logging_mixin.py:190} INFO - [2026-05-08T21:10:13.890+0000] {dag.py:3239} INFO - Sync 1 DAGs
[2026-05-08T21:10:13.906+0000] {logging_mixin.py:190} INFO - [2026-05-08T21:10:13.905+0000] {dag.py:4180} INFO - Setting next_dagrun for example_task_group_decorator to None, run_after=None
[2026-05-08T21:10:13.919+0000] {processor.py:208} INFO - Processing /home/airflow/.local/lib/python3.12/site-packages/airflow/example_dags/example_task_group_decorator.py took 0.086 seconds
[2026-05-08T21:10:45.033+0000] {processor.py:186} INFO - Started process (PID=4999) to work on /home/airflow/.local/lib/python3.12/site-packages/airflow/example_dags/example_task_group_decorator.py
[2026-05-08T21:10:45.034+0000] {processor.py:914} INFO - Processing file /home/airflow/.local/lib/python3.12/site-packages/airflow/example_dags/example_task_group_decorator.py for tasks to queue
[2026-05-08T21:10:45.035+0000] {logging_mixin.py:190} INFO - [2026-05-08T21:10:45.035+0000] {dagbag.py:588} INFO - Filling up the DagBag from /home/airflow/.local/lib/python3.12/site-packages/airflow/example_dags/example_task_group_decorator.py
[2026-05-08T21:10:45.048+0000] {processor.py:925} INFO - DAG(s) 'example_task_group_decorator' retrieved from /home/airflow/.local/lib/python3.12/site-packages/airflow/example_dags/example_task_group_decorator.py
[2026-05-08T21:10:45.067+0000] {logging_mixin.py:190} INFO - [2026-05-08T21:10:45.067+0000] {dag.py:3239} INFO - Sync 1 DAGs
[2026-05-08T21:10:45.079+0000] {logging_mixin.py:190} INFO - [2026-05-08T21:10:45.079+0000] {dag.py:4180} INFO - Setting next_dagrun for example_task_group_decorator to None, run_after=None
[2026-05-08T21:10:45.093+0000] {processor.py:208} INFO - Processing /home/airflow/.local/lib/python3.12/site-packages/airflow/example_dags/example_task_group_decorator.py took 0.064 seconds
[2026-05-08T21:11:16.255+0000] {processor.py:186} INFO - Started process (PID=5063) to work on /home/airflow/.local/lib/python3.12/site-packages/airflow/example_dags/example_task_group_decorator.py
[2026-05-08T21:11:16.256+0000] {processor.py:914} INFO - Processing file /home/airflow/.local/lib/python3.12/site-packages/airflow/example_dags/example_task_group_decorator.py for tasks to queue
[2026-05-08T21:11:16.257+0000] {logging_mixin.py:190} INFO - [2026-05-08T21:11:16.257+0000] {dagbag.py:588} INFO - Filling up the DagBag from /home/airflow/.local/lib/python3.12/site-packages/airflow/example_dags/example_task_group_decorator.py
[2026-05-08T21:11:16.270+0000] {processor.py:925} INFO - DAG(s) 'example_task_group_decorator' retrieved from /home/airflow/.local/lib/python3.12/site-packages/airflow/example_dags/example_task_group_decorator.py
[2026-05-08T21:11:16.295+0000] {logging_mixin.py:190} INFO - [2026-05-08T21:11:16.294+0000] {dag.py:3239} INFO - Sync 1 DAGs
[2026-05-08T21:11:16.310+0000] {logging_mixin.py:190} INFO - [2026-05-08T21:11:16.310+0000] {dag.py:4180} INFO - Setting next_dagrun for example_task_group_decorator to None, run_after=None
[2026-05-08T21:11:16.324+0000] {processor.py:208} INFO - Processing /home/airflow/.local/lib/python3.12/site-packages/airflow/example_dags/example_task_group_decorator.py took 0.074 seconds
[2026-05-08T21:11:47.070+0000] {processor.py:186} INFO - Started process (PID=5127) to work on /home/airflow/.local/lib/python3.12/site-packages/airflow/example_dags/example_task_group_decorator.py
[2026-05-08T21:11:47.070+0000] {processor.py:914} INFO - Processing file /home/airflow/.local/lib/python3.12/site-packages/airflow/example_dags/example_task_group_decorator.py for tasks to queue
[2026-05-08T21:11:47.072+0000] {logging_mixin.py:190} INFO - [2026-05-08T21:11:47.072+0000] {dagbag.py:588} INFO - Filling up the DagBag from /home/airflow/.local/lib/python3.12/site-packages/airflow/example_dags/example_task_group_decorator.py
[2026-05-08T21:11:47.085+0000] {processor.py:925} INFO - DAG(s) 'example_task_group_decorator' retrieved from /home/airflow/.local/lib/python3.12/site-packages/airflow/example_dags/example_task_group_decorator.py
[2026-05-08T21:11:47.105+0000] {logging_mixin.py:190} INFO - [2026-05-08T21:11:47.105+0000] {dag.py:3239} INFO - Sync 1 DAGs
[2026-05-08T21:11:47.120+0000] {logging_mixin.py:190} INFO - [2026-05-08T21:11:47.119+0000] {dag.py:4180} INFO - Setting next_dagrun for example_task_group_decorator to None, run_after=None
[2026-05-08T21:11:47.136+0000] {processor.py:208} INFO - Processing /home/airflow/.local/lib/python3.12/site-packages/airflow/example_dags/example_task_group_decorator.py took 0.071 seconds
[2026-05-08T21:12:18.306+0000] {processor.py:186} INFO - Started process (PID=5191) to work on /home/airflow/.local/lib/python3.12/site-packages/airflow/example_dags/example_task_group_decorator.py
[2026-05-08T21:12:18.307+0000] {processor.py:914} INFO - Processing file /home/airflow/.local/lib/python3.12/site-packages/airflow/example_dags/example_task_group_decorator.py for tasks to queue
[2026-05-08T21:12:18.310+0000] {logging_mixin.py:190} INFO - [2026-05-08T21:12:18.310+0000] {dagbag.py:588} INFO - Filling up the DagBag from /home/airflow/.local/lib/python3.12/site-packages/airflow/example_dags/example_task_group_decorator.py
[2026-05-08T21:12:18.337+0000] {processor.py:925} INFO - DAG(s) 'example_task_group_decorator' retrieved from /home/airflow/.local/lib/python3.12/site-packages/airflow/example_dags/example_task_group_decorator.py
[2026-05-08T21:12:18.363+0000] {logging_mixin.py:190} INFO - [2026-05-08T21:12:18.363+0000] {dag.py:3239} INFO - Sync 1 DAGs
[2026-05-08T21:12:18.374+0000] {logging_mixin.py:190} INFO - [2026-05-08T21:12:18.374+0000] {dag.py:4180} INFO - Setting next_dagrun for example_task_group_decorator to None, run_after=None
[2026-05-08T21:12:18.388+0000] {processor.py:208} INFO - Processing /home/airflow/.local/lib/python3.12/site-packages/airflow/example_dags/example_task_group_decorator.py took 0.088 seconds
[2026-05-08T21:12:49.405+0000] {processor.py:186} INFO - Started process (PID=5255) to work on /home/airflow/.local/lib/python3.12/site-packages/airflow/example_dags/example_task_group_decorator.py
[2026-05-08T21:12:49.406+0000] {processor.py:914} INFO - Processing file /home/airflow/.local/lib/python3.12/site-packages/airflow/example_dags/example_task_group_decorator.py for tasks to queue
[2026-05-08T21:12:49.407+0000] {logging_mixin.py:190} INFO - [2026-05-08T21:12:49.407+0000] {dagbag.py:588} INFO - Filling up the DagBag from /home/airflow/.local/lib/python3.12/site-packages/airflow/example_dags/example_task_group_decorator.py
[2026-05-08T21:12:49.419+0000] {processor.py:925} INFO - DAG(s) 'example_task_group_decorator' retrieved from /home/airflow/.local/lib/python3.12/site-packages/airflow/example_dags/example_task_group_decorator.py
[2026-05-08T21:12:49.439+0000] {logging_mixin.py:190} INFO - [2026-05-08T21:12:49.439+0000] {dag.py:3239} INFO - Sync 1 DAGs
[2026-05-08T21:12:49.450+0000] {logging_mixin.py:190} INFO - [2026-05-08T21:12:49.449+0000] {dag.py:4180} INFO - Setting next_dagrun for example_task_group_decorator to None, run_after=None
[2026-05-08T21:12:49.464+0000] {processor.py:208} INFO - Processing /home/airflow/.local/lib/python3.12/site-packages/airflow/example_dags/example_task_group_decorator.py took 0.063 seconds
[2026-05-08T21:13:20.464+0000] {processor.py:186} INFO - Started process (PID=5319) to work on /home/airflow/.local/lib/python3.12/site-packages/airflow/example_dags/example_task_group_decorator.py
[2026-05-08T21:13:20.465+0000] {processor.py:914} INFO - Processing file /home/airflow/.local/lib/python3.12/site-packages/airflow/example_dags/example_task_group_decorator.py for tasks to queue
[2026-05-08T21:13:20.467+0000] {logging_mixin.py:190} INFO - [2026-05-08T21:13:20.467+0000] {dagbag.py:588} INFO - Filling up the DagBag from /home/airflow/.local/lib/python3.12/site-packages/airflow/example_dags/example_task_group_decorator.py
[2026-05-08T21:13:20.486+0000] {processor.py:925} INFO - DAG(s) 'example_task_group_decorator' retrieved from /home/airflow/.local/lib/python3.12/site-packages/airflow/example_dags/example_task_group_decorator.py
[2026-05-08T21:13:20.512+0000] {logging_mixin.py:190} INFO - [2026-05-08T21:13:20.512+0000] {dag.py:3239} INFO - Sync 1 DAGs
[2026-05-08T21:13:20.526+0000] {logging_mixin.py:190} INFO - [2026-05-08T21:13:20.526+0000] {dag.py:4180} INFO - Setting next_dagrun for example_task_group_decorator to None, run_after=None
[2026-05-08T21:13:20.542+0000] {processor.py:208} INFO - Processing /home/airflow/.local/lib/python3.12/site-packages/airflow/example_dags/example_task_group_decorator.py took 0.085 seconds
[2026-05-08T21:13:51.293+0000] {processor.py:186} INFO - Started process (PID=5384) to work on /home/airflow/.local/lib/python3.12/site-packages/airflow/example_dags/example_task_group_decorator.py
[2026-05-08T21:13:51.294+0000] {processor.py:914} INFO - Processing file /home/airflow/.local/lib/python3.12/site-packages/airflow/example_dags/example_task_group_decorator.py for tasks to queue
[2026-05-08T21:13:51.296+0000] {logging_mixin.py:190} INFO - [2026-05-08T21:13:51.296+0000] {dagbag.py:588} INFO - Filling up the DagBag from /home/airflow/.local/lib/python3.12/site-packages/airflow/example_dags/example_task_group_decorator.py
[2026-05-08T21:13:51.316+0000] {processor.py:925} INFO - DAG(s) 'example_task_group_decorator' retrieved from /home/airflow/.local/lib/python3.12/site-packages/airflow/example_dags/example_task_group_decorator.py
[2026-05-08T21:13:51.337+0000] {logging_mixin.py:190} INFO - [2026-05-08T21:13:51.337+0000] {dag.py:3239} INFO - Sync 1 DAGs
[2026-05-08T21:13:51.349+0000] {logging_mixin.py:190} INFO - [2026-05-08T21:13:51.349+0000] {dag.py:4180} INFO - Setting next_dagrun for example_task_group_decorator to None, run_after=None
[2026-05-08T21:13:51.362+0000] {processor.py:208} INFO - Processing /home/airflow/.local/lib/python3.12/site-packages/airflow/example_dags/example_task_group_decorator.py took 0.077 seconds
[2026-05-08T21:14:21.889+0000] {processor.py:186} INFO - Started process (PID=5448) to work on /home/airflow/.local/lib/python3.12/site-packages/airflow/example_dags/example_task_group_decorator.py
[2026-05-08T21:14:21.889+0000] {processor.py:914} INFO - Processing file /home/airflow/.local/lib/python3.12/site-packages/airflow/example_dags/example_task_group_decorator.py for tasks to queue
[2026-05-08T21:14:21.891+0000] {logging_mixin.py:190} INFO - [2026-05-08T21:14:21.891+0000] {dagbag.py:588} INFO - Filling up the DagBag from /home/airflow/.local/lib/python3.12/site-packages/airflow/example_dags/example_task_group_decorator.py
[2026-05-08T21:14:21.904+0000] {processor.py:925} INFO - DAG(s) 'example_task_group_decorator' retrieved from /home/airflow/.local/lib/python3.12/site-packages/airflow/example_dags/example_task_group_decorator.py
[2026-05-08T21:14:21.929+0000] {logging_mixin.py:190} INFO - [2026-05-08T21:14:21.929+0000] {dag.py:3239} INFO - Sync 1 DAGs
[2026-05-08T21:14:21.942+0000] {logging_mixin.py:190} INFO - [2026-05-08T21:14:21.942+0000] {dag.py:4180} INFO - Setting next_dagrun for example_task_group_decorator to None, run_after=None
[2026-05-08T21:14:21.956+0000] {processor.py:208} INFO - Processing /home/airflow/.local/lib/python3.12/site-packages/airflow/example_dags/example_task_group_decorator.py took 0.072 seconds
[2026-05-08T21:14:52.498+0000] {processor.py:186} INFO - Started process (PID=5512) to work on /home/airflow/.local/lib/python3.12/site-packages/airflow/example_dags/example_task_group_decorator.py
[2026-05-08T21:14:52.499+0000] {processor.py:914} INFO - Processing file /home/airflow/.local/lib/python3.12/site-packages/airflow/example_dags/example_task_group_decorator.py for tasks to queue
[2026-05-08T21:14:52.501+0000] {logging_mixin.py:190} INFO - [2026-05-08T21:14:52.500+0000] {dagbag.py:588} INFO - Filling up the DagBag from /home/airflow/.local/lib/python3.12/site-packages/airflow/example_dags/example_task_group_decorator.py
[2026-05-08T21:14:52.515+0000] {processor.py:925} INFO - DAG(s) 'example_task_group_decorator' retrieved from /home/airflow/.local/lib/python3.12/site-packages/airflow/example_dags/example_task_group_decorator.py
[2026-05-08T21:14:52.537+0000] {logging_mixin.py:190} INFO - [2026-05-08T21:14:52.536+0000] {dag.py:3239} INFO - Sync 1 DAGs
[2026-05-08T21:14:52.549+0000] {logging_mixin.py:190} INFO - [2026-05-08T21:14:52.549+0000] {dag.py:4180} INFO - Setting next_dagrun for example_task_group_decorator to None, run_after=None
[2026-05-08T21:14:52.566+0000] {processor.py:208} INFO - Processing /home/airflow/.local/lib/python3.12/site-packages/airflow/example_dags/example_task_group_decorator.py took 0.072 seconds
[2026-05-08T21:15:23.214+0000] {processor.py:186} INFO - Started process (PID=5576) to work on /home/airflow/.local/lib/python3.12/site-packages/airflow/example_dags/example_task_group_decorator.py
[2026-05-08T21:15:23.215+0000] {processor.py:914} INFO - Processing file /home/airflow/.local/lib/python3.12/site-packages/airflow/example_dags/example_task_group_decorator.py for tasks to queue
[2026-05-08T21:15:23.217+0000] {logging_mixin.py:190} INFO - [2026-05-08T21:15:23.217+0000] {dagbag.py:588} INFO - Filling up the DagBag from /home/airflow/.local/lib/python3.12/site-packages/airflow/example_dags/example_task_group_decorator.py
[2026-05-08T21:15:23.235+0000] {processor.py:925} INFO - DAG(s) 'example_task_group_decorator' retrieved from /home/airflow/.local/lib/python3.12/site-packages/airflow/example_dags/example_task_group_decorator.py
[2026-05-08T21:15:23.256+0000] {logging_mixin.py:190} INFO - [2026-05-08T21:15:23.256+0000] {dag.py:3239} INFO - Sync 1 DAGs
[2026-05-08T21:15:23.274+0000] {logging_mixin.py:190} INFO - [2026-05-08T21:15:23.274+0000] {dag.py:4180} INFO - Setting next_dagrun for example_task_group_decorator to None, run_after=None
[2026-05-08T21:15:23.292+0000] {processor.py:208} INFO - Processing /home/airflow/.local/lib/python3.12/site-packages/airflow/example_dags/example_task_group_decorator.py took 0.082 seconds
[2026-05-08T21:15:54.128+0000] {processor.py:186} INFO - Started process (PID=5640) to work on /home/airflow/.local/lib/python3.12/site-packages/airflow/example_dags/example_task_group_decorator.py
[2026-05-08T21:15:54.129+0000] {processor.py:914} INFO - Processing file /home/airflow/.local/lib/python3.12/site-packages/airflow/example_dags/example_task_group_decorator.py for tasks to queue
[2026-05-08T21:15:54.131+0000] {logging_mixin.py:190} INFO - [2026-05-08T21:15:54.130+0000] {dagbag.py:588} INFO - Filling up the DagBag from /home/airflow/.local/lib/python3.12/site-packages/airflow/example_dags/example_task_group_decorator.py
[2026-05-08T21:15:54.144+0000] {processor.py:925} INFO - DAG(s) 'example_task_group_decorator' retrieved from /home/airflow/.local/lib/python3.12/site-packages/airflow/example_dags/example_task_group_decorator.py
[2026-05-08T21:15:54.170+0000] {logging_mixin.py:190} INFO - [2026-05-08T21:15:54.169+0000] {dag.py:3239} INFO - Sync 1 DAGs
[2026-05-08T21:15:54.185+0000] {logging_mixin.py:190} INFO - [2026-05-08T21:15:54.185+0000] {dag.py:4180} INFO - Setting next_dagrun for example_task_group_decorator to None, run_after=None
[2026-05-08T21:15:54.200+0000] {processor.py:208} INFO - Processing /home/airflow/.local/lib/python3.12/site-packages/airflow/example_dags/example_task_group_decorator.py took 0.078 seconds
[2026-05-08T21:16:25.408+0000] {processor.py:186} INFO - Started process (PID=5704) to work on /home/airflow/.local/lib/python3.12/site-packages/airflow/example_dags/example_task_group_decorator.py
[2026-05-08T21:16:25.409+0000] {processor.py:914} INFO - Processing file /home/airflow/.local/lib/python3.12/site-packages/airflow/example_dags/example_task_group_decorator.py for tasks to queue
[2026-05-08T21:16:25.411+0000] {logging_mixin.py:190} INFO - [2026-05-08T21:16:25.411+0000] {dagbag.py:588} INFO - Filling up the DagBag from /home/airflow/.local/lib/python3.12/site-packages/airflow/example_dags/example_task_group_decorator.py
[2026-05-08T21:16:25.430+0000] {processor.py:925} INFO - DAG(s) 'example_task_group_decorator' retrieved from /home/airflow/.local/lib/python3.12/site-packages/airflow/example_dags/example_task_group_decorator.py
[2026-05-08T21:16:25.458+0000] {logging_mixin.py:190} INFO - [2026-05-08T21:16:25.458+0000] {dag.py:3239} INFO - Sync 1 DAGs
[2026-05-08T21:16:25.472+0000] {logging_mixin.py:190} INFO - [2026-05-08T21:16:25.472+0000] {dag.py:4180} INFO - Setting next_dagrun for example_task_group_decorator to None, run_after=None
[2026-05-08T21:16:25.490+0000] {processor.py:208} INFO - Processing /home/airflow/.local/lib/python3.12/site-packages/airflow/example_dags/example_task_group_decorator.py took 0.088 seconds
[2026-05-08T21:16:56.670+0000] {processor.py:186} INFO - Started process (PID=5768) to work on /home/airflow/.local/lib/python3.12/site-packages/airflow/example_dags/example_task_group_decorator.py
[2026-05-08T21:16:56.671+0000] {processor.py:914} INFO - Processing file /home/airflow/.local/lib/python3.12/site-packages/airflow/example_dags/example_task_group_decorator.py for tasks to queue
[2026-05-08T21:16:56.675+0000] {logging_mixin.py:190} INFO - [2026-05-08T21:16:56.674+0000] {dagbag.py:588} INFO - Filling up the DagBag from /home/airflow/.local/lib/python3.12/site-packages/airflow/example_dags/example_task_group_decorator.py
[2026-05-08T21:16:56.693+0000] {processor.py:925} INFO - DAG(s) 'example_task_group_decorator' retrieved from /home/airflow/.local/lib/python3.12/site-packages/airflow/example_dags/example_task_group_decorator.py
[2026-05-08T21:16:56.715+0000] {logging_mixin.py:190} INFO - [2026-05-08T21:16:56.715+0000] {dag.py:3239} INFO - Sync 1 DAGs
[2026-05-08T21:16:56.726+0000] {logging_mixin.py:190} INFO - [2026-05-08T21:16:56.726+0000] {dag.py:4180} INFO - Setting next_dagrun for example_task_group_decorator to None, run_after=None
[2026-05-08T21:16:56.740+0000] {processor.py:208} INFO - Processing /home/airflow/.local/lib/python3.12/site-packages/airflow/example_dags/example_task_group_decorator.py took 0.081 seconds
[2026-05-08T21:17:27.865+0000] {processor.py:186} INFO - Started process (PID=5832) to work on /home/airflow/.local/lib/python3.12/site-packages/airflow/example_dags/example_task_group_decorator.py
[2026-05-08T21:17:27.866+0000] {processor.py:914} INFO - Processing file /home/airflow/.local/lib/python3.12/site-packages/airflow/example_dags/example_task_group_decorator.py for tasks to queue
[2026-05-08T21:17:27.867+0000] {logging_mixin.py:190} INFO - [2026-05-08T21:17:27.867+0000] {dagbag.py:588} INFO - Filling up the DagBag from /home/airflow/.local/lib/python3.12/site-packages/airflow/example_dags/example_task_group_decorator.py
[2026-05-08T21:17:27.881+0000] {processor.py:925} INFO - DAG(s) 'example_task_group_decorator' retrieved from /home/airflow/.local/lib/python3.12/site-packages/airflow/example_dags/example_task_group_decorator.py
[2026-05-08T21:17:27.902+0000] {logging_mixin.py:190} INFO - [2026-05-08T21:17:27.901+0000] {dag.py:3239} INFO - Sync 1 DAGs
[2026-05-08T21:17:27.912+0000] {logging_mixin.py:190} INFO - [2026-05-08T21:17:27.912+0000] {dag.py:4180} INFO - Setting next_dagrun for example_task_group_decorator to None, run_after=None
[2026-05-08T21:17:27.925+0000] {processor.py:208} INFO - Processing /home/airflow/.local/lib/python3.12/site-packages/airflow/example_dags/example_task_group_decorator.py took 0.065 seconds
[2026-05-08T21:17:58.556+0000] {processor.py:186} INFO - Started process (PID=5896) to work on /home/airflow/.local/lib/python3.12/site-packages/airflow/example_dags/example_task_group_decorator.py
[2026-05-08T21:17:58.557+0000] {processor.py:914} INFO - Processing file /home/airflow/.local/lib/python3.12/site-packages/airflow/example_dags/example_task_group_decorator.py for tasks to queue
[2026-05-08T21:17:58.559+0000] {logging_mixin.py:190} INFO - [2026-05-08T21:17:58.559+0000] {dagbag.py:588} INFO - Filling up the DagBag from /home/airflow/.local/lib/python3.12/site-packages/airflow/example_dags/example_task_group_decorator.py
[2026-05-08T21:17:58.575+0000] {processor.py:925} INFO - DAG(s) 'example_task_group_decorator' retrieved from /home/airflow/.local/lib/python3.12/site-packages/airflow/example_dags/example_task_group_decorator.py
[2026-05-08T21:17:58.596+0000] {logging_mixin.py:190} INFO - [2026-05-08T21:17:58.596+0000] {dag.py:3239} INFO - Sync 1 DAGs
[2026-05-08T21:17:58.607+0000] {logging_mixin.py:190} INFO - [2026-05-08T21:17:58.607+0000] {dag.py:4180} INFO - Setting next_dagrun for example_task_group_decorator to None, run_after=None
[2026-05-08T21:17:58.621+0000] {processor.py:208} INFO - Processing /home/airflow/.local/lib/python3.12/site-packages/airflow/example_dags/example_task_group_decorator.py took 0.069 seconds
[2026-05-08T21:18:29.712+0000] {processor.py:186} INFO - Started process (PID=5960) to work on /home/airflow/.local/lib/python3.12/site-packages/airflow/example_dags/example_task_group_decorator.py
[2026-05-08T21:18:29.713+0000] {processor.py:914} INFO - Processing file /home/airflow/.local/lib/python3.12/site-packages/airflow/example_dags/example_task_group_decorator.py for tasks to queue
[2026-05-08T21:18:29.715+0000] {logging_mixin.py:190} INFO - [2026-05-08T21:18:29.714+0000] {dagbag.py:588} INFO - Filling up the DagBag from /home/airflow/.local/lib/python3.12/site-packages/airflow/example_dags/example_task_group_decorator.py
[2026-05-08T21:18:29.727+0000] {processor.py:925} INFO - DAG(s) 'example_task_group_decorator' retrieved from /home/airflow/.local/lib/python3.12/site-packages/airflow/example_dags/example_task_group_decorator.py
[2026-05-08T21:18:29.749+0000] {logging_mixin.py:190} INFO - [2026-05-08T21:18:29.749+0000] {dag.py:3239} INFO - Sync 1 DAGs
[2026-05-08T21:18:29.762+0000] {logging_mixin.py:190} INFO - [2026-05-08T21:18:29.762+0000] {dag.py:4180} INFO - Setting next_dagrun for example_task_group_decorator to None, run_after=None
[2026-05-08T21:18:29.777+0000] {processor.py:208} INFO - Processing /home/airflow/.local/lib/python3.12/site-packages/airflow/example_dags/example_task_group_decorator.py took 0.069 seconds
[2026-05-08T21:19:00.469+0000] {processor.py:186} INFO - Started process (PID=6024) to work on /home/airflow/.local/lib/python3.12/site-packages/airflow/example_dags/example_task_group_decorator.py
[2026-05-08T21:19:00.470+0000] {processor.py:914} INFO - Processing file /home/airflow/.local/lib/python3.12/site-packages/airflow/example_dags/example_task_group_decorator.py for tasks to queue
[2026-05-08T21:19:00.472+0000] {logging_mixin.py:190} INFO - [2026-05-08T21:19:00.472+0000] {dagbag.py:588} INFO - Filling up the DagBag from /home/airflow/.local/lib/python3.12/site-packages/airflow/example_dags/example_task_group_decorator.py
[2026-05-08T21:19:00.487+0000] {processor.py:925} INFO - DAG(s) 'example_task_group_decorator' retrieved from /home/airflow/.local/lib/python3.12/site-packages/airflow/example_dags/example_task_group_decorator.py
[2026-05-08T21:19:00.506+0000] {logging_mixin.py:190} INFO - [2026-05-08T21:19:00.506+0000] {dag.py:3239} INFO - Sync 1 DAGs
[2026-05-08T21:19:00.518+0000] {logging_mixin.py:190} INFO - [2026-05-08T21:19:00.518+0000] {dag.py:4180} INFO - Setting next_dagrun for example_task_group_decorator to None, run_after=None
[2026-05-08T21:19:00.532+0000] {processor.py:208} INFO - Processing /home/airflow/.local/lib/python3.12/site-packages/airflow/example_dags/example_task_group_decorator.py took 0.073 seconds
[2026-05-08T21:19:31.725+0000] {processor.py:186} INFO - Started process (PID=6088) to work on /home/airflow/.local/lib/python3.12/site-packages/airflow/example_dags/example_task_group_decorator.py
[2026-05-08T21:19:31.726+0000] {processor.py:914} INFO - Processing file /home/airflow/.local/lib/python3.12/site-packages/airflow/example_dags/example_task_group_decorator.py for tasks to queue
[2026-05-08T21:19:31.727+0000] {logging_mixin.py:190} INFO - [2026-05-08T21:19:31.727+0000] {dagbag.py:588} INFO - Filling up the DagBag from /home/airflow/.local/lib/python3.12/site-packages/airflow/example_dags/example_task_group_decorator.py
[2026-05-08T21:19:31.740+0000] {processor.py:925} INFO - DAG(s) 'example_task_group_decorator' retrieved from /home/airflow/.local/lib/python3.12/site-packages/airflow/example_dags/example_task_group_decorator.py
[2026-05-08T21:19:31.766+0000] {logging_mixin.py:190} INFO - [2026-05-08T21:19:31.765+0000] {dag.py:3239} INFO - Sync 1 DAGs
[2026-05-08T21:19:31.782+0000] {logging_mixin.py:190} INFO - [2026-05-08T21:19:31.782+0000] {dag.py:4180} INFO - Setting next_dagrun for example_task_group_decorator to None, run_after=None
[2026-05-08T21:19:31.798+0000] {processor.py:208} INFO - Processing /home/airflow/.local/lib/python3.12/site-packages/airflow/example_dags/example_task_group_decorator.py took 0.077 seconds
[2026-05-08T21:20:02.864+0000] {processor.py:186} INFO - Started process (PID=6152) to work on /home/airflow/.local/lib/python3.12/site-packages/airflow/example_dags/example_task_group_decorator.py
[2026-05-08T21:20:02.865+0000] {processor.py:914} INFO - Processing file /home/airflow/.local/lib/python3.12/site-packages/airflow/example_dags/example_task_group_decorator.py for tasks to queue
[2026-05-08T21:20:02.867+0000] {logging_mixin.py:190} INFO - [2026-05-08T21:20:02.867+0000] {dagbag.py:588} INFO - Filling up the DagBag from /home/airflow/.local/lib/python3.12/site-packages/airflow/example_dags/example_task_group_decorator.py
[2026-05-08T21:20:02.887+0000] {processor.py:925} INFO - DAG(s) 'example_task_group_decorator' retrieved from /home/airflow/.local/lib/python3.12/site-packages/airflow/example_dags/example_task_group_decorator.py
[2026-05-08T21:20:02.914+0000] {logging_mixin.py:190} INFO - [2026-05-08T21:20:02.914+0000] {dag.py:3239} INFO - Sync 1 DAGs
[2026-05-08T21:20:02.931+0000] {logging_mixin.py:190} INFO - [2026-05-08T21:20:02.930+0000] {dag.py:4180} INFO - Setting next_dagrun for example_task_group_decorator to None, run_after=None
[2026-05-08T21:20:02.948+0000] {processor.py:208} INFO - Processing /home/airflow/.local/lib/python3.12/site-packages/airflow/example_dags/example_task_group_decorator.py took 0.091 seconds
[2026-05-08T21:20:33.724+0000] {processor.py:186} INFO - Started process (PID=6216) to work on /home/airflow/.local/lib/python3.12/site-packages/airflow/example_dags/example_task_group_decorator.py
[2026-05-08T21:20:33.725+0000] {processor.py:914} INFO - Processing file /home/airflow/.local/lib/python3.12/site-packages/airflow/example_dags/example_task_group_decorator.py for tasks to queue
[2026-05-08T21:20:33.726+0000] {logging_mixin.py:190} INFO - [2026-05-08T21:20:33.726+0000] {dagbag.py:588} INFO - Filling up the DagBag from /home/airflow/.local/lib/python3.12/site-packages/airflow/example_dags/example_task_group_decorator.py
[2026-05-08T21:20:33.739+0000] {processor.py:925} INFO - DAG(s) 'example_task_group_decorator' retrieved from /home/airflow/.local/lib/python3.12/site-packages/airflow/example_dags/example_task_group_decorator.py
[2026-05-08T21:20:33.758+0000] {logging_mixin.py:190} INFO - [2026-05-08T21:20:33.758+0000] {dag.py:3239} INFO - Sync 1 DAGs
[2026-05-08T21:20:33.769+0000] {logging_mixin.py:190} INFO - [2026-05-08T21:20:33.769+0000] {dag.py:4180} INFO - Setting next_dagrun for example_task_group_decorator to None, run_after=None
[2026-05-08T21:20:33.782+0000] {processor.py:208} INFO - Processing /home/airflow/.local/lib/python3.12/site-packages/airflow/example_dags/example_task_group_decorator.py took 0.063 seconds
[2026-05-08T21:21:04.406+0000] {processor.py:186} INFO - Started process (PID=6280) to work on /home/airflow/.local/lib/python3.12/site-packages/airflow/example_dags/example_task_group_decorator.py
[2026-05-08T21:21:04.407+0000] {processor.py:914} INFO - Processing file /home/airflow/.local/lib/python3.12/site-packages/airflow/example_dags/example_task_group_decorator.py for tasks to queue
[2026-05-08T21:21:04.409+0000] {logging_mixin.py:190} INFO - [2026-05-08T21:21:04.408+0000] {dagbag.py:588} INFO - Filling up the DagBag from /home/airflow/.local/lib/python3.12/site-packages/airflow/example_dags/example_task_group_decorator.py
[2026-05-08T21:21:04.421+0000] {processor.py:925} INFO - DAG(s) 'example_task_group_decorator' retrieved from /home/airflow/.local/lib/python3.12/site-packages/airflow/example_dags/example_task_group_decorator.py
[2026-05-08T21:21:04.442+0000] {logging_mixin.py:190} INFO - [2026-05-08T21:21:04.442+0000] {dag.py:3239} INFO - Sync 1 DAGs
[2026-05-08T21:21:04.453+0000] {logging_mixin.py:190} INFO - [2026-05-08T21:21:04.453+0000] {dag.py:4180} INFO - Setting next_dagrun for example_task_group_decorator to None, run_after=None
[2026-05-08T21:21:04.469+0000] {processor.py:208} INFO - Processing /home/airflow/.local/lib/python3.12/site-packages/airflow/example_dags/example_task_group_decorator.py took 0.067 seconds
[2026-05-08T21:21:34.639+0000] {processor.py:186} INFO - Started process (PID=6343) to work on /home/airflow/.local/lib/python3.12/site-packages/airflow/example_dags/example_task_group_decorator.py
[2026-05-08T21:21:34.640+0000] {processor.py:914} INFO - Processing file /home/airflow/.local/lib/python3.12/site-packages/airflow/example_dags/example_task_group_decorator.py for tasks to queue
[2026-05-08T21:21:34.641+0000] {logging_mixin.py:190} INFO - [2026-05-08T21:21:34.641+0000] {dagbag.py:588} INFO - Filling up the DagBag from /home/airflow/.local/lib/python3.12/site-packages/airflow/example_dags/example_task_group_decorator.py
[2026-05-08T21:21:34.654+0000] {processor.py:925} INFO - DAG(s) 'example_task_group_decorator' retrieved from /home/airflow/.local/lib/python3.12/site-packages/airflow/example_dags/example_task_group_decorator.py
[2026-05-08T21:21:34.677+0000] {logging_mixin.py:190} INFO - [2026-05-08T21:21:34.677+0000] {dag.py:3239} INFO - Sync 1 DAGs
[2026-05-08T21:21:34.689+0000] {logging_mixin.py:190} INFO - [2026-05-08T21:21:34.689+0000] {dag.py:4180} INFO - Setting next_dagrun for example_task_group_decorator to None, run_after=None
[2026-05-08T21:21:34.702+0000] {processor.py:208} INFO - Processing /home/airflow/.local/lib/python3.12/site-packages/airflow/example_dags/example_task_group_decorator.py took 0.068 seconds
[2026-05-08T21:22:05.400+0000] {processor.py:186} INFO - Started process (PID=6413) to work on /home/airflow/.local/lib/python3.12/site-packages/airflow/example_dags/example_task_group_decorator.py
[2026-05-08T21:22:05.401+0000] {processor.py:914} INFO - Processing file /home/airflow/.local/lib/python3.12/site-packages/airflow/example_dags/example_task_group_decorator.py for tasks to queue
[2026-05-08T21:22:05.404+0000] {logging_mixin.py:190} INFO - [2026-05-08T21:22:05.403+0000] {dagbag.py:588} INFO - Filling up the DagBag from /home/airflow/.local/lib/python3.12/site-packages/airflow/example_dags/example_task_group_decorator.py
[2026-05-08T21:22:05.423+0000] {processor.py:925} INFO - DAG(s) 'example_task_group_decorator' retrieved from /home/airflow/.local/lib/python3.12/site-packages/airflow/example_dags/example_task_group_decorator.py
[2026-05-08T21:22:05.447+0000] {logging_mixin.py:190} INFO - [2026-05-08T21:22:05.446+0000] {dag.py:3239} INFO - Sync 1 DAGs
[2026-05-08T21:22:05.463+0000] {logging_mixin.py:190} INFO - [2026-05-08T21:22:05.463+0000] {dag.py:4180} INFO - Setting next_dagrun for example_task_group_decorator to None, run_after=None
[2026-05-08T21:22:05.484+0000] {processor.py:208} INFO - Processing /home/airflow/.local/lib/python3.12/site-packages/airflow/example_dags/example_task_group_decorator.py took 0.090 seconds
[2026-05-08T21:22:36.480+0000] {processor.py:186} INFO - Started process (PID=6477) to work on /home/airflow/.local/lib/python3.12/site-packages/airflow/example_dags/example_task_group_decorator.py
[2026-05-08T21:22:36.481+0000] {processor.py:914} INFO - Processing file /home/airflow/.local/lib/python3.12/site-packages/airflow/example_dags/example_task_group_decorator.py for tasks to queue
[2026-05-08T21:22:36.484+0000] {logging_mixin.py:190} INFO - [2026-05-08T21:22:36.484+0000] {dagbag.py:588} INFO - Filling up the DagBag from /home/airflow/.local/lib/python3.12/site-packages/airflow/example_dags/example_task_group_decorator.py
[2026-05-08T21:22:36.499+0000] {processor.py:925} INFO - DAG(s) 'example_task_group_decorator' retrieved from /home/airflow/.local/lib/python3.12/site-packages/airflow/example_dags/example_task_group_decorator.py
[2026-05-08T21:22:36.526+0000] {logging_mixin.py:190} INFO - [2026-05-08T21:22:36.526+0000] {dag.py:3239} INFO - Sync 1 DAGs
[2026-05-08T21:22:36.538+0000] {logging_mixin.py:190} INFO - [2026-05-08T21:22:36.538+0000] {dag.py:4180} INFO - Setting next_dagrun for example_task_group_decorator to None, run_after=None
[2026-05-08T21:22:36.552+0000] {processor.py:208} INFO - Processing /home/airflow/.local/lib/python3.12/site-packages/airflow/example_dags/example_task_group_decorator.py took 0.077 seconds
[2026-05-08T21:23:07.033+0000] {processor.py:186} INFO - Started process (PID=6540) to work on /home/airflow/.local/lib/python3.12/site-packages/airflow/example_dags/example_task_group_decorator.py
[2026-05-08T21:23:07.034+0000] {processor.py:914} INFO - Processing file /home/airflow/.local/lib/python3.12/site-packages/airflow/example_dags/example_task_group_decorator.py for tasks to queue
[2026-05-08T21:23:07.036+0000] {logging_mixin.py:190} INFO - [2026-05-08T21:23:07.036+0000] {dagbag.py:588} INFO - Filling up the DagBag from /home/airflow/.local/lib/python3.12/site-packages/airflow/example_dags/example_task_group_decorator.py
[2026-05-08T21:23:07.053+0000] {processor.py:925} INFO - DAG(s) 'example_task_group_decorator' retrieved from /home/airflow/.local/lib/python3.12/site-packages/airflow/example_dags/example_task_group_decorator.py
[2026-05-08T21:23:07.081+0000] {logging_mixin.py:190} INFO - [2026-05-08T21:23:07.081+0000] {dag.py:3239} INFO - Sync 1 DAGs
[2026-05-08T21:23:07.093+0000] {logging_mixin.py:190} INFO - [2026-05-08T21:23:07.092+0000] {dag.py:4180} INFO - Setting next_dagrun for example_task_group_decorator to None, run_after=None
[2026-05-08T21:23:07.106+0000] {processor.py:208} INFO - Processing /home/airflow/.local/lib/python3.12/site-packages/airflow/example_dags/example_task_group_decorator.py took 0.077 seconds
[2026-05-08T21:23:37.342+0000] {processor.py:186} INFO - Started process (PID=6604) to work on /home/airflow/.local/lib/python3.12/site-packages/airflow/example_dags/example_task_group_decorator.py
[2026-05-08T21:23:37.343+0000] {processor.py:914} INFO - Processing file /home/airflow/.local/lib/python3.12/site-packages/airflow/example_dags/example_task_group_decorator.py for tasks to queue
[2026-05-08T21:23:37.345+0000] {logging_mixin.py:190} INFO - [2026-05-08T21:23:37.345+0000] {dagbag.py:588} INFO - Filling up the DagBag from /home/airflow/.local/lib/python3.12/site-packages/airflow/example_dags/example_task_group_decorator.py
[2026-05-08T21:23:37.359+0000] {processor.py:925} INFO - DAG(s) 'example_task_group_decorator' retrieved from /home/airflow/.local/lib/python3.12/site-packages/airflow/example_dags/example_task_group_decorator.py
[2026-05-08T21:23:37.387+0000] {logging_mixin.py:190} INFO - [2026-05-08T21:23:37.386+0000] {dag.py:3239} INFO - Sync 1 DAGs
[2026-05-08T21:23:37.398+0000] {logging_mixin.py:190} INFO - [2026-05-08T21:23:37.398+0000] {dag.py:4180} INFO - Setting next_dagrun for example_task_group_decorator to None, run_after=None
[2026-05-08T21:23:37.411+0000] {processor.py:208} INFO - Processing /home/airflow/.local/lib/python3.12/site-packages/airflow/example_dags/example_task_group_decorator.py took 0.075 seconds
[2026-05-08T21:24:07.633+0000] {processor.py:186} INFO - Started process (PID=6668) to work on /home/airflow/.local/lib/python3.12/site-packages/airflow/example_dags/example_task_group_decorator.py
[2026-05-08T21:24:07.633+0000] {processor.py:914} INFO - Processing file /home/airflow/.local/lib/python3.12/site-packages/airflow/example_dags/example_task_group_decorator.py for tasks to queue
[2026-05-08T21:24:07.635+0000] {logging_mixin.py:190} INFO - [2026-05-08T21:24:07.635+0000] {dagbag.py:588} INFO - Filling up the DagBag from /home/airflow/.local/lib/python3.12/site-packages/airflow/example_dags/example_task_group_decorator.py
[2026-05-08T21:24:07.647+0000] {processor.py:925} INFO - DAG(s) 'example_task_group_decorator' retrieved from /home/airflow/.local/lib/python3.12/site-packages/airflow/example_dags/example_task_group_decorator.py
[2026-05-08T21:24:07.667+0000] {logging_mixin.py:190} INFO - [2026-05-08T21:24:07.667+0000] {dag.py:3239} INFO - Sync 1 DAGs
[2026-05-08T21:24:07.679+0000] {logging_mixin.py:190} INFO - [2026-05-08T21:24:07.679+0000] {dag.py:4180} INFO - Setting next_dagrun for example_task_group_decorator to None, run_after=None
[2026-05-08T21:24:07.693+0000] {processor.py:208} INFO - Processing /home/airflow/.local/lib/python3.12/site-packages/airflow/example_dags/example_task_group_decorator.py took 0.064 seconds
[2026-05-08T21:24:37.837+0000] {processor.py:186} INFO - Started process (PID=6732) to work on /home/airflow/.local/lib/python3.12/site-packages/airflow/example_dags/example_task_group_decorator.py
[2026-05-08T21:24:37.837+0000] {processor.py:914} INFO - Processing file /home/airflow/.local/lib/python3.12/site-packages/airflow/example_dags/example_task_group_decorator.py for tasks to queue
[2026-05-08T21:24:37.839+0000] {logging_mixin.py:190} INFO - [2026-05-08T21:24:37.839+0000] {dagbag.py:588} INFO - Filling up the DagBag from /home/airflow/.local/lib/python3.12/site-packages/airflow/example_dags/example_task_group_decorator.py
[2026-05-08T21:24:37.851+0000] {processor.py:925} INFO - DAG(s) 'example_task_group_decorator' retrieved from /home/airflow/.local/lib/python3.12/site-packages/airflow/example_dags/example_task_group_decorator.py
[2026-05-08T21:24:37.871+0000] {logging_mixin.py:190} INFO - [2026-05-08T21:24:37.871+0000] {dag.py:3239} INFO - Sync 1 DAGs
[2026-05-08T21:24:37.882+0000] {logging_mixin.py:190} INFO - [2026-05-08T21:24:37.882+0000] {dag.py:4180} INFO - Setting next_dagrun for example_task_group_decorator to None, run_after=None
[2026-05-08T21:24:37.895+0000] {processor.py:208} INFO - Processing /home/airflow/.local/lib/python3.12/site-packages/airflow/example_dags/example_task_group_decorator.py took 0.062 seconds
[2026-05-08T21:25:08.641+0000] {processor.py:186} INFO - Started process (PID=6796) to work on /home/airflow/.local/lib/python3.12/site-packages/airflow/example_dags/example_task_group_decorator.py
[2026-05-08T21:25:08.642+0000] {processor.py:914} INFO - Processing file /home/airflow/.local/lib/python3.12/site-packages/airflow/example_dags/example_task_group_decorator.py for tasks to queue
[2026-05-08T21:25:08.643+0000] {logging_mixin.py:190} INFO - [2026-05-08T21:25:08.643+0000] {dagbag.py:588} INFO - Filling up the DagBag from /home/airflow/.local/lib/python3.12/site-packages/airflow/example_dags/example_task_group_decorator.py
[2026-05-08T21:25:08.656+0000] {processor.py:925} INFO - DAG(s) 'example_task_group_decorator' retrieved from /home/airflow/.local/lib/python3.12/site-packages/airflow/example_dags/example_task_group_decorator.py
[2026-05-08T21:25:08.684+0000] {logging_mixin.py:190} INFO - [2026-05-08T21:25:08.684+0000] {dag.py:3239} INFO - Sync 1 DAGs
[2026-05-08T21:25:08.700+0000] {logging_mixin.py:190} INFO - [2026-05-08T21:25:08.700+0000] {dag.py:4180} INFO - Setting next_dagrun for example_task_group_decorator to None, run_after=None
[2026-05-08T21:25:08.717+0000] {processor.py:208} INFO - Processing /home/airflow/.local/lib/python3.12/site-packages/airflow/example_dags/example_task_group_decorator.py took 0.080 seconds
[2026-05-08T21:25:39.249+0000] {processor.py:186} INFO - Started process (PID=6860) to work on /home/airflow/.local/lib/python3.12/site-packages/airflow/example_dags/example_task_group_decorator.py
[2026-05-08T21:25:39.249+0000] {processor.py:914} INFO - Processing file /home/airflow/.local/lib/python3.12/site-packages/airflow/example_dags/example_task_group_decorator.py for tasks to queue
[2026-05-08T21:25:39.251+0000] {logging_mixin.py:190} INFO - [2026-05-08T21:25:39.251+0000] {dagbag.py:588} INFO - Filling up the DagBag from /home/airflow/.local/lib/python3.12/site-packages/airflow/example_dags/example_task_group_decorator.py
[2026-05-08T21:25:39.264+0000] {processor.py:925} INFO - DAG(s) 'example_task_group_decorator' retrieved from /home/airflow/.local/lib/python3.12/site-packages/airflow/example_dags/example_task_group_decorator.py
[2026-05-08T21:25:39.287+0000] {logging_mixin.py:190} INFO - [2026-05-08T21:25:39.287+0000] {dag.py:3239} INFO - Sync 1 DAGs
[2026-05-08T21:25:39.298+0000] {logging_mixin.py:190} INFO - [2026-05-08T21:25:39.298+0000] {dag.py:4180} INFO - Setting next_dagrun for example_task_group_decorator to None, run_after=None
[2026-05-08T21:25:39.312+0000] {processor.py:208} INFO - Processing /home/airflow/.local/lib/python3.12/site-packages/airflow/example_dags/example_task_group_decorator.py took 0.068 seconds
[2026-05-08T21:26:09.913+0000] {processor.py:186} INFO - Started process (PID=6924) to work on /home/airflow/.local/lib/python3.12/site-packages/airflow/example_dags/example_task_group_decorator.py
[2026-05-08T21:26:09.914+0000] {processor.py:914} INFO - Processing file /home/airflow/.local/lib/python3.12/site-packages/airflow/example_dags/example_task_group_decorator.py for tasks to queue
[2026-05-08T21:26:09.916+0000] {logging_mixin.py:190} INFO - [2026-05-08T21:26:09.915+0000] {dagbag.py:588} INFO - Filling up the DagBag from /home/airflow/.local/lib/python3.12/site-packages/airflow/example_dags/example_task_group_decorator.py
[2026-05-08T21:26:09.928+0000] {processor.py:925} INFO - DAG(s) 'example_task_group_decorator' retrieved from /home/airflow/.local/lib/python3.12/site-packages/airflow/example_dags/example_task_group_decorator.py
[2026-05-08T21:26:09.954+0000] {logging_mixin.py:190} INFO - [2026-05-08T21:26:09.954+0000] {dag.py:3239} INFO - Sync 1 DAGs
[2026-05-08T21:26:09.970+0000] {logging_mixin.py:190} INFO - [2026-05-08T21:26:09.970+0000] {dag.py:4180} INFO - Setting next_dagrun for example_task_group_decorator to None, run_after=None
[2026-05-08T21:26:09.987+0000] {processor.py:208} INFO - Processing /home/airflow/.local/lib/python3.12/site-packages/airflow/example_dags/example_task_group_decorator.py took 0.078 seconds
[2026-05-08T21:26:40.555+0000] {processor.py:186} INFO - Started process (PID=6988) to work on /home/airflow/.local/lib/python3.12/site-packages/airflow/example_dags/example_task_group_decorator.py
[2026-05-08T21:26:40.556+0000] {processor.py:914} INFO - Processing file /home/airflow/.local/lib/python3.12/site-packages/airflow/example_dags/example_task_group_decorator.py for tasks to queue
[2026-05-08T21:26:40.558+0000] {logging_mixin.py:190} INFO - [2026-05-08T21:26:40.557+0000] {dagbag.py:588} INFO - Filling up the DagBag from /home/airflow/.local/lib/python3.12/site-packages/airflow/example_dags/example_task_group_decorator.py
[2026-05-08T21:26:40.572+0000] {processor.py:925} INFO - DAG(s) 'example_task_group_decorator' retrieved from /home/airflow/.local/lib/python3.12/site-packages/airflow/example_dags/example_task_group_decorator.py
[2026-05-08T21:26:40.594+0000] {logging_mixin.py:190} INFO - [2026-05-08T21:26:40.594+0000] {dag.py:3239} INFO - Sync 1 DAGs
[2026-05-08T21:26:40.605+0000] {logging_mixin.py:190} INFO - [2026-05-08T21:26:40.605+0000] {dag.py:4180} INFO - Setting next_dagrun for example_task_group_decorator to None, run_after=None
[2026-05-08T21:26:40.618+0000] {processor.py:208} INFO - Processing /home/airflow/.local/lib/python3.12/site-packages/airflow/example_dags/example_task_group_decorator.py took 0.067 seconds
[2026-05-08T21:27:11.903+0000] {processor.py:186} INFO - Started process (PID=7052) to work on /home/airflow/.local/lib/python3.12/site-packages/airflow/example_dags/example_task_group_decorator.py
[2026-05-08T21:27:11.904+0000] {processor.py:914} INFO - Processing file /home/airflow/.local/lib/python3.12/site-packages/airflow/example_dags/example_task_group_decorator.py for tasks to queue
[2026-05-08T21:27:11.906+0000] {logging_mixin.py:190} INFO - [2026-05-08T21:27:11.905+0000] {dagbag.py:588} INFO - Filling up the DagBag from /home/airflow/.local/lib/python3.12/site-packages/airflow/example_dags/example_task_group_decorator.py
[2026-05-08T21:27:11.918+0000] {processor.py:925} INFO - DAG(s) 'example_task_group_decorator' retrieved from /home/airflow/.local/lib/python3.12/site-packages/airflow/example_dags/example_task_group_decorator.py
[2026-05-08T21:27:11.939+0000] {logging_mixin.py:190} INFO - [2026-05-08T21:27:11.938+0000] {dag.py:3239} INFO - Sync 1 DAGs
[2026-05-08T21:27:11.950+0000] {logging_mixin.py:190} INFO - [2026-05-08T21:27:11.950+0000] {dag.py:4180} INFO - Setting next_dagrun for example_task_group_decorator to None, run_after=None
[2026-05-08T21:27:11.963+0000] {processor.py:208} INFO - Processing /home/airflow/.local/lib/python3.12/site-packages/airflow/example_dags/example_task_group_decorator.py took 0.064 seconds
[2026-05-08T21:27:43.012+0000] {processor.py:186} INFO - Started process (PID=7115) to work on /home/airflow/.local/lib/python3.12/site-packages/airflow/example_dags/example_task_group_decorator.py
[2026-05-08T21:27:43.013+0000] {processor.py:914} INFO - Processing file /home/airflow/.local/lib/python3.12/site-packages/airflow/example_dags/example_task_group_decorator.py for tasks to queue
[2026-05-08T21:27:43.015+0000] {logging_mixin.py:190} INFO - [2026-05-08T21:27:43.014+0000] {dagbag.py:588} INFO - Filling up the DagBag from /home/airflow/.local/lib/python3.12/site-packages/airflow/example_dags/example_task_group_decorator.py
[2026-05-08T21:27:43.029+0000] {processor.py:925} INFO - DAG(s) 'example_task_group_decorator' retrieved from /home/airflow/.local/lib/python3.12/site-packages/airflow/example_dags/example_task_group_decorator.py
[2026-05-08T21:27:43.052+0000] {logging_mixin.py:190} INFO - [2026-05-08T21:27:43.052+0000] {dag.py:3239} INFO - Sync 1 DAGs
[2026-05-08T21:27:43.070+0000] {logging_mixin.py:190} INFO - [2026-05-08T21:27:43.070+0000] {dag.py:4180} INFO - Setting next_dagrun for example_task_group_decorator to None, run_after=None
[2026-05-08T21:27:43.092+0000] {processor.py:208} INFO - Processing /home/airflow/.local/lib/python3.12/site-packages/airflow/example_dags/example_task_group_decorator.py took 0.086 seconds
[2026-05-08T21:28:14.662+0000] {processor.py:186} INFO - Started process (PID=7179) to work on /home/airflow/.local/lib/python3.12/site-packages/airflow/example_dags/example_task_group_decorator.py
[2026-05-08T21:28:14.663+0000] {processor.py:914} INFO - Processing file /home/airflow/.local/lib/python3.12/site-packages/airflow/example_dags/example_task_group_decorator.py for tasks to queue
[2026-05-08T21:28:14.665+0000] {logging_mixin.py:190} INFO - [2026-05-08T21:28:14.665+0000] {dagbag.py:588} INFO - Filling up the DagBag from /home/airflow/.local/lib/python3.12/site-packages/airflow/example_dags/example_task_group_decorator.py
[2026-05-08T21:28:14.680+0000] {processor.py:925} INFO - DAG(s) 'example_task_group_decorator' retrieved from /home/airflow/.local/lib/python3.12/site-packages/airflow/example_dags/example_task_group_decorator.py
[2026-05-08T21:28:14.700+0000] {logging_mixin.py:190} INFO - [2026-05-08T21:28:14.700+0000] {dag.py:3239} INFO - Sync 1 DAGs
[2026-05-08T21:28:14.712+0000] {logging_mixin.py:190} INFO - [2026-05-08T21:28:14.712+0000] {dag.py:4180} INFO - Setting next_dagrun for example_task_group_decorator to None, run_after=None
[2026-05-08T21:28:14.727+0000] {processor.py:208} INFO - Processing /home/airflow/.local/lib/python3.12/site-packages/airflow/example_dags/example_task_group_decorator.py took 0.070 seconds
[2026-05-08T21:28:45.812+0000] {processor.py:186} INFO - Started process (PID=7243) to work on /home/airflow/.local/lib/python3.12/site-packages/airflow/example_dags/example_task_group_decorator.py
[2026-05-08T21:28:45.813+0000] {processor.py:914} INFO - Processing file /home/airflow/.local/lib/python3.12/site-packages/airflow/example_dags/example_task_group_decorator.py for tasks to queue
[2026-05-08T21:28:45.815+0000] {logging_mixin.py:190} INFO - [2026-05-08T21:28:45.814+0000] {dagbag.py:588} INFO - Filling up the DagBag from /home/airflow/.local/lib/python3.12/site-packages/airflow/example_dags/example_task_group_decorator.py
[2026-05-08T21:28:45.828+0000] {processor.py:925} INFO - DAG(s) 'example_task_group_decorator' retrieved from /home/airflow/.local/lib/python3.12/site-packages/airflow/example_dags/example_task_group_decorator.py
[2026-05-08T21:28:45.850+0000] {logging_mixin.py:190} INFO - [2026-05-08T21:28:45.850+0000] {dag.py:3239} INFO - Sync 1 DAGs
[2026-05-08T21:28:45.866+0000] {logging_mixin.py:190} INFO - [2026-05-08T21:28:45.866+0000] {dag.py:4180} INFO - Setting next_dagrun for example_task_group_decorator to None, run_after=None
[2026-05-08T21:28:45.884+0000] {processor.py:208} INFO - Processing /home/airflow/.local/lib/python3.12/site-packages/airflow/example_dags/example_task_group_decorator.py took 0.077 seconds
[2026-05-08T21:29:17.319+0000] {processor.py:186} INFO - Started process (PID=7307) to work on /home/airflow/.local/lib/python3.12/site-packages/airflow/example_dags/example_task_group_decorator.py
[2026-05-08T21:29:17.320+0000] {processor.py:914} INFO - Processing file /home/airflow/.local/lib/python3.12/site-packages/airflow/example_dags/example_task_group_decorator.py for tasks to queue
[2026-05-08T21:29:17.322+0000] {logging_mixin.py:190} INFO - [2026-05-08T21:29:17.322+0000] {dagbag.py:588} INFO - Filling up the DagBag from /home/airflow/.local/lib/python3.12/site-packages/airflow/example_dags/example_task_group_decorator.py
[2026-05-08T21:29:17.335+0000] {processor.py:925} INFO - DAG(s) 'example_task_group_decorator' retrieved from /home/airflow/.local/lib/python3.12/site-packages/airflow/example_dags/example_task_group_decorator.py
[2026-05-08T21:29:17.361+0000] {logging_mixin.py:190} INFO - [2026-05-08T21:29:17.361+0000] {dag.py:3239} INFO - Sync 1 DAGs
[2026-05-08T21:29:17.382+0000] {logging_mixin.py:190} INFO - [2026-05-08T21:29:17.382+0000] {dag.py:4180} INFO - Setting next_dagrun for example_task_group_decorator to None, run_after=None
[2026-05-08T21:29:17.398+0000] {processor.py:208} INFO - Processing /home/airflow/.local/lib/python3.12/site-packages/airflow/example_dags/example_task_group_decorator.py took 0.085 seconds
[2026-05-08T21:29:48.826+0000] {processor.py:186} INFO - Started process (PID=7371) to work on /home/airflow/.local/lib/python3.12/site-packages/airflow/example_dags/example_task_group_decorator.py
[2026-05-08T21:29:48.827+0000] {processor.py:914} INFO - Processing file /home/airflow/.local/lib/python3.12/site-packages/airflow/example_dags/example_task_group_decorator.py for tasks to queue
[2026-05-08T21:29:48.829+0000] {logging_mixin.py:190} INFO - [2026-05-08T21:29:48.829+0000] {dagbag.py:588} INFO - Filling up the DagBag from /home/airflow/.local/lib/python3.12/site-packages/airflow/example_dags/example_task_group_decorator.py
[2026-05-08T21:29:48.847+0000] {processor.py:925} INFO - DAG(s) 'example_task_group_decorator' retrieved from /home/airflow/.local/lib/python3.12/site-packages/airflow/example_dags/example_task_group_decorator.py
[2026-05-08T21:29:48.876+0000] {logging_mixin.py:190} INFO - [2026-05-08T21:29:48.875+0000] {dag.py:3239} INFO - Sync 1 DAGs
[2026-05-08T21:29:48.891+0000] {logging_mixin.py:190} INFO - [2026-05-08T21:29:48.891+0000] {dag.py:4180} INFO - Setting next_dagrun for example_task_group_decorator to None, run_after=None
[2026-05-08T21:29:48.905+0000] {processor.py:208} INFO - Processing /home/airflow/.local/lib/python3.12/site-packages/airflow/example_dags/example_task_group_decorator.py took 0.086 seconds
[2026-05-08T21:30:20.151+0000] {processor.py:186} INFO - Started process (PID=7435) to work on /home/airflow/.local/lib/python3.12/site-packages/airflow/example_dags/example_task_group_decorator.py
[2026-05-08T21:30:20.152+0000] {processor.py:914} INFO - Processing file /home/airflow/.local/lib/python3.12/site-packages/airflow/example_dags/example_task_group_decorator.py for tasks to queue
[2026-05-08T21:30:20.154+0000] {logging_mixin.py:190} INFO - [2026-05-08T21:30:20.154+0000] {dagbag.py:588} INFO - Filling up the DagBag from /home/airflow/.local/lib/python3.12/site-packages/airflow/example_dags/example_task_group_decorator.py
[2026-05-08T21:30:20.168+0000] {processor.py:925} INFO - DAG(s) 'example_task_group_decorator' retrieved from /home/airflow/.local/lib/python3.12/site-packages/airflow/example_dags/example_task_group_decorator.py
[2026-05-08T21:30:20.188+0000] {logging_mixin.py:190} INFO - [2026-05-08T21:30:20.188+0000] {dag.py:3239} INFO - Sync 1 DAGs
[2026-05-08T21:30:20.200+0000] {logging_mixin.py:190} INFO - [2026-05-08T21:30:20.200+0000] {dag.py:4180} INFO - Setting next_dagrun for example_task_group_decorator to None, run_after=None
[2026-05-08T21:30:20.213+0000] {processor.py:208} INFO - Processing /home/airflow/.local/lib/python3.12/site-packages/airflow/example_dags/example_task_group_decorator.py took 0.068 seconds
[2026-05-08T21:30:51.354+0000] {processor.py:186} INFO - Started process (PID=7499) to work on /home/airflow/.local/lib/python3.12/site-packages/airflow/example_dags/example_task_group_decorator.py
[2026-05-08T21:30:51.355+0000] {processor.py:914} INFO - Processing file /home/airflow/.local/lib/python3.12/site-packages/airflow/example_dags/example_task_group_decorator.py for tasks to queue
[2026-05-08T21:30:51.357+0000] {logging_mixin.py:190} INFO - [2026-05-08T21:30:51.356+0000] {dagbag.py:588} INFO - Filling up the DagBag from /home/airflow/.local/lib/python3.12/site-packages/airflow/example_dags/example_task_group_decorator.py
[2026-05-08T21:30:51.374+0000] {processor.py:925} INFO - DAG(s) 'example_task_group_decorator' retrieved from /home/airflow/.local/lib/python3.12/site-packages/airflow/example_dags/example_task_group_decorator.py
[2026-05-08T21:30:51.393+0000] {logging_mixin.py:190} INFO - [2026-05-08T21:30:51.393+0000] {dag.py:3239} INFO - Sync 1 DAGs
[2026-05-08T21:30:51.410+0000] {logging_mixin.py:190} INFO - [2026-05-08T21:30:51.410+0000] {dag.py:4180} INFO - Setting next_dagrun for example_task_group_decorator to None, run_after=None
[2026-05-08T21:30:51.424+0000] {processor.py:208} INFO - Processing /home/airflow/.local/lib/python3.12/site-packages/airflow/example_dags/example_task_group_decorator.py took 0.075 seconds
[2026-05-08T21:31:22.522+0000] {processor.py:186} INFO - Started process (PID=7563) to work on /home/airflow/.local/lib/python3.12/site-packages/airflow/example_dags/example_task_group_decorator.py
[2026-05-08T21:31:22.523+0000] {processor.py:914} INFO - Processing file /home/airflow/.local/lib/python3.12/site-packages/airflow/example_dags/example_task_group_decorator.py for tasks to queue
[2026-05-08T21:31:22.524+0000] {logging_mixin.py:190} INFO - [2026-05-08T21:31:22.524+0000] {dagbag.py:588} INFO - Filling up the DagBag from /home/airflow/.local/lib/python3.12/site-packages/airflow/example_dags/example_task_group_decorator.py
[2026-05-08T21:31:22.538+0000] {processor.py:925} INFO - DAG(s) 'example_task_group_decorator' retrieved from /home/airflow/.local/lib/python3.12/site-packages/airflow/example_dags/example_task_group_decorator.py
[2026-05-08T21:31:22.561+0000] {logging_mixin.py:190} INFO - [2026-05-08T21:31:22.561+0000] {dag.py:3239} INFO - Sync 1 DAGs
[2026-05-08T21:31:22.577+0000] {logging_mixin.py:190} INFO - [2026-05-08T21:31:22.577+0000] {dag.py:4180} INFO - Setting next_dagrun for example_task_group_decorator to None, run_after=None
[2026-05-08T21:31:22.594+0000] {processor.py:208} INFO - Processing /home/airflow/.local/lib/python3.12/site-packages/airflow/example_dags/example_task_group_decorator.py took 0.076 seconds
[2026-05-08T21:31:53.919+0000] {processor.py:186} INFO - Started process (PID=7627) to work on /home/airflow/.local/lib/python3.12/site-packages/airflow/example_dags/example_task_group_decorator.py
[2026-05-08T21:31:53.920+0000] {processor.py:914} INFO - Processing file /home/airflow/.local/lib/python3.12/site-packages/airflow/example_dags/example_task_group_decorator.py for tasks to queue
[2026-05-08T21:31:53.922+0000] {logging_mixin.py:190} INFO - [2026-05-08T21:31:53.921+0000] {dagbag.py:588} INFO - Filling up the DagBag from /home/airflow/.local/lib/python3.12/site-packages/airflow/example_dags/example_task_group_decorator.py
[2026-05-08T21:31:53.936+0000] {processor.py:925} INFO - DAG(s) 'example_task_group_decorator' retrieved from /home/airflow/.local/lib/python3.12/site-packages/airflow/example_dags/example_task_group_decorator.py
[2026-05-08T21:31:53.959+0000] {logging_mixin.py:190} INFO - [2026-05-08T21:31:53.958+0000] {dag.py:3239} INFO - Sync 1 DAGs
[2026-05-08T21:31:53.972+0000] {logging_mixin.py:190} INFO - [2026-05-08T21:31:53.972+0000] {dag.py:4180} INFO - Setting next_dagrun for example_task_group_decorator to None, run_after=None
[2026-05-08T21:31:53.991+0000] {processor.py:208} INFO - Processing /home/airflow/.local/lib/python3.12/site-packages/airflow/example_dags/example_task_group_decorator.py took 0.076 seconds
[2026-05-08T21:32:25.023+0000] {processor.py:186} INFO - Started process (PID=7693) to work on /home/airflow/.local/lib/python3.12/site-packages/airflow/example_dags/example_task_group_decorator.py
[2026-05-08T21:32:25.024+0000] {processor.py:914} INFO - Processing file /home/airflow/.local/lib/python3.12/site-packages/airflow/example_dags/example_task_group_decorator.py for tasks to queue
[2026-05-08T21:32:25.026+0000] {logging_mixin.py:190} INFO - [2026-05-08T21:32:25.026+0000] {dagbag.py:588} INFO - Filling up the DagBag from /home/airflow/.local/lib/python3.12/site-packages/airflow/example_dags/example_task_group_decorator.py
[2026-05-08T21:32:25.045+0000] {processor.py:925} INFO - DAG(s) 'example_task_group_decorator' retrieved from /home/airflow/.local/lib/python3.12/site-packages/airflow/example_dags/example_task_group_decorator.py
[2026-05-08T21:32:25.072+0000] {logging_mixin.py:190} INFO - [2026-05-08T21:32:25.072+0000] {dag.py:3239} INFO - Sync 1 DAGs
[2026-05-08T21:32:25.083+0000] {logging_mixin.py:190} INFO - [2026-05-08T21:32:25.083+0000] {dag.py:4180} INFO - Setting next_dagrun for example_task_group_decorator to None, run_after=None
[2026-05-08T21:32:25.105+0000] {processor.py:208} INFO - Processing /home/airflow/.local/lib/python3.12/site-packages/airflow/example_dags/example_task_group_decorator.py took 0.088 seconds
[2026-05-08T21:32:55.343+0000] {processor.py:186} INFO - Started process (PID=7756) to work on /home/airflow/.local/lib/python3.12/site-packages/airflow/example_dags/example_task_group_decorator.py
[2026-05-08T21:32:55.344+0000] {processor.py:914} INFO - Processing file /home/airflow/.local/lib/python3.12/site-packages/airflow/example_dags/example_task_group_decorator.py for tasks to queue
[2026-05-08T21:32:55.346+0000] {logging_mixin.py:190} INFO - [2026-05-08T21:32:55.345+0000] {dagbag.py:588} INFO - Filling up the DagBag from /home/airflow/.local/lib/python3.12/site-packages/airflow/example_dags/example_task_group_decorator.py
[2026-05-08T21:32:55.358+0000] {processor.py:925} INFO - DAG(s) 'example_task_group_decorator' retrieved from /home/airflow/.local/lib/python3.12/site-packages/airflow/example_dags/example_task_group_decorator.py
[2026-05-08T21:32:55.382+0000] {logging_mixin.py:190} INFO - [2026-05-08T21:32:55.382+0000] {dag.py:3239} INFO - Sync 1 DAGs
[2026-05-08T21:32:55.394+0000] {logging_mixin.py:190} INFO - [2026-05-08T21:32:55.394+0000] {dag.py:4180} INFO - Setting next_dagrun for example_task_group_decorator to None, run_after=None
[2026-05-08T21:32:55.407+0000] {processor.py:208} INFO - Processing /home/airflow/.local/lib/python3.12/site-packages/airflow/example_dags/example_task_group_decorator.py took 0.068 seconds
[2026-05-08T21:33:25.691+0000] {processor.py:186} INFO - Started process (PID=7819) to work on /home/airflow/.local/lib/python3.12/site-packages/airflow/example_dags/example_task_group_decorator.py
[2026-05-08T21:33:25.692+0000] {processor.py:914} INFO - Processing file /home/airflow/.local/lib/python3.12/site-packages/airflow/example_dags/example_task_group_decorator.py for tasks to queue
[2026-05-08T21:33:25.693+0000] {logging_mixin.py:190} INFO - [2026-05-08T21:33:25.693+0000] {dagbag.py:588} INFO - Filling up the DagBag from /home/airflow/.local/lib/python3.12/site-packages/airflow/example_dags/example_task_group_decorator.py
[2026-05-08T21:33:25.706+0000] {processor.py:925} INFO - DAG(s) 'example_task_group_decorator' retrieved from /home/airflow/.local/lib/python3.12/site-packages/airflow/example_dags/example_task_group_decorator.py
[2026-05-08T21:33:25.726+0000] {logging_mixin.py:190} INFO - [2026-05-08T21:33:25.726+0000] {dag.py:3239} INFO - Sync 1 DAGs
[2026-05-08T21:33:25.737+0000] {logging_mixin.py:190} INFO - [2026-05-08T21:33:25.737+0000] {dag.py:4180} INFO - Setting next_dagrun for example_task_group_decorator to None, run_after=None
[2026-05-08T21:33:25.750+0000] {processor.py:208} INFO - Processing /home/airflow/.local/lib/python3.12/site-packages/airflow/example_dags/example_task_group_decorator.py took 0.063 seconds
[2026-05-08T21:33:56.310+0000] {processor.py:186} INFO - Started process (PID=7883) to work on /home/airflow/.local/lib/python3.12/site-packages/airflow/example_dags/example_task_group_decorator.py
[2026-05-08T21:33:56.311+0000] {processor.py:914} INFO - Processing file /home/airflow/.local/lib/python3.12/site-packages/airflow/example_dags/example_task_group_decorator.py for tasks to queue
[2026-05-08T21:33:56.312+0000] {logging_mixin.py:190} INFO - [2026-05-08T21:33:56.312+0000] {dagbag.py:588} INFO - Filling up the DagBag from /home/airflow/.local/lib/python3.12/site-packages/airflow/example_dags/example_task_group_decorator.py
[2026-05-08T21:33:56.325+0000] {processor.py:925} INFO - DAG(s) 'example_task_group_decorator' retrieved from /home/airflow/.local/lib/python3.12/site-packages/airflow/example_dags/example_task_group_decorator.py
[2026-05-08T21:33:56.345+0000] {logging_mixin.py:190} INFO - [2026-05-08T21:33:56.345+0000] {dag.py:3239} INFO - Sync 1 DAGs
[2026-05-08T21:33:56.362+0000] {logging_mixin.py:190} INFO - [2026-05-08T21:33:56.362+0000] {dag.py:4180} INFO - Setting next_dagrun for example_task_group_decorator to None, run_after=None
[2026-05-08T21:33:56.375+0000] {processor.py:208} INFO - Processing /home/airflow/.local/lib/python3.12/site-packages/airflow/example_dags/example_task_group_decorator.py took 0.070 seconds
[2026-05-08T21:34:27.267+0000] {processor.py:186} INFO - Started process (PID=7947) to work on /home/airflow/.local/lib/python3.12/site-packages/airflow/example_dags/example_task_group_decorator.py
[2026-05-08T21:34:27.268+0000] {processor.py:914} INFO - Processing file /home/airflow/.local/lib/python3.12/site-packages/airflow/example_dags/example_task_group_decorator.py for tasks to queue
[2026-05-08T21:34:27.270+0000] {logging_mixin.py:190} INFO - [2026-05-08T21:34:27.269+0000] {dagbag.py:588} INFO - Filling up the DagBag from /home/airflow/.local/lib/python3.12/site-packages/airflow/example_dags/example_task_group_decorator.py
[2026-05-08T21:34:27.288+0000] {processor.py:925} INFO - DAG(s) 'example_task_group_decorator' retrieved from /home/airflow/.local/lib/python3.12/site-packages/airflow/example_dags/example_task_group_decorator.py
[2026-05-08T21:34:27.314+0000] {logging_mixin.py:190} INFO - [2026-05-08T21:34:27.314+0000] {dag.py:3239} INFO - Sync 1 DAGs
[2026-05-08T21:34:27.331+0000] {logging_mixin.py:190} INFO - [2026-05-08T21:34:27.331+0000] {dag.py:4180} INFO - Setting next_dagrun for example_task_group_decorator to None, run_after=None
[2026-05-08T21:34:27.349+0000] {processor.py:208} INFO - Processing /home/airflow/.local/lib/python3.12/site-packages/airflow/example_dags/example_task_group_decorator.py took 0.088 seconds
[2026-05-08T21:34:57.650+0000] {processor.py:186} INFO - Started process (PID=8011) to work on /home/airflow/.local/lib/python3.12/site-packages/airflow/example_dags/example_task_group_decorator.py
[2026-05-08T21:34:57.651+0000] {processor.py:914} INFO - Processing file /home/airflow/.local/lib/python3.12/site-packages/airflow/example_dags/example_task_group_decorator.py for tasks to queue
[2026-05-08T21:34:57.652+0000] {logging_mixin.py:190} INFO - [2026-05-08T21:34:57.652+0000] {dagbag.py:588} INFO - Filling up the DagBag from /home/airflow/.local/lib/python3.12/site-packages/airflow/example_dags/example_task_group_decorator.py
[2026-05-08T21:34:57.665+0000] {processor.py:925} INFO - DAG(s) 'example_task_group_decorator' retrieved from /home/airflow/.local/lib/python3.12/site-packages/airflow/example_dags/example_task_group_decorator.py
[2026-05-08T21:34:57.684+0000] {logging_mixin.py:190} INFO - [2026-05-08T21:34:57.684+0000] {dag.py:3239} INFO - Sync 1 DAGs
[2026-05-08T21:34:57.695+0000] {logging_mixin.py:190} INFO - [2026-05-08T21:34:57.694+0000] {dag.py:4180} INFO - Setting next_dagrun for example_task_group_decorator to None, run_after=None
[2026-05-08T21:34:57.707+0000] {processor.py:208} INFO - Processing /home/airflow/.local/lib/python3.12/site-packages/airflow/example_dags/example_task_group_decorator.py took 0.063 seconds
[2026-05-08T21:35:27.883+0000] {processor.py:186} INFO - Started process (PID=8075) to work on /home/airflow/.local/lib/python3.12/site-packages/airflow/example_dags/example_task_group_decorator.py
[2026-05-08T21:35:27.884+0000] {processor.py:914} INFO - Processing file /home/airflow/.local/lib/python3.12/site-packages/airflow/example_dags/example_task_group_decorator.py for tasks to queue
[2026-05-08T21:35:27.885+0000] {logging_mixin.py:190} INFO - [2026-05-08T21:35:27.885+0000] {dagbag.py:588} INFO - Filling up the DagBag from /home/airflow/.local/lib/python3.12/site-packages/airflow/example_dags/example_task_group_decorator.py
[2026-05-08T21:35:27.898+0000] {processor.py:925} INFO - DAG(s) 'example_task_group_decorator' retrieved from /home/airflow/.local/lib/python3.12/site-packages/airflow/example_dags/example_task_group_decorator.py
[2026-05-08T21:35:27.918+0000] {logging_mixin.py:190} INFO - [2026-05-08T21:35:27.918+0000] {dag.py:3239} INFO - Sync 1 DAGs
[2026-05-08T21:35:27.929+0000] {logging_mixin.py:190} INFO - [2026-05-08T21:35:27.929+0000] {dag.py:4180} INFO - Setting next_dagrun for example_task_group_decorator to None, run_after=None
[2026-05-08T21:35:27.942+0000] {processor.py:208} INFO - Processing /home/airflow/.local/lib/python3.12/site-packages/airflow/example_dags/example_task_group_decorator.py took 0.063 seconds
[2026-05-08T21:35:58.160+0000] {processor.py:186} INFO - Started process (PID=8139) to work on /home/airflow/.local/lib/python3.12/site-packages/airflow/example_dags/example_task_group_decorator.py
[2026-05-08T21:35:58.161+0000] {processor.py:914} INFO - Processing file /home/airflow/.local/lib/python3.12/site-packages/airflow/example_dags/example_task_group_decorator.py for tasks to queue
[2026-05-08T21:35:58.163+0000] {logging_mixin.py:190} INFO - [2026-05-08T21:35:58.162+0000] {dagbag.py:588} INFO - Filling up the DagBag from /home/airflow/.local/lib/python3.12/site-packages/airflow/example_dags/example_task_group_decorator.py
[2026-05-08T21:35:58.176+0000] {processor.py:925} INFO - DAG(s) 'example_task_group_decorator' retrieved from /home/airflow/.local/lib/python3.12/site-packages/airflow/example_dags/example_task_group_decorator.py
[2026-05-08T21:35:58.195+0000] {logging_mixin.py:190} INFO - [2026-05-08T21:35:58.195+0000] {dag.py:3239} INFO - Sync 1 DAGs
[2026-05-08T21:35:58.207+0000] {logging_mixin.py:190} INFO - [2026-05-08T21:35:58.207+0000] {dag.py:4180} INFO - Setting next_dagrun for example_task_group_decorator to None, run_after=None
[2026-05-08T21:35:58.221+0000] {processor.py:208} INFO - Processing /home/airflow/.local/lib/python3.12/site-packages/airflow/example_dags/example_task_group_decorator.py took 0.066 seconds
[2026-05-08T21:36:28.539+0000] {processor.py:186} INFO - Started process (PID=8203) to work on /home/airflow/.local/lib/python3.12/site-packages/airflow/example_dags/example_task_group_decorator.py
[2026-05-08T21:36:28.540+0000] {processor.py:914} INFO - Processing file /home/airflow/.local/lib/python3.12/site-packages/airflow/example_dags/example_task_group_decorator.py for tasks to queue
[2026-05-08T21:36:28.542+0000] {logging_mixin.py:190} INFO - [2026-05-08T21:36:28.542+0000] {dagbag.py:588} INFO - Filling up the DagBag from /home/airflow/.local/lib/python3.12/site-packages/airflow/example_dags/example_task_group_decorator.py
[2026-05-08T21:36:28.555+0000] {processor.py:925} INFO - DAG(s) 'example_task_group_decorator' retrieved from /home/airflow/.local/lib/python3.12/site-packages/airflow/example_dags/example_task_group_decorator.py
[2026-05-08T21:36:28.574+0000] {logging_mixin.py:190} INFO - [2026-05-08T21:36:28.574+0000] {dag.py:3239} INFO - Sync 1 DAGs
[2026-05-08T21:36:28.586+0000] {logging_mixin.py:190} INFO - [2026-05-08T21:36:28.585+0000] {dag.py:4180} INFO - Setting next_dagrun for example_task_group_decorator to None, run_after=None
[2026-05-08T21:36:28.599+0000] {processor.py:208} INFO - Processing /home/airflow/.local/lib/python3.12/site-packages/airflow/example_dags/example_task_group_decorator.py took 0.066 seconds
[2026-05-08T21:36:58.686+0000] {processor.py:186} INFO - Started process (PID=8267) to work on /home/airflow/.local/lib/python3.12/site-packages/airflow/example_dags/example_task_group_decorator.py
[2026-05-08T21:36:58.687+0000] {processor.py:914} INFO - Processing file /home/airflow/.local/lib/python3.12/site-packages/airflow/example_dags/example_task_group_decorator.py for tasks to queue
[2026-05-08T21:36:58.688+0000] {logging_mixin.py:190} INFO - [2026-05-08T21:36:58.688+0000] {dagbag.py:588} INFO - Filling up the DagBag from /home/airflow/.local/lib/python3.12/site-packages/airflow/example_dags/example_task_group_decorator.py
[2026-05-08T21:36:58.700+0000] {processor.py:925} INFO - DAG(s) 'example_task_group_decorator' retrieved from /home/airflow/.local/lib/python3.12/site-packages/airflow/example_dags/example_task_group_decorator.py
[2026-05-08T21:36:58.719+0000] {logging_mixin.py:190} INFO - [2026-05-08T21:36:58.719+0000] {dag.py:3239} INFO - Sync 1 DAGs
[2026-05-08T21:36:58.730+0000] {logging_mixin.py:190} INFO - [2026-05-08T21:36:58.730+0000] {dag.py:4180} INFO - Setting next_dagrun for example_task_group_decorator to None, run_after=None
[2026-05-08T21:36:58.743+0000] {processor.py:208} INFO - Processing /home/airflow/.local/lib/python3.12/site-packages/airflow/example_dags/example_task_group_decorator.py took 0.062 seconds
[2026-05-08T21:37:29.167+0000] {processor.py:186} INFO - Started process (PID=8331) to work on /home/airflow/.local/lib/python3.12/site-packages/airflow/example_dags/example_task_group_decorator.py
[2026-05-08T21:37:29.167+0000] {processor.py:914} INFO - Processing file /home/airflow/.local/lib/python3.12/site-packages/airflow/example_dags/example_task_group_decorator.py for tasks to queue
[2026-05-08T21:37:29.170+0000] {logging_mixin.py:190} INFO - [2026-05-08T21:37:29.169+0000] {dagbag.py:588} INFO - Filling up the DagBag from /home/airflow/.local/lib/python3.12/site-packages/airflow/example_dags/example_task_group_decorator.py
[2026-05-08T21:37:29.185+0000] {processor.py:925} INFO - DAG(s) 'example_task_group_decorator' retrieved from /home/airflow/.local/lib/python3.12/site-packages/airflow/example_dags/example_task_group_decorator.py
[2026-05-08T21:37:29.212+0000] {logging_mixin.py:190} INFO - [2026-05-08T21:37:29.212+0000] {dag.py:3239} INFO - Sync 1 DAGs
[2026-05-08T21:37:29.229+0000] {logging_mixin.py:190} INFO - [2026-05-08T21:37:29.228+0000] {dag.py:4180} INFO - Setting next_dagrun for example_task_group_decorator to None, run_after=None
[2026-05-08T21:37:29.246+0000] {processor.py:208} INFO - Processing /home/airflow/.local/lib/python3.12/site-packages/airflow/example_dags/example_task_group_decorator.py took 0.086 seconds
[2026-05-08T21:37:59.971+0000] {processor.py:186} INFO - Started process (PID=8395) to work on /home/airflow/.local/lib/python3.12/site-packages/airflow/example_dags/example_task_group_decorator.py
[2026-05-08T21:37:59.972+0000] {processor.py:914} INFO - Processing file /home/airflow/.local/lib/python3.12/site-packages/airflow/example_dags/example_task_group_decorator.py for tasks to queue
[2026-05-08T21:37:59.974+0000] {logging_mixin.py:190} INFO - [2026-05-08T21:37:59.973+0000] {dagbag.py:588} INFO - Filling up the DagBag from /home/airflow/.local/lib/python3.12/site-packages/airflow/example_dags/example_task_group_decorator.py
[2026-05-08T21:37:59.986+0000] {processor.py:925} INFO - DAG(s) 'example_task_group_decorator' retrieved from /home/airflow/.local/lib/python3.12/site-packages/airflow/example_dags/example_task_group_decorator.py
[2026-05-08T21:38:00.005+0000] {logging_mixin.py:190} INFO - [2026-05-08T21:38:00.005+0000] {dag.py:3239} INFO - Sync 1 DAGs
[2026-05-08T21:38:00.016+0000] {logging_mixin.py:190} INFO - [2026-05-08T21:38:00.016+0000] {dag.py:4180} INFO - Setting next_dagrun for example_task_group_decorator to None, run_after=None
[2026-05-08T21:38:00.029+0000] {processor.py:208} INFO - Processing /home/airflow/.local/lib/python3.12/site-packages/airflow/example_dags/example_task_group_decorator.py took 0.062 seconds
[2026-05-08T21:38:30.384+0000] {processor.py:186} INFO - Started process (PID=8459) to work on /home/airflow/.local/lib/python3.12/site-packages/airflow/example_dags/example_task_group_decorator.py
[2026-05-08T21:38:30.384+0000] {processor.py:914} INFO - Processing file /home/airflow/.local/lib/python3.12/site-packages/airflow/example_dags/example_task_group_decorator.py for tasks to queue
[2026-05-08T21:38:30.386+0000] {logging_mixin.py:190} INFO - [2026-05-08T21:38:30.386+0000] {dagbag.py:588} INFO - Filling up the DagBag from /home/airflow/.local/lib/python3.12/site-packages/airflow/example_dags/example_task_group_decorator.py
[2026-05-08T21:38:30.399+0000] {processor.py:925} INFO - DAG(s) 'example_task_group_decorator' retrieved from /home/airflow/.local/lib/python3.12/site-packages/airflow/example_dags/example_task_group_decorator.py
[2026-05-08T21:38:30.425+0000] {logging_mixin.py:190} INFO - [2026-05-08T21:38:30.425+0000] {dag.py:3239} INFO - Sync 1 DAGs
[2026-05-08T21:38:30.437+0000] {logging_mixin.py:190} INFO - [2026-05-08T21:38:30.437+0000] {dag.py:4180} INFO - Setting next_dagrun for example_task_group_decorator to None, run_after=None
[2026-05-08T21:38:30.450+0000] {processor.py:208} INFO - Processing /home/airflow/.local/lib/python3.12/site-packages/airflow/example_dags/example_task_group_decorator.py took 0.072 seconds
[2026-05-08T21:39:00.846+0000] {processor.py:186} INFO - Started process (PID=8523) to work on /home/airflow/.local/lib/python3.12/site-packages/airflow/example_dags/example_task_group_decorator.py
[2026-05-08T21:39:00.847+0000] {processor.py:914} INFO - Processing file /home/airflow/.local/lib/python3.12/site-packages/airflow/example_dags/example_task_group_decorator.py for tasks to queue
[2026-05-08T21:39:00.848+0000] {logging_mixin.py:190} INFO - [2026-05-08T21:39:00.848+0000] {dagbag.py:588} INFO - Filling up the DagBag from /home/airflow/.local/lib/python3.12/site-packages/airflow/example_dags/example_task_group_decorator.py
[2026-05-08T21:39:00.864+0000] {processor.py:925} INFO - DAG(s) 'example_task_group_decorator' retrieved from /home/airflow/.local/lib/python3.12/site-packages/airflow/example_dags/example_task_group_decorator.py
[2026-05-08T21:39:00.887+0000] {logging_mixin.py:190} INFO - [2026-05-08T21:39:00.886+0000] {dag.py:3239} INFO - Sync 1 DAGs
[2026-05-08T21:39:00.903+0000] {logging_mixin.py:190} INFO - [2026-05-08T21:39:00.903+0000] {dag.py:4180} INFO - Setting next_dagrun for example_task_group_decorator to None, run_after=None
[2026-05-08T21:39:00.921+0000] {processor.py:208} INFO - Processing /home/airflow/.local/lib/python3.12/site-packages/airflow/example_dags/example_task_group_decorator.py took 0.079 seconds
[2026-05-08T21:39:30.972+0000] {processor.py:186} INFO - Started process (PID=8587) to work on /home/airflow/.local/lib/python3.12/site-packages/airflow/example_dags/example_task_group_decorator.py
[2026-05-08T21:39:30.972+0000] {processor.py:914} INFO - Processing file /home/airflow/.local/lib/python3.12/site-packages/airflow/example_dags/example_task_group_decorator.py for tasks to queue
[2026-05-08T21:39:30.975+0000] {logging_mixin.py:190} INFO - [2026-05-08T21:39:30.974+0000] {dagbag.py:588} INFO - Filling up the DagBag from /home/airflow/.local/lib/python3.12/site-packages/airflow/example_dags/example_task_group_decorator.py
[2026-05-08T21:39:30.988+0000] {processor.py:925} INFO - DAG(s) 'example_task_group_decorator' retrieved from /home/airflow/.local/lib/python3.12/site-packages/airflow/example_dags/example_task_group_decorator.py
[2026-05-08T21:39:31.009+0000] {logging_mixin.py:190} INFO - [2026-05-08T21:39:31.009+0000] {dag.py:3239} INFO - Sync 1 DAGs
[2026-05-08T21:39:31.022+0000] {logging_mixin.py:190} INFO - [2026-05-08T21:39:31.022+0000] {dag.py:4180} INFO - Setting next_dagrun for example_task_group_decorator to None, run_after=None
[2026-05-08T21:39:31.036+0000] {processor.py:208} INFO - Processing /home/airflow/.local/lib/python3.12/site-packages/airflow/example_dags/example_task_group_decorator.py took 0.071 seconds
[2026-05-08T21:40:01.183+0000] {processor.py:186} INFO - Started process (PID=8651) to work on /home/airflow/.local/lib/python3.12/site-packages/airflow/example_dags/example_task_group_decorator.py
[2026-05-08T21:40:01.183+0000] {processor.py:914} INFO - Processing file /home/airflow/.local/lib/python3.12/site-packages/airflow/example_dags/example_task_group_decorator.py for tasks to queue
[2026-05-08T21:40:01.185+0000] {logging_mixin.py:190} INFO - [2026-05-08T21:40:01.184+0000] {dagbag.py:588} INFO - Filling up the DagBag from /home/airflow/.local/lib/python3.12/site-packages/airflow/example_dags/example_task_group_decorator.py
[2026-05-08T21:40:01.197+0000] {processor.py:925} INFO - DAG(s) 'example_task_group_decorator' retrieved from /home/airflow/.local/lib/python3.12/site-packages/airflow/example_dags/example_task_group_decorator.py
[2026-05-08T21:40:01.216+0000] {logging_mixin.py:190} INFO - [2026-05-08T21:40:01.216+0000] {dag.py:3239} INFO - Sync 1 DAGs
[2026-05-08T21:40:01.227+0000] {logging_mixin.py:190} INFO - [2026-05-08T21:40:01.227+0000] {dag.py:4180} INFO - Setting next_dagrun for example_task_group_decorator to None, run_after=None
[2026-05-08T21:40:01.240+0000] {processor.py:208} INFO - Processing /home/airflow/.local/lib/python3.12/site-packages/airflow/example_dags/example_task_group_decorator.py took 0.062 seconds
[2026-05-08T21:40:31.684+0000] {processor.py:186} INFO - Started process (PID=8715) to work on /home/airflow/.local/lib/python3.12/site-packages/airflow/example_dags/example_task_group_decorator.py
[2026-05-08T21:40:31.685+0000] {processor.py:914} INFO - Processing file /home/airflow/.local/lib/python3.12/site-packages/airflow/example_dags/example_task_group_decorator.py for tasks to queue
[2026-05-08T21:40:31.687+0000] {logging_mixin.py:190} INFO - [2026-05-08T21:40:31.686+0000] {dagbag.py:588} INFO - Filling up the DagBag from /home/airflow/.local/lib/python3.12/site-packages/airflow/example_dags/example_task_group_decorator.py
[2026-05-08T21:40:31.700+0000] {processor.py:925} INFO - DAG(s) 'example_task_group_decorator' retrieved from /home/airflow/.local/lib/python3.12/site-packages/airflow/example_dags/example_task_group_decorator.py
[2026-05-08T21:40:31.724+0000] {logging_mixin.py:190} INFO - [2026-05-08T21:40:31.724+0000] {dag.py:3239} INFO - Sync 1 DAGs
[2026-05-08T21:40:31.736+0000] {logging_mixin.py:190} INFO - [2026-05-08T21:40:31.736+0000] {dag.py:4180} INFO - Setting next_dagrun for example_task_group_decorator to None, run_after=None
[2026-05-08T21:40:31.749+0000] {processor.py:208} INFO - Processing /home/airflow/.local/lib/python3.12/site-packages/airflow/example_dags/example_task_group_decorator.py took 0.071 seconds
[2026-05-08T21:41:01.950+0000] {processor.py:186} INFO - Started process (PID=8779) to work on /home/airflow/.local/lib/python3.12/site-packages/airflow/example_dags/example_task_group_decorator.py
[2026-05-08T21:41:01.950+0000] {processor.py:914} INFO - Processing file /home/airflow/.local/lib/python3.12/site-packages/airflow/example_dags/example_task_group_decorator.py for tasks to queue
[2026-05-08T21:41:01.953+0000] {logging_mixin.py:190} INFO - [2026-05-08T21:41:01.952+0000] {dagbag.py:588} INFO - Filling up the DagBag from /home/airflow/.local/lib/python3.12/site-packages/airflow/example_dags/example_task_group_decorator.py
[2026-05-08T21:41:01.966+0000] {processor.py:925} INFO - DAG(s) 'example_task_group_decorator' retrieved from /home/airflow/.local/lib/python3.12/site-packages/airflow/example_dags/example_task_group_decorator.py
[2026-05-08T21:41:01.986+0000] {logging_mixin.py:190} INFO - [2026-05-08T21:41:01.986+0000] {dag.py:3239} INFO - Sync 1 DAGs
[2026-05-08T21:41:01.997+0000] {logging_mixin.py:190} INFO - [2026-05-08T21:41:01.997+0000] {dag.py:4180} INFO - Setting next_dagrun for example_task_group_decorator to None, run_after=None
[2026-05-08T21:41:02.009+0000] {processor.py:208} INFO - Processing /home/airflow/.local/lib/python3.12/site-packages/airflow/example_dags/example_task_group_decorator.py took 0.064 seconds
[2026-05-08T21:41:32.651+0000] {processor.py:186} INFO - Started process (PID=8843) to work on /home/airflow/.local/lib/python3.12/site-packages/airflow/example_dags/example_task_group_decorator.py
[2026-05-08T21:41:32.652+0000] {processor.py:914} INFO - Processing file /home/airflow/.local/lib/python3.12/site-packages/airflow/example_dags/example_task_group_decorator.py for tasks to queue
[2026-05-08T21:41:32.653+0000] {logging_mixin.py:190} INFO - [2026-05-08T21:41:32.653+0000] {dagbag.py:588} INFO - Filling up the DagBag from /home/airflow/.local/lib/python3.12/site-packages/airflow/example_dags/example_task_group_decorator.py
[2026-05-08T21:41:32.666+0000] {processor.py:925} INFO - DAG(s) 'example_task_group_decorator' retrieved from /home/airflow/.local/lib/python3.12/site-packages/airflow/example_dags/example_task_group_decorator.py
[2026-05-08T21:41:32.686+0000] {logging_mixin.py:190} INFO - [2026-05-08T21:41:32.686+0000] {dag.py:3239} INFO - Sync 1 DAGs
[2026-05-08T21:41:32.697+0000] {logging_mixin.py:190} INFO - [2026-05-08T21:41:32.697+0000] {dag.py:4180} INFO - Setting next_dagrun for example_task_group_decorator to None, run_after=None
[2026-05-08T21:41:32.711+0000] {processor.py:208} INFO - Processing /home/airflow/.local/lib/python3.12/site-packages/airflow/example_dags/example_task_group_decorator.py took 0.064 seconds
[2026-05-08T21:42:03.057+0000] {processor.py:186} INFO - Started process (PID=8907) to work on /home/airflow/.local/lib/python3.12/site-packages/airflow/example_dags/example_task_group_decorator.py
[2026-05-08T21:42:03.057+0000] {processor.py:914} INFO - Processing file /home/airflow/.local/lib/python3.12/site-packages/airflow/example_dags/example_task_group_decorator.py for tasks to queue
[2026-05-08T21:42:03.059+0000] {logging_mixin.py:190} INFO - [2026-05-08T21:42:03.059+0000] {dagbag.py:588} INFO - Filling up the DagBag from /home/airflow/.local/lib/python3.12/site-packages/airflow/example_dags/example_task_group_decorator.py
[2026-05-08T21:42:03.077+0000] {processor.py:925} INFO - DAG(s) 'example_task_group_decorator' retrieved from /home/airflow/.local/lib/python3.12/site-packages/airflow/example_dags/example_task_group_decorator.py
[2026-05-08T21:42:03.103+0000] {logging_mixin.py:190} INFO - [2026-05-08T21:42:03.103+0000] {dag.py:3239} INFO - Sync 1 DAGs
[2026-05-08T21:42:03.119+0000] {logging_mixin.py:190} INFO - [2026-05-08T21:42:03.119+0000] {dag.py:4180} INFO - Setting next_dagrun for example_task_group_decorator to None, run_after=None
[2026-05-08T21:42:03.133+0000] {processor.py:208} INFO - Processing /home/airflow/.local/lib/python3.12/site-packages/airflow/example_dags/example_task_group_decorator.py took 0.083 seconds
[2026-05-08T21:42:33.816+0000] {processor.py:186} INFO - Started process (PID=8971) to work on /home/airflow/.local/lib/python3.12/site-packages/airflow/example_dags/example_task_group_decorator.py
[2026-05-08T21:42:33.817+0000] {processor.py:914} INFO - Processing file /home/airflow/.local/lib/python3.12/site-packages/airflow/example_dags/example_task_group_decorator.py for tasks to queue
[2026-05-08T21:42:33.818+0000] {logging_mixin.py:190} INFO - [2026-05-08T21:42:33.818+0000] {dagbag.py:588} INFO - Filling up the DagBag from /home/airflow/.local/lib/python3.12/site-packages/airflow/example_dags/example_task_group_decorator.py
[2026-05-08T21:42:33.831+0000] {processor.py:925} INFO - DAG(s) 'example_task_group_decorator' retrieved from /home/airflow/.local/lib/python3.12/site-packages/airflow/example_dags/example_task_group_decorator.py
[2026-05-08T21:42:33.850+0000] {logging_mixin.py:190} INFO - [2026-05-08T21:42:33.849+0000] {dag.py:3239} INFO - Sync 1 DAGs
[2026-05-08T21:42:33.861+0000] {logging_mixin.py:190} INFO - [2026-05-08T21:42:33.861+0000] {dag.py:4180} INFO - Setting next_dagrun for example_task_group_decorator to None, run_after=None
[2026-05-08T21:42:33.875+0000] {processor.py:208} INFO - Processing /home/airflow/.local/lib/python3.12/site-packages/airflow/example_dags/example_task_group_decorator.py took 0.063 seconds
[2026-05-08T21:43:04.632+0000] {processor.py:186} INFO - Started process (PID=9035) to work on /home/airflow/.local/lib/python3.12/site-packages/airflow/example_dags/example_task_group_decorator.py
[2026-05-08T21:43:04.633+0000] {processor.py:914} INFO - Processing file /home/airflow/.local/lib/python3.12/site-packages/airflow/example_dags/example_task_group_decorator.py for tasks to queue
[2026-05-08T21:43:04.635+0000] {logging_mixin.py:190} INFO - [2026-05-08T21:43:04.635+0000] {dagbag.py:588} INFO - Filling up the DagBag from /home/airflow/.local/lib/python3.12/site-packages/airflow/example_dags/example_task_group_decorator.py
[2026-05-08T21:43:04.650+0000] {processor.py:925} INFO - DAG(s) 'example_task_group_decorator' retrieved from /home/airflow/.local/lib/python3.12/site-packages/airflow/example_dags/example_task_group_decorator.py
[2026-05-08T21:43:04.679+0000] {logging_mixin.py:190} INFO - [2026-05-08T21:43:04.679+0000] {dag.py:3239} INFO - Sync 1 DAGs
[2026-05-08T21:43:04.693+0000] {logging_mixin.py:190} INFO - [2026-05-08T21:43:04.693+0000] {dag.py:4180} INFO - Setting next_dagrun for example_task_group_decorator to None, run_after=None
[2026-05-08T21:43:04.706+0000] {processor.py:208} INFO - Processing /home/airflow/.local/lib/python3.12/site-packages/airflow/example_dags/example_task_group_decorator.py took 0.080 seconds
[2026-05-08T21:43:35.171+0000] {processor.py:186} INFO - Started process (PID=9099) to work on /home/airflow/.local/lib/python3.12/site-packages/airflow/example_dags/example_task_group_decorator.py
[2026-05-08T21:43:35.172+0000] {processor.py:914} INFO - Processing file /home/airflow/.local/lib/python3.12/site-packages/airflow/example_dags/example_task_group_decorator.py for tasks to queue
[2026-05-08T21:43:35.174+0000] {logging_mixin.py:190} INFO - [2026-05-08T21:43:35.173+0000] {dagbag.py:588} INFO - Filling up the DagBag from /home/airflow/.local/lib/python3.12/site-packages/airflow/example_dags/example_task_group_decorator.py
[2026-05-08T21:43:35.186+0000] {processor.py:925} INFO - DAG(s) 'example_task_group_decorator' retrieved from /home/airflow/.local/lib/python3.12/site-packages/airflow/example_dags/example_task_group_decorator.py
[2026-05-08T21:43:35.205+0000] {logging_mixin.py:190} INFO - [2026-05-08T21:43:35.205+0000] {dag.py:3239} INFO - Sync 1 DAGs
[2026-05-08T21:43:35.216+0000] {logging_mixin.py:190} INFO - [2026-05-08T21:43:35.216+0000] {dag.py:4180} INFO - Setting next_dagrun for example_task_group_decorator to None, run_after=None
[2026-05-08T21:43:35.228+0000] {processor.py:208} INFO - Processing /home/airflow/.local/lib/python3.12/site-packages/airflow/example_dags/example_task_group_decorator.py took 0.063 seconds
[2026-05-08T21:44:05.781+0000] {processor.py:186} INFO - Started process (PID=9163) to work on /home/airflow/.local/lib/python3.12/site-packages/airflow/example_dags/example_task_group_decorator.py
[2026-05-08T21:44:05.781+0000] {processor.py:914} INFO - Processing file /home/airflow/.local/lib/python3.12/site-packages/airflow/example_dags/example_task_group_decorator.py for tasks to queue
[2026-05-08T21:44:05.783+0000] {logging_mixin.py:190} INFO - [2026-05-08T21:44:05.783+0000] {dagbag.py:588} INFO - Filling up the DagBag from /home/airflow/.local/lib/python3.12/site-packages/airflow/example_dags/example_task_group_decorator.py
[2026-05-08T21:44:05.797+0000] {processor.py:925} INFO - DAG(s) 'example_task_group_decorator' retrieved from /home/airflow/.local/lib/python3.12/site-packages/airflow/example_dags/example_task_group_decorator.py
[2026-05-08T21:44:05.816+0000] {logging_mixin.py:190} INFO - [2026-05-08T21:44:05.816+0000] {dag.py:3239} INFO - Sync 1 DAGs
[2026-05-08T21:44:05.827+0000] {logging_mixin.py:190} INFO - [2026-05-08T21:44:05.827+0000] {dag.py:4180} INFO - Setting next_dagrun for example_task_group_decorator to None, run_after=None
[2026-05-08T21:44:05.841+0000] {processor.py:208} INFO - Processing /home/airflow/.local/lib/python3.12/site-packages/airflow/example_dags/example_task_group_decorator.py took 0.067 seconds
[2026-05-08T21:44:36.421+0000] {processor.py:186} INFO - Started process (PID=9227) to work on /home/airflow/.local/lib/python3.12/site-packages/airflow/example_dags/example_task_group_decorator.py
[2026-05-08T21:44:36.422+0000] {processor.py:914} INFO - Processing file /home/airflow/.local/lib/python3.12/site-packages/airflow/example_dags/example_task_group_decorator.py for tasks to queue
[2026-05-08T21:44:36.424+0000] {logging_mixin.py:190} INFO - [2026-05-08T21:44:36.423+0000] {dagbag.py:588} INFO - Filling up the DagBag from /home/airflow/.local/lib/python3.12/site-packages/airflow/example_dags/example_task_group_decorator.py
[2026-05-08T21:44:36.436+0000] {processor.py:925} INFO - DAG(s) 'example_task_group_decorator' retrieved from /home/airflow/.local/lib/python3.12/site-packages/airflow/example_dags/example_task_group_decorator.py
[2026-05-08T21:44:36.457+0000] {logging_mixin.py:190} INFO - [2026-05-08T21:44:36.457+0000] {dag.py:3239} INFO - Sync 1 DAGs
[2026-05-08T21:44:36.474+0000] {logging_mixin.py:190} INFO - [2026-05-08T21:44:36.473+0000] {dag.py:4180} INFO - Setting next_dagrun for example_task_group_decorator to None, run_after=None
[2026-05-08T21:44:36.493+0000] {processor.py:208} INFO - Processing /home/airflow/.local/lib/python3.12/site-packages/airflow/example_dags/example_task_group_decorator.py took 0.077 seconds
[2026-05-08T21:45:06.538+0000] {processor.py:186} INFO - Started process (PID=9291) to work on /home/airflow/.local/lib/python3.12/site-packages/airflow/example_dags/example_task_group_decorator.py
[2026-05-08T21:45:06.539+0000] {processor.py:914} INFO - Processing file /home/airflow/.local/lib/python3.12/site-packages/airflow/example_dags/example_task_group_decorator.py for tasks to queue
[2026-05-08T21:45:06.541+0000] {logging_mixin.py:190} INFO - [2026-05-08T21:45:06.540+0000] {dagbag.py:588} INFO - Filling up the DagBag from /home/airflow/.local/lib/python3.12/site-packages/airflow/example_dags/example_task_group_decorator.py
[2026-05-08T21:45:06.553+0000] {processor.py:925} INFO - DAG(s) 'example_task_group_decorator' retrieved from /home/airflow/.local/lib/python3.12/site-packages/airflow/example_dags/example_task_group_decorator.py
[2026-05-08T21:45:06.577+0000] {logging_mixin.py:190} INFO - [2026-05-08T21:45:06.577+0000] {dag.py:3239} INFO - Sync 1 DAGs
[2026-05-08T21:45:06.588+0000] {logging_mixin.py:190} INFO - [2026-05-08T21:45:06.588+0000] {dag.py:4180} INFO - Setting next_dagrun for example_task_group_decorator to None, run_after=None
[2026-05-08T21:45:06.601+0000] {processor.py:208} INFO - Processing /home/airflow/.local/lib/python3.12/site-packages/airflow/example_dags/example_task_group_decorator.py took 0.067 seconds
[2026-05-08T21:45:37.140+0000] {processor.py:186} INFO - Started process (PID=9355) to work on /home/airflow/.local/lib/python3.12/site-packages/airflow/example_dags/example_task_group_decorator.py
[2026-05-08T21:45:37.140+0000] {processor.py:914} INFO - Processing file /home/airflow/.local/lib/python3.12/site-packages/airflow/example_dags/example_task_group_decorator.py for tasks to queue
[2026-05-08T21:45:37.143+0000] {logging_mixin.py:190} INFO - [2026-05-08T21:45:37.143+0000] {dagbag.py:588} INFO - Filling up the DagBag from /home/airflow/.local/lib/python3.12/site-packages/airflow/example_dags/example_task_group_decorator.py
[2026-05-08T21:45:37.202+0000] {processor.py:925} INFO - DAG(s) 'example_task_group_decorator' retrieved from /home/airflow/.local/lib/python3.12/site-packages/airflow/example_dags/example_task_group_decorator.py
[2026-05-08T21:45:37.252+0000] {logging_mixin.py:190} INFO - [2026-05-08T21:45:37.252+0000] {dag.py:3239} INFO - Sync 1 DAGs
[2026-05-08T21:45:37.268+0000] {logging_mixin.py:190} INFO - [2026-05-08T21:45:37.268+0000] {dag.py:4180} INFO - Setting next_dagrun for example_task_group_decorator to None, run_after=None
[2026-05-08T21:45:37.288+0000] {processor.py:208} INFO - Processing /home/airflow/.local/lib/python3.12/site-packages/airflow/example_dags/example_task_group_decorator.py took 0.158 seconds
[2026-05-08T21:46:07.785+0000] {processor.py:186} INFO - Started process (PID=9419) to work on /home/airflow/.local/lib/python3.12/site-packages/airflow/example_dags/example_task_group_decorator.py
[2026-05-08T21:46:07.786+0000] {processor.py:914} INFO - Processing file /home/airflow/.local/lib/python3.12/site-packages/airflow/example_dags/example_task_group_decorator.py for tasks to queue
[2026-05-08T21:46:07.788+0000] {logging_mixin.py:190} INFO - [2026-05-08T21:46:07.788+0000] {dagbag.py:588} INFO - Filling up the DagBag from /home/airflow/.local/lib/python3.12/site-packages/airflow/example_dags/example_task_group_decorator.py
[2026-05-08T21:46:07.805+0000] {processor.py:925} INFO - DAG(s) 'example_task_group_decorator' retrieved from /home/airflow/.local/lib/python3.12/site-packages/airflow/example_dags/example_task_group_decorator.py
[2026-05-08T21:46:07.834+0000] {logging_mixin.py:190} INFO - [2026-05-08T21:46:07.834+0000] {dag.py:3239} INFO - Sync 1 DAGs
[2026-05-08T21:46:07.851+0000] {logging_mixin.py:190} INFO - [2026-05-08T21:46:07.850+0000] {dag.py:4180} INFO - Setting next_dagrun for example_task_group_decorator to None, run_after=None
[2026-05-08T21:46:07.869+0000] {processor.py:208} INFO - Processing /home/airflow/.local/lib/python3.12/site-packages/airflow/example_dags/example_task_group_decorator.py took 0.090 seconds
[2026-05-08T21:46:38.456+0000] {processor.py:186} INFO - Started process (PID=9489) to work on /home/airflow/.local/lib/python3.12/site-packages/airflow/example_dags/example_task_group_decorator.py
[2026-05-08T21:46:38.457+0000] {processor.py:914} INFO - Processing file /home/airflow/.local/lib/python3.12/site-packages/airflow/example_dags/example_task_group_decorator.py for tasks to queue
[2026-05-08T21:46:38.459+0000] {logging_mixin.py:190} INFO - [2026-05-08T21:46:38.459+0000] {dagbag.py:588} INFO - Filling up the DagBag from /home/airflow/.local/lib/python3.12/site-packages/airflow/example_dags/example_task_group_decorator.py
[2026-05-08T21:46:38.480+0000] {processor.py:925} INFO - DAG(s) 'example_task_group_decorator' retrieved from /home/airflow/.local/lib/python3.12/site-packages/airflow/example_dags/example_task_group_decorator.py
[2026-05-08T21:46:38.525+0000] {logging_mixin.py:190} INFO - [2026-05-08T21:46:38.524+0000] {dag.py:3239} INFO - Sync 1 DAGs
[2026-05-08T21:46:38.544+0000] {logging_mixin.py:190} INFO - [2026-05-08T21:46:38.544+0000] {dag.py:4180} INFO - Setting next_dagrun for example_task_group_decorator to None, run_after=None
[2026-05-08T21:46:38.562+0000] {processor.py:208} INFO - Processing /home/airflow/.local/lib/python3.12/site-packages/airflow/example_dags/example_task_group_decorator.py took 0.112 seconds
[2026-05-08T21:47:09.136+0000] {processor.py:186} INFO - Started process (PID=9553) to work on /home/airflow/.local/lib/python3.12/site-packages/airflow/example_dags/example_task_group_decorator.py
[2026-05-08T21:47:09.136+0000] {processor.py:914} INFO - Processing file /home/airflow/.local/lib/python3.12/site-packages/airflow/example_dags/example_task_group_decorator.py for tasks to queue
[2026-05-08T21:47:09.138+0000] {logging_mixin.py:190} INFO - [2026-05-08T21:47:09.138+0000] {dagbag.py:588} INFO - Filling up the DagBag from /home/airflow/.local/lib/python3.12/site-packages/airflow/example_dags/example_task_group_decorator.py
[2026-05-08T21:47:09.150+0000] {processor.py:925} INFO - DAG(s) 'example_task_group_decorator' retrieved from /home/airflow/.local/lib/python3.12/site-packages/airflow/example_dags/example_task_group_decorator.py
[2026-05-08T21:47:09.169+0000] {logging_mixin.py:190} INFO - [2026-05-08T21:47:09.169+0000] {dag.py:3239} INFO - Sync 1 DAGs
[2026-05-08T21:47:09.180+0000] {logging_mixin.py:190} INFO - [2026-05-08T21:47:09.180+0000] {dag.py:4180} INFO - Setting next_dagrun for example_task_group_decorator to None, run_after=None
[2026-05-08T21:47:09.194+0000] {processor.py:208} INFO - Processing /home/airflow/.local/lib/python3.12/site-packages/airflow/example_dags/example_task_group_decorator.py took 0.063 seconds
[2026-05-08T21:47:39.710+0000] {processor.py:186} INFO - Started process (PID=9617) to work on /home/airflow/.local/lib/python3.12/site-packages/airflow/example_dags/example_task_group_decorator.py
[2026-05-08T21:47:39.711+0000] {processor.py:914} INFO - Processing file /home/airflow/.local/lib/python3.12/site-packages/airflow/example_dags/example_task_group_decorator.py for tasks to queue
[2026-05-08T21:47:39.713+0000] {logging_mixin.py:190} INFO - [2026-05-08T21:47:39.712+0000] {dagbag.py:588} INFO - Filling up the DagBag from /home/airflow/.local/lib/python3.12/site-packages/airflow/example_dags/example_task_group_decorator.py
[2026-05-08T21:47:39.725+0000] {processor.py:925} INFO - DAG(s) 'example_task_group_decorator' retrieved from /home/airflow/.local/lib/python3.12/site-packages/airflow/example_dags/example_task_group_decorator.py
[2026-05-08T21:47:39.748+0000] {logging_mixin.py:190} INFO - [2026-05-08T21:47:39.748+0000] {dag.py:3239} INFO - Sync 1 DAGs
[2026-05-08T21:47:39.761+0000] {logging_mixin.py:190} INFO - [2026-05-08T21:47:39.761+0000] {dag.py:4180} INFO - Setting next_dagrun for example_task_group_decorator to None, run_after=None
[2026-05-08T21:47:39.778+0000] {processor.py:208} INFO - Processing /home/airflow/.local/lib/python3.12/site-packages/airflow/example_dags/example_task_group_decorator.py took 0.073 seconds
[2026-05-08T21:48:10.338+0000] {processor.py:186} INFO - Started process (PID=9681) to work on /home/airflow/.local/lib/python3.12/site-packages/airflow/example_dags/example_task_group_decorator.py
[2026-05-08T21:48:10.339+0000] {processor.py:914} INFO - Processing file /home/airflow/.local/lib/python3.12/site-packages/airflow/example_dags/example_task_group_decorator.py for tasks to queue
[2026-05-08T21:48:10.341+0000] {logging_mixin.py:190} INFO - [2026-05-08T21:48:10.341+0000] {dagbag.py:588} INFO - Filling up the DagBag from /home/airflow/.local/lib/python3.12/site-packages/airflow/example_dags/example_task_group_decorator.py
[2026-05-08T21:48:10.355+0000] {processor.py:925} INFO - DAG(s) 'example_task_group_decorator' retrieved from /home/airflow/.local/lib/python3.12/site-packages/airflow/example_dags/example_task_group_decorator.py
[2026-05-08T21:48:10.384+0000] {logging_mixin.py:190} INFO - [2026-05-08T21:48:10.384+0000] {dag.py:3239} INFO - Sync 1 DAGs
[2026-05-08T21:48:10.399+0000] {logging_mixin.py:190} INFO - [2026-05-08T21:48:10.399+0000] {dag.py:4180} INFO - Setting next_dagrun for example_task_group_decorator to None, run_after=None
[2026-05-08T21:48:10.416+0000] {processor.py:208} INFO - Processing /home/airflow/.local/lib/python3.12/site-packages/airflow/example_dags/example_task_group_decorator.py took 0.083 seconds
[2026-05-08T21:48:40.776+0000] {processor.py:186} INFO - Started process (PID=9745) to work on /home/airflow/.local/lib/python3.12/site-packages/airflow/example_dags/example_task_group_decorator.py
[2026-05-08T21:48:40.777+0000] {processor.py:914} INFO - Processing file /home/airflow/.local/lib/python3.12/site-packages/airflow/example_dags/example_task_group_decorator.py for tasks to queue
[2026-05-08T21:48:40.779+0000] {logging_mixin.py:190} INFO - [2026-05-08T21:48:40.778+0000] {dagbag.py:588} INFO - Filling up the DagBag from /home/airflow/.local/lib/python3.12/site-packages/airflow/example_dags/example_task_group_decorator.py
[2026-05-08T21:48:40.793+0000] {processor.py:925} INFO - DAG(s) 'example_task_group_decorator' retrieved from /home/airflow/.local/lib/python3.12/site-packages/airflow/example_dags/example_task_group_decorator.py
[2026-05-08T21:48:40.813+0000] {logging_mixin.py:190} INFO - [2026-05-08T21:48:40.812+0000] {dag.py:3239} INFO - Sync 1 DAGs
[2026-05-08T21:48:40.824+0000] {logging_mixin.py:190} INFO - [2026-05-08T21:48:40.824+0000] {dag.py:4180} INFO - Setting next_dagrun for example_task_group_decorator to None, run_after=None
[2026-05-08T21:48:40.838+0000] {processor.py:208} INFO - Processing /home/airflow/.local/lib/python3.12/site-packages/airflow/example_dags/example_task_group_decorator.py took 0.068 seconds
[2026-05-08T21:49:11.413+0000] {processor.py:186} INFO - Started process (PID=9809) to work on /home/airflow/.local/lib/python3.12/site-packages/airflow/example_dags/example_task_group_decorator.py
[2026-05-08T21:49:11.413+0000] {processor.py:914} INFO - Processing file /home/airflow/.local/lib/python3.12/site-packages/airflow/example_dags/example_task_group_decorator.py for tasks to queue
[2026-05-08T21:49:11.415+0000] {logging_mixin.py:190} INFO - [2026-05-08T21:49:11.415+0000] {dagbag.py:588} INFO - Filling up the DagBag from /home/airflow/.local/lib/python3.12/site-packages/airflow/example_dags/example_task_group_decorator.py
[2026-05-08T21:49:11.428+0000] {processor.py:925} INFO - DAG(s) 'example_task_group_decorator' retrieved from /home/airflow/.local/lib/python3.12/site-packages/airflow/example_dags/example_task_group_decorator.py
[2026-05-08T21:49:11.451+0000] {logging_mixin.py:190} INFO - [2026-05-08T21:49:11.450+0000] {dag.py:3239} INFO - Sync 1 DAGs
[2026-05-08T21:49:11.463+0000] {logging_mixin.py:190} INFO - [2026-05-08T21:49:11.463+0000] {dag.py:4180} INFO - Setting next_dagrun for example_task_group_decorator to None, run_after=None
[2026-05-08T21:49:11.476+0000] {processor.py:208} INFO - Processing /home/airflow/.local/lib/python3.12/site-packages/airflow/example_dags/example_task_group_decorator.py took 0.068 seconds
[2026-05-08T21:49:41.975+0000] {processor.py:186} INFO - Started process (PID=9873) to work on /home/airflow/.local/lib/python3.12/site-packages/airflow/example_dags/example_task_group_decorator.py
[2026-05-08T21:49:41.976+0000] {processor.py:914} INFO - Processing file /home/airflow/.local/lib/python3.12/site-packages/airflow/example_dags/example_task_group_decorator.py for tasks to queue
[2026-05-08T21:49:41.978+0000] {logging_mixin.py:190} INFO - [2026-05-08T21:49:41.977+0000] {dagbag.py:588} INFO - Filling up the DagBag from /home/airflow/.local/lib/python3.12/site-packages/airflow/example_dags/example_task_group_decorator.py
[2026-05-08T21:49:41.990+0000] {processor.py:925} INFO - DAG(s) 'example_task_group_decorator' retrieved from /home/airflow/.local/lib/python3.12/site-packages/airflow/example_dags/example_task_group_decorator.py
[2026-05-08T21:49:42.010+0000] {logging_mixin.py:190} INFO - [2026-05-08T21:49:42.010+0000] {dag.py:3239} INFO - Sync 1 DAGs
[2026-05-08T21:49:42.022+0000] {logging_mixin.py:190} INFO - [2026-05-08T21:49:42.021+0000] {dag.py:4180} INFO - Setting next_dagrun for example_task_group_decorator to None, run_after=None
[2026-05-08T21:49:42.036+0000] {processor.py:208} INFO - Processing /home/airflow/.local/lib/python3.12/site-packages/airflow/example_dags/example_task_group_decorator.py took 0.067 seconds
[2026-05-08T21:50:12.405+0000] {processor.py:186} INFO - Started process (PID=9937) to work on /home/airflow/.local/lib/python3.12/site-packages/airflow/example_dags/example_task_group_decorator.py
[2026-05-08T21:50:12.406+0000] {processor.py:914} INFO - Processing file /home/airflow/.local/lib/python3.12/site-packages/airflow/example_dags/example_task_group_decorator.py for tasks to queue
[2026-05-08T21:50:12.408+0000] {logging_mixin.py:190} INFO - [2026-05-08T21:50:12.407+0000] {dagbag.py:588} INFO - Filling up the DagBag from /home/airflow/.local/lib/python3.12/site-packages/airflow/example_dags/example_task_group_decorator.py
[2026-05-08T21:50:12.420+0000] {processor.py:925} INFO - DAG(s) 'example_task_group_decorator' retrieved from /home/airflow/.local/lib/python3.12/site-packages/airflow/example_dags/example_task_group_decorator.py
[2026-05-08T21:50:12.443+0000] {logging_mixin.py:190} INFO - [2026-05-08T21:50:12.442+0000] {dag.py:3239} INFO - Sync 1 DAGs
[2026-05-08T21:50:12.454+0000] {logging_mixin.py:190} INFO - [2026-05-08T21:50:12.454+0000] {dag.py:4180} INFO - Setting next_dagrun for example_task_group_decorator to None, run_after=None
[2026-05-08T21:50:12.467+0000] {processor.py:208} INFO - Processing /home/airflow/.local/lib/python3.12/site-packages/airflow/example_dags/example_task_group_decorator.py took 0.067 seconds
[2026-05-08T21:50:42.896+0000] {processor.py:186} INFO - Started process (PID=10001) to work on /home/airflow/.local/lib/python3.12/site-packages/airflow/example_dags/example_task_group_decorator.py
[2026-05-08T21:50:42.896+0000] {processor.py:914} INFO - Processing file /home/airflow/.local/lib/python3.12/site-packages/airflow/example_dags/example_task_group_decorator.py for tasks to queue
[2026-05-08T21:50:42.898+0000] {logging_mixin.py:190} INFO - [2026-05-08T21:50:42.897+0000] {dagbag.py:588} INFO - Filling up the DagBag from /home/airflow/.local/lib/python3.12/site-packages/airflow/example_dags/example_task_group_decorator.py
[2026-05-08T21:50:42.910+0000] {processor.py:925} INFO - DAG(s) 'example_task_group_decorator' retrieved from /home/airflow/.local/lib/python3.12/site-packages/airflow/example_dags/example_task_group_decorator.py
[2026-05-08T21:50:42.935+0000] {logging_mixin.py:190} INFO - [2026-05-08T21:50:42.935+0000] {dag.py:3239} INFO - Sync 1 DAGs
[2026-05-08T21:50:42.951+0000] {logging_mixin.py:190} INFO - [2026-05-08T21:50:42.951+0000] {dag.py:4180} INFO - Setting next_dagrun for example_task_group_decorator to None, run_after=None
[2026-05-08T21:50:42.966+0000] {processor.py:208} INFO - Processing /home/airflow/.local/lib/python3.12/site-packages/airflow/example_dags/example_task_group_decorator.py took 0.075 seconds
[2026-05-08T21:51:13.042+0000] {processor.py:186} INFO - Started process (PID=10065) to work on /home/airflow/.local/lib/python3.12/site-packages/airflow/example_dags/example_task_group_decorator.py
[2026-05-08T21:51:13.043+0000] {processor.py:914} INFO - Processing file /home/airflow/.local/lib/python3.12/site-packages/airflow/example_dags/example_task_group_decorator.py for tasks to queue
[2026-05-08T21:51:13.046+0000] {logging_mixin.py:190} INFO - [2026-05-08T21:51:13.045+0000] {dagbag.py:588} INFO - Filling up the DagBag from /home/airflow/.local/lib/python3.12/site-packages/airflow/example_dags/example_task_group_decorator.py
[2026-05-08T21:51:13.066+0000] {processor.py:925} INFO - DAG(s) 'example_task_group_decorator' retrieved from /home/airflow/.local/lib/python3.12/site-packages/airflow/example_dags/example_task_group_decorator.py
[2026-05-08T21:51:13.098+0000] {logging_mixin.py:190} INFO - [2026-05-08T21:51:13.098+0000] {dag.py:3239} INFO - Sync 1 DAGs
[2026-05-08T21:51:13.114+0000] {logging_mixin.py:190} INFO - [2026-05-08T21:51:13.113+0000] {dag.py:4180} INFO - Setting next_dagrun for example_task_group_decorator to None, run_after=None
[2026-05-08T21:51:13.129+0000] {processor.py:208} INFO - Processing /home/airflow/.local/lib/python3.12/site-packages/airflow/example_dags/example_task_group_decorator.py took 0.094 seconds
[2026-05-08T21:51:44.325+0000] {processor.py:186} INFO - Started process (PID=10129) to work on /home/airflow/.local/lib/python3.12/site-packages/airflow/example_dags/example_task_group_decorator.py
[2026-05-08T21:51:44.326+0000] {processor.py:914} INFO - Processing file /home/airflow/.local/lib/python3.12/site-packages/airflow/example_dags/example_task_group_decorator.py for tasks to queue
[2026-05-08T21:51:44.328+0000] {logging_mixin.py:190} INFO - [2026-05-08T21:51:44.328+0000] {dagbag.py:588} INFO - Filling up the DagBag from /home/airflow/.local/lib/python3.12/site-packages/airflow/example_dags/example_task_group_decorator.py
[2026-05-08T21:51:44.347+0000] {processor.py:925} INFO - DAG(s) 'example_task_group_decorator' retrieved from /home/airflow/.local/lib/python3.12/site-packages/airflow/example_dags/example_task_group_decorator.py
[2026-05-08T21:51:44.375+0000] {logging_mixin.py:190} INFO - [2026-05-08T21:51:44.374+0000] {dag.py:3239} INFO - Sync 1 DAGs
[2026-05-08T21:51:44.391+0000] {logging_mixin.py:190} INFO - [2026-05-08T21:51:44.391+0000] {dag.py:4180} INFO - Setting next_dagrun for example_task_group_decorator to None, run_after=None
[2026-05-08T21:51:44.407+0000] {processor.py:208} INFO - Processing /home/airflow/.local/lib/python3.12/site-packages/airflow/example_dags/example_task_group_decorator.py took 0.087 seconds
[2026-05-08T21:52:14.935+0000] {processor.py:186} INFO - Started process (PID=10192) to work on /home/airflow/.local/lib/python3.12/site-packages/airflow/example_dags/example_task_group_decorator.py
[2026-05-08T21:52:14.936+0000] {processor.py:914} INFO - Processing file /home/airflow/.local/lib/python3.12/site-packages/airflow/example_dags/example_task_group_decorator.py for tasks to queue
[2026-05-08T21:52:14.938+0000] {logging_mixin.py:190} INFO - [2026-05-08T21:52:14.937+0000] {dagbag.py:588} INFO - Filling up the DagBag from /home/airflow/.local/lib/python3.12/site-packages/airflow/example_dags/example_task_group_decorator.py
[2026-05-08T21:52:14.955+0000] {processor.py:925} INFO - DAG(s) 'example_task_group_decorator' retrieved from /home/airflow/.local/lib/python3.12/site-packages/airflow/example_dags/example_task_group_decorator.py
[2026-05-08T21:52:14.991+0000] {logging_mixin.py:190} INFO - [2026-05-08T21:52:14.991+0000] {dag.py:3239} INFO - Sync 1 DAGs
[2026-05-08T21:52:15.006+0000] {logging_mixin.py:190} INFO - [2026-05-08T21:52:15.006+0000] {dag.py:4180} INFO - Setting next_dagrun for example_task_group_decorator to None, run_after=None
[2026-05-08T21:52:15.021+0000] {processor.py:208} INFO - Processing /home/airflow/.local/lib/python3.12/site-packages/airflow/example_dags/example_task_group_decorator.py took 0.091 seconds
[2026-05-08T21:52:45.097+0000] {processor.py:186} INFO - Started process (PID=10255) to work on /home/airflow/.local/lib/python3.12/site-packages/airflow/example_dags/example_task_group_decorator.py
[2026-05-08T21:52:45.097+0000] {processor.py:914} INFO - Processing file /home/airflow/.local/lib/python3.12/site-packages/airflow/example_dags/example_task_group_decorator.py for tasks to queue
[2026-05-08T21:52:45.099+0000] {logging_mixin.py:190} INFO - [2026-05-08T21:52:45.099+0000] {dagbag.py:588} INFO - Filling up the DagBag from /home/airflow/.local/lib/python3.12/site-packages/airflow/example_dags/example_task_group_decorator.py
[2026-05-08T21:52:45.113+0000] {processor.py:925} INFO - DAG(s) 'example_task_group_decorator' retrieved from /home/airflow/.local/lib/python3.12/site-packages/airflow/example_dags/example_task_group_decorator.py
[2026-05-08T21:52:45.135+0000] {logging_mixin.py:190} INFO - [2026-05-08T21:52:45.135+0000] {dag.py:3239} INFO - Sync 1 DAGs
[2026-05-08T21:52:45.146+0000] {logging_mixin.py:190} INFO - [2026-05-08T21:52:45.146+0000] {dag.py:4180} INFO - Setting next_dagrun for example_task_group_decorator to None, run_after=None
[2026-05-08T21:52:45.160+0000] {processor.py:208} INFO - Processing /home/airflow/.local/lib/python3.12/site-packages/airflow/example_dags/example_task_group_decorator.py took 0.068 seconds
[2026-05-08T21:53:16.101+0000] {processor.py:186} INFO - Started process (PID=10319) to work on /home/airflow/.local/lib/python3.12/site-packages/airflow/example_dags/example_task_group_decorator.py
[2026-05-08T21:53:16.102+0000] {processor.py:914} INFO - Processing file /home/airflow/.local/lib/python3.12/site-packages/airflow/example_dags/example_task_group_decorator.py for tasks to queue
[2026-05-08T21:53:16.104+0000] {logging_mixin.py:190} INFO - [2026-05-08T21:53:16.103+0000] {dagbag.py:588} INFO - Filling up the DagBag from /home/airflow/.local/lib/python3.12/site-packages/airflow/example_dags/example_task_group_decorator.py
[2026-05-08T21:53:16.122+0000] {processor.py:925} INFO - DAG(s) 'example_task_group_decorator' retrieved from /home/airflow/.local/lib/python3.12/site-packages/airflow/example_dags/example_task_group_decorator.py
[2026-05-08T21:53:16.151+0000] {logging_mixin.py:190} INFO - [2026-05-08T21:53:16.151+0000] {dag.py:3239} INFO - Sync 1 DAGs
[2026-05-08T21:53:16.167+0000] {logging_mixin.py:190} INFO - [2026-05-08T21:53:16.167+0000] {dag.py:4180} INFO - Setting next_dagrun for example_task_group_decorator to None, run_after=None
[2026-05-08T21:53:16.185+0000] {processor.py:208} INFO - Processing /home/airflow/.local/lib/python3.12/site-packages/airflow/example_dags/example_task_group_decorator.py took 0.088 seconds
[2026-05-08T21:53:46.696+0000] {processor.py:186} INFO - Started process (PID=10383) to work on /home/airflow/.local/lib/python3.12/site-packages/airflow/example_dags/example_task_group_decorator.py
[2026-05-08T21:53:46.697+0000] {processor.py:914} INFO - Processing file /home/airflow/.local/lib/python3.12/site-packages/airflow/example_dags/example_task_group_decorator.py for tasks to queue
[2026-05-08T21:53:46.699+0000] {logging_mixin.py:190} INFO - [2026-05-08T21:53:46.698+0000] {dagbag.py:588} INFO - Filling up the DagBag from /home/airflow/.local/lib/python3.12/site-packages/airflow/example_dags/example_task_group_decorator.py
[2026-05-08T21:53:46.711+0000] {processor.py:925} INFO - DAG(s) 'example_task_group_decorator' retrieved from /home/airflow/.local/lib/python3.12/site-packages/airflow/example_dags/example_task_group_decorator.py
[2026-05-08T21:53:46.739+0000] {logging_mixin.py:190} INFO - [2026-05-08T21:53:46.739+0000] {dag.py:3239} INFO - Sync 1 DAGs
[2026-05-08T21:53:46.756+0000] {logging_mixin.py:190} INFO - [2026-05-08T21:53:46.756+0000] {dag.py:4180} INFO - Setting next_dagrun for example_task_group_decorator to None, run_after=None
[2026-05-08T21:53:46.772+0000] {processor.py:208} INFO - Processing /home/airflow/.local/lib/python3.12/site-packages/airflow/example_dags/example_task_group_decorator.py took 0.081 seconds
[2026-05-08T21:54:17.308+0000] {processor.py:186} INFO - Started process (PID=10447) to work on /home/airflow/.local/lib/python3.12/site-packages/airflow/example_dags/example_task_group_decorator.py
[2026-05-08T21:54:17.309+0000] {processor.py:914} INFO - Processing file /home/airflow/.local/lib/python3.12/site-packages/airflow/example_dags/example_task_group_decorator.py for tasks to queue
[2026-05-08T21:54:17.310+0000] {logging_mixin.py:190} INFO - [2026-05-08T21:54:17.310+0000] {dagbag.py:588} INFO - Filling up the DagBag from /home/airflow/.local/lib/python3.12/site-packages/airflow/example_dags/example_task_group_decorator.py
[2026-05-08T21:54:17.324+0000] {processor.py:925} INFO - DAG(s) 'example_task_group_decorator' retrieved from /home/airflow/.local/lib/python3.12/site-packages/airflow/example_dags/example_task_group_decorator.py
[2026-05-08T21:54:17.344+0000] {logging_mixin.py:190} INFO - [2026-05-08T21:54:17.344+0000] {dag.py:3239} INFO - Sync 1 DAGs
[2026-05-08T21:54:17.356+0000] {logging_mixin.py:190} INFO - [2026-05-08T21:54:17.356+0000] {dag.py:4180} INFO - Setting next_dagrun for example_task_group_decorator to None, run_after=None
[2026-05-08T21:54:17.370+0000] {processor.py:208} INFO - Processing /home/airflow/.local/lib/python3.12/site-packages/airflow/example_dags/example_task_group_decorator.py took 0.067 seconds
[2026-05-08T21:54:47.625+0000] {processor.py:186} INFO - Started process (PID=10510) to work on /home/airflow/.local/lib/python3.12/site-packages/airflow/example_dags/example_task_group_decorator.py
[2026-05-08T21:54:47.626+0000] {processor.py:914} INFO - Processing file /home/airflow/.local/lib/python3.12/site-packages/airflow/example_dags/example_task_group_decorator.py for tasks to queue
[2026-05-08T21:54:47.627+0000] {logging_mixin.py:190} INFO - [2026-05-08T21:54:47.627+0000] {dagbag.py:588} INFO - Filling up the DagBag from /home/airflow/.local/lib/python3.12/site-packages/airflow/example_dags/example_task_group_decorator.py
[2026-05-08T21:54:47.640+0000] {processor.py:925} INFO - DAG(s) 'example_task_group_decorator' retrieved from /home/airflow/.local/lib/python3.12/site-packages/airflow/example_dags/example_task_group_decorator.py
[2026-05-08T21:54:47.660+0000] {logging_mixin.py:190} INFO - [2026-05-08T21:54:47.660+0000] {dag.py:3239} INFO - Sync 1 DAGs
[2026-05-08T21:54:47.676+0000] {logging_mixin.py:190} INFO - [2026-05-08T21:54:47.676+0000] {dag.py:4180} INFO - Setting next_dagrun for example_task_group_decorator to None, run_after=None
[2026-05-08T21:54:47.690+0000] {processor.py:208} INFO - Processing /home/airflow/.local/lib/python3.12/site-packages/airflow/example_dags/example_task_group_decorator.py took 0.070 seconds
[2026-05-08T21:55:17.722+0000] {processor.py:186} INFO - Started process (PID=10573) to work on /home/airflow/.local/lib/python3.12/site-packages/airflow/example_dags/example_task_group_decorator.py
[2026-05-08T21:55:17.723+0000] {processor.py:914} INFO - Processing file /home/airflow/.local/lib/python3.12/site-packages/airflow/example_dags/example_task_group_decorator.py for tasks to queue
[2026-05-08T21:55:17.724+0000] {logging_mixin.py:190} INFO - [2026-05-08T21:55:17.724+0000] {dagbag.py:588} INFO - Filling up the DagBag from /home/airflow/.local/lib/python3.12/site-packages/airflow/example_dags/example_task_group_decorator.py
[2026-05-08T21:55:17.736+0000] {processor.py:925} INFO - DAG(s) 'example_task_group_decorator' retrieved from /home/airflow/.local/lib/python3.12/site-packages/airflow/example_dags/example_task_group_decorator.py
[2026-05-08T21:55:17.755+0000] {logging_mixin.py:190} INFO - [2026-05-08T21:55:17.755+0000] {dag.py:3239} INFO - Sync 1 DAGs
[2026-05-08T21:55:17.770+0000] {logging_mixin.py:190} INFO - [2026-05-08T21:55:17.769+0000] {dag.py:4180} INFO - Setting next_dagrun for example_task_group_decorator to None, run_after=None
[2026-05-08T21:55:17.783+0000] {processor.py:208} INFO - Processing /home/airflow/.local/lib/python3.12/site-packages/airflow/example_dags/example_task_group_decorator.py took 0.066 seconds
[2026-05-08T21:55:50.136+0000] {processor.py:186} INFO - Started process (PID=10630) to work on /home/airflow/.local/lib/python3.12/site-packages/airflow/example_dags/example_task_group_decorator.py
[2026-05-08T21:55:50.136+0000] {processor.py:914} INFO - Processing file /home/airflow/.local/lib/python3.12/site-packages/airflow/example_dags/example_task_group_decorator.py for tasks to queue
[2026-05-08T21:55:50.138+0000] {logging_mixin.py:190} INFO - [2026-05-08T21:55:50.138+0000] {dagbag.py:588} INFO - Filling up the DagBag from /home/airflow/.local/lib/python3.12/site-packages/airflow/example_dags/example_task_group_decorator.py
[2026-05-08T21:55:50.151+0000] {processor.py:925} INFO - DAG(s) 'example_task_group_decorator' retrieved from /home/airflow/.local/lib/python3.12/site-packages/airflow/example_dags/example_task_group_decorator.py
[2026-05-08T21:55:50.179+0000] {logging_mixin.py:190} INFO - [2026-05-08T21:55:50.178+0000] {dag.py:3239} INFO - Sync 1 DAGs
[2026-05-08T21:55:50.348+0000] {logging_mixin.py:190} INFO - [2026-05-08T21:55:50.348+0000] {dag.py:4180} INFO - Setting next_dagrun for example_task_group_decorator to None, run_after=None
[2026-05-08T21:55:50.362+0000] {processor.py:208} INFO - Processing /home/airflow/.local/lib/python3.12/site-packages/airflow/example_dags/example_task_group_decorator.py took 0.231 seconds
[2026-05-08T21:56:21.244+0000] {processor.py:186} INFO - Started process (PID=10694) to work on /home/airflow/.local/lib/python3.12/site-packages/airflow/example_dags/example_task_group_decorator.py
[2026-05-08T21:56:21.244+0000] {processor.py:914} INFO - Processing file /home/airflow/.local/lib/python3.12/site-packages/airflow/example_dags/example_task_group_decorator.py for tasks to queue
[2026-05-08T21:56:21.246+0000] {logging_mixin.py:190} INFO - [2026-05-08T21:56:21.246+0000] {dagbag.py:588} INFO - Filling up the DagBag from /home/airflow/.local/lib/python3.12/site-packages/airflow/example_dags/example_task_group_decorator.py
[2026-05-08T21:56:21.262+0000] {processor.py:925} INFO - DAG(s) 'example_task_group_decorator' retrieved from /home/airflow/.local/lib/python3.12/site-packages/airflow/example_dags/example_task_group_decorator.py
[2026-05-08T21:56:21.289+0000] {logging_mixin.py:190} INFO - [2026-05-08T21:56:21.289+0000] {dag.py:3239} INFO - Sync 1 DAGs
[2026-05-08T21:56:21.455+0000] {logging_mixin.py:190} INFO - [2026-05-08T21:56:21.455+0000] {dag.py:4180} INFO - Setting next_dagrun for example_task_group_decorator to None, run_after=None
[2026-05-08T21:56:21.468+0000] {processor.py:208} INFO - Processing /home/airflow/.local/lib/python3.12/site-packages/airflow/example_dags/example_task_group_decorator.py took 0.228 seconds
[2026-05-08T21:56:52.363+0000] {processor.py:186} INFO - Started process (PID=10758) to work on /home/airflow/.local/lib/python3.12/site-packages/airflow/example_dags/example_task_group_decorator.py
[2026-05-08T21:56:52.364+0000] {processor.py:914} INFO - Processing file /home/airflow/.local/lib/python3.12/site-packages/airflow/example_dags/example_task_group_decorator.py for tasks to queue
[2026-05-08T21:56:52.366+0000] {logging_mixin.py:190} INFO - [2026-05-08T21:56:52.366+0000] {dagbag.py:588} INFO - Filling up the DagBag from /home/airflow/.local/lib/python3.12/site-packages/airflow/example_dags/example_task_group_decorator.py
[2026-05-08T21:56:52.381+0000] {processor.py:925} INFO - DAG(s) 'example_task_group_decorator' retrieved from /home/airflow/.local/lib/python3.12/site-packages/airflow/example_dags/example_task_group_decorator.py
[2026-05-08T21:56:52.401+0000] {logging_mixin.py:190} INFO - [2026-05-08T21:56:52.401+0000] {dag.py:3239} INFO - Sync 1 DAGs
[2026-05-08T21:56:52.413+0000] {logging_mixin.py:190} INFO - [2026-05-08T21:56:52.413+0000] {dag.py:4180} INFO - Setting next_dagrun for example_task_group_decorator to None, run_after=None
[2026-05-08T21:56:52.427+0000] {processor.py:208} INFO - Processing /home/airflow/.local/lib/python3.12/site-packages/airflow/example_dags/example_task_group_decorator.py took 0.070 seconds
[2026-05-08T21:57:22.876+0000] {processor.py:186} INFO - Started process (PID=10821) to work on /home/airflow/.local/lib/python3.12/site-packages/airflow/example_dags/example_task_group_decorator.py
[2026-05-08T21:57:22.877+0000] {processor.py:914} INFO - Processing file /home/airflow/.local/lib/python3.12/site-packages/airflow/example_dags/example_task_group_decorator.py for tasks to queue
[2026-05-08T21:57:22.878+0000] {logging_mixin.py:190} INFO - [2026-05-08T21:57:22.878+0000] {dagbag.py:588} INFO - Filling up the DagBag from /home/airflow/.local/lib/python3.12/site-packages/airflow/example_dags/example_task_group_decorator.py
[2026-05-08T21:57:22.890+0000] {processor.py:925} INFO - DAG(s) 'example_task_group_decorator' retrieved from /home/airflow/.local/lib/python3.12/site-packages/airflow/example_dags/example_task_group_decorator.py
[2026-05-08T21:57:22.916+0000] {logging_mixin.py:190} INFO - [2026-05-08T21:57:22.915+0000] {dag.py:3239} INFO - Sync 1 DAGs
[2026-05-08T21:57:22.931+0000] {logging_mixin.py:190} INFO - [2026-05-08T21:57:22.931+0000] {dag.py:4180} INFO - Setting next_dagrun for example_task_group_decorator to None, run_after=None
[2026-05-08T21:57:22.948+0000] {processor.py:208} INFO - Processing /home/airflow/.local/lib/python3.12/site-packages/airflow/example_dags/example_task_group_decorator.py took 0.077 seconds
[2026-05-08T21:57:53.572+0000] {processor.py:186} INFO - Started process (PID=10885) to work on /home/airflow/.local/lib/python3.12/site-packages/airflow/example_dags/example_task_group_decorator.py
[2026-05-08T21:57:53.573+0000] {processor.py:914} INFO - Processing file /home/airflow/.local/lib/python3.12/site-packages/airflow/example_dags/example_task_group_decorator.py for tasks to queue
[2026-05-08T21:57:53.575+0000] {logging_mixin.py:190} INFO - [2026-05-08T21:57:53.575+0000] {dagbag.py:588} INFO - Filling up the DagBag from /home/airflow/.local/lib/python3.12/site-packages/airflow/example_dags/example_task_group_decorator.py
[2026-05-08T21:57:53.588+0000] {processor.py:925} INFO - DAG(s) 'example_task_group_decorator' retrieved from /home/airflow/.local/lib/python3.12/site-packages/airflow/example_dags/example_task_group_decorator.py
[2026-05-08T21:57:53.610+0000] {logging_mixin.py:190} INFO - [2026-05-08T21:57:53.609+0000] {dag.py:3239} INFO - Sync 1 DAGs
[2026-05-08T21:57:53.626+0000] {logging_mixin.py:190} INFO - [2026-05-08T21:57:53.626+0000] {dag.py:4180} INFO - Setting next_dagrun for example_task_group_decorator to None, run_after=None
[2026-05-08T21:57:53.646+0000] {processor.py:208} INFO - Processing /home/airflow/.local/lib/python3.12/site-packages/airflow/example_dags/example_task_group_decorator.py took 0.078 seconds
[2026-05-08T21:58:23.743+0000] {processor.py:186} INFO - Started process (PID=10949) to work on /home/airflow/.local/lib/python3.12/site-packages/airflow/example_dags/example_task_group_decorator.py
[2026-05-08T21:58:23.744+0000] {processor.py:914} INFO - Processing file /home/airflow/.local/lib/python3.12/site-packages/airflow/example_dags/example_task_group_decorator.py for tasks to queue
[2026-05-08T21:58:23.746+0000] {logging_mixin.py:190} INFO - [2026-05-08T21:58:23.745+0000] {dagbag.py:588} INFO - Filling up the DagBag from /home/airflow/.local/lib/python3.12/site-packages/airflow/example_dags/example_task_group_decorator.py
[2026-05-08T21:58:23.758+0000] {processor.py:925} INFO - DAG(s) 'example_task_group_decorator' retrieved from /home/airflow/.local/lib/python3.12/site-packages/airflow/example_dags/example_task_group_decorator.py
[2026-05-08T21:58:23.780+0000] {logging_mixin.py:190} INFO - [2026-05-08T21:58:23.780+0000] {dag.py:3239} INFO - Sync 1 DAGs
[2026-05-08T21:58:23.793+0000] {logging_mixin.py:190} INFO - [2026-05-08T21:58:23.793+0000] {dag.py:4180} INFO - Setting next_dagrun for example_task_group_decorator to None, run_after=None
[2026-05-08T21:58:23.809+0000] {processor.py:208} INFO - Processing /home/airflow/.local/lib/python3.12/site-packages/airflow/example_dags/example_task_group_decorator.py took 0.070 seconds
[2026-05-08T21:58:54.016+0000] {processor.py:186} INFO - Started process (PID=11013) to work on /home/airflow/.local/lib/python3.12/site-packages/airflow/example_dags/example_task_group_decorator.py
[2026-05-08T21:58:54.016+0000] {processor.py:914} INFO - Processing file /home/airflow/.local/lib/python3.12/site-packages/airflow/example_dags/example_task_group_decorator.py for tasks to queue
[2026-05-08T21:58:54.018+0000] {logging_mixin.py:190} INFO - [2026-05-08T21:58:54.018+0000] {dagbag.py:588} INFO - Filling up the DagBag from /home/airflow/.local/lib/python3.12/site-packages/airflow/example_dags/example_task_group_decorator.py
[2026-05-08T21:58:54.030+0000] {processor.py:925} INFO - DAG(s) 'example_task_group_decorator' retrieved from /home/airflow/.local/lib/python3.12/site-packages/airflow/example_dags/example_task_group_decorator.py
[2026-05-08T21:58:54.050+0000] {logging_mixin.py:190} INFO - [2026-05-08T21:58:54.050+0000] {dag.py:3239} INFO - Sync 1 DAGs
[2026-05-08T21:58:54.063+0000] {logging_mixin.py:190} INFO - [2026-05-08T21:58:54.063+0000] {dag.py:4180} INFO - Setting next_dagrun for example_task_group_decorator to None, run_after=None
[2026-05-08T21:58:54.079+0000] {processor.py:208} INFO - Processing /home/airflow/.local/lib/python3.12/site-packages/airflow/example_dags/example_task_group_decorator.py took 0.068 seconds
[2026-05-08T21:59:25.244+0000] {processor.py:186} INFO - Started process (PID=11077) to work on /home/airflow/.local/lib/python3.12/site-packages/airflow/example_dags/example_task_group_decorator.py
[2026-05-08T21:59:25.244+0000] {processor.py:914} INFO - Processing file /home/airflow/.local/lib/python3.12/site-packages/airflow/example_dags/example_task_group_decorator.py for tasks to queue
[2026-05-08T21:59:25.246+0000] {logging_mixin.py:190} INFO - [2026-05-08T21:59:25.246+0000] {dagbag.py:588} INFO - Filling up the DagBag from /home/airflow/.local/lib/python3.12/site-packages/airflow/example_dags/example_task_group_decorator.py
[2026-05-08T21:59:25.261+0000] {processor.py:925} INFO - DAG(s) 'example_task_group_decorator' retrieved from /home/airflow/.local/lib/python3.12/site-packages/airflow/example_dags/example_task_group_decorator.py
[2026-05-08T21:59:25.286+0000] {logging_mixin.py:190} INFO - [2026-05-08T21:59:25.286+0000] {dag.py:3239} INFO - Sync 1 DAGs
[2026-05-08T21:59:25.300+0000] {logging_mixin.py:190} INFO - [2026-05-08T21:59:25.300+0000] {dag.py:4180} INFO - Setting next_dagrun for example_task_group_decorator to None, run_after=None
[2026-05-08T21:59:25.314+0000] {processor.py:208} INFO - Processing /home/airflow/.local/lib/python3.12/site-packages/airflow/example_dags/example_task_group_decorator.py took 0.075 seconds
[2026-05-08T21:59:56.488+0000] {processor.py:186} INFO - Started process (PID=11141) to work on /home/airflow/.local/lib/python3.12/site-packages/airflow/example_dags/example_task_group_decorator.py
[2026-05-08T21:59:56.488+0000] {processor.py:914} INFO - Processing file /home/airflow/.local/lib/python3.12/site-packages/airflow/example_dags/example_task_group_decorator.py for tasks to queue
[2026-05-08T21:59:56.490+0000] {logging_mixin.py:190} INFO - [2026-05-08T21:59:56.490+0000] {dagbag.py:588} INFO - Filling up the DagBag from /home/airflow/.local/lib/python3.12/site-packages/airflow/example_dags/example_task_group_decorator.py
[2026-05-08T21:59:56.503+0000] {processor.py:925} INFO - DAG(s) 'example_task_group_decorator' retrieved from /home/airflow/.local/lib/python3.12/site-packages/airflow/example_dags/example_task_group_decorator.py
[2026-05-08T21:59:56.523+0000] {logging_mixin.py:190} INFO - [2026-05-08T21:59:56.523+0000] {dag.py:3239} INFO - Sync 1 DAGs
[2026-05-08T21:59:56.535+0000] {logging_mixin.py:190} INFO - [2026-05-08T21:59:56.534+0000] {dag.py:4180} INFO - Setting next_dagrun for example_task_group_decorator to None, run_after=None
[2026-05-08T21:59:56.550+0000] {processor.py:208} INFO - Processing /home/airflow/.local/lib/python3.12/site-packages/airflow/example_dags/example_task_group_decorator.py took 0.067 seconds
[2026-05-08T22:00:28.509+0000] {processor.py:186} INFO - Started process (PID=11205) to work on /home/airflow/.local/lib/python3.12/site-packages/airflow/example_dags/example_task_group_decorator.py
[2026-05-08T22:00:28.510+0000] {processor.py:914} INFO - Processing file /home/airflow/.local/lib/python3.12/site-packages/airflow/example_dags/example_task_group_decorator.py for tasks to queue
[2026-05-08T22:00:28.512+0000] {logging_mixin.py:190} INFO - [2026-05-08T22:00:28.512+0000] {dagbag.py:588} INFO - Filling up the DagBag from /home/airflow/.local/lib/python3.12/site-packages/airflow/example_dags/example_task_group_decorator.py
[2026-05-08T22:00:28.525+0000] {processor.py:925} INFO - DAG(s) 'example_task_group_decorator' retrieved from /home/airflow/.local/lib/python3.12/site-packages/airflow/example_dags/example_task_group_decorator.py
[2026-05-08T22:00:28.547+0000] {logging_mixin.py:190} INFO - [2026-05-08T22:00:28.547+0000] {dag.py:3239} INFO - Sync 1 DAGs
[2026-05-08T22:00:28.559+0000] {logging_mixin.py:190} INFO - [2026-05-08T22:00:28.559+0000] {dag.py:4180} INFO - Setting next_dagrun for example_task_group_decorator to None, run_after=None
[2026-05-08T22:00:28.572+0000] {processor.py:208} INFO - Processing /home/airflow/.local/lib/python3.12/site-packages/airflow/example_dags/example_task_group_decorator.py took 0.069 seconds
[2026-05-08T22:00:58.812+0000] {processor.py:186} INFO - Started process (PID=11269) to work on /home/airflow/.local/lib/python3.12/site-packages/airflow/example_dags/example_task_group_decorator.py
[2026-05-08T22:00:58.813+0000] {processor.py:914} INFO - Processing file /home/airflow/.local/lib/python3.12/site-packages/airflow/example_dags/example_task_group_decorator.py for tasks to queue
[2026-05-08T22:00:58.815+0000] {logging_mixin.py:190} INFO - [2026-05-08T22:00:58.815+0000] {dagbag.py:588} INFO - Filling up the DagBag from /home/airflow/.local/lib/python3.12/site-packages/airflow/example_dags/example_task_group_decorator.py
[2026-05-08T22:00:58.830+0000] {processor.py:925} INFO - DAG(s) 'example_task_group_decorator' retrieved from /home/airflow/.local/lib/python3.12/site-packages/airflow/example_dags/example_task_group_decorator.py
[2026-05-08T22:00:58.852+0000] {logging_mixin.py:190} INFO - [2026-05-08T22:00:58.852+0000] {dag.py:3239} INFO - Sync 1 DAGs
[2026-05-08T22:00:58.867+0000] {logging_mixin.py:190} INFO - [2026-05-08T22:00:58.866+0000] {dag.py:4180} INFO - Setting next_dagrun for example_task_group_decorator to None, run_after=None
[2026-05-08T22:00:58.883+0000] {processor.py:208} INFO - Processing /home/airflow/.local/lib/python3.12/site-packages/airflow/example_dags/example_task_group_decorator.py took 0.076 seconds
[2026-05-08T22:01:30.087+0000] {processor.py:186} INFO - Started process (PID=11333) to work on /home/airflow/.local/lib/python3.12/site-packages/airflow/example_dags/example_task_group_decorator.py
[2026-05-08T22:01:30.088+0000] {processor.py:914} INFO - Processing file /home/airflow/.local/lib/python3.12/site-packages/airflow/example_dags/example_task_group_decorator.py for tasks to queue
[2026-05-08T22:01:30.089+0000] {logging_mixin.py:190} INFO - [2026-05-08T22:01:30.089+0000] {dagbag.py:588} INFO - Filling up the DagBag from /home/airflow/.local/lib/python3.12/site-packages/airflow/example_dags/example_task_group_decorator.py
[2026-05-08T22:01:30.102+0000] {processor.py:925} INFO - DAG(s) 'example_task_group_decorator' retrieved from /home/airflow/.local/lib/python3.12/site-packages/airflow/example_dags/example_task_group_decorator.py
[2026-05-08T22:01:30.129+0000] {logging_mixin.py:190} INFO - [2026-05-08T22:01:30.128+0000] {dag.py:3239} INFO - Sync 1 DAGs
[2026-05-08T22:01:30.140+0000] {logging_mixin.py:190} INFO - [2026-05-08T22:01:30.140+0000] {dag.py:4180} INFO - Setting next_dagrun for example_task_group_decorator to None, run_after=None
[2026-05-08T22:01:30.154+0000] {processor.py:208} INFO - Processing /home/airflow/.local/lib/python3.12/site-packages/airflow/example_dags/example_task_group_decorator.py took 0.071 seconds
[2026-05-08T22:02:00.868+0000] {processor.py:186} INFO - Started process (PID=11397) to work on /home/airflow/.local/lib/python3.12/site-packages/airflow/example_dags/example_task_group_decorator.py
[2026-05-08T22:02:00.869+0000] {processor.py:914} INFO - Processing file /home/airflow/.local/lib/python3.12/site-packages/airflow/example_dags/example_task_group_decorator.py for tasks to queue
[2026-05-08T22:02:00.871+0000] {logging_mixin.py:190} INFO - [2026-05-08T22:02:00.870+0000] {dagbag.py:588} INFO - Filling up the DagBag from /home/airflow/.local/lib/python3.12/site-packages/airflow/example_dags/example_task_group_decorator.py
[2026-05-08T22:02:00.883+0000] {processor.py:925} INFO - DAG(s) 'example_task_group_decorator' retrieved from /home/airflow/.local/lib/python3.12/site-packages/airflow/example_dags/example_task_group_decorator.py
[2026-05-08T22:02:00.906+0000] {logging_mixin.py:190} INFO - [2026-05-08T22:02:00.905+0000] {dag.py:3239} INFO - Sync 1 DAGs
[2026-05-08T22:02:00.919+0000] {logging_mixin.py:190} INFO - [2026-05-08T22:02:00.919+0000] {dag.py:4180} INFO - Setting next_dagrun for example_task_group_decorator to None, run_after=None
[2026-05-08T22:02:00.932+0000] {processor.py:208} INFO - Processing /home/airflow/.local/lib/python3.12/site-packages/airflow/example_dags/example_task_group_decorator.py took 0.069 seconds
