[2026-05-08T20:31:21.538+0000] {processor.py:186} INFO - Started process (PID=98) to work on /home/airflow/.local/lib/python3.12/site-packages/airflow/example_dags/tutorial_taskflow_api_virtualenv.py
[2026-05-08T20:31:21.539+0000] {processor.py:914} INFO - Processing file /home/airflow/.local/lib/python3.12/site-packages/airflow/example_dags/tutorial_taskflow_api_virtualenv.py for tasks to queue
[2026-05-08T20:31:21.541+0000] {logging_mixin.py:190} INFO - [2026-05-08T20:31:21.541+0000] {dagbag.py:588} INFO - Filling up the DagBag from /home/airflow/.local/lib/python3.12/site-packages/airflow/example_dags/tutorial_taskflow_api_virtualenv.py
[2026-05-08T20:31:21.555+0000] {processor.py:925} INFO - DAG(s) 'tutorial_taskflow_api_virtualenv' retrieved from /home/airflow/.local/lib/python3.12/site-packages/airflow/example_dags/tutorial_taskflow_api_virtualenv.py
[2026-05-08T20:31:21.769+0000] {logging_mixin.py:190} INFO - [2026-05-08T20:31:21.769+0000] {dag.py:3239} INFO - Sync 1 DAGs
[2026-05-08T20:31:21.782+0000] {logging_mixin.py:190} INFO - [2026-05-08T20:31:21.782+0000] {dag.py:4180} INFO - Setting next_dagrun for tutorial_taskflow_api_virtualenv to None, run_after=None
[2026-05-08T20:31:21.807+0000] {processor.py:208} INFO - Processing /home/airflow/.local/lib/python3.12/site-packages/airflow/example_dags/tutorial_taskflow_api_virtualenv.py took 0.276 seconds
[2026-05-08T20:31:52.820+0000] {processor.py:186} INFO - Started process (PID=161) to work on /home/airflow/.local/lib/python3.12/site-packages/airflow/example_dags/tutorial_taskflow_api_virtualenv.py
[2026-05-08T20:31:52.821+0000] {processor.py:914} INFO - Processing file /home/airflow/.local/lib/python3.12/site-packages/airflow/example_dags/tutorial_taskflow_api_virtualenv.py for tasks to queue
[2026-05-08T20:31:52.823+0000] {logging_mixin.py:190} INFO - [2026-05-08T20:31:52.822+0000] {dagbag.py:588} INFO - Filling up the DagBag from /home/airflow/.local/lib/python3.12/site-packages/airflow/example_dags/tutorial_taskflow_api_virtualenv.py
[2026-05-08T20:31:52.834+0000] {processor.py:925} INFO - DAG(s) 'tutorial_taskflow_api_virtualenv' retrieved from /home/airflow/.local/lib/python3.12/site-packages/airflow/example_dags/tutorial_taskflow_api_virtualenv.py
[2026-05-08T20:31:52.850+0000] {logging_mixin.py:190} INFO - [2026-05-08T20:31:52.850+0000] {dag.py:3239} INFO - Sync 1 DAGs
[2026-05-08T20:31:52.863+0000] {logging_mixin.py:190} INFO - [2026-05-08T20:31:52.863+0000] {dag.py:4180} INFO - Setting next_dagrun for tutorial_taskflow_api_virtualenv to None, run_after=None
[2026-05-08T20:31:52.876+0000] {processor.py:208} INFO - Processing /home/airflow/.local/lib/python3.12/site-packages/airflow/example_dags/tutorial_taskflow_api_virtualenv.py took 0.062 seconds
[2026-05-08T20:32:24.383+0000] {processor.py:186} INFO - Started process (PID=225) to work on /home/airflow/.local/lib/python3.12/site-packages/airflow/example_dags/tutorial_taskflow_api_virtualenv.py
[2026-05-08T20:32:24.384+0000] {processor.py:914} INFO - Processing file /home/airflow/.local/lib/python3.12/site-packages/airflow/example_dags/tutorial_taskflow_api_virtualenv.py for tasks to queue
[2026-05-08T20:32:24.385+0000] {logging_mixin.py:190} INFO - [2026-05-08T20:32:24.385+0000] {dagbag.py:588} INFO - Filling up the DagBag from /home/airflow/.local/lib/python3.12/site-packages/airflow/example_dags/tutorial_taskflow_api_virtualenv.py
[2026-05-08T20:32:24.395+0000] {processor.py:925} INFO - DAG(s) 'tutorial_taskflow_api_virtualenv' retrieved from /home/airflow/.local/lib/python3.12/site-packages/airflow/example_dags/tutorial_taskflow_api_virtualenv.py
[2026-05-08T20:32:24.409+0000] {logging_mixin.py:190} INFO - [2026-05-08T20:32:24.409+0000] {dag.py:3239} INFO - Sync 1 DAGs
[2026-05-08T20:32:24.422+0000] {logging_mixin.py:190} INFO - [2026-05-08T20:32:24.422+0000] {dag.py:4180} INFO - Setting next_dagrun for tutorial_taskflow_api_virtualenv to None, run_after=None
[2026-05-08T20:32:24.436+0000] {processor.py:208} INFO - Processing /home/airflow/.local/lib/python3.12/site-packages/airflow/example_dags/tutorial_taskflow_api_virtualenv.py took 0.057 seconds
[2026-05-08T20:32:55.190+0000] {processor.py:186} INFO - Started process (PID=289) to work on /home/airflow/.local/lib/python3.12/site-packages/airflow/example_dags/tutorial_taskflow_api_virtualenv.py
[2026-05-08T20:32:55.190+0000] {processor.py:914} INFO - Processing file /home/airflow/.local/lib/python3.12/site-packages/airflow/example_dags/tutorial_taskflow_api_virtualenv.py for tasks to queue
[2026-05-08T20:32:55.192+0000] {logging_mixin.py:190} INFO - [2026-05-08T20:32:55.192+0000] {dagbag.py:588} INFO - Filling up the DagBag from /home/airflow/.local/lib/python3.12/site-packages/airflow/example_dags/tutorial_taskflow_api_virtualenv.py
[2026-05-08T20:32:55.201+0000] {processor.py:925} INFO - DAG(s) 'tutorial_taskflow_api_virtualenv' retrieved from /home/airflow/.local/lib/python3.12/site-packages/airflow/example_dags/tutorial_taskflow_api_virtualenv.py
[2026-05-08T20:32:55.217+0000] {logging_mixin.py:190} INFO - [2026-05-08T20:32:55.217+0000] {dag.py:3239} INFO - Sync 1 DAGs
[2026-05-08T20:32:55.228+0000] {logging_mixin.py:190} INFO - [2026-05-08T20:32:55.228+0000] {dag.py:4180} INFO - Setting next_dagrun for tutorial_taskflow_api_virtualenv to None, run_after=None
[2026-05-08T20:32:55.243+0000] {processor.py:208} INFO - Processing /home/airflow/.local/lib/python3.12/site-packages/airflow/example_dags/tutorial_taskflow_api_virtualenv.py took 0.058 seconds
[2026-05-08T20:33:26.549+0000] {processor.py:186} INFO - Started process (PID=353) to work on /home/airflow/.local/lib/python3.12/site-packages/airflow/example_dags/tutorial_taskflow_api_virtualenv.py
[2026-05-08T20:33:26.550+0000] {processor.py:914} INFO - Processing file /home/airflow/.local/lib/python3.12/site-packages/airflow/example_dags/tutorial_taskflow_api_virtualenv.py for tasks to queue
[2026-05-08T20:33:26.552+0000] {logging_mixin.py:190} INFO - [2026-05-08T20:33:26.552+0000] {dagbag.py:588} INFO - Filling up the DagBag from /home/airflow/.local/lib/python3.12/site-packages/airflow/example_dags/tutorial_taskflow_api_virtualenv.py
[2026-05-08T20:33:26.562+0000] {processor.py:925} INFO - DAG(s) 'tutorial_taskflow_api_virtualenv' retrieved from /home/airflow/.local/lib/python3.12/site-packages/airflow/example_dags/tutorial_taskflow_api_virtualenv.py
[2026-05-08T20:33:26.582+0000] {logging_mixin.py:190} INFO - [2026-05-08T20:33:26.582+0000] {dag.py:3239} INFO - Sync 1 DAGs
[2026-05-08T20:33:26.595+0000] {logging_mixin.py:190} INFO - [2026-05-08T20:33:26.594+0000] {dag.py:4180} INFO - Setting next_dagrun for tutorial_taskflow_api_virtualenv to None, run_after=None
[2026-05-08T20:33:26.609+0000] {processor.py:208} INFO - Processing /home/airflow/.local/lib/python3.12/site-packages/airflow/example_dags/tutorial_taskflow_api_virtualenv.py took 0.065 seconds
[2026-05-08T20:33:57.735+0000] {processor.py:186} INFO - Started process (PID=417) to work on /home/airflow/.local/lib/python3.12/site-packages/airflow/example_dags/tutorial_taskflow_api_virtualenv.py
[2026-05-08T20:33:57.736+0000] {processor.py:914} INFO - Processing file /home/airflow/.local/lib/python3.12/site-packages/airflow/example_dags/tutorial_taskflow_api_virtualenv.py for tasks to queue
[2026-05-08T20:33:57.738+0000] {logging_mixin.py:190} INFO - [2026-05-08T20:33:57.738+0000] {dagbag.py:588} INFO - Filling up the DagBag from /home/airflow/.local/lib/python3.12/site-packages/airflow/example_dags/tutorial_taskflow_api_virtualenv.py
[2026-05-08T20:33:57.749+0000] {processor.py:925} INFO - DAG(s) 'tutorial_taskflow_api_virtualenv' retrieved from /home/airflow/.local/lib/python3.12/site-packages/airflow/example_dags/tutorial_taskflow_api_virtualenv.py
[2026-05-08T20:33:57.763+0000] {logging_mixin.py:190} INFO - [2026-05-08T20:33:57.763+0000] {dag.py:3239} INFO - Sync 1 DAGs
[2026-05-08T20:33:57.775+0000] {logging_mixin.py:190} INFO - [2026-05-08T20:33:57.774+0000] {dag.py:4180} INFO - Setting next_dagrun for tutorial_taskflow_api_virtualenv to None, run_after=None
[2026-05-08T20:33:57.788+0000] {processor.py:208} INFO - Processing /home/airflow/.local/lib/python3.12/site-packages/airflow/example_dags/tutorial_taskflow_api_virtualenv.py took 0.059 seconds
[2026-05-08T20:34:29.186+0000] {processor.py:186} INFO - Started process (PID=481) to work on /home/airflow/.local/lib/python3.12/site-packages/airflow/example_dags/tutorial_taskflow_api_virtualenv.py
[2026-05-08T20:34:29.187+0000] {processor.py:914} INFO - Processing file /home/airflow/.local/lib/python3.12/site-packages/airflow/example_dags/tutorial_taskflow_api_virtualenv.py for tasks to queue
[2026-05-08T20:34:29.189+0000] {logging_mixin.py:190} INFO - [2026-05-08T20:34:29.189+0000] {dagbag.py:588} INFO - Filling up the DagBag from /home/airflow/.local/lib/python3.12/site-packages/airflow/example_dags/tutorial_taskflow_api_virtualenv.py
[2026-05-08T20:34:29.199+0000] {processor.py:925} INFO - DAG(s) 'tutorial_taskflow_api_virtualenv' retrieved from /home/airflow/.local/lib/python3.12/site-packages/airflow/example_dags/tutorial_taskflow_api_virtualenv.py
[2026-05-08T20:34:29.216+0000] {logging_mixin.py:190} INFO - [2026-05-08T20:34:29.215+0000] {dag.py:3239} INFO - Sync 1 DAGs
[2026-05-08T20:34:29.230+0000] {logging_mixin.py:190} INFO - [2026-05-08T20:34:29.230+0000] {dag.py:4180} INFO - Setting next_dagrun for tutorial_taskflow_api_virtualenv to None, run_after=None
[2026-05-08T20:34:29.243+0000] {processor.py:208} INFO - Processing /home/airflow/.local/lib/python3.12/site-packages/airflow/example_dags/tutorial_taskflow_api_virtualenv.py took 0.061 seconds
[2026-05-08T20:35:00.339+0000] {processor.py:186} INFO - Started process (PID=551) to work on /home/airflow/.local/lib/python3.12/site-packages/airflow/example_dags/tutorial_taskflow_api_virtualenv.py
[2026-05-08T20:35:00.339+0000] {processor.py:914} INFO - Processing file /home/airflow/.local/lib/python3.12/site-packages/airflow/example_dags/tutorial_taskflow_api_virtualenv.py for tasks to queue
[2026-05-08T20:35:00.341+0000] {logging_mixin.py:190} INFO - [2026-05-08T20:35:00.341+0000] {dagbag.py:588} INFO - Filling up the DagBag from /home/airflow/.local/lib/python3.12/site-packages/airflow/example_dags/tutorial_taskflow_api_virtualenv.py
[2026-05-08T20:35:00.352+0000] {processor.py:925} INFO - DAG(s) 'tutorial_taskflow_api_virtualenv' retrieved from /home/airflow/.local/lib/python3.12/site-packages/airflow/example_dags/tutorial_taskflow_api_virtualenv.py
[2026-05-08T20:35:00.367+0000] {logging_mixin.py:190} INFO - [2026-05-08T20:35:00.367+0000] {dag.py:3239} INFO - Sync 1 DAGs
[2026-05-08T20:35:00.378+0000] {logging_mixin.py:190} INFO - [2026-05-08T20:35:00.378+0000] {dag.py:4180} INFO - Setting next_dagrun for tutorial_taskflow_api_virtualenv to None, run_after=None
[2026-05-08T20:35:00.394+0000] {processor.py:208} INFO - Processing /home/airflow/.local/lib/python3.12/site-packages/airflow/example_dags/tutorial_taskflow_api_virtualenv.py took 0.061 seconds
[2026-05-08T20:35:31.504+0000] {processor.py:186} INFO - Started process (PID=615) to work on /home/airflow/.local/lib/python3.12/site-packages/airflow/example_dags/tutorial_taskflow_api_virtualenv.py
[2026-05-08T20:35:31.505+0000] {processor.py:914} INFO - Processing file /home/airflow/.local/lib/python3.12/site-packages/airflow/example_dags/tutorial_taskflow_api_virtualenv.py for tasks to queue
[2026-05-08T20:35:31.508+0000] {logging_mixin.py:190} INFO - [2026-05-08T20:35:31.507+0000] {dagbag.py:588} INFO - Filling up the DagBag from /home/airflow/.local/lib/python3.12/site-packages/airflow/example_dags/tutorial_taskflow_api_virtualenv.py
[2026-05-08T20:35:31.519+0000] {processor.py:925} INFO - DAG(s) 'tutorial_taskflow_api_virtualenv' retrieved from /home/airflow/.local/lib/python3.12/site-packages/airflow/example_dags/tutorial_taskflow_api_virtualenv.py
[2026-05-08T20:35:31.535+0000] {logging_mixin.py:190} INFO - [2026-05-08T20:35:31.535+0000] {dag.py:3239} INFO - Sync 1 DAGs
[2026-05-08T20:35:31.548+0000] {logging_mixin.py:190} INFO - [2026-05-08T20:35:31.548+0000] {dag.py:4180} INFO - Setting next_dagrun for tutorial_taskflow_api_virtualenv to None, run_after=None
[2026-05-08T20:35:31.562+0000] {processor.py:208} INFO - Processing /home/airflow/.local/lib/python3.12/site-packages/airflow/example_dags/tutorial_taskflow_api_virtualenv.py took 0.063 seconds
[2026-05-08T20:36:03.087+0000] {processor.py:186} INFO - Started process (PID=679) to work on /home/airflow/.local/lib/python3.12/site-packages/airflow/example_dags/tutorial_taskflow_api_virtualenv.py
[2026-05-08T20:36:03.088+0000] {processor.py:914} INFO - Processing file /home/airflow/.local/lib/python3.12/site-packages/airflow/example_dags/tutorial_taskflow_api_virtualenv.py for tasks to queue
[2026-05-08T20:36:03.090+0000] {logging_mixin.py:190} INFO - [2026-05-08T20:36:03.089+0000] {dagbag.py:588} INFO - Filling up the DagBag from /home/airflow/.local/lib/python3.12/site-packages/airflow/example_dags/tutorial_taskflow_api_virtualenv.py
[2026-05-08T20:36:03.102+0000] {processor.py:925} INFO - DAG(s) 'tutorial_taskflow_api_virtualenv' retrieved from /home/airflow/.local/lib/python3.12/site-packages/airflow/example_dags/tutorial_taskflow_api_virtualenv.py
[2026-05-08T20:36:03.120+0000] {logging_mixin.py:190} INFO - [2026-05-08T20:36:03.119+0000] {dag.py:3239} INFO - Sync 1 DAGs
[2026-05-08T20:36:03.134+0000] {logging_mixin.py:190} INFO - [2026-05-08T20:36:03.134+0000] {dag.py:4180} INFO - Setting next_dagrun for tutorial_taskflow_api_virtualenv to None, run_after=None
[2026-05-08T20:36:03.152+0000] {processor.py:208} INFO - Processing /home/airflow/.local/lib/python3.12/site-packages/airflow/example_dags/tutorial_taskflow_api_virtualenv.py took 0.070 seconds
[2026-05-08T20:36:33.924+0000] {processor.py:186} INFO - Started process (PID=743) to work on /home/airflow/.local/lib/python3.12/site-packages/airflow/example_dags/tutorial_taskflow_api_virtualenv.py
[2026-05-08T20:36:33.925+0000] {processor.py:914} INFO - Processing file /home/airflow/.local/lib/python3.12/site-packages/airflow/example_dags/tutorial_taskflow_api_virtualenv.py for tasks to queue
[2026-05-08T20:36:33.927+0000] {logging_mixin.py:190} INFO - [2026-05-08T20:36:33.926+0000] {dagbag.py:588} INFO - Filling up the DagBag from /home/airflow/.local/lib/python3.12/site-packages/airflow/example_dags/tutorial_taskflow_api_virtualenv.py
[2026-05-08T20:36:33.939+0000] {processor.py:925} INFO - DAG(s) 'tutorial_taskflow_api_virtualenv' retrieved from /home/airflow/.local/lib/python3.12/site-packages/airflow/example_dags/tutorial_taskflow_api_virtualenv.py
[2026-05-08T20:36:33.956+0000] {logging_mixin.py:190} INFO - [2026-05-08T20:36:33.956+0000] {dag.py:3239} INFO - Sync 1 DAGs
[2026-05-08T20:36:33.972+0000] {logging_mixin.py:190} INFO - [2026-05-08T20:36:33.972+0000] {dag.py:4180} INFO - Setting next_dagrun for tutorial_taskflow_api_virtualenv to None, run_after=None
[2026-05-08T20:36:33.985+0000] {processor.py:208} INFO - Processing /home/airflow/.local/lib/python3.12/site-packages/airflow/example_dags/tutorial_taskflow_api_virtualenv.py took 0.066 seconds
[2026-05-08T20:37:05.424+0000] {processor.py:186} INFO - Started process (PID=807) to work on /home/airflow/.local/lib/python3.12/site-packages/airflow/example_dags/tutorial_taskflow_api_virtualenv.py
[2026-05-08T20:37:05.425+0000] {processor.py:914} INFO - Processing file /home/airflow/.local/lib/python3.12/site-packages/airflow/example_dags/tutorial_taskflow_api_virtualenv.py for tasks to queue
[2026-05-08T20:37:05.427+0000] {logging_mixin.py:190} INFO - [2026-05-08T20:37:05.427+0000] {dagbag.py:588} INFO - Filling up the DagBag from /home/airflow/.local/lib/python3.12/site-packages/airflow/example_dags/tutorial_taskflow_api_virtualenv.py
[2026-05-08T20:37:05.437+0000] {processor.py:925} INFO - DAG(s) 'tutorial_taskflow_api_virtualenv' retrieved from /home/airflow/.local/lib/python3.12/site-packages/airflow/example_dags/tutorial_taskflow_api_virtualenv.py
[2026-05-08T20:37:05.453+0000] {logging_mixin.py:190} INFO - [2026-05-08T20:37:05.453+0000] {dag.py:3239} INFO - Sync 1 DAGs
[2026-05-08T20:37:05.466+0000] {logging_mixin.py:190} INFO - [2026-05-08T20:37:05.466+0000] {dag.py:4180} INFO - Setting next_dagrun for tutorial_taskflow_api_virtualenv to None, run_after=None
[2026-05-08T20:37:05.481+0000] {processor.py:208} INFO - Processing /home/airflow/.local/lib/python3.12/site-packages/airflow/example_dags/tutorial_taskflow_api_virtualenv.py took 0.061 seconds
[2026-05-08T20:37:36.275+0000] {processor.py:186} INFO - Started process (PID=871) to work on /home/airflow/.local/lib/python3.12/site-packages/airflow/example_dags/tutorial_taskflow_api_virtualenv.py
[2026-05-08T20:37:36.276+0000] {processor.py:914} INFO - Processing file /home/airflow/.local/lib/python3.12/site-packages/airflow/example_dags/tutorial_taskflow_api_virtualenv.py for tasks to queue
[2026-05-08T20:37:36.278+0000] {logging_mixin.py:190} INFO - [2026-05-08T20:37:36.277+0000] {dagbag.py:588} INFO - Filling up the DagBag from /home/airflow/.local/lib/python3.12/site-packages/airflow/example_dags/tutorial_taskflow_api_virtualenv.py
[2026-05-08T20:37:36.289+0000] {processor.py:925} INFO - DAG(s) 'tutorial_taskflow_api_virtualenv' retrieved from /home/airflow/.local/lib/python3.12/site-packages/airflow/example_dags/tutorial_taskflow_api_virtualenv.py
[2026-05-08T20:37:36.307+0000] {logging_mixin.py:190} INFO - [2026-05-08T20:37:36.307+0000] {dag.py:3239} INFO - Sync 1 DAGs
[2026-05-08T20:37:36.319+0000] {logging_mixin.py:190} INFO - [2026-05-08T20:37:36.319+0000] {dag.py:4180} INFO - Setting next_dagrun for tutorial_taskflow_api_virtualenv to None, run_after=None
[2026-05-08T20:37:36.333+0000] {processor.py:208} INFO - Processing /home/airflow/.local/lib/python3.12/site-packages/airflow/example_dags/tutorial_taskflow_api_virtualenv.py took 0.062 seconds
[2026-05-08T20:38:06.539+0000] {processor.py:186} INFO - Started process (PID=934) to work on /home/airflow/.local/lib/python3.12/site-packages/airflow/example_dags/tutorial_taskflow_api_virtualenv.py
[2026-05-08T20:38:06.540+0000] {processor.py:914} INFO - Processing file /home/airflow/.local/lib/python3.12/site-packages/airflow/example_dags/tutorial_taskflow_api_virtualenv.py for tasks to queue
[2026-05-08T20:38:06.544+0000] {logging_mixin.py:190} INFO - [2026-05-08T20:38:06.543+0000] {dagbag.py:588} INFO - Filling up the DagBag from /home/airflow/.local/lib/python3.12/site-packages/airflow/example_dags/tutorial_taskflow_api_virtualenv.py
[2026-05-08T20:38:06.561+0000] {processor.py:925} INFO - DAG(s) 'tutorial_taskflow_api_virtualenv' retrieved from /home/airflow/.local/lib/python3.12/site-packages/airflow/example_dags/tutorial_taskflow_api_virtualenv.py
[2026-05-08T20:38:06.594+0000] {logging_mixin.py:190} INFO - [2026-05-08T20:38:06.593+0000] {dag.py:3239} INFO - Sync 1 DAGs
[2026-05-08T20:38:06.616+0000] {logging_mixin.py:190} INFO - [2026-05-08T20:38:06.615+0000] {dag.py:4180} INFO - Setting next_dagrun for tutorial_taskflow_api_virtualenv to None, run_after=None
[2026-05-08T20:38:06.646+0000] {processor.py:208} INFO - Processing /home/airflow/.local/lib/python3.12/site-packages/airflow/example_dags/tutorial_taskflow_api_virtualenv.py took 0.134 seconds
[2026-05-08T20:38:38.394+0000] {processor.py:186} INFO - Started process (PID=999) to work on /home/airflow/.local/lib/python3.12/site-packages/airflow/example_dags/tutorial_taskflow_api_virtualenv.py
[2026-05-08T20:38:38.394+0000] {processor.py:914} INFO - Processing file /home/airflow/.local/lib/python3.12/site-packages/airflow/example_dags/tutorial_taskflow_api_virtualenv.py for tasks to queue
[2026-05-08T20:38:38.396+0000] {logging_mixin.py:190} INFO - [2026-05-08T20:38:38.396+0000] {dagbag.py:588} INFO - Filling up the DagBag from /home/airflow/.local/lib/python3.12/site-packages/airflow/example_dags/tutorial_taskflow_api_virtualenv.py
[2026-05-08T20:38:38.408+0000] {processor.py:925} INFO - DAG(s) 'tutorial_taskflow_api_virtualenv' retrieved from /home/airflow/.local/lib/python3.12/site-packages/airflow/example_dags/tutorial_taskflow_api_virtualenv.py
[2026-05-08T20:38:38.430+0000] {logging_mixin.py:190} INFO - [2026-05-08T20:38:38.429+0000] {dag.py:3239} INFO - Sync 1 DAGs
[2026-05-08T20:38:38.472+0000] {logging_mixin.py:190} INFO - [2026-05-08T20:38:38.472+0000] {dag.py:4180} INFO - Setting next_dagrun for tutorial_taskflow_api_virtualenv to None, run_after=None
[2026-05-08T20:38:38.506+0000] {processor.py:208} INFO - Processing /home/airflow/.local/lib/python3.12/site-packages/airflow/example_dags/tutorial_taskflow_api_virtualenv.py took 0.117 seconds
[2026-05-08T20:39:09.197+0000] {processor.py:186} INFO - Started process (PID=1063) to work on /home/airflow/.local/lib/python3.12/site-packages/airflow/example_dags/tutorial_taskflow_api_virtualenv.py
[2026-05-08T20:39:09.198+0000] {processor.py:914} INFO - Processing file /home/airflow/.local/lib/python3.12/site-packages/airflow/example_dags/tutorial_taskflow_api_virtualenv.py for tasks to queue
[2026-05-08T20:39:09.200+0000] {logging_mixin.py:190} INFO - [2026-05-08T20:39:09.200+0000] {dagbag.py:588} INFO - Filling up the DagBag from /home/airflow/.local/lib/python3.12/site-packages/airflow/example_dags/tutorial_taskflow_api_virtualenv.py
[2026-05-08T20:39:09.214+0000] {processor.py:925} INFO - DAG(s) 'tutorial_taskflow_api_virtualenv' retrieved from /home/airflow/.local/lib/python3.12/site-packages/airflow/example_dags/tutorial_taskflow_api_virtualenv.py
[2026-05-08T20:39:09.231+0000] {logging_mixin.py:190} INFO - [2026-05-08T20:39:09.231+0000] {dag.py:3239} INFO - Sync 1 DAGs
[2026-05-08T20:39:09.242+0000] {logging_mixin.py:190} INFO - [2026-05-08T20:39:09.242+0000] {dag.py:4180} INFO - Setting next_dagrun for tutorial_taskflow_api_virtualenv to None, run_after=None
[2026-05-08T20:39:09.255+0000] {processor.py:208} INFO - Processing /home/airflow/.local/lib/python3.12/site-packages/airflow/example_dags/tutorial_taskflow_api_virtualenv.py took 0.065 seconds
[2026-05-08T20:39:39.875+0000] {processor.py:186} INFO - Started process (PID=1127) to work on /home/airflow/.local/lib/python3.12/site-packages/airflow/example_dags/tutorial_taskflow_api_virtualenv.py
[2026-05-08T20:39:39.876+0000] {processor.py:914} INFO - Processing file /home/airflow/.local/lib/python3.12/site-packages/airflow/example_dags/tutorial_taskflow_api_virtualenv.py for tasks to queue
[2026-05-08T20:39:39.877+0000] {logging_mixin.py:190} INFO - [2026-05-08T20:39:39.877+0000] {dagbag.py:588} INFO - Filling up the DagBag from /home/airflow/.local/lib/python3.12/site-packages/airflow/example_dags/tutorial_taskflow_api_virtualenv.py
[2026-05-08T20:39:39.889+0000] {processor.py:925} INFO - DAG(s) 'tutorial_taskflow_api_virtualenv' retrieved from /home/airflow/.local/lib/python3.12/site-packages/airflow/example_dags/tutorial_taskflow_api_virtualenv.py
[2026-05-08T20:39:39.905+0000] {logging_mixin.py:190} INFO - [2026-05-08T20:39:39.904+0000] {dag.py:3239} INFO - Sync 1 DAGs
[2026-05-08T20:39:39.916+0000] {logging_mixin.py:190} INFO - [2026-05-08T20:39:39.916+0000] {dag.py:4180} INFO - Setting next_dagrun for tutorial_taskflow_api_virtualenv to None, run_after=None
[2026-05-08T20:39:39.932+0000] {processor.py:208} INFO - Processing /home/airflow/.local/lib/python3.12/site-packages/airflow/example_dags/tutorial_taskflow_api_virtualenv.py took 0.062 seconds
[2026-05-08T20:40:10.802+0000] {processor.py:186} INFO - Started process (PID=1191) to work on /home/airflow/.local/lib/python3.12/site-packages/airflow/example_dags/tutorial_taskflow_api_virtualenv.py
[2026-05-08T20:40:10.803+0000] {processor.py:914} INFO - Processing file /home/airflow/.local/lib/python3.12/site-packages/airflow/example_dags/tutorial_taskflow_api_virtualenv.py for tasks to queue
[2026-05-08T20:40:10.805+0000] {logging_mixin.py:190} INFO - [2026-05-08T20:40:10.804+0000] {dagbag.py:588} INFO - Filling up the DagBag from /home/airflow/.local/lib/python3.12/site-packages/airflow/example_dags/tutorial_taskflow_api_virtualenv.py
[2026-05-08T20:40:10.815+0000] {processor.py:925} INFO - DAG(s) 'tutorial_taskflow_api_virtualenv' retrieved from /home/airflow/.local/lib/python3.12/site-packages/airflow/example_dags/tutorial_taskflow_api_virtualenv.py
[2026-05-08T20:40:10.830+0000] {logging_mixin.py:190} INFO - [2026-05-08T20:40:10.830+0000] {dag.py:3239} INFO - Sync 1 DAGs
[2026-05-08T20:40:10.842+0000] {logging_mixin.py:190} INFO - [2026-05-08T20:40:10.842+0000] {dag.py:4180} INFO - Setting next_dagrun for tutorial_taskflow_api_virtualenv to None, run_after=None
[2026-05-08T20:40:10.858+0000] {processor.py:208} INFO - Processing /home/airflow/.local/lib/python3.12/site-packages/airflow/example_dags/tutorial_taskflow_api_virtualenv.py took 0.060 seconds
[2026-05-08T20:40:41.691+0000] {processor.py:186} INFO - Started process (PID=1255) to work on /home/airflow/.local/lib/python3.12/site-packages/airflow/example_dags/tutorial_taskflow_api_virtualenv.py
[2026-05-08T20:40:41.692+0000] {processor.py:914} INFO - Processing file /home/airflow/.local/lib/python3.12/site-packages/airflow/example_dags/tutorial_taskflow_api_virtualenv.py for tasks to queue
[2026-05-08T20:40:41.694+0000] {logging_mixin.py:190} INFO - [2026-05-08T20:40:41.694+0000] {dagbag.py:588} INFO - Filling up the DagBag from /home/airflow/.local/lib/python3.12/site-packages/airflow/example_dags/tutorial_taskflow_api_virtualenv.py
[2026-05-08T20:40:41.706+0000] {processor.py:925} INFO - DAG(s) 'tutorial_taskflow_api_virtualenv' retrieved from /home/airflow/.local/lib/python3.12/site-packages/airflow/example_dags/tutorial_taskflow_api_virtualenv.py
[2026-05-08T20:40:41.723+0000] {logging_mixin.py:190} INFO - [2026-05-08T20:40:41.723+0000] {dag.py:3239} INFO - Sync 1 DAGs
[2026-05-08T20:40:41.738+0000] {logging_mixin.py:190} INFO - [2026-05-08T20:40:41.738+0000] {dag.py:4180} INFO - Setting next_dagrun for tutorial_taskflow_api_virtualenv to None, run_after=None
[2026-05-08T20:40:41.756+0000] {processor.py:208} INFO - Processing /home/airflow/.local/lib/python3.12/site-packages/airflow/example_dags/tutorial_taskflow_api_virtualenv.py took 0.069 seconds
[2026-05-08T20:41:12.566+0000] {processor.py:186} INFO - Started process (PID=1319) to work on /home/airflow/.local/lib/python3.12/site-packages/airflow/example_dags/tutorial_taskflow_api_virtualenv.py
[2026-05-08T20:41:12.566+0000] {processor.py:914} INFO - Processing file /home/airflow/.local/lib/python3.12/site-packages/airflow/example_dags/tutorial_taskflow_api_virtualenv.py for tasks to queue
[2026-05-08T20:41:12.569+0000] {logging_mixin.py:190} INFO - [2026-05-08T20:41:12.568+0000] {dagbag.py:588} INFO - Filling up the DagBag from /home/airflow/.local/lib/python3.12/site-packages/airflow/example_dags/tutorial_taskflow_api_virtualenv.py
[2026-05-08T20:41:12.582+0000] {processor.py:925} INFO - DAG(s) 'tutorial_taskflow_api_virtualenv' retrieved from /home/airflow/.local/lib/python3.12/site-packages/airflow/example_dags/tutorial_taskflow_api_virtualenv.py
[2026-05-08T20:41:12.600+0000] {logging_mixin.py:190} INFO - [2026-05-08T20:41:12.600+0000] {dag.py:3239} INFO - Sync 1 DAGs
[2026-05-08T20:41:12.611+0000] {logging_mixin.py:190} INFO - [2026-05-08T20:41:12.611+0000] {dag.py:4180} INFO - Setting next_dagrun for tutorial_taskflow_api_virtualenv to None, run_after=None
[2026-05-08T20:41:12.628+0000] {processor.py:208} INFO - Processing /home/airflow/.local/lib/python3.12/site-packages/airflow/example_dags/tutorial_taskflow_api_virtualenv.py took 0.069 seconds
[2026-05-08T20:41:43.527+0000] {processor.py:186} INFO - Started process (PID=1383) to work on /home/airflow/.local/lib/python3.12/site-packages/airflow/example_dags/tutorial_taskflow_api_virtualenv.py
[2026-05-08T20:41:43.528+0000] {processor.py:914} INFO - Processing file /home/airflow/.local/lib/python3.12/site-packages/airflow/example_dags/tutorial_taskflow_api_virtualenv.py for tasks to queue
[2026-05-08T20:41:43.530+0000] {logging_mixin.py:190} INFO - [2026-05-08T20:41:43.529+0000] {dagbag.py:588} INFO - Filling up the DagBag from /home/airflow/.local/lib/python3.12/site-packages/airflow/example_dags/tutorial_taskflow_api_virtualenv.py
[2026-05-08T20:41:43.539+0000] {processor.py:925} INFO - DAG(s) 'tutorial_taskflow_api_virtualenv' retrieved from /home/airflow/.local/lib/python3.12/site-packages/airflow/example_dags/tutorial_taskflow_api_virtualenv.py
[2026-05-08T20:41:43.554+0000] {logging_mixin.py:190} INFO - [2026-05-08T20:41:43.553+0000] {dag.py:3239} INFO - Sync 1 DAGs
[2026-05-08T20:41:43.565+0000] {logging_mixin.py:190} INFO - [2026-05-08T20:41:43.565+0000] {dag.py:4180} INFO - Setting next_dagrun for tutorial_taskflow_api_virtualenv to None, run_after=None
[2026-05-08T20:41:43.579+0000] {processor.py:208} INFO - Processing /home/airflow/.local/lib/python3.12/site-packages/airflow/example_dags/tutorial_taskflow_api_virtualenv.py took 0.057 seconds
[2026-05-08T20:42:14.996+0000] {processor.py:186} INFO - Started process (PID=1447) to work on /home/airflow/.local/lib/python3.12/site-packages/airflow/example_dags/tutorial_taskflow_api_virtualenv.py
[2026-05-08T20:42:14.996+0000] {processor.py:914} INFO - Processing file /home/airflow/.local/lib/python3.12/site-packages/airflow/example_dags/tutorial_taskflow_api_virtualenv.py for tasks to queue
[2026-05-08T20:42:14.998+0000] {logging_mixin.py:190} INFO - [2026-05-08T20:42:14.998+0000] {dagbag.py:588} INFO - Filling up the DagBag from /home/airflow/.local/lib/python3.12/site-packages/airflow/example_dags/tutorial_taskflow_api_virtualenv.py
[2026-05-08T20:42:15.010+0000] {processor.py:925} INFO - DAG(s) 'tutorial_taskflow_api_virtualenv' retrieved from /home/airflow/.local/lib/python3.12/site-packages/airflow/example_dags/tutorial_taskflow_api_virtualenv.py
[2026-05-08T20:42:15.028+0000] {logging_mixin.py:190} INFO - [2026-05-08T20:42:15.028+0000] {dag.py:3239} INFO - Sync 1 DAGs
[2026-05-08T20:42:15.043+0000] {logging_mixin.py:190} INFO - [2026-05-08T20:42:15.043+0000] {dag.py:4180} INFO - Setting next_dagrun for tutorial_taskflow_api_virtualenv to None, run_after=None
[2026-05-08T20:42:15.059+0000] {processor.py:208} INFO - Processing /home/airflow/.local/lib/python3.12/site-packages/airflow/example_dags/tutorial_taskflow_api_virtualenv.py took 0.068 seconds
[2026-05-08T20:42:46.329+0000] {processor.py:186} INFO - Started process (PID=1512) to work on /home/airflow/.local/lib/python3.12/site-packages/airflow/example_dags/tutorial_taskflow_api_virtualenv.py
[2026-05-08T20:42:46.330+0000] {processor.py:914} INFO - Processing file /home/airflow/.local/lib/python3.12/site-packages/airflow/example_dags/tutorial_taskflow_api_virtualenv.py for tasks to queue
[2026-05-08T20:42:46.332+0000] {logging_mixin.py:190} INFO - [2026-05-08T20:42:46.332+0000] {dagbag.py:588} INFO - Filling up the DagBag from /home/airflow/.local/lib/python3.12/site-packages/airflow/example_dags/tutorial_taskflow_api_virtualenv.py
[2026-05-08T20:42:46.342+0000] {processor.py:925} INFO - DAG(s) 'tutorial_taskflow_api_virtualenv' retrieved from /home/airflow/.local/lib/python3.12/site-packages/airflow/example_dags/tutorial_taskflow_api_virtualenv.py
[2026-05-08T20:42:46.359+0000] {logging_mixin.py:190} INFO - [2026-05-08T20:42:46.359+0000] {dag.py:3239} INFO - Sync 1 DAGs
[2026-05-08T20:42:46.373+0000] {logging_mixin.py:190} INFO - [2026-05-08T20:42:46.372+0000] {dag.py:4180} INFO - Setting next_dagrun for tutorial_taskflow_api_virtualenv to None, run_after=None
[2026-05-08T20:42:46.386+0000] {processor.py:208} INFO - Processing /home/airflow/.local/lib/python3.12/site-packages/airflow/example_dags/tutorial_taskflow_api_virtualenv.py took 0.062 seconds
[2026-05-08T20:43:17.334+0000] {processor.py:186} INFO - Started process (PID=1576) to work on /home/airflow/.local/lib/python3.12/site-packages/airflow/example_dags/tutorial_taskflow_api_virtualenv.py
[2026-05-08T20:43:17.335+0000] {processor.py:914} INFO - Processing file /home/airflow/.local/lib/python3.12/site-packages/airflow/example_dags/tutorial_taskflow_api_virtualenv.py for tasks to queue
[2026-05-08T20:43:17.337+0000] {logging_mixin.py:190} INFO - [2026-05-08T20:43:17.336+0000] {dagbag.py:588} INFO - Filling up the DagBag from /home/airflow/.local/lib/python3.12/site-packages/airflow/example_dags/tutorial_taskflow_api_virtualenv.py
[2026-05-08T20:43:17.346+0000] {processor.py:925} INFO - DAG(s) 'tutorial_taskflow_api_virtualenv' retrieved from /home/airflow/.local/lib/python3.12/site-packages/airflow/example_dags/tutorial_taskflow_api_virtualenv.py
[2026-05-08T20:43:17.362+0000] {logging_mixin.py:190} INFO - [2026-05-08T20:43:17.361+0000] {dag.py:3239} INFO - Sync 1 DAGs
[2026-05-08T20:43:17.374+0000] {logging_mixin.py:190} INFO - [2026-05-08T20:43:17.374+0000] {dag.py:4180} INFO - Setting next_dagrun for tutorial_taskflow_api_virtualenv to None, run_after=None
[2026-05-08T20:43:17.387+0000] {processor.py:208} INFO - Processing /home/airflow/.local/lib/python3.12/site-packages/airflow/example_dags/tutorial_taskflow_api_virtualenv.py took 0.058 seconds
[2026-05-08T20:43:48.647+0000] {processor.py:186} INFO - Started process (PID=1640) to work on /home/airflow/.local/lib/python3.12/site-packages/airflow/example_dags/tutorial_taskflow_api_virtualenv.py
[2026-05-08T20:43:48.647+0000] {processor.py:914} INFO - Processing file /home/airflow/.local/lib/python3.12/site-packages/airflow/example_dags/tutorial_taskflow_api_virtualenv.py for tasks to queue
[2026-05-08T20:43:48.649+0000] {logging_mixin.py:190} INFO - [2026-05-08T20:43:48.649+0000] {dagbag.py:588} INFO - Filling up the DagBag from /home/airflow/.local/lib/python3.12/site-packages/airflow/example_dags/tutorial_taskflow_api_virtualenv.py
[2026-05-08T20:43:48.661+0000] {processor.py:925} INFO - DAG(s) 'tutorial_taskflow_api_virtualenv' retrieved from /home/airflow/.local/lib/python3.12/site-packages/airflow/example_dags/tutorial_taskflow_api_virtualenv.py
[2026-05-08T20:43:48.677+0000] {logging_mixin.py:190} INFO - [2026-05-08T20:43:48.677+0000] {dag.py:3239} INFO - Sync 1 DAGs
[2026-05-08T20:43:48.691+0000] {logging_mixin.py:190} INFO - [2026-05-08T20:43:48.690+0000] {dag.py:4180} INFO - Setting next_dagrun for tutorial_taskflow_api_virtualenv to None, run_after=None
[2026-05-08T20:43:48.708+0000] {processor.py:208} INFO - Processing /home/airflow/.local/lib/python3.12/site-packages/airflow/example_dags/tutorial_taskflow_api_virtualenv.py took 0.066 seconds
[2026-05-08T20:44:20.130+0000] {processor.py:186} INFO - Started process (PID=1704) to work on /home/airflow/.local/lib/python3.12/site-packages/airflow/example_dags/tutorial_taskflow_api_virtualenv.py
[2026-05-08T20:44:20.131+0000] {processor.py:914} INFO - Processing file /home/airflow/.local/lib/python3.12/site-packages/airflow/example_dags/tutorial_taskflow_api_virtualenv.py for tasks to queue
[2026-05-08T20:44:20.133+0000] {logging_mixin.py:190} INFO - [2026-05-08T20:44:20.132+0000] {dagbag.py:588} INFO - Filling up the DagBag from /home/airflow/.local/lib/python3.12/site-packages/airflow/example_dags/tutorial_taskflow_api_virtualenv.py
[2026-05-08T20:44:20.142+0000] {processor.py:925} INFO - DAG(s) 'tutorial_taskflow_api_virtualenv' retrieved from /home/airflow/.local/lib/python3.12/site-packages/airflow/example_dags/tutorial_taskflow_api_virtualenv.py
[2026-05-08T20:44:20.157+0000] {logging_mixin.py:190} INFO - [2026-05-08T20:44:20.156+0000] {dag.py:3239} INFO - Sync 1 DAGs
[2026-05-08T20:44:20.168+0000] {logging_mixin.py:190} INFO - [2026-05-08T20:44:20.168+0000] {dag.py:4180} INFO - Setting next_dagrun for tutorial_taskflow_api_virtualenv to None, run_after=None
[2026-05-08T20:44:20.181+0000] {processor.py:208} INFO - Processing /home/airflow/.local/lib/python3.12/site-packages/airflow/example_dags/tutorial_taskflow_api_virtualenv.py took 0.055 seconds
[2026-05-08T20:44:51.517+0000] {processor.py:186} INFO - Started process (PID=1768) to work on /home/airflow/.local/lib/python3.12/site-packages/airflow/example_dags/tutorial_taskflow_api_virtualenv.py
[2026-05-08T20:44:51.518+0000] {processor.py:914} INFO - Processing file /home/airflow/.local/lib/python3.12/site-packages/airflow/example_dags/tutorial_taskflow_api_virtualenv.py for tasks to queue
[2026-05-08T20:44:51.520+0000] {logging_mixin.py:190} INFO - [2026-05-08T20:44:51.520+0000] {dagbag.py:588} INFO - Filling up the DagBag from /home/airflow/.local/lib/python3.12/site-packages/airflow/example_dags/tutorial_taskflow_api_virtualenv.py
[2026-05-08T20:44:51.532+0000] {processor.py:925} INFO - DAG(s) 'tutorial_taskflow_api_virtualenv' retrieved from /home/airflow/.local/lib/python3.12/site-packages/airflow/example_dags/tutorial_taskflow_api_virtualenv.py
[2026-05-08T20:44:51.548+0000] {logging_mixin.py:190} INFO - [2026-05-08T20:44:51.548+0000] {dag.py:3239} INFO - Sync 1 DAGs
[2026-05-08T20:44:51.559+0000] {logging_mixin.py:190} INFO - [2026-05-08T20:44:51.559+0000] {dag.py:4180} INFO - Setting next_dagrun for tutorial_taskflow_api_virtualenv to None, run_after=None
[2026-05-08T20:44:51.573+0000] {processor.py:208} INFO - Processing /home/airflow/.local/lib/python3.12/site-packages/airflow/example_dags/tutorial_taskflow_api_virtualenv.py took 0.061 seconds
[2026-05-08T20:45:22.768+0000] {processor.py:186} INFO - Started process (PID=1832) to work on /home/airflow/.local/lib/python3.12/site-packages/airflow/example_dags/tutorial_taskflow_api_virtualenv.py
[2026-05-08T20:45:22.768+0000] {processor.py:914} INFO - Processing file /home/airflow/.local/lib/python3.12/site-packages/airflow/example_dags/tutorial_taskflow_api_virtualenv.py for tasks to queue
[2026-05-08T20:45:22.770+0000] {logging_mixin.py:190} INFO - [2026-05-08T20:45:22.770+0000] {dagbag.py:588} INFO - Filling up the DagBag from /home/airflow/.local/lib/python3.12/site-packages/airflow/example_dags/tutorial_taskflow_api_virtualenv.py
[2026-05-08T20:45:22.780+0000] {processor.py:925} INFO - DAG(s) 'tutorial_taskflow_api_virtualenv' retrieved from /home/airflow/.local/lib/python3.12/site-packages/airflow/example_dags/tutorial_taskflow_api_virtualenv.py
[2026-05-08T20:45:22.796+0000] {logging_mixin.py:190} INFO - [2026-05-08T20:45:22.795+0000] {dag.py:3239} INFO - Sync 1 DAGs
[2026-05-08T20:45:22.808+0000] {logging_mixin.py:190} INFO - [2026-05-08T20:45:22.808+0000] {dag.py:4180} INFO - Setting next_dagrun for tutorial_taskflow_api_virtualenv to None, run_after=None
[2026-05-08T20:45:22.821+0000] {processor.py:208} INFO - Processing /home/airflow/.local/lib/python3.12/site-packages/airflow/example_dags/tutorial_taskflow_api_virtualenv.py took 0.058 seconds
[2026-05-08T20:45:54.113+0000] {processor.py:186} INFO - Started process (PID=1896) to work on /home/airflow/.local/lib/python3.12/site-packages/airflow/example_dags/tutorial_taskflow_api_virtualenv.py
[2026-05-08T20:45:54.113+0000] {processor.py:914} INFO - Processing file /home/airflow/.local/lib/python3.12/site-packages/airflow/example_dags/tutorial_taskflow_api_virtualenv.py for tasks to queue
[2026-05-08T20:45:54.115+0000] {logging_mixin.py:190} INFO - [2026-05-08T20:45:54.114+0000] {dagbag.py:588} INFO - Filling up the DagBag from /home/airflow/.local/lib/python3.12/site-packages/airflow/example_dags/tutorial_taskflow_api_virtualenv.py
[2026-05-08T20:45:54.124+0000] {processor.py:925} INFO - DAG(s) 'tutorial_taskflow_api_virtualenv' retrieved from /home/airflow/.local/lib/python3.12/site-packages/airflow/example_dags/tutorial_taskflow_api_virtualenv.py
[2026-05-08T20:45:54.139+0000] {logging_mixin.py:190} INFO - [2026-05-08T20:45:54.139+0000] {dag.py:3239} INFO - Sync 1 DAGs
[2026-05-08T20:45:54.150+0000] {logging_mixin.py:190} INFO - [2026-05-08T20:45:54.150+0000] {dag.py:4180} INFO - Setting next_dagrun for tutorial_taskflow_api_virtualenv to None, run_after=None
[2026-05-08T20:45:54.163+0000] {processor.py:208} INFO - Processing /home/airflow/.local/lib/python3.12/site-packages/airflow/example_dags/tutorial_taskflow_api_virtualenv.py took 0.055 seconds
[2026-05-08T20:46:25.480+0000] {processor.py:186} INFO - Started process (PID=1961) to work on /home/airflow/.local/lib/python3.12/site-packages/airflow/example_dags/tutorial_taskflow_api_virtualenv.py
[2026-05-08T20:46:25.481+0000] {processor.py:914} INFO - Processing file /home/airflow/.local/lib/python3.12/site-packages/airflow/example_dags/tutorial_taskflow_api_virtualenv.py for tasks to queue
[2026-05-08T20:46:25.482+0000] {logging_mixin.py:190} INFO - [2026-05-08T20:46:25.482+0000] {dagbag.py:588} INFO - Filling up the DagBag from /home/airflow/.local/lib/python3.12/site-packages/airflow/example_dags/tutorial_taskflow_api_virtualenv.py
[2026-05-08T20:46:25.493+0000] {processor.py:925} INFO - DAG(s) 'tutorial_taskflow_api_virtualenv' retrieved from /home/airflow/.local/lib/python3.12/site-packages/airflow/example_dags/tutorial_taskflow_api_virtualenv.py
[2026-05-08T20:46:25.510+0000] {logging_mixin.py:190} INFO - [2026-05-08T20:46:25.510+0000] {dag.py:3239} INFO - Sync 1 DAGs
[2026-05-08T20:46:25.524+0000] {logging_mixin.py:190} INFO - [2026-05-08T20:46:25.524+0000] {dag.py:4180} INFO - Setting next_dagrun for tutorial_taskflow_api_virtualenv to None, run_after=None
[2026-05-08T20:46:25.538+0000] {processor.py:208} INFO - Processing /home/airflow/.local/lib/python3.12/site-packages/airflow/example_dags/tutorial_taskflow_api_virtualenv.py took 0.063 seconds
[2026-05-08T20:46:56.976+0000] {processor.py:186} INFO - Started process (PID=2025) to work on /home/airflow/.local/lib/python3.12/site-packages/airflow/example_dags/tutorial_taskflow_api_virtualenv.py
[2026-05-08T20:46:56.976+0000] {processor.py:914} INFO - Processing file /home/airflow/.local/lib/python3.12/site-packages/airflow/example_dags/tutorial_taskflow_api_virtualenv.py for tasks to queue
[2026-05-08T20:46:56.978+0000] {logging_mixin.py:190} INFO - [2026-05-08T20:46:56.978+0000] {dagbag.py:588} INFO - Filling up the DagBag from /home/airflow/.local/lib/python3.12/site-packages/airflow/example_dags/tutorial_taskflow_api_virtualenv.py
[2026-05-08T20:46:56.989+0000] {processor.py:925} INFO - DAG(s) 'tutorial_taskflow_api_virtualenv' retrieved from /home/airflow/.local/lib/python3.12/site-packages/airflow/example_dags/tutorial_taskflow_api_virtualenv.py
[2026-05-08T20:46:57.005+0000] {logging_mixin.py:190} INFO - [2026-05-08T20:46:57.004+0000] {dag.py:3239} INFO - Sync 1 DAGs
[2026-05-08T20:46:57.017+0000] {logging_mixin.py:190} INFO - [2026-05-08T20:46:57.017+0000] {dag.py:4180} INFO - Setting next_dagrun for tutorial_taskflow_api_virtualenv to None, run_after=None
[2026-05-08T20:46:57.030+0000] {processor.py:208} INFO - Processing /home/airflow/.local/lib/python3.12/site-packages/airflow/example_dags/tutorial_taskflow_api_virtualenv.py took 0.060 seconds
[2026-05-08T20:47:28.561+0000] {processor.py:186} INFO - Started process (PID=2089) to work on /home/airflow/.local/lib/python3.12/site-packages/airflow/example_dags/tutorial_taskflow_api_virtualenv.py
[2026-05-08T20:47:28.562+0000] {processor.py:914} INFO - Processing file /home/airflow/.local/lib/python3.12/site-packages/airflow/example_dags/tutorial_taskflow_api_virtualenv.py for tasks to queue
[2026-05-08T20:47:28.564+0000] {logging_mixin.py:190} INFO - [2026-05-08T20:47:28.563+0000] {dagbag.py:588} INFO - Filling up the DagBag from /home/airflow/.local/lib/python3.12/site-packages/airflow/example_dags/tutorial_taskflow_api_virtualenv.py
[2026-05-08T20:47:28.573+0000] {processor.py:925} INFO - DAG(s) 'tutorial_taskflow_api_virtualenv' retrieved from /home/airflow/.local/lib/python3.12/site-packages/airflow/example_dags/tutorial_taskflow_api_virtualenv.py
[2026-05-08T20:47:28.589+0000] {logging_mixin.py:190} INFO - [2026-05-08T20:47:28.589+0000] {dag.py:3239} INFO - Sync 1 DAGs
[2026-05-08T20:47:28.601+0000] {logging_mixin.py:190} INFO - [2026-05-08T20:47:28.600+0000] {dag.py:4180} INFO - Setting next_dagrun for tutorial_taskflow_api_virtualenv to None, run_after=None
[2026-05-08T20:47:28.615+0000] {processor.py:208} INFO - Processing /home/airflow/.local/lib/python3.12/site-packages/airflow/example_dags/tutorial_taskflow_api_virtualenv.py took 0.059 seconds
[2026-05-08T20:47:58.673+0000] {processor.py:186} INFO - Started process (PID=2152) to work on /home/airflow/.local/lib/python3.12/site-packages/airflow/example_dags/tutorial_taskflow_api_virtualenv.py
[2026-05-08T20:47:58.674+0000] {processor.py:914} INFO - Processing file /home/airflow/.local/lib/python3.12/site-packages/airflow/example_dags/tutorial_taskflow_api_virtualenv.py for tasks to queue
[2026-05-08T20:47:58.675+0000] {logging_mixin.py:190} INFO - [2026-05-08T20:47:58.675+0000] {dagbag.py:588} INFO - Filling up the DagBag from /home/airflow/.local/lib/python3.12/site-packages/airflow/example_dags/tutorial_taskflow_api_virtualenv.py
[2026-05-08T20:47:58.686+0000] {processor.py:925} INFO - DAG(s) 'tutorial_taskflow_api_virtualenv' retrieved from /home/airflow/.local/lib/python3.12/site-packages/airflow/example_dags/tutorial_taskflow_api_virtualenv.py
[2026-05-08T20:47:58.702+0000] {logging_mixin.py:190} INFO - [2026-05-08T20:47:58.702+0000] {dag.py:3239} INFO - Sync 1 DAGs
[2026-05-08T20:47:58.713+0000] {logging_mixin.py:190} INFO - [2026-05-08T20:47:58.713+0000] {dag.py:4180} INFO - Setting next_dagrun for tutorial_taskflow_api_virtualenv to None, run_after=None
[2026-05-08T20:47:58.727+0000] {processor.py:208} INFO - Processing /home/airflow/.local/lib/python3.12/site-packages/airflow/example_dags/tutorial_taskflow_api_virtualenv.py took 0.058 seconds
[2026-05-08T20:48:28.832+0000] {processor.py:186} INFO - Started process (PID=2214) to work on /home/airflow/.local/lib/python3.12/site-packages/airflow/example_dags/tutorial_taskflow_api_virtualenv.py
[2026-05-08T20:48:28.833+0000] {processor.py:914} INFO - Processing file /home/airflow/.local/lib/python3.12/site-packages/airflow/example_dags/tutorial_taskflow_api_virtualenv.py for tasks to queue
[2026-05-08T20:48:28.834+0000] {logging_mixin.py:190} INFO - [2026-05-08T20:48:28.834+0000] {dagbag.py:588} INFO - Filling up the DagBag from /home/airflow/.local/lib/python3.12/site-packages/airflow/example_dags/tutorial_taskflow_api_virtualenv.py
[2026-05-08T20:48:28.844+0000] {processor.py:925} INFO - DAG(s) 'tutorial_taskflow_api_virtualenv' retrieved from /home/airflow/.local/lib/python3.12/site-packages/airflow/example_dags/tutorial_taskflow_api_virtualenv.py
[2026-05-08T20:48:28.859+0000] {logging_mixin.py:190} INFO - [2026-05-08T20:48:28.858+0000] {dag.py:3239} INFO - Sync 1 DAGs
[2026-05-08T20:48:28.870+0000] {logging_mixin.py:190} INFO - [2026-05-08T20:48:28.870+0000] {dag.py:4180} INFO - Setting next_dagrun for tutorial_taskflow_api_virtualenv to None, run_after=None
[2026-05-08T20:48:28.883+0000] {processor.py:208} INFO - Processing /home/airflow/.local/lib/python3.12/site-packages/airflow/example_dags/tutorial_taskflow_api_virtualenv.py took 0.055 seconds
[2026-05-08T20:48:59.404+0000] {processor.py:186} INFO - Started process (PID=2282) to work on /home/airflow/.local/lib/python3.12/site-packages/airflow/example_dags/tutorial_taskflow_api_virtualenv.py
[2026-05-08T20:48:59.405+0000] {processor.py:914} INFO - Processing file /home/airflow/.local/lib/python3.12/site-packages/airflow/example_dags/tutorial_taskflow_api_virtualenv.py for tasks to queue
[2026-05-08T20:48:59.407+0000] {logging_mixin.py:190} INFO - [2026-05-08T20:48:59.407+0000] {dagbag.py:588} INFO - Filling up the DagBag from /home/airflow/.local/lib/python3.12/site-packages/airflow/example_dags/tutorial_taskflow_api_virtualenv.py
[2026-05-08T20:48:59.421+0000] {processor.py:925} INFO - DAG(s) 'tutorial_taskflow_api_virtualenv' retrieved from /home/airflow/.local/lib/python3.12/site-packages/airflow/example_dags/tutorial_taskflow_api_virtualenv.py
[2026-05-08T20:48:59.446+0000] {logging_mixin.py:190} INFO - [2026-05-08T20:48:59.445+0000] {dag.py:3239} INFO - Sync 1 DAGs
[2026-05-08T20:48:59.466+0000] {logging_mixin.py:190} INFO - [2026-05-08T20:48:59.466+0000] {dag.py:4180} INFO - Setting next_dagrun for tutorial_taskflow_api_virtualenv to None, run_after=None
[2026-05-08T20:48:59.481+0000] {processor.py:208} INFO - Processing /home/airflow/.local/lib/python3.12/site-packages/airflow/example_dags/tutorial_taskflow_api_virtualenv.py took 0.084 seconds
[2026-05-08T20:49:29.741+0000] {processor.py:186} INFO - Started process (PID=2346) to work on /home/airflow/.local/lib/python3.12/site-packages/airflow/example_dags/tutorial_taskflow_api_virtualenv.py
[2026-05-08T20:49:29.742+0000] {processor.py:914} INFO - Processing file /home/airflow/.local/lib/python3.12/site-packages/airflow/example_dags/tutorial_taskflow_api_virtualenv.py for tasks to queue
[2026-05-08T20:49:29.744+0000] {logging_mixin.py:190} INFO - [2026-05-08T20:49:29.744+0000] {dagbag.py:588} INFO - Filling up the DagBag from /home/airflow/.local/lib/python3.12/site-packages/airflow/example_dags/tutorial_taskflow_api_virtualenv.py
[2026-05-08T20:49:29.754+0000] {processor.py:925} INFO - DAG(s) 'tutorial_taskflow_api_virtualenv' retrieved from /home/airflow/.local/lib/python3.12/site-packages/airflow/example_dags/tutorial_taskflow_api_virtualenv.py
[2026-05-08T20:49:29.772+0000] {logging_mixin.py:190} INFO - [2026-05-08T20:49:29.772+0000] {dag.py:3239} INFO - Sync 1 DAGs
[2026-05-08T20:49:29.788+0000] {logging_mixin.py:190} INFO - [2026-05-08T20:49:29.787+0000] {dag.py:4180} INFO - Setting next_dagrun for tutorial_taskflow_api_virtualenv to None, run_after=None
[2026-05-08T20:49:29.803+0000] {processor.py:208} INFO - Processing /home/airflow/.local/lib/python3.12/site-packages/airflow/example_dags/tutorial_taskflow_api_virtualenv.py took 0.066 seconds
[2026-05-08T20:50:00.324+0000] {processor.py:186} INFO - Started process (PID=2410) to work on /home/airflow/.local/lib/python3.12/site-packages/airflow/example_dags/tutorial_taskflow_api_virtualenv.py
[2026-05-08T20:50:00.324+0000] {processor.py:914} INFO - Processing file /home/airflow/.local/lib/python3.12/site-packages/airflow/example_dags/tutorial_taskflow_api_virtualenv.py for tasks to queue
[2026-05-08T20:50:00.327+0000] {logging_mixin.py:190} INFO - [2026-05-08T20:50:00.326+0000] {dagbag.py:588} INFO - Filling up the DagBag from /home/airflow/.local/lib/python3.12/site-packages/airflow/example_dags/tutorial_taskflow_api_virtualenv.py
[2026-05-08T20:50:00.343+0000] {processor.py:925} INFO - DAG(s) 'tutorial_taskflow_api_virtualenv' retrieved from /home/airflow/.local/lib/python3.12/site-packages/airflow/example_dags/tutorial_taskflow_api_virtualenv.py
[2026-05-08T20:50:00.369+0000] {logging_mixin.py:190} INFO - [2026-05-08T20:50:00.369+0000] {dag.py:3239} INFO - Sync 1 DAGs
[2026-05-08T20:50:00.384+0000] {logging_mixin.py:190} INFO - [2026-05-08T20:50:00.384+0000] {dag.py:4180} INFO - Setting next_dagrun for tutorial_taskflow_api_virtualenv to None, run_after=None
[2026-05-08T20:50:00.400+0000] {processor.py:208} INFO - Processing /home/airflow/.local/lib/python3.12/site-packages/airflow/example_dags/tutorial_taskflow_api_virtualenv.py took 0.084 seconds
[2026-05-08T20:50:31.617+0000] {processor.py:186} INFO - Started process (PID=2474) to work on /home/airflow/.local/lib/python3.12/site-packages/airflow/example_dags/tutorial_taskflow_api_virtualenv.py
[2026-05-08T20:50:31.618+0000] {processor.py:914} INFO - Processing file /home/airflow/.local/lib/python3.12/site-packages/airflow/example_dags/tutorial_taskflow_api_virtualenv.py for tasks to queue
[2026-05-08T20:50:31.619+0000] {logging_mixin.py:190} INFO - [2026-05-08T20:50:31.619+0000] {dagbag.py:588} INFO - Filling up the DagBag from /home/airflow/.local/lib/python3.12/site-packages/airflow/example_dags/tutorial_taskflow_api_virtualenv.py
[2026-05-08T20:50:31.629+0000] {processor.py:925} INFO - DAG(s) 'tutorial_taskflow_api_virtualenv' retrieved from /home/airflow/.local/lib/python3.12/site-packages/airflow/example_dags/tutorial_taskflow_api_virtualenv.py
[2026-05-08T20:50:31.645+0000] {logging_mixin.py:190} INFO - [2026-05-08T20:50:31.644+0000] {dag.py:3239} INFO - Sync 1 DAGs
[2026-05-08T20:50:31.656+0000] {logging_mixin.py:190} INFO - [2026-05-08T20:50:31.656+0000] {dag.py:4180} INFO - Setting next_dagrun for tutorial_taskflow_api_virtualenv to None, run_after=None
[2026-05-08T20:50:31.670+0000] {processor.py:208} INFO - Processing /home/airflow/.local/lib/python3.12/site-packages/airflow/example_dags/tutorial_taskflow_api_virtualenv.py took 0.057 seconds
[2026-05-08T20:51:02.403+0000] {processor.py:186} INFO - Started process (PID=2544) to work on /home/airflow/.local/lib/python3.12/site-packages/airflow/example_dags/tutorial_taskflow_api_virtualenv.py
[2026-05-08T20:51:02.404+0000] {processor.py:914} INFO - Processing file /home/airflow/.local/lib/python3.12/site-packages/airflow/example_dags/tutorial_taskflow_api_virtualenv.py for tasks to queue
[2026-05-08T20:51:02.406+0000] {logging_mixin.py:190} INFO - [2026-05-08T20:51:02.405+0000] {dagbag.py:588} INFO - Filling up the DagBag from /home/airflow/.local/lib/python3.12/site-packages/airflow/example_dags/tutorial_taskflow_api_virtualenv.py
[2026-05-08T20:51:02.418+0000] {processor.py:925} INFO - DAG(s) 'tutorial_taskflow_api_virtualenv' retrieved from /home/airflow/.local/lib/python3.12/site-packages/airflow/example_dags/tutorial_taskflow_api_virtualenv.py
[2026-05-08T20:51:02.436+0000] {logging_mixin.py:190} INFO - [2026-05-08T20:51:02.436+0000] {dag.py:3239} INFO - Sync 1 DAGs
[2026-05-08T20:51:02.449+0000] {logging_mixin.py:190} INFO - [2026-05-08T20:51:02.449+0000] {dag.py:4180} INFO - Setting next_dagrun for tutorial_taskflow_api_virtualenv to None, run_after=None
[2026-05-08T20:51:02.463+0000] {processor.py:208} INFO - Processing /home/airflow/.local/lib/python3.12/site-packages/airflow/example_dags/tutorial_taskflow_api_virtualenv.py took 0.068 seconds
[2026-05-08T20:51:33.174+0000] {processor.py:186} INFO - Started process (PID=2608) to work on /home/airflow/.local/lib/python3.12/site-packages/airflow/example_dags/tutorial_taskflow_api_virtualenv.py
[2026-05-08T20:51:33.174+0000] {processor.py:914} INFO - Processing file /home/airflow/.local/lib/python3.12/site-packages/airflow/example_dags/tutorial_taskflow_api_virtualenv.py for tasks to queue
[2026-05-08T20:51:33.176+0000] {logging_mixin.py:190} INFO - [2026-05-08T20:51:33.176+0000] {dagbag.py:588} INFO - Filling up the DagBag from /home/airflow/.local/lib/python3.12/site-packages/airflow/example_dags/tutorial_taskflow_api_virtualenv.py
[2026-05-08T20:51:33.186+0000] {processor.py:925} INFO - DAG(s) 'tutorial_taskflow_api_virtualenv' retrieved from /home/airflow/.local/lib/python3.12/site-packages/airflow/example_dags/tutorial_taskflow_api_virtualenv.py
[2026-05-08T20:51:33.202+0000] {logging_mixin.py:190} INFO - [2026-05-08T20:51:33.201+0000] {dag.py:3239} INFO - Sync 1 DAGs
[2026-05-08T20:51:33.214+0000] {logging_mixin.py:190} INFO - [2026-05-08T20:51:33.214+0000] {dag.py:4180} INFO - Setting next_dagrun for tutorial_taskflow_api_virtualenv to None, run_after=None
[2026-05-08T20:51:33.228+0000] {processor.py:208} INFO - Processing /home/airflow/.local/lib/python3.12/site-packages/airflow/example_dags/tutorial_taskflow_api_virtualenv.py took 0.059 seconds
[2026-05-08T20:52:03.778+0000] {processor.py:186} INFO - Started process (PID=2672) to work on /home/airflow/.local/lib/python3.12/site-packages/airflow/example_dags/tutorial_taskflow_api_virtualenv.py
[2026-05-08T20:52:03.779+0000] {processor.py:914} INFO - Processing file /home/airflow/.local/lib/python3.12/site-packages/airflow/example_dags/tutorial_taskflow_api_virtualenv.py for tasks to queue
[2026-05-08T20:52:03.781+0000] {logging_mixin.py:190} INFO - [2026-05-08T20:52:03.780+0000] {dagbag.py:588} INFO - Filling up the DagBag from /home/airflow/.local/lib/python3.12/site-packages/airflow/example_dags/tutorial_taskflow_api_virtualenv.py
[2026-05-08T20:52:03.790+0000] {processor.py:925} INFO - DAG(s) 'tutorial_taskflow_api_virtualenv' retrieved from /home/airflow/.local/lib/python3.12/site-packages/airflow/example_dags/tutorial_taskflow_api_virtualenv.py
[2026-05-08T20:52:03.805+0000] {logging_mixin.py:190} INFO - [2026-05-08T20:52:03.805+0000] {dag.py:3239} INFO - Sync 1 DAGs
[2026-05-08T20:52:03.816+0000] {logging_mixin.py:190} INFO - [2026-05-08T20:52:03.816+0000] {dag.py:4180} INFO - Setting next_dagrun for tutorial_taskflow_api_virtualenv to None, run_after=None
[2026-05-08T20:52:03.831+0000] {processor.py:208} INFO - Processing /home/airflow/.local/lib/python3.12/site-packages/airflow/example_dags/tutorial_taskflow_api_virtualenv.py took 0.057 seconds
[2026-05-08T20:52:34.606+0000] {processor.py:186} INFO - Started process (PID=2736) to work on /home/airflow/.local/lib/python3.12/site-packages/airflow/example_dags/tutorial_taskflow_api_virtualenv.py
[2026-05-08T20:52:34.606+0000] {processor.py:914} INFO - Processing file /home/airflow/.local/lib/python3.12/site-packages/airflow/example_dags/tutorial_taskflow_api_virtualenv.py for tasks to queue
[2026-05-08T20:52:34.608+0000] {logging_mixin.py:190} INFO - [2026-05-08T20:52:34.607+0000] {dagbag.py:588} INFO - Filling up the DagBag from /home/airflow/.local/lib/python3.12/site-packages/airflow/example_dags/tutorial_taskflow_api_virtualenv.py
[2026-05-08T20:52:34.617+0000] {processor.py:925} INFO - DAG(s) 'tutorial_taskflow_api_virtualenv' retrieved from /home/airflow/.local/lib/python3.12/site-packages/airflow/example_dags/tutorial_taskflow_api_virtualenv.py
[2026-05-08T20:52:34.633+0000] {logging_mixin.py:190} INFO - [2026-05-08T20:52:34.633+0000] {dag.py:3239} INFO - Sync 1 DAGs
[2026-05-08T20:52:34.644+0000] {logging_mixin.py:190} INFO - [2026-05-08T20:52:34.644+0000] {dag.py:4180} INFO - Setting next_dagrun for tutorial_taskflow_api_virtualenv to None, run_after=None
[2026-05-08T20:52:34.657+0000] {processor.py:208} INFO - Processing /home/airflow/.local/lib/python3.12/site-packages/airflow/example_dags/tutorial_taskflow_api_virtualenv.py took 0.056 seconds
[2026-05-08T20:53:05.755+0000] {processor.py:186} INFO - Started process (PID=2800) to work on /home/airflow/.local/lib/python3.12/site-packages/airflow/example_dags/tutorial_taskflow_api_virtualenv.py
[2026-05-08T20:53:05.756+0000] {processor.py:914} INFO - Processing file /home/airflow/.local/lib/python3.12/site-packages/airflow/example_dags/tutorial_taskflow_api_virtualenv.py for tasks to queue
[2026-05-08T20:53:05.758+0000] {logging_mixin.py:190} INFO - [2026-05-08T20:53:05.758+0000] {dagbag.py:588} INFO - Filling up the DagBag from /home/airflow/.local/lib/python3.12/site-packages/airflow/example_dags/tutorial_taskflow_api_virtualenv.py
[2026-05-08T20:53:05.773+0000] {processor.py:925} INFO - DAG(s) 'tutorial_taskflow_api_virtualenv' retrieved from /home/airflow/.local/lib/python3.12/site-packages/airflow/example_dags/tutorial_taskflow_api_virtualenv.py
[2026-05-08T20:53:05.789+0000] {logging_mixin.py:190} INFO - [2026-05-08T20:53:05.789+0000] {dag.py:3239} INFO - Sync 1 DAGs
[2026-05-08T20:53:05.801+0000] {logging_mixin.py:190} INFO - [2026-05-08T20:53:05.801+0000] {dag.py:4180} INFO - Setting next_dagrun for tutorial_taskflow_api_virtualenv to None, run_after=None
[2026-05-08T20:53:05.814+0000] {processor.py:208} INFO - Processing /home/airflow/.local/lib/python3.12/site-packages/airflow/example_dags/tutorial_taskflow_api_virtualenv.py took 0.066 seconds
[2026-05-08T20:53:36.889+0000] {processor.py:186} INFO - Started process (PID=2864) to work on /home/airflow/.local/lib/python3.12/site-packages/airflow/example_dags/tutorial_taskflow_api_virtualenv.py
[2026-05-08T20:53:36.889+0000] {processor.py:914} INFO - Processing file /home/airflow/.local/lib/python3.12/site-packages/airflow/example_dags/tutorial_taskflow_api_virtualenv.py for tasks to queue
[2026-05-08T20:53:36.891+0000] {logging_mixin.py:190} INFO - [2026-05-08T20:53:36.891+0000] {dagbag.py:588} INFO - Filling up the DagBag from /home/airflow/.local/lib/python3.12/site-packages/airflow/example_dags/tutorial_taskflow_api_virtualenv.py
[2026-05-08T20:53:36.902+0000] {processor.py:925} INFO - DAG(s) 'tutorial_taskflow_api_virtualenv' retrieved from /home/airflow/.local/lib/python3.12/site-packages/airflow/example_dags/tutorial_taskflow_api_virtualenv.py
[2026-05-08T20:53:36.916+0000] {logging_mixin.py:190} INFO - [2026-05-08T20:53:36.916+0000] {dag.py:3239} INFO - Sync 1 DAGs
[2026-05-08T20:53:36.929+0000] {logging_mixin.py:190} INFO - [2026-05-08T20:53:36.929+0000] {dag.py:4180} INFO - Setting next_dagrun for tutorial_taskflow_api_virtualenv to None, run_after=None
[2026-05-08T20:53:36.945+0000] {processor.py:208} INFO - Processing /home/airflow/.local/lib/python3.12/site-packages/airflow/example_dags/tutorial_taskflow_api_virtualenv.py took 0.061 seconds
[2026-05-08T20:54:07.426+0000] {processor.py:186} INFO - Started process (PID=2928) to work on /home/airflow/.local/lib/python3.12/site-packages/airflow/example_dags/tutorial_taskflow_api_virtualenv.py
[2026-05-08T20:54:07.427+0000] {processor.py:914} INFO - Processing file /home/airflow/.local/lib/python3.12/site-packages/airflow/example_dags/tutorial_taskflow_api_virtualenv.py for tasks to queue
[2026-05-08T20:54:07.428+0000] {logging_mixin.py:190} INFO - [2026-05-08T20:54:07.428+0000] {dagbag.py:588} INFO - Filling up the DagBag from /home/airflow/.local/lib/python3.12/site-packages/airflow/example_dags/tutorial_taskflow_api_virtualenv.py
[2026-05-08T20:54:07.438+0000] {processor.py:925} INFO - DAG(s) 'tutorial_taskflow_api_virtualenv' retrieved from /home/airflow/.local/lib/python3.12/site-packages/airflow/example_dags/tutorial_taskflow_api_virtualenv.py
[2026-05-08T20:54:07.454+0000] {logging_mixin.py:190} INFO - [2026-05-08T20:54:07.453+0000] {dag.py:3239} INFO - Sync 1 DAGs
[2026-05-08T20:54:07.469+0000] {logging_mixin.py:190} INFO - [2026-05-08T20:54:07.468+0000] {dag.py:4180} INFO - Setting next_dagrun for tutorial_taskflow_api_virtualenv to None, run_after=None
[2026-05-08T20:54:07.492+0000] {processor.py:208} INFO - Processing /home/airflow/.local/lib/python3.12/site-packages/airflow/example_dags/tutorial_taskflow_api_virtualenv.py took 0.071 seconds
[2026-05-08T20:54:38.194+0000] {processor.py:186} INFO - Started process (PID=2992) to work on /home/airflow/.local/lib/python3.12/site-packages/airflow/example_dags/tutorial_taskflow_api_virtualenv.py
[2026-05-08T20:54:38.195+0000] {processor.py:914} INFO - Processing file /home/airflow/.local/lib/python3.12/site-packages/airflow/example_dags/tutorial_taskflow_api_virtualenv.py for tasks to queue
[2026-05-08T20:54:38.197+0000] {logging_mixin.py:190} INFO - [2026-05-08T20:54:38.196+0000] {dagbag.py:588} INFO - Filling up the DagBag from /home/airflow/.local/lib/python3.12/site-packages/airflow/example_dags/tutorial_taskflow_api_virtualenv.py
[2026-05-08T20:54:38.206+0000] {processor.py:925} INFO - DAG(s) 'tutorial_taskflow_api_virtualenv' retrieved from /home/airflow/.local/lib/python3.12/site-packages/airflow/example_dags/tutorial_taskflow_api_virtualenv.py
[2026-05-08T20:54:38.223+0000] {logging_mixin.py:190} INFO - [2026-05-08T20:54:38.222+0000] {dag.py:3239} INFO - Sync 1 DAGs
[2026-05-08T20:54:38.235+0000] {logging_mixin.py:190} INFO - [2026-05-08T20:54:38.235+0000] {dag.py:4180} INFO - Setting next_dagrun for tutorial_taskflow_api_virtualenv to None, run_after=None
[2026-05-08T20:54:38.250+0000] {processor.py:208} INFO - Processing /home/airflow/.local/lib/python3.12/site-packages/airflow/example_dags/tutorial_taskflow_api_virtualenv.py took 0.061 seconds
[2026-05-08T20:55:09.079+0000] {processor.py:186} INFO - Started process (PID=3056) to work on /home/airflow/.local/lib/python3.12/site-packages/airflow/example_dags/tutorial_taskflow_api_virtualenv.py
[2026-05-08T20:55:09.080+0000] {processor.py:914} INFO - Processing file /home/airflow/.local/lib/python3.12/site-packages/airflow/example_dags/tutorial_taskflow_api_virtualenv.py for tasks to queue
[2026-05-08T20:55:09.082+0000] {logging_mixin.py:190} INFO - [2026-05-08T20:55:09.082+0000] {dagbag.py:588} INFO - Filling up the DagBag from /home/airflow/.local/lib/python3.12/site-packages/airflow/example_dags/tutorial_taskflow_api_virtualenv.py
[2026-05-08T20:55:09.096+0000] {processor.py:925} INFO - DAG(s) 'tutorial_taskflow_api_virtualenv' retrieved from /home/airflow/.local/lib/python3.12/site-packages/airflow/example_dags/tutorial_taskflow_api_virtualenv.py
[2026-05-08T20:55:09.118+0000] {logging_mixin.py:190} INFO - [2026-05-08T20:55:09.118+0000] {dag.py:3239} INFO - Sync 1 DAGs
[2026-05-08T20:55:09.136+0000] {logging_mixin.py:190} INFO - [2026-05-08T20:55:09.136+0000] {dag.py:4180} INFO - Setting next_dagrun for tutorial_taskflow_api_virtualenv to None, run_after=None
[2026-05-08T20:55:09.153+0000] {processor.py:208} INFO - Processing /home/airflow/.local/lib/python3.12/site-packages/airflow/example_dags/tutorial_taskflow_api_virtualenv.py took 0.081 seconds
[2026-05-08T20:55:40.117+0000] {processor.py:186} INFO - Started process (PID=3120) to work on /home/airflow/.local/lib/python3.12/site-packages/airflow/example_dags/tutorial_taskflow_api_virtualenv.py
[2026-05-08T20:55:40.126+0000] {processor.py:914} INFO - Processing file /home/airflow/.local/lib/python3.12/site-packages/airflow/example_dags/tutorial_taskflow_api_virtualenv.py for tasks to queue
[2026-05-08T20:55:40.133+0000] {logging_mixin.py:190} INFO - [2026-05-08T20:55:40.131+0000] {dagbag.py:588} INFO - Filling up the DagBag from /home/airflow/.local/lib/python3.12/site-packages/airflow/example_dags/tutorial_taskflow_api_virtualenv.py
[2026-05-08T20:55:40.156+0000] {processor.py:925} INFO - DAG(s) 'tutorial_taskflow_api_virtualenv' retrieved from /home/airflow/.local/lib/python3.12/site-packages/airflow/example_dags/tutorial_taskflow_api_virtualenv.py
[2026-05-08T20:55:40.188+0000] {logging_mixin.py:190} INFO - [2026-05-08T20:55:40.188+0000] {dag.py:3239} INFO - Sync 1 DAGs
[2026-05-08T20:55:40.208+0000] {logging_mixin.py:190} INFO - [2026-05-08T20:55:40.208+0000] {dag.py:4180} INFO - Setting next_dagrun for tutorial_taskflow_api_virtualenv to None, run_after=None
[2026-05-08T20:55:40.226+0000] {processor.py:208} INFO - Processing /home/airflow/.local/lib/python3.12/site-packages/airflow/example_dags/tutorial_taskflow_api_virtualenv.py took 0.124 seconds
[2026-05-08T20:56:11.323+0000] {processor.py:186} INFO - Started process (PID=3184) to work on /home/airflow/.local/lib/python3.12/site-packages/airflow/example_dags/tutorial_taskflow_api_virtualenv.py
[2026-05-08T20:56:11.324+0000] {processor.py:914} INFO - Processing file /home/airflow/.local/lib/python3.12/site-packages/airflow/example_dags/tutorial_taskflow_api_virtualenv.py for tasks to queue
[2026-05-08T20:56:11.325+0000] {logging_mixin.py:190} INFO - [2026-05-08T20:56:11.325+0000] {dagbag.py:588} INFO - Filling up the DagBag from /home/airflow/.local/lib/python3.12/site-packages/airflow/example_dags/tutorial_taskflow_api_virtualenv.py
[2026-05-08T20:56:11.335+0000] {processor.py:925} INFO - DAG(s) 'tutorial_taskflow_api_virtualenv' retrieved from /home/airflow/.local/lib/python3.12/site-packages/airflow/example_dags/tutorial_taskflow_api_virtualenv.py
[2026-05-08T20:56:11.349+0000] {logging_mixin.py:190} INFO - [2026-05-08T20:56:11.349+0000] {dag.py:3239} INFO - Sync 1 DAGs
[2026-05-08T20:56:11.361+0000] {logging_mixin.py:190} INFO - [2026-05-08T20:56:11.361+0000] {dag.py:4180} INFO - Setting next_dagrun for tutorial_taskflow_api_virtualenv to None, run_after=None
[2026-05-08T20:56:11.373+0000] {processor.py:208} INFO - Processing /home/airflow/.local/lib/python3.12/site-packages/airflow/example_dags/tutorial_taskflow_api_virtualenv.py took 0.055 seconds
[2026-05-08T20:56:42.458+0000] {processor.py:186} INFO - Started process (PID=3248) to work on /home/airflow/.local/lib/python3.12/site-packages/airflow/example_dags/tutorial_taskflow_api_virtualenv.py
[2026-05-08T20:56:42.459+0000] {processor.py:914} INFO - Processing file /home/airflow/.local/lib/python3.12/site-packages/airflow/example_dags/tutorial_taskflow_api_virtualenv.py for tasks to queue
[2026-05-08T20:56:42.460+0000] {logging_mixin.py:190} INFO - [2026-05-08T20:56:42.460+0000] {dagbag.py:588} INFO - Filling up the DagBag from /home/airflow/.local/lib/python3.12/site-packages/airflow/example_dags/tutorial_taskflow_api_virtualenv.py
[2026-05-08T20:56:42.470+0000] {processor.py:925} INFO - DAG(s) 'tutorial_taskflow_api_virtualenv' retrieved from /home/airflow/.local/lib/python3.12/site-packages/airflow/example_dags/tutorial_taskflow_api_virtualenv.py
[2026-05-08T20:56:42.486+0000] {logging_mixin.py:190} INFO - [2026-05-08T20:56:42.486+0000] {dag.py:3239} INFO - Sync 1 DAGs
[2026-05-08T20:56:42.501+0000] {logging_mixin.py:190} INFO - [2026-05-08T20:56:42.501+0000] {dag.py:4180} INFO - Setting next_dagrun for tutorial_taskflow_api_virtualenv to None, run_after=None
[2026-05-08T20:56:42.520+0000] {processor.py:208} INFO - Processing /home/airflow/.local/lib/python3.12/site-packages/airflow/example_dags/tutorial_taskflow_api_virtualenv.py took 0.066 seconds
[2026-05-08T20:57:13.967+0000] {processor.py:186} INFO - Started process (PID=3312) to work on /home/airflow/.local/lib/python3.12/site-packages/airflow/example_dags/tutorial_taskflow_api_virtualenv.py
[2026-05-08T20:57:13.968+0000] {processor.py:914} INFO - Processing file /home/airflow/.local/lib/python3.12/site-packages/airflow/example_dags/tutorial_taskflow_api_virtualenv.py for tasks to queue
[2026-05-08T20:57:13.970+0000] {logging_mixin.py:190} INFO - [2026-05-08T20:57:13.970+0000] {dagbag.py:588} INFO - Filling up the DagBag from /home/airflow/.local/lib/python3.12/site-packages/airflow/example_dags/tutorial_taskflow_api_virtualenv.py
[2026-05-08T20:57:13.983+0000] {processor.py:925} INFO - DAG(s) 'tutorial_taskflow_api_virtualenv' retrieved from /home/airflow/.local/lib/python3.12/site-packages/airflow/example_dags/tutorial_taskflow_api_virtualenv.py
[2026-05-08T20:57:14.000+0000] {logging_mixin.py:190} INFO - [2026-05-08T20:57:14.000+0000] {dag.py:3239} INFO - Sync 1 DAGs
[2026-05-08T20:57:14.013+0000] {logging_mixin.py:190} INFO - [2026-05-08T20:57:14.012+0000] {dag.py:4180} INFO - Setting next_dagrun for tutorial_taskflow_api_virtualenv to None, run_after=None
[2026-05-08T20:57:14.027+0000] {processor.py:208} INFO - Processing /home/airflow/.local/lib/python3.12/site-packages/airflow/example_dags/tutorial_taskflow_api_virtualenv.py took 0.064 seconds
[2026-05-08T20:57:45.175+0000] {processor.py:186} INFO - Started process (PID=3376) to work on /home/airflow/.local/lib/python3.12/site-packages/airflow/example_dags/tutorial_taskflow_api_virtualenv.py
[2026-05-08T20:57:45.176+0000] {processor.py:914} INFO - Processing file /home/airflow/.local/lib/python3.12/site-packages/airflow/example_dags/tutorial_taskflow_api_virtualenv.py for tasks to queue
[2026-05-08T20:57:45.178+0000] {logging_mixin.py:190} INFO - [2026-05-08T20:57:45.178+0000] {dagbag.py:588} INFO - Filling up the DagBag from /home/airflow/.local/lib/python3.12/site-packages/airflow/example_dags/tutorial_taskflow_api_virtualenv.py
[2026-05-08T20:57:45.188+0000] {processor.py:925} INFO - DAG(s) 'tutorial_taskflow_api_virtualenv' retrieved from /home/airflow/.local/lib/python3.12/site-packages/airflow/example_dags/tutorial_taskflow_api_virtualenv.py
[2026-05-08T20:57:45.204+0000] {logging_mixin.py:190} INFO - [2026-05-08T20:57:45.204+0000] {dag.py:3239} INFO - Sync 1 DAGs
[2026-05-08T20:57:45.216+0000] {logging_mixin.py:190} INFO - [2026-05-08T20:57:45.216+0000] {dag.py:4180} INFO - Setting next_dagrun for tutorial_taskflow_api_virtualenv to None, run_after=None
[2026-05-08T20:57:45.230+0000] {processor.py:208} INFO - Processing /home/airflow/.local/lib/python3.12/site-packages/airflow/example_dags/tutorial_taskflow_api_virtualenv.py took 0.061 seconds
[2026-05-08T20:58:15.960+0000] {processor.py:186} INFO - Started process (PID=3440) to work on /home/airflow/.local/lib/python3.12/site-packages/airflow/example_dags/tutorial_taskflow_api_virtualenv.py
[2026-05-08T20:58:15.962+0000] {processor.py:914} INFO - Processing file /home/airflow/.local/lib/python3.12/site-packages/airflow/example_dags/tutorial_taskflow_api_virtualenv.py for tasks to queue
[2026-05-08T20:58:15.966+0000] {logging_mixin.py:190} INFO - [2026-05-08T20:58:15.966+0000] {dagbag.py:588} INFO - Filling up the DagBag from /home/airflow/.local/lib/python3.12/site-packages/airflow/example_dags/tutorial_taskflow_api_virtualenv.py
[2026-05-08T20:58:15.983+0000] {processor.py:925} INFO - DAG(s) 'tutorial_taskflow_api_virtualenv' retrieved from /home/airflow/.local/lib/python3.12/site-packages/airflow/example_dags/tutorial_taskflow_api_virtualenv.py
[2026-05-08T20:58:16.002+0000] {logging_mixin.py:190} INFO - [2026-05-08T20:58:16.002+0000] {dag.py:3239} INFO - Sync 1 DAGs
[2026-05-08T20:58:16.014+0000] {logging_mixin.py:190} INFO - [2026-05-08T20:58:16.014+0000] {dag.py:4180} INFO - Setting next_dagrun for tutorial_taskflow_api_virtualenv to None, run_after=None
[2026-05-08T20:58:16.030+0000] {processor.py:208} INFO - Processing /home/airflow/.local/lib/python3.12/site-packages/airflow/example_dags/tutorial_taskflow_api_virtualenv.py took 0.076 seconds
[2026-05-08T20:58:47.213+0000] {processor.py:186} INFO - Started process (PID=3504) to work on /home/airflow/.local/lib/python3.12/site-packages/airflow/example_dags/tutorial_taskflow_api_virtualenv.py
[2026-05-08T20:58:47.214+0000] {processor.py:914} INFO - Processing file /home/airflow/.local/lib/python3.12/site-packages/airflow/example_dags/tutorial_taskflow_api_virtualenv.py for tasks to queue
[2026-05-08T20:58:47.216+0000] {logging_mixin.py:190} INFO - [2026-05-08T20:58:47.216+0000] {dagbag.py:588} INFO - Filling up the DagBag from /home/airflow/.local/lib/python3.12/site-packages/airflow/example_dags/tutorial_taskflow_api_virtualenv.py
[2026-05-08T20:58:47.231+0000] {processor.py:925} INFO - DAG(s) 'tutorial_taskflow_api_virtualenv' retrieved from /home/airflow/.local/lib/python3.12/site-packages/airflow/example_dags/tutorial_taskflow_api_virtualenv.py
[2026-05-08T20:58:47.258+0000] {logging_mixin.py:190} INFO - [2026-05-08T20:58:47.257+0000] {dag.py:3239} INFO - Sync 1 DAGs
[2026-05-08T20:58:47.275+0000] {logging_mixin.py:190} INFO - [2026-05-08T20:58:47.274+0000] {dag.py:4180} INFO - Setting next_dagrun for tutorial_taskflow_api_virtualenv to None, run_after=None
[2026-05-08T20:58:47.299+0000] {processor.py:208} INFO - Processing /home/airflow/.local/lib/python3.12/site-packages/airflow/example_dags/tutorial_taskflow_api_virtualenv.py took 0.092 seconds
[2026-05-08T20:59:18.345+0000] {processor.py:186} INFO - Started process (PID=3568) to work on /home/airflow/.local/lib/python3.12/site-packages/airflow/example_dags/tutorial_taskflow_api_virtualenv.py
[2026-05-08T20:59:18.345+0000] {processor.py:914} INFO - Processing file /home/airflow/.local/lib/python3.12/site-packages/airflow/example_dags/tutorial_taskflow_api_virtualenv.py for tasks to queue
[2026-05-08T20:59:18.347+0000] {logging_mixin.py:190} INFO - [2026-05-08T20:59:18.347+0000] {dagbag.py:588} INFO - Filling up the DagBag from /home/airflow/.local/lib/python3.12/site-packages/airflow/example_dags/tutorial_taskflow_api_virtualenv.py
[2026-05-08T20:59:18.359+0000] {processor.py:925} INFO - DAG(s) 'tutorial_taskflow_api_virtualenv' retrieved from /home/airflow/.local/lib/python3.12/site-packages/airflow/example_dags/tutorial_taskflow_api_virtualenv.py
[2026-05-08T20:59:18.375+0000] {logging_mixin.py:190} INFO - [2026-05-08T20:59:18.375+0000] {dag.py:3239} INFO - Sync 1 DAGs
[2026-05-08T20:59:18.394+0000] {logging_mixin.py:190} INFO - [2026-05-08T20:59:18.394+0000] {dag.py:4180} INFO - Setting next_dagrun for tutorial_taskflow_api_virtualenv to None, run_after=None
[2026-05-08T20:59:18.412+0000] {processor.py:208} INFO - Processing /home/airflow/.local/lib/python3.12/site-packages/airflow/example_dags/tutorial_taskflow_api_virtualenv.py took 0.072 seconds
[2026-05-08T20:59:49.023+0000] {processor.py:186} INFO - Started process (PID=3632) to work on /home/airflow/.local/lib/python3.12/site-packages/airflow/example_dags/tutorial_taskflow_api_virtualenv.py
[2026-05-08T20:59:49.024+0000] {processor.py:914} INFO - Processing file /home/airflow/.local/lib/python3.12/site-packages/airflow/example_dags/tutorial_taskflow_api_virtualenv.py for tasks to queue
[2026-05-08T20:59:49.026+0000] {logging_mixin.py:190} INFO - [2026-05-08T20:59:49.025+0000] {dagbag.py:588} INFO - Filling up the DagBag from /home/airflow/.local/lib/python3.12/site-packages/airflow/example_dags/tutorial_taskflow_api_virtualenv.py
[2026-05-08T20:59:49.038+0000] {processor.py:925} INFO - DAG(s) 'tutorial_taskflow_api_virtualenv' retrieved from /home/airflow/.local/lib/python3.12/site-packages/airflow/example_dags/tutorial_taskflow_api_virtualenv.py
[2026-05-08T20:59:49.055+0000] {logging_mixin.py:190} INFO - [2026-05-08T20:59:49.055+0000] {dag.py:3239} INFO - Sync 1 DAGs
[2026-05-08T20:59:49.071+0000] {logging_mixin.py:190} INFO - [2026-05-08T20:59:49.070+0000] {dag.py:4180} INFO - Setting next_dagrun for tutorial_taskflow_api_virtualenv to None, run_after=None
[2026-05-08T20:59:49.087+0000] {processor.py:208} INFO - Processing /home/airflow/.local/lib/python3.12/site-packages/airflow/example_dags/tutorial_taskflow_api_virtualenv.py took 0.070 seconds
[2026-05-08T21:00:20.287+0000] {processor.py:186} INFO - Started process (PID=3696) to work on /home/airflow/.local/lib/python3.12/site-packages/airflow/example_dags/tutorial_taskflow_api_virtualenv.py
[2026-05-08T21:00:20.288+0000] {processor.py:914} INFO - Processing file /home/airflow/.local/lib/python3.12/site-packages/airflow/example_dags/tutorial_taskflow_api_virtualenv.py for tasks to queue
[2026-05-08T21:00:20.289+0000] {logging_mixin.py:190} INFO - [2026-05-08T21:00:20.289+0000] {dagbag.py:588} INFO - Filling up the DagBag from /home/airflow/.local/lib/python3.12/site-packages/airflow/example_dags/tutorial_taskflow_api_virtualenv.py
[2026-05-08T21:00:20.300+0000] {processor.py:925} INFO - DAG(s) 'tutorial_taskflow_api_virtualenv' retrieved from /home/airflow/.local/lib/python3.12/site-packages/airflow/example_dags/tutorial_taskflow_api_virtualenv.py
[2026-05-08T21:00:20.318+0000] {logging_mixin.py:190} INFO - [2026-05-08T21:00:20.318+0000] {dag.py:3239} INFO - Sync 1 DAGs
[2026-05-08T21:00:20.332+0000] {logging_mixin.py:190} INFO - [2026-05-08T21:00:20.332+0000] {dag.py:4180} INFO - Setting next_dagrun for tutorial_taskflow_api_virtualenv to None, run_after=None
[2026-05-08T21:00:20.346+0000] {processor.py:208} INFO - Processing /home/airflow/.local/lib/python3.12/site-packages/airflow/example_dags/tutorial_taskflow_api_virtualenv.py took 0.064 seconds
[2026-05-08T21:00:51.648+0000] {processor.py:186} INFO - Started process (PID=3760) to work on /home/airflow/.local/lib/python3.12/site-packages/airflow/example_dags/tutorial_taskflow_api_virtualenv.py
[2026-05-08T21:00:51.649+0000] {processor.py:914} INFO - Processing file /home/airflow/.local/lib/python3.12/site-packages/airflow/example_dags/tutorial_taskflow_api_virtualenv.py for tasks to queue
[2026-05-08T21:00:51.651+0000] {logging_mixin.py:190} INFO - [2026-05-08T21:00:51.651+0000] {dagbag.py:588} INFO - Filling up the DagBag from /home/airflow/.local/lib/python3.12/site-packages/airflow/example_dags/tutorial_taskflow_api_virtualenv.py
[2026-05-08T21:00:51.662+0000] {processor.py:925} INFO - DAG(s) 'tutorial_taskflow_api_virtualenv' retrieved from /home/airflow/.local/lib/python3.12/site-packages/airflow/example_dags/tutorial_taskflow_api_virtualenv.py
[2026-05-08T21:00:51.680+0000] {logging_mixin.py:190} INFO - [2026-05-08T21:00:51.680+0000] {dag.py:3239} INFO - Sync 1 DAGs
[2026-05-08T21:00:51.695+0000] {logging_mixin.py:190} INFO - [2026-05-08T21:00:51.695+0000] {dag.py:4180} INFO - Setting next_dagrun for tutorial_taskflow_api_virtualenv to None, run_after=None
[2026-05-08T21:00:51.711+0000] {processor.py:208} INFO - Processing /home/airflow/.local/lib/python3.12/site-packages/airflow/example_dags/tutorial_taskflow_api_virtualenv.py took 0.068 seconds
[2026-05-08T21:01:22.921+0000] {processor.py:186} INFO - Started process (PID=3824) to work on /home/airflow/.local/lib/python3.12/site-packages/airflow/example_dags/tutorial_taskflow_api_virtualenv.py
[2026-05-08T21:01:22.922+0000] {processor.py:914} INFO - Processing file /home/airflow/.local/lib/python3.12/site-packages/airflow/example_dags/tutorial_taskflow_api_virtualenv.py for tasks to queue
[2026-05-08T21:01:22.923+0000] {logging_mixin.py:190} INFO - [2026-05-08T21:01:22.923+0000] {dagbag.py:588} INFO - Filling up the DagBag from /home/airflow/.local/lib/python3.12/site-packages/airflow/example_dags/tutorial_taskflow_api_virtualenv.py
[2026-05-08T21:01:22.933+0000] {processor.py:925} INFO - DAG(s) 'tutorial_taskflow_api_virtualenv' retrieved from /home/airflow/.local/lib/python3.12/site-packages/airflow/example_dags/tutorial_taskflow_api_virtualenv.py
[2026-05-08T21:01:22.951+0000] {logging_mixin.py:190} INFO - [2026-05-08T21:01:22.951+0000] {dag.py:3239} INFO - Sync 1 DAGs
[2026-05-08T21:01:22.965+0000] {logging_mixin.py:190} INFO - [2026-05-08T21:01:22.965+0000] {dag.py:4180} INFO - Setting next_dagrun for tutorial_taskflow_api_virtualenv to None, run_after=None
[2026-05-08T21:01:22.980+0000] {processor.py:208} INFO - Processing /home/airflow/.local/lib/python3.12/site-packages/airflow/example_dags/tutorial_taskflow_api_virtualenv.py took 0.064 seconds
[2026-05-08T21:01:54.172+0000] {processor.py:186} INFO - Started process (PID=3888) to work on /home/airflow/.local/lib/python3.12/site-packages/airflow/example_dags/tutorial_taskflow_api_virtualenv.py
[2026-05-08T21:01:54.172+0000] {processor.py:914} INFO - Processing file /home/airflow/.local/lib/python3.12/site-packages/airflow/example_dags/tutorial_taskflow_api_virtualenv.py for tasks to queue
[2026-05-08T21:01:54.174+0000] {logging_mixin.py:190} INFO - [2026-05-08T21:01:54.174+0000] {dagbag.py:588} INFO - Filling up the DagBag from /home/airflow/.local/lib/python3.12/site-packages/airflow/example_dags/tutorial_taskflow_api_virtualenv.py
[2026-05-08T21:01:54.184+0000] {processor.py:925} INFO - DAG(s) 'tutorial_taskflow_api_virtualenv' retrieved from /home/airflow/.local/lib/python3.12/site-packages/airflow/example_dags/tutorial_taskflow_api_virtualenv.py
[2026-05-08T21:01:54.199+0000] {logging_mixin.py:190} INFO - [2026-05-08T21:01:54.199+0000] {dag.py:3239} INFO - Sync 1 DAGs
[2026-05-08T21:01:54.211+0000] {logging_mixin.py:190} INFO - [2026-05-08T21:01:54.211+0000] {dag.py:4180} INFO - Setting next_dagrun for tutorial_taskflow_api_virtualenv to None, run_after=None
[2026-05-08T21:01:54.228+0000] {processor.py:208} INFO - Processing /home/airflow/.local/lib/python3.12/site-packages/airflow/example_dags/tutorial_taskflow_api_virtualenv.py took 0.060 seconds
[2026-05-08T21:02:25.046+0000] {processor.py:186} INFO - Started process (PID=3952) to work on /home/airflow/.local/lib/python3.12/site-packages/airflow/example_dags/tutorial_taskflow_api_virtualenv.py
[2026-05-08T21:02:25.047+0000] {processor.py:914} INFO - Processing file /home/airflow/.local/lib/python3.12/site-packages/airflow/example_dags/tutorial_taskflow_api_virtualenv.py for tasks to queue
[2026-05-08T21:02:25.049+0000] {logging_mixin.py:190} INFO - [2026-05-08T21:02:25.048+0000] {dagbag.py:588} INFO - Filling up the DagBag from /home/airflow/.local/lib/python3.12/site-packages/airflow/example_dags/tutorial_taskflow_api_virtualenv.py
[2026-05-08T21:02:25.063+0000] {processor.py:925} INFO - DAG(s) 'tutorial_taskflow_api_virtualenv' retrieved from /home/airflow/.local/lib/python3.12/site-packages/airflow/example_dags/tutorial_taskflow_api_virtualenv.py
[2026-05-08T21:02:25.081+0000] {logging_mixin.py:190} INFO - [2026-05-08T21:02:25.081+0000] {dag.py:3239} INFO - Sync 1 DAGs
[2026-05-08T21:02:25.092+0000] {logging_mixin.py:190} INFO - [2026-05-08T21:02:25.092+0000] {dag.py:4180} INFO - Setting next_dagrun for tutorial_taskflow_api_virtualenv to None, run_after=None
[2026-05-08T21:02:25.106+0000] {processor.py:208} INFO - Processing /home/airflow/.local/lib/python3.12/site-packages/airflow/example_dags/tutorial_taskflow_api_virtualenv.py took 0.064 seconds
[2026-05-08T21:02:55.562+0000] {processor.py:186} INFO - Started process (PID=4016) to work on /home/airflow/.local/lib/python3.12/site-packages/airflow/example_dags/tutorial_taskflow_api_virtualenv.py
[2026-05-08T21:02:55.563+0000] {processor.py:914} INFO - Processing file /home/airflow/.local/lib/python3.12/site-packages/airflow/example_dags/tutorial_taskflow_api_virtualenv.py for tasks to queue
[2026-05-08T21:02:55.565+0000] {logging_mixin.py:190} INFO - [2026-05-08T21:02:55.564+0000] {dagbag.py:588} INFO - Filling up the DagBag from /home/airflow/.local/lib/python3.12/site-packages/airflow/example_dags/tutorial_taskflow_api_virtualenv.py
[2026-05-08T21:02:55.575+0000] {processor.py:925} INFO - DAG(s) 'tutorial_taskflow_api_virtualenv' retrieved from /home/airflow/.local/lib/python3.12/site-packages/airflow/example_dags/tutorial_taskflow_api_virtualenv.py
[2026-05-08T21:02:55.593+0000] {logging_mixin.py:190} INFO - [2026-05-08T21:02:55.593+0000] {dag.py:3239} INFO - Sync 1 DAGs
[2026-05-08T21:02:55.606+0000] {logging_mixin.py:190} INFO - [2026-05-08T21:02:55.606+0000] {dag.py:4180} INFO - Setting next_dagrun for tutorial_taskflow_api_virtualenv to None, run_after=None
[2026-05-08T21:02:55.623+0000] {processor.py:208} INFO - Processing /home/airflow/.local/lib/python3.12/site-packages/airflow/example_dags/tutorial_taskflow_api_virtualenv.py took 0.066 seconds
[2026-05-08T21:03:27.373+0000] {processor.py:186} INFO - Started process (PID=4081) to work on /home/airflow/.local/lib/python3.12/site-packages/airflow/example_dags/tutorial_taskflow_api_virtualenv.py
[2026-05-08T21:03:27.374+0000] {processor.py:914} INFO - Processing file /home/airflow/.local/lib/python3.12/site-packages/airflow/example_dags/tutorial_taskflow_api_virtualenv.py for tasks to queue
[2026-05-08T21:03:27.376+0000] {logging_mixin.py:190} INFO - [2026-05-08T21:03:27.375+0000] {dagbag.py:588} INFO - Filling up the DagBag from /home/airflow/.local/lib/python3.12/site-packages/airflow/example_dags/tutorial_taskflow_api_virtualenv.py
[2026-05-08T21:03:27.385+0000] {processor.py:925} INFO - DAG(s) 'tutorial_taskflow_api_virtualenv' retrieved from /home/airflow/.local/lib/python3.12/site-packages/airflow/example_dags/tutorial_taskflow_api_virtualenv.py
[2026-05-08T21:03:27.401+0000] {logging_mixin.py:190} INFO - [2026-05-08T21:03:27.401+0000] {dag.py:3239} INFO - Sync 1 DAGs
[2026-05-08T21:03:27.413+0000] {logging_mixin.py:190} INFO - [2026-05-08T21:03:27.413+0000] {dag.py:4180} INFO - Setting next_dagrun for tutorial_taskflow_api_virtualenv to None, run_after=None
[2026-05-08T21:03:27.428+0000] {processor.py:208} INFO - Processing /home/airflow/.local/lib/python3.12/site-packages/airflow/example_dags/tutorial_taskflow_api_virtualenv.py took 0.059 seconds
[2026-05-08T21:04:00.071+0000] {processor.py:186} INFO - Started process (PID=4145) to work on /home/airflow/.local/lib/python3.12/site-packages/airflow/example_dags/tutorial_taskflow_api_virtualenv.py
[2026-05-08T21:04:00.072+0000] {processor.py:914} INFO - Processing file /home/airflow/.local/lib/python3.12/site-packages/airflow/example_dags/tutorial_taskflow_api_virtualenv.py for tasks to queue
[2026-05-08T21:04:00.073+0000] {logging_mixin.py:190} INFO - [2026-05-08T21:04:00.073+0000] {dagbag.py:588} INFO - Filling up the DagBag from /home/airflow/.local/lib/python3.12/site-packages/airflow/example_dags/tutorial_taskflow_api_virtualenv.py
[2026-05-08T21:04:00.084+0000] {processor.py:925} INFO - DAG(s) 'tutorial_taskflow_api_virtualenv' retrieved from /home/airflow/.local/lib/python3.12/site-packages/airflow/example_dags/tutorial_taskflow_api_virtualenv.py
[2026-05-08T21:04:00.261+0000] {logging_mixin.py:190} INFO - [2026-05-08T21:04:00.261+0000] {dag.py:3239} INFO - Sync 1 DAGs
[2026-05-08T21:04:00.272+0000] {logging_mixin.py:190} INFO - [2026-05-08T21:04:00.272+0000] {dag.py:4180} INFO - Setting next_dagrun for tutorial_taskflow_api_virtualenv to None, run_after=None
[2026-05-08T21:04:00.285+0000] {processor.py:208} INFO - Processing /home/airflow/.local/lib/python3.12/site-packages/airflow/example_dags/tutorial_taskflow_api_virtualenv.py took 0.221 seconds
[2026-05-08T21:04:30.555+0000] {processor.py:186} INFO - Started process (PID=4209) to work on /home/airflow/.local/lib/python3.12/site-packages/airflow/example_dags/tutorial_taskflow_api_virtualenv.py
[2026-05-08T21:04:30.555+0000] {processor.py:914} INFO - Processing file /home/airflow/.local/lib/python3.12/site-packages/airflow/example_dags/tutorial_taskflow_api_virtualenv.py for tasks to queue
[2026-05-08T21:04:30.557+0000] {logging_mixin.py:190} INFO - [2026-05-08T21:04:30.557+0000] {dagbag.py:588} INFO - Filling up the DagBag from /home/airflow/.local/lib/python3.12/site-packages/airflow/example_dags/tutorial_taskflow_api_virtualenv.py
[2026-05-08T21:04:30.568+0000] {processor.py:925} INFO - DAG(s) 'tutorial_taskflow_api_virtualenv' retrieved from /home/airflow/.local/lib/python3.12/site-packages/airflow/example_dags/tutorial_taskflow_api_virtualenv.py
[2026-05-08T21:04:30.588+0000] {logging_mixin.py:190} INFO - [2026-05-08T21:04:30.587+0000] {dag.py:3239} INFO - Sync 1 DAGs
[2026-05-08T21:04:30.603+0000] {logging_mixin.py:190} INFO - [2026-05-08T21:04:30.602+0000] {dag.py:4180} INFO - Setting next_dagrun for tutorial_taskflow_api_virtualenv to None, run_after=None
[2026-05-08T21:04:30.624+0000] {processor.py:208} INFO - Processing /home/airflow/.local/lib/python3.12/site-packages/airflow/example_dags/tutorial_taskflow_api_virtualenv.py took 0.074 seconds
[2026-05-08T21:05:00.957+0000] {processor.py:186} INFO - Started process (PID=4273) to work on /home/airflow/.local/lib/python3.12/site-packages/airflow/example_dags/tutorial_taskflow_api_virtualenv.py
[2026-05-08T21:05:00.958+0000] {processor.py:914} INFO - Processing file /home/airflow/.local/lib/python3.12/site-packages/airflow/example_dags/tutorial_taskflow_api_virtualenv.py for tasks to queue
[2026-05-08T21:05:00.959+0000] {logging_mixin.py:190} INFO - [2026-05-08T21:05:00.959+0000] {dagbag.py:588} INFO - Filling up the DagBag from /home/airflow/.local/lib/python3.12/site-packages/airflow/example_dags/tutorial_taskflow_api_virtualenv.py
[2026-05-08T21:05:00.969+0000] {processor.py:925} INFO - DAG(s) 'tutorial_taskflow_api_virtualenv' retrieved from /home/airflow/.local/lib/python3.12/site-packages/airflow/example_dags/tutorial_taskflow_api_virtualenv.py
[2026-05-08T21:05:00.985+0000] {logging_mixin.py:190} INFO - [2026-05-08T21:05:00.985+0000] {dag.py:3239} INFO - Sync 1 DAGs
[2026-05-08T21:05:00.997+0000] {logging_mixin.py:190} INFO - [2026-05-08T21:05:00.997+0000] {dag.py:4180} INFO - Setting next_dagrun for tutorial_taskflow_api_virtualenv to None, run_after=None
[2026-05-08T21:05:01.012+0000] {processor.py:208} INFO - Processing /home/airflow/.local/lib/python3.12/site-packages/airflow/example_dags/tutorial_taskflow_api_virtualenv.py took 0.059 seconds
[2026-05-08T21:05:32.344+0000] {processor.py:186} INFO - Started process (PID=4337) to work on /home/airflow/.local/lib/python3.12/site-packages/airflow/example_dags/tutorial_taskflow_api_virtualenv.py
[2026-05-08T21:05:32.345+0000] {processor.py:914} INFO - Processing file /home/airflow/.local/lib/python3.12/site-packages/airflow/example_dags/tutorial_taskflow_api_virtualenv.py for tasks to queue
[2026-05-08T21:05:32.347+0000] {logging_mixin.py:190} INFO - [2026-05-08T21:05:32.346+0000] {dagbag.py:588} INFO - Filling up the DagBag from /home/airflow/.local/lib/python3.12/site-packages/airflow/example_dags/tutorial_taskflow_api_virtualenv.py
[2026-05-08T21:05:32.356+0000] {processor.py:925} INFO - DAG(s) 'tutorial_taskflow_api_virtualenv' retrieved from /home/airflow/.local/lib/python3.12/site-packages/airflow/example_dags/tutorial_taskflow_api_virtualenv.py
[2026-05-08T21:05:32.372+0000] {logging_mixin.py:190} INFO - [2026-05-08T21:05:32.372+0000] {dag.py:3239} INFO - Sync 1 DAGs
[2026-05-08T21:05:32.386+0000] {logging_mixin.py:190} INFO - [2026-05-08T21:05:32.386+0000] {dag.py:4180} INFO - Setting next_dagrun for tutorial_taskflow_api_virtualenv to None, run_after=None
[2026-05-08T21:05:32.400+0000] {processor.py:208} INFO - Processing /home/airflow/.local/lib/python3.12/site-packages/airflow/example_dags/tutorial_taskflow_api_virtualenv.py took 0.062 seconds
[2026-05-08T21:06:02.678+0000] {processor.py:186} INFO - Started process (PID=4400) to work on /home/airflow/.local/lib/python3.12/site-packages/airflow/example_dags/tutorial_taskflow_api_virtualenv.py
[2026-05-08T21:06:02.679+0000] {processor.py:914} INFO - Processing file /home/airflow/.local/lib/python3.12/site-packages/airflow/example_dags/tutorial_taskflow_api_virtualenv.py for tasks to queue
[2026-05-08T21:06:02.681+0000] {logging_mixin.py:190} INFO - [2026-05-08T21:06:02.680+0000] {dagbag.py:588} INFO - Filling up the DagBag from /home/airflow/.local/lib/python3.12/site-packages/airflow/example_dags/tutorial_taskflow_api_virtualenv.py
[2026-05-08T21:06:02.690+0000] {processor.py:925} INFO - DAG(s) 'tutorial_taskflow_api_virtualenv' retrieved from /home/airflow/.local/lib/python3.12/site-packages/airflow/example_dags/tutorial_taskflow_api_virtualenv.py
[2026-05-08T21:06:02.707+0000] {logging_mixin.py:190} INFO - [2026-05-08T21:06:02.707+0000] {dag.py:3239} INFO - Sync 1 DAGs
[2026-05-08T21:06:02.719+0000] {logging_mixin.py:190} INFO - [2026-05-08T21:06:02.719+0000] {dag.py:4180} INFO - Setting next_dagrun for tutorial_taskflow_api_virtualenv to None, run_after=None
[2026-05-08T21:06:02.733+0000] {processor.py:208} INFO - Processing /home/airflow/.local/lib/python3.12/site-packages/airflow/example_dags/tutorial_taskflow_api_virtualenv.py took 0.060 seconds
[2026-05-08T21:06:33.034+0000] {processor.py:186} INFO - Started process (PID=4464) to work on /home/airflow/.local/lib/python3.12/site-packages/airflow/example_dags/tutorial_taskflow_api_virtualenv.py
[2026-05-08T21:06:33.035+0000] {processor.py:914} INFO - Processing file /home/airflow/.local/lib/python3.12/site-packages/airflow/example_dags/tutorial_taskflow_api_virtualenv.py for tasks to queue
[2026-05-08T21:06:33.036+0000] {logging_mixin.py:190} INFO - [2026-05-08T21:06:33.036+0000] {dagbag.py:588} INFO - Filling up the DagBag from /home/airflow/.local/lib/python3.12/site-packages/airflow/example_dags/tutorial_taskflow_api_virtualenv.py
[2026-05-08T21:06:33.045+0000] {processor.py:925} INFO - DAG(s) 'tutorial_taskflow_api_virtualenv' retrieved from /home/airflow/.local/lib/python3.12/site-packages/airflow/example_dags/tutorial_taskflow_api_virtualenv.py
[2026-05-08T21:06:33.063+0000] {logging_mixin.py:190} INFO - [2026-05-08T21:06:33.063+0000] {dag.py:3239} INFO - Sync 1 DAGs
[2026-05-08T21:06:33.078+0000] {logging_mixin.py:190} INFO - [2026-05-08T21:06:33.078+0000] {dag.py:4180} INFO - Setting next_dagrun for tutorial_taskflow_api_virtualenv to None, run_after=None
[2026-05-08T21:06:33.093+0000] {processor.py:208} INFO - Processing /home/airflow/.local/lib/python3.12/site-packages/airflow/example_dags/tutorial_taskflow_api_virtualenv.py took 0.065 seconds
[2026-05-08T21:07:03.926+0000] {processor.py:186} INFO - Started process (PID=4533) to work on /home/airflow/.local/lib/python3.12/site-packages/airflow/example_dags/tutorial_taskflow_api_virtualenv.py
[2026-05-08T21:07:03.926+0000] {processor.py:914} INFO - Processing file /home/airflow/.local/lib/python3.12/site-packages/airflow/example_dags/tutorial_taskflow_api_virtualenv.py for tasks to queue
[2026-05-08T21:07:03.928+0000] {logging_mixin.py:190} INFO - [2026-05-08T21:07:03.928+0000] {dagbag.py:588} INFO - Filling up the DagBag from /home/airflow/.local/lib/python3.12/site-packages/airflow/example_dags/tutorial_taskflow_api_virtualenv.py
[2026-05-08T21:07:03.937+0000] {processor.py:925} INFO - DAG(s) 'tutorial_taskflow_api_virtualenv' retrieved from /home/airflow/.local/lib/python3.12/site-packages/airflow/example_dags/tutorial_taskflow_api_virtualenv.py
[2026-05-08T21:07:03.956+0000] {logging_mixin.py:190} INFO - [2026-05-08T21:07:03.955+0000] {dag.py:3239} INFO - Sync 1 DAGs
[2026-05-08T21:07:03.971+0000] {logging_mixin.py:190} INFO - [2026-05-08T21:07:03.971+0000] {dag.py:4180} INFO - Setting next_dagrun for tutorial_taskflow_api_virtualenv to None, run_after=None
[2026-05-08T21:07:03.987+0000] {processor.py:208} INFO - Processing /home/airflow/.local/lib/python3.12/site-packages/airflow/example_dags/tutorial_taskflow_api_virtualenv.py took 0.066 seconds
[2026-05-08T21:07:34.692+0000] {processor.py:186} INFO - Started process (PID=4597) to work on /home/airflow/.local/lib/python3.12/site-packages/airflow/example_dags/tutorial_taskflow_api_virtualenv.py
[2026-05-08T21:07:34.692+0000] {processor.py:914} INFO - Processing file /home/airflow/.local/lib/python3.12/site-packages/airflow/example_dags/tutorial_taskflow_api_virtualenv.py for tasks to queue
[2026-05-08T21:07:34.694+0000] {logging_mixin.py:190} INFO - [2026-05-08T21:07:34.694+0000] {dagbag.py:588} INFO - Filling up the DagBag from /home/airflow/.local/lib/python3.12/site-packages/airflow/example_dags/tutorial_taskflow_api_virtualenv.py
[2026-05-08T21:07:34.703+0000] {processor.py:925} INFO - DAG(s) 'tutorial_taskflow_api_virtualenv' retrieved from /home/airflow/.local/lib/python3.12/site-packages/airflow/example_dags/tutorial_taskflow_api_virtualenv.py
[2026-05-08T21:07:34.721+0000] {logging_mixin.py:190} INFO - [2026-05-08T21:07:34.721+0000] {dag.py:3239} INFO - Sync 1 DAGs
[2026-05-08T21:07:34.733+0000] {logging_mixin.py:190} INFO - [2026-05-08T21:07:34.733+0000] {dag.py:4180} INFO - Setting next_dagrun for tutorial_taskflow_api_virtualenv to None, run_after=None
[2026-05-08T21:07:34.747+0000] {processor.py:208} INFO - Processing /home/airflow/.local/lib/python3.12/site-packages/airflow/example_dags/tutorial_taskflow_api_virtualenv.py took 0.059 seconds
[2026-05-08T21:08:05.777+0000] {processor.py:186} INFO - Started process (PID=4661) to work on /home/airflow/.local/lib/python3.12/site-packages/airflow/example_dags/tutorial_taskflow_api_virtualenv.py
[2026-05-08T21:08:05.778+0000] {processor.py:914} INFO - Processing file /home/airflow/.local/lib/python3.12/site-packages/airflow/example_dags/tutorial_taskflow_api_virtualenv.py for tasks to queue
[2026-05-08T21:08:05.780+0000] {logging_mixin.py:190} INFO - [2026-05-08T21:08:05.779+0000] {dagbag.py:588} INFO - Filling up the DagBag from /home/airflow/.local/lib/python3.12/site-packages/airflow/example_dags/tutorial_taskflow_api_virtualenv.py
[2026-05-08T21:08:05.789+0000] {processor.py:925} INFO - DAG(s) 'tutorial_taskflow_api_virtualenv' retrieved from /home/airflow/.local/lib/python3.12/site-packages/airflow/example_dags/tutorial_taskflow_api_virtualenv.py
[2026-05-08T21:08:05.806+0000] {logging_mixin.py:190} INFO - [2026-05-08T21:08:05.806+0000] {dag.py:3239} INFO - Sync 1 DAGs
[2026-05-08T21:08:05.817+0000] {logging_mixin.py:190} INFO - [2026-05-08T21:08:05.817+0000] {dag.py:4180} INFO - Setting next_dagrun for tutorial_taskflow_api_virtualenv to None, run_after=None
[2026-05-08T21:08:05.832+0000] {processor.py:208} INFO - Processing /home/airflow/.local/lib/python3.12/site-packages/airflow/example_dags/tutorial_taskflow_api_virtualenv.py took 0.059 seconds
[2026-05-08T21:08:36.289+0000] {processor.py:186} INFO - Started process (PID=4725) to work on /home/airflow/.local/lib/python3.12/site-packages/airflow/example_dags/tutorial_taskflow_api_virtualenv.py
[2026-05-08T21:08:36.290+0000] {processor.py:914} INFO - Processing file /home/airflow/.local/lib/python3.12/site-packages/airflow/example_dags/tutorial_taskflow_api_virtualenv.py for tasks to queue
[2026-05-08T21:08:36.292+0000] {logging_mixin.py:190} INFO - [2026-05-08T21:08:36.292+0000] {dagbag.py:588} INFO - Filling up the DagBag from /home/airflow/.local/lib/python3.12/site-packages/airflow/example_dags/tutorial_taskflow_api_virtualenv.py
[2026-05-08T21:08:36.306+0000] {processor.py:925} INFO - DAG(s) 'tutorial_taskflow_api_virtualenv' retrieved from /home/airflow/.local/lib/python3.12/site-packages/airflow/example_dags/tutorial_taskflow_api_virtualenv.py
[2026-05-08T21:08:36.322+0000] {logging_mixin.py:190} INFO - [2026-05-08T21:08:36.322+0000] {dag.py:3239} INFO - Sync 1 DAGs
[2026-05-08T21:08:36.334+0000] {logging_mixin.py:190} INFO - [2026-05-08T21:08:36.334+0000] {dag.py:4180} INFO - Setting next_dagrun for tutorial_taskflow_api_virtualenv to None, run_after=None
[2026-05-08T21:08:36.347+0000] {processor.py:208} INFO - Processing /home/airflow/.local/lib/python3.12/site-packages/airflow/example_dags/tutorial_taskflow_api_virtualenv.py took 0.066 seconds
[2026-05-08T21:09:06.652+0000] {processor.py:186} INFO - Started process (PID=4789) to work on /home/airflow/.local/lib/python3.12/site-packages/airflow/example_dags/tutorial_taskflow_api_virtualenv.py
[2026-05-08T21:09:06.652+0000] {processor.py:914} INFO - Processing file /home/airflow/.local/lib/python3.12/site-packages/airflow/example_dags/tutorial_taskflow_api_virtualenv.py for tasks to queue
[2026-05-08T21:09:06.654+0000] {logging_mixin.py:190} INFO - [2026-05-08T21:09:06.654+0000] {dagbag.py:588} INFO - Filling up the DagBag from /home/airflow/.local/lib/python3.12/site-packages/airflow/example_dags/tutorial_taskflow_api_virtualenv.py
[2026-05-08T21:09:06.663+0000] {processor.py:925} INFO - DAG(s) 'tutorial_taskflow_api_virtualenv' retrieved from /home/airflow/.local/lib/python3.12/site-packages/airflow/example_dags/tutorial_taskflow_api_virtualenv.py
[2026-05-08T21:09:06.682+0000] {logging_mixin.py:190} INFO - [2026-05-08T21:09:06.682+0000] {dag.py:3239} INFO - Sync 1 DAGs
[2026-05-08T21:09:06.699+0000] {logging_mixin.py:190} INFO - [2026-05-08T21:09:06.699+0000] {dag.py:4180} INFO - Setting next_dagrun for tutorial_taskflow_api_virtualenv to None, run_after=None
[2026-05-08T21:09:06.712+0000] {processor.py:208} INFO - Processing /home/airflow/.local/lib/python3.12/site-packages/airflow/example_dags/tutorial_taskflow_api_virtualenv.py took 0.065 seconds
[2026-05-08T21:09:36.990+0000] {processor.py:186} INFO - Started process (PID=4852) to work on /home/airflow/.local/lib/python3.12/site-packages/airflow/example_dags/tutorial_taskflow_api_virtualenv.py
[2026-05-08T21:09:36.991+0000] {processor.py:914} INFO - Processing file /home/airflow/.local/lib/python3.12/site-packages/airflow/example_dags/tutorial_taskflow_api_virtualenv.py for tasks to queue
[2026-05-08T21:09:36.992+0000] {logging_mixin.py:190} INFO - [2026-05-08T21:09:36.992+0000] {dagbag.py:588} INFO - Filling up the DagBag from /home/airflow/.local/lib/python3.12/site-packages/airflow/example_dags/tutorial_taskflow_api_virtualenv.py
[2026-05-08T21:09:37.002+0000] {processor.py:925} INFO - DAG(s) 'tutorial_taskflow_api_virtualenv' retrieved from /home/airflow/.local/lib/python3.12/site-packages/airflow/example_dags/tutorial_taskflow_api_virtualenv.py
[2026-05-08T21:09:37.020+0000] {logging_mixin.py:190} INFO - [2026-05-08T21:09:37.020+0000] {dag.py:3239} INFO - Sync 1 DAGs
[2026-05-08T21:09:37.036+0000] {logging_mixin.py:190} INFO - [2026-05-08T21:09:37.036+0000] {dag.py:4180} INFO - Setting next_dagrun for tutorial_taskflow_api_virtualenv to None, run_after=None
[2026-05-08T21:09:37.053+0000] {processor.py:208} INFO - Processing /home/airflow/.local/lib/python3.12/site-packages/airflow/example_dags/tutorial_taskflow_api_virtualenv.py took 0.068 seconds
[2026-05-08T21:10:07.950+0000] {processor.py:186} INFO - Started process (PID=4916) to work on /home/airflow/.local/lib/python3.12/site-packages/airflow/example_dags/tutorial_taskflow_api_virtualenv.py
[2026-05-08T21:10:07.950+0000] {processor.py:914} INFO - Processing file /home/airflow/.local/lib/python3.12/site-packages/airflow/example_dags/tutorial_taskflow_api_virtualenv.py for tasks to queue
[2026-05-08T21:10:07.952+0000] {logging_mixin.py:190} INFO - [2026-05-08T21:10:07.952+0000] {dagbag.py:588} INFO - Filling up the DagBag from /home/airflow/.local/lib/python3.12/site-packages/airflow/example_dags/tutorial_taskflow_api_virtualenv.py
[2026-05-08T21:10:07.965+0000] {processor.py:925} INFO - DAG(s) 'tutorial_taskflow_api_virtualenv' retrieved from /home/airflow/.local/lib/python3.12/site-packages/airflow/example_dags/tutorial_taskflow_api_virtualenv.py
[2026-05-08T21:10:07.983+0000] {logging_mixin.py:190} INFO - [2026-05-08T21:10:07.983+0000] {dag.py:3239} INFO - Sync 1 DAGs
[2026-05-08T21:10:07.997+0000] {logging_mixin.py:190} INFO - [2026-05-08T21:10:07.997+0000] {dag.py:4180} INFO - Setting next_dagrun for tutorial_taskflow_api_virtualenv to None, run_after=None
[2026-05-08T21:10:08.012+0000] {processor.py:208} INFO - Processing /home/airflow/.local/lib/python3.12/site-packages/airflow/example_dags/tutorial_taskflow_api_virtualenv.py took 0.069 seconds
[2026-05-08T21:10:38.486+0000] {processor.py:186} INFO - Started process (PID=4980) to work on /home/airflow/.local/lib/python3.12/site-packages/airflow/example_dags/tutorial_taskflow_api_virtualenv.py
[2026-05-08T21:10:38.487+0000] {processor.py:914} INFO - Processing file /home/airflow/.local/lib/python3.12/site-packages/airflow/example_dags/tutorial_taskflow_api_virtualenv.py for tasks to queue
[2026-05-08T21:10:38.488+0000] {logging_mixin.py:190} INFO - [2026-05-08T21:10:38.488+0000] {dagbag.py:588} INFO - Filling up the DagBag from /home/airflow/.local/lib/python3.12/site-packages/airflow/example_dags/tutorial_taskflow_api_virtualenv.py
[2026-05-08T21:10:38.498+0000] {processor.py:925} INFO - DAG(s) 'tutorial_taskflow_api_virtualenv' retrieved from /home/airflow/.local/lib/python3.12/site-packages/airflow/example_dags/tutorial_taskflow_api_virtualenv.py
[2026-05-08T21:10:38.514+0000] {logging_mixin.py:190} INFO - [2026-05-08T21:10:38.513+0000] {dag.py:3239} INFO - Sync 1 DAGs
[2026-05-08T21:10:38.531+0000] {logging_mixin.py:190} INFO - [2026-05-08T21:10:38.530+0000] {dag.py:4180} INFO - Setting next_dagrun for tutorial_taskflow_api_virtualenv to None, run_after=None
[2026-05-08T21:10:38.564+0000] {processor.py:208} INFO - Processing /home/airflow/.local/lib/python3.12/site-packages/airflow/example_dags/tutorial_taskflow_api_virtualenv.py took 0.082 seconds
[2026-05-08T21:11:09.619+0000] {processor.py:186} INFO - Started process (PID=5044) to work on /home/airflow/.local/lib/python3.12/site-packages/airflow/example_dags/tutorial_taskflow_api_virtualenv.py
[2026-05-08T21:11:09.620+0000] {processor.py:914} INFO - Processing file /home/airflow/.local/lib/python3.12/site-packages/airflow/example_dags/tutorial_taskflow_api_virtualenv.py for tasks to queue
[2026-05-08T21:11:09.621+0000] {logging_mixin.py:190} INFO - [2026-05-08T21:11:09.621+0000] {dagbag.py:588} INFO - Filling up the DagBag from /home/airflow/.local/lib/python3.12/site-packages/airflow/example_dags/tutorial_taskflow_api_virtualenv.py
[2026-05-08T21:11:09.630+0000] {processor.py:925} INFO - DAG(s) 'tutorial_taskflow_api_virtualenv' retrieved from /home/airflow/.local/lib/python3.12/site-packages/airflow/example_dags/tutorial_taskflow_api_virtualenv.py
[2026-05-08T21:11:09.645+0000] {logging_mixin.py:190} INFO - [2026-05-08T21:11:09.645+0000] {dag.py:3239} INFO - Sync 1 DAGs
[2026-05-08T21:11:09.656+0000] {logging_mixin.py:190} INFO - [2026-05-08T21:11:09.656+0000] {dag.py:4180} INFO - Setting next_dagrun for tutorial_taskflow_api_virtualenv to None, run_after=None
[2026-05-08T21:11:09.671+0000] {processor.py:208} INFO - Processing /home/airflow/.local/lib/python3.12/site-packages/airflow/example_dags/tutorial_taskflow_api_virtualenv.py took 0.057 seconds
[2026-05-08T21:11:40.474+0000] {processor.py:186} INFO - Started process (PID=5108) to work on /home/airflow/.local/lib/python3.12/site-packages/airflow/example_dags/tutorial_taskflow_api_virtualenv.py
[2026-05-08T21:11:40.475+0000] {processor.py:914} INFO - Processing file /home/airflow/.local/lib/python3.12/site-packages/airflow/example_dags/tutorial_taskflow_api_virtualenv.py for tasks to queue
[2026-05-08T21:11:40.477+0000] {logging_mixin.py:190} INFO - [2026-05-08T21:11:40.476+0000] {dagbag.py:588} INFO - Filling up the DagBag from /home/airflow/.local/lib/python3.12/site-packages/airflow/example_dags/tutorial_taskflow_api_virtualenv.py
[2026-05-08T21:11:40.486+0000] {processor.py:925} INFO - DAG(s) 'tutorial_taskflow_api_virtualenv' retrieved from /home/airflow/.local/lib/python3.12/site-packages/airflow/example_dags/tutorial_taskflow_api_virtualenv.py
[2026-05-08T21:11:40.501+0000] {logging_mixin.py:190} INFO - [2026-05-08T21:11:40.501+0000] {dag.py:3239} INFO - Sync 1 DAGs
[2026-05-08T21:11:40.512+0000] {logging_mixin.py:190} INFO - [2026-05-08T21:11:40.512+0000] {dag.py:4180} INFO - Setting next_dagrun for tutorial_taskflow_api_virtualenv to None, run_after=None
[2026-05-08T21:11:40.525+0000] {processor.py:208} INFO - Processing /home/airflow/.local/lib/python3.12/site-packages/airflow/example_dags/tutorial_taskflow_api_virtualenv.py took 0.056 seconds
[2026-05-08T21:12:11.428+0000] {processor.py:186} INFO - Started process (PID=5172) to work on /home/airflow/.local/lib/python3.12/site-packages/airflow/example_dags/tutorial_taskflow_api_virtualenv.py
[2026-05-08T21:12:11.429+0000] {processor.py:914} INFO - Processing file /home/airflow/.local/lib/python3.12/site-packages/airflow/example_dags/tutorial_taskflow_api_virtualenv.py for tasks to queue
[2026-05-08T21:12:11.431+0000] {logging_mixin.py:190} INFO - [2026-05-08T21:12:11.431+0000] {dagbag.py:588} INFO - Filling up the DagBag from /home/airflow/.local/lib/python3.12/site-packages/airflow/example_dags/tutorial_taskflow_api_virtualenv.py
[2026-05-08T21:12:11.445+0000] {processor.py:925} INFO - DAG(s) 'tutorial_taskflow_api_virtualenv' retrieved from /home/airflow/.local/lib/python3.12/site-packages/airflow/example_dags/tutorial_taskflow_api_virtualenv.py
[2026-05-08T21:12:11.465+0000] {logging_mixin.py:190} INFO - [2026-05-08T21:12:11.464+0000] {dag.py:3239} INFO - Sync 1 DAGs
[2026-05-08T21:12:11.477+0000] {logging_mixin.py:190} INFO - [2026-05-08T21:12:11.477+0000] {dag.py:4180} INFO - Setting next_dagrun for tutorial_taskflow_api_virtualenv to None, run_after=None
[2026-05-08T21:12:11.491+0000] {processor.py:208} INFO - Processing /home/airflow/.local/lib/python3.12/site-packages/airflow/example_dags/tutorial_taskflow_api_virtualenv.py took 0.070 seconds
[2026-05-08T21:12:41.664+0000] {processor.py:186} INFO - Started process (PID=5235) to work on /home/airflow/.local/lib/python3.12/site-packages/airflow/example_dags/tutorial_taskflow_api_virtualenv.py
[2026-05-08T21:12:41.664+0000] {processor.py:914} INFO - Processing file /home/airflow/.local/lib/python3.12/site-packages/airflow/example_dags/tutorial_taskflow_api_virtualenv.py for tasks to queue
[2026-05-08T21:12:41.666+0000] {logging_mixin.py:190} INFO - [2026-05-08T21:12:41.666+0000] {dagbag.py:588} INFO - Filling up the DagBag from /home/airflow/.local/lib/python3.12/site-packages/airflow/example_dags/tutorial_taskflow_api_virtualenv.py
[2026-05-08T21:12:41.676+0000] {processor.py:925} INFO - DAG(s) 'tutorial_taskflow_api_virtualenv' retrieved from /home/airflow/.local/lib/python3.12/site-packages/airflow/example_dags/tutorial_taskflow_api_virtualenv.py
[2026-05-08T21:12:41.694+0000] {logging_mixin.py:190} INFO - [2026-05-08T21:12:41.694+0000] {dag.py:3239} INFO - Sync 1 DAGs
[2026-05-08T21:12:41.708+0000] {logging_mixin.py:190} INFO - [2026-05-08T21:12:41.708+0000] {dag.py:4180} INFO - Setting next_dagrun for tutorial_taskflow_api_virtualenv to None, run_after=None
[2026-05-08T21:12:41.722+0000] {processor.py:208} INFO - Processing /home/airflow/.local/lib/python3.12/site-packages/airflow/example_dags/tutorial_taskflow_api_virtualenv.py took 0.063 seconds
[2026-05-08T21:13:12.837+0000] {processor.py:186} INFO - Started process (PID=5300) to work on /home/airflow/.local/lib/python3.12/site-packages/airflow/example_dags/tutorial_taskflow_api_virtualenv.py
[2026-05-08T21:13:12.838+0000] {processor.py:914} INFO - Processing file /home/airflow/.local/lib/python3.12/site-packages/airflow/example_dags/tutorial_taskflow_api_virtualenv.py for tasks to queue
[2026-05-08T21:13:12.840+0000] {logging_mixin.py:190} INFO - [2026-05-08T21:13:12.839+0000] {dagbag.py:588} INFO - Filling up the DagBag from /home/airflow/.local/lib/python3.12/site-packages/airflow/example_dags/tutorial_taskflow_api_virtualenv.py
[2026-05-08T21:13:12.853+0000] {processor.py:925} INFO - DAG(s) 'tutorial_taskflow_api_virtualenv' retrieved from /home/airflow/.local/lib/python3.12/site-packages/airflow/example_dags/tutorial_taskflow_api_virtualenv.py
[2026-05-08T21:13:12.877+0000] {logging_mixin.py:190} INFO - [2026-05-08T21:13:12.877+0000] {dag.py:3239} INFO - Sync 1 DAGs
[2026-05-08T21:13:12.894+0000] {logging_mixin.py:190} INFO - [2026-05-08T21:13:12.894+0000] {dag.py:4180} INFO - Setting next_dagrun for tutorial_taskflow_api_virtualenv to None, run_after=None
[2026-05-08T21:13:12.912+0000] {processor.py:208} INFO - Processing /home/airflow/.local/lib/python3.12/site-packages/airflow/example_dags/tutorial_taskflow_api_virtualenv.py took 0.082 seconds
[2026-05-08T21:13:43.674+0000] {processor.py:186} INFO - Started process (PID=5364) to work on /home/airflow/.local/lib/python3.12/site-packages/airflow/example_dags/tutorial_taskflow_api_virtualenv.py
[2026-05-08T21:13:43.674+0000] {processor.py:914} INFO - Processing file /home/airflow/.local/lib/python3.12/site-packages/airflow/example_dags/tutorial_taskflow_api_virtualenv.py for tasks to queue
[2026-05-08T21:13:43.676+0000] {logging_mixin.py:190} INFO - [2026-05-08T21:13:43.676+0000] {dagbag.py:588} INFO - Filling up the DagBag from /home/airflow/.local/lib/python3.12/site-packages/airflow/example_dags/tutorial_taskflow_api_virtualenv.py
[2026-05-08T21:13:43.686+0000] {processor.py:925} INFO - DAG(s) 'tutorial_taskflow_api_virtualenv' retrieved from /home/airflow/.local/lib/python3.12/site-packages/airflow/example_dags/tutorial_taskflow_api_virtualenv.py
[2026-05-08T21:13:43.705+0000] {logging_mixin.py:190} INFO - [2026-05-08T21:13:43.705+0000] {dag.py:3239} INFO - Sync 1 DAGs
[2026-05-08T21:13:43.720+0000] {logging_mixin.py:190} INFO - [2026-05-08T21:13:43.720+0000] {dag.py:4180} INFO - Setting next_dagrun for tutorial_taskflow_api_virtualenv to None, run_after=None
[2026-05-08T21:13:43.734+0000] {processor.py:208} INFO - Processing /home/airflow/.local/lib/python3.12/site-packages/airflow/example_dags/tutorial_taskflow_api_virtualenv.py took 0.065 seconds
[2026-05-08T21:14:14.424+0000] {processor.py:186} INFO - Started process (PID=5428) to work on /home/airflow/.local/lib/python3.12/site-packages/airflow/example_dags/tutorial_taskflow_api_virtualenv.py
[2026-05-08T21:14:14.424+0000] {processor.py:914} INFO - Processing file /home/airflow/.local/lib/python3.12/site-packages/airflow/example_dags/tutorial_taskflow_api_virtualenv.py for tasks to queue
[2026-05-08T21:14:14.426+0000] {logging_mixin.py:190} INFO - [2026-05-08T21:14:14.426+0000] {dagbag.py:588} INFO - Filling up the DagBag from /home/airflow/.local/lib/python3.12/site-packages/airflow/example_dags/tutorial_taskflow_api_virtualenv.py
[2026-05-08T21:14:14.435+0000] {processor.py:925} INFO - DAG(s) 'tutorial_taskflow_api_virtualenv' retrieved from /home/airflow/.local/lib/python3.12/site-packages/airflow/example_dags/tutorial_taskflow_api_virtualenv.py
[2026-05-08T21:14:14.453+0000] {logging_mixin.py:190} INFO - [2026-05-08T21:14:14.453+0000] {dag.py:3239} INFO - Sync 1 DAGs
[2026-05-08T21:14:14.470+0000] {logging_mixin.py:190} INFO - [2026-05-08T21:14:14.470+0000] {dag.py:4180} INFO - Setting next_dagrun for tutorial_taskflow_api_virtualenv to None, run_after=None
[2026-05-08T21:14:14.485+0000] {processor.py:208} INFO - Processing /home/airflow/.local/lib/python3.12/site-packages/airflow/example_dags/tutorial_taskflow_api_virtualenv.py took 0.066 seconds
[2026-05-08T21:14:44.914+0000] {processor.py:186} INFO - Started process (PID=5492) to work on /home/airflow/.local/lib/python3.12/site-packages/airflow/example_dags/tutorial_taskflow_api_virtualenv.py
[2026-05-08T21:14:44.915+0000] {processor.py:914} INFO - Processing file /home/airflow/.local/lib/python3.12/site-packages/airflow/example_dags/tutorial_taskflow_api_virtualenv.py for tasks to queue
[2026-05-08T21:14:44.916+0000] {logging_mixin.py:190} INFO - [2026-05-08T21:14:44.916+0000] {dagbag.py:588} INFO - Filling up the DagBag from /home/airflow/.local/lib/python3.12/site-packages/airflow/example_dags/tutorial_taskflow_api_virtualenv.py
[2026-05-08T21:14:44.926+0000] {processor.py:925} INFO - DAG(s) 'tutorial_taskflow_api_virtualenv' retrieved from /home/airflow/.local/lib/python3.12/site-packages/airflow/example_dags/tutorial_taskflow_api_virtualenv.py
[2026-05-08T21:14:44.941+0000] {logging_mixin.py:190} INFO - [2026-05-08T21:14:44.941+0000] {dag.py:3239} INFO - Sync 1 DAGs
[2026-05-08T21:14:44.952+0000] {logging_mixin.py:190} INFO - [2026-05-08T21:14:44.952+0000] {dag.py:4180} INFO - Setting next_dagrun for tutorial_taskflow_api_virtualenv to None, run_after=None
[2026-05-08T21:14:44.965+0000] {processor.py:208} INFO - Processing /home/airflow/.local/lib/python3.12/site-packages/airflow/example_dags/tutorial_taskflow_api_virtualenv.py took 0.056 seconds
[2026-05-08T21:15:15.084+0000] {processor.py:186} INFO - Started process (PID=5555) to work on /home/airflow/.local/lib/python3.12/site-packages/airflow/example_dags/tutorial_taskflow_api_virtualenv.py
[2026-05-08T21:15:15.085+0000] {processor.py:914} INFO - Processing file /home/airflow/.local/lib/python3.12/site-packages/airflow/example_dags/tutorial_taskflow_api_virtualenv.py for tasks to queue
[2026-05-08T21:15:15.087+0000] {logging_mixin.py:190} INFO - [2026-05-08T21:15:15.087+0000] {dagbag.py:588} INFO - Filling up the DagBag from /home/airflow/.local/lib/python3.12/site-packages/airflow/example_dags/tutorial_taskflow_api_virtualenv.py
[2026-05-08T21:15:15.100+0000] {processor.py:925} INFO - DAG(s) 'tutorial_taskflow_api_virtualenv' retrieved from /home/airflow/.local/lib/python3.12/site-packages/airflow/example_dags/tutorial_taskflow_api_virtualenv.py
[2026-05-08T21:15:15.118+0000] {logging_mixin.py:190} INFO - [2026-05-08T21:15:15.118+0000] {dag.py:3239} INFO - Sync 1 DAGs
[2026-05-08T21:15:15.133+0000] {logging_mixin.py:190} INFO - [2026-05-08T21:15:15.132+0000] {dag.py:4180} INFO - Setting next_dagrun for tutorial_taskflow_api_virtualenv to None, run_after=None
[2026-05-08T21:15:15.147+0000] {processor.py:208} INFO - Processing /home/airflow/.local/lib/python3.12/site-packages/airflow/example_dags/tutorial_taskflow_api_virtualenv.py took 0.069 seconds
[2026-05-08T21:15:45.382+0000] {processor.py:186} INFO - Started process (PID=5619) to work on /home/airflow/.local/lib/python3.12/site-packages/airflow/example_dags/tutorial_taskflow_api_virtualenv.py
[2026-05-08T21:15:45.382+0000] {processor.py:914} INFO - Processing file /home/airflow/.local/lib/python3.12/site-packages/airflow/example_dags/tutorial_taskflow_api_virtualenv.py for tasks to queue
[2026-05-08T21:15:45.384+0000] {logging_mixin.py:190} INFO - [2026-05-08T21:15:45.384+0000] {dagbag.py:588} INFO - Filling up the DagBag from /home/airflow/.local/lib/python3.12/site-packages/airflow/example_dags/tutorial_taskflow_api_virtualenv.py
[2026-05-08T21:15:45.393+0000] {processor.py:925} INFO - DAG(s) 'tutorial_taskflow_api_virtualenv' retrieved from /home/airflow/.local/lib/python3.12/site-packages/airflow/example_dags/tutorial_taskflow_api_virtualenv.py
[2026-05-08T21:15:45.408+0000] {logging_mixin.py:190} INFO - [2026-05-08T21:15:45.408+0000] {dag.py:3239} INFO - Sync 1 DAGs
[2026-05-08T21:15:45.419+0000] {logging_mixin.py:190} INFO - [2026-05-08T21:15:45.418+0000] {dag.py:4180} INFO - Setting next_dagrun for tutorial_taskflow_api_virtualenv to None, run_after=None
[2026-05-08T21:15:45.431+0000] {processor.py:208} INFO - Processing /home/airflow/.local/lib/python3.12/site-packages/airflow/example_dags/tutorial_taskflow_api_virtualenv.py took 0.054 seconds
[2026-05-08T21:16:15.479+0000] {processor.py:186} INFO - Started process (PID=5683) to work on /home/airflow/.local/lib/python3.12/site-packages/airflow/example_dags/tutorial_taskflow_api_virtualenv.py
[2026-05-08T21:16:15.480+0000] {processor.py:914} INFO - Processing file /home/airflow/.local/lib/python3.12/site-packages/airflow/example_dags/tutorial_taskflow_api_virtualenv.py for tasks to queue
[2026-05-08T21:16:15.481+0000] {logging_mixin.py:190} INFO - [2026-05-08T21:16:15.481+0000] {dagbag.py:588} INFO - Filling up the DagBag from /home/airflow/.local/lib/python3.12/site-packages/airflow/example_dags/tutorial_taskflow_api_virtualenv.py
[2026-05-08T21:16:15.491+0000] {processor.py:925} INFO - DAG(s) 'tutorial_taskflow_api_virtualenv' retrieved from /home/airflow/.local/lib/python3.12/site-packages/airflow/example_dags/tutorial_taskflow_api_virtualenv.py
[2026-05-08T21:16:15.506+0000] {logging_mixin.py:190} INFO - [2026-05-08T21:16:15.506+0000] {dag.py:3239} INFO - Sync 1 DAGs
[2026-05-08T21:16:15.517+0000] {logging_mixin.py:190} INFO - [2026-05-08T21:16:15.517+0000] {dag.py:4180} INFO - Setting next_dagrun for tutorial_taskflow_api_virtualenv to None, run_after=None
[2026-05-08T21:16:15.530+0000] {processor.py:208} INFO - Processing /home/airflow/.local/lib/python3.12/site-packages/airflow/example_dags/tutorial_taskflow_api_virtualenv.py took 0.055 seconds
[2026-05-08T21:16:45.843+0000] {processor.py:186} INFO - Started process (PID=5747) to work on /home/airflow/.local/lib/python3.12/site-packages/airflow/example_dags/tutorial_taskflow_api_virtualenv.py
[2026-05-08T21:16:45.844+0000] {processor.py:914} INFO - Processing file /home/airflow/.local/lib/python3.12/site-packages/airflow/example_dags/tutorial_taskflow_api_virtualenv.py for tasks to queue
[2026-05-08T21:16:45.846+0000] {logging_mixin.py:190} INFO - [2026-05-08T21:16:45.845+0000] {dagbag.py:588} INFO - Filling up the DagBag from /home/airflow/.local/lib/python3.12/site-packages/airflow/example_dags/tutorial_taskflow_api_virtualenv.py
[2026-05-08T21:16:45.857+0000] {processor.py:925} INFO - DAG(s) 'tutorial_taskflow_api_virtualenv' retrieved from /home/airflow/.local/lib/python3.12/site-packages/airflow/example_dags/tutorial_taskflow_api_virtualenv.py
[2026-05-08T21:16:45.880+0000] {logging_mixin.py:190} INFO - [2026-05-08T21:16:45.880+0000] {dag.py:3239} INFO - Sync 1 DAGs
[2026-05-08T21:16:45.895+0000] {logging_mixin.py:190} INFO - [2026-05-08T21:16:45.895+0000] {dag.py:4180} INFO - Setting next_dagrun for tutorial_taskflow_api_virtualenv to None, run_after=None
[2026-05-08T21:16:45.911+0000] {processor.py:208} INFO - Processing /home/airflow/.local/lib/python3.12/site-packages/airflow/example_dags/tutorial_taskflow_api_virtualenv.py took 0.072 seconds
[2026-05-08T21:17:17.021+0000] {processor.py:186} INFO - Started process (PID=5811) to work on /home/airflow/.local/lib/python3.12/site-packages/airflow/example_dags/tutorial_taskflow_api_virtualenv.py
[2026-05-08T21:17:17.021+0000] {processor.py:914} INFO - Processing file /home/airflow/.local/lib/python3.12/site-packages/airflow/example_dags/tutorial_taskflow_api_virtualenv.py for tasks to queue
[2026-05-08T21:17:17.023+0000] {logging_mixin.py:190} INFO - [2026-05-08T21:17:17.023+0000] {dagbag.py:588} INFO - Filling up the DagBag from /home/airflow/.local/lib/python3.12/site-packages/airflow/example_dags/tutorial_taskflow_api_virtualenv.py
[2026-05-08T21:17:17.033+0000] {processor.py:925} INFO - DAG(s) 'tutorial_taskflow_api_virtualenv' retrieved from /home/airflow/.local/lib/python3.12/site-packages/airflow/example_dags/tutorial_taskflow_api_virtualenv.py
[2026-05-08T21:17:17.048+0000] {logging_mixin.py:190} INFO - [2026-05-08T21:17:17.048+0000] {dag.py:3239} INFO - Sync 1 DAGs
[2026-05-08T21:17:17.061+0000] {logging_mixin.py:190} INFO - [2026-05-08T21:17:17.061+0000] {dag.py:4180} INFO - Setting next_dagrun for tutorial_taskflow_api_virtualenv to None, run_after=None
[2026-05-08T21:17:17.077+0000] {processor.py:208} INFO - Processing /home/airflow/.local/lib/python3.12/site-packages/airflow/example_dags/tutorial_taskflow_api_virtualenv.py took 0.060 seconds
[2026-05-08T21:17:47.334+0000] {processor.py:186} INFO - Started process (PID=5875) to work on /home/airflow/.local/lib/python3.12/site-packages/airflow/example_dags/tutorial_taskflow_api_virtualenv.py
[2026-05-08T21:17:47.335+0000] {processor.py:914} INFO - Processing file /home/airflow/.local/lib/python3.12/site-packages/airflow/example_dags/tutorial_taskflow_api_virtualenv.py for tasks to queue
[2026-05-08T21:17:47.337+0000] {logging_mixin.py:190} INFO - [2026-05-08T21:17:47.336+0000] {dagbag.py:588} INFO - Filling up the DagBag from /home/airflow/.local/lib/python3.12/site-packages/airflow/example_dags/tutorial_taskflow_api_virtualenv.py
[2026-05-08T21:17:47.346+0000] {processor.py:925} INFO - DAG(s) 'tutorial_taskflow_api_virtualenv' retrieved from /home/airflow/.local/lib/python3.12/site-packages/airflow/example_dags/tutorial_taskflow_api_virtualenv.py
[2026-05-08T21:17:47.364+0000] {logging_mixin.py:190} INFO - [2026-05-08T21:17:47.364+0000] {dag.py:3239} INFO - Sync 1 DAGs
[2026-05-08T21:17:47.379+0000] {logging_mixin.py:190} INFO - [2026-05-08T21:17:47.379+0000] {dag.py:4180} INFO - Setting next_dagrun for tutorial_taskflow_api_virtualenv to None, run_after=None
[2026-05-08T21:17:47.393+0000] {processor.py:208} INFO - Processing /home/airflow/.local/lib/python3.12/site-packages/airflow/example_dags/tutorial_taskflow_api_virtualenv.py took 0.064 seconds
[2026-05-08T21:18:17.971+0000] {processor.py:186} INFO - Started process (PID=5939) to work on /home/airflow/.local/lib/python3.12/site-packages/airflow/example_dags/tutorial_taskflow_api_virtualenv.py
[2026-05-08T21:18:17.972+0000] {processor.py:914} INFO - Processing file /home/airflow/.local/lib/python3.12/site-packages/airflow/example_dags/tutorial_taskflow_api_virtualenv.py for tasks to queue
[2026-05-08T21:18:17.974+0000] {logging_mixin.py:190} INFO - [2026-05-08T21:18:17.974+0000] {dagbag.py:588} INFO - Filling up the DagBag from /home/airflow/.local/lib/python3.12/site-packages/airflow/example_dags/tutorial_taskflow_api_virtualenv.py
[2026-05-08T21:18:17.984+0000] {processor.py:925} INFO - DAG(s) 'tutorial_taskflow_api_virtualenv' retrieved from /home/airflow/.local/lib/python3.12/site-packages/airflow/example_dags/tutorial_taskflow_api_virtualenv.py
[2026-05-08T21:18:18.001+0000] {logging_mixin.py:190} INFO - [2026-05-08T21:18:18.001+0000] {dag.py:3239} INFO - Sync 1 DAGs
[2026-05-08T21:18:18.017+0000] {logging_mixin.py:190} INFO - [2026-05-08T21:18:18.017+0000] {dag.py:4180} INFO - Setting next_dagrun for tutorial_taskflow_api_virtualenv to None, run_after=None
[2026-05-08T21:18:18.033+0000] {processor.py:208} INFO - Processing /home/airflow/.local/lib/python3.12/site-packages/airflow/example_dags/tutorial_taskflow_api_virtualenv.py took 0.067 seconds
[2026-05-08T21:18:48.382+0000] {processor.py:186} INFO - Started process (PID=6003) to work on /home/airflow/.local/lib/python3.12/site-packages/airflow/example_dags/tutorial_taskflow_api_virtualenv.py
[2026-05-08T21:18:48.383+0000] {processor.py:914} INFO - Processing file /home/airflow/.local/lib/python3.12/site-packages/airflow/example_dags/tutorial_taskflow_api_virtualenv.py for tasks to queue
[2026-05-08T21:18:48.385+0000] {logging_mixin.py:190} INFO - [2026-05-08T21:18:48.384+0000] {dagbag.py:588} INFO - Filling up the DagBag from /home/airflow/.local/lib/python3.12/site-packages/airflow/example_dags/tutorial_taskflow_api_virtualenv.py
[2026-05-08T21:18:48.397+0000] {processor.py:925} INFO - DAG(s) 'tutorial_taskflow_api_virtualenv' retrieved from /home/airflow/.local/lib/python3.12/site-packages/airflow/example_dags/tutorial_taskflow_api_virtualenv.py
[2026-05-08T21:18:48.416+0000] {logging_mixin.py:190} INFO - [2026-05-08T21:18:48.415+0000] {dag.py:3239} INFO - Sync 1 DAGs
[2026-05-08T21:18:48.431+0000] {logging_mixin.py:190} INFO - [2026-05-08T21:18:48.430+0000] {dag.py:4180} INFO - Setting next_dagrun for tutorial_taskflow_api_virtualenv to None, run_after=None
[2026-05-08T21:18:48.446+0000] {processor.py:208} INFO - Processing /home/airflow/.local/lib/python3.12/site-packages/airflow/example_dags/tutorial_taskflow_api_virtualenv.py took 0.070 seconds
[2026-05-08T21:19:18.965+0000] {processor.py:186} INFO - Started process (PID=6067) to work on /home/airflow/.local/lib/python3.12/site-packages/airflow/example_dags/tutorial_taskflow_api_virtualenv.py
[2026-05-08T21:19:18.965+0000] {processor.py:914} INFO - Processing file /home/airflow/.local/lib/python3.12/site-packages/airflow/example_dags/tutorial_taskflow_api_virtualenv.py for tasks to queue
[2026-05-08T21:19:18.967+0000] {logging_mixin.py:190} INFO - [2026-05-08T21:19:18.967+0000] {dagbag.py:588} INFO - Filling up the DagBag from /home/airflow/.local/lib/python3.12/site-packages/airflow/example_dags/tutorial_taskflow_api_virtualenv.py
[2026-05-08T21:19:18.980+0000] {processor.py:925} INFO - DAG(s) 'tutorial_taskflow_api_virtualenv' retrieved from /home/airflow/.local/lib/python3.12/site-packages/airflow/example_dags/tutorial_taskflow_api_virtualenv.py
[2026-05-08T21:19:18.999+0000] {logging_mixin.py:190} INFO - [2026-05-08T21:19:18.998+0000] {dag.py:3239} INFO - Sync 1 DAGs
[2026-05-08T21:19:19.010+0000] {logging_mixin.py:190} INFO - [2026-05-08T21:19:19.010+0000] {dag.py:4180} INFO - Setting next_dagrun for tutorial_taskflow_api_virtualenv to None, run_after=None
[2026-05-08T21:19:19.027+0000] {processor.py:208} INFO - Processing /home/airflow/.local/lib/python3.12/site-packages/airflow/example_dags/tutorial_taskflow_api_virtualenv.py took 0.066 seconds
[2026-05-08T21:19:49.434+0000] {processor.py:186} INFO - Started process (PID=6131) to work on /home/airflow/.local/lib/python3.12/site-packages/airflow/example_dags/tutorial_taskflow_api_virtualenv.py
[2026-05-08T21:19:49.435+0000] {processor.py:914} INFO - Processing file /home/airflow/.local/lib/python3.12/site-packages/airflow/example_dags/tutorial_taskflow_api_virtualenv.py for tasks to queue
[2026-05-08T21:19:49.437+0000] {logging_mixin.py:190} INFO - [2026-05-08T21:19:49.436+0000] {dagbag.py:588} INFO - Filling up the DagBag from /home/airflow/.local/lib/python3.12/site-packages/airflow/example_dags/tutorial_taskflow_api_virtualenv.py
[2026-05-08T21:19:49.446+0000] {processor.py:925} INFO - DAG(s) 'tutorial_taskflow_api_virtualenv' retrieved from /home/airflow/.local/lib/python3.12/site-packages/airflow/example_dags/tutorial_taskflow_api_virtualenv.py
[2026-05-08T21:19:49.463+0000] {logging_mixin.py:190} INFO - [2026-05-08T21:19:49.463+0000] {dag.py:3239} INFO - Sync 1 DAGs
[2026-05-08T21:19:49.476+0000] {logging_mixin.py:190} INFO - [2026-05-08T21:19:49.475+0000] {dag.py:4180} INFO - Setting next_dagrun for tutorial_taskflow_api_virtualenv to None, run_after=None
[2026-05-08T21:19:49.493+0000] {processor.py:208} INFO - Processing /home/airflow/.local/lib/python3.12/site-packages/airflow/example_dags/tutorial_taskflow_api_virtualenv.py took 0.064 seconds
[2026-05-08T21:20:20.419+0000] {processor.py:186} INFO - Started process (PID=6195) to work on /home/airflow/.local/lib/python3.12/site-packages/airflow/example_dags/tutorial_taskflow_api_virtualenv.py
[2026-05-08T21:20:20.420+0000] {processor.py:914} INFO - Processing file /home/airflow/.local/lib/python3.12/site-packages/airflow/example_dags/tutorial_taskflow_api_virtualenv.py for tasks to queue
[2026-05-08T21:20:20.422+0000] {logging_mixin.py:190} INFO - [2026-05-08T21:20:20.422+0000] {dagbag.py:588} INFO - Filling up the DagBag from /home/airflow/.local/lib/python3.12/site-packages/airflow/example_dags/tutorial_taskflow_api_virtualenv.py
[2026-05-08T21:20:20.435+0000] {processor.py:925} INFO - DAG(s) 'tutorial_taskflow_api_virtualenv' retrieved from /home/airflow/.local/lib/python3.12/site-packages/airflow/example_dags/tutorial_taskflow_api_virtualenv.py
[2026-05-08T21:20:20.456+0000] {logging_mixin.py:190} INFO - [2026-05-08T21:20:20.455+0000] {dag.py:3239} INFO - Sync 1 DAGs
[2026-05-08T21:20:20.473+0000] {logging_mixin.py:190} INFO - [2026-05-08T21:20:20.472+0000] {dag.py:4180} INFO - Setting next_dagrun for tutorial_taskflow_api_virtualenv to None, run_after=None
[2026-05-08T21:20:20.490+0000] {processor.py:208} INFO - Processing /home/airflow/.local/lib/python3.12/site-packages/airflow/example_dags/tutorial_taskflow_api_virtualenv.py took 0.078 seconds
[2026-05-08T21:20:50.582+0000] {processor.py:186} INFO - Started process (PID=6259) to work on /home/airflow/.local/lib/python3.12/site-packages/airflow/example_dags/tutorial_taskflow_api_virtualenv.py
[2026-05-08T21:20:50.583+0000] {processor.py:914} INFO - Processing file /home/airflow/.local/lib/python3.12/site-packages/airflow/example_dags/tutorial_taskflow_api_virtualenv.py for tasks to queue
[2026-05-08T21:20:50.585+0000] {logging_mixin.py:190} INFO - [2026-05-08T21:20:50.585+0000] {dagbag.py:588} INFO - Filling up the DagBag from /home/airflow/.local/lib/python3.12/site-packages/airflow/example_dags/tutorial_taskflow_api_virtualenv.py
[2026-05-08T21:20:50.597+0000] {processor.py:925} INFO - DAG(s) 'tutorial_taskflow_api_virtualenv' retrieved from /home/airflow/.local/lib/python3.12/site-packages/airflow/example_dags/tutorial_taskflow_api_virtualenv.py
[2026-05-08T21:20:50.615+0000] {logging_mixin.py:190} INFO - [2026-05-08T21:20:50.614+0000] {dag.py:3239} INFO - Sync 1 DAGs
[2026-05-08T21:20:50.628+0000] {logging_mixin.py:190} INFO - [2026-05-08T21:20:50.628+0000] {dag.py:4180} INFO - Setting next_dagrun for tutorial_taskflow_api_virtualenv to None, run_after=None
[2026-05-08T21:20:50.641+0000] {processor.py:208} INFO - Processing /home/airflow/.local/lib/python3.12/site-packages/airflow/example_dags/tutorial_taskflow_api_virtualenv.py took 0.064 seconds
[2026-05-08T21:21:20.909+0000] {processor.py:186} INFO - Started process (PID=6323) to work on /home/airflow/.local/lib/python3.12/site-packages/airflow/example_dags/tutorial_taskflow_api_virtualenv.py
[2026-05-08T21:21:20.910+0000] {processor.py:914} INFO - Processing file /home/airflow/.local/lib/python3.12/site-packages/airflow/example_dags/tutorial_taskflow_api_virtualenv.py for tasks to queue
[2026-05-08T21:21:20.912+0000] {logging_mixin.py:190} INFO - [2026-05-08T21:21:20.911+0000] {dagbag.py:588} INFO - Filling up the DagBag from /home/airflow/.local/lib/python3.12/site-packages/airflow/example_dags/tutorial_taskflow_api_virtualenv.py
[2026-05-08T21:21:20.921+0000] {processor.py:925} INFO - DAG(s) 'tutorial_taskflow_api_virtualenv' retrieved from /home/airflow/.local/lib/python3.12/site-packages/airflow/example_dags/tutorial_taskflow_api_virtualenv.py
[2026-05-08T21:21:20.937+0000] {logging_mixin.py:190} INFO - [2026-05-08T21:21:20.936+0000] {dag.py:3239} INFO - Sync 1 DAGs
[2026-05-08T21:21:20.948+0000] {logging_mixin.py:190} INFO - [2026-05-08T21:21:20.948+0000] {dag.py:4180} INFO - Setting next_dagrun for tutorial_taskflow_api_virtualenv to None, run_after=None
[2026-05-08T21:21:20.961+0000] {processor.py:208} INFO - Processing /home/airflow/.local/lib/python3.12/site-packages/airflow/example_dags/tutorial_taskflow_api_virtualenv.py took 0.057 seconds
[2026-05-08T21:21:51.648+0000] {processor.py:186} INFO - Started process (PID=6387) to work on /home/airflow/.local/lib/python3.12/site-packages/airflow/example_dags/tutorial_taskflow_api_virtualenv.py
[2026-05-08T21:21:51.650+0000] {processor.py:914} INFO - Processing file /home/airflow/.local/lib/python3.12/site-packages/airflow/example_dags/tutorial_taskflow_api_virtualenv.py for tasks to queue
[2026-05-08T21:21:51.652+0000] {logging_mixin.py:190} INFO - [2026-05-08T21:21:51.652+0000] {dagbag.py:588} INFO - Filling up the DagBag from /home/airflow/.local/lib/python3.12/site-packages/airflow/example_dags/tutorial_taskflow_api_virtualenv.py
[2026-05-08T21:21:51.666+0000] {processor.py:925} INFO - DAG(s) 'tutorial_taskflow_api_virtualenv' retrieved from /home/airflow/.local/lib/python3.12/site-packages/airflow/example_dags/tutorial_taskflow_api_virtualenv.py
[2026-05-08T21:21:51.687+0000] {logging_mixin.py:190} INFO - [2026-05-08T21:21:51.687+0000] {dag.py:3239} INFO - Sync 1 DAGs
[2026-05-08T21:21:51.699+0000] {logging_mixin.py:190} INFO - [2026-05-08T21:21:51.699+0000] {dag.py:4180} INFO - Setting next_dagrun for tutorial_taskflow_api_virtualenv to None, run_after=None
[2026-05-08T21:21:51.712+0000] {processor.py:208} INFO - Processing /home/airflow/.local/lib/python3.12/site-packages/airflow/example_dags/tutorial_taskflow_api_virtualenv.py took 0.071 seconds
[2026-05-08T21:22:21.871+0000] {processor.py:186} INFO - Started process (PID=6451) to work on /home/airflow/.local/lib/python3.12/site-packages/airflow/example_dags/tutorial_taskflow_api_virtualenv.py
[2026-05-08T21:22:21.872+0000] {processor.py:914} INFO - Processing file /home/airflow/.local/lib/python3.12/site-packages/airflow/example_dags/tutorial_taskflow_api_virtualenv.py for tasks to queue
[2026-05-08T21:22:21.874+0000] {logging_mixin.py:190} INFO - [2026-05-08T21:22:21.873+0000] {dagbag.py:588} INFO - Filling up the DagBag from /home/airflow/.local/lib/python3.12/site-packages/airflow/example_dags/tutorial_taskflow_api_virtualenv.py
[2026-05-08T21:22:21.884+0000] {processor.py:925} INFO - DAG(s) 'tutorial_taskflow_api_virtualenv' retrieved from /home/airflow/.local/lib/python3.12/site-packages/airflow/example_dags/tutorial_taskflow_api_virtualenv.py
[2026-05-08T21:22:21.902+0000] {logging_mixin.py:190} INFO - [2026-05-08T21:22:21.902+0000] {dag.py:3239} INFO - Sync 1 DAGs
[2026-05-08T21:22:21.917+0000] {logging_mixin.py:190} INFO - [2026-05-08T21:22:21.916+0000] {dag.py:4180} INFO - Setting next_dagrun for tutorial_taskflow_api_virtualenv to None, run_after=None
[2026-05-08T21:22:21.933+0000] {processor.py:208} INFO - Processing /home/airflow/.local/lib/python3.12/site-packages/airflow/example_dags/tutorial_taskflow_api_virtualenv.py took 0.067 seconds
[2026-05-08T21:22:52.532+0000] {processor.py:186} INFO - Started process (PID=6515) to work on /home/airflow/.local/lib/python3.12/site-packages/airflow/example_dags/tutorial_taskflow_api_virtualenv.py
[2026-05-08T21:22:52.533+0000] {processor.py:914} INFO - Processing file /home/airflow/.local/lib/python3.12/site-packages/airflow/example_dags/tutorial_taskflow_api_virtualenv.py for tasks to queue
[2026-05-08T21:22:52.535+0000] {logging_mixin.py:190} INFO - [2026-05-08T21:22:52.535+0000] {dagbag.py:588} INFO - Filling up the DagBag from /home/airflow/.local/lib/python3.12/site-packages/airflow/example_dags/tutorial_taskflow_api_virtualenv.py
[2026-05-08T21:22:52.548+0000] {processor.py:925} INFO - DAG(s) 'tutorial_taskflow_api_virtualenv' retrieved from /home/airflow/.local/lib/python3.12/site-packages/airflow/example_dags/tutorial_taskflow_api_virtualenv.py
[2026-05-08T21:22:52.567+0000] {logging_mixin.py:190} INFO - [2026-05-08T21:22:52.567+0000] {dag.py:3239} INFO - Sync 1 DAGs
[2026-05-08T21:22:52.584+0000] {logging_mixin.py:190} INFO - [2026-05-08T21:22:52.583+0000] {dag.py:4180} INFO - Setting next_dagrun for tutorial_taskflow_api_virtualenv to None, run_after=None
[2026-05-08T21:22:52.600+0000] {processor.py:208} INFO - Processing /home/airflow/.local/lib/python3.12/site-packages/airflow/example_dags/tutorial_taskflow_api_virtualenv.py took 0.074 seconds
[2026-05-08T21:23:23.417+0000] {processor.py:186} INFO - Started process (PID=6579) to work on /home/airflow/.local/lib/python3.12/site-packages/airflow/example_dags/tutorial_taskflow_api_virtualenv.py
[2026-05-08T21:23:23.417+0000] {processor.py:914} INFO - Processing file /home/airflow/.local/lib/python3.12/site-packages/airflow/example_dags/tutorial_taskflow_api_virtualenv.py for tasks to queue
[2026-05-08T21:23:23.420+0000] {logging_mixin.py:190} INFO - [2026-05-08T21:23:23.419+0000] {dagbag.py:588} INFO - Filling up the DagBag from /home/airflow/.local/lib/python3.12/site-packages/airflow/example_dags/tutorial_taskflow_api_virtualenv.py
[2026-05-08T21:23:23.433+0000] {processor.py:925} INFO - DAG(s) 'tutorial_taskflow_api_virtualenv' retrieved from /home/airflow/.local/lib/python3.12/site-packages/airflow/example_dags/tutorial_taskflow_api_virtualenv.py
[2026-05-08T21:23:23.450+0000] {logging_mixin.py:190} INFO - [2026-05-08T21:23:23.450+0000] {dag.py:3239} INFO - Sync 1 DAGs
[2026-05-08T21:23:23.467+0000] {logging_mixin.py:190} INFO - [2026-05-08T21:23:23.467+0000] {dag.py:4180} INFO - Setting next_dagrun for tutorial_taskflow_api_virtualenv to None, run_after=None
[2026-05-08T21:23:23.483+0000] {processor.py:208} INFO - Processing /home/airflow/.local/lib/python3.12/site-packages/airflow/example_dags/tutorial_taskflow_api_virtualenv.py took 0.071 seconds
[2026-05-08T21:23:53.809+0000] {processor.py:186} INFO - Started process (PID=6643) to work on /home/airflow/.local/lib/python3.12/site-packages/airflow/example_dags/tutorial_taskflow_api_virtualenv.py
[2026-05-08T21:23:53.809+0000] {processor.py:914} INFO - Processing file /home/airflow/.local/lib/python3.12/site-packages/airflow/example_dags/tutorial_taskflow_api_virtualenv.py for tasks to queue
[2026-05-08T21:23:53.811+0000] {logging_mixin.py:190} INFO - [2026-05-08T21:23:53.810+0000] {dagbag.py:588} INFO - Filling up the DagBag from /home/airflow/.local/lib/python3.12/site-packages/airflow/example_dags/tutorial_taskflow_api_virtualenv.py
[2026-05-08T21:23:53.821+0000] {processor.py:925} INFO - DAG(s) 'tutorial_taskflow_api_virtualenv' retrieved from /home/airflow/.local/lib/python3.12/site-packages/airflow/example_dags/tutorial_taskflow_api_virtualenv.py
[2026-05-08T21:23:53.836+0000] {logging_mixin.py:190} INFO - [2026-05-08T21:23:53.836+0000] {dag.py:3239} INFO - Sync 1 DAGs
[2026-05-08T21:23:53.847+0000] {logging_mixin.py:190} INFO - [2026-05-08T21:23:53.847+0000] {dag.py:4180} INFO - Setting next_dagrun for tutorial_taskflow_api_virtualenv to None, run_after=None
[2026-05-08T21:23:53.860+0000] {processor.py:208} INFO - Processing /home/airflow/.local/lib/python3.12/site-packages/airflow/example_dags/tutorial_taskflow_api_virtualenv.py took 0.056 seconds
[2026-05-08T21:24:24.199+0000] {processor.py:186} INFO - Started process (PID=6707) to work on /home/airflow/.local/lib/python3.12/site-packages/airflow/example_dags/tutorial_taskflow_api_virtualenv.py
[2026-05-08T21:24:24.200+0000] {processor.py:914} INFO - Processing file /home/airflow/.local/lib/python3.12/site-packages/airflow/example_dags/tutorial_taskflow_api_virtualenv.py for tasks to queue
[2026-05-08T21:24:24.202+0000] {logging_mixin.py:190} INFO - [2026-05-08T21:24:24.202+0000] {dagbag.py:588} INFO - Filling up the DagBag from /home/airflow/.local/lib/python3.12/site-packages/airflow/example_dags/tutorial_taskflow_api_virtualenv.py
[2026-05-08T21:24:24.214+0000] {processor.py:925} INFO - DAG(s) 'tutorial_taskflow_api_virtualenv' retrieved from /home/airflow/.local/lib/python3.12/site-packages/airflow/example_dags/tutorial_taskflow_api_virtualenv.py
[2026-05-08T21:24:24.236+0000] {logging_mixin.py:190} INFO - [2026-05-08T21:24:24.236+0000] {dag.py:3239} INFO - Sync 1 DAGs
[2026-05-08T21:24:24.254+0000] {logging_mixin.py:190} INFO - [2026-05-08T21:24:24.254+0000] {dag.py:4180} INFO - Setting next_dagrun for tutorial_taskflow_api_virtualenv to None, run_after=None
[2026-05-08T21:24:24.286+0000] {processor.py:208} INFO - Processing /home/airflow/.local/lib/python3.12/site-packages/airflow/example_dags/tutorial_taskflow_api_virtualenv.py took 0.093 seconds
[2026-05-08T21:24:55.066+0000] {processor.py:186} INFO - Started process (PID=6771) to work on /home/airflow/.local/lib/python3.12/site-packages/airflow/example_dags/tutorial_taskflow_api_virtualenv.py
[2026-05-08T21:24:55.067+0000] {processor.py:914} INFO - Processing file /home/airflow/.local/lib/python3.12/site-packages/airflow/example_dags/tutorial_taskflow_api_virtualenv.py for tasks to queue
[2026-05-08T21:24:55.069+0000] {logging_mixin.py:190} INFO - [2026-05-08T21:24:55.069+0000] {dagbag.py:588} INFO - Filling up the DagBag from /home/airflow/.local/lib/python3.12/site-packages/airflow/example_dags/tutorial_taskflow_api_virtualenv.py
[2026-05-08T21:24:55.084+0000] {processor.py:925} INFO - DAG(s) 'tutorial_taskflow_api_virtualenv' retrieved from /home/airflow/.local/lib/python3.12/site-packages/airflow/example_dags/tutorial_taskflow_api_virtualenv.py
[2026-05-08T21:24:55.108+0000] {logging_mixin.py:190} INFO - [2026-05-08T21:24:55.107+0000] {dag.py:3239} INFO - Sync 1 DAGs
[2026-05-08T21:24:55.120+0000] {logging_mixin.py:190} INFO - [2026-05-08T21:24:55.119+0000] {dag.py:4180} INFO - Setting next_dagrun for tutorial_taskflow_api_virtualenv to None, run_after=None
[2026-05-08T21:24:55.133+0000] {processor.py:208} INFO - Processing /home/airflow/.local/lib/python3.12/site-packages/airflow/example_dags/tutorial_taskflow_api_virtualenv.py took 0.073 seconds
[2026-05-08T21:25:25.698+0000] {processor.py:186} INFO - Started process (PID=6835) to work on /home/airflow/.local/lib/python3.12/site-packages/airflow/example_dags/tutorial_taskflow_api_virtualenv.py
[2026-05-08T21:25:25.699+0000] {processor.py:914} INFO - Processing file /home/airflow/.local/lib/python3.12/site-packages/airflow/example_dags/tutorial_taskflow_api_virtualenv.py for tasks to queue
[2026-05-08T21:25:25.701+0000] {logging_mixin.py:190} INFO - [2026-05-08T21:25:25.701+0000] {dagbag.py:588} INFO - Filling up the DagBag from /home/airflow/.local/lib/python3.12/site-packages/airflow/example_dags/tutorial_taskflow_api_virtualenv.py
[2026-05-08T21:25:25.715+0000] {processor.py:925} INFO - DAG(s) 'tutorial_taskflow_api_virtualenv' retrieved from /home/airflow/.local/lib/python3.12/site-packages/airflow/example_dags/tutorial_taskflow_api_virtualenv.py
[2026-05-08T21:25:25.739+0000] {logging_mixin.py:190} INFO - [2026-05-08T21:25:25.738+0000] {dag.py:3239} INFO - Sync 1 DAGs
[2026-05-08T21:25:25.755+0000] {logging_mixin.py:190} INFO - [2026-05-08T21:25:25.755+0000] {dag.py:4180} INFO - Setting next_dagrun for tutorial_taskflow_api_virtualenv to None, run_after=None
[2026-05-08T21:25:25.786+0000] {processor.py:208} INFO - Processing /home/airflow/.local/lib/python3.12/site-packages/airflow/example_dags/tutorial_taskflow_api_virtualenv.py took 0.094 seconds
[2026-05-08T21:25:56.352+0000] {processor.py:186} INFO - Started process (PID=6899) to work on /home/airflow/.local/lib/python3.12/site-packages/airflow/example_dags/tutorial_taskflow_api_virtualenv.py
[2026-05-08T21:25:56.353+0000] {processor.py:914} INFO - Processing file /home/airflow/.local/lib/python3.12/site-packages/airflow/example_dags/tutorial_taskflow_api_virtualenv.py for tasks to queue
[2026-05-08T21:25:56.354+0000] {logging_mixin.py:190} INFO - [2026-05-08T21:25:56.354+0000] {dagbag.py:588} INFO - Filling up the DagBag from /home/airflow/.local/lib/python3.12/site-packages/airflow/example_dags/tutorial_taskflow_api_virtualenv.py
[2026-05-08T21:25:56.364+0000] {processor.py:925} INFO - DAG(s) 'tutorial_taskflow_api_virtualenv' retrieved from /home/airflow/.local/lib/python3.12/site-packages/airflow/example_dags/tutorial_taskflow_api_virtualenv.py
[2026-05-08T21:25:56.380+0000] {logging_mixin.py:190} INFO - [2026-05-08T21:25:56.380+0000] {dag.py:3239} INFO - Sync 1 DAGs
[2026-05-08T21:25:56.392+0000] {logging_mixin.py:190} INFO - [2026-05-08T21:25:56.391+0000] {dag.py:4180} INFO - Setting next_dagrun for tutorial_taskflow_api_virtualenv to None, run_after=None
[2026-05-08T21:25:56.404+0000] {processor.py:208} INFO - Processing /home/airflow/.local/lib/python3.12/site-packages/airflow/example_dags/tutorial_taskflow_api_virtualenv.py took 0.056 seconds
[2026-05-08T21:26:26.962+0000] {processor.py:186} INFO - Started process (PID=6963) to work on /home/airflow/.local/lib/python3.12/site-packages/airflow/example_dags/tutorial_taskflow_api_virtualenv.py
[2026-05-08T21:26:26.962+0000] {processor.py:914} INFO - Processing file /home/airflow/.local/lib/python3.12/site-packages/airflow/example_dags/tutorial_taskflow_api_virtualenv.py for tasks to queue
[2026-05-08T21:26:26.964+0000] {logging_mixin.py:190} INFO - [2026-05-08T21:26:26.964+0000] {dagbag.py:588} INFO - Filling up the DagBag from /home/airflow/.local/lib/python3.12/site-packages/airflow/example_dags/tutorial_taskflow_api_virtualenv.py
[2026-05-08T21:26:26.976+0000] {processor.py:925} INFO - DAG(s) 'tutorial_taskflow_api_virtualenv' retrieved from /home/airflow/.local/lib/python3.12/site-packages/airflow/example_dags/tutorial_taskflow_api_virtualenv.py
[2026-05-08T21:26:26.996+0000] {logging_mixin.py:190} INFO - [2026-05-08T21:26:26.995+0000] {dag.py:3239} INFO - Sync 1 DAGs
[2026-05-08T21:26:27.012+0000] {logging_mixin.py:190} INFO - [2026-05-08T21:26:27.012+0000] {dag.py:4180} INFO - Setting next_dagrun for tutorial_taskflow_api_virtualenv to None, run_after=None
[2026-05-08T21:26:27.028+0000] {processor.py:208} INFO - Processing /home/airflow/.local/lib/python3.12/site-packages/airflow/example_dags/tutorial_taskflow_api_virtualenv.py took 0.071 seconds
[2026-05-08T21:26:57.315+0000] {processor.py:186} INFO - Started process (PID=7027) to work on /home/airflow/.local/lib/python3.12/site-packages/airflow/example_dags/tutorial_taskflow_api_virtualenv.py
[2026-05-08T21:26:57.316+0000] {processor.py:914} INFO - Processing file /home/airflow/.local/lib/python3.12/site-packages/airflow/example_dags/tutorial_taskflow_api_virtualenv.py for tasks to queue
[2026-05-08T21:26:57.318+0000] {logging_mixin.py:190} INFO - [2026-05-08T21:26:57.318+0000] {dagbag.py:588} INFO - Filling up the DagBag from /home/airflow/.local/lib/python3.12/site-packages/airflow/example_dags/tutorial_taskflow_api_virtualenv.py
[2026-05-08T21:26:57.332+0000] {processor.py:925} INFO - DAG(s) 'tutorial_taskflow_api_virtualenv' retrieved from /home/airflow/.local/lib/python3.12/site-packages/airflow/example_dags/tutorial_taskflow_api_virtualenv.py
[2026-05-08T21:26:57.353+0000] {logging_mixin.py:190} INFO - [2026-05-08T21:26:57.353+0000] {dag.py:3239} INFO - Sync 1 DAGs
[2026-05-08T21:26:57.372+0000] {logging_mixin.py:190} INFO - [2026-05-08T21:26:57.372+0000] {dag.py:4180} INFO - Setting next_dagrun for tutorial_taskflow_api_virtualenv to None, run_after=None
[2026-05-08T21:26:57.392+0000] {processor.py:208} INFO - Processing /home/airflow/.local/lib/python3.12/site-packages/airflow/example_dags/tutorial_taskflow_api_virtualenv.py took 0.083 seconds
[2026-05-08T21:27:28.298+0000] {processor.py:186} INFO - Started process (PID=7091) to work on /home/airflow/.local/lib/python3.12/site-packages/airflow/example_dags/tutorial_taskflow_api_virtualenv.py
[2026-05-08T21:27:28.298+0000] {processor.py:914} INFO - Processing file /home/airflow/.local/lib/python3.12/site-packages/airflow/example_dags/tutorial_taskflow_api_virtualenv.py for tasks to queue
[2026-05-08T21:27:28.300+0000] {logging_mixin.py:190} INFO - [2026-05-08T21:27:28.300+0000] {dagbag.py:588} INFO - Filling up the DagBag from /home/airflow/.local/lib/python3.12/site-packages/airflow/example_dags/tutorial_taskflow_api_virtualenv.py
[2026-05-08T21:27:28.312+0000] {processor.py:925} INFO - DAG(s) 'tutorial_taskflow_api_virtualenv' retrieved from /home/airflow/.local/lib/python3.12/site-packages/airflow/example_dags/tutorial_taskflow_api_virtualenv.py
[2026-05-08T21:27:28.332+0000] {logging_mixin.py:190} INFO - [2026-05-08T21:27:28.332+0000] {dag.py:3239} INFO - Sync 1 DAGs
[2026-05-08T21:27:28.348+0000] {logging_mixin.py:190} INFO - [2026-05-08T21:27:28.347+0000] {dag.py:4180} INFO - Setting next_dagrun for tutorial_taskflow_api_virtualenv to None, run_after=None
[2026-05-08T21:27:28.366+0000] {processor.py:208} INFO - Processing /home/airflow/.local/lib/python3.12/site-packages/airflow/example_dags/tutorial_taskflow_api_virtualenv.py took 0.073 seconds
[2026-05-08T21:27:58.943+0000] {processor.py:186} INFO - Started process (PID=7154) to work on /home/airflow/.local/lib/python3.12/site-packages/airflow/example_dags/tutorial_taskflow_api_virtualenv.py
[2026-05-08T21:27:58.944+0000] {processor.py:914} INFO - Processing file /home/airflow/.local/lib/python3.12/site-packages/airflow/example_dags/tutorial_taskflow_api_virtualenv.py for tasks to queue
[2026-05-08T21:27:58.945+0000] {logging_mixin.py:190} INFO - [2026-05-08T21:27:58.945+0000] {dagbag.py:588} INFO - Filling up the DagBag from /home/airflow/.local/lib/python3.12/site-packages/airflow/example_dags/tutorial_taskflow_api_virtualenv.py
[2026-05-08T21:27:58.955+0000] {processor.py:925} INFO - DAG(s) 'tutorial_taskflow_api_virtualenv' retrieved from /home/airflow/.local/lib/python3.12/site-packages/airflow/example_dags/tutorial_taskflow_api_virtualenv.py
[2026-05-08T21:27:58.970+0000] {logging_mixin.py:190} INFO - [2026-05-08T21:27:58.970+0000] {dag.py:3239} INFO - Sync 1 DAGs
[2026-05-08T21:27:58.982+0000] {logging_mixin.py:190} INFO - [2026-05-08T21:27:58.982+0000] {dag.py:4180} INFO - Setting next_dagrun for tutorial_taskflow_api_virtualenv to None, run_after=None
[2026-05-08T21:27:58.997+0000] {processor.py:208} INFO - Processing /home/airflow/.local/lib/python3.12/site-packages/airflow/example_dags/tutorial_taskflow_api_virtualenv.py took 0.058 seconds
[2026-05-08T21:28:29.123+0000] {processor.py:186} INFO - Started process (PID=7218) to work on /home/airflow/.local/lib/python3.12/site-packages/airflow/example_dags/tutorial_taskflow_api_virtualenv.py
[2026-05-08T21:28:29.124+0000] {processor.py:914} INFO - Processing file /home/airflow/.local/lib/python3.12/site-packages/airflow/example_dags/tutorial_taskflow_api_virtualenv.py for tasks to queue
[2026-05-08T21:28:29.125+0000] {logging_mixin.py:190} INFO - [2026-05-08T21:28:29.125+0000] {dagbag.py:588} INFO - Filling up the DagBag from /home/airflow/.local/lib/python3.12/site-packages/airflow/example_dags/tutorial_taskflow_api_virtualenv.py
[2026-05-08T21:28:29.135+0000] {processor.py:925} INFO - DAG(s) 'tutorial_taskflow_api_virtualenv' retrieved from /home/airflow/.local/lib/python3.12/site-packages/airflow/example_dags/tutorial_taskflow_api_virtualenv.py
[2026-05-08T21:28:29.150+0000] {logging_mixin.py:190} INFO - [2026-05-08T21:28:29.150+0000] {dag.py:3239} INFO - Sync 1 DAGs
[2026-05-08T21:28:29.164+0000] {logging_mixin.py:190} INFO - [2026-05-08T21:28:29.164+0000] {dag.py:4180} INFO - Setting next_dagrun for tutorial_taskflow_api_virtualenv to None, run_after=None
[2026-05-08T21:28:29.180+0000] {processor.py:208} INFO - Processing /home/airflow/.local/lib/python3.12/site-packages/airflow/example_dags/tutorial_taskflow_api_virtualenv.py took 0.061 seconds
[2026-05-08T21:28:59.797+0000] {processor.py:186} INFO - Started process (PID=7282) to work on /home/airflow/.local/lib/python3.12/site-packages/airflow/example_dags/tutorial_taskflow_api_virtualenv.py
[2026-05-08T21:28:59.798+0000] {processor.py:914} INFO - Processing file /home/airflow/.local/lib/python3.12/site-packages/airflow/example_dags/tutorial_taskflow_api_virtualenv.py for tasks to queue
[2026-05-08T21:28:59.799+0000] {logging_mixin.py:190} INFO - [2026-05-08T21:28:59.799+0000] {dagbag.py:588} INFO - Filling up the DagBag from /home/airflow/.local/lib/python3.12/site-packages/airflow/example_dags/tutorial_taskflow_api_virtualenv.py
[2026-05-08T21:28:59.810+0000] {processor.py:925} INFO - DAG(s) 'tutorial_taskflow_api_virtualenv' retrieved from /home/airflow/.local/lib/python3.12/site-packages/airflow/example_dags/tutorial_taskflow_api_virtualenv.py
[2026-05-08T21:28:59.825+0000] {logging_mixin.py:190} INFO - [2026-05-08T21:28:59.825+0000] {dag.py:3239} INFO - Sync 1 DAGs
[2026-05-08T21:28:59.839+0000] {logging_mixin.py:190} INFO - [2026-05-08T21:28:59.839+0000] {dag.py:4180} INFO - Setting next_dagrun for tutorial_taskflow_api_virtualenv to None, run_after=None
[2026-05-08T21:28:59.853+0000] {processor.py:208} INFO - Processing /home/airflow/.local/lib/python3.12/site-packages/airflow/example_dags/tutorial_taskflow_api_virtualenv.py took 0.061 seconds
[2026-05-08T21:29:30.178+0000] {processor.py:186} INFO - Started process (PID=7346) to work on /home/airflow/.local/lib/python3.12/site-packages/airflow/example_dags/tutorial_taskflow_api_virtualenv.py
[2026-05-08T21:29:30.178+0000] {processor.py:914} INFO - Processing file /home/airflow/.local/lib/python3.12/site-packages/airflow/example_dags/tutorial_taskflow_api_virtualenv.py for tasks to queue
[2026-05-08T21:29:30.180+0000] {logging_mixin.py:190} INFO - [2026-05-08T21:29:30.180+0000] {dagbag.py:588} INFO - Filling up the DagBag from /home/airflow/.local/lib/python3.12/site-packages/airflow/example_dags/tutorial_taskflow_api_virtualenv.py
[2026-05-08T21:29:30.190+0000] {processor.py:925} INFO - DAG(s) 'tutorial_taskflow_api_virtualenv' retrieved from /home/airflow/.local/lib/python3.12/site-packages/airflow/example_dags/tutorial_taskflow_api_virtualenv.py
[2026-05-08T21:29:30.209+0000] {logging_mixin.py:190} INFO - [2026-05-08T21:29:30.209+0000] {dag.py:3239} INFO - Sync 1 DAGs
[2026-05-08T21:29:30.223+0000] {logging_mixin.py:190} INFO - [2026-05-08T21:29:30.222+0000] {dag.py:4180} INFO - Setting next_dagrun for tutorial_taskflow_api_virtualenv to None, run_after=None
[2026-05-08T21:29:30.236+0000] {processor.py:208} INFO - Processing /home/airflow/.local/lib/python3.12/site-packages/airflow/example_dags/tutorial_taskflow_api_virtualenv.py took 0.063 seconds
[2026-05-08T21:30:00.492+0000] {processor.py:186} INFO - Started process (PID=7410) to work on /home/airflow/.local/lib/python3.12/site-packages/airflow/example_dags/tutorial_taskflow_api_virtualenv.py
[2026-05-08T21:30:00.493+0000] {processor.py:914} INFO - Processing file /home/airflow/.local/lib/python3.12/site-packages/airflow/example_dags/tutorial_taskflow_api_virtualenv.py for tasks to queue
[2026-05-08T21:30:00.494+0000] {logging_mixin.py:190} INFO - [2026-05-08T21:30:00.494+0000] {dagbag.py:588} INFO - Filling up the DagBag from /home/airflow/.local/lib/python3.12/site-packages/airflow/example_dags/tutorial_taskflow_api_virtualenv.py
[2026-05-08T21:30:00.505+0000] {processor.py:925} INFO - DAG(s) 'tutorial_taskflow_api_virtualenv' retrieved from /home/airflow/.local/lib/python3.12/site-packages/airflow/example_dags/tutorial_taskflow_api_virtualenv.py
[2026-05-08T21:30:00.521+0000] {logging_mixin.py:190} INFO - [2026-05-08T21:30:00.521+0000] {dag.py:3239} INFO - Sync 1 DAGs
[2026-05-08T21:30:00.534+0000] {logging_mixin.py:190} INFO - [2026-05-08T21:30:00.534+0000] {dag.py:4180} INFO - Setting next_dagrun for tutorial_taskflow_api_virtualenv to None, run_after=None
[2026-05-08T21:30:00.549+0000] {processor.py:208} INFO - Processing /home/airflow/.local/lib/python3.12/site-packages/airflow/example_dags/tutorial_taskflow_api_virtualenv.py took 0.062 seconds
[2026-05-08T21:30:30.701+0000] {processor.py:186} INFO - Started process (PID=7474) to work on /home/airflow/.local/lib/python3.12/site-packages/airflow/example_dags/tutorial_taskflow_api_virtualenv.py
[2026-05-08T21:30:30.702+0000] {processor.py:914} INFO - Processing file /home/airflow/.local/lib/python3.12/site-packages/airflow/example_dags/tutorial_taskflow_api_virtualenv.py for tasks to queue
[2026-05-08T21:30:30.703+0000] {logging_mixin.py:190} INFO - [2026-05-08T21:30:30.703+0000] {dagbag.py:588} INFO - Filling up the DagBag from /home/airflow/.local/lib/python3.12/site-packages/airflow/example_dags/tutorial_taskflow_api_virtualenv.py
[2026-05-08T21:30:30.714+0000] {processor.py:925} INFO - DAG(s) 'tutorial_taskflow_api_virtualenv' retrieved from /home/airflow/.local/lib/python3.12/site-packages/airflow/example_dags/tutorial_taskflow_api_virtualenv.py
[2026-05-08T21:30:30.733+0000] {logging_mixin.py:190} INFO - [2026-05-08T21:30:30.733+0000] {dag.py:3239} INFO - Sync 1 DAGs
[2026-05-08T21:30:30.747+0000] {logging_mixin.py:190} INFO - [2026-05-08T21:30:30.747+0000] {dag.py:4180} INFO - Setting next_dagrun for tutorial_taskflow_api_virtualenv to None, run_after=None
[2026-05-08T21:30:30.763+0000] {processor.py:208} INFO - Processing /home/airflow/.local/lib/python3.12/site-packages/airflow/example_dags/tutorial_taskflow_api_virtualenv.py took 0.067 seconds
[2026-05-08T21:31:00.832+0000] {processor.py:186} INFO - Started process (PID=7538) to work on /home/airflow/.local/lib/python3.12/site-packages/airflow/example_dags/tutorial_taskflow_api_virtualenv.py
[2026-05-08T21:31:00.832+0000] {processor.py:914} INFO - Processing file /home/airflow/.local/lib/python3.12/site-packages/airflow/example_dags/tutorial_taskflow_api_virtualenv.py for tasks to queue
[2026-05-08T21:31:00.834+0000] {logging_mixin.py:190} INFO - [2026-05-08T21:31:00.834+0000] {dagbag.py:588} INFO - Filling up the DagBag from /home/airflow/.local/lib/python3.12/site-packages/airflow/example_dags/tutorial_taskflow_api_virtualenv.py
[2026-05-08T21:31:00.847+0000] {processor.py:925} INFO - DAG(s) 'tutorial_taskflow_api_virtualenv' retrieved from /home/airflow/.local/lib/python3.12/site-packages/airflow/example_dags/tutorial_taskflow_api_virtualenv.py
[2026-05-08T21:31:00.866+0000] {logging_mixin.py:190} INFO - [2026-05-08T21:31:00.865+0000] {dag.py:3239} INFO - Sync 1 DAGs
[2026-05-08T21:31:00.880+0000] {logging_mixin.py:190} INFO - [2026-05-08T21:31:00.880+0000] {dag.py:4180} INFO - Setting next_dagrun for tutorial_taskflow_api_virtualenv to None, run_after=None
[2026-05-08T21:31:00.895+0000] {processor.py:208} INFO - Processing /home/airflow/.local/lib/python3.12/site-packages/airflow/example_dags/tutorial_taskflow_api_virtualenv.py took 0.069 seconds
[2026-05-08T21:31:31.192+0000] {processor.py:186} INFO - Started process (PID=7602) to work on /home/airflow/.local/lib/python3.12/site-packages/airflow/example_dags/tutorial_taskflow_api_virtualenv.py
[2026-05-08T21:31:31.193+0000] {processor.py:914} INFO - Processing file /home/airflow/.local/lib/python3.12/site-packages/airflow/example_dags/tutorial_taskflow_api_virtualenv.py for tasks to queue
[2026-05-08T21:31:31.195+0000] {logging_mixin.py:190} INFO - [2026-05-08T21:31:31.195+0000] {dagbag.py:588} INFO - Filling up the DagBag from /home/airflow/.local/lib/python3.12/site-packages/airflow/example_dags/tutorial_taskflow_api_virtualenv.py
[2026-05-08T21:31:31.207+0000] {processor.py:925} INFO - DAG(s) 'tutorial_taskflow_api_virtualenv' retrieved from /home/airflow/.local/lib/python3.12/site-packages/airflow/example_dags/tutorial_taskflow_api_virtualenv.py
[2026-05-08T21:31:31.227+0000] {logging_mixin.py:190} INFO - [2026-05-08T21:31:31.227+0000] {dag.py:3239} INFO - Sync 1 DAGs
[2026-05-08T21:31:31.243+0000] {logging_mixin.py:190} INFO - [2026-05-08T21:31:31.243+0000] {dag.py:4180} INFO - Setting next_dagrun for tutorial_taskflow_api_virtualenv to None, run_after=None
[2026-05-08T21:31:31.260+0000] {processor.py:208} INFO - Processing /home/airflow/.local/lib/python3.12/site-packages/airflow/example_dags/tutorial_taskflow_api_virtualenv.py took 0.072 seconds
[2026-05-08T21:32:01.824+0000] {processor.py:186} INFO - Started process (PID=7666) to work on /home/airflow/.local/lib/python3.12/site-packages/airflow/example_dags/tutorial_taskflow_api_virtualenv.py
[2026-05-08T21:32:01.825+0000] {processor.py:914} INFO - Processing file /home/airflow/.local/lib/python3.12/site-packages/airflow/example_dags/tutorial_taskflow_api_virtualenv.py for tasks to queue
[2026-05-08T21:32:01.826+0000] {logging_mixin.py:190} INFO - [2026-05-08T21:32:01.826+0000] {dagbag.py:588} INFO - Filling up the DagBag from /home/airflow/.local/lib/python3.12/site-packages/airflow/example_dags/tutorial_taskflow_api_virtualenv.py
[2026-05-08T21:32:01.837+0000] {processor.py:925} INFO - DAG(s) 'tutorial_taskflow_api_virtualenv' retrieved from /home/airflow/.local/lib/python3.12/site-packages/airflow/example_dags/tutorial_taskflow_api_virtualenv.py
[2026-05-08T21:32:01.853+0000] {logging_mixin.py:190} INFO - [2026-05-08T21:32:01.853+0000] {dag.py:3239} INFO - Sync 1 DAGs
[2026-05-08T21:32:01.869+0000] {logging_mixin.py:190} INFO - [2026-05-08T21:32:01.869+0000] {dag.py:4180} INFO - Setting next_dagrun for tutorial_taskflow_api_virtualenv to None, run_after=None
[2026-05-08T21:32:01.884+0000] {processor.py:208} INFO - Processing /home/airflow/.local/lib/python3.12/site-packages/airflow/example_dags/tutorial_taskflow_api_virtualenv.py took 0.064 seconds
[2026-05-08T21:32:32.129+0000] {processor.py:186} INFO - Started process (PID=7730) to work on /home/airflow/.local/lib/python3.12/site-packages/airflow/example_dags/tutorial_taskflow_api_virtualenv.py
[2026-05-08T21:32:32.129+0000] {processor.py:914} INFO - Processing file /home/airflow/.local/lib/python3.12/site-packages/airflow/example_dags/tutorial_taskflow_api_virtualenv.py for tasks to queue
[2026-05-08T21:32:32.131+0000] {logging_mixin.py:190} INFO - [2026-05-08T21:32:32.131+0000] {dagbag.py:588} INFO - Filling up the DagBag from /home/airflow/.local/lib/python3.12/site-packages/airflow/example_dags/tutorial_taskflow_api_virtualenv.py
[2026-05-08T21:32:32.141+0000] {processor.py:925} INFO - DAG(s) 'tutorial_taskflow_api_virtualenv' retrieved from /home/airflow/.local/lib/python3.12/site-packages/airflow/example_dags/tutorial_taskflow_api_virtualenv.py
[2026-05-08T21:32:32.158+0000] {logging_mixin.py:190} INFO - [2026-05-08T21:32:32.157+0000] {dag.py:3239} INFO - Sync 1 DAGs
[2026-05-08T21:32:32.173+0000] {logging_mixin.py:190} INFO - [2026-05-08T21:32:32.173+0000] {dag.py:4180} INFO - Setting next_dagrun for tutorial_taskflow_api_virtualenv to None, run_after=None
[2026-05-08T21:32:32.187+0000] {processor.py:208} INFO - Processing /home/airflow/.local/lib/python3.12/site-packages/airflow/example_dags/tutorial_taskflow_api_virtualenv.py took 0.063 seconds
[2026-05-08T21:33:02.631+0000] {processor.py:186} INFO - Started process (PID=7794) to work on /home/airflow/.local/lib/python3.12/site-packages/airflow/example_dags/tutorial_taskflow_api_virtualenv.py
[2026-05-08T21:33:02.631+0000] {processor.py:914} INFO - Processing file /home/airflow/.local/lib/python3.12/site-packages/airflow/example_dags/tutorial_taskflow_api_virtualenv.py for tasks to queue
[2026-05-08T21:33:02.633+0000] {logging_mixin.py:190} INFO - [2026-05-08T21:33:02.633+0000] {dagbag.py:588} INFO - Filling up the DagBag from /home/airflow/.local/lib/python3.12/site-packages/airflow/example_dags/tutorial_taskflow_api_virtualenv.py
[2026-05-08T21:33:02.643+0000] {processor.py:925} INFO - DAG(s) 'tutorial_taskflow_api_virtualenv' retrieved from /home/airflow/.local/lib/python3.12/site-packages/airflow/example_dags/tutorial_taskflow_api_virtualenv.py
[2026-05-08T21:33:02.662+0000] {logging_mixin.py:190} INFO - [2026-05-08T21:33:02.662+0000] {dag.py:3239} INFO - Sync 1 DAGs
[2026-05-08T21:33:02.678+0000] {logging_mixin.py:190} INFO - [2026-05-08T21:33:02.678+0000] {dag.py:4180} INFO - Setting next_dagrun for tutorial_taskflow_api_virtualenv to None, run_after=None
[2026-05-08T21:33:02.692+0000] {processor.py:208} INFO - Processing /home/airflow/.local/lib/python3.12/site-packages/airflow/example_dags/tutorial_taskflow_api_virtualenv.py took 0.066 seconds
[2026-05-08T21:33:34.302+0000] {processor.py:186} INFO - Started process (PID=7858) to work on /home/airflow/.local/lib/python3.12/site-packages/airflow/example_dags/tutorial_taskflow_api_virtualenv.py
[2026-05-08T21:33:34.303+0000] {processor.py:914} INFO - Processing file /home/airflow/.local/lib/python3.12/site-packages/airflow/example_dags/tutorial_taskflow_api_virtualenv.py for tasks to queue
[2026-05-08T21:33:34.305+0000] {logging_mixin.py:190} INFO - [2026-05-08T21:33:34.305+0000] {dagbag.py:588} INFO - Filling up the DagBag from /home/airflow/.local/lib/python3.12/site-packages/airflow/example_dags/tutorial_taskflow_api_virtualenv.py
[2026-05-08T21:33:34.316+0000] {processor.py:925} INFO - DAG(s) 'tutorial_taskflow_api_virtualenv' retrieved from /home/airflow/.local/lib/python3.12/site-packages/airflow/example_dags/tutorial_taskflow_api_virtualenv.py
[2026-05-08T21:33:34.331+0000] {logging_mixin.py:190} INFO - [2026-05-08T21:33:34.331+0000] {dag.py:3239} INFO - Sync 1 DAGs
[2026-05-08T21:33:34.347+0000] {logging_mixin.py:190} INFO - [2026-05-08T21:33:34.346+0000] {dag.py:4180} INFO - Setting next_dagrun for tutorial_taskflow_api_virtualenv to None, run_after=None
[2026-05-08T21:33:34.362+0000] {processor.py:208} INFO - Processing /home/airflow/.local/lib/python3.12/site-packages/airflow/example_dags/tutorial_taskflow_api_virtualenv.py took 0.064 seconds
[2026-05-08T21:34:05.590+0000] {processor.py:186} INFO - Started process (PID=7921) to work on /home/airflow/.local/lib/python3.12/site-packages/airflow/example_dags/tutorial_taskflow_api_virtualenv.py
[2026-05-08T21:34:05.591+0000] {processor.py:914} INFO - Processing file /home/airflow/.local/lib/python3.12/site-packages/airflow/example_dags/tutorial_taskflow_api_virtualenv.py for tasks to queue
[2026-05-08T21:34:05.593+0000] {logging_mixin.py:190} INFO - [2026-05-08T21:34:05.592+0000] {dagbag.py:588} INFO - Filling up the DagBag from /home/airflow/.local/lib/python3.12/site-packages/airflow/example_dags/tutorial_taskflow_api_virtualenv.py
[2026-05-08T21:34:05.602+0000] {processor.py:925} INFO - DAG(s) 'tutorial_taskflow_api_virtualenv' retrieved from /home/airflow/.local/lib/python3.12/site-packages/airflow/example_dags/tutorial_taskflow_api_virtualenv.py
[2026-05-08T21:34:05.619+0000] {logging_mixin.py:190} INFO - [2026-05-08T21:34:05.619+0000] {dag.py:3239} INFO - Sync 1 DAGs
[2026-05-08T21:34:05.632+0000] {logging_mixin.py:190} INFO - [2026-05-08T21:34:05.632+0000] {dag.py:4180} INFO - Setting next_dagrun for tutorial_taskflow_api_virtualenv to None, run_after=None
[2026-05-08T21:34:05.669+0000] {processor.py:208} INFO - Processing /home/airflow/.local/lib/python3.12/site-packages/airflow/example_dags/tutorial_taskflow_api_virtualenv.py took 0.084 seconds
[2026-05-08T21:34:36.329+0000] {processor.py:186} INFO - Started process (PID=7985) to work on /home/airflow/.local/lib/python3.12/site-packages/airflow/example_dags/tutorial_taskflow_api_virtualenv.py
[2026-05-08T21:34:36.329+0000] {processor.py:914} INFO - Processing file /home/airflow/.local/lib/python3.12/site-packages/airflow/example_dags/tutorial_taskflow_api_virtualenv.py for tasks to queue
[2026-05-08T21:34:36.331+0000] {logging_mixin.py:190} INFO - [2026-05-08T21:34:36.331+0000] {dagbag.py:588} INFO - Filling up the DagBag from /home/airflow/.local/lib/python3.12/site-packages/airflow/example_dags/tutorial_taskflow_api_virtualenv.py
[2026-05-08T21:34:36.341+0000] {processor.py:925} INFO - DAG(s) 'tutorial_taskflow_api_virtualenv' retrieved from /home/airflow/.local/lib/python3.12/site-packages/airflow/example_dags/tutorial_taskflow_api_virtualenv.py
[2026-05-08T21:34:36.359+0000] {logging_mixin.py:190} INFO - [2026-05-08T21:34:36.359+0000] {dag.py:3239} INFO - Sync 1 DAGs
[2026-05-08T21:34:36.378+0000] {logging_mixin.py:190} INFO - [2026-05-08T21:34:36.377+0000] {dag.py:4180} INFO - Setting next_dagrun for tutorial_taskflow_api_virtualenv to None, run_after=None
[2026-05-08T21:34:36.421+0000] {processor.py:208} INFO - Processing /home/airflow/.local/lib/python3.12/site-packages/airflow/example_dags/tutorial_taskflow_api_virtualenv.py took 0.097 seconds
[2026-05-08T21:35:07.642+0000] {processor.py:186} INFO - Started process (PID=8055) to work on /home/airflow/.local/lib/python3.12/site-packages/airflow/example_dags/tutorial_taskflow_api_virtualenv.py
[2026-05-08T21:35:07.642+0000] {processor.py:914} INFO - Processing file /home/airflow/.local/lib/python3.12/site-packages/airflow/example_dags/tutorial_taskflow_api_virtualenv.py for tasks to queue
[2026-05-08T21:35:07.645+0000] {logging_mixin.py:190} INFO - [2026-05-08T21:35:07.644+0000] {dagbag.py:588} INFO - Filling up the DagBag from /home/airflow/.local/lib/python3.12/site-packages/airflow/example_dags/tutorial_taskflow_api_virtualenv.py
[2026-05-08T21:35:07.658+0000] {processor.py:925} INFO - DAG(s) 'tutorial_taskflow_api_virtualenv' retrieved from /home/airflow/.local/lib/python3.12/site-packages/airflow/example_dags/tutorial_taskflow_api_virtualenv.py
[2026-05-08T21:35:07.679+0000] {logging_mixin.py:190} INFO - [2026-05-08T21:35:07.678+0000] {dag.py:3239} INFO - Sync 1 DAGs
[2026-05-08T21:35:07.699+0000] {logging_mixin.py:190} INFO - [2026-05-08T21:35:07.699+0000] {dag.py:4180} INFO - Setting next_dagrun for tutorial_taskflow_api_virtualenv to None, run_after=None
[2026-05-08T21:35:07.724+0000] {processor.py:208} INFO - Processing /home/airflow/.local/lib/python3.12/site-packages/airflow/example_dags/tutorial_taskflow_api_virtualenv.py took 0.089 seconds
[2026-05-08T21:35:38.890+0000] {processor.py:186} INFO - Started process (PID=8119) to work on /home/airflow/.local/lib/python3.12/site-packages/airflow/example_dags/tutorial_taskflow_api_virtualenv.py
[2026-05-08T21:35:38.891+0000] {processor.py:914} INFO - Processing file /home/airflow/.local/lib/python3.12/site-packages/airflow/example_dags/tutorial_taskflow_api_virtualenv.py for tasks to queue
[2026-05-08T21:35:38.893+0000] {logging_mixin.py:190} INFO - [2026-05-08T21:35:38.892+0000] {dagbag.py:588} INFO - Filling up the DagBag from /home/airflow/.local/lib/python3.12/site-packages/airflow/example_dags/tutorial_taskflow_api_virtualenv.py
[2026-05-08T21:35:38.902+0000] {processor.py:925} INFO - DAG(s) 'tutorial_taskflow_api_virtualenv' retrieved from /home/airflow/.local/lib/python3.12/site-packages/airflow/example_dags/tutorial_taskflow_api_virtualenv.py
[2026-05-08T21:35:38.919+0000] {logging_mixin.py:190} INFO - [2026-05-08T21:35:38.919+0000] {dag.py:3239} INFO - Sync 1 DAGs
[2026-05-08T21:35:38.931+0000] {logging_mixin.py:190} INFO - [2026-05-08T21:35:38.931+0000] {dag.py:4180} INFO - Setting next_dagrun for tutorial_taskflow_api_virtualenv to None, run_after=None
[2026-05-08T21:35:38.945+0000] {processor.py:208} INFO - Processing /home/airflow/.local/lib/python3.12/site-packages/airflow/example_dags/tutorial_taskflow_api_virtualenv.py took 0.060 seconds
[2026-05-08T21:36:10.083+0000] {processor.py:186} INFO - Started process (PID=8183) to work on /home/airflow/.local/lib/python3.12/site-packages/airflow/example_dags/tutorial_taskflow_api_virtualenv.py
[2026-05-08T21:36:10.083+0000] {processor.py:914} INFO - Processing file /home/airflow/.local/lib/python3.12/site-packages/airflow/example_dags/tutorial_taskflow_api_virtualenv.py for tasks to queue
[2026-05-08T21:36:10.085+0000] {logging_mixin.py:190} INFO - [2026-05-08T21:36:10.085+0000] {dagbag.py:588} INFO - Filling up the DagBag from /home/airflow/.local/lib/python3.12/site-packages/airflow/example_dags/tutorial_taskflow_api_virtualenv.py
[2026-05-08T21:36:10.095+0000] {processor.py:925} INFO - DAG(s) 'tutorial_taskflow_api_virtualenv' retrieved from /home/airflow/.local/lib/python3.12/site-packages/airflow/example_dags/tutorial_taskflow_api_virtualenv.py
[2026-05-08T21:36:10.109+0000] {logging_mixin.py:190} INFO - [2026-05-08T21:36:10.109+0000] {dag.py:3239} INFO - Sync 1 DAGs
[2026-05-08T21:36:10.120+0000] {logging_mixin.py:190} INFO - [2026-05-08T21:36:10.120+0000] {dag.py:4180} INFO - Setting next_dagrun for tutorial_taskflow_api_virtualenv to None, run_after=None
[2026-05-08T21:36:10.132+0000] {processor.py:208} INFO - Processing /home/airflow/.local/lib/python3.12/site-packages/airflow/example_dags/tutorial_taskflow_api_virtualenv.py took 0.054 seconds
[2026-05-08T21:36:41.520+0000] {processor.py:186} INFO - Started process (PID=8247) to work on /home/airflow/.local/lib/python3.12/site-packages/airflow/example_dags/tutorial_taskflow_api_virtualenv.py
[2026-05-08T21:36:41.521+0000] {processor.py:914} INFO - Processing file /home/airflow/.local/lib/python3.12/site-packages/airflow/example_dags/tutorial_taskflow_api_virtualenv.py for tasks to queue
[2026-05-08T21:36:41.523+0000] {logging_mixin.py:190} INFO - [2026-05-08T21:36:41.522+0000] {dagbag.py:588} INFO - Filling up the DagBag from /home/airflow/.local/lib/python3.12/site-packages/airflow/example_dags/tutorial_taskflow_api_virtualenv.py
[2026-05-08T21:36:41.533+0000] {processor.py:925} INFO - DAG(s) 'tutorial_taskflow_api_virtualenv' retrieved from /home/airflow/.local/lib/python3.12/site-packages/airflow/example_dags/tutorial_taskflow_api_virtualenv.py
[2026-05-08T21:36:41.549+0000] {logging_mixin.py:190} INFO - [2026-05-08T21:36:41.549+0000] {dag.py:3239} INFO - Sync 1 DAGs
[2026-05-08T21:36:41.562+0000] {logging_mixin.py:190} INFO - [2026-05-08T21:36:41.562+0000] {dag.py:4180} INFO - Setting next_dagrun for tutorial_taskflow_api_virtualenv to None, run_after=None
[2026-05-08T21:36:41.576+0000] {processor.py:208} INFO - Processing /home/airflow/.local/lib/python3.12/site-packages/airflow/example_dags/tutorial_taskflow_api_virtualenv.py took 0.060 seconds
[2026-05-08T21:37:12.761+0000] {processor.py:186} INFO - Started process (PID=8311) to work on /home/airflow/.local/lib/python3.12/site-packages/airflow/example_dags/tutorial_taskflow_api_virtualenv.py
[2026-05-08T21:37:12.761+0000] {processor.py:914} INFO - Processing file /home/airflow/.local/lib/python3.12/site-packages/airflow/example_dags/tutorial_taskflow_api_virtualenv.py for tasks to queue
[2026-05-08T21:37:12.763+0000] {logging_mixin.py:190} INFO - [2026-05-08T21:37:12.763+0000] {dagbag.py:588} INFO - Filling up the DagBag from /home/airflow/.local/lib/python3.12/site-packages/airflow/example_dags/tutorial_taskflow_api_virtualenv.py
[2026-05-08T21:37:12.772+0000] {processor.py:925} INFO - DAG(s) 'tutorial_taskflow_api_virtualenv' retrieved from /home/airflow/.local/lib/python3.12/site-packages/airflow/example_dags/tutorial_taskflow_api_virtualenv.py
[2026-05-08T21:37:12.787+0000] {logging_mixin.py:190} INFO - [2026-05-08T21:37:12.787+0000] {dag.py:3239} INFO - Sync 1 DAGs
[2026-05-08T21:37:12.798+0000] {logging_mixin.py:190} INFO - [2026-05-08T21:37:12.798+0000] {dag.py:4180} INFO - Setting next_dagrun for tutorial_taskflow_api_virtualenv to None, run_after=None
[2026-05-08T21:37:12.811+0000] {processor.py:208} INFO - Processing /home/airflow/.local/lib/python3.12/site-packages/airflow/example_dags/tutorial_taskflow_api_virtualenv.py took 0.056 seconds
[2026-05-08T21:37:44.310+0000] {processor.py:186} INFO - Started process (PID=8376) to work on /home/airflow/.local/lib/python3.12/site-packages/airflow/example_dags/tutorial_taskflow_api_virtualenv.py
[2026-05-08T21:37:44.311+0000] {processor.py:914} INFO - Processing file /home/airflow/.local/lib/python3.12/site-packages/airflow/example_dags/tutorial_taskflow_api_virtualenv.py for tasks to queue
[2026-05-08T21:37:44.313+0000] {logging_mixin.py:190} INFO - [2026-05-08T21:37:44.312+0000] {dagbag.py:588} INFO - Filling up the DagBag from /home/airflow/.local/lib/python3.12/site-packages/airflow/example_dags/tutorial_taskflow_api_virtualenv.py
[2026-05-08T21:37:44.322+0000] {processor.py:925} INFO - DAG(s) 'tutorial_taskflow_api_virtualenv' retrieved from /home/airflow/.local/lib/python3.12/site-packages/airflow/example_dags/tutorial_taskflow_api_virtualenv.py
[2026-05-08T21:37:44.340+0000] {logging_mixin.py:190} INFO - [2026-05-08T21:37:44.340+0000] {dag.py:3239} INFO - Sync 1 DAGs
[2026-05-08T21:37:44.352+0000] {logging_mixin.py:190} INFO - [2026-05-08T21:37:44.352+0000] {dag.py:4180} INFO - Setting next_dagrun for tutorial_taskflow_api_virtualenv to None, run_after=None
[2026-05-08T21:37:44.367+0000] {processor.py:208} INFO - Processing /home/airflow/.local/lib/python3.12/site-packages/airflow/example_dags/tutorial_taskflow_api_virtualenv.py took 0.061 seconds
[2026-05-08T21:38:15.281+0000] {processor.py:186} INFO - Started process (PID=8440) to work on /home/airflow/.local/lib/python3.12/site-packages/airflow/example_dags/tutorial_taskflow_api_virtualenv.py
[2026-05-08T21:38:15.282+0000] {processor.py:914} INFO - Processing file /home/airflow/.local/lib/python3.12/site-packages/airflow/example_dags/tutorial_taskflow_api_virtualenv.py for tasks to queue
[2026-05-08T21:38:15.284+0000] {logging_mixin.py:190} INFO - [2026-05-08T21:38:15.284+0000] {dagbag.py:588} INFO - Filling up the DagBag from /home/airflow/.local/lib/python3.12/site-packages/airflow/example_dags/tutorial_taskflow_api_virtualenv.py
[2026-05-08T21:38:15.293+0000] {processor.py:925} INFO - DAG(s) 'tutorial_taskflow_api_virtualenv' retrieved from /home/airflow/.local/lib/python3.12/site-packages/airflow/example_dags/tutorial_taskflow_api_virtualenv.py
[2026-05-08T21:38:15.308+0000] {logging_mixin.py:190} INFO - [2026-05-08T21:38:15.308+0000] {dag.py:3239} INFO - Sync 1 DAGs
[2026-05-08T21:38:15.320+0000] {logging_mixin.py:190} INFO - [2026-05-08T21:38:15.320+0000] {dag.py:4180} INFO - Setting next_dagrun for tutorial_taskflow_api_virtualenv to None, run_after=None
[2026-05-08T21:38:15.333+0000] {processor.py:208} INFO - Processing /home/airflow/.local/lib/python3.12/site-packages/airflow/example_dags/tutorial_taskflow_api_virtualenv.py took 0.056 seconds
[2026-05-08T21:38:46.450+0000] {processor.py:186} INFO - Started process (PID=8504) to work on /home/airflow/.local/lib/python3.12/site-packages/airflow/example_dags/tutorial_taskflow_api_virtualenv.py
[2026-05-08T21:38:46.451+0000] {processor.py:914} INFO - Processing file /home/airflow/.local/lib/python3.12/site-packages/airflow/example_dags/tutorial_taskflow_api_virtualenv.py for tasks to queue
[2026-05-08T21:38:46.453+0000] {logging_mixin.py:190} INFO - [2026-05-08T21:38:46.453+0000] {dagbag.py:588} INFO - Filling up the DagBag from /home/airflow/.local/lib/python3.12/site-packages/airflow/example_dags/tutorial_taskflow_api_virtualenv.py
[2026-05-08T21:38:46.462+0000] {processor.py:925} INFO - DAG(s) 'tutorial_taskflow_api_virtualenv' retrieved from /home/airflow/.local/lib/python3.12/site-packages/airflow/example_dags/tutorial_taskflow_api_virtualenv.py
[2026-05-08T21:38:46.477+0000] {logging_mixin.py:190} INFO - [2026-05-08T21:38:46.477+0000] {dag.py:3239} INFO - Sync 1 DAGs
[2026-05-08T21:38:46.488+0000] {logging_mixin.py:190} INFO - [2026-05-08T21:38:46.488+0000] {dag.py:4180} INFO - Setting next_dagrun for tutorial_taskflow_api_virtualenv to None, run_after=None
[2026-05-08T21:38:46.501+0000] {processor.py:208} INFO - Processing /home/airflow/.local/lib/python3.12/site-packages/airflow/example_dags/tutorial_taskflow_api_virtualenv.py took 0.056 seconds
[2026-05-08T21:39:17.025+0000] {processor.py:186} INFO - Started process (PID=8568) to work on /home/airflow/.local/lib/python3.12/site-packages/airflow/example_dags/tutorial_taskflow_api_virtualenv.py
[2026-05-08T21:39:17.025+0000] {processor.py:914} INFO - Processing file /home/airflow/.local/lib/python3.12/site-packages/airflow/example_dags/tutorial_taskflow_api_virtualenv.py for tasks to queue
[2026-05-08T21:39:17.027+0000] {logging_mixin.py:190} INFO - [2026-05-08T21:39:17.027+0000] {dagbag.py:588} INFO - Filling up the DagBag from /home/airflow/.local/lib/python3.12/site-packages/airflow/example_dags/tutorial_taskflow_api_virtualenv.py
[2026-05-08T21:39:17.036+0000] {processor.py:925} INFO - DAG(s) 'tutorial_taskflow_api_virtualenv' retrieved from /home/airflow/.local/lib/python3.12/site-packages/airflow/example_dags/tutorial_taskflow_api_virtualenv.py
[2026-05-08T21:39:17.052+0000] {logging_mixin.py:190} INFO - [2026-05-08T21:39:17.052+0000] {dag.py:3239} INFO - Sync 1 DAGs
[2026-05-08T21:39:17.068+0000] {logging_mixin.py:190} INFO - [2026-05-08T21:39:17.068+0000] {dag.py:4180} INFO - Setting next_dagrun for tutorial_taskflow_api_virtualenv to None, run_after=None
[2026-05-08T21:39:17.084+0000] {processor.py:208} INFO - Processing /home/airflow/.local/lib/python3.12/site-packages/airflow/example_dags/tutorial_taskflow_api_virtualenv.py took 0.064 seconds
[2026-05-08T21:39:47.780+0000] {processor.py:186} INFO - Started process (PID=8631) to work on /home/airflow/.local/lib/python3.12/site-packages/airflow/example_dags/tutorial_taskflow_api_virtualenv.py
[2026-05-08T21:39:47.783+0000] {processor.py:914} INFO - Processing file /home/airflow/.local/lib/python3.12/site-packages/airflow/example_dags/tutorial_taskflow_api_virtualenv.py for tasks to queue
[2026-05-08T21:39:47.790+0000] {logging_mixin.py:190} INFO - [2026-05-08T21:39:47.788+0000] {dagbag.py:588} INFO - Filling up the DagBag from /home/airflow/.local/lib/python3.12/site-packages/airflow/example_dags/tutorial_taskflow_api_virtualenv.py
[2026-05-08T21:39:47.810+0000] {processor.py:925} INFO - DAG(s) 'tutorial_taskflow_api_virtualenv' retrieved from /home/airflow/.local/lib/python3.12/site-packages/airflow/example_dags/tutorial_taskflow_api_virtualenv.py
[2026-05-08T21:39:47.834+0000] {logging_mixin.py:190} INFO - [2026-05-08T21:39:47.834+0000] {dag.py:3239} INFO - Sync 1 DAGs
[2026-05-08T21:39:47.859+0000] {logging_mixin.py:190} INFO - [2026-05-08T21:39:47.859+0000] {dag.py:4180} INFO - Setting next_dagrun for tutorial_taskflow_api_virtualenv to None, run_after=None
[2026-05-08T21:39:47.879+0000] {processor.py:208} INFO - Processing /home/airflow/.local/lib/python3.12/site-packages/airflow/example_dags/tutorial_taskflow_api_virtualenv.py took 0.106 seconds
[2026-05-08T21:40:17.918+0000] {processor.py:186} INFO - Started process (PID=8694) to work on /home/airflow/.local/lib/python3.12/site-packages/airflow/example_dags/tutorial_taskflow_api_virtualenv.py
[2026-05-08T21:40:17.919+0000] {processor.py:914} INFO - Processing file /home/airflow/.local/lib/python3.12/site-packages/airflow/example_dags/tutorial_taskflow_api_virtualenv.py for tasks to queue
[2026-05-08T21:40:17.921+0000] {logging_mixin.py:190} INFO - [2026-05-08T21:40:17.920+0000] {dagbag.py:588} INFO - Filling up the DagBag from /home/airflow/.local/lib/python3.12/site-packages/airflow/example_dags/tutorial_taskflow_api_virtualenv.py
[2026-05-08T21:40:17.930+0000] {processor.py:925} INFO - DAG(s) 'tutorial_taskflow_api_virtualenv' retrieved from /home/airflow/.local/lib/python3.12/site-packages/airflow/example_dags/tutorial_taskflow_api_virtualenv.py
[2026-05-08T21:40:17.945+0000] {logging_mixin.py:190} INFO - [2026-05-08T21:40:17.945+0000] {dag.py:3239} INFO - Sync 1 DAGs
[2026-05-08T21:40:17.957+0000] {logging_mixin.py:190} INFO - [2026-05-08T21:40:17.957+0000] {dag.py:4180} INFO - Setting next_dagrun for tutorial_taskflow_api_virtualenv to None, run_after=None
[2026-05-08T21:40:17.973+0000] {processor.py:208} INFO - Processing /home/airflow/.local/lib/python3.12/site-packages/airflow/example_dags/tutorial_taskflow_api_virtualenv.py took 0.059 seconds
[2026-05-08T21:40:48.824+0000] {processor.py:186} INFO - Started process (PID=8758) to work on /home/airflow/.local/lib/python3.12/site-packages/airflow/example_dags/tutorial_taskflow_api_virtualenv.py
[2026-05-08T21:40:48.825+0000] {processor.py:914} INFO - Processing file /home/airflow/.local/lib/python3.12/site-packages/airflow/example_dags/tutorial_taskflow_api_virtualenv.py for tasks to queue
[2026-05-08T21:40:48.826+0000] {logging_mixin.py:190} INFO - [2026-05-08T21:40:48.826+0000] {dagbag.py:588} INFO - Filling up the DagBag from /home/airflow/.local/lib/python3.12/site-packages/airflow/example_dags/tutorial_taskflow_api_virtualenv.py
[2026-05-08T21:40:48.836+0000] {processor.py:925} INFO - DAG(s) 'tutorial_taskflow_api_virtualenv' retrieved from /home/airflow/.local/lib/python3.12/site-packages/airflow/example_dags/tutorial_taskflow_api_virtualenv.py
[2026-05-08T21:40:48.850+0000] {logging_mixin.py:190} INFO - [2026-05-08T21:40:48.850+0000] {dag.py:3239} INFO - Sync 1 DAGs
[2026-05-08T21:40:48.863+0000] {logging_mixin.py:190} INFO - [2026-05-08T21:40:48.863+0000] {dag.py:4180} INFO - Setting next_dagrun for tutorial_taskflow_api_virtualenv to None, run_after=None
[2026-05-08T21:40:48.879+0000] {processor.py:208} INFO - Processing /home/airflow/.local/lib/python3.12/site-packages/airflow/example_dags/tutorial_taskflow_api_virtualenv.py took 0.060 seconds
[2026-05-08T21:41:19.216+0000] {processor.py:186} INFO - Started process (PID=8822) to work on /home/airflow/.local/lib/python3.12/site-packages/airflow/example_dags/tutorial_taskflow_api_virtualenv.py
[2026-05-08T21:41:19.217+0000] {processor.py:914} INFO - Processing file /home/airflow/.local/lib/python3.12/site-packages/airflow/example_dags/tutorial_taskflow_api_virtualenv.py for tasks to queue
[2026-05-08T21:41:19.219+0000] {logging_mixin.py:190} INFO - [2026-05-08T21:41:19.219+0000] {dagbag.py:588} INFO - Filling up the DagBag from /home/airflow/.local/lib/python3.12/site-packages/airflow/example_dags/tutorial_taskflow_api_virtualenv.py
[2026-05-08T21:41:19.234+0000] {processor.py:925} INFO - DAG(s) 'tutorial_taskflow_api_virtualenv' retrieved from /home/airflow/.local/lib/python3.12/site-packages/airflow/example_dags/tutorial_taskflow_api_virtualenv.py
[2026-05-08T21:41:19.256+0000] {logging_mixin.py:190} INFO - [2026-05-08T21:41:19.256+0000] {dag.py:3239} INFO - Sync 1 DAGs
[2026-05-08T21:41:19.275+0000] {logging_mixin.py:190} INFO - [2026-05-08T21:41:19.275+0000] {dag.py:4180} INFO - Setting next_dagrun for tutorial_taskflow_api_virtualenv to None, run_after=None
[2026-05-08T21:41:19.308+0000] {processor.py:208} INFO - Processing /home/airflow/.local/lib/python3.12/site-packages/airflow/example_dags/tutorial_taskflow_api_virtualenv.py took 0.099 seconds
[2026-05-08T21:41:49.357+0000] {processor.py:186} INFO - Started process (PID=8886) to work on /home/airflow/.local/lib/python3.12/site-packages/airflow/example_dags/tutorial_taskflow_api_virtualenv.py
[2026-05-08T21:41:49.357+0000] {processor.py:914} INFO - Processing file /home/airflow/.local/lib/python3.12/site-packages/airflow/example_dags/tutorial_taskflow_api_virtualenv.py for tasks to queue
[2026-05-08T21:41:49.359+0000] {logging_mixin.py:190} INFO - [2026-05-08T21:41:49.358+0000] {dagbag.py:588} INFO - Filling up the DagBag from /home/airflow/.local/lib/python3.12/site-packages/airflow/example_dags/tutorial_taskflow_api_virtualenv.py
[2026-05-08T21:41:49.368+0000] {processor.py:925} INFO - DAG(s) 'tutorial_taskflow_api_virtualenv' retrieved from /home/airflow/.local/lib/python3.12/site-packages/airflow/example_dags/tutorial_taskflow_api_virtualenv.py
[2026-05-08T21:41:49.383+0000] {logging_mixin.py:190} INFO - [2026-05-08T21:41:49.383+0000] {dag.py:3239} INFO - Sync 1 DAGs
[2026-05-08T21:41:49.394+0000] {logging_mixin.py:190} INFO - [2026-05-08T21:41:49.394+0000] {dag.py:4180} INFO - Setting next_dagrun for tutorial_taskflow_api_virtualenv to None, run_after=None
[2026-05-08T21:41:49.407+0000] {processor.py:208} INFO - Processing /home/airflow/.local/lib/python3.12/site-packages/airflow/example_dags/tutorial_taskflow_api_virtualenv.py took 0.055 seconds
[2026-05-08T21:42:19.568+0000] {processor.py:186} INFO - Started process (PID=8950) to work on /home/airflow/.local/lib/python3.12/site-packages/airflow/example_dags/tutorial_taskflow_api_virtualenv.py
[2026-05-08T21:42:19.568+0000] {processor.py:914} INFO - Processing file /home/airflow/.local/lib/python3.12/site-packages/airflow/example_dags/tutorial_taskflow_api_virtualenv.py for tasks to queue
[2026-05-08T21:42:19.571+0000] {logging_mixin.py:190} INFO - [2026-05-08T21:42:19.570+0000] {dagbag.py:588} INFO - Filling up the DagBag from /home/airflow/.local/lib/python3.12/site-packages/airflow/example_dags/tutorial_taskflow_api_virtualenv.py
[2026-05-08T21:42:19.583+0000] {processor.py:925} INFO - DAG(s) 'tutorial_taskflow_api_virtualenv' retrieved from /home/airflow/.local/lib/python3.12/site-packages/airflow/example_dags/tutorial_taskflow_api_virtualenv.py
[2026-05-08T21:42:19.598+0000] {logging_mixin.py:190} INFO - [2026-05-08T21:42:19.598+0000] {dag.py:3239} INFO - Sync 1 DAGs
[2026-05-08T21:42:19.610+0000] {logging_mixin.py:190} INFO - [2026-05-08T21:42:19.610+0000] {dag.py:4180} INFO - Setting next_dagrun for tutorial_taskflow_api_virtualenv to None, run_after=None
[2026-05-08T21:42:19.623+0000] {processor.py:208} INFO - Processing /home/airflow/.local/lib/python3.12/site-packages/airflow/example_dags/tutorial_taskflow_api_virtualenv.py took 0.060 seconds
[2026-05-08T21:42:50.216+0000] {processor.py:186} INFO - Started process (PID=9014) to work on /home/airflow/.local/lib/python3.12/site-packages/airflow/example_dags/tutorial_taskflow_api_virtualenv.py
[2026-05-08T21:42:50.217+0000] {processor.py:914} INFO - Processing file /home/airflow/.local/lib/python3.12/site-packages/airflow/example_dags/tutorial_taskflow_api_virtualenv.py for tasks to queue
[2026-05-08T21:42:50.218+0000] {logging_mixin.py:190} INFO - [2026-05-08T21:42:50.218+0000] {dagbag.py:588} INFO - Filling up the DagBag from /home/airflow/.local/lib/python3.12/site-packages/airflow/example_dags/tutorial_taskflow_api_virtualenv.py
[2026-05-08T21:42:50.228+0000] {processor.py:925} INFO - DAG(s) 'tutorial_taskflow_api_virtualenv' retrieved from /home/airflow/.local/lib/python3.12/site-packages/airflow/example_dags/tutorial_taskflow_api_virtualenv.py
[2026-05-08T21:42:50.243+0000] {logging_mixin.py:190} INFO - [2026-05-08T21:42:50.243+0000] {dag.py:3239} INFO - Sync 1 DAGs
[2026-05-08T21:42:50.254+0000] {logging_mixin.py:190} INFO - [2026-05-08T21:42:50.254+0000] {dag.py:4180} INFO - Setting next_dagrun for tutorial_taskflow_api_virtualenv to None, run_after=None
[2026-05-08T21:42:50.273+0000] {processor.py:208} INFO - Processing /home/airflow/.local/lib/python3.12/site-packages/airflow/example_dags/tutorial_taskflow_api_virtualenv.py took 0.062 seconds
[2026-05-08T21:43:20.934+0000] {processor.py:186} INFO - Started process (PID=9078) to work on /home/airflow/.local/lib/python3.12/site-packages/airflow/example_dags/tutorial_taskflow_api_virtualenv.py
[2026-05-08T21:43:20.934+0000] {processor.py:914} INFO - Processing file /home/airflow/.local/lib/python3.12/site-packages/airflow/example_dags/tutorial_taskflow_api_virtualenv.py for tasks to queue
[2026-05-08T21:43:20.936+0000] {logging_mixin.py:190} INFO - [2026-05-08T21:43:20.936+0000] {dagbag.py:588} INFO - Filling up the DagBag from /home/airflow/.local/lib/python3.12/site-packages/airflow/example_dags/tutorial_taskflow_api_virtualenv.py
[2026-05-08T21:43:20.945+0000] {processor.py:925} INFO - DAG(s) 'tutorial_taskflow_api_virtualenv' retrieved from /home/airflow/.local/lib/python3.12/site-packages/airflow/example_dags/tutorial_taskflow_api_virtualenv.py
[2026-05-08T21:43:20.961+0000] {logging_mixin.py:190} INFO - [2026-05-08T21:43:20.961+0000] {dag.py:3239} INFO - Sync 1 DAGs
[2026-05-08T21:43:20.975+0000] {logging_mixin.py:190} INFO - [2026-05-08T21:43:20.975+0000] {dag.py:4180} INFO - Setting next_dagrun for tutorial_taskflow_api_virtualenv to None, run_after=None
[2026-05-08T21:43:20.988+0000] {processor.py:208} INFO - Processing /home/airflow/.local/lib/python3.12/site-packages/airflow/example_dags/tutorial_taskflow_api_virtualenv.py took 0.059 seconds
[2026-05-08T21:43:51.588+0000] {processor.py:186} INFO - Started process (PID=9142) to work on /home/airflow/.local/lib/python3.12/site-packages/airflow/example_dags/tutorial_taskflow_api_virtualenv.py
[2026-05-08T21:43:51.589+0000] {processor.py:914} INFO - Processing file /home/airflow/.local/lib/python3.12/site-packages/airflow/example_dags/tutorial_taskflow_api_virtualenv.py for tasks to queue
[2026-05-08T21:43:51.590+0000] {logging_mixin.py:190} INFO - [2026-05-08T21:43:51.590+0000] {dagbag.py:588} INFO - Filling up the DagBag from /home/airflow/.local/lib/python3.12/site-packages/airflow/example_dags/tutorial_taskflow_api_virtualenv.py
[2026-05-08T21:43:51.600+0000] {processor.py:925} INFO - DAG(s) 'tutorial_taskflow_api_virtualenv' retrieved from /home/airflow/.local/lib/python3.12/site-packages/airflow/example_dags/tutorial_taskflow_api_virtualenv.py
[2026-05-08T21:43:51.615+0000] {logging_mixin.py:190} INFO - [2026-05-08T21:43:51.615+0000] {dag.py:3239} INFO - Sync 1 DAGs
[2026-05-08T21:43:51.626+0000] {logging_mixin.py:190} INFO - [2026-05-08T21:43:51.625+0000] {dag.py:4180} INFO - Setting next_dagrun for tutorial_taskflow_api_virtualenv to None, run_after=None
[2026-05-08T21:43:51.641+0000] {processor.py:208} INFO - Processing /home/airflow/.local/lib/python3.12/site-packages/airflow/example_dags/tutorial_taskflow_api_virtualenv.py took 0.058 seconds
[2026-05-08T21:44:22.229+0000] {processor.py:186} INFO - Started process (PID=9206) to work on /home/airflow/.local/lib/python3.12/site-packages/airflow/example_dags/tutorial_taskflow_api_virtualenv.py
[2026-05-08T21:44:22.230+0000] {processor.py:914} INFO - Processing file /home/airflow/.local/lib/python3.12/site-packages/airflow/example_dags/tutorial_taskflow_api_virtualenv.py for tasks to queue
[2026-05-08T21:44:22.232+0000] {logging_mixin.py:190} INFO - [2026-05-08T21:44:22.231+0000] {dagbag.py:588} INFO - Filling up the DagBag from /home/airflow/.local/lib/python3.12/site-packages/airflow/example_dags/tutorial_taskflow_api_virtualenv.py
[2026-05-08T21:44:22.242+0000] {processor.py:925} INFO - DAG(s) 'tutorial_taskflow_api_virtualenv' retrieved from /home/airflow/.local/lib/python3.12/site-packages/airflow/example_dags/tutorial_taskflow_api_virtualenv.py
[2026-05-08T21:44:22.259+0000] {logging_mixin.py:190} INFO - [2026-05-08T21:44:22.258+0000] {dag.py:3239} INFO - Sync 1 DAGs
[2026-05-08T21:44:22.273+0000] {logging_mixin.py:190} INFO - [2026-05-08T21:44:22.273+0000] {dag.py:4180} INFO - Setting next_dagrun for tutorial_taskflow_api_virtualenv to None, run_after=None
[2026-05-08T21:44:22.286+0000] {processor.py:208} INFO - Processing /home/airflow/.local/lib/python3.12/site-packages/airflow/example_dags/tutorial_taskflow_api_virtualenv.py took 0.062 seconds
[2026-05-08T21:44:52.938+0000] {processor.py:186} INFO - Started process (PID=9270) to work on /home/airflow/.local/lib/python3.12/site-packages/airflow/example_dags/tutorial_taskflow_api_virtualenv.py
[2026-05-08T21:44:52.939+0000] {processor.py:914} INFO - Processing file /home/airflow/.local/lib/python3.12/site-packages/airflow/example_dags/tutorial_taskflow_api_virtualenv.py for tasks to queue
[2026-05-08T21:44:52.940+0000] {logging_mixin.py:190} INFO - [2026-05-08T21:44:52.940+0000] {dagbag.py:588} INFO - Filling up the DagBag from /home/airflow/.local/lib/python3.12/site-packages/airflow/example_dags/tutorial_taskflow_api_virtualenv.py
[2026-05-08T21:44:52.950+0000] {processor.py:925} INFO - DAG(s) 'tutorial_taskflow_api_virtualenv' retrieved from /home/airflow/.local/lib/python3.12/site-packages/airflow/example_dags/tutorial_taskflow_api_virtualenv.py
[2026-05-08T21:44:52.964+0000] {logging_mixin.py:190} INFO - [2026-05-08T21:44:52.964+0000] {dag.py:3239} INFO - Sync 1 DAGs
[2026-05-08T21:44:52.976+0000] {logging_mixin.py:190} INFO - [2026-05-08T21:44:52.975+0000] {dag.py:4180} INFO - Setting next_dagrun for tutorial_taskflow_api_virtualenv to None, run_after=None
[2026-05-08T21:44:52.990+0000] {processor.py:208} INFO - Processing /home/airflow/.local/lib/python3.12/site-packages/airflow/example_dags/tutorial_taskflow_api_virtualenv.py took 0.057 seconds
[2026-05-08T21:45:24.015+0000] {processor.py:186} INFO - Started process (PID=9334) to work on /home/airflow/.local/lib/python3.12/site-packages/airflow/example_dags/tutorial_taskflow_api_virtualenv.py
[2026-05-08T21:45:24.016+0000] {processor.py:914} INFO - Processing file /home/airflow/.local/lib/python3.12/site-packages/airflow/example_dags/tutorial_taskflow_api_virtualenv.py for tasks to queue
[2026-05-08T21:45:24.018+0000] {logging_mixin.py:190} INFO - [2026-05-08T21:45:24.018+0000] {dagbag.py:588} INFO - Filling up the DagBag from /home/airflow/.local/lib/python3.12/site-packages/airflow/example_dags/tutorial_taskflow_api_virtualenv.py
[2026-05-08T21:45:24.040+0000] {processor.py:925} INFO - DAG(s) 'tutorial_taskflow_api_virtualenv' retrieved from /home/airflow/.local/lib/python3.12/site-packages/airflow/example_dags/tutorial_taskflow_api_virtualenv.py
[2026-05-08T21:45:24.065+0000] {logging_mixin.py:190} INFO - [2026-05-08T21:45:24.064+0000] {dag.py:3239} INFO - Sync 1 DAGs
[2026-05-08T21:45:24.082+0000] {logging_mixin.py:190} INFO - [2026-05-08T21:45:24.082+0000] {dag.py:4180} INFO - Setting next_dagrun for tutorial_taskflow_api_virtualenv to None, run_after=None
[2026-05-08T21:45:24.100+0000] {processor.py:208} INFO - Processing /home/airflow/.local/lib/python3.12/site-packages/airflow/example_dags/tutorial_taskflow_api_virtualenv.py took 0.091 seconds
[2026-05-08T21:45:54.381+0000] {processor.py:186} INFO - Started process (PID=9391) to work on /home/airflow/.local/lib/python3.12/site-packages/airflow/example_dags/tutorial_taskflow_api_virtualenv.py
[2026-05-08T21:45:54.382+0000] {processor.py:914} INFO - Processing file /home/airflow/.local/lib/python3.12/site-packages/airflow/example_dags/tutorial_taskflow_api_virtualenv.py for tasks to queue
[2026-05-08T21:45:54.384+0000] {logging_mixin.py:190} INFO - [2026-05-08T21:45:54.383+0000] {dagbag.py:588} INFO - Filling up the DagBag from /home/airflow/.local/lib/python3.12/site-packages/airflow/example_dags/tutorial_taskflow_api_virtualenv.py
[2026-05-08T21:45:54.398+0000] {processor.py:925} INFO - DAG(s) 'tutorial_taskflow_api_virtualenv' retrieved from /home/airflow/.local/lib/python3.12/site-packages/airflow/example_dags/tutorial_taskflow_api_virtualenv.py
[2026-05-08T21:45:54.420+0000] {logging_mixin.py:190} INFO - [2026-05-08T21:45:54.419+0000] {dag.py:3239} INFO - Sync 1 DAGs
[2026-05-08T21:45:54.435+0000] {logging_mixin.py:190} INFO - [2026-05-08T21:45:54.434+0000] {dag.py:4180} INFO - Setting next_dagrun for tutorial_taskflow_api_virtualenv to None, run_after=None
[2026-05-08T21:45:54.449+0000] {processor.py:208} INFO - Processing /home/airflow/.local/lib/python3.12/site-packages/airflow/example_dags/tutorial_taskflow_api_virtualenv.py took 0.074 seconds
[2026-05-08T21:46:25.932+0000] {processor.py:186} INFO - Started process (PID=9455) to work on /home/airflow/.local/lib/python3.12/site-packages/airflow/example_dags/tutorial_taskflow_api_virtualenv.py
[2026-05-08T21:46:25.933+0000] {processor.py:914} INFO - Processing file /home/airflow/.local/lib/python3.12/site-packages/airflow/example_dags/tutorial_taskflow_api_virtualenv.py for tasks to queue
[2026-05-08T21:46:25.935+0000] {logging_mixin.py:190} INFO - [2026-05-08T21:46:25.934+0000] {dagbag.py:588} INFO - Filling up the DagBag from /home/airflow/.local/lib/python3.12/site-packages/airflow/example_dags/tutorial_taskflow_api_virtualenv.py
[2026-05-08T21:46:25.944+0000] {processor.py:925} INFO - DAG(s) 'tutorial_taskflow_api_virtualenv' retrieved from /home/airflow/.local/lib/python3.12/site-packages/airflow/example_dags/tutorial_taskflow_api_virtualenv.py
[2026-05-08T21:46:25.959+0000] {logging_mixin.py:190} INFO - [2026-05-08T21:46:25.959+0000] {dag.py:3239} INFO - Sync 1 DAGs
[2026-05-08T21:46:25.970+0000] {logging_mixin.py:190} INFO - [2026-05-08T21:46:25.970+0000] {dag.py:4180} INFO - Setting next_dagrun for tutorial_taskflow_api_virtualenv to None, run_after=None
[2026-05-08T21:46:25.984+0000] {processor.py:208} INFO - Processing /home/airflow/.local/lib/python3.12/site-packages/airflow/example_dags/tutorial_taskflow_api_virtualenv.py took 0.056 seconds
[2026-05-08T21:46:56.684+0000] {processor.py:186} INFO - Started process (PID=9519) to work on /home/airflow/.local/lib/python3.12/site-packages/airflow/example_dags/tutorial_taskflow_api_virtualenv.py
[2026-05-08T21:46:56.685+0000] {processor.py:914} INFO - Processing file /home/airflow/.local/lib/python3.12/site-packages/airflow/example_dags/tutorial_taskflow_api_virtualenv.py for tasks to queue
[2026-05-08T21:46:56.686+0000] {logging_mixin.py:190} INFO - [2026-05-08T21:46:56.686+0000] {dagbag.py:588} INFO - Filling up the DagBag from /home/airflow/.local/lib/python3.12/site-packages/airflow/example_dags/tutorial_taskflow_api_virtualenv.py
[2026-05-08T21:46:56.697+0000] {processor.py:925} INFO - DAG(s) 'tutorial_taskflow_api_virtualenv' retrieved from /home/airflow/.local/lib/python3.12/site-packages/airflow/example_dags/tutorial_taskflow_api_virtualenv.py
[2026-05-08T21:46:56.714+0000] {logging_mixin.py:190} INFO - [2026-05-08T21:46:56.714+0000] {dag.py:3239} INFO - Sync 1 DAGs
[2026-05-08T21:46:56.727+0000] {logging_mixin.py:190} INFO - [2026-05-08T21:46:56.726+0000] {dag.py:4180} INFO - Setting next_dagrun for tutorial_taskflow_api_virtualenv to None, run_after=None
[2026-05-08T21:46:56.741+0000] {processor.py:208} INFO - Processing /home/airflow/.local/lib/python3.12/site-packages/airflow/example_dags/tutorial_taskflow_api_virtualenv.py took 0.063 seconds
[2026-05-08T21:47:28.238+0000] {processor.py:186} INFO - Started process (PID=9583) to work on /home/airflow/.local/lib/python3.12/site-packages/airflow/example_dags/tutorial_taskflow_api_virtualenv.py
[2026-05-08T21:47:28.239+0000] {processor.py:914} INFO - Processing file /home/airflow/.local/lib/python3.12/site-packages/airflow/example_dags/tutorial_taskflow_api_virtualenv.py for tasks to queue
[2026-05-08T21:47:28.241+0000] {logging_mixin.py:190} INFO - [2026-05-08T21:47:28.240+0000] {dagbag.py:588} INFO - Filling up the DagBag from /home/airflow/.local/lib/python3.12/site-packages/airflow/example_dags/tutorial_taskflow_api_virtualenv.py
[2026-05-08T21:47:28.250+0000] {processor.py:925} INFO - DAG(s) 'tutorial_taskflow_api_virtualenv' retrieved from /home/airflow/.local/lib/python3.12/site-packages/airflow/example_dags/tutorial_taskflow_api_virtualenv.py
[2026-05-08T21:47:28.271+0000] {logging_mixin.py:190} INFO - [2026-05-08T21:47:28.271+0000] {dag.py:3239} INFO - Sync 1 DAGs
[2026-05-08T21:47:28.285+0000] {logging_mixin.py:190} INFO - [2026-05-08T21:47:28.285+0000] {dag.py:4180} INFO - Setting next_dagrun for tutorial_taskflow_api_virtualenv to None, run_after=None
[2026-05-08T21:47:28.300+0000] {processor.py:208} INFO - Processing /home/airflow/.local/lib/python3.12/site-packages/airflow/example_dags/tutorial_taskflow_api_virtualenv.py took 0.066 seconds
[2026-05-08T21:47:58.762+0000] {processor.py:186} INFO - Started process (PID=9647) to work on /home/airflow/.local/lib/python3.12/site-packages/airflow/example_dags/tutorial_taskflow_api_virtualenv.py
[2026-05-08T21:47:58.763+0000] {processor.py:914} INFO - Processing file /home/airflow/.local/lib/python3.12/site-packages/airflow/example_dags/tutorial_taskflow_api_virtualenv.py for tasks to queue
[2026-05-08T21:47:58.764+0000] {logging_mixin.py:190} INFO - [2026-05-08T21:47:58.764+0000] {dagbag.py:588} INFO - Filling up the DagBag from /home/airflow/.local/lib/python3.12/site-packages/airflow/example_dags/tutorial_taskflow_api_virtualenv.py
[2026-05-08T21:47:58.774+0000] {processor.py:925} INFO - DAG(s) 'tutorial_taskflow_api_virtualenv' retrieved from /home/airflow/.local/lib/python3.12/site-packages/airflow/example_dags/tutorial_taskflow_api_virtualenv.py
[2026-05-08T21:47:58.792+0000] {logging_mixin.py:190} INFO - [2026-05-08T21:47:58.792+0000] {dag.py:3239} INFO - Sync 1 DAGs
[2026-05-08T21:47:58.807+0000] {logging_mixin.py:190} INFO - [2026-05-08T21:47:58.806+0000] {dag.py:4180} INFO - Setting next_dagrun for tutorial_taskflow_api_virtualenv to None, run_after=None
[2026-05-08T21:47:58.820+0000] {processor.py:208} INFO - Processing /home/airflow/.local/lib/python3.12/site-packages/airflow/example_dags/tutorial_taskflow_api_virtualenv.py took 0.063 seconds
[2026-05-08T21:48:30.320+0000] {processor.py:186} INFO - Started process (PID=9711) to work on /home/airflow/.local/lib/python3.12/site-packages/airflow/example_dags/tutorial_taskflow_api_virtualenv.py
[2026-05-08T21:48:30.320+0000] {processor.py:914} INFO - Processing file /home/airflow/.local/lib/python3.12/site-packages/airflow/example_dags/tutorial_taskflow_api_virtualenv.py for tasks to queue
[2026-05-08T21:48:30.322+0000] {logging_mixin.py:190} INFO - [2026-05-08T21:48:30.322+0000] {dagbag.py:588} INFO - Filling up the DagBag from /home/airflow/.local/lib/python3.12/site-packages/airflow/example_dags/tutorial_taskflow_api_virtualenv.py
[2026-05-08T21:48:30.332+0000] {processor.py:925} INFO - DAG(s) 'tutorial_taskflow_api_virtualenv' retrieved from /home/airflow/.local/lib/python3.12/site-packages/airflow/example_dags/tutorial_taskflow_api_virtualenv.py
[2026-05-08T21:48:30.347+0000] {logging_mixin.py:190} INFO - [2026-05-08T21:48:30.346+0000] {dag.py:3239} INFO - Sync 1 DAGs
[2026-05-08T21:48:30.358+0000] {logging_mixin.py:190} INFO - [2026-05-08T21:48:30.358+0000] {dag.py:4180} INFO - Setting next_dagrun for tutorial_taskflow_api_virtualenv to None, run_after=None
[2026-05-08T21:48:30.372+0000] {processor.py:208} INFO - Processing /home/airflow/.local/lib/python3.12/site-packages/airflow/example_dags/tutorial_taskflow_api_virtualenv.py took 0.057 seconds
[2026-05-08T21:49:01.874+0000] {processor.py:186} INFO - Started process (PID=9775) to work on /home/airflow/.local/lib/python3.12/site-packages/airflow/example_dags/tutorial_taskflow_api_virtualenv.py
[2026-05-08T21:49:01.874+0000] {processor.py:914} INFO - Processing file /home/airflow/.local/lib/python3.12/site-packages/airflow/example_dags/tutorial_taskflow_api_virtualenv.py for tasks to queue
[2026-05-08T21:49:01.877+0000] {logging_mixin.py:190} INFO - [2026-05-08T21:49:01.876+0000] {dagbag.py:588} INFO - Filling up the DagBag from /home/airflow/.local/lib/python3.12/site-packages/airflow/example_dags/tutorial_taskflow_api_virtualenv.py
[2026-05-08T21:49:01.891+0000] {processor.py:925} INFO - DAG(s) 'tutorial_taskflow_api_virtualenv' retrieved from /home/airflow/.local/lib/python3.12/site-packages/airflow/example_dags/tutorial_taskflow_api_virtualenv.py
[2026-05-08T21:49:01.908+0000] {logging_mixin.py:190} INFO - [2026-05-08T21:49:01.908+0000] {dag.py:3239} INFO - Sync 1 DAGs
[2026-05-08T21:49:01.920+0000] {logging_mixin.py:190} INFO - [2026-05-08T21:49:01.920+0000] {dag.py:4180} INFO - Setting next_dagrun for tutorial_taskflow_api_virtualenv to None, run_after=None
[2026-05-08T21:49:01.934+0000] {processor.py:208} INFO - Processing /home/airflow/.local/lib/python3.12/site-packages/airflow/example_dags/tutorial_taskflow_api_virtualenv.py took 0.071 seconds
[2026-05-08T21:49:32.667+0000] {processor.py:186} INFO - Started process (PID=9839) to work on /home/airflow/.local/lib/python3.12/site-packages/airflow/example_dags/tutorial_taskflow_api_virtualenv.py
[2026-05-08T21:49:32.668+0000] {processor.py:914} INFO - Processing file /home/airflow/.local/lib/python3.12/site-packages/airflow/example_dags/tutorial_taskflow_api_virtualenv.py for tasks to queue
[2026-05-08T21:49:32.670+0000] {logging_mixin.py:190} INFO - [2026-05-08T21:49:32.670+0000] {dagbag.py:588} INFO - Filling up the DagBag from /home/airflow/.local/lib/python3.12/site-packages/airflow/example_dags/tutorial_taskflow_api_virtualenv.py
[2026-05-08T21:49:32.681+0000] {processor.py:925} INFO - DAG(s) 'tutorial_taskflow_api_virtualenv' retrieved from /home/airflow/.local/lib/python3.12/site-packages/airflow/example_dags/tutorial_taskflow_api_virtualenv.py
[2026-05-08T21:49:32.696+0000] {logging_mixin.py:190} INFO - [2026-05-08T21:49:32.696+0000] {dag.py:3239} INFO - Sync 1 DAGs
[2026-05-08T21:49:32.708+0000] {logging_mixin.py:190} INFO - [2026-05-08T21:49:32.708+0000] {dag.py:4180} INFO - Setting next_dagrun for tutorial_taskflow_api_virtualenv to None, run_after=None
[2026-05-08T21:49:32.721+0000] {processor.py:208} INFO - Processing /home/airflow/.local/lib/python3.12/site-packages/airflow/example_dags/tutorial_taskflow_api_virtualenv.py took 0.059 seconds
[2026-05-08T21:50:04.213+0000] {processor.py:186} INFO - Started process (PID=9903) to work on /home/airflow/.local/lib/python3.12/site-packages/airflow/example_dags/tutorial_taskflow_api_virtualenv.py
[2026-05-08T21:50:04.214+0000] {processor.py:914} INFO - Processing file /home/airflow/.local/lib/python3.12/site-packages/airflow/example_dags/tutorial_taskflow_api_virtualenv.py for tasks to queue
[2026-05-08T21:50:04.215+0000] {logging_mixin.py:190} INFO - [2026-05-08T21:50:04.215+0000] {dagbag.py:588} INFO - Filling up the DagBag from /home/airflow/.local/lib/python3.12/site-packages/airflow/example_dags/tutorial_taskflow_api_virtualenv.py
[2026-05-08T21:50:04.225+0000] {processor.py:925} INFO - DAG(s) 'tutorial_taskflow_api_virtualenv' retrieved from /home/airflow/.local/lib/python3.12/site-packages/airflow/example_dags/tutorial_taskflow_api_virtualenv.py
[2026-05-08T21:50:04.240+0000] {logging_mixin.py:190} INFO - [2026-05-08T21:50:04.240+0000] {dag.py:3239} INFO - Sync 1 DAGs
[2026-05-08T21:50:04.253+0000] {logging_mixin.py:190} INFO - [2026-05-08T21:50:04.253+0000] {dag.py:4180} INFO - Setting next_dagrun for tutorial_taskflow_api_virtualenv to None, run_after=None
[2026-05-08T21:50:04.267+0000] {processor.py:208} INFO - Processing /home/airflow/.local/lib/python3.12/site-packages/airflow/example_dags/tutorial_taskflow_api_virtualenv.py took 0.058 seconds
[2026-05-08T21:50:35.795+0000] {processor.py:186} INFO - Started process (PID=9967) to work on /home/airflow/.local/lib/python3.12/site-packages/airflow/example_dags/tutorial_taskflow_api_virtualenv.py
[2026-05-08T21:50:35.796+0000] {processor.py:914} INFO - Processing file /home/airflow/.local/lib/python3.12/site-packages/airflow/example_dags/tutorial_taskflow_api_virtualenv.py for tasks to queue
[2026-05-08T21:50:35.798+0000] {logging_mixin.py:190} INFO - [2026-05-08T21:50:35.798+0000] {dagbag.py:588} INFO - Filling up the DagBag from /home/airflow/.local/lib/python3.12/site-packages/airflow/example_dags/tutorial_taskflow_api_virtualenv.py
[2026-05-08T21:50:35.808+0000] {processor.py:925} INFO - DAG(s) 'tutorial_taskflow_api_virtualenv' retrieved from /home/airflow/.local/lib/python3.12/site-packages/airflow/example_dags/tutorial_taskflow_api_virtualenv.py
[2026-05-08T21:50:35.824+0000] {logging_mixin.py:190} INFO - [2026-05-08T21:50:35.824+0000] {dag.py:3239} INFO - Sync 1 DAGs
[2026-05-08T21:50:35.836+0000] {logging_mixin.py:190} INFO - [2026-05-08T21:50:35.836+0000] {dag.py:4180} INFO - Setting next_dagrun for tutorial_taskflow_api_virtualenv to None, run_after=None
[2026-05-08T21:50:35.851+0000] {processor.py:208} INFO - Processing /home/airflow/.local/lib/python3.12/site-packages/airflow/example_dags/tutorial_taskflow_api_virtualenv.py took 0.061 seconds
[2026-05-08T21:51:06.981+0000] {processor.py:186} INFO - Started process (PID=10031) to work on /home/airflow/.local/lib/python3.12/site-packages/airflow/example_dags/tutorial_taskflow_api_virtualenv.py
[2026-05-08T21:51:06.982+0000] {processor.py:914} INFO - Processing file /home/airflow/.local/lib/python3.12/site-packages/airflow/example_dags/tutorial_taskflow_api_virtualenv.py for tasks to queue
[2026-05-08T21:51:06.984+0000] {logging_mixin.py:190} INFO - [2026-05-08T21:51:06.983+0000] {dagbag.py:588} INFO - Filling up the DagBag from /home/airflow/.local/lib/python3.12/site-packages/airflow/example_dags/tutorial_taskflow_api_virtualenv.py
[2026-05-08T21:51:06.997+0000] {processor.py:925} INFO - DAG(s) 'tutorial_taskflow_api_virtualenv' retrieved from /home/airflow/.local/lib/python3.12/site-packages/airflow/example_dags/tutorial_taskflow_api_virtualenv.py
[2026-05-08T21:51:07.017+0000] {logging_mixin.py:190} INFO - [2026-05-08T21:51:07.016+0000] {dag.py:3239} INFO - Sync 1 DAGs
[2026-05-08T21:51:07.034+0000] {logging_mixin.py:190} INFO - [2026-05-08T21:51:07.034+0000] {dag.py:4180} INFO - Setting next_dagrun for tutorial_taskflow_api_virtualenv to None, run_after=None
[2026-05-08T21:51:07.051+0000] {processor.py:208} INFO - Processing /home/airflow/.local/lib/python3.12/site-packages/airflow/example_dags/tutorial_taskflow_api_virtualenv.py took 0.076 seconds
[2026-05-08T21:51:38.321+0000] {processor.py:186} INFO - Started process (PID=10095) to work on /home/airflow/.local/lib/python3.12/site-packages/airflow/example_dags/tutorial_taskflow_api_virtualenv.py
[2026-05-08T21:51:38.322+0000] {processor.py:914} INFO - Processing file /home/airflow/.local/lib/python3.12/site-packages/airflow/example_dags/tutorial_taskflow_api_virtualenv.py for tasks to queue
[2026-05-08T21:51:38.324+0000] {logging_mixin.py:190} INFO - [2026-05-08T21:51:38.324+0000] {dagbag.py:588} INFO - Filling up the DagBag from /home/airflow/.local/lib/python3.12/site-packages/airflow/example_dags/tutorial_taskflow_api_virtualenv.py
[2026-05-08T21:51:38.335+0000] {processor.py:925} INFO - DAG(s) 'tutorial_taskflow_api_virtualenv' retrieved from /home/airflow/.local/lib/python3.12/site-packages/airflow/example_dags/tutorial_taskflow_api_virtualenv.py
[2026-05-08T21:51:38.358+0000] {logging_mixin.py:190} INFO - [2026-05-08T21:51:38.358+0000] {dag.py:3239} INFO - Sync 1 DAGs
[2026-05-08T21:51:38.375+0000] {logging_mixin.py:190} INFO - [2026-05-08T21:51:38.374+0000] {dag.py:4180} INFO - Setting next_dagrun for tutorial_taskflow_api_virtualenv to None, run_after=None
[2026-05-08T21:51:38.392+0000] {processor.py:208} INFO - Processing /home/airflow/.local/lib/python3.12/site-packages/airflow/example_dags/tutorial_taskflow_api_virtualenv.py took 0.075 seconds
[2026-05-08T21:52:09.596+0000] {processor.py:186} INFO - Started process (PID=10164) to work on /home/airflow/.local/lib/python3.12/site-packages/airflow/example_dags/tutorial_taskflow_api_virtualenv.py
[2026-05-08T21:52:09.596+0000] {processor.py:914} INFO - Processing file /home/airflow/.local/lib/python3.12/site-packages/airflow/example_dags/tutorial_taskflow_api_virtualenv.py for tasks to queue
[2026-05-08T21:52:09.598+0000] {logging_mixin.py:190} INFO - [2026-05-08T21:52:09.598+0000] {dagbag.py:588} INFO - Filling up the DagBag from /home/airflow/.local/lib/python3.12/site-packages/airflow/example_dags/tutorial_taskflow_api_virtualenv.py
[2026-05-08T21:52:09.608+0000] {processor.py:925} INFO - DAG(s) 'tutorial_taskflow_api_virtualenv' retrieved from /home/airflow/.local/lib/python3.12/site-packages/airflow/example_dags/tutorial_taskflow_api_virtualenv.py
[2026-05-08T21:52:09.623+0000] {logging_mixin.py:190} INFO - [2026-05-08T21:52:09.623+0000] {dag.py:3239} INFO - Sync 1 DAGs
[2026-05-08T21:52:09.634+0000] {logging_mixin.py:190} INFO - [2026-05-08T21:52:09.634+0000] {dag.py:4180} INFO - Setting next_dagrun for tutorial_taskflow_api_virtualenv to None, run_after=None
[2026-05-08T21:52:09.648+0000] {processor.py:208} INFO - Processing /home/airflow/.local/lib/python3.12/site-packages/airflow/example_dags/tutorial_taskflow_api_virtualenv.py took 0.057 seconds
[2026-05-08T21:52:40.976+0000] {processor.py:186} INFO - Started process (PID=10228) to work on /home/airflow/.local/lib/python3.12/site-packages/airflow/example_dags/tutorial_taskflow_api_virtualenv.py
[2026-05-08T21:52:40.977+0000] {processor.py:914} INFO - Processing file /home/airflow/.local/lib/python3.12/site-packages/airflow/example_dags/tutorial_taskflow_api_virtualenv.py for tasks to queue
[2026-05-08T21:52:40.979+0000] {logging_mixin.py:190} INFO - [2026-05-08T21:52:40.979+0000] {dagbag.py:588} INFO - Filling up the DagBag from /home/airflow/.local/lib/python3.12/site-packages/airflow/example_dags/tutorial_taskflow_api_virtualenv.py
[2026-05-08T21:52:40.992+0000] {processor.py:925} INFO - DAG(s) 'tutorial_taskflow_api_virtualenv' retrieved from /home/airflow/.local/lib/python3.12/site-packages/airflow/example_dags/tutorial_taskflow_api_virtualenv.py
[2026-05-08T21:52:41.008+0000] {logging_mixin.py:190} INFO - [2026-05-08T21:52:41.008+0000] {dag.py:3239} INFO - Sync 1 DAGs
[2026-05-08T21:52:41.020+0000] {logging_mixin.py:190} INFO - [2026-05-08T21:52:41.019+0000] {dag.py:4180} INFO - Setting next_dagrun for tutorial_taskflow_api_virtualenv to None, run_after=None
[2026-05-08T21:52:41.033+0000] {processor.py:208} INFO - Processing /home/airflow/.local/lib/python3.12/site-packages/airflow/example_dags/tutorial_taskflow_api_virtualenv.py took 0.064 seconds
[2026-05-08T21:53:11.860+0000] {processor.py:186} INFO - Started process (PID=10292) to work on /home/airflow/.local/lib/python3.12/site-packages/airflow/example_dags/tutorial_taskflow_api_virtualenv.py
[2026-05-08T21:53:11.861+0000] {processor.py:914} INFO - Processing file /home/airflow/.local/lib/python3.12/site-packages/airflow/example_dags/tutorial_taskflow_api_virtualenv.py for tasks to queue
[2026-05-08T21:53:11.863+0000] {logging_mixin.py:190} INFO - [2026-05-08T21:53:11.863+0000] {dagbag.py:588} INFO - Filling up the DagBag from /home/airflow/.local/lib/python3.12/site-packages/airflow/example_dags/tutorial_taskflow_api_virtualenv.py
[2026-05-08T21:53:11.876+0000] {processor.py:925} INFO - DAG(s) 'tutorial_taskflow_api_virtualenv' retrieved from /home/airflow/.local/lib/python3.12/site-packages/airflow/example_dags/tutorial_taskflow_api_virtualenv.py
[2026-05-08T21:53:11.894+0000] {logging_mixin.py:190} INFO - [2026-05-08T21:53:11.894+0000] {dag.py:3239} INFO - Sync 1 DAGs
[2026-05-08T21:53:11.905+0000] {logging_mixin.py:190} INFO - [2026-05-08T21:53:11.905+0000] {dag.py:4180} INFO - Setting next_dagrun for tutorial_taskflow_api_virtualenv to None, run_after=None
[2026-05-08T21:53:11.919+0000] {processor.py:208} INFO - Processing /home/airflow/.local/lib/python3.12/site-packages/airflow/example_dags/tutorial_taskflow_api_virtualenv.py took 0.064 seconds
[2026-05-08T21:53:42.704+0000] {processor.py:186} INFO - Started process (PID=10356) to work on /home/airflow/.local/lib/python3.12/site-packages/airflow/example_dags/tutorial_taskflow_api_virtualenv.py
[2026-05-08T21:53:42.705+0000] {processor.py:914} INFO - Processing file /home/airflow/.local/lib/python3.12/site-packages/airflow/example_dags/tutorial_taskflow_api_virtualenv.py for tasks to queue
[2026-05-08T21:53:42.707+0000] {logging_mixin.py:190} INFO - [2026-05-08T21:53:42.706+0000] {dagbag.py:588} INFO - Filling up the DagBag from /home/airflow/.local/lib/python3.12/site-packages/airflow/example_dags/tutorial_taskflow_api_virtualenv.py
[2026-05-08T21:53:42.721+0000] {processor.py:925} INFO - DAG(s) 'tutorial_taskflow_api_virtualenv' retrieved from /home/airflow/.local/lib/python3.12/site-packages/airflow/example_dags/tutorial_taskflow_api_virtualenv.py
[2026-05-08T21:53:42.739+0000] {logging_mixin.py:190} INFO - [2026-05-08T21:53:42.738+0000] {dag.py:3239} INFO - Sync 1 DAGs
[2026-05-08T21:53:42.751+0000] {logging_mixin.py:190} INFO - [2026-05-08T21:53:42.751+0000] {dag.py:4180} INFO - Setting next_dagrun for tutorial_taskflow_api_virtualenv to None, run_after=None
[2026-05-08T21:53:42.768+0000] {processor.py:208} INFO - Processing /home/airflow/.local/lib/python3.12/site-packages/airflow/example_dags/tutorial_taskflow_api_virtualenv.py took 0.069 seconds
[2026-05-08T21:54:13.452+0000] {processor.py:186} INFO - Started process (PID=10420) to work on /home/airflow/.local/lib/python3.12/site-packages/airflow/example_dags/tutorial_taskflow_api_virtualenv.py
[2026-05-08T21:54:13.453+0000] {processor.py:914} INFO - Processing file /home/airflow/.local/lib/python3.12/site-packages/airflow/example_dags/tutorial_taskflow_api_virtualenv.py for tasks to queue
[2026-05-08T21:54:13.455+0000] {logging_mixin.py:190} INFO - [2026-05-08T21:54:13.455+0000] {dagbag.py:588} INFO - Filling up the DagBag from /home/airflow/.local/lib/python3.12/site-packages/airflow/example_dags/tutorial_taskflow_api_virtualenv.py
[2026-05-08T21:54:13.464+0000] {processor.py:925} INFO - DAG(s) 'tutorial_taskflow_api_virtualenv' retrieved from /home/airflow/.local/lib/python3.12/site-packages/airflow/example_dags/tutorial_taskflow_api_virtualenv.py
[2026-05-08T21:54:13.483+0000] {logging_mixin.py:190} INFO - [2026-05-08T21:54:13.483+0000] {dag.py:3239} INFO - Sync 1 DAGs
[2026-05-08T21:54:13.497+0000] {logging_mixin.py:190} INFO - [2026-05-08T21:54:13.497+0000] {dag.py:4180} INFO - Setting next_dagrun for tutorial_taskflow_api_virtualenv to None, run_after=None
[2026-05-08T21:54:13.511+0000] {processor.py:208} INFO - Processing /home/airflow/.local/lib/python3.12/site-packages/airflow/example_dags/tutorial_taskflow_api_virtualenv.py took 0.063 seconds
[2026-05-08T21:54:44.394+0000] {processor.py:186} INFO - Started process (PID=10484) to work on /home/airflow/.local/lib/python3.12/site-packages/airflow/example_dags/tutorial_taskflow_api_virtualenv.py
[2026-05-08T21:54:44.395+0000] {processor.py:914} INFO - Processing file /home/airflow/.local/lib/python3.12/site-packages/airflow/example_dags/tutorial_taskflow_api_virtualenv.py for tasks to queue
[2026-05-08T21:54:44.397+0000] {logging_mixin.py:190} INFO - [2026-05-08T21:54:44.397+0000] {dagbag.py:588} INFO - Filling up the DagBag from /home/airflow/.local/lib/python3.12/site-packages/airflow/example_dags/tutorial_taskflow_api_virtualenv.py
[2026-05-08T21:54:44.411+0000] {processor.py:925} INFO - DAG(s) 'tutorial_taskflow_api_virtualenv' retrieved from /home/airflow/.local/lib/python3.12/site-packages/airflow/example_dags/tutorial_taskflow_api_virtualenv.py
[2026-05-08T21:54:44.430+0000] {logging_mixin.py:190} INFO - [2026-05-08T21:54:44.429+0000] {dag.py:3239} INFO - Sync 1 DAGs
[2026-05-08T21:54:44.441+0000] {logging_mixin.py:190} INFO - [2026-05-08T21:54:44.441+0000] {dag.py:4180} INFO - Setting next_dagrun for tutorial_taskflow_api_virtualenv to None, run_after=None
[2026-05-08T21:54:44.456+0000] {processor.py:208} INFO - Processing /home/airflow/.local/lib/python3.12/site-packages/airflow/example_dags/tutorial_taskflow_api_virtualenv.py took 0.068 seconds
[2026-05-08T21:55:16.603+0000] {processor.py:186} INFO - Started process (PID=10548) to work on /home/airflow/.local/lib/python3.12/site-packages/airflow/example_dags/tutorial_taskflow_api_virtualenv.py
[2026-05-08T21:55:16.604+0000] {processor.py:914} INFO - Processing file /home/airflow/.local/lib/python3.12/site-packages/airflow/example_dags/tutorial_taskflow_api_virtualenv.py for tasks to queue
[2026-05-08T21:55:16.606+0000] {logging_mixin.py:190} INFO - [2026-05-08T21:55:16.605+0000] {dagbag.py:588} INFO - Filling up the DagBag from /home/airflow/.local/lib/python3.12/site-packages/airflow/example_dags/tutorial_taskflow_api_virtualenv.py
[2026-05-08T21:55:16.616+0000] {processor.py:925} INFO - DAG(s) 'tutorial_taskflow_api_virtualenv' retrieved from /home/airflow/.local/lib/python3.12/site-packages/airflow/example_dags/tutorial_taskflow_api_virtualenv.py
[2026-05-08T21:55:16.631+0000] {logging_mixin.py:190} INFO - [2026-05-08T21:55:16.631+0000] {dag.py:3239} INFO - Sync 1 DAGs
[2026-05-08T21:55:16.644+0000] {logging_mixin.py:190} INFO - [2026-05-08T21:55:16.644+0000] {dag.py:4180} INFO - Setting next_dagrun for tutorial_taskflow_api_virtualenv to None, run_after=None
[2026-05-08T21:55:16.659+0000] {processor.py:208} INFO - Processing /home/airflow/.local/lib/python3.12/site-packages/airflow/example_dags/tutorial_taskflow_api_virtualenv.py took 0.061 seconds
[2026-05-08T21:55:47.327+0000] {processor.py:186} INFO - Started process (PID=10612) to work on /home/airflow/.local/lib/python3.12/site-packages/airflow/example_dags/tutorial_taskflow_api_virtualenv.py
[2026-05-08T21:55:47.327+0000] {processor.py:914} INFO - Processing file /home/airflow/.local/lib/python3.12/site-packages/airflow/example_dags/tutorial_taskflow_api_virtualenv.py for tasks to queue
[2026-05-08T21:55:47.329+0000] {logging_mixin.py:190} INFO - [2026-05-08T21:55:47.328+0000] {dagbag.py:588} INFO - Filling up the DagBag from /home/airflow/.local/lib/python3.12/site-packages/airflow/example_dags/tutorial_taskflow_api_virtualenv.py
[2026-05-08T21:55:47.340+0000] {processor.py:925} INFO - DAG(s) 'tutorial_taskflow_api_virtualenv' retrieved from /home/airflow/.local/lib/python3.12/site-packages/airflow/example_dags/tutorial_taskflow_api_virtualenv.py
[2026-05-08T21:55:47.358+0000] {logging_mixin.py:190} INFO - [2026-05-08T21:55:47.358+0000] {dag.py:3239} INFO - Sync 1 DAGs
[2026-05-08T21:55:47.532+0000] {logging_mixin.py:190} INFO - [2026-05-08T21:55:47.532+0000] {dag.py:4180} INFO - Setting next_dagrun for tutorial_taskflow_api_virtualenv to None, run_after=None
[2026-05-08T21:55:47.551+0000] {processor.py:208} INFO - Processing /home/airflow/.local/lib/python3.12/site-packages/airflow/example_dags/tutorial_taskflow_api_virtualenv.py took 0.228 seconds
[2026-05-08T21:56:17.646+0000] {processor.py:186} INFO - Started process (PID=10676) to work on /home/airflow/.local/lib/python3.12/site-packages/airflow/example_dags/tutorial_taskflow_api_virtualenv.py
[2026-05-08T21:56:17.647+0000] {processor.py:914} INFO - Processing file /home/airflow/.local/lib/python3.12/site-packages/airflow/example_dags/tutorial_taskflow_api_virtualenv.py for tasks to queue
[2026-05-08T21:56:17.649+0000] {logging_mixin.py:190} INFO - [2026-05-08T21:56:17.649+0000] {dagbag.py:588} INFO - Filling up the DagBag from /home/airflow/.local/lib/python3.12/site-packages/airflow/example_dags/tutorial_taskflow_api_virtualenv.py
[2026-05-08T21:56:17.663+0000] {processor.py:925} INFO - DAG(s) 'tutorial_taskflow_api_virtualenv' retrieved from /home/airflow/.local/lib/python3.12/site-packages/airflow/example_dags/tutorial_taskflow_api_virtualenv.py
[2026-05-08T21:56:17.680+0000] {logging_mixin.py:190} INFO - [2026-05-08T21:56:17.680+0000] {dag.py:3239} INFO - Sync 1 DAGs
[2026-05-08T21:56:17.692+0000] {logging_mixin.py:190} INFO - [2026-05-08T21:56:17.692+0000] {dag.py:4180} INFO - Setting next_dagrun for tutorial_taskflow_api_virtualenv to None, run_after=None
[2026-05-08T21:56:17.860+0000] {processor.py:208} INFO - Processing /home/airflow/.local/lib/python3.12/site-packages/airflow/example_dags/tutorial_taskflow_api_virtualenv.py took 0.219 seconds
[2026-05-08T21:56:48.045+0000] {processor.py:186} INFO - Started process (PID=10740) to work on /home/airflow/.local/lib/python3.12/site-packages/airflow/example_dags/tutorial_taskflow_api_virtualenv.py
[2026-05-08T21:56:48.046+0000] {processor.py:914} INFO - Processing file /home/airflow/.local/lib/python3.12/site-packages/airflow/example_dags/tutorial_taskflow_api_virtualenv.py for tasks to queue
[2026-05-08T21:56:48.047+0000] {logging_mixin.py:190} INFO - [2026-05-08T21:56:48.047+0000] {dagbag.py:588} INFO - Filling up the DagBag from /home/airflow/.local/lib/python3.12/site-packages/airflow/example_dags/tutorial_taskflow_api_virtualenv.py
[2026-05-08T21:56:48.057+0000] {processor.py:925} INFO - DAG(s) 'tutorial_taskflow_api_virtualenv' retrieved from /home/airflow/.local/lib/python3.12/site-packages/airflow/example_dags/tutorial_taskflow_api_virtualenv.py
[2026-05-08T21:56:48.071+0000] {logging_mixin.py:190} INFO - [2026-05-08T21:56:48.071+0000] {dag.py:3239} INFO - Sync 1 DAGs
[2026-05-08T21:56:48.083+0000] {logging_mixin.py:190} INFO - [2026-05-08T21:56:48.082+0000] {dag.py:4180} INFO - Setting next_dagrun for tutorial_taskflow_api_virtualenv to None, run_after=None
[2026-05-08T21:56:48.096+0000] {processor.py:208} INFO - Processing /home/airflow/.local/lib/python3.12/site-packages/airflow/example_dags/tutorial_taskflow_api_virtualenv.py took 0.057 seconds
[2026-05-08T21:57:20.052+0000] {processor.py:186} INFO - Started process (PID=10803) to work on /home/airflow/.local/lib/python3.12/site-packages/airflow/example_dags/tutorial_taskflow_api_virtualenv.py
[2026-05-08T21:57:20.053+0000] {processor.py:914} INFO - Processing file /home/airflow/.local/lib/python3.12/site-packages/airflow/example_dags/tutorial_taskflow_api_virtualenv.py for tasks to queue
[2026-05-08T21:57:20.055+0000] {logging_mixin.py:190} INFO - [2026-05-08T21:57:20.055+0000] {dagbag.py:588} INFO - Filling up the DagBag from /home/airflow/.local/lib/python3.12/site-packages/airflow/example_dags/tutorial_taskflow_api_virtualenv.py
[2026-05-08T21:57:20.065+0000] {processor.py:925} INFO - DAG(s) 'tutorial_taskflow_api_virtualenv' retrieved from /home/airflow/.local/lib/python3.12/site-packages/airflow/example_dags/tutorial_taskflow_api_virtualenv.py
[2026-05-08T21:57:20.081+0000] {logging_mixin.py:190} INFO - [2026-05-08T21:57:20.081+0000] {dag.py:3239} INFO - Sync 1 DAGs
[2026-05-08T21:57:20.094+0000] {logging_mixin.py:190} INFO - [2026-05-08T21:57:20.094+0000] {dag.py:4180} INFO - Setting next_dagrun for tutorial_taskflow_api_virtualenv to None, run_after=None
[2026-05-08T21:57:20.111+0000] {processor.py:208} INFO - Processing /home/airflow/.local/lib/python3.12/site-packages/airflow/example_dags/tutorial_taskflow_api_virtualenv.py took 0.063 seconds
[2026-05-08T21:57:50.685+0000] {processor.py:186} INFO - Started process (PID=10867) to work on /home/airflow/.local/lib/python3.12/site-packages/airflow/example_dags/tutorial_taskflow_api_virtualenv.py
[2026-05-08T21:57:50.686+0000] {processor.py:914} INFO - Processing file /home/airflow/.local/lib/python3.12/site-packages/airflow/example_dags/tutorial_taskflow_api_virtualenv.py for tasks to queue
[2026-05-08T21:57:50.687+0000] {logging_mixin.py:190} INFO - [2026-05-08T21:57:50.687+0000] {dagbag.py:588} INFO - Filling up the DagBag from /home/airflow/.local/lib/python3.12/site-packages/airflow/example_dags/tutorial_taskflow_api_virtualenv.py
[2026-05-08T21:57:50.697+0000] {processor.py:925} INFO - DAG(s) 'tutorial_taskflow_api_virtualenv' retrieved from /home/airflow/.local/lib/python3.12/site-packages/airflow/example_dags/tutorial_taskflow_api_virtualenv.py
[2026-05-08T21:57:50.712+0000] {logging_mixin.py:190} INFO - [2026-05-08T21:57:50.712+0000] {dag.py:3239} INFO - Sync 1 DAGs
[2026-05-08T21:57:50.724+0000] {logging_mixin.py:190} INFO - [2026-05-08T21:57:50.723+0000] {dag.py:4180} INFO - Setting next_dagrun for tutorial_taskflow_api_virtualenv to None, run_after=None
[2026-05-08T21:57:50.737+0000] {processor.py:208} INFO - Processing /home/airflow/.local/lib/python3.12/site-packages/airflow/example_dags/tutorial_taskflow_api_virtualenv.py took 0.057 seconds
[2026-05-08T21:58:21.803+0000] {processor.py:186} INFO - Started process (PID=10931) to work on /home/airflow/.local/lib/python3.12/site-packages/airflow/example_dags/tutorial_taskflow_api_virtualenv.py
[2026-05-08T21:58:21.804+0000] {processor.py:914} INFO - Processing file /home/airflow/.local/lib/python3.12/site-packages/airflow/example_dags/tutorial_taskflow_api_virtualenv.py for tasks to queue
[2026-05-08T21:58:21.805+0000] {logging_mixin.py:190} INFO - [2026-05-08T21:58:21.805+0000] {dagbag.py:588} INFO - Filling up the DagBag from /home/airflow/.local/lib/python3.12/site-packages/airflow/example_dags/tutorial_taskflow_api_virtualenv.py
[2026-05-08T21:58:21.816+0000] {processor.py:925} INFO - DAG(s) 'tutorial_taskflow_api_virtualenv' retrieved from /home/airflow/.local/lib/python3.12/site-packages/airflow/example_dags/tutorial_taskflow_api_virtualenv.py
[2026-05-08T21:58:21.831+0000] {logging_mixin.py:190} INFO - [2026-05-08T21:58:21.831+0000] {dag.py:3239} INFO - Sync 1 DAGs
[2026-05-08T21:58:21.844+0000] {logging_mixin.py:190} INFO - [2026-05-08T21:58:21.844+0000] {dag.py:4180} INFO - Setting next_dagrun for tutorial_taskflow_api_virtualenv to None, run_after=None
[2026-05-08T21:58:21.860+0000] {processor.py:208} INFO - Processing /home/airflow/.local/lib/python3.12/site-packages/airflow/example_dags/tutorial_taskflow_api_virtualenv.py took 0.062 seconds
[2026-05-08T21:58:53.244+0000] {processor.py:186} INFO - Started process (PID=10997) to work on /home/airflow/.local/lib/python3.12/site-packages/airflow/example_dags/tutorial_taskflow_api_virtualenv.py
[2026-05-08T21:58:53.244+0000] {processor.py:914} INFO - Processing file /home/airflow/.local/lib/python3.12/site-packages/airflow/example_dags/tutorial_taskflow_api_virtualenv.py for tasks to queue
[2026-05-08T21:58:53.246+0000] {logging_mixin.py:190} INFO - [2026-05-08T21:58:53.246+0000] {dagbag.py:588} INFO - Filling up the DagBag from /home/airflow/.local/lib/python3.12/site-packages/airflow/example_dags/tutorial_taskflow_api_virtualenv.py
[2026-05-08T21:58:53.256+0000] {processor.py:925} INFO - DAG(s) 'tutorial_taskflow_api_virtualenv' retrieved from /home/airflow/.local/lib/python3.12/site-packages/airflow/example_dags/tutorial_taskflow_api_virtualenv.py
[2026-05-08T21:58:53.276+0000] {logging_mixin.py:190} INFO - [2026-05-08T21:58:53.276+0000] {dag.py:3239} INFO - Sync 1 DAGs
[2026-05-08T21:58:53.288+0000] {logging_mixin.py:190} INFO - [2026-05-08T21:58:53.288+0000] {dag.py:4180} INFO - Setting next_dagrun for tutorial_taskflow_api_virtualenv to None, run_after=None
[2026-05-08T21:58:53.301+0000] {processor.py:208} INFO - Processing /home/airflow/.local/lib/python3.12/site-packages/airflow/example_dags/tutorial_taskflow_api_virtualenv.py took 0.062 seconds
[2026-05-08T21:59:24.449+0000] {processor.py:186} INFO - Started process (PID=11061) to work on /home/airflow/.local/lib/python3.12/site-packages/airflow/example_dags/tutorial_taskflow_api_virtualenv.py
[2026-05-08T21:59:24.450+0000] {processor.py:914} INFO - Processing file /home/airflow/.local/lib/python3.12/site-packages/airflow/example_dags/tutorial_taskflow_api_virtualenv.py for tasks to queue
[2026-05-08T21:59:24.451+0000] {logging_mixin.py:190} INFO - [2026-05-08T21:59:24.451+0000] {dagbag.py:588} INFO - Filling up the DagBag from /home/airflow/.local/lib/python3.12/site-packages/airflow/example_dags/tutorial_taskflow_api_virtualenv.py
[2026-05-08T21:59:24.462+0000] {processor.py:925} INFO - DAG(s) 'tutorial_taskflow_api_virtualenv' retrieved from /home/airflow/.local/lib/python3.12/site-packages/airflow/example_dags/tutorial_taskflow_api_virtualenv.py
[2026-05-08T21:59:24.479+0000] {logging_mixin.py:190} INFO - [2026-05-08T21:59:24.478+0000] {dag.py:3239} INFO - Sync 1 DAGs
[2026-05-08T21:59:24.491+0000] {logging_mixin.py:190} INFO - [2026-05-08T21:59:24.491+0000] {dag.py:4180} INFO - Setting next_dagrun for tutorial_taskflow_api_virtualenv to None, run_after=None
[2026-05-08T21:59:24.504+0000] {processor.py:208} INFO - Processing /home/airflow/.local/lib/python3.12/site-packages/airflow/example_dags/tutorial_taskflow_api_virtualenv.py took 0.060 seconds
[2026-05-08T21:59:55.688+0000] {processor.py:186} INFO - Started process (PID=11125) to work on /home/airflow/.local/lib/python3.12/site-packages/airflow/example_dags/tutorial_taskflow_api_virtualenv.py
[2026-05-08T21:59:55.689+0000] {processor.py:914} INFO - Processing file /home/airflow/.local/lib/python3.12/site-packages/airflow/example_dags/tutorial_taskflow_api_virtualenv.py for tasks to queue
[2026-05-08T21:59:55.690+0000] {logging_mixin.py:190} INFO - [2026-05-08T21:59:55.690+0000] {dagbag.py:588} INFO - Filling up the DagBag from /home/airflow/.local/lib/python3.12/site-packages/airflow/example_dags/tutorial_taskflow_api_virtualenv.py
[2026-05-08T21:59:55.700+0000] {processor.py:925} INFO - DAG(s) 'tutorial_taskflow_api_virtualenv' retrieved from /home/airflow/.local/lib/python3.12/site-packages/airflow/example_dags/tutorial_taskflow_api_virtualenv.py
[2026-05-08T21:59:55.717+0000] {logging_mixin.py:190} INFO - [2026-05-08T21:59:55.717+0000] {dag.py:3239} INFO - Sync 1 DAGs
[2026-05-08T21:59:55.731+0000] {logging_mixin.py:190} INFO - [2026-05-08T21:59:55.731+0000] {dag.py:4180} INFO - Setting next_dagrun for tutorial_taskflow_api_virtualenv to None, run_after=None
[2026-05-08T21:59:55.745+0000] {processor.py:208} INFO - Processing /home/airflow/.local/lib/python3.12/site-packages/airflow/example_dags/tutorial_taskflow_api_virtualenv.py took 0.062 seconds
[2026-05-08T22:00:27.416+0000] {processor.py:186} INFO - Started process (PID=11189) to work on /home/airflow/.local/lib/python3.12/site-packages/airflow/example_dags/tutorial_taskflow_api_virtualenv.py
[2026-05-08T22:00:27.417+0000] {processor.py:914} INFO - Processing file /home/airflow/.local/lib/python3.12/site-packages/airflow/example_dags/tutorial_taskflow_api_virtualenv.py for tasks to queue
[2026-05-08T22:00:27.422+0000] {logging_mixin.py:190} INFO - [2026-05-08T22:00:27.422+0000] {dagbag.py:588} INFO - Filling up the DagBag from /home/airflow/.local/lib/python3.12/site-packages/airflow/example_dags/tutorial_taskflow_api_virtualenv.py
[2026-05-08T22:00:27.452+0000] {processor.py:925} INFO - DAG(s) 'tutorial_taskflow_api_virtualenv' retrieved from /home/airflow/.local/lib/python3.12/site-packages/airflow/example_dags/tutorial_taskflow_api_virtualenv.py
[2026-05-08T22:00:27.474+0000] {logging_mixin.py:190} INFO - [2026-05-08T22:00:27.473+0000] {dag.py:3239} INFO - Sync 1 DAGs
[2026-05-08T22:00:27.495+0000] {logging_mixin.py:190} INFO - [2026-05-08T22:00:27.495+0000] {dag.py:4180} INFO - Setting next_dagrun for tutorial_taskflow_api_virtualenv to None, run_after=None
[2026-05-08T22:00:27.521+0000] {processor.py:208} INFO - Processing /home/airflow/.local/lib/python3.12/site-packages/airflow/example_dags/tutorial_taskflow_api_virtualenv.py took 0.127 seconds
[2026-05-08T22:00:57.894+0000] {processor.py:186} INFO - Started process (PID=11253) to work on /home/airflow/.local/lib/python3.12/site-packages/airflow/example_dags/tutorial_taskflow_api_virtualenv.py
[2026-05-08T22:00:57.895+0000] {processor.py:914} INFO - Processing file /home/airflow/.local/lib/python3.12/site-packages/airflow/example_dags/tutorial_taskflow_api_virtualenv.py for tasks to queue
[2026-05-08T22:00:57.897+0000] {logging_mixin.py:190} INFO - [2026-05-08T22:00:57.896+0000] {dagbag.py:588} INFO - Filling up the DagBag from /home/airflow/.local/lib/python3.12/site-packages/airflow/example_dags/tutorial_taskflow_api_virtualenv.py
[2026-05-08T22:00:57.911+0000] {processor.py:925} INFO - DAG(s) 'tutorial_taskflow_api_virtualenv' retrieved from /home/airflow/.local/lib/python3.12/site-packages/airflow/example_dags/tutorial_taskflow_api_virtualenv.py
[2026-05-08T22:00:57.941+0000] {logging_mixin.py:190} INFO - [2026-05-08T22:00:57.941+0000] {dag.py:3239} INFO - Sync 1 DAGs
[2026-05-08T22:00:57.964+0000] {logging_mixin.py:190} INFO - [2026-05-08T22:00:57.964+0000] {dag.py:4180} INFO - Setting next_dagrun for tutorial_taskflow_api_virtualenv to None, run_after=None
[2026-05-08T22:00:57.997+0000] {processor.py:208} INFO - Processing /home/airflow/.local/lib/python3.12/site-packages/airflow/example_dags/tutorial_taskflow_api_virtualenv.py took 0.110 seconds
[2026-05-08T22:01:29.223+0000] {processor.py:186} INFO - Started process (PID=11317) to work on /home/airflow/.local/lib/python3.12/site-packages/airflow/example_dags/tutorial_taskflow_api_virtualenv.py
[2026-05-08T22:01:29.224+0000] {processor.py:914} INFO - Processing file /home/airflow/.local/lib/python3.12/site-packages/airflow/example_dags/tutorial_taskflow_api_virtualenv.py for tasks to queue
[2026-05-08T22:01:29.226+0000] {logging_mixin.py:190} INFO - [2026-05-08T22:01:29.226+0000] {dagbag.py:588} INFO - Filling up the DagBag from /home/airflow/.local/lib/python3.12/site-packages/airflow/example_dags/tutorial_taskflow_api_virtualenv.py
[2026-05-08T22:01:29.237+0000] {processor.py:925} INFO - DAG(s) 'tutorial_taskflow_api_virtualenv' retrieved from /home/airflow/.local/lib/python3.12/site-packages/airflow/example_dags/tutorial_taskflow_api_virtualenv.py
[2026-05-08T22:01:29.252+0000] {logging_mixin.py:190} INFO - [2026-05-08T22:01:29.252+0000] {dag.py:3239} INFO - Sync 1 DAGs
[2026-05-08T22:01:29.265+0000] {logging_mixin.py:190} INFO - [2026-05-08T22:01:29.265+0000] {dag.py:4180} INFO - Setting next_dagrun for tutorial_taskflow_api_virtualenv to None, run_after=None
[2026-05-08T22:01:29.282+0000] {processor.py:208} INFO - Processing /home/airflow/.local/lib/python3.12/site-packages/airflow/example_dags/tutorial_taskflow_api_virtualenv.py took 0.063 seconds
[2026-05-08T22:02:00.005+0000] {processor.py:186} INFO - Started process (PID=11381) to work on /home/airflow/.local/lib/python3.12/site-packages/airflow/example_dags/tutorial_taskflow_api_virtualenv.py
[2026-05-08T22:02:00.005+0000] {processor.py:914} INFO - Processing file /home/airflow/.local/lib/python3.12/site-packages/airflow/example_dags/tutorial_taskflow_api_virtualenv.py for tasks to queue
[2026-05-08T22:02:00.007+0000] {logging_mixin.py:190} INFO - [2026-05-08T22:02:00.007+0000] {dagbag.py:588} INFO - Filling up the DagBag from /home/airflow/.local/lib/python3.12/site-packages/airflow/example_dags/tutorial_taskflow_api_virtualenv.py
[2026-05-08T22:02:00.016+0000] {processor.py:925} INFO - DAG(s) 'tutorial_taskflow_api_virtualenv' retrieved from /home/airflow/.local/lib/python3.12/site-packages/airflow/example_dags/tutorial_taskflow_api_virtualenv.py
[2026-05-08T22:02:00.032+0000] {logging_mixin.py:190} INFO - [2026-05-08T22:02:00.032+0000] {dag.py:3239} INFO - Sync 1 DAGs
[2026-05-08T22:02:00.043+0000] {logging_mixin.py:190} INFO - [2026-05-08T22:02:00.043+0000] {dag.py:4180} INFO - Setting next_dagrun for tutorial_taskflow_api_virtualenv to None, run_after=None
[2026-05-08T22:02:00.056+0000] {processor.py:208} INFO - Processing /home/airflow/.local/lib/python3.12/site-packages/airflow/example_dags/tutorial_taskflow_api_virtualenv.py took 0.056 seconds
