[2026-05-08T20:31:25.337+0000] {processor.py:186} INFO - Started process (PID=120) to work on /home/airflow/.local/lib/python3.12/site-packages/airflow/example_dags/tutorial.py
[2026-05-08T20:31:25.338+0000] {processor.py:914} INFO - Processing file /home/airflow/.local/lib/python3.12/site-packages/airflow/example_dags/tutorial.py for tasks to queue
[2026-05-08T20:31:25.340+0000] {logging_mixin.py:190} INFO - [2026-05-08T20:31:25.340+0000] {dagbag.py:588} INFO - Filling up the DagBag from /home/airflow/.local/lib/python3.12/site-packages/airflow/example_dags/tutorial.py
[2026-05-08T20:31:25.352+0000] {processor.py:925} INFO - DAG(s) 'tutorial' retrieved from /home/airflow/.local/lib/python3.12/site-packages/airflow/example_dags/tutorial.py
[2026-05-08T20:31:25.394+0000] {logging_mixin.py:190} INFO - [2026-05-08T20:31:25.394+0000] {dag.py:3239} INFO - Sync 1 DAGs
[2026-05-08T20:31:25.414+0000] {logging_mixin.py:190} INFO - [2026-05-08T20:31:25.414+0000] {dag.py:4180} INFO - Setting next_dagrun for tutorial to 2026-05-07 00:00:00+00:00, run_after=2026-05-08 00:00:00+00:00
[2026-05-08T20:31:25.519+0000] {processor.py:208} INFO - Processing /home/airflow/.local/lib/python3.12/site-packages/airflow/example_dags/tutorial.py took 0.188 seconds
[2026-05-08T20:31:55.603+0000] {processor.py:186} INFO - Started process (PID=183) to work on /home/airflow/.local/lib/python3.12/site-packages/airflow/example_dags/tutorial.py
[2026-05-08T20:31:55.604+0000] {processor.py:914} INFO - Processing file /home/airflow/.local/lib/python3.12/site-packages/airflow/example_dags/tutorial.py for tasks to queue
[2026-05-08T20:31:55.606+0000] {logging_mixin.py:190} INFO - [2026-05-08T20:31:55.605+0000] {dagbag.py:588} INFO - Filling up the DagBag from /home/airflow/.local/lib/python3.12/site-packages/airflow/example_dags/tutorial.py
[2026-05-08T20:31:55.611+0000] {processor.py:925} INFO - DAG(s) 'tutorial' retrieved from /home/airflow/.local/lib/python3.12/site-packages/airflow/example_dags/tutorial.py
[2026-05-08T20:31:55.628+0000] {logging_mixin.py:190} INFO - [2026-05-08T20:31:55.628+0000] {dag.py:3239} INFO - Sync 1 DAGs
[2026-05-08T20:31:55.653+0000] {logging_mixin.py:190} INFO - [2026-05-08T20:31:55.652+0000] {dag.py:4180} INFO - Setting next_dagrun for tutorial to 2026-05-07 00:00:00+00:00, run_after=2026-05-08 00:00:00+00:00
[2026-05-08T20:31:55.667+0000] {processor.py:208} INFO - Processing /home/airflow/.local/lib/python3.12/site-packages/airflow/example_dags/tutorial.py took 0.068 seconds
[2026-05-08T20:32:26.090+0000] {processor.py:186} INFO - Started process (PID=247) to work on /home/airflow/.local/lib/python3.12/site-packages/airflow/example_dags/tutorial.py
[2026-05-08T20:32:26.091+0000] {processor.py:914} INFO - Processing file /home/airflow/.local/lib/python3.12/site-packages/airflow/example_dags/tutorial.py for tasks to queue
[2026-05-08T20:32:26.093+0000] {logging_mixin.py:190} INFO - [2026-05-08T20:32:26.093+0000] {dagbag.py:588} INFO - Filling up the DagBag from /home/airflow/.local/lib/python3.12/site-packages/airflow/example_dags/tutorial.py
[2026-05-08T20:32:26.102+0000] {processor.py:925} INFO - DAG(s) 'tutorial' retrieved from /home/airflow/.local/lib/python3.12/site-packages/airflow/example_dags/tutorial.py
[2026-05-08T20:32:26.132+0000] {logging_mixin.py:190} INFO - [2026-05-08T20:32:26.131+0000] {dag.py:3239} INFO - Sync 1 DAGs
[2026-05-08T20:32:26.161+0000] {logging_mixin.py:190} INFO - [2026-05-08T20:32:26.160+0000] {dag.py:4180} INFO - Setting next_dagrun for tutorial to 2026-05-07 00:00:00+00:00, run_after=2026-05-08 00:00:00+00:00
[2026-05-08T20:32:26.178+0000] {processor.py:208} INFO - Processing /home/airflow/.local/lib/python3.12/site-packages/airflow/example_dags/tutorial.py took 0.095 seconds
[2026-05-08T20:32:56.588+0000] {processor.py:186} INFO - Started process (PID=311) to work on /home/airflow/.local/lib/python3.12/site-packages/airflow/example_dags/tutorial.py
[2026-05-08T20:32:56.589+0000] {processor.py:914} INFO - Processing file /home/airflow/.local/lib/python3.12/site-packages/airflow/example_dags/tutorial.py for tasks to queue
[2026-05-08T20:32:56.590+0000] {logging_mixin.py:190} INFO - [2026-05-08T20:32:56.590+0000] {dagbag.py:588} INFO - Filling up the DagBag from /home/airflow/.local/lib/python3.12/site-packages/airflow/example_dags/tutorial.py
[2026-05-08T20:32:56.597+0000] {processor.py:925} INFO - DAG(s) 'tutorial' retrieved from /home/airflow/.local/lib/python3.12/site-packages/airflow/example_dags/tutorial.py
[2026-05-08T20:32:56.611+0000] {logging_mixin.py:190} INFO - [2026-05-08T20:32:56.611+0000] {dag.py:3239} INFO - Sync 1 DAGs
[2026-05-08T20:32:56.629+0000] {logging_mixin.py:190} INFO - [2026-05-08T20:32:56.629+0000] {dag.py:4180} INFO - Setting next_dagrun for tutorial to 2026-05-07 00:00:00+00:00, run_after=2026-05-08 00:00:00+00:00
[2026-05-08T20:32:56.644+0000] {processor.py:208} INFO - Processing /home/airflow/.local/lib/python3.12/site-packages/airflow/example_dags/tutorial.py took 0.060 seconds
[2026-05-08T20:33:27.899+0000] {processor.py:186} INFO - Started process (PID=375) to work on /home/airflow/.local/lib/python3.12/site-packages/airflow/example_dags/tutorial.py
[2026-05-08T20:33:27.900+0000] {processor.py:914} INFO - Processing file /home/airflow/.local/lib/python3.12/site-packages/airflow/example_dags/tutorial.py for tasks to queue
[2026-05-08T20:33:27.902+0000] {logging_mixin.py:190} INFO - [2026-05-08T20:33:27.902+0000] {dagbag.py:588} INFO - Filling up the DagBag from /home/airflow/.local/lib/python3.12/site-packages/airflow/example_dags/tutorial.py
[2026-05-08T20:33:27.911+0000] {processor.py:925} INFO - DAG(s) 'tutorial' retrieved from /home/airflow/.local/lib/python3.12/site-packages/airflow/example_dags/tutorial.py
[2026-05-08T20:33:27.931+0000] {logging_mixin.py:190} INFO - [2026-05-08T20:33:27.931+0000] {dag.py:3239} INFO - Sync 1 DAGs
[2026-05-08T20:33:27.958+0000] {logging_mixin.py:190} INFO - [2026-05-08T20:33:27.958+0000] {dag.py:4180} INFO - Setting next_dagrun for tutorial to 2026-05-07 00:00:00+00:00, run_after=2026-05-08 00:00:00+00:00
[2026-05-08T20:33:27.976+0000] {processor.py:208} INFO - Processing /home/airflow/.local/lib/python3.12/site-packages/airflow/example_dags/tutorial.py took 0.082 seconds
[2026-05-08T20:33:59.179+0000] {processor.py:186} INFO - Started process (PID=439) to work on /home/airflow/.local/lib/python3.12/site-packages/airflow/example_dags/tutorial.py
[2026-05-08T20:33:59.180+0000] {processor.py:914} INFO - Processing file /home/airflow/.local/lib/python3.12/site-packages/airflow/example_dags/tutorial.py for tasks to queue
[2026-05-08T20:33:59.181+0000] {logging_mixin.py:190} INFO - [2026-05-08T20:33:59.181+0000] {dagbag.py:588} INFO - Filling up the DagBag from /home/airflow/.local/lib/python3.12/site-packages/airflow/example_dags/tutorial.py
[2026-05-08T20:33:59.187+0000] {processor.py:925} INFO - DAG(s) 'tutorial' retrieved from /home/airflow/.local/lib/python3.12/site-packages/airflow/example_dags/tutorial.py
[2026-05-08T20:33:59.205+0000] {logging_mixin.py:190} INFO - [2026-05-08T20:33:59.204+0000] {dag.py:3239} INFO - Sync 1 DAGs
[2026-05-08T20:33:59.223+0000] {logging_mixin.py:190} INFO - [2026-05-08T20:33:59.223+0000] {dag.py:4180} INFO - Setting next_dagrun for tutorial to 2026-05-07 00:00:00+00:00, run_after=2026-05-08 00:00:00+00:00
[2026-05-08T20:33:59.238+0000] {processor.py:208} INFO - Processing /home/airflow/.local/lib/python3.12/site-packages/airflow/example_dags/tutorial.py took 0.064 seconds
[2026-05-08T20:34:30.505+0000] {processor.py:186} INFO - Started process (PID=509) to work on /home/airflow/.local/lib/python3.12/site-packages/airflow/example_dags/tutorial.py
[2026-05-08T20:34:30.506+0000] {processor.py:914} INFO - Processing file /home/airflow/.local/lib/python3.12/site-packages/airflow/example_dags/tutorial.py for tasks to queue
[2026-05-08T20:34:30.508+0000] {logging_mixin.py:190} INFO - [2026-05-08T20:34:30.508+0000] {dagbag.py:588} INFO - Filling up the DagBag from /home/airflow/.local/lib/python3.12/site-packages/airflow/example_dags/tutorial.py
[2026-05-08T20:34:30.517+0000] {processor.py:925} INFO - DAG(s) 'tutorial' retrieved from /home/airflow/.local/lib/python3.12/site-packages/airflow/example_dags/tutorial.py
[2026-05-08T20:34:30.533+0000] {logging_mixin.py:190} INFO - [2026-05-08T20:34:30.533+0000] {dag.py:3239} INFO - Sync 1 DAGs
[2026-05-08T20:34:30.555+0000] {logging_mixin.py:190} INFO - [2026-05-08T20:34:30.554+0000] {dag.py:4180} INFO - Setting next_dagrun for tutorial to 2026-05-07 00:00:00+00:00, run_after=2026-05-08 00:00:00+00:00
[2026-05-08T20:34:30.572+0000] {processor.py:208} INFO - Processing /home/airflow/.local/lib/python3.12/site-packages/airflow/example_dags/tutorial.py took 0.071 seconds
[2026-05-08T20:35:01.744+0000] {processor.py:186} INFO - Started process (PID=573) to work on /home/airflow/.local/lib/python3.12/site-packages/airflow/example_dags/tutorial.py
[2026-05-08T20:35:01.745+0000] {processor.py:914} INFO - Processing file /home/airflow/.local/lib/python3.12/site-packages/airflow/example_dags/tutorial.py for tasks to queue
[2026-05-08T20:35:01.746+0000] {logging_mixin.py:190} INFO - [2026-05-08T20:35:01.746+0000] {dagbag.py:588} INFO - Filling up the DagBag from /home/airflow/.local/lib/python3.12/site-packages/airflow/example_dags/tutorial.py
[2026-05-08T20:35:01.753+0000] {processor.py:925} INFO - DAG(s) 'tutorial' retrieved from /home/airflow/.local/lib/python3.12/site-packages/airflow/example_dags/tutorial.py
[2026-05-08T20:35:01.769+0000] {logging_mixin.py:190} INFO - [2026-05-08T20:35:01.769+0000] {dag.py:3239} INFO - Sync 1 DAGs
[2026-05-08T20:35:01.787+0000] {logging_mixin.py:190} INFO - [2026-05-08T20:35:01.787+0000] {dag.py:4180} INFO - Setting next_dagrun for tutorial to 2026-05-07 00:00:00+00:00, run_after=2026-05-08 00:00:00+00:00
[2026-05-08T20:35:01.800+0000] {processor.py:208} INFO - Processing /home/airflow/.local/lib/python3.12/site-packages/airflow/example_dags/tutorial.py took 0.061 seconds
[2026-05-08T20:35:32.999+0000] {processor.py:186} INFO - Started process (PID=637) to work on /home/airflow/.local/lib/python3.12/site-packages/airflow/example_dags/tutorial.py
[2026-05-08T20:35:33.000+0000] {processor.py:914} INFO - Processing file /home/airflow/.local/lib/python3.12/site-packages/airflow/example_dags/tutorial.py for tasks to queue
[2026-05-08T20:35:33.002+0000] {logging_mixin.py:190} INFO - [2026-05-08T20:35:33.001+0000] {dagbag.py:588} INFO - Filling up the DagBag from /home/airflow/.local/lib/python3.12/site-packages/airflow/example_dags/tutorial.py
[2026-05-08T20:35:33.008+0000] {processor.py:925} INFO - DAG(s) 'tutorial' retrieved from /home/airflow/.local/lib/python3.12/site-packages/airflow/example_dags/tutorial.py
[2026-05-08T20:35:33.025+0000] {logging_mixin.py:190} INFO - [2026-05-08T20:35:33.025+0000] {dag.py:3239} INFO - Sync 1 DAGs
[2026-05-08T20:35:33.049+0000] {logging_mixin.py:190} INFO - [2026-05-08T20:35:33.048+0000] {dag.py:4180} INFO - Setting next_dagrun for tutorial to 2026-05-07 00:00:00+00:00, run_after=2026-05-08 00:00:00+00:00
[2026-05-08T20:35:33.064+0000] {processor.py:208} INFO - Processing /home/airflow/.local/lib/python3.12/site-packages/airflow/example_dags/tutorial.py took 0.070 seconds
[2026-05-08T20:36:04.439+0000] {processor.py:186} INFO - Started process (PID=701) to work on /home/airflow/.local/lib/python3.12/site-packages/airflow/example_dags/tutorial.py
[2026-05-08T20:36:04.440+0000] {processor.py:914} INFO - Processing file /home/airflow/.local/lib/python3.12/site-packages/airflow/example_dags/tutorial.py for tasks to queue
[2026-05-08T20:36:04.442+0000] {logging_mixin.py:190} INFO - [2026-05-08T20:36:04.442+0000] {dagbag.py:588} INFO - Filling up the DagBag from /home/airflow/.local/lib/python3.12/site-packages/airflow/example_dags/tutorial.py
[2026-05-08T20:36:04.448+0000] {processor.py:925} INFO - DAG(s) 'tutorial' retrieved from /home/airflow/.local/lib/python3.12/site-packages/airflow/example_dags/tutorial.py
[2026-05-08T20:36:04.464+0000] {logging_mixin.py:190} INFO - [2026-05-08T20:36:04.464+0000] {dag.py:3239} INFO - Sync 1 DAGs
[2026-05-08T20:36:04.485+0000] {logging_mixin.py:190} INFO - [2026-05-08T20:36:04.485+0000] {dag.py:4180} INFO - Setting next_dagrun for tutorial to 2026-05-07 00:00:00+00:00, run_after=2026-05-08 00:00:00+00:00
[2026-05-08T20:36:04.499+0000] {processor.py:208} INFO - Processing /home/airflow/.local/lib/python3.12/site-packages/airflow/example_dags/tutorial.py took 0.064 seconds
[2026-05-08T20:36:35.122+0000] {processor.py:186} INFO - Started process (PID=765) to work on /home/airflow/.local/lib/python3.12/site-packages/airflow/example_dags/tutorial.py
[2026-05-08T20:36:35.123+0000] {processor.py:914} INFO - Processing file /home/airflow/.local/lib/python3.12/site-packages/airflow/example_dags/tutorial.py for tasks to queue
[2026-05-08T20:36:35.125+0000] {logging_mixin.py:190} INFO - [2026-05-08T20:36:35.125+0000] {dagbag.py:588} INFO - Filling up the DagBag from /home/airflow/.local/lib/python3.12/site-packages/airflow/example_dags/tutorial.py
[2026-05-08T20:36:35.131+0000] {processor.py:925} INFO - DAG(s) 'tutorial' retrieved from /home/airflow/.local/lib/python3.12/site-packages/airflow/example_dags/tutorial.py
[2026-05-08T20:36:35.147+0000] {logging_mixin.py:190} INFO - [2026-05-08T20:36:35.147+0000] {dag.py:3239} INFO - Sync 1 DAGs
[2026-05-08T20:36:35.165+0000] {logging_mixin.py:190} INFO - [2026-05-08T20:36:35.165+0000] {dag.py:4180} INFO - Setting next_dagrun for tutorial to 2026-05-07 00:00:00+00:00, run_after=2026-05-08 00:00:00+00:00
[2026-05-08T20:36:35.178+0000] {processor.py:208} INFO - Processing /home/airflow/.local/lib/python3.12/site-packages/airflow/example_dags/tutorial.py took 0.060 seconds
[2026-05-08T20:37:06.833+0000] {processor.py:186} INFO - Started process (PID=829) to work on /home/airflow/.local/lib/python3.12/site-packages/airflow/example_dags/tutorial.py
[2026-05-08T20:37:06.834+0000] {processor.py:914} INFO - Processing file /home/airflow/.local/lib/python3.12/site-packages/airflow/example_dags/tutorial.py for tasks to queue
[2026-05-08T20:37:06.837+0000] {logging_mixin.py:190} INFO - [2026-05-08T20:37:06.836+0000] {dagbag.py:588} INFO - Filling up the DagBag from /home/airflow/.local/lib/python3.12/site-packages/airflow/example_dags/tutorial.py
[2026-05-08T20:37:06.846+0000] {processor.py:925} INFO - DAG(s) 'tutorial' retrieved from /home/airflow/.local/lib/python3.12/site-packages/airflow/example_dags/tutorial.py
[2026-05-08T20:37:06.868+0000] {logging_mixin.py:190} INFO - [2026-05-08T20:37:06.868+0000] {dag.py:3239} INFO - Sync 1 DAGs
[2026-05-08T20:37:06.898+0000] {logging_mixin.py:190} INFO - [2026-05-08T20:37:06.898+0000] {dag.py:4180} INFO - Setting next_dagrun for tutorial to 2026-05-07 00:00:00+00:00, run_after=2026-05-08 00:00:00+00:00
[2026-05-08T20:37:06.915+0000] {processor.py:208} INFO - Processing /home/airflow/.local/lib/python3.12/site-packages/airflow/example_dags/tutorial.py took 0.089 seconds
[2026-05-08T20:37:37.840+0000] {processor.py:186} INFO - Started process (PID=893) to work on /home/airflow/.local/lib/python3.12/site-packages/airflow/example_dags/tutorial.py
[2026-05-08T20:37:37.841+0000] {processor.py:914} INFO - Processing file /home/airflow/.local/lib/python3.12/site-packages/airflow/example_dags/tutorial.py for tasks to queue
[2026-05-08T20:37:37.843+0000] {logging_mixin.py:190} INFO - [2026-05-08T20:37:37.842+0000] {dagbag.py:588} INFO - Filling up the DagBag from /home/airflow/.local/lib/python3.12/site-packages/airflow/example_dags/tutorial.py
[2026-05-08T20:37:37.849+0000] {processor.py:925} INFO - DAG(s) 'tutorial' retrieved from /home/airflow/.local/lib/python3.12/site-packages/airflow/example_dags/tutorial.py
[2026-05-08T20:37:37.867+0000] {logging_mixin.py:190} INFO - [2026-05-08T20:37:37.867+0000] {dag.py:3239} INFO - Sync 1 DAGs
[2026-05-08T20:37:37.897+0000] {logging_mixin.py:190} INFO - [2026-05-08T20:37:37.896+0000] {dag.py:4180} INFO - Setting next_dagrun for tutorial to 2026-05-07 00:00:00+00:00, run_after=2026-05-08 00:00:00+00:00
[2026-05-08T20:37:37.911+0000] {processor.py:208} INFO - Processing /home/airflow/.local/lib/python3.12/site-packages/airflow/example_dags/tutorial.py took 0.076 seconds
[2026-05-08T20:38:09.237+0000] {processor.py:186} INFO - Started process (PID=957) to work on /home/airflow/.local/lib/python3.12/site-packages/airflow/example_dags/tutorial.py
[2026-05-08T20:38:09.238+0000] {processor.py:914} INFO - Processing file /home/airflow/.local/lib/python3.12/site-packages/airflow/example_dags/tutorial.py for tasks to queue
[2026-05-08T20:38:09.240+0000] {logging_mixin.py:190} INFO - [2026-05-08T20:38:09.239+0000] {dagbag.py:588} INFO - Filling up the DagBag from /home/airflow/.local/lib/python3.12/site-packages/airflow/example_dags/tutorial.py
[2026-05-08T20:38:09.246+0000] {processor.py:925} INFO - DAG(s) 'tutorial' retrieved from /home/airflow/.local/lib/python3.12/site-packages/airflow/example_dags/tutorial.py
[2026-05-08T20:38:09.268+0000] {logging_mixin.py:190} INFO - [2026-05-08T20:38:09.268+0000] {dag.py:3239} INFO - Sync 1 DAGs
[2026-05-08T20:38:09.300+0000] {logging_mixin.py:190} INFO - [2026-05-08T20:38:09.299+0000] {dag.py:4180} INFO - Setting next_dagrun for tutorial to 2026-05-07 00:00:00+00:00, run_after=2026-05-08 00:00:00+00:00
[2026-05-08T20:38:09.317+0000] {processor.py:208} INFO - Processing /home/airflow/.local/lib/python3.12/site-packages/airflow/example_dags/tutorial.py took 0.086 seconds
[2026-05-08T20:38:39.894+0000] {processor.py:186} INFO - Started process (PID=1021) to work on /home/airflow/.local/lib/python3.12/site-packages/airflow/example_dags/tutorial.py
[2026-05-08T20:38:39.895+0000] {processor.py:914} INFO - Processing file /home/airflow/.local/lib/python3.12/site-packages/airflow/example_dags/tutorial.py for tasks to queue
[2026-05-08T20:38:39.897+0000] {logging_mixin.py:190} INFO - [2026-05-08T20:38:39.897+0000] {dagbag.py:588} INFO - Filling up the DagBag from /home/airflow/.local/lib/python3.12/site-packages/airflow/example_dags/tutorial.py
[2026-05-08T20:38:39.906+0000] {processor.py:925} INFO - DAG(s) 'tutorial' retrieved from /home/airflow/.local/lib/python3.12/site-packages/airflow/example_dags/tutorial.py
[2026-05-08T20:38:39.928+0000] {logging_mixin.py:190} INFO - [2026-05-08T20:38:39.928+0000] {dag.py:3239} INFO - Sync 1 DAGs
[2026-05-08T20:38:39.955+0000] {logging_mixin.py:190} INFO - [2026-05-08T20:38:39.954+0000] {dag.py:4180} INFO - Setting next_dagrun for tutorial to 2026-05-07 00:00:00+00:00, run_after=2026-05-08 00:00:00+00:00
[2026-05-08T20:38:39.972+0000] {processor.py:208} INFO - Processing /home/airflow/.local/lib/python3.12/site-packages/airflow/example_dags/tutorial.py took 0.085 seconds
[2026-05-08T20:39:10.481+0000] {processor.py:186} INFO - Started process (PID=1085) to work on /home/airflow/.local/lib/python3.12/site-packages/airflow/example_dags/tutorial.py
[2026-05-08T20:39:10.482+0000] {processor.py:914} INFO - Processing file /home/airflow/.local/lib/python3.12/site-packages/airflow/example_dags/tutorial.py for tasks to queue
[2026-05-08T20:39:10.487+0000] {logging_mixin.py:190} INFO - [2026-05-08T20:39:10.484+0000] {dagbag.py:588} INFO - Filling up the DagBag from /home/airflow/.local/lib/python3.12/site-packages/airflow/example_dags/tutorial.py
[2026-05-08T20:39:10.510+0000] {processor.py:925} INFO - DAG(s) 'tutorial' retrieved from /home/airflow/.local/lib/python3.12/site-packages/airflow/example_dags/tutorial.py
[2026-05-08T20:39:10.568+0000] {logging_mixin.py:190} INFO - [2026-05-08T20:39:10.567+0000] {dag.py:3239} INFO - Sync 1 DAGs
[2026-05-08T20:39:10.600+0000] {logging_mixin.py:190} INFO - [2026-05-08T20:39:10.600+0000] {dag.py:4180} INFO - Setting next_dagrun for tutorial to 2026-05-07 00:00:00+00:00, run_after=2026-05-08 00:00:00+00:00
[2026-05-08T20:39:10.618+0000] {processor.py:208} INFO - Processing /home/airflow/.local/lib/python3.12/site-packages/airflow/example_dags/tutorial.py took 0.143 seconds
[2026-05-08T20:39:41.001+0000] {processor.py:186} INFO - Started process (PID=1148) to work on /home/airflow/.local/lib/python3.12/site-packages/airflow/example_dags/tutorial.py
[2026-05-08T20:39:41.002+0000] {processor.py:914} INFO - Processing file /home/airflow/.local/lib/python3.12/site-packages/airflow/example_dags/tutorial.py for tasks to queue
[2026-05-08T20:39:41.003+0000] {logging_mixin.py:190} INFO - [2026-05-08T20:39:41.003+0000] {dagbag.py:588} INFO - Filling up the DagBag from /home/airflow/.local/lib/python3.12/site-packages/airflow/example_dags/tutorial.py
[2026-05-08T20:39:41.010+0000] {processor.py:925} INFO - DAG(s) 'tutorial' retrieved from /home/airflow/.local/lib/python3.12/site-packages/airflow/example_dags/tutorial.py
[2026-05-08T20:39:41.025+0000] {logging_mixin.py:190} INFO - [2026-05-08T20:39:41.025+0000] {dag.py:3239} INFO - Sync 1 DAGs
[2026-05-08T20:39:41.043+0000] {logging_mixin.py:190} INFO - [2026-05-08T20:39:41.042+0000] {dag.py:4180} INFO - Setting next_dagrun for tutorial to 2026-05-07 00:00:00+00:00, run_after=2026-05-08 00:00:00+00:00
[2026-05-08T20:39:41.058+0000] {processor.py:208} INFO - Processing /home/airflow/.local/lib/python3.12/site-packages/airflow/example_dags/tutorial.py took 0.062 seconds
[2026-05-08T20:40:11.873+0000] {processor.py:186} INFO - Started process (PID=1212) to work on /home/airflow/.local/lib/python3.12/site-packages/airflow/example_dags/tutorial.py
[2026-05-08T20:40:11.874+0000] {processor.py:914} INFO - Processing file /home/airflow/.local/lib/python3.12/site-packages/airflow/example_dags/tutorial.py for tasks to queue
[2026-05-08T20:40:11.875+0000] {logging_mixin.py:190} INFO - [2026-05-08T20:40:11.875+0000] {dagbag.py:588} INFO - Filling up the DagBag from /home/airflow/.local/lib/python3.12/site-packages/airflow/example_dags/tutorial.py
[2026-05-08T20:40:11.882+0000] {processor.py:925} INFO - DAG(s) 'tutorial' retrieved from /home/airflow/.local/lib/python3.12/site-packages/airflow/example_dags/tutorial.py
[2026-05-08T20:40:11.898+0000] {logging_mixin.py:190} INFO - [2026-05-08T20:40:11.898+0000] {dag.py:3239} INFO - Sync 1 DAGs
[2026-05-08T20:40:11.920+0000] {logging_mixin.py:190} INFO - [2026-05-08T20:40:11.919+0000] {dag.py:4180} INFO - Setting next_dagrun for tutorial to 2026-05-07 00:00:00+00:00, run_after=2026-05-08 00:00:00+00:00
[2026-05-08T20:40:11.934+0000] {processor.py:208} INFO - Processing /home/airflow/.local/lib/python3.12/site-packages/airflow/example_dags/tutorial.py took 0.066 seconds
[2026-05-08T20:40:42.682+0000] {processor.py:186} INFO - Started process (PID=1276) to work on /home/airflow/.local/lib/python3.12/site-packages/airflow/example_dags/tutorial.py
[2026-05-08T20:40:42.683+0000] {processor.py:914} INFO - Processing file /home/airflow/.local/lib/python3.12/site-packages/airflow/example_dags/tutorial.py for tasks to queue
[2026-05-08T20:40:42.684+0000] {logging_mixin.py:190} INFO - [2026-05-08T20:40:42.684+0000] {dagbag.py:588} INFO - Filling up the DagBag from /home/airflow/.local/lib/python3.12/site-packages/airflow/example_dags/tutorial.py
[2026-05-08T20:40:42.691+0000] {processor.py:925} INFO - DAG(s) 'tutorial' retrieved from /home/airflow/.local/lib/python3.12/site-packages/airflow/example_dags/tutorial.py
[2026-05-08T20:40:42.707+0000] {logging_mixin.py:190} INFO - [2026-05-08T20:40:42.707+0000] {dag.py:3239} INFO - Sync 1 DAGs
[2026-05-08T20:40:42.735+0000] {logging_mixin.py:190} INFO - [2026-05-08T20:40:42.734+0000] {dag.py:4180} INFO - Setting next_dagrun for tutorial to 2026-05-07 00:00:00+00:00, run_after=2026-05-08 00:00:00+00:00
[2026-05-08T20:40:42.754+0000] {processor.py:208} INFO - Processing /home/airflow/.local/lib/python3.12/site-packages/airflow/example_dags/tutorial.py took 0.076 seconds
[2026-05-08T20:41:13.678+0000] {processor.py:186} INFO - Started process (PID=1340) to work on /home/airflow/.local/lib/python3.12/site-packages/airflow/example_dags/tutorial.py
[2026-05-08T20:41:13.679+0000] {processor.py:914} INFO - Processing file /home/airflow/.local/lib/python3.12/site-packages/airflow/example_dags/tutorial.py for tasks to queue
[2026-05-08T20:41:13.681+0000] {logging_mixin.py:190} INFO - [2026-05-08T20:41:13.680+0000] {dagbag.py:588} INFO - Filling up the DagBag from /home/airflow/.local/lib/python3.12/site-packages/airflow/example_dags/tutorial.py
[2026-05-08T20:41:13.687+0000] {processor.py:925} INFO - DAG(s) 'tutorial' retrieved from /home/airflow/.local/lib/python3.12/site-packages/airflow/example_dags/tutorial.py
[2026-05-08T20:41:13.704+0000] {logging_mixin.py:190} INFO - [2026-05-08T20:41:13.704+0000] {dag.py:3239} INFO - Sync 1 DAGs
[2026-05-08T20:41:13.728+0000] {logging_mixin.py:190} INFO - [2026-05-08T20:41:13.728+0000] {dag.py:4180} INFO - Setting next_dagrun for tutorial to 2026-05-07 00:00:00+00:00, run_after=2026-05-08 00:00:00+00:00
[2026-05-08T20:41:13.742+0000] {processor.py:208} INFO - Processing /home/airflow/.local/lib/python3.12/site-packages/airflow/example_dags/tutorial.py took 0.069 seconds
[2026-05-08T20:41:44.554+0000] {processor.py:186} INFO - Started process (PID=1404) to work on /home/airflow/.local/lib/python3.12/site-packages/airflow/example_dags/tutorial.py
[2026-05-08T20:41:44.554+0000] {processor.py:914} INFO - Processing file /home/airflow/.local/lib/python3.12/site-packages/airflow/example_dags/tutorial.py for tasks to queue
[2026-05-08T20:41:44.556+0000] {logging_mixin.py:190} INFO - [2026-05-08T20:41:44.556+0000] {dagbag.py:588} INFO - Filling up the DagBag from /home/airflow/.local/lib/python3.12/site-packages/airflow/example_dags/tutorial.py
[2026-05-08T20:41:44.562+0000] {processor.py:925} INFO - DAG(s) 'tutorial' retrieved from /home/airflow/.local/lib/python3.12/site-packages/airflow/example_dags/tutorial.py
[2026-05-08T20:41:44.578+0000] {logging_mixin.py:190} INFO - [2026-05-08T20:41:44.578+0000] {dag.py:3239} INFO - Sync 1 DAGs
[2026-05-08T20:41:44.597+0000] {logging_mixin.py:190} INFO - [2026-05-08T20:41:44.596+0000] {dag.py:4180} INFO - Setting next_dagrun for tutorial to 2026-05-07 00:00:00+00:00, run_after=2026-05-08 00:00:00+00:00
[2026-05-08T20:41:44.610+0000] {processor.py:208} INFO - Processing /home/airflow/.local/lib/python3.12/site-packages/airflow/example_dags/tutorial.py took 0.061 seconds
[2026-05-08T20:42:16.225+0000] {processor.py:186} INFO - Started process (PID=1469) to work on /home/airflow/.local/lib/python3.12/site-packages/airflow/example_dags/tutorial.py
[2026-05-08T20:42:16.225+0000] {processor.py:914} INFO - Processing file /home/airflow/.local/lib/python3.12/site-packages/airflow/example_dags/tutorial.py for tasks to queue
[2026-05-08T20:42:16.227+0000] {logging_mixin.py:190} INFO - [2026-05-08T20:42:16.227+0000] {dagbag.py:588} INFO - Filling up the DagBag from /home/airflow/.local/lib/python3.12/site-packages/airflow/example_dags/tutorial.py
[2026-05-08T20:42:16.233+0000] {processor.py:925} INFO - DAG(s) 'tutorial' retrieved from /home/airflow/.local/lib/python3.12/site-packages/airflow/example_dags/tutorial.py
[2026-05-08T20:42:16.249+0000] {logging_mixin.py:190} INFO - [2026-05-08T20:42:16.249+0000] {dag.py:3239} INFO - Sync 1 DAGs
[2026-05-08T20:42:16.267+0000] {logging_mixin.py:190} INFO - [2026-05-08T20:42:16.267+0000] {dag.py:4180} INFO - Setting next_dagrun for tutorial to 2026-05-07 00:00:00+00:00, run_after=2026-05-08 00:00:00+00:00
[2026-05-08T20:42:16.282+0000] {processor.py:208} INFO - Processing /home/airflow/.local/lib/python3.12/site-packages/airflow/example_dags/tutorial.py took 0.062 seconds
[2026-05-08T20:42:47.601+0000] {processor.py:186} INFO - Started process (PID=1534) to work on /home/airflow/.local/lib/python3.12/site-packages/airflow/example_dags/tutorial.py
[2026-05-08T20:42:47.602+0000] {processor.py:914} INFO - Processing file /home/airflow/.local/lib/python3.12/site-packages/airflow/example_dags/tutorial.py for tasks to queue
[2026-05-08T20:42:47.604+0000] {logging_mixin.py:190} INFO - [2026-05-08T20:42:47.603+0000] {dagbag.py:588} INFO - Filling up the DagBag from /home/airflow/.local/lib/python3.12/site-packages/airflow/example_dags/tutorial.py
[2026-05-08T20:42:47.610+0000] {processor.py:925} INFO - DAG(s) 'tutorial' retrieved from /home/airflow/.local/lib/python3.12/site-packages/airflow/example_dags/tutorial.py
[2026-05-08T20:42:47.627+0000] {logging_mixin.py:190} INFO - [2026-05-08T20:42:47.627+0000] {dag.py:3239} INFO - Sync 1 DAGs
[2026-05-08T20:42:47.647+0000] {logging_mixin.py:190} INFO - [2026-05-08T20:42:47.647+0000] {dag.py:4180} INFO - Setting next_dagrun for tutorial to 2026-05-07 00:00:00+00:00, run_after=2026-05-08 00:00:00+00:00
[2026-05-08T20:42:47.660+0000] {processor.py:208} INFO - Processing /home/airflow/.local/lib/python3.12/site-packages/airflow/example_dags/tutorial.py took 0.064 seconds
[2026-05-08T20:43:18.731+0000] {processor.py:186} INFO - Started process (PID=1598) to work on /home/airflow/.local/lib/python3.12/site-packages/airflow/example_dags/tutorial.py
[2026-05-08T20:43:18.732+0000] {processor.py:914} INFO - Processing file /home/airflow/.local/lib/python3.12/site-packages/airflow/example_dags/tutorial.py for tasks to queue
[2026-05-08T20:43:18.734+0000] {logging_mixin.py:190} INFO - [2026-05-08T20:43:18.734+0000] {dagbag.py:588} INFO - Filling up the DagBag from /home/airflow/.local/lib/python3.12/site-packages/airflow/example_dags/tutorial.py
[2026-05-08T20:43:18.743+0000] {processor.py:925} INFO - DAG(s) 'tutorial' retrieved from /home/airflow/.local/lib/python3.12/site-packages/airflow/example_dags/tutorial.py
[2026-05-08T20:43:18.770+0000] {logging_mixin.py:190} INFO - [2026-05-08T20:43:18.769+0000] {dag.py:3239} INFO - Sync 1 DAGs
[2026-05-08T20:43:18.794+0000] {logging_mixin.py:190} INFO - [2026-05-08T20:43:18.793+0000] {dag.py:4180} INFO - Setting next_dagrun for tutorial to 2026-05-07 00:00:00+00:00, run_after=2026-05-08 00:00:00+00:00
[2026-05-08T20:43:18.809+0000] {processor.py:208} INFO - Processing /home/airflow/.local/lib/python3.12/site-packages/airflow/example_dags/tutorial.py took 0.085 seconds
[2026-05-08T20:43:50.037+0000] {processor.py:186} INFO - Started process (PID=1662) to work on /home/airflow/.local/lib/python3.12/site-packages/airflow/example_dags/tutorial.py
[2026-05-08T20:43:50.038+0000] {processor.py:914} INFO - Processing file /home/airflow/.local/lib/python3.12/site-packages/airflow/example_dags/tutorial.py for tasks to queue
[2026-05-08T20:43:50.040+0000] {logging_mixin.py:190} INFO - [2026-05-08T20:43:50.039+0000] {dagbag.py:588} INFO - Filling up the DagBag from /home/airflow/.local/lib/python3.12/site-packages/airflow/example_dags/tutorial.py
[2026-05-08T20:43:50.046+0000] {processor.py:925} INFO - DAG(s) 'tutorial' retrieved from /home/airflow/.local/lib/python3.12/site-packages/airflow/example_dags/tutorial.py
[2026-05-08T20:43:50.065+0000] {logging_mixin.py:190} INFO - [2026-05-08T20:43:50.065+0000] {dag.py:3239} INFO - Sync 1 DAGs
[2026-05-08T20:43:50.087+0000] {logging_mixin.py:190} INFO - [2026-05-08T20:43:50.087+0000] {dag.py:4180} INFO - Setting next_dagrun for tutorial to 2026-05-07 00:00:00+00:00, run_after=2026-05-08 00:00:00+00:00
[2026-05-08T20:43:50.101+0000] {processor.py:208} INFO - Processing /home/airflow/.local/lib/python3.12/site-packages/airflow/example_dags/tutorial.py took 0.069 seconds
[2026-05-08T20:44:21.511+0000] {processor.py:186} INFO - Started process (PID=1726) to work on /home/airflow/.local/lib/python3.12/site-packages/airflow/example_dags/tutorial.py
[2026-05-08T20:44:21.511+0000] {processor.py:914} INFO - Processing file /home/airflow/.local/lib/python3.12/site-packages/airflow/example_dags/tutorial.py for tasks to queue
[2026-05-08T20:44:21.513+0000] {logging_mixin.py:190} INFO - [2026-05-08T20:44:21.513+0000] {dagbag.py:588} INFO - Filling up the DagBag from /home/airflow/.local/lib/python3.12/site-packages/airflow/example_dags/tutorial.py
[2026-05-08T20:44:21.520+0000] {processor.py:925} INFO - DAG(s) 'tutorial' retrieved from /home/airflow/.local/lib/python3.12/site-packages/airflow/example_dags/tutorial.py
[2026-05-08T20:44:21.538+0000] {logging_mixin.py:190} INFO - [2026-05-08T20:44:21.538+0000] {dag.py:3239} INFO - Sync 1 DAGs
[2026-05-08T20:44:21.562+0000] {logging_mixin.py:190} INFO - [2026-05-08T20:44:21.562+0000] {dag.py:4180} INFO - Setting next_dagrun for tutorial to 2026-05-07 00:00:00+00:00, run_after=2026-05-08 00:00:00+00:00
[2026-05-08T20:44:21.579+0000] {processor.py:208} INFO - Processing /home/airflow/.local/lib/python3.12/site-packages/airflow/example_dags/tutorial.py took 0.074 seconds
[2026-05-08T20:44:52.850+0000] {processor.py:186} INFO - Started process (PID=1790) to work on /home/airflow/.local/lib/python3.12/site-packages/airflow/example_dags/tutorial.py
[2026-05-08T20:44:52.851+0000] {processor.py:914} INFO - Processing file /home/airflow/.local/lib/python3.12/site-packages/airflow/example_dags/tutorial.py for tasks to queue
[2026-05-08T20:44:52.853+0000] {logging_mixin.py:190} INFO - [2026-05-08T20:44:52.853+0000] {dagbag.py:588} INFO - Filling up the DagBag from /home/airflow/.local/lib/python3.12/site-packages/airflow/example_dags/tutorial.py
[2026-05-08T20:44:52.863+0000] {processor.py:925} INFO - DAG(s) 'tutorial' retrieved from /home/airflow/.local/lib/python3.12/site-packages/airflow/example_dags/tutorial.py
[2026-05-08T20:44:52.882+0000] {logging_mixin.py:190} INFO - [2026-05-08T20:44:52.882+0000] {dag.py:3239} INFO - Sync 1 DAGs
[2026-05-08T20:44:52.903+0000] {logging_mixin.py:190} INFO - [2026-05-08T20:44:52.903+0000] {dag.py:4180} INFO - Setting next_dagrun for tutorial to 2026-05-07 00:00:00+00:00, run_after=2026-05-08 00:00:00+00:00
[2026-05-08T20:44:52.916+0000] {processor.py:208} INFO - Processing /home/airflow/.local/lib/python3.12/site-packages/airflow/example_dags/tutorial.py took 0.073 seconds
[2026-05-08T20:45:24.144+0000] {processor.py:186} INFO - Started process (PID=1854) to work on /home/airflow/.local/lib/python3.12/site-packages/airflow/example_dags/tutorial.py
[2026-05-08T20:45:24.145+0000] {processor.py:914} INFO - Processing file /home/airflow/.local/lib/python3.12/site-packages/airflow/example_dags/tutorial.py for tasks to queue
[2026-05-08T20:45:24.146+0000] {logging_mixin.py:190} INFO - [2026-05-08T20:45:24.146+0000] {dagbag.py:588} INFO - Filling up the DagBag from /home/airflow/.local/lib/python3.12/site-packages/airflow/example_dags/tutorial.py
[2026-05-08T20:45:24.152+0000] {processor.py:925} INFO - DAG(s) 'tutorial' retrieved from /home/airflow/.local/lib/python3.12/site-packages/airflow/example_dags/tutorial.py
[2026-05-08T20:45:24.171+0000] {logging_mixin.py:190} INFO - [2026-05-08T20:45:24.170+0000] {dag.py:3239} INFO - Sync 1 DAGs
[2026-05-08T20:45:24.192+0000] {logging_mixin.py:190} INFO - [2026-05-08T20:45:24.192+0000] {dag.py:4180} INFO - Setting next_dagrun for tutorial to 2026-05-07 00:00:00+00:00, run_after=2026-05-08 00:00:00+00:00
[2026-05-08T20:45:24.206+0000] {processor.py:208} INFO - Processing /home/airflow/.local/lib/python3.12/site-packages/airflow/example_dags/tutorial.py took 0.067 seconds
[2026-05-08T20:45:55.529+0000] {processor.py:186} INFO - Started process (PID=1919) to work on /home/airflow/.local/lib/python3.12/site-packages/airflow/example_dags/tutorial.py
[2026-05-08T20:45:55.530+0000] {processor.py:914} INFO - Processing file /home/airflow/.local/lib/python3.12/site-packages/airflow/example_dags/tutorial.py for tasks to queue
[2026-05-08T20:45:55.532+0000] {logging_mixin.py:190} INFO - [2026-05-08T20:45:55.531+0000] {dagbag.py:588} INFO - Filling up the DagBag from /home/airflow/.local/lib/python3.12/site-packages/airflow/example_dags/tutorial.py
[2026-05-08T20:45:55.538+0000] {processor.py:925} INFO - DAG(s) 'tutorial' retrieved from /home/airflow/.local/lib/python3.12/site-packages/airflow/example_dags/tutorial.py
[2026-05-08T20:45:55.554+0000] {logging_mixin.py:190} INFO - [2026-05-08T20:45:55.554+0000] {dag.py:3239} INFO - Sync 1 DAGs
[2026-05-08T20:45:55.573+0000] {logging_mixin.py:190} INFO - [2026-05-08T20:45:55.572+0000] {dag.py:4180} INFO - Setting next_dagrun for tutorial to 2026-05-07 00:00:00+00:00, run_after=2026-05-08 00:00:00+00:00
[2026-05-08T20:45:55.587+0000] {processor.py:208} INFO - Processing /home/airflow/.local/lib/python3.12/site-packages/airflow/example_dags/tutorial.py took 0.063 seconds
[2026-05-08T20:46:26.920+0000] {processor.py:186} INFO - Started process (PID=1983) to work on /home/airflow/.local/lib/python3.12/site-packages/airflow/example_dags/tutorial.py
[2026-05-08T20:46:26.920+0000] {processor.py:914} INFO - Processing file /home/airflow/.local/lib/python3.12/site-packages/airflow/example_dags/tutorial.py for tasks to queue
[2026-05-08T20:46:26.922+0000] {logging_mixin.py:190} INFO - [2026-05-08T20:46:26.922+0000] {dagbag.py:588} INFO - Filling up the DagBag from /home/airflow/.local/lib/python3.12/site-packages/airflow/example_dags/tutorial.py
[2026-05-08T20:46:26.930+0000] {processor.py:925} INFO - DAG(s) 'tutorial' retrieved from /home/airflow/.local/lib/python3.12/site-packages/airflow/example_dags/tutorial.py
[2026-05-08T20:46:26.947+0000] {logging_mixin.py:190} INFO - [2026-05-08T20:46:26.947+0000] {dag.py:3239} INFO - Sync 1 DAGs
[2026-05-08T20:46:26.969+0000] {logging_mixin.py:190} INFO - [2026-05-08T20:46:26.968+0000] {dag.py:4180} INFO - Setting next_dagrun for tutorial to 2026-05-07 00:00:00+00:00, run_after=2026-05-08 00:00:00+00:00
[2026-05-08T20:46:26.983+0000] {processor.py:208} INFO - Processing /home/airflow/.local/lib/python3.12/site-packages/airflow/example_dags/tutorial.py took 0.069 seconds
[2026-05-08T20:46:58.452+0000] {processor.py:186} INFO - Started process (PID=2047) to work on /home/airflow/.local/lib/python3.12/site-packages/airflow/example_dags/tutorial.py
[2026-05-08T20:46:58.453+0000] {processor.py:914} INFO - Processing file /home/airflow/.local/lib/python3.12/site-packages/airflow/example_dags/tutorial.py for tasks to queue
[2026-05-08T20:46:58.455+0000] {logging_mixin.py:190} INFO - [2026-05-08T20:46:58.455+0000] {dagbag.py:588} INFO - Filling up the DagBag from /home/airflow/.local/lib/python3.12/site-packages/airflow/example_dags/tutorial.py
[2026-05-08T20:46:58.462+0000] {processor.py:925} INFO - DAG(s) 'tutorial' retrieved from /home/airflow/.local/lib/python3.12/site-packages/airflow/example_dags/tutorial.py
[2026-05-08T20:46:58.479+0000] {logging_mixin.py:190} INFO - [2026-05-08T20:46:58.478+0000] {dag.py:3239} INFO - Sync 1 DAGs
[2026-05-08T20:46:58.503+0000] {logging_mixin.py:190} INFO - [2026-05-08T20:46:58.503+0000] {dag.py:4180} INFO - Setting next_dagrun for tutorial to 2026-05-07 00:00:00+00:00, run_after=2026-05-08 00:00:00+00:00
[2026-05-08T20:46:58.521+0000] {processor.py:208} INFO - Processing /home/airflow/.local/lib/python3.12/site-packages/airflow/example_dags/tutorial.py took 0.076 seconds
[2026-05-08T20:47:30.096+0000] {processor.py:186} INFO - Started process (PID=2111) to work on /home/airflow/.local/lib/python3.12/site-packages/airflow/example_dags/tutorial.py
[2026-05-08T20:47:30.096+0000] {processor.py:914} INFO - Processing file /home/airflow/.local/lib/python3.12/site-packages/airflow/example_dags/tutorial.py for tasks to queue
[2026-05-08T20:47:30.098+0000] {logging_mixin.py:190} INFO - [2026-05-08T20:47:30.098+0000] {dagbag.py:588} INFO - Filling up the DagBag from /home/airflow/.local/lib/python3.12/site-packages/airflow/example_dags/tutorial.py
[2026-05-08T20:47:30.104+0000] {processor.py:925} INFO - DAG(s) 'tutorial' retrieved from /home/airflow/.local/lib/python3.12/site-packages/airflow/example_dags/tutorial.py
[2026-05-08T20:47:30.123+0000] {logging_mixin.py:190} INFO - [2026-05-08T20:47:30.123+0000] {dag.py:3239} INFO - Sync 1 DAGs
[2026-05-08T20:47:30.146+0000] {logging_mixin.py:190} INFO - [2026-05-08T20:47:30.146+0000] {dag.py:4180} INFO - Setting next_dagrun for tutorial to 2026-05-07 00:00:00+00:00, run_after=2026-05-08 00:00:00+00:00
[2026-05-08T20:47:30.163+0000] {processor.py:208} INFO - Processing /home/airflow/.local/lib/python3.12/site-packages/airflow/example_dags/tutorial.py took 0.072 seconds
[2026-05-08T20:48:00.717+0000] {processor.py:186} INFO - Started process (PID=2175) to work on /home/airflow/.local/lib/python3.12/site-packages/airflow/example_dags/tutorial.py
[2026-05-08T20:48:00.718+0000] {processor.py:914} INFO - Processing file /home/airflow/.local/lib/python3.12/site-packages/airflow/example_dags/tutorial.py for tasks to queue
[2026-05-08T20:48:00.719+0000] {logging_mixin.py:190} INFO - [2026-05-08T20:48:00.719+0000] {dagbag.py:588} INFO - Filling up the DagBag from /home/airflow/.local/lib/python3.12/site-packages/airflow/example_dags/tutorial.py
[2026-05-08T20:48:00.726+0000] {processor.py:925} INFO - DAG(s) 'tutorial' retrieved from /home/airflow/.local/lib/python3.12/site-packages/airflow/example_dags/tutorial.py
[2026-05-08T20:48:00.742+0000] {logging_mixin.py:190} INFO - [2026-05-08T20:48:00.742+0000] {dag.py:3239} INFO - Sync 1 DAGs
[2026-05-08T20:48:00.760+0000] {logging_mixin.py:190} INFO - [2026-05-08T20:48:00.760+0000] {dag.py:4180} INFO - Setting next_dagrun for tutorial to 2026-05-07 00:00:00+00:00, run_after=2026-05-08 00:00:00+00:00
[2026-05-08T20:48:00.774+0000] {processor.py:208} INFO - Processing /home/airflow/.local/lib/python3.12/site-packages/airflow/example_dags/tutorial.py took 0.061 seconds
[2026-05-08T20:48:31.661+0000] {processor.py:186} INFO - Started process (PID=2237) to work on /home/airflow/.local/lib/python3.12/site-packages/airflow/example_dags/tutorial.py
[2026-05-08T20:48:31.661+0000] {processor.py:914} INFO - Processing file /home/airflow/.local/lib/python3.12/site-packages/airflow/example_dags/tutorial.py for tasks to queue
[2026-05-08T20:48:31.663+0000] {logging_mixin.py:190} INFO - [2026-05-08T20:48:31.663+0000] {dagbag.py:588} INFO - Filling up the DagBag from /home/airflow/.local/lib/python3.12/site-packages/airflow/example_dags/tutorial.py
[2026-05-08T20:48:31.669+0000] {processor.py:925} INFO - DAG(s) 'tutorial' retrieved from /home/airflow/.local/lib/python3.12/site-packages/airflow/example_dags/tutorial.py
[2026-05-08T20:48:31.691+0000] {logging_mixin.py:190} INFO - [2026-05-08T20:48:31.691+0000] {dag.py:3239} INFO - Sync 1 DAGs
[2026-05-08T20:48:31.716+0000] {logging_mixin.py:190} INFO - [2026-05-08T20:48:31.715+0000] {dag.py:4180} INFO - Setting next_dagrun for tutorial to 2026-05-07 00:00:00+00:00, run_after=2026-05-08 00:00:00+00:00
[2026-05-08T20:48:31.735+0000] {processor.py:208} INFO - Processing /home/airflow/.local/lib/python3.12/site-packages/airflow/example_dags/tutorial.py took 0.079 seconds
[2026-05-08T20:49:03.471+0000] {processor.py:186} INFO - Started process (PID=2313) to work on /home/airflow/.local/lib/python3.12/site-packages/airflow/example_dags/tutorial.py
[2026-05-08T20:49:03.472+0000] {processor.py:914} INFO - Processing file /home/airflow/.local/lib/python3.12/site-packages/airflow/example_dags/tutorial.py for tasks to queue
[2026-05-08T20:49:03.474+0000] {logging_mixin.py:190} INFO - [2026-05-08T20:49:03.473+0000] {dagbag.py:588} INFO - Filling up the DagBag from /home/airflow/.local/lib/python3.12/site-packages/airflow/example_dags/tutorial.py
[2026-05-08T20:49:03.480+0000] {processor.py:925} INFO - DAG(s) 'tutorial' retrieved from /home/airflow/.local/lib/python3.12/site-packages/airflow/example_dags/tutorial.py
[2026-05-08T20:49:03.495+0000] {logging_mixin.py:190} INFO - [2026-05-08T20:49:03.495+0000] {dag.py:3239} INFO - Sync 1 DAGs
[2026-05-08T20:49:03.513+0000] {logging_mixin.py:190} INFO - [2026-05-08T20:49:03.513+0000] {dag.py:4180} INFO - Setting next_dagrun for tutorial to 2026-05-07 00:00:00+00:00, run_after=2026-05-08 00:00:00+00:00
[2026-05-08T20:49:03.529+0000] {processor.py:208} INFO - Processing /home/airflow/.local/lib/python3.12/site-packages/airflow/example_dags/tutorial.py took 0.062 seconds
[2026-05-08T20:49:34.968+0000] {processor.py:186} INFO - Started process (PID=2377) to work on /home/airflow/.local/lib/python3.12/site-packages/airflow/example_dags/tutorial.py
[2026-05-08T20:49:34.968+0000] {processor.py:914} INFO - Processing file /home/airflow/.local/lib/python3.12/site-packages/airflow/example_dags/tutorial.py for tasks to queue
[2026-05-08T20:49:34.970+0000] {logging_mixin.py:190} INFO - [2026-05-08T20:49:34.970+0000] {dagbag.py:588} INFO - Filling up the DagBag from /home/airflow/.local/lib/python3.12/site-packages/airflow/example_dags/tutorial.py
[2026-05-08T20:49:34.976+0000] {processor.py:925} INFO - DAG(s) 'tutorial' retrieved from /home/airflow/.local/lib/python3.12/site-packages/airflow/example_dags/tutorial.py
[2026-05-08T20:49:34.992+0000] {logging_mixin.py:190} INFO - [2026-05-08T20:49:34.991+0000] {dag.py:3239} INFO - Sync 1 DAGs
[2026-05-08T20:49:35.014+0000] {logging_mixin.py:190} INFO - [2026-05-08T20:49:35.014+0000] {dag.py:4180} INFO - Setting next_dagrun for tutorial to 2026-05-07 00:00:00+00:00, run_after=2026-05-08 00:00:00+00:00
[2026-05-08T20:49:35.030+0000] {processor.py:208} INFO - Processing /home/airflow/.local/lib/python3.12/site-packages/airflow/example_dags/tutorial.py took 0.067 seconds
[2026-05-08T20:50:05.735+0000] {processor.py:186} INFO - Started process (PID=2440) to work on /home/airflow/.local/lib/python3.12/site-packages/airflow/example_dags/tutorial.py
[2026-05-08T20:50:05.736+0000] {processor.py:914} INFO - Processing file /home/airflow/.local/lib/python3.12/site-packages/airflow/example_dags/tutorial.py for tasks to queue
[2026-05-08T20:50:05.738+0000] {logging_mixin.py:190} INFO - [2026-05-08T20:50:05.738+0000] {dagbag.py:588} INFO - Filling up the DagBag from /home/airflow/.local/lib/python3.12/site-packages/airflow/example_dags/tutorial.py
[2026-05-08T20:50:05.747+0000] {processor.py:925} INFO - DAG(s) 'tutorial' retrieved from /home/airflow/.local/lib/python3.12/site-packages/airflow/example_dags/tutorial.py
[2026-05-08T20:50:05.767+0000] {logging_mixin.py:190} INFO - [2026-05-08T20:50:05.767+0000] {dag.py:3239} INFO - Sync 1 DAGs
[2026-05-08T20:50:05.792+0000] {logging_mixin.py:190} INFO - [2026-05-08T20:50:05.792+0000] {dag.py:4180} INFO - Setting next_dagrun for tutorial to 2026-05-07 00:00:00+00:00, run_after=2026-05-08 00:00:00+00:00
[2026-05-08T20:50:05.810+0000] {processor.py:208} INFO - Processing /home/airflow/.local/lib/python3.12/site-packages/airflow/example_dags/tutorial.py took 0.081 seconds
[2026-05-08T20:50:37.182+0000] {processor.py:186} INFO - Started process (PID=2505) to work on /home/airflow/.local/lib/python3.12/site-packages/airflow/example_dags/tutorial.py
[2026-05-08T20:50:37.183+0000] {processor.py:914} INFO - Processing file /home/airflow/.local/lib/python3.12/site-packages/airflow/example_dags/tutorial.py for tasks to queue
[2026-05-08T20:50:37.185+0000] {logging_mixin.py:190} INFO - [2026-05-08T20:50:37.185+0000] {dagbag.py:588} INFO - Filling up the DagBag from /home/airflow/.local/lib/python3.12/site-packages/airflow/example_dags/tutorial.py
[2026-05-08T20:50:37.208+0000] {processor.py:925} INFO - DAG(s) 'tutorial' retrieved from /home/airflow/.local/lib/python3.12/site-packages/airflow/example_dags/tutorial.py
[2026-05-08T20:50:37.235+0000] {logging_mixin.py:190} INFO - [2026-05-08T20:50:37.235+0000] {dag.py:3239} INFO - Sync 1 DAGs
[2026-05-08T20:50:37.264+0000] {logging_mixin.py:190} INFO - [2026-05-08T20:50:37.263+0000] {dag.py:4180} INFO - Setting next_dagrun for tutorial to 2026-05-07 00:00:00+00:00, run_after=2026-05-08 00:00:00+00:00
[2026-05-08T20:50:37.282+0000] {processor.py:208} INFO - Processing /home/airflow/.local/lib/python3.12/site-packages/airflow/example_dags/tutorial.py took 0.106 seconds
[2026-05-08T20:51:07.796+0000] {processor.py:186} INFO - Started process (PID=2569) to work on /home/airflow/.local/lib/python3.12/site-packages/airflow/example_dags/tutorial.py
[2026-05-08T20:51:07.797+0000] {processor.py:914} INFO - Processing file /home/airflow/.local/lib/python3.12/site-packages/airflow/example_dags/tutorial.py for tasks to queue
[2026-05-08T20:51:07.798+0000] {logging_mixin.py:190} INFO - [2026-05-08T20:51:07.798+0000] {dagbag.py:588} INFO - Filling up the DagBag from /home/airflow/.local/lib/python3.12/site-packages/airflow/example_dags/tutorial.py
[2026-05-08T20:51:07.804+0000] {processor.py:925} INFO - DAG(s) 'tutorial' retrieved from /home/airflow/.local/lib/python3.12/site-packages/airflow/example_dags/tutorial.py
[2026-05-08T20:51:07.819+0000] {logging_mixin.py:190} INFO - [2026-05-08T20:51:07.819+0000] {dag.py:3239} INFO - Sync 1 DAGs
[2026-05-08T20:51:07.840+0000] {logging_mixin.py:190} INFO - [2026-05-08T20:51:07.840+0000] {dag.py:4180} INFO - Setting next_dagrun for tutorial to 2026-05-07 00:00:00+00:00, run_after=2026-05-08 00:00:00+00:00
[2026-05-08T20:51:07.857+0000] {processor.py:208} INFO - Processing /home/airflow/.local/lib/python3.12/site-packages/airflow/example_dags/tutorial.py took 0.066 seconds
[2026-05-08T20:51:38.635+0000] {processor.py:186} INFO - Started process (PID=2633) to work on /home/airflow/.local/lib/python3.12/site-packages/airflow/example_dags/tutorial.py
[2026-05-08T20:51:38.636+0000] {processor.py:914} INFO - Processing file /home/airflow/.local/lib/python3.12/site-packages/airflow/example_dags/tutorial.py for tasks to queue
[2026-05-08T20:51:38.638+0000] {logging_mixin.py:190} INFO - [2026-05-08T20:51:38.638+0000] {dagbag.py:588} INFO - Filling up the DagBag from /home/airflow/.local/lib/python3.12/site-packages/airflow/example_dags/tutorial.py
[2026-05-08T20:51:38.647+0000] {processor.py:925} INFO - DAG(s) 'tutorial' retrieved from /home/airflow/.local/lib/python3.12/site-packages/airflow/example_dags/tutorial.py
[2026-05-08T20:51:38.661+0000] {logging_mixin.py:190} INFO - [2026-05-08T20:51:38.661+0000] {dag.py:3239} INFO - Sync 1 DAGs
[2026-05-08T20:51:38.679+0000] {logging_mixin.py:190} INFO - [2026-05-08T20:51:38.679+0000] {dag.py:4180} INFO - Setting next_dagrun for tutorial to 2026-05-07 00:00:00+00:00, run_after=2026-05-08 00:00:00+00:00
[2026-05-08T20:51:38.693+0000] {processor.py:208} INFO - Processing /home/airflow/.local/lib/python3.12/site-packages/airflow/example_dags/tutorial.py took 0.062 seconds
[2026-05-08T20:52:08.924+0000] {processor.py:186} INFO - Started process (PID=2697) to work on /home/airflow/.local/lib/python3.12/site-packages/airflow/example_dags/tutorial.py
[2026-05-08T20:52:08.924+0000] {processor.py:914} INFO - Processing file /home/airflow/.local/lib/python3.12/site-packages/airflow/example_dags/tutorial.py for tasks to queue
[2026-05-08T20:52:08.926+0000] {logging_mixin.py:190} INFO - [2026-05-08T20:52:08.926+0000] {dagbag.py:588} INFO - Filling up the DagBag from /home/airflow/.local/lib/python3.12/site-packages/airflow/example_dags/tutorial.py
[2026-05-08T20:52:08.932+0000] {processor.py:925} INFO - DAG(s) 'tutorial' retrieved from /home/airflow/.local/lib/python3.12/site-packages/airflow/example_dags/tutorial.py
[2026-05-08T20:52:08.951+0000] {logging_mixin.py:190} INFO - [2026-05-08T20:52:08.951+0000] {dag.py:3239} INFO - Sync 1 DAGs
[2026-05-08T20:52:08.975+0000] {logging_mixin.py:190} INFO - [2026-05-08T20:52:08.975+0000] {dag.py:4180} INFO - Setting next_dagrun for tutorial to 2026-05-07 00:00:00+00:00, run_after=2026-05-08 00:00:00+00:00
[2026-05-08T20:52:08.991+0000] {processor.py:208} INFO - Processing /home/airflow/.local/lib/python3.12/site-packages/airflow/example_dags/tutorial.py took 0.072 seconds
[2026-05-08T20:52:39.418+0000] {processor.py:186} INFO - Started process (PID=2760) to work on /home/airflow/.local/lib/python3.12/site-packages/airflow/example_dags/tutorial.py
[2026-05-08T20:52:39.419+0000] {processor.py:914} INFO - Processing file /home/airflow/.local/lib/python3.12/site-packages/airflow/example_dags/tutorial.py for tasks to queue
[2026-05-08T20:52:39.420+0000] {logging_mixin.py:190} INFO - [2026-05-08T20:52:39.420+0000] {dagbag.py:588} INFO - Filling up the DagBag from /home/airflow/.local/lib/python3.12/site-packages/airflow/example_dags/tutorial.py
[2026-05-08T20:52:39.427+0000] {processor.py:925} INFO - DAG(s) 'tutorial' retrieved from /home/airflow/.local/lib/python3.12/site-packages/airflow/example_dags/tutorial.py
[2026-05-08T20:52:39.442+0000] {logging_mixin.py:190} INFO - [2026-05-08T20:52:39.442+0000] {dag.py:3239} INFO - Sync 1 DAGs
[2026-05-08T20:52:39.459+0000] {logging_mixin.py:190} INFO - [2026-05-08T20:52:39.459+0000] {dag.py:4180} INFO - Setting next_dagrun for tutorial to 2026-05-07 00:00:00+00:00, run_after=2026-05-08 00:00:00+00:00
[2026-05-08T20:52:39.473+0000] {processor.py:208} INFO - Processing /home/airflow/.local/lib/python3.12/site-packages/airflow/example_dags/tutorial.py took 0.060 seconds
[2026-05-08T20:53:10.402+0000] {processor.py:186} INFO - Started process (PID=2824) to work on /home/airflow/.local/lib/python3.12/site-packages/airflow/example_dags/tutorial.py
[2026-05-08T20:53:10.403+0000] {processor.py:914} INFO - Processing file /home/airflow/.local/lib/python3.12/site-packages/airflow/example_dags/tutorial.py for tasks to queue
[2026-05-08T20:53:10.405+0000] {logging_mixin.py:190} INFO - [2026-05-08T20:53:10.405+0000] {dagbag.py:588} INFO - Filling up the DagBag from /home/airflow/.local/lib/python3.12/site-packages/airflow/example_dags/tutorial.py
[2026-05-08T20:53:10.413+0000] {processor.py:925} INFO - DAG(s) 'tutorial' retrieved from /home/airflow/.local/lib/python3.12/site-packages/airflow/example_dags/tutorial.py
[2026-05-08T20:53:10.437+0000] {logging_mixin.py:190} INFO - [2026-05-08T20:53:10.437+0000] {dag.py:3239} INFO - Sync 1 DAGs
[2026-05-08T20:53:10.466+0000] {logging_mixin.py:190} INFO - [2026-05-08T20:53:10.465+0000] {dag.py:4180} INFO - Setting next_dagrun for tutorial to 2026-05-07 00:00:00+00:00, run_after=2026-05-08 00:00:00+00:00
[2026-05-08T20:53:10.483+0000] {processor.py:208} INFO - Processing /home/airflow/.local/lib/python3.12/site-packages/airflow/example_dags/tutorial.py took 0.089 seconds
[2026-05-08T20:53:41.546+0000] {processor.py:186} INFO - Started process (PID=2888) to work on /home/airflow/.local/lib/python3.12/site-packages/airflow/example_dags/tutorial.py
[2026-05-08T20:53:41.548+0000] {processor.py:914} INFO - Processing file /home/airflow/.local/lib/python3.12/site-packages/airflow/example_dags/tutorial.py for tasks to queue
[2026-05-08T20:53:41.550+0000] {logging_mixin.py:190} INFO - [2026-05-08T20:53:41.550+0000] {dagbag.py:588} INFO - Filling up the DagBag from /home/airflow/.local/lib/python3.12/site-packages/airflow/example_dags/tutorial.py
[2026-05-08T20:53:41.560+0000] {processor.py:925} INFO - DAG(s) 'tutorial' retrieved from /home/airflow/.local/lib/python3.12/site-packages/airflow/example_dags/tutorial.py
[2026-05-08T20:53:41.579+0000] {logging_mixin.py:190} INFO - [2026-05-08T20:53:41.578+0000] {dag.py:3239} INFO - Sync 1 DAGs
[2026-05-08T20:53:41.598+0000] {logging_mixin.py:190} INFO - [2026-05-08T20:53:41.597+0000] {dag.py:4180} INFO - Setting next_dagrun for tutorial to 2026-05-07 00:00:00+00:00, run_after=2026-05-08 00:00:00+00:00
[2026-05-08T20:53:41.611+0000] {processor.py:208} INFO - Processing /home/airflow/.local/lib/python3.12/site-packages/airflow/example_dags/tutorial.py took 0.072 seconds
[2026-05-08T20:54:11.951+0000] {processor.py:186} INFO - Started process (PID=2951) to work on /home/airflow/.local/lib/python3.12/site-packages/airflow/example_dags/tutorial.py
[2026-05-08T20:54:11.952+0000] {processor.py:914} INFO - Processing file /home/airflow/.local/lib/python3.12/site-packages/airflow/example_dags/tutorial.py for tasks to queue
[2026-05-08T20:54:11.954+0000] {logging_mixin.py:190} INFO - [2026-05-08T20:54:11.953+0000] {dagbag.py:588} INFO - Filling up the DagBag from /home/airflow/.local/lib/python3.12/site-packages/airflow/example_dags/tutorial.py
[2026-05-08T20:54:11.960+0000] {processor.py:925} INFO - DAG(s) 'tutorial' retrieved from /home/airflow/.local/lib/python3.12/site-packages/airflow/example_dags/tutorial.py
[2026-05-08T20:54:11.977+0000] {logging_mixin.py:190} INFO - [2026-05-08T20:54:11.977+0000] {dag.py:3239} INFO - Sync 1 DAGs
[2026-05-08T20:54:11.996+0000] {logging_mixin.py:190} INFO - [2026-05-08T20:54:11.996+0000] {dag.py:4180} INFO - Setting next_dagrun for tutorial to 2026-05-07 00:00:00+00:00, run_after=2026-05-08 00:00:00+00:00
[2026-05-08T20:54:12.010+0000] {processor.py:208} INFO - Processing /home/airflow/.local/lib/python3.12/site-packages/airflow/example_dags/tutorial.py took 0.064 seconds
[2026-05-08T20:54:42.668+0000] {processor.py:186} INFO - Started process (PID=3015) to work on /home/airflow/.local/lib/python3.12/site-packages/airflow/example_dags/tutorial.py
[2026-05-08T20:54:42.669+0000] {processor.py:914} INFO - Processing file /home/airflow/.local/lib/python3.12/site-packages/airflow/example_dags/tutorial.py for tasks to queue
[2026-05-08T20:54:42.671+0000] {logging_mixin.py:190} INFO - [2026-05-08T20:54:42.670+0000] {dagbag.py:588} INFO - Filling up the DagBag from /home/airflow/.local/lib/python3.12/site-packages/airflow/example_dags/tutorial.py
[2026-05-08T20:54:42.677+0000] {processor.py:925} INFO - DAG(s) 'tutorial' retrieved from /home/airflow/.local/lib/python3.12/site-packages/airflow/example_dags/tutorial.py
[2026-05-08T20:54:42.692+0000] {logging_mixin.py:190} INFO - [2026-05-08T20:54:42.692+0000] {dag.py:3239} INFO - Sync 1 DAGs
[2026-05-08T20:54:42.710+0000] {logging_mixin.py:190} INFO - [2026-05-08T20:54:42.710+0000] {dag.py:4180} INFO - Setting next_dagrun for tutorial to 2026-05-07 00:00:00+00:00, run_after=2026-05-08 00:00:00+00:00
[2026-05-08T20:54:42.724+0000] {processor.py:208} INFO - Processing /home/airflow/.local/lib/python3.12/site-packages/airflow/example_dags/tutorial.py took 0.060 seconds
[2026-05-08T20:55:13.368+0000] {processor.py:186} INFO - Started process (PID=3079) to work on /home/airflow/.local/lib/python3.12/site-packages/airflow/example_dags/tutorial.py
[2026-05-08T20:55:13.369+0000] {processor.py:914} INFO - Processing file /home/airflow/.local/lib/python3.12/site-packages/airflow/example_dags/tutorial.py for tasks to queue
[2026-05-08T20:55:13.370+0000] {logging_mixin.py:190} INFO - [2026-05-08T20:55:13.370+0000] {dagbag.py:588} INFO - Filling up the DagBag from /home/airflow/.local/lib/python3.12/site-packages/airflow/example_dags/tutorial.py
[2026-05-08T20:55:13.377+0000] {processor.py:925} INFO - DAG(s) 'tutorial' retrieved from /home/airflow/.local/lib/python3.12/site-packages/airflow/example_dags/tutorial.py
[2026-05-08T20:55:13.395+0000] {logging_mixin.py:190} INFO - [2026-05-08T20:55:13.394+0000] {dag.py:3239} INFO - Sync 1 DAGs
[2026-05-08T20:55:13.416+0000] {logging_mixin.py:190} INFO - [2026-05-08T20:55:13.416+0000] {dag.py:4180} INFO - Setting next_dagrun for tutorial to 2026-05-07 00:00:00+00:00, run_after=2026-05-08 00:00:00+00:00
[2026-05-08T20:55:13.430+0000] {processor.py:208} INFO - Processing /home/airflow/.local/lib/python3.12/site-packages/airflow/example_dags/tutorial.py took 0.066 seconds
[2026-05-08T20:55:44.417+0000] {processor.py:186} INFO - Started process (PID=3142) to work on /home/airflow/.local/lib/python3.12/site-packages/airflow/example_dags/tutorial.py
[2026-05-08T20:55:44.418+0000] {processor.py:914} INFO - Processing file /home/airflow/.local/lib/python3.12/site-packages/airflow/example_dags/tutorial.py for tasks to queue
[2026-05-08T20:55:44.419+0000] {logging_mixin.py:190} INFO - [2026-05-08T20:55:44.419+0000] {dagbag.py:588} INFO - Filling up the DagBag from /home/airflow/.local/lib/python3.12/site-packages/airflow/example_dags/tutorial.py
[2026-05-08T20:55:44.425+0000] {processor.py:925} INFO - DAG(s) 'tutorial' retrieved from /home/airflow/.local/lib/python3.12/site-packages/airflow/example_dags/tutorial.py
[2026-05-08T20:55:44.441+0000] {logging_mixin.py:190} INFO - [2026-05-08T20:55:44.441+0000] {dag.py:3239} INFO - Sync 1 DAGs
[2026-05-08T20:55:44.461+0000] {logging_mixin.py:190} INFO - [2026-05-08T20:55:44.461+0000] {dag.py:4180} INFO - Setting next_dagrun for tutorial to 2026-05-07 00:00:00+00:00, run_after=2026-05-08 00:00:00+00:00
[2026-05-08T20:55:44.475+0000] {processor.py:208} INFO - Processing /home/airflow/.local/lib/python3.12/site-packages/airflow/example_dags/tutorial.py took 0.062 seconds
[2026-05-08T20:56:14.759+0000] {processor.py:186} INFO - Started process (PID=3206) to work on /home/airflow/.local/lib/python3.12/site-packages/airflow/example_dags/tutorial.py
[2026-05-08T20:56:14.760+0000] {processor.py:914} INFO - Processing file /home/airflow/.local/lib/python3.12/site-packages/airflow/example_dags/tutorial.py for tasks to queue
[2026-05-08T20:56:14.762+0000] {logging_mixin.py:190} INFO - [2026-05-08T20:56:14.762+0000] {dagbag.py:588} INFO - Filling up the DagBag from /home/airflow/.local/lib/python3.12/site-packages/airflow/example_dags/tutorial.py
[2026-05-08T20:56:14.770+0000] {processor.py:925} INFO - DAG(s) 'tutorial' retrieved from /home/airflow/.local/lib/python3.12/site-packages/airflow/example_dags/tutorial.py
[2026-05-08T20:56:14.792+0000] {logging_mixin.py:190} INFO - [2026-05-08T20:56:14.792+0000] {dag.py:3239} INFO - Sync 1 DAGs
[2026-05-08T20:56:14.819+0000] {logging_mixin.py:190} INFO - [2026-05-08T20:56:14.819+0000] {dag.py:4180} INFO - Setting next_dagrun for tutorial to 2026-05-07 00:00:00+00:00, run_after=2026-05-08 00:00:00+00:00
[2026-05-08T20:56:14.836+0000] {processor.py:208} INFO - Processing /home/airflow/.local/lib/python3.12/site-packages/airflow/example_dags/tutorial.py took 0.084 seconds
[2026-05-08T20:56:45.692+0000] {processor.py:186} INFO - Started process (PID=3270) to work on /home/airflow/.local/lib/python3.12/site-packages/airflow/example_dags/tutorial.py
[2026-05-08T20:56:45.693+0000] {processor.py:914} INFO - Processing file /home/airflow/.local/lib/python3.12/site-packages/airflow/example_dags/tutorial.py for tasks to queue
[2026-05-08T20:56:45.694+0000] {logging_mixin.py:190} INFO - [2026-05-08T20:56:45.694+0000] {dagbag.py:588} INFO - Filling up the DagBag from /home/airflow/.local/lib/python3.12/site-packages/airflow/example_dags/tutorial.py
[2026-05-08T20:56:45.703+0000] {processor.py:925} INFO - DAG(s) 'tutorial' retrieved from /home/airflow/.local/lib/python3.12/site-packages/airflow/example_dags/tutorial.py
[2026-05-08T20:56:45.719+0000] {logging_mixin.py:190} INFO - [2026-05-08T20:56:45.719+0000] {dag.py:3239} INFO - Sync 1 DAGs
[2026-05-08T20:56:45.737+0000] {logging_mixin.py:190} INFO - [2026-05-08T20:56:45.737+0000] {dag.py:4180} INFO - Setting next_dagrun for tutorial to 2026-05-07 00:00:00+00:00, run_after=2026-05-08 00:00:00+00:00
[2026-05-08T20:56:45.751+0000] {processor.py:208} INFO - Processing /home/airflow/.local/lib/python3.12/site-packages/airflow/example_dags/tutorial.py took 0.064 seconds
[2026-05-08T20:57:16.281+0000] {processor.py:186} INFO - Started process (PID=3334) to work on /home/airflow/.local/lib/python3.12/site-packages/airflow/example_dags/tutorial.py
[2026-05-08T20:57:16.282+0000] {processor.py:914} INFO - Processing file /home/airflow/.local/lib/python3.12/site-packages/airflow/example_dags/tutorial.py for tasks to queue
[2026-05-08T20:57:16.283+0000] {logging_mixin.py:190} INFO - [2026-05-08T20:57:16.283+0000] {dagbag.py:588} INFO - Filling up the DagBag from /home/airflow/.local/lib/python3.12/site-packages/airflow/example_dags/tutorial.py
[2026-05-08T20:57:16.290+0000] {processor.py:925} INFO - DAG(s) 'tutorial' retrieved from /home/airflow/.local/lib/python3.12/site-packages/airflow/example_dags/tutorial.py
[2026-05-08T20:57:16.306+0000] {logging_mixin.py:190} INFO - [2026-05-08T20:57:16.306+0000] {dag.py:3239} INFO - Sync 1 DAGs
[2026-05-08T20:57:16.325+0000] {logging_mixin.py:190} INFO - [2026-05-08T20:57:16.325+0000] {dag.py:4180} INFO - Setting next_dagrun for tutorial to 2026-05-07 00:00:00+00:00, run_after=2026-05-08 00:00:00+00:00
[2026-05-08T20:57:16.341+0000] {processor.py:208} INFO - Processing /home/airflow/.local/lib/python3.12/site-packages/airflow/example_dags/tutorial.py took 0.064 seconds
[2026-05-08T20:57:47.334+0000] {processor.py:186} INFO - Started process (PID=3398) to work on /home/airflow/.local/lib/python3.12/site-packages/airflow/example_dags/tutorial.py
[2026-05-08T20:57:47.335+0000] {processor.py:914} INFO - Processing file /home/airflow/.local/lib/python3.12/site-packages/airflow/example_dags/tutorial.py for tasks to queue
[2026-05-08T20:57:47.337+0000] {logging_mixin.py:190} INFO - [2026-05-08T20:57:47.337+0000] {dagbag.py:588} INFO - Filling up the DagBag from /home/airflow/.local/lib/python3.12/site-packages/airflow/example_dags/tutorial.py
[2026-05-08T20:57:47.343+0000] {processor.py:925} INFO - DAG(s) 'tutorial' retrieved from /home/airflow/.local/lib/python3.12/site-packages/airflow/example_dags/tutorial.py
[2026-05-08T20:57:47.360+0000] {logging_mixin.py:190} INFO - [2026-05-08T20:57:47.359+0000] {dag.py:3239} INFO - Sync 1 DAGs
[2026-05-08T20:57:47.378+0000] {logging_mixin.py:190} INFO - [2026-05-08T20:57:47.378+0000] {dag.py:4180} INFO - Setting next_dagrun for tutorial to 2026-05-07 00:00:00+00:00, run_after=2026-05-08 00:00:00+00:00
[2026-05-08T20:57:47.392+0000] {processor.py:208} INFO - Processing /home/airflow/.local/lib/python3.12/site-packages/airflow/example_dags/tutorial.py took 0.062 seconds
[2026-05-08T20:58:18.142+0000] {processor.py:186} INFO - Started process (PID=3462) to work on /home/airflow/.local/lib/python3.12/site-packages/airflow/example_dags/tutorial.py
[2026-05-08T20:58:18.143+0000] {processor.py:914} INFO - Processing file /home/airflow/.local/lib/python3.12/site-packages/airflow/example_dags/tutorial.py for tasks to queue
[2026-05-08T20:58:18.144+0000] {logging_mixin.py:190} INFO - [2026-05-08T20:58:18.144+0000] {dagbag.py:588} INFO - Filling up the DagBag from /home/airflow/.local/lib/python3.12/site-packages/airflow/example_dags/tutorial.py
[2026-05-08T20:58:18.151+0000] {processor.py:925} INFO - DAG(s) 'tutorial' retrieved from /home/airflow/.local/lib/python3.12/site-packages/airflow/example_dags/tutorial.py
[2026-05-08T20:58:18.166+0000] {logging_mixin.py:190} INFO - [2026-05-08T20:58:18.166+0000] {dag.py:3239} INFO - Sync 1 DAGs
[2026-05-08T20:58:18.184+0000] {logging_mixin.py:190} INFO - [2026-05-08T20:58:18.184+0000] {dag.py:4180} INFO - Setting next_dagrun for tutorial to 2026-05-07 00:00:00+00:00, run_after=2026-05-08 00:00:00+00:00
[2026-05-08T20:58:18.198+0000] {processor.py:208} INFO - Processing /home/airflow/.local/lib/python3.12/site-packages/airflow/example_dags/tutorial.py took 0.060 seconds
[2026-05-08T20:58:48.361+0000] {processor.py:186} INFO - Started process (PID=3525) to work on /home/airflow/.local/lib/python3.12/site-packages/airflow/example_dags/tutorial.py
[2026-05-08T20:58:48.362+0000] {processor.py:914} INFO - Processing file /home/airflow/.local/lib/python3.12/site-packages/airflow/example_dags/tutorial.py for tasks to queue
[2026-05-08T20:58:48.364+0000] {logging_mixin.py:190} INFO - [2026-05-08T20:58:48.364+0000] {dagbag.py:588} INFO - Filling up the DagBag from /home/airflow/.local/lib/python3.12/site-packages/airflow/example_dags/tutorial.py
[2026-05-08T20:58:48.373+0000] {processor.py:925} INFO - DAG(s) 'tutorial' retrieved from /home/airflow/.local/lib/python3.12/site-packages/airflow/example_dags/tutorial.py
[2026-05-08T20:58:48.392+0000] {logging_mixin.py:190} INFO - [2026-05-08T20:58:48.392+0000] {dag.py:3239} INFO - Sync 1 DAGs
[2026-05-08T20:58:48.411+0000] {logging_mixin.py:190} INFO - [2026-05-08T20:58:48.410+0000] {dag.py:4180} INFO - Setting next_dagrun for tutorial to 2026-05-07 00:00:00+00:00, run_after=2026-05-08 00:00:00+00:00
[2026-05-08T20:58:48.426+0000] {processor.py:208} INFO - Processing /home/airflow/.local/lib/python3.12/site-packages/airflow/example_dags/tutorial.py took 0.072 seconds
[2026-05-08T20:59:19.390+0000] {processor.py:186} INFO - Started process (PID=3589) to work on /home/airflow/.local/lib/python3.12/site-packages/airflow/example_dags/tutorial.py
[2026-05-08T20:59:19.391+0000] {processor.py:914} INFO - Processing file /home/airflow/.local/lib/python3.12/site-packages/airflow/example_dags/tutorial.py for tasks to queue
[2026-05-08T20:59:19.393+0000] {logging_mixin.py:190} INFO - [2026-05-08T20:59:19.393+0000] {dagbag.py:588} INFO - Filling up the DagBag from /home/airflow/.local/lib/python3.12/site-packages/airflow/example_dags/tutorial.py
[2026-05-08T20:59:19.402+0000] {processor.py:925} INFO - DAG(s) 'tutorial' retrieved from /home/airflow/.local/lib/python3.12/site-packages/airflow/example_dags/tutorial.py
[2026-05-08T20:59:19.422+0000] {logging_mixin.py:190} INFO - [2026-05-08T20:59:19.422+0000] {dag.py:3239} INFO - Sync 1 DAGs
[2026-05-08T20:59:19.449+0000] {logging_mixin.py:190} INFO - [2026-05-08T20:59:19.449+0000] {dag.py:4180} INFO - Setting next_dagrun for tutorial to 2026-05-07 00:00:00+00:00, run_after=2026-05-08 00:00:00+00:00
[2026-05-08T20:59:19.467+0000] {processor.py:208} INFO - Processing /home/airflow/.local/lib/python3.12/site-packages/airflow/example_dags/tutorial.py took 0.083 seconds
[2026-05-08T20:59:49.939+0000] {processor.py:186} INFO - Started process (PID=3653) to work on /home/airflow/.local/lib/python3.12/site-packages/airflow/example_dags/tutorial.py
[2026-05-08T20:59:49.940+0000] {processor.py:914} INFO - Processing file /home/airflow/.local/lib/python3.12/site-packages/airflow/example_dags/tutorial.py for tasks to queue
[2026-05-08T20:59:49.942+0000] {logging_mixin.py:190} INFO - [2026-05-08T20:59:49.941+0000] {dagbag.py:588} INFO - Filling up the DagBag from /home/airflow/.local/lib/python3.12/site-packages/airflow/example_dags/tutorial.py
[2026-05-08T20:59:49.948+0000] {processor.py:925} INFO - DAG(s) 'tutorial' retrieved from /home/airflow/.local/lib/python3.12/site-packages/airflow/example_dags/tutorial.py
[2026-05-08T20:59:49.962+0000] {logging_mixin.py:190} INFO - [2026-05-08T20:59:49.962+0000] {dag.py:3239} INFO - Sync 1 DAGs
[2026-05-08T20:59:49.982+0000] {logging_mixin.py:190} INFO - [2026-05-08T20:59:49.982+0000] {dag.py:4180} INFO - Setting next_dagrun for tutorial to 2026-05-07 00:00:00+00:00, run_after=2026-05-08 00:00:00+00:00
[2026-05-08T20:59:49.996+0000] {processor.py:208} INFO - Processing /home/airflow/.local/lib/python3.12/site-packages/airflow/example_dags/tutorial.py took 0.062 seconds
[2026-05-08T21:00:21.453+0000] {processor.py:186} INFO - Started process (PID=3718) to work on /home/airflow/.local/lib/python3.12/site-packages/airflow/example_dags/tutorial.py
[2026-05-08T21:00:21.453+0000] {processor.py:914} INFO - Processing file /home/airflow/.local/lib/python3.12/site-packages/airflow/example_dags/tutorial.py for tasks to queue
[2026-05-08T21:00:21.455+0000] {logging_mixin.py:190} INFO - [2026-05-08T21:00:21.455+0000] {dagbag.py:588} INFO - Filling up the DagBag from /home/airflow/.local/lib/python3.12/site-packages/airflow/example_dags/tutorial.py
[2026-05-08T21:00:21.462+0000] {processor.py:925} INFO - DAG(s) 'tutorial' retrieved from /home/airflow/.local/lib/python3.12/site-packages/airflow/example_dags/tutorial.py
[2026-05-08T21:00:21.480+0000] {logging_mixin.py:190} INFO - [2026-05-08T21:00:21.480+0000] {dag.py:3239} INFO - Sync 1 DAGs
[2026-05-08T21:00:21.500+0000] {logging_mixin.py:190} INFO - [2026-05-08T21:00:21.500+0000] {dag.py:4180} INFO - Setting next_dagrun for tutorial to 2026-05-07 00:00:00+00:00, run_after=2026-05-08 00:00:00+00:00
[2026-05-08T21:00:21.513+0000] {processor.py:208} INFO - Processing /home/airflow/.local/lib/python3.12/site-packages/airflow/example_dags/tutorial.py took 0.066 seconds
[2026-05-08T21:00:52.911+0000] {processor.py:186} INFO - Started process (PID=3782) to work on /home/airflow/.local/lib/python3.12/site-packages/airflow/example_dags/tutorial.py
[2026-05-08T21:00:52.911+0000] {processor.py:914} INFO - Processing file /home/airflow/.local/lib/python3.12/site-packages/airflow/example_dags/tutorial.py for tasks to queue
[2026-05-08T21:00:52.914+0000] {logging_mixin.py:190} INFO - [2026-05-08T21:00:52.913+0000] {dagbag.py:588} INFO - Filling up the DagBag from /home/airflow/.local/lib/python3.12/site-packages/airflow/example_dags/tutorial.py
[2026-05-08T21:00:52.923+0000] {processor.py:925} INFO - DAG(s) 'tutorial' retrieved from /home/airflow/.local/lib/python3.12/site-packages/airflow/example_dags/tutorial.py
[2026-05-08T21:00:52.939+0000] {logging_mixin.py:190} INFO - [2026-05-08T21:00:52.939+0000] {dag.py:3239} INFO - Sync 1 DAGs
[2026-05-08T21:00:52.960+0000] {logging_mixin.py:190} INFO - [2026-05-08T21:00:52.960+0000] {dag.py:4180} INFO - Setting next_dagrun for tutorial to 2026-05-07 00:00:00+00:00, run_after=2026-05-08 00:00:00+00:00
[2026-05-08T21:00:53.123+0000] {processor.py:208} INFO - Processing /home/airflow/.local/lib/python3.12/site-packages/airflow/example_dags/tutorial.py took 0.219 seconds
[2026-05-08T21:01:24.483+0000] {processor.py:186} INFO - Started process (PID=3846) to work on /home/airflow/.local/lib/python3.12/site-packages/airflow/example_dags/tutorial.py
[2026-05-08T21:01:24.483+0000] {processor.py:914} INFO - Processing file /home/airflow/.local/lib/python3.12/site-packages/airflow/example_dags/tutorial.py for tasks to queue
[2026-05-08T21:01:24.485+0000] {logging_mixin.py:190} INFO - [2026-05-08T21:01:24.485+0000] {dagbag.py:588} INFO - Filling up the DagBag from /home/airflow/.local/lib/python3.12/site-packages/airflow/example_dags/tutorial.py
[2026-05-08T21:01:24.491+0000] {processor.py:925} INFO - DAG(s) 'tutorial' retrieved from /home/airflow/.local/lib/python3.12/site-packages/airflow/example_dags/tutorial.py
[2026-05-08T21:01:24.509+0000] {logging_mixin.py:190} INFO - [2026-05-08T21:01:24.509+0000] {dag.py:3239} INFO - Sync 1 DAGs
[2026-05-08T21:01:24.536+0000] {logging_mixin.py:190} INFO - [2026-05-08T21:01:24.536+0000] {dag.py:4180} INFO - Setting next_dagrun for tutorial to 2026-05-07 00:00:00+00:00, run_after=2026-05-08 00:00:00+00:00
[2026-05-08T21:01:24.554+0000] {processor.py:208} INFO - Processing /home/airflow/.local/lib/python3.12/site-packages/airflow/example_dags/tutorial.py took 0.076 seconds
[2026-05-08T21:01:55.529+0000] {processor.py:186} INFO - Started process (PID=3910) to work on /home/airflow/.local/lib/python3.12/site-packages/airflow/example_dags/tutorial.py
[2026-05-08T21:01:55.530+0000] {processor.py:914} INFO - Processing file /home/airflow/.local/lib/python3.12/site-packages/airflow/example_dags/tutorial.py for tasks to queue
[2026-05-08T21:01:55.532+0000] {logging_mixin.py:190} INFO - [2026-05-08T21:01:55.531+0000] {dagbag.py:588} INFO - Filling up the DagBag from /home/airflow/.local/lib/python3.12/site-packages/airflow/example_dags/tutorial.py
[2026-05-08T21:01:55.538+0000] {processor.py:925} INFO - DAG(s) 'tutorial' retrieved from /home/airflow/.local/lib/python3.12/site-packages/airflow/example_dags/tutorial.py
[2026-05-08T21:01:55.554+0000] {logging_mixin.py:190} INFO - [2026-05-08T21:01:55.553+0000] {dag.py:3239} INFO - Sync 1 DAGs
[2026-05-08T21:01:55.572+0000] {logging_mixin.py:190} INFO - [2026-05-08T21:01:55.572+0000] {dag.py:4180} INFO - Setting next_dagrun for tutorial to 2026-05-07 00:00:00+00:00, run_after=2026-05-08 00:00:00+00:00
[2026-05-08T21:01:55.738+0000] {processor.py:208} INFO - Processing /home/airflow/.local/lib/python3.12/site-packages/airflow/example_dags/tutorial.py took 0.214 seconds
[2026-05-08T21:02:26.330+0000] {processor.py:186} INFO - Started process (PID=3974) to work on /home/airflow/.local/lib/python3.12/site-packages/airflow/example_dags/tutorial.py
[2026-05-08T21:02:26.331+0000] {processor.py:914} INFO - Processing file /home/airflow/.local/lib/python3.12/site-packages/airflow/example_dags/tutorial.py for tasks to queue
[2026-05-08T21:02:26.333+0000] {logging_mixin.py:190} INFO - [2026-05-08T21:02:26.332+0000] {dagbag.py:588} INFO - Filling up the DagBag from /home/airflow/.local/lib/python3.12/site-packages/airflow/example_dags/tutorial.py
[2026-05-08T21:02:26.340+0000] {processor.py:925} INFO - DAG(s) 'tutorial' retrieved from /home/airflow/.local/lib/python3.12/site-packages/airflow/example_dags/tutorial.py
[2026-05-08T21:02:26.358+0000] {logging_mixin.py:190} INFO - [2026-05-08T21:02:26.358+0000] {dag.py:3239} INFO - Sync 1 DAGs
[2026-05-08T21:02:26.380+0000] {logging_mixin.py:190} INFO - [2026-05-08T21:02:26.380+0000] {dag.py:4180} INFO - Setting next_dagrun for tutorial to 2026-05-07 00:00:00+00:00, run_after=2026-05-08 00:00:00+00:00
[2026-05-08T21:02:26.394+0000] {processor.py:208} INFO - Processing /home/airflow/.local/lib/python3.12/site-packages/airflow/example_dags/tutorial.py took 0.068 seconds
[2026-05-08T21:02:56.746+0000] {processor.py:186} INFO - Started process (PID=4037) to work on /home/airflow/.local/lib/python3.12/site-packages/airflow/example_dags/tutorial.py
[2026-05-08T21:02:56.746+0000] {processor.py:914} INFO - Processing file /home/airflow/.local/lib/python3.12/site-packages/airflow/example_dags/tutorial.py for tasks to queue
[2026-05-08T21:02:56.748+0000] {logging_mixin.py:190} INFO - [2026-05-08T21:02:56.747+0000] {dagbag.py:588} INFO - Filling up the DagBag from /home/airflow/.local/lib/python3.12/site-packages/airflow/example_dags/tutorial.py
[2026-05-08T21:02:56.754+0000] {processor.py:925} INFO - DAG(s) 'tutorial' retrieved from /home/airflow/.local/lib/python3.12/site-packages/airflow/example_dags/tutorial.py
[2026-05-08T21:02:56.769+0000] {logging_mixin.py:190} INFO - [2026-05-08T21:02:56.769+0000] {dag.py:3239} INFO - Sync 1 DAGs
[2026-05-08T21:02:56.790+0000] {logging_mixin.py:190} INFO - [2026-05-08T21:02:56.789+0000] {dag.py:4180} INFO - Setting next_dagrun for tutorial to 2026-05-07 00:00:00+00:00, run_after=2026-05-08 00:00:00+00:00
[2026-05-08T21:02:56.805+0000] {processor.py:208} INFO - Processing /home/airflow/.local/lib/python3.12/site-packages/airflow/example_dags/tutorial.py took 0.064 seconds
[2026-05-08T21:03:28.433+0000] {processor.py:186} INFO - Started process (PID=4102) to work on /home/airflow/.local/lib/python3.12/site-packages/airflow/example_dags/tutorial.py
[2026-05-08T21:03:28.434+0000] {processor.py:914} INFO - Processing file /home/airflow/.local/lib/python3.12/site-packages/airflow/example_dags/tutorial.py for tasks to queue
[2026-05-08T21:03:28.436+0000] {logging_mixin.py:190} INFO - [2026-05-08T21:03:28.436+0000] {dagbag.py:588} INFO - Filling up the DagBag from /home/airflow/.local/lib/python3.12/site-packages/airflow/example_dags/tutorial.py
[2026-05-08T21:03:28.444+0000] {processor.py:925} INFO - DAG(s) 'tutorial' retrieved from /home/airflow/.local/lib/python3.12/site-packages/airflow/example_dags/tutorial.py
[2026-05-08T21:03:28.460+0000] {logging_mixin.py:190} INFO - [2026-05-08T21:03:28.460+0000] {dag.py:3239} INFO - Sync 1 DAGs
[2026-05-08T21:03:28.480+0000] {logging_mixin.py:190} INFO - [2026-05-08T21:03:28.480+0000] {dag.py:4180} INFO - Setting next_dagrun for tutorial to 2026-05-07 00:00:00+00:00, run_after=2026-05-08 00:00:00+00:00
[2026-05-08T21:03:28.496+0000] {processor.py:208} INFO - Processing /home/airflow/.local/lib/python3.12/site-packages/airflow/example_dags/tutorial.py took 0.069 seconds
[2026-05-08T21:04:02.477+0000] {processor.py:186} INFO - Started process (PID=4168) to work on /home/airflow/.local/lib/python3.12/site-packages/airflow/example_dags/tutorial.py
[2026-05-08T21:04:02.478+0000] {processor.py:914} INFO - Processing file /home/airflow/.local/lib/python3.12/site-packages/airflow/example_dags/tutorial.py for tasks to queue
[2026-05-08T21:04:02.479+0000] {logging_mixin.py:190} INFO - [2026-05-08T21:04:02.479+0000] {dagbag.py:588} INFO - Filling up the DagBag from /home/airflow/.local/lib/python3.12/site-packages/airflow/example_dags/tutorial.py
[2026-05-08T21:04:02.486+0000] {processor.py:925} INFO - DAG(s) 'tutorial' retrieved from /home/airflow/.local/lib/python3.12/site-packages/airflow/example_dags/tutorial.py
[2026-05-08T21:04:02.503+0000] {logging_mixin.py:190} INFO - [2026-05-08T21:04:02.503+0000] {dag.py:3239} INFO - Sync 1 DAGs
[2026-05-08T21:04:02.523+0000] {logging_mixin.py:190} INFO - [2026-05-08T21:04:02.523+0000] {dag.py:4180} INFO - Setting next_dagrun for tutorial to 2026-05-07 00:00:00+00:00, run_after=2026-05-08 00:00:00+00:00
[2026-05-08T21:04:02.537+0000] {processor.py:208} INFO - Processing /home/airflow/.local/lib/python3.12/site-packages/airflow/example_dags/tutorial.py took 0.065 seconds
[2026-05-08T21:04:33.020+0000] {processor.py:186} INFO - Started process (PID=4232) to work on /home/airflow/.local/lib/python3.12/site-packages/airflow/example_dags/tutorial.py
[2026-05-08T21:04:33.021+0000] {processor.py:914} INFO - Processing file /home/airflow/.local/lib/python3.12/site-packages/airflow/example_dags/tutorial.py for tasks to queue
[2026-05-08T21:04:33.023+0000] {logging_mixin.py:190} INFO - [2026-05-08T21:04:33.023+0000] {dagbag.py:588} INFO - Filling up the DagBag from /home/airflow/.local/lib/python3.12/site-packages/airflow/example_dags/tutorial.py
[2026-05-08T21:04:33.032+0000] {processor.py:925} INFO - DAG(s) 'tutorial' retrieved from /home/airflow/.local/lib/python3.12/site-packages/airflow/example_dags/tutorial.py
[2026-05-08T21:04:33.048+0000] {logging_mixin.py:190} INFO - [2026-05-08T21:04:33.048+0000] {dag.py:3239} INFO - Sync 1 DAGs
[2026-05-08T21:04:33.071+0000] {logging_mixin.py:190} INFO - [2026-05-08T21:04:33.071+0000] {dag.py:4180} INFO - Setting next_dagrun for tutorial to 2026-05-07 00:00:00+00:00, run_after=2026-05-08 00:00:00+00:00
[2026-05-08T21:04:33.104+0000] {processor.py:208} INFO - Processing /home/airflow/.local/lib/python3.12/site-packages/airflow/example_dags/tutorial.py took 0.089 seconds
[2026-05-08T21:05:04.484+0000] {processor.py:186} INFO - Started process (PID=4302) to work on /home/airflow/.local/lib/python3.12/site-packages/airflow/example_dags/tutorial.py
[2026-05-08T21:05:04.485+0000] {processor.py:914} INFO - Processing file /home/airflow/.local/lib/python3.12/site-packages/airflow/example_dags/tutorial.py for tasks to queue
[2026-05-08T21:05:04.487+0000] {logging_mixin.py:190} INFO - [2026-05-08T21:05:04.486+0000] {dagbag.py:588} INFO - Filling up the DagBag from /home/airflow/.local/lib/python3.12/site-packages/airflow/example_dags/tutorial.py
[2026-05-08T21:05:04.494+0000] {processor.py:925} INFO - DAG(s) 'tutorial' retrieved from /home/airflow/.local/lib/python3.12/site-packages/airflow/example_dags/tutorial.py
[2026-05-08T21:05:04.508+0000] {logging_mixin.py:190} INFO - [2026-05-08T21:05:04.508+0000] {dag.py:3239} INFO - Sync 1 DAGs
[2026-05-08T21:05:04.529+0000] {logging_mixin.py:190} INFO - [2026-05-08T21:05:04.529+0000] {dag.py:4180} INFO - Setting next_dagrun for tutorial to 2026-05-07 00:00:00+00:00, run_after=2026-05-08 00:00:00+00:00
[2026-05-08T21:05:04.547+0000] {processor.py:208} INFO - Processing /home/airflow/.local/lib/python3.12/site-packages/airflow/example_dags/tutorial.py took 0.068 seconds
[2026-05-08T21:05:35.156+0000] {processor.py:186} INFO - Started process (PID=4365) to work on /home/airflow/.local/lib/python3.12/site-packages/airflow/example_dags/tutorial.py
[2026-05-08T21:05:35.157+0000] {processor.py:914} INFO - Processing file /home/airflow/.local/lib/python3.12/site-packages/airflow/example_dags/tutorial.py for tasks to queue
[2026-05-08T21:05:35.159+0000] {logging_mixin.py:190} INFO - [2026-05-08T21:05:35.158+0000] {dagbag.py:588} INFO - Filling up the DagBag from /home/airflow/.local/lib/python3.12/site-packages/airflow/example_dags/tutorial.py
[2026-05-08T21:05:35.165+0000] {processor.py:925} INFO - DAG(s) 'tutorial' retrieved from /home/airflow/.local/lib/python3.12/site-packages/airflow/example_dags/tutorial.py
[2026-05-08T21:05:35.183+0000] {logging_mixin.py:190} INFO - [2026-05-08T21:05:35.183+0000] {dag.py:3239} INFO - Sync 1 DAGs
[2026-05-08T21:05:35.204+0000] {logging_mixin.py:190} INFO - [2026-05-08T21:05:35.204+0000] {dag.py:4180} INFO - Setting next_dagrun for tutorial to 2026-05-07 00:00:00+00:00, run_after=2026-05-08 00:00:00+00:00
[2026-05-08T21:05:35.219+0000] {processor.py:208} INFO - Processing /home/airflow/.local/lib/python3.12/site-packages/airflow/example_dags/tutorial.py took 0.067 seconds
[2026-05-08T21:06:06.387+0000] {processor.py:186} INFO - Started process (PID=4429) to work on /home/airflow/.local/lib/python3.12/site-packages/airflow/example_dags/tutorial.py
[2026-05-08T21:06:06.388+0000] {processor.py:914} INFO - Processing file /home/airflow/.local/lib/python3.12/site-packages/airflow/example_dags/tutorial.py for tasks to queue
[2026-05-08T21:06:06.391+0000] {logging_mixin.py:190} INFO - [2026-05-08T21:06:06.391+0000] {dagbag.py:588} INFO - Filling up the DagBag from /home/airflow/.local/lib/python3.12/site-packages/airflow/example_dags/tutorial.py
[2026-05-08T21:06:06.400+0000] {processor.py:925} INFO - DAG(s) 'tutorial' retrieved from /home/airflow/.local/lib/python3.12/site-packages/airflow/example_dags/tutorial.py
[2026-05-08T21:06:06.423+0000] {logging_mixin.py:190} INFO - [2026-05-08T21:06:06.422+0000] {dag.py:3239} INFO - Sync 1 DAGs
[2026-05-08T21:06:06.444+0000] {logging_mixin.py:190} INFO - [2026-05-08T21:06:06.444+0000] {dag.py:4180} INFO - Setting next_dagrun for tutorial to 2026-05-07 00:00:00+00:00, run_after=2026-05-08 00:00:00+00:00
[2026-05-08T21:06:06.461+0000] {processor.py:208} INFO - Processing /home/airflow/.local/lib/python3.12/site-packages/airflow/example_dags/tutorial.py took 0.081 seconds
[2026-05-08T21:06:37.539+0000] {processor.py:186} INFO - Started process (PID=4492) to work on /home/airflow/.local/lib/python3.12/site-packages/airflow/example_dags/tutorial.py
[2026-05-08T21:06:37.540+0000] {processor.py:914} INFO - Processing file /home/airflow/.local/lib/python3.12/site-packages/airflow/example_dags/tutorial.py for tasks to queue
[2026-05-08T21:06:37.542+0000] {logging_mixin.py:190} INFO - [2026-05-08T21:06:37.542+0000] {dagbag.py:588} INFO - Filling up the DagBag from /home/airflow/.local/lib/python3.12/site-packages/airflow/example_dags/tutorial.py
[2026-05-08T21:06:37.551+0000] {processor.py:925} INFO - DAG(s) 'tutorial' retrieved from /home/airflow/.local/lib/python3.12/site-packages/airflow/example_dags/tutorial.py
[2026-05-08T21:06:37.568+0000] {logging_mixin.py:190} INFO - [2026-05-08T21:06:37.568+0000] {dag.py:3239} INFO - Sync 1 DAGs
[2026-05-08T21:06:37.590+0000] {logging_mixin.py:190} INFO - [2026-05-08T21:06:37.590+0000] {dag.py:4180} INFO - Setting next_dagrun for tutorial to 2026-05-07 00:00:00+00:00, run_after=2026-05-08 00:00:00+00:00
[2026-05-08T21:06:37.607+0000] {processor.py:208} INFO - Processing /home/airflow/.local/lib/python3.12/site-packages/airflow/example_dags/tutorial.py took 0.074 seconds
[2026-05-08T21:07:08.519+0000] {processor.py:186} INFO - Started process (PID=4557) to work on /home/airflow/.local/lib/python3.12/site-packages/airflow/example_dags/tutorial.py
[2026-05-08T21:07:08.520+0000] {processor.py:914} INFO - Processing file /home/airflow/.local/lib/python3.12/site-packages/airflow/example_dags/tutorial.py for tasks to queue
[2026-05-08T21:07:08.521+0000] {logging_mixin.py:190} INFO - [2026-05-08T21:07:08.521+0000] {dagbag.py:588} INFO - Filling up the DagBag from /home/airflow/.local/lib/python3.12/site-packages/airflow/example_dags/tutorial.py
[2026-05-08T21:07:08.528+0000] {processor.py:925} INFO - DAG(s) 'tutorial' retrieved from /home/airflow/.local/lib/python3.12/site-packages/airflow/example_dags/tutorial.py
[2026-05-08T21:07:08.544+0000] {logging_mixin.py:190} INFO - [2026-05-08T21:07:08.543+0000] {dag.py:3239} INFO - Sync 1 DAGs
[2026-05-08T21:07:08.562+0000] {logging_mixin.py:190} INFO - [2026-05-08T21:07:08.562+0000] {dag.py:4180} INFO - Setting next_dagrun for tutorial to 2026-05-07 00:00:00+00:00, run_after=2026-05-08 00:00:00+00:00
[2026-05-08T21:07:08.578+0000] {processor.py:208} INFO - Processing /home/airflow/.local/lib/python3.12/site-packages/airflow/example_dags/tutorial.py took 0.064 seconds
[2026-05-08T21:07:39.670+0000] {processor.py:186} INFO - Started process (PID=4621) to work on /home/airflow/.local/lib/python3.12/site-packages/airflow/example_dags/tutorial.py
[2026-05-08T21:07:39.671+0000] {processor.py:914} INFO - Processing file /home/airflow/.local/lib/python3.12/site-packages/airflow/example_dags/tutorial.py for tasks to queue
[2026-05-08T21:07:39.673+0000] {logging_mixin.py:190} INFO - [2026-05-08T21:07:39.672+0000] {dagbag.py:588} INFO - Filling up the DagBag from /home/airflow/.local/lib/python3.12/site-packages/airflow/example_dags/tutorial.py
[2026-05-08T21:07:39.680+0000] {processor.py:925} INFO - DAG(s) 'tutorial' retrieved from /home/airflow/.local/lib/python3.12/site-packages/airflow/example_dags/tutorial.py
[2026-05-08T21:07:39.697+0000] {logging_mixin.py:190} INFO - [2026-05-08T21:07:39.697+0000] {dag.py:3239} INFO - Sync 1 DAGs
[2026-05-08T21:07:39.716+0000] {logging_mixin.py:190} INFO - [2026-05-08T21:07:39.715+0000] {dag.py:4180} INFO - Setting next_dagrun for tutorial to 2026-05-07 00:00:00+00:00, run_after=2026-05-08 00:00:00+00:00
[2026-05-08T21:07:39.732+0000] {processor.py:208} INFO - Processing /home/airflow/.local/lib/python3.12/site-packages/airflow/example_dags/tutorial.py took 0.067 seconds
[2026-05-08T21:08:10.491+0000] {processor.py:186} INFO - Started process (PID=4685) to work on /home/airflow/.local/lib/python3.12/site-packages/airflow/example_dags/tutorial.py
[2026-05-08T21:08:10.492+0000] {processor.py:914} INFO - Processing file /home/airflow/.local/lib/python3.12/site-packages/airflow/example_dags/tutorial.py for tasks to queue
[2026-05-08T21:08:10.494+0000] {logging_mixin.py:190} INFO - [2026-05-08T21:08:10.494+0000] {dagbag.py:588} INFO - Filling up the DagBag from /home/airflow/.local/lib/python3.12/site-packages/airflow/example_dags/tutorial.py
[2026-05-08T21:08:10.502+0000] {processor.py:925} INFO - DAG(s) 'tutorial' retrieved from /home/airflow/.local/lib/python3.12/site-packages/airflow/example_dags/tutorial.py
[2026-05-08T21:08:10.518+0000] {logging_mixin.py:190} INFO - [2026-05-08T21:08:10.518+0000] {dag.py:3239} INFO - Sync 1 DAGs
[2026-05-08T21:08:10.535+0000] {logging_mixin.py:190} INFO - [2026-05-08T21:08:10.535+0000] {dag.py:4180} INFO - Setting next_dagrun for tutorial to 2026-05-07 00:00:00+00:00, run_after=2026-05-08 00:00:00+00:00
[2026-05-08T21:08:10.551+0000] {processor.py:208} INFO - Processing /home/airflow/.local/lib/python3.12/site-packages/airflow/example_dags/tutorial.py took 0.067 seconds
[2026-05-08T21:08:41.012+0000] {processor.py:186} INFO - Started process (PID=4748) to work on /home/airflow/.local/lib/python3.12/site-packages/airflow/example_dags/tutorial.py
[2026-05-08T21:08:41.012+0000] {processor.py:914} INFO - Processing file /home/airflow/.local/lib/python3.12/site-packages/airflow/example_dags/tutorial.py for tasks to queue
[2026-05-08T21:08:41.014+0000] {logging_mixin.py:190} INFO - [2026-05-08T21:08:41.014+0000] {dagbag.py:588} INFO - Filling up the DagBag from /home/airflow/.local/lib/python3.12/site-packages/airflow/example_dags/tutorial.py
[2026-05-08T21:08:41.021+0000] {processor.py:925} INFO - DAG(s) 'tutorial' retrieved from /home/airflow/.local/lib/python3.12/site-packages/airflow/example_dags/tutorial.py
[2026-05-08T21:08:41.039+0000] {logging_mixin.py:190} INFO - [2026-05-08T21:08:41.038+0000] {dag.py:3239} INFO - Sync 1 DAGs
[2026-05-08T21:08:41.062+0000] {logging_mixin.py:190} INFO - [2026-05-08T21:08:41.062+0000] {dag.py:4180} INFO - Setting next_dagrun for tutorial to 2026-05-07 00:00:00+00:00, run_after=2026-05-08 00:00:00+00:00
[2026-05-08T21:08:41.077+0000] {processor.py:208} INFO - Processing /home/airflow/.local/lib/python3.12/site-packages/airflow/example_dags/tutorial.py took 0.070 seconds
[2026-05-08T21:09:11.530+0000] {processor.py:186} INFO - Started process (PID=4812) to work on /home/airflow/.local/lib/python3.12/site-packages/airflow/example_dags/tutorial.py
[2026-05-08T21:09:11.531+0000] {processor.py:914} INFO - Processing file /home/airflow/.local/lib/python3.12/site-packages/airflow/example_dags/tutorial.py for tasks to queue
[2026-05-08T21:09:11.533+0000] {logging_mixin.py:190} INFO - [2026-05-08T21:09:11.533+0000] {dagbag.py:588} INFO - Filling up the DagBag from /home/airflow/.local/lib/python3.12/site-packages/airflow/example_dags/tutorial.py
[2026-05-08T21:09:11.542+0000] {processor.py:925} INFO - DAG(s) 'tutorial' retrieved from /home/airflow/.local/lib/python3.12/site-packages/airflow/example_dags/tutorial.py
[2026-05-08T21:09:11.561+0000] {logging_mixin.py:190} INFO - [2026-05-08T21:09:11.560+0000] {dag.py:3239} INFO - Sync 1 DAGs
[2026-05-08T21:09:11.586+0000] {logging_mixin.py:190} INFO - [2026-05-08T21:09:11.586+0000] {dag.py:4180} INFO - Setting next_dagrun for tutorial to 2026-05-07 00:00:00+00:00, run_after=2026-05-08 00:00:00+00:00
[2026-05-08T21:09:11.602+0000] {processor.py:208} INFO - Processing /home/airflow/.local/lib/python3.12/site-packages/airflow/example_dags/tutorial.py took 0.076 seconds
[2026-05-08T21:09:42.874+0000] {processor.py:186} INFO - Started process (PID=4876) to work on /home/airflow/.local/lib/python3.12/site-packages/airflow/example_dags/tutorial.py
[2026-05-08T21:09:42.875+0000] {processor.py:914} INFO - Processing file /home/airflow/.local/lib/python3.12/site-packages/airflow/example_dags/tutorial.py for tasks to queue
[2026-05-08T21:09:42.877+0000] {logging_mixin.py:190} INFO - [2026-05-08T21:09:42.876+0000] {dagbag.py:588} INFO - Filling up the DagBag from /home/airflow/.local/lib/python3.12/site-packages/airflow/example_dags/tutorial.py
[2026-05-08T21:09:42.883+0000] {processor.py:925} INFO - DAG(s) 'tutorial' retrieved from /home/airflow/.local/lib/python3.12/site-packages/airflow/example_dags/tutorial.py
[2026-05-08T21:09:42.899+0000] {logging_mixin.py:190} INFO - [2026-05-08T21:09:42.899+0000] {dag.py:3239} INFO - Sync 1 DAGs
[2026-05-08T21:09:42.919+0000] {logging_mixin.py:190} INFO - [2026-05-08T21:09:42.919+0000] {dag.py:4180} INFO - Setting next_dagrun for tutorial to 2026-05-07 00:00:00+00:00, run_after=2026-05-08 00:00:00+00:00
[2026-05-08T21:09:42.936+0000] {processor.py:208} INFO - Processing /home/airflow/.local/lib/python3.12/site-packages/airflow/example_dags/tutorial.py took 0.067 seconds
[2026-05-08T21:10:14.153+0000] {processor.py:186} INFO - Started process (PID=4940) to work on /home/airflow/.local/lib/python3.12/site-packages/airflow/example_dags/tutorial.py
[2026-05-08T21:10:14.154+0000] {processor.py:914} INFO - Processing file /home/airflow/.local/lib/python3.12/site-packages/airflow/example_dags/tutorial.py for tasks to queue
[2026-05-08T21:10:14.156+0000] {logging_mixin.py:190} INFO - [2026-05-08T21:10:14.156+0000] {dagbag.py:588} INFO - Filling up the DagBag from /home/airflow/.local/lib/python3.12/site-packages/airflow/example_dags/tutorial.py
[2026-05-08T21:10:14.165+0000] {processor.py:925} INFO - DAG(s) 'tutorial' retrieved from /home/airflow/.local/lib/python3.12/site-packages/airflow/example_dags/tutorial.py
[2026-05-08T21:10:14.185+0000] {logging_mixin.py:190} INFO - [2026-05-08T21:10:14.184+0000] {dag.py:3239} INFO - Sync 1 DAGs
[2026-05-08T21:10:14.212+0000] {logging_mixin.py:190} INFO - [2026-05-08T21:10:14.212+0000] {dag.py:4180} INFO - Setting next_dagrun for tutorial to 2026-05-07 00:00:00+00:00, run_after=2026-05-08 00:00:00+00:00
[2026-05-08T21:10:14.229+0000] {processor.py:208} INFO - Processing /home/airflow/.local/lib/python3.12/site-packages/airflow/example_dags/tutorial.py took 0.082 seconds
[2026-05-08T21:10:45.382+0000] {processor.py:186} INFO - Started process (PID=5004) to work on /home/airflow/.local/lib/python3.12/site-packages/airflow/example_dags/tutorial.py
[2026-05-08T21:10:45.382+0000] {processor.py:914} INFO - Processing file /home/airflow/.local/lib/python3.12/site-packages/airflow/example_dags/tutorial.py for tasks to queue
[2026-05-08T21:10:45.385+0000] {logging_mixin.py:190} INFO - [2026-05-08T21:10:45.384+0000] {dagbag.py:588} INFO - Filling up the DagBag from /home/airflow/.local/lib/python3.12/site-packages/airflow/example_dags/tutorial.py
[2026-05-08T21:10:45.394+0000] {processor.py:925} INFO - DAG(s) 'tutorial' retrieved from /home/airflow/.local/lib/python3.12/site-packages/airflow/example_dags/tutorial.py
[2026-05-08T21:10:45.413+0000] {logging_mixin.py:190} INFO - [2026-05-08T21:10:45.413+0000] {dag.py:3239} INFO - Sync 1 DAGs
[2026-05-08T21:10:45.432+0000] {logging_mixin.py:190} INFO - [2026-05-08T21:10:45.432+0000] {dag.py:4180} INFO - Setting next_dagrun for tutorial to 2026-05-07 00:00:00+00:00, run_after=2026-05-08 00:00:00+00:00
[2026-05-08T21:10:45.447+0000] {processor.py:208} INFO - Processing /home/airflow/.local/lib/python3.12/site-packages/airflow/example_dags/tutorial.py took 0.070 seconds
[2026-05-08T21:11:16.536+0000] {processor.py:186} INFO - Started process (PID=5068) to work on /home/airflow/.local/lib/python3.12/site-packages/airflow/example_dags/tutorial.py
[2026-05-08T21:11:16.537+0000] {processor.py:914} INFO - Processing file /home/airflow/.local/lib/python3.12/site-packages/airflow/example_dags/tutorial.py for tasks to queue
[2026-05-08T21:11:16.538+0000] {logging_mixin.py:190} INFO - [2026-05-08T21:11:16.538+0000] {dagbag.py:588} INFO - Filling up the DagBag from /home/airflow/.local/lib/python3.12/site-packages/airflow/example_dags/tutorial.py
[2026-05-08T21:11:16.545+0000] {processor.py:925} INFO - DAG(s) 'tutorial' retrieved from /home/airflow/.local/lib/python3.12/site-packages/airflow/example_dags/tutorial.py
[2026-05-08T21:11:16.560+0000] {logging_mixin.py:190} INFO - [2026-05-08T21:11:16.560+0000] {dag.py:3239} INFO - Sync 1 DAGs
[2026-05-08T21:11:16.578+0000] {logging_mixin.py:190} INFO - [2026-05-08T21:11:16.578+0000] {dag.py:4180} INFO - Setting next_dagrun for tutorial to 2026-05-07 00:00:00+00:00, run_after=2026-05-08 00:00:00+00:00
[2026-05-08T21:11:16.592+0000] {processor.py:208} INFO - Processing /home/airflow/.local/lib/python3.12/site-packages/airflow/example_dags/tutorial.py took 0.061 seconds
[2026-05-08T21:11:47.416+0000] {processor.py:186} INFO - Started process (PID=5133) to work on /home/airflow/.local/lib/python3.12/site-packages/airflow/example_dags/tutorial.py
[2026-05-08T21:11:47.416+0000] {processor.py:914} INFO - Processing file /home/airflow/.local/lib/python3.12/site-packages/airflow/example_dags/tutorial.py for tasks to queue
[2026-05-08T21:11:47.418+0000] {logging_mixin.py:190} INFO - [2026-05-08T21:11:47.418+0000] {dagbag.py:588} INFO - Filling up the DagBag from /home/airflow/.local/lib/python3.12/site-packages/airflow/example_dags/tutorial.py
[2026-05-08T21:11:47.424+0000] {processor.py:925} INFO - DAG(s) 'tutorial' retrieved from /home/airflow/.local/lib/python3.12/site-packages/airflow/example_dags/tutorial.py
[2026-05-08T21:11:47.440+0000] {logging_mixin.py:190} INFO - [2026-05-08T21:11:47.439+0000] {dag.py:3239} INFO - Sync 1 DAGs
[2026-05-08T21:11:47.457+0000] {logging_mixin.py:190} INFO - [2026-05-08T21:11:47.457+0000] {dag.py:4180} INFO - Setting next_dagrun for tutorial to 2026-05-07 00:00:00+00:00, run_after=2026-05-08 00:00:00+00:00
[2026-05-08T21:11:47.471+0000] {processor.py:208} INFO - Processing /home/airflow/.local/lib/python3.12/site-packages/airflow/example_dags/tutorial.py took 0.060 seconds
[2026-05-08T21:12:18.552+0000] {processor.py:186} INFO - Started process (PID=5196) to work on /home/airflow/.local/lib/python3.12/site-packages/airflow/example_dags/tutorial.py
[2026-05-08T21:12:18.553+0000] {processor.py:914} INFO - Processing file /home/airflow/.local/lib/python3.12/site-packages/airflow/example_dags/tutorial.py for tasks to queue
[2026-05-08T21:12:18.554+0000] {logging_mixin.py:190} INFO - [2026-05-08T21:12:18.554+0000] {dagbag.py:588} INFO - Filling up the DagBag from /home/airflow/.local/lib/python3.12/site-packages/airflow/example_dags/tutorial.py
[2026-05-08T21:12:18.562+0000] {processor.py:925} INFO - DAG(s) 'tutorial' retrieved from /home/airflow/.local/lib/python3.12/site-packages/airflow/example_dags/tutorial.py
[2026-05-08T21:12:18.580+0000] {logging_mixin.py:190} INFO - [2026-05-08T21:12:18.580+0000] {dag.py:3239} INFO - Sync 1 DAGs
[2026-05-08T21:12:18.599+0000] {logging_mixin.py:190} INFO - [2026-05-08T21:12:18.599+0000] {dag.py:4180} INFO - Setting next_dagrun for tutorial to 2026-05-07 00:00:00+00:00, run_after=2026-05-08 00:00:00+00:00
[2026-05-08T21:12:18.614+0000] {processor.py:208} INFO - Processing /home/airflow/.local/lib/python3.12/site-packages/airflow/example_dags/tutorial.py took 0.069 seconds
[2026-05-08T21:12:49.661+0000] {processor.py:186} INFO - Started process (PID=5260) to work on /home/airflow/.local/lib/python3.12/site-packages/airflow/example_dags/tutorial.py
[2026-05-08T21:12:49.662+0000] {processor.py:914} INFO - Processing file /home/airflow/.local/lib/python3.12/site-packages/airflow/example_dags/tutorial.py for tasks to queue
[2026-05-08T21:12:49.664+0000] {logging_mixin.py:190} INFO - [2026-05-08T21:12:49.663+0000] {dagbag.py:588} INFO - Filling up the DagBag from /home/airflow/.local/lib/python3.12/site-packages/airflow/example_dags/tutorial.py
[2026-05-08T21:12:49.670+0000] {processor.py:925} INFO - DAG(s) 'tutorial' retrieved from /home/airflow/.local/lib/python3.12/site-packages/airflow/example_dags/tutorial.py
[2026-05-08T21:12:49.687+0000] {logging_mixin.py:190} INFO - [2026-05-08T21:12:49.687+0000] {dag.py:3239} INFO - Sync 1 DAGs
[2026-05-08T21:12:49.707+0000] {logging_mixin.py:190} INFO - [2026-05-08T21:12:49.707+0000] {dag.py:4180} INFO - Setting next_dagrun for tutorial to 2026-05-07 00:00:00+00:00, run_after=2026-05-08 00:00:00+00:00
[2026-05-08T21:12:49.721+0000] {processor.py:208} INFO - Processing /home/airflow/.local/lib/python3.12/site-packages/airflow/example_dags/tutorial.py took 0.064 seconds
[2026-05-08T21:13:20.728+0000] {processor.py:186} INFO - Started process (PID=5324) to work on /home/airflow/.local/lib/python3.12/site-packages/airflow/example_dags/tutorial.py
[2026-05-08T21:13:20.729+0000] {processor.py:914} INFO - Processing file /home/airflow/.local/lib/python3.12/site-packages/airflow/example_dags/tutorial.py for tasks to queue
[2026-05-08T21:13:20.733+0000] {logging_mixin.py:190} INFO - [2026-05-08T21:13:20.732+0000] {dagbag.py:588} INFO - Filling up the DagBag from /home/airflow/.local/lib/python3.12/site-packages/airflow/example_dags/tutorial.py
[2026-05-08T21:13:20.742+0000] {processor.py:925} INFO - DAG(s) 'tutorial' retrieved from /home/airflow/.local/lib/python3.12/site-packages/airflow/example_dags/tutorial.py
[2026-05-08T21:13:20.765+0000] {logging_mixin.py:190} INFO - [2026-05-08T21:13:20.765+0000] {dag.py:3239} INFO - Sync 1 DAGs
[2026-05-08T21:13:20.794+0000] {logging_mixin.py:190} INFO - [2026-05-08T21:13:20.794+0000] {dag.py:4180} INFO - Setting next_dagrun for tutorial to 2026-05-07 00:00:00+00:00, run_after=2026-05-08 00:00:00+00:00
[2026-05-08T21:13:20.812+0000] {processor.py:208} INFO - Processing /home/airflow/.local/lib/python3.12/site-packages/airflow/example_dags/tutorial.py took 0.090 seconds
[2026-05-08T21:13:51.524+0000] {processor.py:186} INFO - Started process (PID=5389) to work on /home/airflow/.local/lib/python3.12/site-packages/airflow/example_dags/tutorial.py
[2026-05-08T21:13:51.525+0000] {processor.py:914} INFO - Processing file /home/airflow/.local/lib/python3.12/site-packages/airflow/example_dags/tutorial.py for tasks to queue
[2026-05-08T21:13:51.527+0000] {logging_mixin.py:190} INFO - [2026-05-08T21:13:51.527+0000] {dagbag.py:588} INFO - Filling up the DagBag from /home/airflow/.local/lib/python3.12/site-packages/airflow/example_dags/tutorial.py
[2026-05-08T21:13:51.536+0000] {processor.py:925} INFO - DAG(s) 'tutorial' retrieved from /home/airflow/.local/lib/python3.12/site-packages/airflow/example_dags/tutorial.py
[2026-05-08T21:13:51.554+0000] {logging_mixin.py:190} INFO - [2026-05-08T21:13:51.553+0000] {dag.py:3239} INFO - Sync 1 DAGs
[2026-05-08T21:13:51.574+0000] {logging_mixin.py:190} INFO - [2026-05-08T21:13:51.573+0000] {dag.py:4180} INFO - Setting next_dagrun for tutorial to 2026-05-07 00:00:00+00:00, run_after=2026-05-08 00:00:00+00:00
[2026-05-08T21:13:51.589+0000] {processor.py:208} INFO - Processing /home/airflow/.local/lib/python3.12/site-packages/airflow/example_dags/tutorial.py took 0.071 seconds
[2026-05-08T21:14:22.143+0000] {processor.py:186} INFO - Started process (PID=5453) to work on /home/airflow/.local/lib/python3.12/site-packages/airflow/example_dags/tutorial.py
[2026-05-08T21:14:22.143+0000] {processor.py:914} INFO - Processing file /home/airflow/.local/lib/python3.12/site-packages/airflow/example_dags/tutorial.py for tasks to queue
[2026-05-08T21:14:22.145+0000] {logging_mixin.py:190} INFO - [2026-05-08T21:14:22.145+0000] {dagbag.py:588} INFO - Filling up the DagBag from /home/airflow/.local/lib/python3.12/site-packages/airflow/example_dags/tutorial.py
[2026-05-08T21:14:22.151+0000] {processor.py:925} INFO - DAG(s) 'tutorial' retrieved from /home/airflow/.local/lib/python3.12/site-packages/airflow/example_dags/tutorial.py
[2026-05-08T21:14:22.168+0000] {logging_mixin.py:190} INFO - [2026-05-08T21:14:22.168+0000] {dag.py:3239} INFO - Sync 1 DAGs
[2026-05-08T21:14:22.192+0000] {logging_mixin.py:190} INFO - [2026-05-08T21:14:22.192+0000] {dag.py:4180} INFO - Setting next_dagrun for tutorial to 2026-05-07 00:00:00+00:00, run_after=2026-05-08 00:00:00+00:00
[2026-05-08T21:14:22.206+0000] {processor.py:208} INFO - Processing /home/airflow/.local/lib/python3.12/site-packages/airflow/example_dags/tutorial.py took 0.068 seconds
[2026-05-08T21:14:52.872+0000] {processor.py:186} INFO - Started process (PID=5517) to work on /home/airflow/.local/lib/python3.12/site-packages/airflow/example_dags/tutorial.py
[2026-05-08T21:14:52.873+0000] {processor.py:914} INFO - Processing file /home/airflow/.local/lib/python3.12/site-packages/airflow/example_dags/tutorial.py for tasks to queue
[2026-05-08T21:14:52.875+0000] {logging_mixin.py:190} INFO - [2026-05-08T21:14:52.875+0000] {dagbag.py:588} INFO - Filling up the DagBag from /home/airflow/.local/lib/python3.12/site-packages/airflow/example_dags/tutorial.py
[2026-05-08T21:14:52.882+0000] {processor.py:925} INFO - DAG(s) 'tutorial' retrieved from /home/airflow/.local/lib/python3.12/site-packages/airflow/example_dags/tutorial.py
[2026-05-08T21:14:52.905+0000] {logging_mixin.py:190} INFO - [2026-05-08T21:14:52.905+0000] {dag.py:3239} INFO - Sync 1 DAGs
[2026-05-08T21:14:52.927+0000] {logging_mixin.py:190} INFO - [2026-05-08T21:14:52.927+0000] {dag.py:4180} INFO - Setting next_dagrun for tutorial to 2026-05-07 00:00:00+00:00, run_after=2026-05-08 00:00:00+00:00
[2026-05-08T21:14:52.941+0000] {processor.py:208} INFO - Processing /home/airflow/.local/lib/python3.12/site-packages/airflow/example_dags/tutorial.py took 0.074 seconds
[2026-05-08T21:15:23.670+0000] {processor.py:186} INFO - Started process (PID=5581) to work on /home/airflow/.local/lib/python3.12/site-packages/airflow/example_dags/tutorial.py
[2026-05-08T21:15:23.670+0000] {processor.py:914} INFO - Processing file /home/airflow/.local/lib/python3.12/site-packages/airflow/example_dags/tutorial.py for tasks to queue
[2026-05-08T21:15:23.673+0000] {logging_mixin.py:190} INFO - [2026-05-08T21:15:23.672+0000] {dagbag.py:588} INFO - Filling up the DagBag from /home/airflow/.local/lib/python3.12/site-packages/airflow/example_dags/tutorial.py
[2026-05-08T21:15:23.681+0000] {processor.py:925} INFO - DAG(s) 'tutorial' retrieved from /home/airflow/.local/lib/python3.12/site-packages/airflow/example_dags/tutorial.py
[2026-05-08T21:15:23.703+0000] {logging_mixin.py:190} INFO - [2026-05-08T21:15:23.703+0000] {dag.py:3239} INFO - Sync 1 DAGs
[2026-05-08T21:15:23.729+0000] {logging_mixin.py:190} INFO - [2026-05-08T21:15:23.729+0000] {dag.py:4180} INFO - Setting next_dagrun for tutorial to 2026-05-07 00:00:00+00:00, run_after=2026-05-08 00:00:00+00:00
[2026-05-08T21:15:23.747+0000] {processor.py:208} INFO - Processing /home/airflow/.local/lib/python3.12/site-packages/airflow/example_dags/tutorial.py took 0.084 seconds
[2026-05-08T21:15:54.360+0000] {processor.py:186} INFO - Started process (PID=5645) to work on /home/airflow/.local/lib/python3.12/site-packages/airflow/example_dags/tutorial.py
[2026-05-08T21:15:54.360+0000] {processor.py:914} INFO - Processing file /home/airflow/.local/lib/python3.12/site-packages/airflow/example_dags/tutorial.py for tasks to queue
[2026-05-08T21:15:54.362+0000] {logging_mixin.py:190} INFO - [2026-05-08T21:15:54.362+0000] {dagbag.py:588} INFO - Filling up the DagBag from /home/airflow/.local/lib/python3.12/site-packages/airflow/example_dags/tutorial.py
[2026-05-08T21:15:54.368+0000] {processor.py:925} INFO - DAG(s) 'tutorial' retrieved from /home/airflow/.local/lib/python3.12/site-packages/airflow/example_dags/tutorial.py
[2026-05-08T21:15:54.384+0000] {logging_mixin.py:190} INFO - [2026-05-08T21:15:54.384+0000] {dag.py:3239} INFO - Sync 1 DAGs
[2026-05-08T21:15:54.403+0000] {logging_mixin.py:190} INFO - [2026-05-08T21:15:54.403+0000] {dag.py:4180} INFO - Setting next_dagrun for tutorial to 2026-05-07 00:00:00+00:00, run_after=2026-05-08 00:00:00+00:00
[2026-05-08T21:15:54.417+0000] {processor.py:208} INFO - Processing /home/airflow/.local/lib/python3.12/site-packages/airflow/example_dags/tutorial.py took 0.062 seconds
[2026-05-08T21:16:25.700+0000] {processor.py:186} INFO - Started process (PID=5709) to work on /home/airflow/.local/lib/python3.12/site-packages/airflow/example_dags/tutorial.py
[2026-05-08T21:16:25.701+0000] {processor.py:914} INFO - Processing file /home/airflow/.local/lib/python3.12/site-packages/airflow/example_dags/tutorial.py for tasks to queue
[2026-05-08T21:16:25.702+0000] {logging_mixin.py:190} INFO - [2026-05-08T21:16:25.702+0000] {dagbag.py:588} INFO - Filling up the DagBag from /home/airflow/.local/lib/python3.12/site-packages/airflow/example_dags/tutorial.py
[2026-05-08T21:16:25.709+0000] {processor.py:925} INFO - DAG(s) 'tutorial' retrieved from /home/airflow/.local/lib/python3.12/site-packages/airflow/example_dags/tutorial.py
[2026-05-08T21:16:25.725+0000] {logging_mixin.py:190} INFO - [2026-05-08T21:16:25.724+0000] {dag.py:3239} INFO - Sync 1 DAGs
[2026-05-08T21:16:25.743+0000] {logging_mixin.py:190} INFO - [2026-05-08T21:16:25.743+0000] {dag.py:4180} INFO - Setting next_dagrun for tutorial to 2026-05-07 00:00:00+00:00, run_after=2026-05-08 00:00:00+00:00
[2026-05-08T21:16:25.759+0000] {processor.py:208} INFO - Processing /home/airflow/.local/lib/python3.12/site-packages/airflow/example_dags/tutorial.py took 0.063 seconds
[2026-05-08T21:16:56.931+0000] {processor.py:186} INFO - Started process (PID=5773) to work on /home/airflow/.local/lib/python3.12/site-packages/airflow/example_dags/tutorial.py
[2026-05-08T21:16:56.932+0000] {processor.py:914} INFO - Processing file /home/airflow/.local/lib/python3.12/site-packages/airflow/example_dags/tutorial.py for tasks to queue
[2026-05-08T21:16:56.934+0000] {logging_mixin.py:190} INFO - [2026-05-08T21:16:56.934+0000] {dagbag.py:588} INFO - Filling up the DagBag from /home/airflow/.local/lib/python3.12/site-packages/airflow/example_dags/tutorial.py
[2026-05-08T21:16:56.941+0000] {processor.py:925} INFO - DAG(s) 'tutorial' retrieved from /home/airflow/.local/lib/python3.12/site-packages/airflow/example_dags/tutorial.py
[2026-05-08T21:16:56.956+0000] {logging_mixin.py:190} INFO - [2026-05-08T21:16:56.956+0000] {dag.py:3239} INFO - Sync 1 DAGs
[2026-05-08T21:16:56.980+0000] {logging_mixin.py:190} INFO - [2026-05-08T21:16:56.979+0000] {dag.py:4180} INFO - Setting next_dagrun for tutorial to 2026-05-07 00:00:00+00:00, run_after=2026-05-08 00:00:00+00:00
[2026-05-08T21:16:56.993+0000] {processor.py:208} INFO - Processing /home/airflow/.local/lib/python3.12/site-packages/airflow/example_dags/tutorial.py took 0.067 seconds
[2026-05-08T21:17:28.117+0000] {processor.py:186} INFO - Started process (PID=5837) to work on /home/airflow/.local/lib/python3.12/site-packages/airflow/example_dags/tutorial.py
[2026-05-08T21:17:28.118+0000] {processor.py:914} INFO - Processing file /home/airflow/.local/lib/python3.12/site-packages/airflow/example_dags/tutorial.py for tasks to queue
[2026-05-08T21:17:28.120+0000] {logging_mixin.py:190} INFO - [2026-05-08T21:17:28.119+0000] {dagbag.py:588} INFO - Filling up the DagBag from /home/airflow/.local/lib/python3.12/site-packages/airflow/example_dags/tutorial.py
[2026-05-08T21:17:28.125+0000] {processor.py:925} INFO - DAG(s) 'tutorial' retrieved from /home/airflow/.local/lib/python3.12/site-packages/airflow/example_dags/tutorial.py
[2026-05-08T21:17:28.140+0000] {logging_mixin.py:190} INFO - [2026-05-08T21:17:28.140+0000] {dag.py:3239} INFO - Sync 1 DAGs
[2026-05-08T21:17:28.158+0000] {logging_mixin.py:190} INFO - [2026-05-08T21:17:28.158+0000] {dag.py:4180} INFO - Setting next_dagrun for tutorial to 2026-05-07 00:00:00+00:00, run_after=2026-05-08 00:00:00+00:00
[2026-05-08T21:17:28.171+0000] {processor.py:208} INFO - Processing /home/airflow/.local/lib/python3.12/site-packages/airflow/example_dags/tutorial.py took 0.058 seconds
[2026-05-08T21:17:58.832+0000] {processor.py:186} INFO - Started process (PID=5901) to work on /home/airflow/.local/lib/python3.12/site-packages/airflow/example_dags/tutorial.py
[2026-05-08T21:17:58.833+0000] {processor.py:914} INFO - Processing file /home/airflow/.local/lib/python3.12/site-packages/airflow/example_dags/tutorial.py for tasks to queue
[2026-05-08T21:17:58.834+0000] {logging_mixin.py:190} INFO - [2026-05-08T21:17:58.834+0000] {dagbag.py:588} INFO - Filling up the DagBag from /home/airflow/.local/lib/python3.12/site-packages/airflow/example_dags/tutorial.py
[2026-05-08T21:17:58.841+0000] {processor.py:925} INFO - DAG(s) 'tutorial' retrieved from /home/airflow/.local/lib/python3.12/site-packages/airflow/example_dags/tutorial.py
[2026-05-08T21:17:58.856+0000] {logging_mixin.py:190} INFO - [2026-05-08T21:17:58.856+0000] {dag.py:3239} INFO - Sync 1 DAGs
[2026-05-08T21:17:58.881+0000] {logging_mixin.py:190} INFO - [2026-05-08T21:17:58.881+0000] {dag.py:4180} INFO - Setting next_dagrun for tutorial to 2026-05-07 00:00:00+00:00, run_after=2026-05-08 00:00:00+00:00
[2026-05-08T21:17:58.897+0000] {processor.py:208} INFO - Processing /home/airflow/.local/lib/python3.12/site-packages/airflow/example_dags/tutorial.py took 0.070 seconds
[2026-05-08T21:18:29.973+0000] {processor.py:186} INFO - Started process (PID=5965) to work on /home/airflow/.local/lib/python3.12/site-packages/airflow/example_dags/tutorial.py
[2026-05-08T21:18:29.974+0000] {processor.py:914} INFO - Processing file /home/airflow/.local/lib/python3.12/site-packages/airflow/example_dags/tutorial.py for tasks to queue
[2026-05-08T21:18:29.977+0000] {logging_mixin.py:190} INFO - [2026-05-08T21:18:29.977+0000] {dagbag.py:588} INFO - Filling up the DagBag from /home/airflow/.local/lib/python3.12/site-packages/airflow/example_dags/tutorial.py
[2026-05-08T21:18:29.986+0000] {processor.py:925} INFO - DAG(s) 'tutorial' retrieved from /home/airflow/.local/lib/python3.12/site-packages/airflow/example_dags/tutorial.py
[2026-05-08T21:18:30.008+0000] {logging_mixin.py:190} INFO - [2026-05-08T21:18:30.008+0000] {dag.py:3239} INFO - Sync 1 DAGs
[2026-05-08T21:18:30.034+0000] {logging_mixin.py:190} INFO - [2026-05-08T21:18:30.034+0000] {dag.py:4180} INFO - Setting next_dagrun for tutorial to 2026-05-07 00:00:00+00:00, run_after=2026-05-08 00:00:00+00:00
[2026-05-08T21:18:30.059+0000] {processor.py:208} INFO - Processing /home/airflow/.local/lib/python3.12/site-packages/airflow/example_dags/tutorial.py took 0.094 seconds
[2026-05-08T21:19:00.667+0000] {processor.py:186} INFO - Started process (PID=6029) to work on /home/airflow/.local/lib/python3.12/site-packages/airflow/example_dags/tutorial.py
[2026-05-08T21:19:00.668+0000] {processor.py:914} INFO - Processing file /home/airflow/.local/lib/python3.12/site-packages/airflow/example_dags/tutorial.py for tasks to queue
[2026-05-08T21:19:00.670+0000] {logging_mixin.py:190} INFO - [2026-05-08T21:19:00.670+0000] {dagbag.py:588} INFO - Filling up the DagBag from /home/airflow/.local/lib/python3.12/site-packages/airflow/example_dags/tutorial.py
[2026-05-08T21:19:00.679+0000] {processor.py:925} INFO - DAG(s) 'tutorial' retrieved from /home/airflow/.local/lib/python3.12/site-packages/airflow/example_dags/tutorial.py
[2026-05-08T21:19:00.698+0000] {logging_mixin.py:190} INFO - [2026-05-08T21:19:00.698+0000] {dag.py:3239} INFO - Sync 1 DAGs
[2026-05-08T21:19:00.720+0000] {logging_mixin.py:190} INFO - [2026-05-08T21:19:00.719+0000] {dag.py:4180} INFO - Setting next_dagrun for tutorial to 2026-05-07 00:00:00+00:00, run_after=2026-05-08 00:00:00+00:00
[2026-05-08T21:19:00.734+0000] {processor.py:208} INFO - Processing /home/airflow/.local/lib/python3.12/site-packages/airflow/example_dags/tutorial.py took 0.073 seconds
[2026-05-08T21:19:32.006+0000] {processor.py:186} INFO - Started process (PID=6093) to work on /home/airflow/.local/lib/python3.12/site-packages/airflow/example_dags/tutorial.py
[2026-05-08T21:19:32.006+0000] {processor.py:914} INFO - Processing file /home/airflow/.local/lib/python3.12/site-packages/airflow/example_dags/tutorial.py for tasks to queue
[2026-05-08T21:19:32.008+0000] {logging_mixin.py:190} INFO - [2026-05-08T21:19:32.008+0000] {dagbag.py:588} INFO - Filling up the DagBag from /home/airflow/.local/lib/python3.12/site-packages/airflow/example_dags/tutorial.py
[2026-05-08T21:19:32.016+0000] {processor.py:925} INFO - DAG(s) 'tutorial' retrieved from /home/airflow/.local/lib/python3.12/site-packages/airflow/example_dags/tutorial.py
[2026-05-08T21:19:32.031+0000] {logging_mixin.py:190} INFO - [2026-05-08T21:19:32.031+0000] {dag.py:3239} INFO - Sync 1 DAGs
[2026-05-08T21:19:32.051+0000] {logging_mixin.py:190} INFO - [2026-05-08T21:19:32.051+0000] {dag.py:4180} INFO - Setting next_dagrun for tutorial to 2026-05-07 00:00:00+00:00, run_after=2026-05-08 00:00:00+00:00
[2026-05-08T21:19:32.067+0000] {processor.py:208} INFO - Processing /home/airflow/.local/lib/python3.12/site-packages/airflow/example_dags/tutorial.py took 0.067 seconds
[2026-05-08T21:20:03.126+0000] {processor.py:186} INFO - Started process (PID=6157) to work on /home/airflow/.local/lib/python3.12/site-packages/airflow/example_dags/tutorial.py
[2026-05-08T21:20:03.126+0000] {processor.py:914} INFO - Processing file /home/airflow/.local/lib/python3.12/site-packages/airflow/example_dags/tutorial.py for tasks to queue
[2026-05-08T21:20:03.128+0000] {logging_mixin.py:190} INFO - [2026-05-08T21:20:03.128+0000] {dagbag.py:588} INFO - Filling up the DagBag from /home/airflow/.local/lib/python3.12/site-packages/airflow/example_dags/tutorial.py
[2026-05-08T21:20:03.135+0000] {processor.py:925} INFO - DAG(s) 'tutorial' retrieved from /home/airflow/.local/lib/python3.12/site-packages/airflow/example_dags/tutorial.py
[2026-05-08T21:20:03.154+0000] {logging_mixin.py:190} INFO - [2026-05-08T21:20:03.154+0000] {dag.py:3239} INFO - Sync 1 DAGs
[2026-05-08T21:20:03.180+0000] {logging_mixin.py:190} INFO - [2026-05-08T21:20:03.179+0000] {dag.py:4180} INFO - Setting next_dagrun for tutorial to 2026-05-07 00:00:00+00:00, run_after=2026-05-08 00:00:00+00:00
[2026-05-08T21:20:03.194+0000] {processor.py:208} INFO - Processing /home/airflow/.local/lib/python3.12/site-packages/airflow/example_dags/tutorial.py took 0.073 seconds
[2026-05-08T21:20:33.974+0000] {processor.py:186} INFO - Started process (PID=6221) to work on /home/airflow/.local/lib/python3.12/site-packages/airflow/example_dags/tutorial.py
[2026-05-08T21:20:33.975+0000] {processor.py:914} INFO - Processing file /home/airflow/.local/lib/python3.12/site-packages/airflow/example_dags/tutorial.py for tasks to queue
[2026-05-08T21:20:33.976+0000] {logging_mixin.py:190} INFO - [2026-05-08T21:20:33.976+0000] {dagbag.py:588} INFO - Filling up the DagBag from /home/airflow/.local/lib/python3.12/site-packages/airflow/example_dags/tutorial.py
[2026-05-08T21:20:33.982+0000] {processor.py:925} INFO - DAG(s) 'tutorial' retrieved from /home/airflow/.local/lib/python3.12/site-packages/airflow/example_dags/tutorial.py
[2026-05-08T21:20:33.999+0000] {logging_mixin.py:190} INFO - [2026-05-08T21:20:33.999+0000] {dag.py:3239} INFO - Sync 1 DAGs
[2026-05-08T21:20:34.022+0000] {logging_mixin.py:190} INFO - [2026-05-08T21:20:34.022+0000] {dag.py:4180} INFO - Setting next_dagrun for tutorial to 2026-05-07 00:00:00+00:00, run_after=2026-05-08 00:00:00+00:00
[2026-05-08T21:20:34.038+0000] {processor.py:208} INFO - Processing /home/airflow/.local/lib/python3.12/site-packages/airflow/example_dags/tutorial.py took 0.069 seconds
[2026-05-08T21:21:04.902+0000] {processor.py:186} INFO - Started process (PID=6285) to work on /home/airflow/.local/lib/python3.12/site-packages/airflow/example_dags/tutorial.py
[2026-05-08T21:21:04.903+0000] {processor.py:914} INFO - Processing file /home/airflow/.local/lib/python3.12/site-packages/airflow/example_dags/tutorial.py for tasks to queue
[2026-05-08T21:21:04.905+0000] {logging_mixin.py:190} INFO - [2026-05-08T21:21:04.904+0000] {dagbag.py:588} INFO - Filling up the DagBag from /home/airflow/.local/lib/python3.12/site-packages/airflow/example_dags/tutorial.py
[2026-05-08T21:21:04.912+0000] {processor.py:925} INFO - DAG(s) 'tutorial' retrieved from /home/airflow/.local/lib/python3.12/site-packages/airflow/example_dags/tutorial.py
[2026-05-08T21:21:04.929+0000] {logging_mixin.py:190} INFO - [2026-05-08T21:21:04.929+0000] {dag.py:3239} INFO - Sync 1 DAGs
[2026-05-08T21:21:04.949+0000] {logging_mixin.py:190} INFO - [2026-05-08T21:21:04.949+0000] {dag.py:4180} INFO - Setting next_dagrun for tutorial to 2026-05-07 00:00:00+00:00, run_after=2026-05-08 00:00:00+00:00
[2026-05-08T21:21:04.963+0000] {processor.py:208} INFO - Processing /home/airflow/.local/lib/python3.12/site-packages/airflow/example_dags/tutorial.py took 0.067 seconds
[2026-05-08T21:21:35.219+0000] {processor.py:186} INFO - Started process (PID=6349) to work on /home/airflow/.local/lib/python3.12/site-packages/airflow/example_dags/tutorial.py
[2026-05-08T21:21:35.220+0000] {processor.py:914} INFO - Processing file /home/airflow/.local/lib/python3.12/site-packages/airflow/example_dags/tutorial.py for tasks to queue
[2026-05-08T21:21:35.223+0000] {logging_mixin.py:190} INFO - [2026-05-08T21:21:35.223+0000] {dagbag.py:588} INFO - Filling up the DagBag from /home/airflow/.local/lib/python3.12/site-packages/airflow/example_dags/tutorial.py
[2026-05-08T21:21:35.232+0000] {processor.py:925} INFO - DAG(s) 'tutorial' retrieved from /home/airflow/.local/lib/python3.12/site-packages/airflow/example_dags/tutorial.py
[2026-05-08T21:21:35.267+0000] {logging_mixin.py:190} INFO - [2026-05-08T21:21:35.267+0000] {dag.py:3239} INFO - Sync 1 DAGs
[2026-05-08T21:21:35.302+0000] {logging_mixin.py:190} INFO - [2026-05-08T21:21:35.302+0000] {dag.py:4180} INFO - Setting next_dagrun for tutorial to 2026-05-07 00:00:00+00:00, run_after=2026-05-08 00:00:00+00:00
[2026-05-08T21:21:35.324+0000] {processor.py:208} INFO - Processing /home/airflow/.local/lib/python3.12/site-packages/airflow/example_dags/tutorial.py took 0.111 seconds
[2026-05-08T21:22:06.094+0000] {processor.py:186} INFO - Started process (PID=6419) to work on /home/airflow/.local/lib/python3.12/site-packages/airflow/example_dags/tutorial.py
[2026-05-08T21:22:06.094+0000] {processor.py:914} INFO - Processing file /home/airflow/.local/lib/python3.12/site-packages/airflow/example_dags/tutorial.py for tasks to queue
[2026-05-08T21:22:06.096+0000] {logging_mixin.py:190} INFO - [2026-05-08T21:22:06.096+0000] {dagbag.py:588} INFO - Filling up the DagBag from /home/airflow/.local/lib/python3.12/site-packages/airflow/example_dags/tutorial.py
[2026-05-08T21:22:06.102+0000] {processor.py:925} INFO - DAG(s) 'tutorial' retrieved from /home/airflow/.local/lib/python3.12/site-packages/airflow/example_dags/tutorial.py
[2026-05-08T21:22:06.117+0000] {logging_mixin.py:190} INFO - [2026-05-08T21:22:06.117+0000] {dag.py:3239} INFO - Sync 1 DAGs
[2026-05-08T21:22:06.135+0000] {logging_mixin.py:190} INFO - [2026-05-08T21:22:06.135+0000] {dag.py:4180} INFO - Setting next_dagrun for tutorial to 2026-05-07 00:00:00+00:00, run_after=2026-05-08 00:00:00+00:00
[2026-05-08T21:22:06.148+0000] {processor.py:208} INFO - Processing /home/airflow/.local/lib/python3.12/site-packages/airflow/example_dags/tutorial.py took 0.059 seconds
[2026-05-08T21:22:36.973+0000] {processor.py:186} INFO - Started process (PID=6482) to work on /home/airflow/.local/lib/python3.12/site-packages/airflow/example_dags/tutorial.py
[2026-05-08T21:22:36.974+0000] {processor.py:914} INFO - Processing file /home/airflow/.local/lib/python3.12/site-packages/airflow/example_dags/tutorial.py for tasks to queue
[2026-05-08T21:22:36.976+0000] {logging_mixin.py:190} INFO - [2026-05-08T21:22:36.976+0000] {dagbag.py:588} INFO - Filling up the DagBag from /home/airflow/.local/lib/python3.12/site-packages/airflow/example_dags/tutorial.py
[2026-05-08T21:22:36.983+0000] {processor.py:925} INFO - DAG(s) 'tutorial' retrieved from /home/airflow/.local/lib/python3.12/site-packages/airflow/example_dags/tutorial.py
[2026-05-08T21:22:37.001+0000] {logging_mixin.py:190} INFO - [2026-05-08T21:22:37.000+0000] {dag.py:3239} INFO - Sync 1 DAGs
[2026-05-08T21:22:37.021+0000] {logging_mixin.py:190} INFO - [2026-05-08T21:22:37.021+0000] {dag.py:4180} INFO - Setting next_dagrun for tutorial to 2026-05-07 00:00:00+00:00, run_after=2026-05-08 00:00:00+00:00
[2026-05-08T21:22:37.034+0000] {processor.py:208} INFO - Processing /home/airflow/.local/lib/python3.12/site-packages/airflow/example_dags/tutorial.py took 0.066 seconds
[2026-05-08T21:23:07.404+0000] {processor.py:186} INFO - Started process (PID=6546) to work on /home/airflow/.local/lib/python3.12/site-packages/airflow/example_dags/tutorial.py
[2026-05-08T21:23:07.405+0000] {processor.py:914} INFO - Processing file /home/airflow/.local/lib/python3.12/site-packages/airflow/example_dags/tutorial.py for tasks to queue
[2026-05-08T21:23:07.408+0000] {logging_mixin.py:190} INFO - [2026-05-08T21:23:07.407+0000] {dagbag.py:588} INFO - Filling up the DagBag from /home/airflow/.local/lib/python3.12/site-packages/airflow/example_dags/tutorial.py
[2026-05-08T21:23:07.417+0000] {processor.py:925} INFO - DAG(s) 'tutorial' retrieved from /home/airflow/.local/lib/python3.12/site-packages/airflow/example_dags/tutorial.py
[2026-05-08T21:23:07.455+0000] {logging_mixin.py:190} INFO - [2026-05-08T21:23:07.455+0000] {dag.py:3239} INFO - Sync 1 DAGs
[2026-05-08T21:23:07.489+0000] {logging_mixin.py:190} INFO - [2026-05-08T21:23:07.489+0000] {dag.py:4180} INFO - Setting next_dagrun for tutorial to 2026-05-07 00:00:00+00:00, run_after=2026-05-08 00:00:00+00:00
[2026-05-08T21:23:07.512+0000] {processor.py:208} INFO - Processing /home/airflow/.local/lib/python3.12/site-packages/airflow/example_dags/tutorial.py took 0.115 seconds
[2026-05-08T21:23:37.592+0000] {processor.py:186} INFO - Started process (PID=6609) to work on /home/airflow/.local/lib/python3.12/site-packages/airflow/example_dags/tutorial.py
[2026-05-08T21:23:37.593+0000] {processor.py:914} INFO - Processing file /home/airflow/.local/lib/python3.12/site-packages/airflow/example_dags/tutorial.py for tasks to queue
[2026-05-08T21:23:37.595+0000] {logging_mixin.py:190} INFO - [2026-05-08T21:23:37.595+0000] {dagbag.py:588} INFO - Filling up the DagBag from /home/airflow/.local/lib/python3.12/site-packages/airflow/example_dags/tutorial.py
[2026-05-08T21:23:37.604+0000] {processor.py:925} INFO - DAG(s) 'tutorial' retrieved from /home/airflow/.local/lib/python3.12/site-packages/airflow/example_dags/tutorial.py
[2026-05-08T21:23:37.626+0000] {logging_mixin.py:190} INFO - [2026-05-08T21:23:37.626+0000] {dag.py:3239} INFO - Sync 1 DAGs
[2026-05-08T21:23:37.667+0000] {logging_mixin.py:190} INFO - [2026-05-08T21:23:37.667+0000] {dag.py:4180} INFO - Setting next_dagrun for tutorial to 2026-05-07 00:00:00+00:00, run_after=2026-05-08 00:00:00+00:00
[2026-05-08T21:23:37.686+0000] {processor.py:208} INFO - Processing /home/airflow/.local/lib/python3.12/site-packages/airflow/example_dags/tutorial.py took 0.100 seconds
[2026-05-08T21:24:07.885+0000] {processor.py:186} INFO - Started process (PID=6673) to work on /home/airflow/.local/lib/python3.12/site-packages/airflow/example_dags/tutorial.py
[2026-05-08T21:24:07.886+0000] {processor.py:914} INFO - Processing file /home/airflow/.local/lib/python3.12/site-packages/airflow/example_dags/tutorial.py for tasks to queue
[2026-05-08T21:24:07.888+0000] {logging_mixin.py:190} INFO - [2026-05-08T21:24:07.887+0000] {dagbag.py:588} INFO - Filling up the DagBag from /home/airflow/.local/lib/python3.12/site-packages/airflow/example_dags/tutorial.py
[2026-05-08T21:24:07.894+0000] {processor.py:925} INFO - DAG(s) 'tutorial' retrieved from /home/airflow/.local/lib/python3.12/site-packages/airflow/example_dags/tutorial.py
[2026-05-08T21:24:07.908+0000] {logging_mixin.py:190} INFO - [2026-05-08T21:24:07.908+0000] {dag.py:3239} INFO - Sync 1 DAGs
[2026-05-08T21:24:07.926+0000] {logging_mixin.py:190} INFO - [2026-05-08T21:24:07.926+0000] {dag.py:4180} INFO - Setting next_dagrun for tutorial to 2026-05-07 00:00:00+00:00, run_after=2026-05-08 00:00:00+00:00
[2026-05-08T21:24:07.940+0000] {processor.py:208} INFO - Processing /home/airflow/.local/lib/python3.12/site-packages/airflow/example_dags/tutorial.py took 0.059 seconds
[2026-05-08T21:24:38.099+0000] {processor.py:186} INFO - Started process (PID=6737) to work on /home/airflow/.local/lib/python3.12/site-packages/airflow/example_dags/tutorial.py
[2026-05-08T21:24:38.100+0000] {processor.py:914} INFO - Processing file /home/airflow/.local/lib/python3.12/site-packages/airflow/example_dags/tutorial.py for tasks to queue
[2026-05-08T21:24:38.101+0000] {logging_mixin.py:190} INFO - [2026-05-08T21:24:38.101+0000] {dagbag.py:588} INFO - Filling up the DagBag from /home/airflow/.local/lib/python3.12/site-packages/airflow/example_dags/tutorial.py
[2026-05-08T21:24:38.107+0000] {processor.py:925} INFO - DAG(s) 'tutorial' retrieved from /home/airflow/.local/lib/python3.12/site-packages/airflow/example_dags/tutorial.py
[2026-05-08T21:24:38.123+0000] {logging_mixin.py:190} INFO - [2026-05-08T21:24:38.122+0000] {dag.py:3239} INFO - Sync 1 DAGs
[2026-05-08T21:24:38.142+0000] {logging_mixin.py:190} INFO - [2026-05-08T21:24:38.142+0000] {dag.py:4180} INFO - Setting next_dagrun for tutorial to 2026-05-07 00:00:00+00:00, run_after=2026-05-08 00:00:00+00:00
[2026-05-08T21:24:38.156+0000] {processor.py:208} INFO - Processing /home/airflow/.local/lib/python3.12/site-packages/airflow/example_dags/tutorial.py took 0.062 seconds
[2026-05-08T21:25:08.897+0000] {processor.py:186} INFO - Started process (PID=6801) to work on /home/airflow/.local/lib/python3.12/site-packages/airflow/example_dags/tutorial.py
[2026-05-08T21:25:08.898+0000] {processor.py:914} INFO - Processing file /home/airflow/.local/lib/python3.12/site-packages/airflow/example_dags/tutorial.py for tasks to queue
[2026-05-08T21:25:08.900+0000] {logging_mixin.py:190} INFO - [2026-05-08T21:25:08.900+0000] {dagbag.py:588} INFO - Filling up the DagBag from /home/airflow/.local/lib/python3.12/site-packages/airflow/example_dags/tutorial.py
[2026-05-08T21:25:08.908+0000] {processor.py:925} INFO - DAG(s) 'tutorial' retrieved from /home/airflow/.local/lib/python3.12/site-packages/airflow/example_dags/tutorial.py
[2026-05-08T21:25:08.923+0000] {logging_mixin.py:190} INFO - [2026-05-08T21:25:08.923+0000] {dag.py:3239} INFO - Sync 1 DAGs
[2026-05-08T21:25:08.941+0000] {logging_mixin.py:190} INFO - [2026-05-08T21:25:08.941+0000] {dag.py:4180} INFO - Setting next_dagrun for tutorial to 2026-05-07 00:00:00+00:00, run_after=2026-05-08 00:00:00+00:00
[2026-05-08T21:25:08.954+0000] {processor.py:208} INFO - Processing /home/airflow/.local/lib/python3.12/site-packages/airflow/example_dags/tutorial.py took 0.062 seconds
[2026-05-08T21:25:39.530+0000] {processor.py:186} INFO - Started process (PID=6865) to work on /home/airflow/.local/lib/python3.12/site-packages/airflow/example_dags/tutorial.py
[2026-05-08T21:25:39.530+0000] {processor.py:914} INFO - Processing file /home/airflow/.local/lib/python3.12/site-packages/airflow/example_dags/tutorial.py for tasks to queue
[2026-05-08T21:25:39.532+0000] {logging_mixin.py:190} INFO - [2026-05-08T21:25:39.532+0000] {dagbag.py:588} INFO - Filling up the DagBag from /home/airflow/.local/lib/python3.12/site-packages/airflow/example_dags/tutorial.py
[2026-05-08T21:25:39.539+0000] {processor.py:925} INFO - DAG(s) 'tutorial' retrieved from /home/airflow/.local/lib/python3.12/site-packages/airflow/example_dags/tutorial.py
[2026-05-08T21:25:39.557+0000] {logging_mixin.py:190} INFO - [2026-05-08T21:25:39.557+0000] {dag.py:3239} INFO - Sync 1 DAGs
[2026-05-08T21:25:39.580+0000] {logging_mixin.py:190} INFO - [2026-05-08T21:25:39.579+0000] {dag.py:4180} INFO - Setting next_dagrun for tutorial to 2026-05-07 00:00:00+00:00, run_after=2026-05-08 00:00:00+00:00
[2026-05-08T21:25:39.593+0000] {processor.py:208} INFO - Processing /home/airflow/.local/lib/python3.12/site-packages/airflow/example_dags/tutorial.py took 0.068 seconds
[2026-05-08T21:26:10.177+0000] {processor.py:186} INFO - Started process (PID=6929) to work on /home/airflow/.local/lib/python3.12/site-packages/airflow/example_dags/tutorial.py
[2026-05-08T21:26:10.178+0000] {processor.py:914} INFO - Processing file /home/airflow/.local/lib/python3.12/site-packages/airflow/example_dags/tutorial.py for tasks to queue
[2026-05-08T21:26:10.180+0000] {logging_mixin.py:190} INFO - [2026-05-08T21:26:10.179+0000] {dagbag.py:588} INFO - Filling up the DagBag from /home/airflow/.local/lib/python3.12/site-packages/airflow/example_dags/tutorial.py
[2026-05-08T21:26:10.187+0000] {processor.py:925} INFO - DAG(s) 'tutorial' retrieved from /home/airflow/.local/lib/python3.12/site-packages/airflow/example_dags/tutorial.py
[2026-05-08T21:26:10.202+0000] {logging_mixin.py:190} INFO - [2026-05-08T21:26:10.202+0000] {dag.py:3239} INFO - Sync 1 DAGs
[2026-05-08T21:26:10.220+0000] {logging_mixin.py:190} INFO - [2026-05-08T21:26:10.220+0000] {dag.py:4180} INFO - Setting next_dagrun for tutorial to 2026-05-07 00:00:00+00:00, run_after=2026-05-08 00:00:00+00:00
[2026-05-08T21:26:10.233+0000] {processor.py:208} INFO - Processing /home/airflow/.local/lib/python3.12/site-packages/airflow/example_dags/tutorial.py took 0.061 seconds
[2026-05-08T21:26:40.849+0000] {processor.py:186} INFO - Started process (PID=6993) to work on /home/airflow/.local/lib/python3.12/site-packages/airflow/example_dags/tutorial.py
[2026-05-08T21:26:40.849+0000] {processor.py:914} INFO - Processing file /home/airflow/.local/lib/python3.12/site-packages/airflow/example_dags/tutorial.py for tasks to queue
[2026-05-08T21:26:40.851+0000] {logging_mixin.py:190} INFO - [2026-05-08T21:26:40.851+0000] {dagbag.py:588} INFO - Filling up the DagBag from /home/airflow/.local/lib/python3.12/site-packages/airflow/example_dags/tutorial.py
[2026-05-08T21:26:40.858+0000] {processor.py:925} INFO - DAG(s) 'tutorial' retrieved from /home/airflow/.local/lib/python3.12/site-packages/airflow/example_dags/tutorial.py
[2026-05-08T21:26:40.879+0000] {logging_mixin.py:190} INFO - [2026-05-08T21:26:40.879+0000] {dag.py:3239} INFO - Sync 1 DAGs
[2026-05-08T21:26:40.903+0000] {logging_mixin.py:190} INFO - [2026-05-08T21:26:40.903+0000] {dag.py:4180} INFO - Setting next_dagrun for tutorial to 2026-05-07 00:00:00+00:00, run_after=2026-05-08 00:00:00+00:00
[2026-05-08T21:26:40.918+0000] {processor.py:208} INFO - Processing /home/airflow/.local/lib/python3.12/site-packages/airflow/example_dags/tutorial.py took 0.073 seconds
[2026-05-08T21:27:12.189+0000] {processor.py:186} INFO - Started process (PID=7057) to work on /home/airflow/.local/lib/python3.12/site-packages/airflow/example_dags/tutorial.py
[2026-05-08T21:27:12.190+0000] {processor.py:914} INFO - Processing file /home/airflow/.local/lib/python3.12/site-packages/airflow/example_dags/tutorial.py for tasks to queue
[2026-05-08T21:27:12.191+0000] {logging_mixin.py:190} INFO - [2026-05-08T21:27:12.191+0000] {dagbag.py:588} INFO - Filling up the DagBag from /home/airflow/.local/lib/python3.12/site-packages/airflow/example_dags/tutorial.py
[2026-05-08T21:27:12.197+0000] {processor.py:925} INFO - DAG(s) 'tutorial' retrieved from /home/airflow/.local/lib/python3.12/site-packages/airflow/example_dags/tutorial.py
[2026-05-08T21:27:12.213+0000] {logging_mixin.py:190} INFO - [2026-05-08T21:27:12.213+0000] {dag.py:3239} INFO - Sync 1 DAGs
[2026-05-08T21:27:12.234+0000] {logging_mixin.py:190} INFO - [2026-05-08T21:27:12.234+0000] {dag.py:4180} INFO - Setting next_dagrun for tutorial to 2026-05-07 00:00:00+00:00, run_after=2026-05-08 00:00:00+00:00
[2026-05-08T21:27:12.250+0000] {processor.py:208} INFO - Processing /home/airflow/.local/lib/python3.12/site-packages/airflow/example_dags/tutorial.py took 0.066 seconds
[2026-05-08T21:27:43.229+0000] {processor.py:186} INFO - Started process (PID=7120) to work on /home/airflow/.local/lib/python3.12/site-packages/airflow/example_dags/tutorial.py
[2026-05-08T21:27:43.230+0000] {processor.py:914} INFO - Processing file /home/airflow/.local/lib/python3.12/site-packages/airflow/example_dags/tutorial.py for tasks to queue
[2026-05-08T21:27:43.232+0000] {logging_mixin.py:190} INFO - [2026-05-08T21:27:43.231+0000] {dagbag.py:588} INFO - Filling up the DagBag from /home/airflow/.local/lib/python3.12/site-packages/airflow/example_dags/tutorial.py
[2026-05-08T21:27:43.240+0000] {processor.py:925} INFO - DAG(s) 'tutorial' retrieved from /home/airflow/.local/lib/python3.12/site-packages/airflow/example_dags/tutorial.py
[2026-05-08T21:27:43.260+0000] {logging_mixin.py:190} INFO - [2026-05-08T21:27:43.260+0000] {dag.py:3239} INFO - Sync 1 DAGs
[2026-05-08T21:27:43.284+0000] {logging_mixin.py:190} INFO - [2026-05-08T21:27:43.284+0000] {dag.py:4180} INFO - Setting next_dagrun for tutorial to 2026-05-07 00:00:00+00:00, run_after=2026-05-08 00:00:00+00:00
[2026-05-08T21:27:43.299+0000] {processor.py:208} INFO - Processing /home/airflow/.local/lib/python3.12/site-packages/airflow/example_dags/tutorial.py took 0.075 seconds
[2026-05-08T21:28:14.919+0000] {processor.py:186} INFO - Started process (PID=7184) to work on /home/airflow/.local/lib/python3.12/site-packages/airflow/example_dags/tutorial.py
[2026-05-08T21:28:14.920+0000] {processor.py:914} INFO - Processing file /home/airflow/.local/lib/python3.12/site-packages/airflow/example_dags/tutorial.py for tasks to queue
[2026-05-08T21:28:14.921+0000] {logging_mixin.py:190} INFO - [2026-05-08T21:28:14.921+0000] {dagbag.py:588} INFO - Filling up the DagBag from /home/airflow/.local/lib/python3.12/site-packages/airflow/example_dags/tutorial.py
[2026-05-08T21:28:14.928+0000] {processor.py:925} INFO - DAG(s) 'tutorial' retrieved from /home/airflow/.local/lib/python3.12/site-packages/airflow/example_dags/tutorial.py
[2026-05-08T21:28:14.945+0000] {logging_mixin.py:190} INFO - [2026-05-08T21:28:14.944+0000] {dag.py:3239} INFO - Sync 1 DAGs
[2026-05-08T21:28:14.965+0000] {logging_mixin.py:190} INFO - [2026-05-08T21:28:14.965+0000] {dag.py:4180} INFO - Setting next_dagrun for tutorial to 2026-05-07 00:00:00+00:00, run_after=2026-05-08 00:00:00+00:00
[2026-05-08T21:28:14.982+0000] {processor.py:208} INFO - Processing /home/airflow/.local/lib/python3.12/site-packages/airflow/example_dags/tutorial.py took 0.067 seconds
[2026-05-08T21:28:46.076+0000] {processor.py:186} INFO - Started process (PID=7248) to work on /home/airflow/.local/lib/python3.12/site-packages/airflow/example_dags/tutorial.py
[2026-05-08T21:28:46.077+0000] {processor.py:914} INFO - Processing file /home/airflow/.local/lib/python3.12/site-packages/airflow/example_dags/tutorial.py for tasks to queue
[2026-05-08T21:28:46.080+0000] {logging_mixin.py:190} INFO - [2026-05-08T21:28:46.079+0000] {dagbag.py:588} INFO - Filling up the DagBag from /home/airflow/.local/lib/python3.12/site-packages/airflow/example_dags/tutorial.py
[2026-05-08T21:28:46.088+0000] {processor.py:925} INFO - DAG(s) 'tutorial' retrieved from /home/airflow/.local/lib/python3.12/site-packages/airflow/example_dags/tutorial.py
[2026-05-08T21:28:46.110+0000] {logging_mixin.py:190} INFO - [2026-05-08T21:28:46.110+0000] {dag.py:3239} INFO - Sync 1 DAGs
[2026-05-08T21:28:46.140+0000] {logging_mixin.py:190} INFO - [2026-05-08T21:28:46.140+0000] {dag.py:4180} INFO - Setting next_dagrun for tutorial to 2026-05-07 00:00:00+00:00, run_after=2026-05-08 00:00:00+00:00
[2026-05-08T21:28:46.161+0000] {processor.py:208} INFO - Processing /home/airflow/.local/lib/python3.12/site-packages/airflow/example_dags/tutorial.py took 0.091 seconds
[2026-05-08T21:29:17.660+0000] {processor.py:186} INFO - Started process (PID=7312) to work on /home/airflow/.local/lib/python3.12/site-packages/airflow/example_dags/tutorial.py
[2026-05-08T21:29:17.661+0000] {processor.py:914} INFO - Processing file /home/airflow/.local/lib/python3.12/site-packages/airflow/example_dags/tutorial.py for tasks to queue
[2026-05-08T21:29:17.663+0000] {logging_mixin.py:190} INFO - [2026-05-08T21:29:17.663+0000] {dagbag.py:588} INFO - Filling up the DagBag from /home/airflow/.local/lib/python3.12/site-packages/airflow/example_dags/tutorial.py
[2026-05-08T21:29:17.672+0000] {processor.py:925} INFO - DAG(s) 'tutorial' retrieved from /home/airflow/.local/lib/python3.12/site-packages/airflow/example_dags/tutorial.py
[2026-05-08T21:29:17.691+0000] {logging_mixin.py:190} INFO - [2026-05-08T21:29:17.690+0000] {dag.py:3239} INFO - Sync 1 DAGs
[2026-05-08T21:29:17.709+0000] {logging_mixin.py:190} INFO - [2026-05-08T21:29:17.709+0000] {dag.py:4180} INFO - Setting next_dagrun for tutorial to 2026-05-07 00:00:00+00:00, run_after=2026-05-08 00:00:00+00:00
[2026-05-08T21:29:17.723+0000] {processor.py:208} INFO - Processing /home/airflow/.local/lib/python3.12/site-packages/airflow/example_dags/tutorial.py took 0.067 seconds
[2026-05-08T21:29:49.062+0000] {processor.py:186} INFO - Started process (PID=7376) to work on /home/airflow/.local/lib/python3.12/site-packages/airflow/example_dags/tutorial.py
[2026-05-08T21:29:49.063+0000] {processor.py:914} INFO - Processing file /home/airflow/.local/lib/python3.12/site-packages/airflow/example_dags/tutorial.py for tasks to queue
[2026-05-08T21:29:49.065+0000] {logging_mixin.py:190} INFO - [2026-05-08T21:29:49.065+0000] {dagbag.py:588} INFO - Filling up the DagBag from /home/airflow/.local/lib/python3.12/site-packages/airflow/example_dags/tutorial.py
[2026-05-08T21:29:49.073+0000] {processor.py:925} INFO - DAG(s) 'tutorial' retrieved from /home/airflow/.local/lib/python3.12/site-packages/airflow/example_dags/tutorial.py
[2026-05-08T21:29:49.090+0000] {logging_mixin.py:190} INFO - [2026-05-08T21:29:49.090+0000] {dag.py:3239} INFO - Sync 1 DAGs
[2026-05-08T21:29:49.109+0000] {logging_mixin.py:190} INFO - [2026-05-08T21:29:49.109+0000] {dag.py:4180} INFO - Setting next_dagrun for tutorial to 2026-05-07 00:00:00+00:00, run_after=2026-05-08 00:00:00+00:00
[2026-05-08T21:29:49.122+0000] {processor.py:208} INFO - Processing /home/airflow/.local/lib/python3.12/site-packages/airflow/example_dags/tutorial.py took 0.066 seconds
[2026-05-08T21:30:20.430+0000] {processor.py:186} INFO - Started process (PID=7440) to work on /home/airflow/.local/lib/python3.12/site-packages/airflow/example_dags/tutorial.py
[2026-05-08T21:30:20.431+0000] {processor.py:914} INFO - Processing file /home/airflow/.local/lib/python3.12/site-packages/airflow/example_dags/tutorial.py for tasks to queue
[2026-05-08T21:30:20.433+0000] {logging_mixin.py:190} INFO - [2026-05-08T21:30:20.433+0000] {dagbag.py:588} INFO - Filling up the DagBag from /home/airflow/.local/lib/python3.12/site-packages/airflow/example_dags/tutorial.py
[2026-05-08T21:30:20.439+0000] {processor.py:925} INFO - DAG(s) 'tutorial' retrieved from /home/airflow/.local/lib/python3.12/site-packages/airflow/example_dags/tutorial.py
[2026-05-08T21:30:20.456+0000] {logging_mixin.py:190} INFO - [2026-05-08T21:30:20.456+0000] {dag.py:3239} INFO - Sync 1 DAGs
[2026-05-08T21:30:20.476+0000] {logging_mixin.py:190} INFO - [2026-05-08T21:30:20.476+0000] {dag.py:4180} INFO - Setting next_dagrun for tutorial to 2026-05-07 00:00:00+00:00, run_after=2026-05-08 00:00:00+00:00
[2026-05-08T21:30:20.492+0000] {processor.py:208} INFO - Processing /home/airflow/.local/lib/python3.12/site-packages/airflow/example_dags/tutorial.py took 0.066 seconds
[2026-05-08T21:30:51.608+0000] {processor.py:186} INFO - Started process (PID=7504) to work on /home/airflow/.local/lib/python3.12/site-packages/airflow/example_dags/tutorial.py
[2026-05-08T21:30:51.609+0000] {processor.py:914} INFO - Processing file /home/airflow/.local/lib/python3.12/site-packages/airflow/example_dags/tutorial.py for tasks to queue
[2026-05-08T21:30:51.611+0000] {logging_mixin.py:190} INFO - [2026-05-08T21:30:51.611+0000] {dagbag.py:588} INFO - Filling up the DagBag from /home/airflow/.local/lib/python3.12/site-packages/airflow/example_dags/tutorial.py
[2026-05-08T21:30:51.618+0000] {processor.py:925} INFO - DAG(s) 'tutorial' retrieved from /home/airflow/.local/lib/python3.12/site-packages/airflow/example_dags/tutorial.py
[2026-05-08T21:30:51.635+0000] {logging_mixin.py:190} INFO - [2026-05-08T21:30:51.635+0000] {dag.py:3239} INFO - Sync 1 DAGs
[2026-05-08T21:30:51.655+0000] {logging_mixin.py:190} INFO - [2026-05-08T21:30:51.655+0000] {dag.py:4180} INFO - Setting next_dagrun for tutorial to 2026-05-07 00:00:00+00:00, run_after=2026-05-08 00:00:00+00:00
[2026-05-08T21:30:51.669+0000] {processor.py:208} INFO - Processing /home/airflow/.local/lib/python3.12/site-packages/airflow/example_dags/tutorial.py took 0.067 seconds
[2026-05-08T21:31:22.803+0000] {processor.py:186} INFO - Started process (PID=7568) to work on /home/airflow/.local/lib/python3.12/site-packages/airflow/example_dags/tutorial.py
[2026-05-08T21:31:22.804+0000] {processor.py:914} INFO - Processing file /home/airflow/.local/lib/python3.12/site-packages/airflow/example_dags/tutorial.py for tasks to queue
[2026-05-08T21:31:22.806+0000] {logging_mixin.py:190} INFO - [2026-05-08T21:31:22.805+0000] {dagbag.py:588} INFO - Filling up the DagBag from /home/airflow/.local/lib/python3.12/site-packages/airflow/example_dags/tutorial.py
[2026-05-08T21:31:22.812+0000] {processor.py:925} INFO - DAG(s) 'tutorial' retrieved from /home/airflow/.local/lib/python3.12/site-packages/airflow/example_dags/tutorial.py
[2026-05-08T21:31:22.826+0000] {logging_mixin.py:190} INFO - [2026-05-08T21:31:22.826+0000] {dag.py:3239} INFO - Sync 1 DAGs
[2026-05-08T21:31:22.844+0000] {logging_mixin.py:190} INFO - [2026-05-08T21:31:22.844+0000] {dag.py:4180} INFO - Setting next_dagrun for tutorial to 2026-05-07 00:00:00+00:00, run_after=2026-05-08 00:00:00+00:00
[2026-05-08T21:31:22.857+0000] {processor.py:208} INFO - Processing /home/airflow/.local/lib/python3.12/site-packages/airflow/example_dags/tutorial.py took 0.058 seconds
[2026-05-08T21:31:54.167+0000] {processor.py:186} INFO - Started process (PID=7632) to work on /home/airflow/.local/lib/python3.12/site-packages/airflow/example_dags/tutorial.py
[2026-05-08T21:31:54.168+0000] {processor.py:914} INFO - Processing file /home/airflow/.local/lib/python3.12/site-packages/airflow/example_dags/tutorial.py for tasks to queue
[2026-05-08T21:31:54.170+0000] {logging_mixin.py:190} INFO - [2026-05-08T21:31:54.169+0000] {dagbag.py:588} INFO - Filling up the DagBag from /home/airflow/.local/lib/python3.12/site-packages/airflow/example_dags/tutorial.py
[2026-05-08T21:31:54.176+0000] {processor.py:925} INFO - DAG(s) 'tutorial' retrieved from /home/airflow/.local/lib/python3.12/site-packages/airflow/example_dags/tutorial.py
[2026-05-08T21:31:54.195+0000] {logging_mixin.py:190} INFO - [2026-05-08T21:31:54.195+0000] {dag.py:3239} INFO - Sync 1 DAGs
[2026-05-08T21:31:54.220+0000] {logging_mixin.py:190} INFO - [2026-05-08T21:31:54.220+0000] {dag.py:4180} INFO - Setting next_dagrun for tutorial to 2026-05-07 00:00:00+00:00, run_after=2026-05-08 00:00:00+00:00
[2026-05-08T21:31:54.233+0000] {processor.py:208} INFO - Processing /home/airflow/.local/lib/python3.12/site-packages/airflow/example_dags/tutorial.py took 0.071 seconds
[2026-05-08T21:32:25.386+0000] {processor.py:186} INFO - Started process (PID=7698) to work on /home/airflow/.local/lib/python3.12/site-packages/airflow/example_dags/tutorial.py
[2026-05-08T21:32:25.387+0000] {processor.py:914} INFO - Processing file /home/airflow/.local/lib/python3.12/site-packages/airflow/example_dags/tutorial.py for tasks to queue
[2026-05-08T21:32:25.388+0000] {logging_mixin.py:190} INFO - [2026-05-08T21:32:25.388+0000] {dagbag.py:588} INFO - Filling up the DagBag from /home/airflow/.local/lib/python3.12/site-packages/airflow/example_dags/tutorial.py
[2026-05-08T21:32:25.396+0000] {processor.py:925} INFO - DAG(s) 'tutorial' retrieved from /home/airflow/.local/lib/python3.12/site-packages/airflow/example_dags/tutorial.py
[2026-05-08T21:32:25.417+0000] {logging_mixin.py:190} INFO - [2026-05-08T21:32:25.417+0000] {dag.py:3239} INFO - Sync 1 DAGs
[2026-05-08T21:32:25.440+0000] {logging_mixin.py:190} INFO - [2026-05-08T21:32:25.440+0000] {dag.py:4180} INFO - Setting next_dagrun for tutorial to 2026-05-07 00:00:00+00:00, run_after=2026-05-08 00:00:00+00:00
[2026-05-08T21:32:25.460+0000] {processor.py:208} INFO - Processing /home/airflow/.local/lib/python3.12/site-packages/airflow/example_dags/tutorial.py took 0.081 seconds
[2026-05-08T21:32:55.930+0000] {processor.py:186} INFO - Started process (PID=7762) to work on /home/airflow/.local/lib/python3.12/site-packages/airflow/example_dags/tutorial.py
[2026-05-08T21:32:55.931+0000] {processor.py:914} INFO - Processing file /home/airflow/.local/lib/python3.12/site-packages/airflow/example_dags/tutorial.py for tasks to queue
[2026-05-08T21:32:55.933+0000] {logging_mixin.py:190} INFO - [2026-05-08T21:32:55.932+0000] {dagbag.py:588} INFO - Filling up the DagBag from /home/airflow/.local/lib/python3.12/site-packages/airflow/example_dags/tutorial.py
[2026-05-08T21:32:55.939+0000] {processor.py:925} INFO - DAG(s) 'tutorial' retrieved from /home/airflow/.local/lib/python3.12/site-packages/airflow/example_dags/tutorial.py
[2026-05-08T21:32:55.958+0000] {logging_mixin.py:190} INFO - [2026-05-08T21:32:55.957+0000] {dag.py:3239} INFO - Sync 1 DAGs
[2026-05-08T21:32:55.982+0000] {logging_mixin.py:190} INFO - [2026-05-08T21:32:55.982+0000] {dag.py:4180} INFO - Setting next_dagrun for tutorial to 2026-05-07 00:00:00+00:00, run_after=2026-05-08 00:00:00+00:00
[2026-05-08T21:32:55.998+0000] {processor.py:208} INFO - Processing /home/airflow/.local/lib/python3.12/site-packages/airflow/example_dags/tutorial.py took 0.072 seconds
[2026-05-08T21:33:26.457+0000] {processor.py:186} INFO - Started process (PID=7826) to work on /home/airflow/.local/lib/python3.12/site-packages/airflow/example_dags/tutorial.py
[2026-05-08T21:33:26.458+0000] {processor.py:914} INFO - Processing file /home/airflow/.local/lib/python3.12/site-packages/airflow/example_dags/tutorial.py for tasks to queue
[2026-05-08T21:33:26.460+0000] {logging_mixin.py:190} INFO - [2026-05-08T21:33:26.460+0000] {dagbag.py:588} INFO - Filling up the DagBag from /home/airflow/.local/lib/python3.12/site-packages/airflow/example_dags/tutorial.py
[2026-05-08T21:33:26.466+0000] {processor.py:925} INFO - DAG(s) 'tutorial' retrieved from /home/airflow/.local/lib/python3.12/site-packages/airflow/example_dags/tutorial.py
[2026-05-08T21:33:26.482+0000] {logging_mixin.py:190} INFO - [2026-05-08T21:33:26.482+0000] {dag.py:3239} INFO - Sync 1 DAGs
[2026-05-08T21:33:26.501+0000] {logging_mixin.py:190} INFO - [2026-05-08T21:33:26.500+0000] {dag.py:4180} INFO - Setting next_dagrun for tutorial to 2026-05-07 00:00:00+00:00, run_after=2026-05-08 00:00:00+00:00
[2026-05-08T21:33:26.514+0000] {processor.py:208} INFO - Processing /home/airflow/.local/lib/python3.12/site-packages/airflow/example_dags/tutorial.py took 0.061 seconds
[2026-05-08T21:33:56.688+0000] {processor.py:186} INFO - Started process (PID=7889) to work on /home/airflow/.local/lib/python3.12/site-packages/airflow/example_dags/tutorial.py
[2026-05-08T21:33:56.689+0000] {processor.py:914} INFO - Processing file /home/airflow/.local/lib/python3.12/site-packages/airflow/example_dags/tutorial.py for tasks to queue
[2026-05-08T21:33:56.691+0000] {logging_mixin.py:190} INFO - [2026-05-08T21:33:56.690+0000] {dagbag.py:588} INFO - Filling up the DagBag from /home/airflow/.local/lib/python3.12/site-packages/airflow/example_dags/tutorial.py
[2026-05-08T21:33:56.697+0000] {processor.py:925} INFO - DAG(s) 'tutorial' retrieved from /home/airflow/.local/lib/python3.12/site-packages/airflow/example_dags/tutorial.py
[2026-05-08T21:33:56.715+0000] {logging_mixin.py:190} INFO - [2026-05-08T21:33:56.715+0000] {dag.py:3239} INFO - Sync 1 DAGs
[2026-05-08T21:33:56.738+0000] {logging_mixin.py:190} INFO - [2026-05-08T21:33:56.738+0000] {dag.py:4180} INFO - Setting next_dagrun for tutorial to 2026-05-07 00:00:00+00:00, run_after=2026-05-08 00:00:00+00:00
[2026-05-08T21:33:56.751+0000] {processor.py:208} INFO - Processing /home/airflow/.local/lib/python3.12/site-packages/airflow/example_dags/tutorial.py took 0.067 seconds
[2026-05-08T21:34:27.577+0000] {processor.py:186} INFO - Started process (PID=7952) to work on /home/airflow/.local/lib/python3.12/site-packages/airflow/example_dags/tutorial.py
[2026-05-08T21:34:27.578+0000] {processor.py:914} INFO - Processing file /home/airflow/.local/lib/python3.12/site-packages/airflow/example_dags/tutorial.py for tasks to queue
[2026-05-08T21:34:27.580+0000] {logging_mixin.py:190} INFO - [2026-05-08T21:34:27.579+0000] {dagbag.py:588} INFO - Filling up the DagBag from /home/airflow/.local/lib/python3.12/site-packages/airflow/example_dags/tutorial.py
[2026-05-08T21:34:27.587+0000] {processor.py:925} INFO - DAG(s) 'tutorial' retrieved from /home/airflow/.local/lib/python3.12/site-packages/airflow/example_dags/tutorial.py
[2026-05-08T21:34:27.610+0000] {logging_mixin.py:190} INFO - [2026-05-08T21:34:27.610+0000] {dag.py:3239} INFO - Sync 1 DAGs
[2026-05-08T21:34:27.635+0000] {logging_mixin.py:190} INFO - [2026-05-08T21:34:27.635+0000] {dag.py:4180} INFO - Setting next_dagrun for tutorial to 2026-05-07 00:00:00+00:00, run_after=2026-05-08 00:00:00+00:00
[2026-05-08T21:34:27.651+0000] {processor.py:208} INFO - Processing /home/airflow/.local/lib/python3.12/site-packages/airflow/example_dags/tutorial.py took 0.080 seconds
[2026-05-08T21:34:57.994+0000] {processor.py:186} INFO - Started process (PID=8016) to work on /home/airflow/.local/lib/python3.12/site-packages/airflow/example_dags/tutorial.py
[2026-05-08T21:34:57.994+0000] {processor.py:914} INFO - Processing file /home/airflow/.local/lib/python3.12/site-packages/airflow/example_dags/tutorial.py for tasks to queue
[2026-05-08T21:34:57.996+0000] {logging_mixin.py:190} INFO - [2026-05-08T21:34:57.996+0000] {dagbag.py:588} INFO - Filling up the DagBag from /home/airflow/.local/lib/python3.12/site-packages/airflow/example_dags/tutorial.py
[2026-05-08T21:34:58.002+0000] {processor.py:925} INFO - DAG(s) 'tutorial' retrieved from /home/airflow/.local/lib/python3.12/site-packages/airflow/example_dags/tutorial.py
[2026-05-08T21:34:58.018+0000] {logging_mixin.py:190} INFO - [2026-05-08T21:34:58.018+0000] {dag.py:3239} INFO - Sync 1 DAGs
[2026-05-08T21:34:58.037+0000] {logging_mixin.py:190} INFO - [2026-05-08T21:34:58.037+0000] {dag.py:4180} INFO - Setting next_dagrun for tutorial to 2026-05-07 00:00:00+00:00, run_after=2026-05-08 00:00:00+00:00
[2026-05-08T21:34:58.052+0000] {processor.py:208} INFO - Processing /home/airflow/.local/lib/python3.12/site-packages/airflow/example_dags/tutorial.py took 0.062 seconds
[2026-05-08T21:35:28.144+0000] {processor.py:186} INFO - Started process (PID=8080) to work on /home/airflow/.local/lib/python3.12/site-packages/airflow/example_dags/tutorial.py
[2026-05-08T21:35:28.144+0000] {processor.py:914} INFO - Processing file /home/airflow/.local/lib/python3.12/site-packages/airflow/example_dags/tutorial.py for tasks to queue
[2026-05-08T21:35:28.146+0000] {logging_mixin.py:190} INFO - [2026-05-08T21:35:28.146+0000] {dagbag.py:588} INFO - Filling up the DagBag from /home/airflow/.local/lib/python3.12/site-packages/airflow/example_dags/tutorial.py
[2026-05-08T21:35:28.152+0000] {processor.py:925} INFO - DAG(s) 'tutorial' retrieved from /home/airflow/.local/lib/python3.12/site-packages/airflow/example_dags/tutorial.py
[2026-05-08T21:35:28.170+0000] {logging_mixin.py:190} INFO - [2026-05-08T21:35:28.170+0000] {dag.py:3239} INFO - Sync 1 DAGs
[2026-05-08T21:35:28.198+0000] {logging_mixin.py:190} INFO - [2026-05-08T21:35:28.198+0000] {dag.py:4180} INFO - Setting next_dagrun for tutorial to 2026-05-07 00:00:00+00:00, run_after=2026-05-08 00:00:00+00:00
[2026-05-08T21:35:28.215+0000] {processor.py:208} INFO - Processing /home/airflow/.local/lib/python3.12/site-packages/airflow/example_dags/tutorial.py took 0.076 seconds
[2026-05-08T21:35:58.422+0000] {processor.py:186} INFO - Started process (PID=8144) to work on /home/airflow/.local/lib/python3.12/site-packages/airflow/example_dags/tutorial.py
[2026-05-08T21:35:58.423+0000] {processor.py:914} INFO - Processing file /home/airflow/.local/lib/python3.12/site-packages/airflow/example_dags/tutorial.py for tasks to queue
[2026-05-08T21:35:58.424+0000] {logging_mixin.py:190} INFO - [2026-05-08T21:35:58.424+0000] {dagbag.py:588} INFO - Filling up the DagBag from /home/airflow/.local/lib/python3.12/site-packages/airflow/example_dags/tutorial.py
[2026-05-08T21:35:58.430+0000] {processor.py:925} INFO - DAG(s) 'tutorial' retrieved from /home/airflow/.local/lib/python3.12/site-packages/airflow/example_dags/tutorial.py
[2026-05-08T21:35:58.445+0000] {logging_mixin.py:190} INFO - [2026-05-08T21:35:58.445+0000] {dag.py:3239} INFO - Sync 1 DAGs
[2026-05-08T21:35:58.463+0000] {logging_mixin.py:190} INFO - [2026-05-08T21:35:58.463+0000] {dag.py:4180} INFO - Setting next_dagrun for tutorial to 2026-05-07 00:00:00+00:00, run_after=2026-05-08 00:00:00+00:00
[2026-05-08T21:35:58.480+0000] {processor.py:208} INFO - Processing /home/airflow/.local/lib/python3.12/site-packages/airflow/example_dags/tutorial.py took 0.062 seconds
[2026-05-08T21:36:28.842+0000] {processor.py:186} INFO - Started process (PID=8208) to work on /home/airflow/.local/lib/python3.12/site-packages/airflow/example_dags/tutorial.py
[2026-05-08T21:36:28.843+0000] {processor.py:914} INFO - Processing file /home/airflow/.local/lib/python3.12/site-packages/airflow/example_dags/tutorial.py for tasks to queue
[2026-05-08T21:36:28.846+0000] {logging_mixin.py:190} INFO - [2026-05-08T21:36:28.845+0000] {dagbag.py:588} INFO - Filling up the DagBag from /home/airflow/.local/lib/python3.12/site-packages/airflow/example_dags/tutorial.py
[2026-05-08T21:36:28.853+0000] {processor.py:925} INFO - DAG(s) 'tutorial' retrieved from /home/airflow/.local/lib/python3.12/site-packages/airflow/example_dags/tutorial.py
[2026-05-08T21:36:28.874+0000] {logging_mixin.py:190} INFO - [2026-05-08T21:36:28.874+0000] {dag.py:3239} INFO - Sync 1 DAGs
[2026-05-08T21:36:28.896+0000] {logging_mixin.py:190} INFO - [2026-05-08T21:36:28.896+0000] {dag.py:4180} INFO - Setting next_dagrun for tutorial to 2026-05-07 00:00:00+00:00, run_after=2026-05-08 00:00:00+00:00
[2026-05-08T21:36:28.909+0000] {processor.py:208} INFO - Processing /home/airflow/.local/lib/python3.12/site-packages/airflow/example_dags/tutorial.py took 0.073 seconds
[2026-05-08T21:36:59.884+0000] {processor.py:186} INFO - Started process (PID=8272) to work on /home/airflow/.local/lib/python3.12/site-packages/airflow/example_dags/tutorial.py
[2026-05-08T21:36:59.885+0000] {processor.py:914} INFO - Processing file /home/airflow/.local/lib/python3.12/site-packages/airflow/example_dags/tutorial.py for tasks to queue
[2026-05-08T21:36:59.887+0000] {logging_mixin.py:190} INFO - [2026-05-08T21:36:59.886+0000] {dagbag.py:588} INFO - Filling up the DagBag from /home/airflow/.local/lib/python3.12/site-packages/airflow/example_dags/tutorial.py
[2026-05-08T21:36:59.894+0000] {processor.py:925} INFO - DAG(s) 'tutorial' retrieved from /home/airflow/.local/lib/python3.12/site-packages/airflow/example_dags/tutorial.py
[2026-05-08T21:36:59.912+0000] {logging_mixin.py:190} INFO - [2026-05-08T21:36:59.912+0000] {dag.py:3239} INFO - Sync 1 DAGs
[2026-05-08T21:36:59.937+0000] {logging_mixin.py:190} INFO - [2026-05-08T21:36:59.937+0000] {dag.py:4180} INFO - Setting next_dagrun for tutorial to 2026-05-07 00:00:00+00:00, run_after=2026-05-08 00:00:00+00:00
[2026-05-08T21:36:59.954+0000] {processor.py:208} INFO - Processing /home/airflow/.local/lib/python3.12/site-packages/airflow/example_dags/tutorial.py took 0.077 seconds
[2026-05-08T21:37:30.425+0000] {processor.py:186} INFO - Started process (PID=8336) to work on /home/airflow/.local/lib/python3.12/site-packages/airflow/example_dags/tutorial.py
[2026-05-08T21:37:30.425+0000] {processor.py:914} INFO - Processing file /home/airflow/.local/lib/python3.12/site-packages/airflow/example_dags/tutorial.py for tasks to queue
[2026-05-08T21:37:30.428+0000] {logging_mixin.py:190} INFO - [2026-05-08T21:37:30.428+0000] {dagbag.py:588} INFO - Filling up the DagBag from /home/airflow/.local/lib/python3.12/site-packages/airflow/example_dags/tutorial.py
[2026-05-08T21:37:30.437+0000] {processor.py:925} INFO - DAG(s) 'tutorial' retrieved from /home/airflow/.local/lib/python3.12/site-packages/airflow/example_dags/tutorial.py
[2026-05-08T21:37:30.460+0000] {logging_mixin.py:190} INFO - [2026-05-08T21:37:30.460+0000] {dag.py:3239} INFO - Sync 1 DAGs
[2026-05-08T21:37:30.490+0000] {logging_mixin.py:190} INFO - [2026-05-08T21:37:30.489+0000] {dag.py:4180} INFO - Setting next_dagrun for tutorial to 2026-05-07 00:00:00+00:00, run_after=2026-05-08 00:00:00+00:00
[2026-05-08T21:37:30.509+0000] {processor.py:208} INFO - Processing /home/airflow/.local/lib/python3.12/site-packages/airflow/example_dags/tutorial.py took 0.092 seconds
[2026-05-08T21:38:01.170+0000] {processor.py:186} INFO - Started process (PID=8400) to work on /home/airflow/.local/lib/python3.12/site-packages/airflow/example_dags/tutorial.py
[2026-05-08T21:38:01.171+0000] {processor.py:914} INFO - Processing file /home/airflow/.local/lib/python3.12/site-packages/airflow/example_dags/tutorial.py for tasks to queue
[2026-05-08T21:38:01.173+0000] {logging_mixin.py:190} INFO - [2026-05-08T21:38:01.173+0000] {dagbag.py:588} INFO - Filling up the DagBag from /home/airflow/.local/lib/python3.12/site-packages/airflow/example_dags/tutorial.py
[2026-05-08T21:38:01.182+0000] {processor.py:925} INFO - DAG(s) 'tutorial' retrieved from /home/airflow/.local/lib/python3.12/site-packages/airflow/example_dags/tutorial.py
[2026-05-08T21:38:01.205+0000] {logging_mixin.py:190} INFO - [2026-05-08T21:38:01.204+0000] {dag.py:3239} INFO - Sync 1 DAGs
[2026-05-08T21:38:01.231+0000] {logging_mixin.py:190} INFO - [2026-05-08T21:38:01.231+0000] {dag.py:4180} INFO - Setting next_dagrun for tutorial to 2026-05-07 00:00:00+00:00, run_after=2026-05-08 00:00:00+00:00
[2026-05-08T21:38:01.249+0000] {processor.py:208} INFO - Processing /home/airflow/.local/lib/python3.12/site-packages/airflow/example_dags/tutorial.py took 0.086 seconds
[2026-05-08T21:38:31.584+0000] {processor.py:186} INFO - Started process (PID=8464) to work on /home/airflow/.local/lib/python3.12/site-packages/airflow/example_dags/tutorial.py
[2026-05-08T21:38:31.584+0000] {processor.py:914} INFO - Processing file /home/airflow/.local/lib/python3.12/site-packages/airflow/example_dags/tutorial.py for tasks to queue
[2026-05-08T21:38:31.586+0000] {logging_mixin.py:190} INFO - [2026-05-08T21:38:31.586+0000] {dagbag.py:588} INFO - Filling up the DagBag from /home/airflow/.local/lib/python3.12/site-packages/airflow/example_dags/tutorial.py
[2026-05-08T21:38:31.593+0000] {processor.py:925} INFO - DAG(s) 'tutorial' retrieved from /home/airflow/.local/lib/python3.12/site-packages/airflow/example_dags/tutorial.py
[2026-05-08T21:38:31.610+0000] {logging_mixin.py:190} INFO - [2026-05-08T21:38:31.610+0000] {dag.py:3239} INFO - Sync 1 DAGs
[2026-05-08T21:38:31.632+0000] {logging_mixin.py:190} INFO - [2026-05-08T21:38:31.632+0000] {dag.py:4180} INFO - Setting next_dagrun for tutorial to 2026-05-07 00:00:00+00:00, run_after=2026-05-08 00:00:00+00:00
[2026-05-08T21:38:31.646+0000] {processor.py:208} INFO - Processing /home/airflow/.local/lib/python3.12/site-packages/airflow/example_dags/tutorial.py took 0.067 seconds
[2026-05-08T21:39:02.077+0000] {processor.py:186} INFO - Started process (PID=8528) to work on /home/airflow/.local/lib/python3.12/site-packages/airflow/example_dags/tutorial.py
[2026-05-08T21:39:02.078+0000] {processor.py:914} INFO - Processing file /home/airflow/.local/lib/python3.12/site-packages/airflow/example_dags/tutorial.py for tasks to queue
[2026-05-08T21:39:02.081+0000] {logging_mixin.py:190} INFO - [2026-05-08T21:39:02.080+0000] {dagbag.py:588} INFO - Filling up the DagBag from /home/airflow/.local/lib/python3.12/site-packages/airflow/example_dags/tutorial.py
[2026-05-08T21:39:02.089+0000] {processor.py:925} INFO - DAG(s) 'tutorial' retrieved from /home/airflow/.local/lib/python3.12/site-packages/airflow/example_dags/tutorial.py
[2026-05-08T21:39:02.106+0000] {logging_mixin.py:190} INFO - [2026-05-08T21:39:02.106+0000] {dag.py:3239} INFO - Sync 1 DAGs
[2026-05-08T21:39:02.125+0000] {logging_mixin.py:190} INFO - [2026-05-08T21:39:02.124+0000] {dag.py:4180} INFO - Setting next_dagrun for tutorial to 2026-05-07 00:00:00+00:00, run_after=2026-05-08 00:00:00+00:00
[2026-05-08T21:39:02.140+0000] {processor.py:208} INFO - Processing /home/airflow/.local/lib/python3.12/site-packages/airflow/example_dags/tutorial.py took 0.069 seconds
[2026-05-08T21:39:32.239+0000] {processor.py:186} INFO - Started process (PID=8592) to work on /home/airflow/.local/lib/python3.12/site-packages/airflow/example_dags/tutorial.py
[2026-05-08T21:39:32.240+0000] {processor.py:914} INFO - Processing file /home/airflow/.local/lib/python3.12/site-packages/airflow/example_dags/tutorial.py for tasks to queue
[2026-05-08T21:39:32.241+0000] {logging_mixin.py:190} INFO - [2026-05-08T21:39:32.241+0000] {dagbag.py:588} INFO - Filling up the DagBag from /home/airflow/.local/lib/python3.12/site-packages/airflow/example_dags/tutorial.py
[2026-05-08T21:39:32.247+0000] {processor.py:925} INFO - DAG(s) 'tutorial' retrieved from /home/airflow/.local/lib/python3.12/site-packages/airflow/example_dags/tutorial.py
[2026-05-08T21:39:32.265+0000] {logging_mixin.py:190} INFO - [2026-05-08T21:39:32.264+0000] {dag.py:3239} INFO - Sync 1 DAGs
[2026-05-08T21:39:32.286+0000] {logging_mixin.py:190} INFO - [2026-05-08T21:39:32.286+0000] {dag.py:4180} INFO - Setting next_dagrun for tutorial to 2026-05-07 00:00:00+00:00, run_after=2026-05-08 00:00:00+00:00
[2026-05-08T21:39:32.301+0000] {processor.py:208} INFO - Processing /home/airflow/.local/lib/python3.12/site-packages/airflow/example_dags/tutorial.py took 0.066 seconds
[2026-05-08T21:40:02.390+0000] {processor.py:186} INFO - Started process (PID=8656) to work on /home/airflow/.local/lib/python3.12/site-packages/airflow/example_dags/tutorial.py
[2026-05-08T21:40:02.391+0000] {processor.py:914} INFO - Processing file /home/airflow/.local/lib/python3.12/site-packages/airflow/example_dags/tutorial.py for tasks to queue
[2026-05-08T21:40:02.393+0000] {logging_mixin.py:190} INFO - [2026-05-08T21:40:02.393+0000] {dagbag.py:588} INFO - Filling up the DagBag from /home/airflow/.local/lib/python3.12/site-packages/airflow/example_dags/tutorial.py
[2026-05-08T21:40:02.401+0000] {processor.py:925} INFO - DAG(s) 'tutorial' retrieved from /home/airflow/.local/lib/python3.12/site-packages/airflow/example_dags/tutorial.py
[2026-05-08T21:40:02.418+0000] {logging_mixin.py:190} INFO - [2026-05-08T21:40:02.418+0000] {dag.py:3239} INFO - Sync 1 DAGs
[2026-05-08T21:40:02.438+0000] {logging_mixin.py:190} INFO - [2026-05-08T21:40:02.437+0000] {dag.py:4180} INFO - Setting next_dagrun for tutorial to 2026-05-07 00:00:00+00:00, run_after=2026-05-08 00:00:00+00:00
[2026-05-08T21:40:02.454+0000] {processor.py:208} INFO - Processing /home/airflow/.local/lib/python3.12/site-packages/airflow/example_dags/tutorial.py took 0.071 seconds
[2026-05-08T21:40:32.811+0000] {processor.py:186} INFO - Started process (PID=8720) to work on /home/airflow/.local/lib/python3.12/site-packages/airflow/example_dags/tutorial.py
[2026-05-08T21:40:32.812+0000] {processor.py:914} INFO - Processing file /home/airflow/.local/lib/python3.12/site-packages/airflow/example_dags/tutorial.py for tasks to queue
[2026-05-08T21:40:32.813+0000] {logging_mixin.py:190} INFO - [2026-05-08T21:40:32.813+0000] {dagbag.py:588} INFO - Filling up the DagBag from /home/airflow/.local/lib/python3.12/site-packages/airflow/example_dags/tutorial.py
[2026-05-08T21:40:32.820+0000] {processor.py:925} INFO - DAG(s) 'tutorial' retrieved from /home/airflow/.local/lib/python3.12/site-packages/airflow/example_dags/tutorial.py
[2026-05-08T21:40:32.836+0000] {logging_mixin.py:190} INFO - [2026-05-08T21:40:32.835+0000] {dag.py:3239} INFO - Sync 1 DAGs
[2026-05-08T21:40:32.855+0000] {logging_mixin.py:190} INFO - [2026-05-08T21:40:32.855+0000] {dag.py:4180} INFO - Setting next_dagrun for tutorial to 2026-05-07 00:00:00+00:00, run_after=2026-05-08 00:00:00+00:00
[2026-05-08T21:40:32.872+0000] {processor.py:208} INFO - Processing /home/airflow/.local/lib/python3.12/site-packages/airflow/example_dags/tutorial.py took 0.066 seconds
[2026-05-08T21:41:03.175+0000] {processor.py:186} INFO - Started process (PID=8784) to work on /home/airflow/.local/lib/python3.12/site-packages/airflow/example_dags/tutorial.py
[2026-05-08T21:41:03.176+0000] {processor.py:914} INFO - Processing file /home/airflow/.local/lib/python3.12/site-packages/airflow/example_dags/tutorial.py for tasks to queue
[2026-05-08T21:41:03.177+0000] {logging_mixin.py:190} INFO - [2026-05-08T21:41:03.177+0000] {dagbag.py:588} INFO - Filling up the DagBag from /home/airflow/.local/lib/python3.12/site-packages/airflow/example_dags/tutorial.py
[2026-05-08T21:41:03.184+0000] {processor.py:925} INFO - DAG(s) 'tutorial' retrieved from /home/airflow/.local/lib/python3.12/site-packages/airflow/example_dags/tutorial.py
[2026-05-08T21:41:03.202+0000] {logging_mixin.py:190} INFO - [2026-05-08T21:41:03.202+0000] {dag.py:3239} INFO - Sync 1 DAGs
[2026-05-08T21:41:03.228+0000] {logging_mixin.py:190} INFO - [2026-05-08T21:41:03.228+0000] {dag.py:4180} INFO - Setting next_dagrun for tutorial to 2026-05-07 00:00:00+00:00, run_after=2026-05-08 00:00:00+00:00
[2026-05-08T21:41:03.245+0000] {processor.py:208} INFO - Processing /home/airflow/.local/lib/python3.12/site-packages/airflow/example_dags/tutorial.py took 0.076 seconds
[2026-05-08T21:41:33.774+0000] {processor.py:186} INFO - Started process (PID=8848) to work on /home/airflow/.local/lib/python3.12/site-packages/airflow/example_dags/tutorial.py
[2026-05-08T21:41:33.775+0000] {processor.py:914} INFO - Processing file /home/airflow/.local/lib/python3.12/site-packages/airflow/example_dags/tutorial.py for tasks to queue
[2026-05-08T21:41:33.776+0000] {logging_mixin.py:190} INFO - [2026-05-08T21:41:33.776+0000] {dagbag.py:588} INFO - Filling up the DagBag from /home/airflow/.local/lib/python3.12/site-packages/airflow/example_dags/tutorial.py
[2026-05-08T21:41:33.783+0000] {processor.py:925} INFO - DAG(s) 'tutorial' retrieved from /home/airflow/.local/lib/python3.12/site-packages/airflow/example_dags/tutorial.py
[2026-05-08T21:41:33.800+0000] {logging_mixin.py:190} INFO - [2026-05-08T21:41:33.800+0000] {dag.py:3239} INFO - Sync 1 DAGs
[2026-05-08T21:41:33.821+0000] {logging_mixin.py:190} INFO - [2026-05-08T21:41:33.821+0000] {dag.py:4180} INFO - Setting next_dagrun for tutorial to 2026-05-07 00:00:00+00:00, run_after=2026-05-08 00:00:00+00:00
[2026-05-08T21:41:33.835+0000] {processor.py:208} INFO - Processing /home/airflow/.local/lib/python3.12/site-packages/airflow/example_dags/tutorial.py took 0.067 seconds
[2026-05-08T21:42:04.197+0000] {processor.py:186} INFO - Started process (PID=8912) to work on /home/airflow/.local/lib/python3.12/site-packages/airflow/example_dags/tutorial.py
[2026-05-08T21:42:04.198+0000] {processor.py:914} INFO - Processing file /home/airflow/.local/lib/python3.12/site-packages/airflow/example_dags/tutorial.py for tasks to queue
[2026-05-08T21:42:04.200+0000] {logging_mixin.py:190} INFO - [2026-05-08T21:42:04.199+0000] {dagbag.py:588} INFO - Filling up the DagBag from /home/airflow/.local/lib/python3.12/site-packages/airflow/example_dags/tutorial.py
[2026-05-08T21:42:04.206+0000] {processor.py:925} INFO - DAG(s) 'tutorial' retrieved from /home/airflow/.local/lib/python3.12/site-packages/airflow/example_dags/tutorial.py
[2026-05-08T21:42:04.221+0000] {logging_mixin.py:190} INFO - [2026-05-08T21:42:04.221+0000] {dag.py:3239} INFO - Sync 1 DAGs
[2026-05-08T21:42:04.243+0000] {logging_mixin.py:190} INFO - [2026-05-08T21:42:04.242+0000] {dag.py:4180} INFO - Setting next_dagrun for tutorial to 2026-05-07 00:00:00+00:00, run_after=2026-05-08 00:00:00+00:00
[2026-05-08T21:42:04.263+0000] {processor.py:208} INFO - Processing /home/airflow/.local/lib/python3.12/site-packages/airflow/example_dags/tutorial.py took 0.070 seconds
[2026-05-08T21:42:35.015+0000] {processor.py:186} INFO - Started process (PID=8976) to work on /home/airflow/.local/lib/python3.12/site-packages/airflow/example_dags/tutorial.py
[2026-05-08T21:42:35.016+0000] {processor.py:914} INFO - Processing file /home/airflow/.local/lib/python3.12/site-packages/airflow/example_dags/tutorial.py for tasks to queue
[2026-05-08T21:42:35.017+0000] {logging_mixin.py:190} INFO - [2026-05-08T21:42:35.017+0000] {dagbag.py:588} INFO - Filling up the DagBag from /home/airflow/.local/lib/python3.12/site-packages/airflow/example_dags/tutorial.py
[2026-05-08T21:42:35.024+0000] {processor.py:925} INFO - DAG(s) 'tutorial' retrieved from /home/airflow/.local/lib/python3.12/site-packages/airflow/example_dags/tutorial.py
[2026-05-08T21:42:35.039+0000] {logging_mixin.py:190} INFO - [2026-05-08T21:42:35.039+0000] {dag.py:3239} INFO - Sync 1 DAGs
[2026-05-08T21:42:35.060+0000] {logging_mixin.py:190} INFO - [2026-05-08T21:42:35.060+0000] {dag.py:4180} INFO - Setting next_dagrun for tutorial to 2026-05-07 00:00:00+00:00, run_after=2026-05-08 00:00:00+00:00
[2026-05-08T21:42:35.075+0000] {processor.py:208} INFO - Processing /home/airflow/.local/lib/python3.12/site-packages/airflow/example_dags/tutorial.py took 0.064 seconds
[2026-05-08T21:43:05.766+0000] {processor.py:186} INFO - Started process (PID=9040) to work on /home/airflow/.local/lib/python3.12/site-packages/airflow/example_dags/tutorial.py
[2026-05-08T21:43:05.767+0000] {processor.py:914} INFO - Processing file /home/airflow/.local/lib/python3.12/site-packages/airflow/example_dags/tutorial.py for tasks to queue
[2026-05-08T21:43:05.768+0000] {logging_mixin.py:190} INFO - [2026-05-08T21:43:05.768+0000] {dagbag.py:588} INFO - Filling up the DagBag from /home/airflow/.local/lib/python3.12/site-packages/airflow/example_dags/tutorial.py
[2026-05-08T21:43:05.775+0000] {processor.py:925} INFO - DAG(s) 'tutorial' retrieved from /home/airflow/.local/lib/python3.12/site-packages/airflow/example_dags/tutorial.py
[2026-05-08T21:43:05.792+0000] {logging_mixin.py:190} INFO - [2026-05-08T21:43:05.792+0000] {dag.py:3239} INFO - Sync 1 DAGs
[2026-05-08T21:43:05.812+0000] {logging_mixin.py:190} INFO - [2026-05-08T21:43:05.812+0000] {dag.py:4180} INFO - Setting next_dagrun for tutorial to 2026-05-07 00:00:00+00:00, run_after=2026-05-08 00:00:00+00:00
[2026-05-08T21:43:05.827+0000] {processor.py:208} INFO - Processing /home/airflow/.local/lib/python3.12/site-packages/airflow/example_dags/tutorial.py took 0.065 seconds
[2026-05-08T21:43:36.365+0000] {processor.py:186} INFO - Started process (PID=9104) to work on /home/airflow/.local/lib/python3.12/site-packages/airflow/example_dags/tutorial.py
[2026-05-08T21:43:36.365+0000] {processor.py:914} INFO - Processing file /home/airflow/.local/lib/python3.12/site-packages/airflow/example_dags/tutorial.py for tasks to queue
[2026-05-08T21:43:36.368+0000] {logging_mixin.py:190} INFO - [2026-05-08T21:43:36.367+0000] {dagbag.py:588} INFO - Filling up the DagBag from /home/airflow/.local/lib/python3.12/site-packages/airflow/example_dags/tutorial.py
[2026-05-08T21:43:36.376+0000] {processor.py:925} INFO - DAG(s) 'tutorial' retrieved from /home/airflow/.local/lib/python3.12/site-packages/airflow/example_dags/tutorial.py
[2026-05-08T21:43:36.391+0000] {logging_mixin.py:190} INFO - [2026-05-08T21:43:36.390+0000] {dag.py:3239} INFO - Sync 1 DAGs
[2026-05-08T21:43:36.412+0000] {logging_mixin.py:190} INFO - [2026-05-08T21:43:36.411+0000] {dag.py:4180} INFO - Setting next_dagrun for tutorial to 2026-05-07 00:00:00+00:00, run_after=2026-05-08 00:00:00+00:00
[2026-05-08T21:43:36.430+0000] {processor.py:208} INFO - Processing /home/airflow/.local/lib/python3.12/site-packages/airflow/example_dags/tutorial.py took 0.071 seconds
[2026-05-08T21:44:06.907+0000] {processor.py:186} INFO - Started process (PID=9168) to work on /home/airflow/.local/lib/python3.12/site-packages/airflow/example_dags/tutorial.py
[2026-05-08T21:44:06.908+0000] {processor.py:914} INFO - Processing file /home/airflow/.local/lib/python3.12/site-packages/airflow/example_dags/tutorial.py for tasks to queue
[2026-05-08T21:44:06.909+0000] {logging_mixin.py:190} INFO - [2026-05-08T21:44:06.909+0000] {dagbag.py:588} INFO - Filling up the DagBag from /home/airflow/.local/lib/python3.12/site-packages/airflow/example_dags/tutorial.py
[2026-05-08T21:44:06.915+0000] {processor.py:925} INFO - DAG(s) 'tutorial' retrieved from /home/airflow/.local/lib/python3.12/site-packages/airflow/example_dags/tutorial.py
[2026-05-08T21:44:06.932+0000] {logging_mixin.py:190} INFO - [2026-05-08T21:44:06.932+0000] {dag.py:3239} INFO - Sync 1 DAGs
[2026-05-08T21:44:06.961+0000] {logging_mixin.py:190} INFO - [2026-05-08T21:44:06.961+0000] {dag.py:4180} INFO - Setting next_dagrun for tutorial to 2026-05-07 00:00:00+00:00, run_after=2026-05-08 00:00:00+00:00
[2026-05-08T21:44:06.980+0000] {processor.py:208} INFO - Processing /home/airflow/.local/lib/python3.12/site-packages/airflow/example_dags/tutorial.py took 0.077 seconds
[2026-05-08T21:44:37.580+0000] {processor.py:186} INFO - Started process (PID=9232) to work on /home/airflow/.local/lib/python3.12/site-packages/airflow/example_dags/tutorial.py
[2026-05-08T21:44:37.581+0000] {processor.py:914} INFO - Processing file /home/airflow/.local/lib/python3.12/site-packages/airflow/example_dags/tutorial.py for tasks to queue
[2026-05-08T21:44:37.582+0000] {logging_mixin.py:190} INFO - [2026-05-08T21:44:37.582+0000] {dagbag.py:588} INFO - Filling up the DagBag from /home/airflow/.local/lib/python3.12/site-packages/airflow/example_dags/tutorial.py
[2026-05-08T21:44:37.589+0000] {processor.py:925} INFO - DAG(s) 'tutorial' retrieved from /home/airflow/.local/lib/python3.12/site-packages/airflow/example_dags/tutorial.py
[2026-05-08T21:44:37.607+0000] {logging_mixin.py:190} INFO - [2026-05-08T21:44:37.607+0000] {dag.py:3239} INFO - Sync 1 DAGs
[2026-05-08T21:44:37.626+0000] {logging_mixin.py:190} INFO - [2026-05-08T21:44:37.625+0000] {dag.py:4180} INFO - Setting next_dagrun for tutorial to 2026-05-07 00:00:00+00:00, run_after=2026-05-08 00:00:00+00:00
[2026-05-08T21:44:37.650+0000] {processor.py:208} INFO - Processing /home/airflow/.local/lib/python3.12/site-packages/airflow/example_dags/tutorial.py took 0.075 seconds
[2026-05-08T21:45:07.746+0000] {processor.py:186} INFO - Started process (PID=9296) to work on /home/airflow/.local/lib/python3.12/site-packages/airflow/example_dags/tutorial.py
[2026-05-08T21:45:07.747+0000] {processor.py:914} INFO - Processing file /home/airflow/.local/lib/python3.12/site-packages/airflow/example_dags/tutorial.py for tasks to queue
[2026-05-08T21:45:07.749+0000] {logging_mixin.py:190} INFO - [2026-05-08T21:45:07.749+0000] {dagbag.py:588} INFO - Filling up the DagBag from /home/airflow/.local/lib/python3.12/site-packages/airflow/example_dags/tutorial.py
[2026-05-08T21:45:07.759+0000] {processor.py:925} INFO - DAG(s) 'tutorial' retrieved from /home/airflow/.local/lib/python3.12/site-packages/airflow/example_dags/tutorial.py
[2026-05-08T21:45:07.780+0000] {logging_mixin.py:190} INFO - [2026-05-08T21:45:07.779+0000] {dag.py:3239} INFO - Sync 1 DAGs
[2026-05-08T21:45:07.806+0000] {logging_mixin.py:190} INFO - [2026-05-08T21:45:07.806+0000] {dag.py:4180} INFO - Setting next_dagrun for tutorial to 2026-05-07 00:00:00+00:00, run_after=2026-05-08 00:00:00+00:00
[2026-05-08T21:45:07.823+0000] {processor.py:208} INFO - Processing /home/airflow/.local/lib/python3.12/site-packages/airflow/example_dags/tutorial.py took 0.084 seconds
[2026-05-08T21:45:38.441+0000] {processor.py:186} INFO - Started process (PID=9366) to work on /home/airflow/.local/lib/python3.12/site-packages/airflow/example_dags/tutorial.py
[2026-05-08T21:45:38.441+0000] {processor.py:914} INFO - Processing file /home/airflow/.local/lib/python3.12/site-packages/airflow/example_dags/tutorial.py for tasks to queue
[2026-05-08T21:45:38.443+0000] {logging_mixin.py:190} INFO - [2026-05-08T21:45:38.443+0000] {dagbag.py:588} INFO - Filling up the DagBag from /home/airflow/.local/lib/python3.12/site-packages/airflow/example_dags/tutorial.py
[2026-05-08T21:45:38.449+0000] {processor.py:925} INFO - DAG(s) 'tutorial' retrieved from /home/airflow/.local/lib/python3.12/site-packages/airflow/example_dags/tutorial.py
[2026-05-08T21:45:38.466+0000] {logging_mixin.py:190} INFO - [2026-05-08T21:45:38.466+0000] {dag.py:3239} INFO - Sync 1 DAGs
[2026-05-08T21:45:38.491+0000] {logging_mixin.py:190} INFO - [2026-05-08T21:45:38.490+0000] {dag.py:4180} INFO - Setting next_dagrun for tutorial to 2026-05-07 00:00:00+00:00, run_after=2026-05-08 00:00:00+00:00
[2026-05-08T21:45:38.509+0000] {processor.py:208} INFO - Processing /home/airflow/.local/lib/python3.12/site-packages/airflow/example_dags/tutorial.py took 0.073 seconds
[2026-05-08T21:46:09.043+0000] {processor.py:186} INFO - Started process (PID=9430) to work on /home/airflow/.local/lib/python3.12/site-packages/airflow/example_dags/tutorial.py
[2026-05-08T21:46:09.044+0000] {processor.py:914} INFO - Processing file /home/airflow/.local/lib/python3.12/site-packages/airflow/example_dags/tutorial.py for tasks to queue
[2026-05-08T21:46:09.047+0000] {logging_mixin.py:190} INFO - [2026-05-08T21:46:09.046+0000] {dagbag.py:588} INFO - Filling up the DagBag from /home/airflow/.local/lib/python3.12/site-packages/airflow/example_dags/tutorial.py
[2026-05-08T21:46:09.055+0000] {processor.py:925} INFO - DAG(s) 'tutorial' retrieved from /home/airflow/.local/lib/python3.12/site-packages/airflow/example_dags/tutorial.py
[2026-05-08T21:46:09.076+0000] {logging_mixin.py:190} INFO - [2026-05-08T21:46:09.076+0000] {dag.py:3239} INFO - Sync 1 DAGs
[2026-05-08T21:46:09.098+0000] {logging_mixin.py:190} INFO - [2026-05-08T21:46:09.098+0000] {dag.py:4180} INFO - Setting next_dagrun for tutorial to 2026-05-07 00:00:00+00:00, run_after=2026-05-08 00:00:00+00:00
[2026-05-08T21:46:09.115+0000] {processor.py:208} INFO - Processing /home/airflow/.local/lib/python3.12/site-packages/airflow/example_dags/tutorial.py took 0.077 seconds
[2026-05-08T21:46:39.700+0000] {processor.py:186} INFO - Started process (PID=9494) to work on /home/airflow/.local/lib/python3.12/site-packages/airflow/example_dags/tutorial.py
[2026-05-08T21:46:39.701+0000] {processor.py:914} INFO - Processing file /home/airflow/.local/lib/python3.12/site-packages/airflow/example_dags/tutorial.py for tasks to queue
[2026-05-08T21:46:39.703+0000] {logging_mixin.py:190} INFO - [2026-05-08T21:46:39.702+0000] {dagbag.py:588} INFO - Filling up the DagBag from /home/airflow/.local/lib/python3.12/site-packages/airflow/example_dags/tutorial.py
[2026-05-08T21:46:39.709+0000] {processor.py:925} INFO - DAG(s) 'tutorial' retrieved from /home/airflow/.local/lib/python3.12/site-packages/airflow/example_dags/tutorial.py
[2026-05-08T21:46:39.726+0000] {logging_mixin.py:190} INFO - [2026-05-08T21:46:39.726+0000] {dag.py:3239} INFO - Sync 1 DAGs
[2026-05-08T21:46:39.744+0000] {logging_mixin.py:190} INFO - [2026-05-08T21:46:39.744+0000] {dag.py:4180} INFO - Setting next_dagrun for tutorial to 2026-05-07 00:00:00+00:00, run_after=2026-05-08 00:00:00+00:00
[2026-05-08T21:46:39.758+0000] {processor.py:208} INFO - Processing /home/airflow/.local/lib/python3.12/site-packages/airflow/example_dags/tutorial.py took 0.062 seconds
[2026-05-08T21:47:10.342+0000] {processor.py:186} INFO - Started process (PID=9558) to work on /home/airflow/.local/lib/python3.12/site-packages/airflow/example_dags/tutorial.py
[2026-05-08T21:47:10.342+0000] {processor.py:914} INFO - Processing file /home/airflow/.local/lib/python3.12/site-packages/airflow/example_dags/tutorial.py for tasks to queue
[2026-05-08T21:47:10.344+0000] {logging_mixin.py:190} INFO - [2026-05-08T21:47:10.344+0000] {dagbag.py:588} INFO - Filling up the DagBag from /home/airflow/.local/lib/python3.12/site-packages/airflow/example_dags/tutorial.py
[2026-05-08T21:47:10.350+0000] {processor.py:925} INFO - DAG(s) 'tutorial' retrieved from /home/airflow/.local/lib/python3.12/site-packages/airflow/example_dags/tutorial.py
[2026-05-08T21:47:10.365+0000] {logging_mixin.py:190} INFO - [2026-05-08T21:47:10.365+0000] {dag.py:3239} INFO - Sync 1 DAGs
[2026-05-08T21:47:10.385+0000] {logging_mixin.py:190} INFO - [2026-05-08T21:47:10.385+0000] {dag.py:4180} INFO - Setting next_dagrun for tutorial to 2026-05-07 00:00:00+00:00, run_after=2026-05-08 00:00:00+00:00
[2026-05-08T21:47:10.401+0000] {processor.py:208} INFO - Processing /home/airflow/.local/lib/python3.12/site-packages/airflow/example_dags/tutorial.py took 0.064 seconds
[2026-05-08T21:47:40.926+0000] {processor.py:186} INFO - Started process (PID=9622) to work on /home/airflow/.local/lib/python3.12/site-packages/airflow/example_dags/tutorial.py
[2026-05-08T21:47:40.927+0000] {processor.py:914} INFO - Processing file /home/airflow/.local/lib/python3.12/site-packages/airflow/example_dags/tutorial.py for tasks to queue
[2026-05-08T21:47:40.930+0000] {logging_mixin.py:190} INFO - [2026-05-08T21:47:40.930+0000] {dagbag.py:588} INFO - Filling up the DagBag from /home/airflow/.local/lib/python3.12/site-packages/airflow/example_dags/tutorial.py
[2026-05-08T21:47:40.939+0000] {processor.py:925} INFO - DAG(s) 'tutorial' retrieved from /home/airflow/.local/lib/python3.12/site-packages/airflow/example_dags/tutorial.py
[2026-05-08T21:47:40.958+0000] {logging_mixin.py:190} INFO - [2026-05-08T21:47:40.958+0000] {dag.py:3239} INFO - Sync 1 DAGs
[2026-05-08T21:47:40.984+0000] {logging_mixin.py:190} INFO - [2026-05-08T21:47:40.984+0000] {dag.py:4180} INFO - Setting next_dagrun for tutorial to 2026-05-07 00:00:00+00:00, run_after=2026-05-08 00:00:00+00:00
[2026-05-08T21:47:40.998+0000] {processor.py:208} INFO - Processing /home/airflow/.local/lib/python3.12/site-packages/airflow/example_dags/tutorial.py took 0.079 seconds
[2026-05-08T21:48:11.483+0000] {processor.py:186} INFO - Started process (PID=9686) to work on /home/airflow/.local/lib/python3.12/site-packages/airflow/example_dags/tutorial.py
[2026-05-08T21:48:11.483+0000] {processor.py:914} INFO - Processing file /home/airflow/.local/lib/python3.12/site-packages/airflow/example_dags/tutorial.py for tasks to queue
[2026-05-08T21:48:11.485+0000] {logging_mixin.py:190} INFO - [2026-05-08T21:48:11.485+0000] {dagbag.py:588} INFO - Filling up the DagBag from /home/airflow/.local/lib/python3.12/site-packages/airflow/example_dags/tutorial.py
[2026-05-08T21:48:11.491+0000] {processor.py:925} INFO - DAG(s) 'tutorial' retrieved from /home/airflow/.local/lib/python3.12/site-packages/airflow/example_dags/tutorial.py
[2026-05-08T21:48:11.509+0000] {logging_mixin.py:190} INFO - [2026-05-08T21:48:11.509+0000] {dag.py:3239} INFO - Sync 1 DAGs
[2026-05-08T21:48:11.537+0000] {logging_mixin.py:190} INFO - [2026-05-08T21:48:11.537+0000] {dag.py:4180} INFO - Setting next_dagrun for tutorial to 2026-05-07 00:00:00+00:00, run_after=2026-05-08 00:00:00+00:00
[2026-05-08T21:48:11.559+0000] {processor.py:208} INFO - Processing /home/airflow/.local/lib/python3.12/site-packages/airflow/example_dags/tutorial.py took 0.081 seconds
[2026-05-08T21:48:41.990+0000] {processor.py:186} INFO - Started process (PID=9750) to work on /home/airflow/.local/lib/python3.12/site-packages/airflow/example_dags/tutorial.py
[2026-05-08T21:48:41.991+0000] {processor.py:914} INFO - Processing file /home/airflow/.local/lib/python3.12/site-packages/airflow/example_dags/tutorial.py for tasks to queue
[2026-05-08T21:48:41.994+0000] {logging_mixin.py:190} INFO - [2026-05-08T21:48:41.994+0000] {dagbag.py:588} INFO - Filling up the DagBag from /home/airflow/.local/lib/python3.12/site-packages/airflow/example_dags/tutorial.py
[2026-05-08T21:48:42.003+0000] {processor.py:925} INFO - DAG(s) 'tutorial' retrieved from /home/airflow/.local/lib/python3.12/site-packages/airflow/example_dags/tutorial.py
[2026-05-08T21:48:42.025+0000] {logging_mixin.py:190} INFO - [2026-05-08T21:48:42.025+0000] {dag.py:3239} INFO - Sync 1 DAGs
[2026-05-08T21:48:42.049+0000] {logging_mixin.py:190} INFO - [2026-05-08T21:48:42.049+0000] {dag.py:4180} INFO - Setting next_dagrun for tutorial to 2026-05-07 00:00:00+00:00, run_after=2026-05-08 00:00:00+00:00
[2026-05-08T21:48:42.067+0000] {processor.py:208} INFO - Processing /home/airflow/.local/lib/python3.12/site-packages/airflow/example_dags/tutorial.py took 0.086 seconds
[2026-05-08T21:49:12.626+0000] {processor.py:186} INFO - Started process (PID=9814) to work on /home/airflow/.local/lib/python3.12/site-packages/airflow/example_dags/tutorial.py
[2026-05-08T21:49:12.626+0000] {processor.py:914} INFO - Processing file /home/airflow/.local/lib/python3.12/site-packages/airflow/example_dags/tutorial.py for tasks to queue
[2026-05-08T21:49:12.628+0000] {logging_mixin.py:190} INFO - [2026-05-08T21:49:12.628+0000] {dagbag.py:588} INFO - Filling up the DagBag from /home/airflow/.local/lib/python3.12/site-packages/airflow/example_dags/tutorial.py
[2026-05-08T21:49:12.634+0000] {processor.py:925} INFO - DAG(s) 'tutorial' retrieved from /home/airflow/.local/lib/python3.12/site-packages/airflow/example_dags/tutorial.py
[2026-05-08T21:49:12.650+0000] {logging_mixin.py:190} INFO - [2026-05-08T21:49:12.650+0000] {dag.py:3239} INFO - Sync 1 DAGs
[2026-05-08T21:49:12.669+0000] {logging_mixin.py:190} INFO - [2026-05-08T21:49:12.669+0000] {dag.py:4180} INFO - Setting next_dagrun for tutorial to 2026-05-07 00:00:00+00:00, run_after=2026-05-08 00:00:00+00:00
[2026-05-08T21:49:12.684+0000] {processor.py:208} INFO - Processing /home/airflow/.local/lib/python3.12/site-packages/airflow/example_dags/tutorial.py took 0.063 seconds
[2026-05-08T21:49:43.095+0000] {processor.py:186} INFO - Started process (PID=9878) to work on /home/airflow/.local/lib/python3.12/site-packages/airflow/example_dags/tutorial.py
[2026-05-08T21:49:43.096+0000] {processor.py:914} INFO - Processing file /home/airflow/.local/lib/python3.12/site-packages/airflow/example_dags/tutorial.py for tasks to queue
[2026-05-08T21:49:43.097+0000] {logging_mixin.py:190} INFO - [2026-05-08T21:49:43.097+0000] {dagbag.py:588} INFO - Filling up the DagBag from /home/airflow/.local/lib/python3.12/site-packages/airflow/example_dags/tutorial.py
[2026-05-08T21:49:43.103+0000] {processor.py:925} INFO - DAG(s) 'tutorial' retrieved from /home/airflow/.local/lib/python3.12/site-packages/airflow/example_dags/tutorial.py
[2026-05-08T21:49:43.119+0000] {logging_mixin.py:190} INFO - [2026-05-08T21:49:43.119+0000] {dag.py:3239} INFO - Sync 1 DAGs
[2026-05-08T21:49:43.140+0000] {logging_mixin.py:190} INFO - [2026-05-08T21:49:43.140+0000] {dag.py:4180} INFO - Setting next_dagrun for tutorial to 2026-05-07 00:00:00+00:00, run_after=2026-05-08 00:00:00+00:00
[2026-05-08T21:49:43.156+0000] {processor.py:208} INFO - Processing /home/airflow/.local/lib/python3.12/site-packages/airflow/example_dags/tutorial.py took 0.065 seconds
[2026-05-08T21:50:13.617+0000] {processor.py:186} INFO - Started process (PID=9942) to work on /home/airflow/.local/lib/python3.12/site-packages/airflow/example_dags/tutorial.py
[2026-05-08T21:50:13.618+0000] {processor.py:914} INFO - Processing file /home/airflow/.local/lib/python3.12/site-packages/airflow/example_dags/tutorial.py for tasks to queue
[2026-05-08T21:50:13.620+0000] {logging_mixin.py:190} INFO - [2026-05-08T21:50:13.619+0000] {dagbag.py:588} INFO - Filling up the DagBag from /home/airflow/.local/lib/python3.12/site-packages/airflow/example_dags/tutorial.py
[2026-05-08T21:50:13.626+0000] {processor.py:925} INFO - DAG(s) 'tutorial' retrieved from /home/airflow/.local/lib/python3.12/site-packages/airflow/example_dags/tutorial.py
[2026-05-08T21:50:13.643+0000] {logging_mixin.py:190} INFO - [2026-05-08T21:50:13.643+0000] {dag.py:3239} INFO - Sync 1 DAGs
[2026-05-08T21:50:13.666+0000] {logging_mixin.py:190} INFO - [2026-05-08T21:50:13.665+0000] {dag.py:4180} INFO - Setting next_dagrun for tutorial to 2026-05-07 00:00:00+00:00, run_after=2026-05-08 00:00:00+00:00
[2026-05-08T21:50:13.681+0000] {processor.py:208} INFO - Processing /home/airflow/.local/lib/python3.12/site-packages/airflow/example_dags/tutorial.py took 0.069 seconds
[2026-05-08T21:50:44.037+0000] {processor.py:186} INFO - Started process (PID=10006) to work on /home/airflow/.local/lib/python3.12/site-packages/airflow/example_dags/tutorial.py
[2026-05-08T21:50:44.038+0000] {processor.py:914} INFO - Processing file /home/airflow/.local/lib/python3.12/site-packages/airflow/example_dags/tutorial.py for tasks to queue
[2026-05-08T21:50:44.039+0000] {logging_mixin.py:190} INFO - [2026-05-08T21:50:44.039+0000] {dagbag.py:588} INFO - Filling up the DagBag from /home/airflow/.local/lib/python3.12/site-packages/airflow/example_dags/tutorial.py
[2026-05-08T21:50:44.047+0000] {processor.py:925} INFO - DAG(s) 'tutorial' retrieved from /home/airflow/.local/lib/python3.12/site-packages/airflow/example_dags/tutorial.py
[2026-05-08T21:50:44.065+0000] {logging_mixin.py:190} INFO - [2026-05-08T21:50:44.065+0000] {dag.py:3239} INFO - Sync 1 DAGs
[2026-05-08T21:50:44.086+0000] {logging_mixin.py:190} INFO - [2026-05-08T21:50:44.086+0000] {dag.py:4180} INFO - Setting next_dagrun for tutorial to 2026-05-07 00:00:00+00:00, run_after=2026-05-08 00:00:00+00:00
[2026-05-08T21:50:44.100+0000] {processor.py:208} INFO - Processing /home/airflow/.local/lib/python3.12/site-packages/airflow/example_dags/tutorial.py took 0.068 seconds
[2026-05-08T21:51:14.271+0000] {processor.py:186} INFO - Started process (PID=10070) to work on /home/airflow/.local/lib/python3.12/site-packages/airflow/example_dags/tutorial.py
[2026-05-08T21:51:14.272+0000] {processor.py:914} INFO - Processing file /home/airflow/.local/lib/python3.12/site-packages/airflow/example_dags/tutorial.py for tasks to queue
[2026-05-08T21:51:14.274+0000] {logging_mixin.py:190} INFO - [2026-05-08T21:51:14.274+0000] {dagbag.py:588} INFO - Filling up the DagBag from /home/airflow/.local/lib/python3.12/site-packages/airflow/example_dags/tutorial.py
[2026-05-08T21:51:14.282+0000] {processor.py:925} INFO - DAG(s) 'tutorial' retrieved from /home/airflow/.local/lib/python3.12/site-packages/airflow/example_dags/tutorial.py
[2026-05-08T21:51:14.296+0000] {logging_mixin.py:190} INFO - [2026-05-08T21:51:14.296+0000] {dag.py:3239} INFO - Sync 1 DAGs
[2026-05-08T21:51:14.317+0000] {logging_mixin.py:190} INFO - [2026-05-08T21:51:14.317+0000] {dag.py:4180} INFO - Setting next_dagrun for tutorial to 2026-05-07 00:00:00+00:00, run_after=2026-05-08 00:00:00+00:00
[2026-05-08T21:51:14.332+0000] {processor.py:208} INFO - Processing /home/airflow/.local/lib/python3.12/site-packages/airflow/example_dags/tutorial.py took 0.067 seconds
[2026-05-08T21:51:44.588+0000] {processor.py:186} INFO - Started process (PID=10134) to work on /home/airflow/.local/lib/python3.12/site-packages/airflow/example_dags/tutorial.py
[2026-05-08T21:51:44.589+0000] {processor.py:914} INFO - Processing file /home/airflow/.local/lib/python3.12/site-packages/airflow/example_dags/tutorial.py for tasks to queue
[2026-05-08T21:51:44.590+0000] {logging_mixin.py:190} INFO - [2026-05-08T21:51:44.590+0000] {dagbag.py:588} INFO - Filling up the DagBag from /home/airflow/.local/lib/python3.12/site-packages/airflow/example_dags/tutorial.py
[2026-05-08T21:51:44.596+0000] {processor.py:925} INFO - DAG(s) 'tutorial' retrieved from /home/airflow/.local/lib/python3.12/site-packages/airflow/example_dags/tutorial.py
[2026-05-08T21:51:44.611+0000] {logging_mixin.py:190} INFO - [2026-05-08T21:51:44.610+0000] {dag.py:3239} INFO - Sync 1 DAGs
[2026-05-08T21:51:44.631+0000] {logging_mixin.py:190} INFO - [2026-05-08T21:51:44.630+0000] {dag.py:4180} INFO - Setting next_dagrun for tutorial to 2026-05-07 00:00:00+00:00, run_after=2026-05-08 00:00:00+00:00
[2026-05-08T21:51:44.645+0000] {processor.py:208} INFO - Processing /home/airflow/.local/lib/python3.12/site-packages/airflow/example_dags/tutorial.py took 0.061 seconds
[2026-05-08T21:52:15.493+0000] {processor.py:186} INFO - Started process (PID=10197) to work on /home/airflow/.local/lib/python3.12/site-packages/airflow/example_dags/tutorial.py
[2026-05-08T21:52:15.494+0000] {processor.py:914} INFO - Processing file /home/airflow/.local/lib/python3.12/site-packages/airflow/example_dags/tutorial.py for tasks to queue
[2026-05-08T21:52:15.496+0000] {logging_mixin.py:190} INFO - [2026-05-08T21:52:15.495+0000] {dagbag.py:588} INFO - Filling up the DagBag from /home/airflow/.local/lib/python3.12/site-packages/airflow/example_dags/tutorial.py
[2026-05-08T21:52:15.502+0000] {processor.py:925} INFO - DAG(s) 'tutorial' retrieved from /home/airflow/.local/lib/python3.12/site-packages/airflow/example_dags/tutorial.py
[2026-05-08T21:52:15.519+0000] {logging_mixin.py:190} INFO - [2026-05-08T21:52:15.519+0000] {dag.py:3239} INFO - Sync 1 DAGs
[2026-05-08T21:52:15.538+0000] {logging_mixin.py:190} INFO - [2026-05-08T21:52:15.538+0000] {dag.py:4180} INFO - Setting next_dagrun for tutorial to 2026-05-07 00:00:00+00:00, run_after=2026-05-08 00:00:00+00:00
[2026-05-08T21:52:15.554+0000] {processor.py:208} INFO - Processing /home/airflow/.local/lib/python3.12/site-packages/airflow/example_dags/tutorial.py took 0.066 seconds
[2026-05-08T21:52:46.685+0000] {processor.py:186} INFO - Started process (PID=10261) to work on /home/airflow/.local/lib/python3.12/site-packages/airflow/example_dags/tutorial.py
[2026-05-08T21:52:46.686+0000] {processor.py:914} INFO - Processing file /home/airflow/.local/lib/python3.12/site-packages/airflow/example_dags/tutorial.py for tasks to queue
[2026-05-08T21:52:46.688+0000] {logging_mixin.py:190} INFO - [2026-05-08T21:52:46.688+0000] {dagbag.py:588} INFO - Filling up the DagBag from /home/airflow/.local/lib/python3.12/site-packages/airflow/example_dags/tutorial.py
[2026-05-08T21:52:46.698+0000] {processor.py:925} INFO - DAG(s) 'tutorial' retrieved from /home/airflow/.local/lib/python3.12/site-packages/airflow/example_dags/tutorial.py
[2026-05-08T21:52:46.720+0000] {logging_mixin.py:190} INFO - [2026-05-08T21:52:46.720+0000] {dag.py:3239} INFO - Sync 1 DAGs
[2026-05-08T21:52:46.740+0000] {logging_mixin.py:190} INFO - [2026-05-08T21:52:46.740+0000] {dag.py:4180} INFO - Setting next_dagrun for tutorial to 2026-05-07 00:00:00+00:00, run_after=2026-05-08 00:00:00+00:00
[2026-05-08T21:52:46.753+0000] {processor.py:208} INFO - Processing /home/airflow/.local/lib/python3.12/site-packages/airflow/example_dags/tutorial.py took 0.075 seconds
[2026-05-08T21:53:17.735+0000] {processor.py:186} INFO - Started process (PID=10325) to work on /home/airflow/.local/lib/python3.12/site-packages/airflow/example_dags/tutorial.py
[2026-05-08T21:53:17.736+0000] {processor.py:914} INFO - Processing file /home/airflow/.local/lib/python3.12/site-packages/airflow/example_dags/tutorial.py for tasks to queue
[2026-05-08T21:53:17.738+0000] {logging_mixin.py:190} INFO - [2026-05-08T21:53:17.738+0000] {dagbag.py:588} INFO - Filling up the DagBag from /home/airflow/.local/lib/python3.12/site-packages/airflow/example_dags/tutorial.py
[2026-05-08T21:53:17.747+0000] {processor.py:925} INFO - DAG(s) 'tutorial' retrieved from /home/airflow/.local/lib/python3.12/site-packages/airflow/example_dags/tutorial.py
[2026-05-08T21:53:17.769+0000] {logging_mixin.py:190} INFO - [2026-05-08T21:53:17.768+0000] {dag.py:3239} INFO - Sync 1 DAGs
[2026-05-08T21:53:17.795+0000] {logging_mixin.py:190} INFO - [2026-05-08T21:53:17.794+0000] {dag.py:4180} INFO - Setting next_dagrun for tutorial to 2026-05-07 00:00:00+00:00, run_after=2026-05-08 00:00:00+00:00
[2026-05-08T21:53:17.813+0000] {processor.py:208} INFO - Processing /home/airflow/.local/lib/python3.12/site-packages/airflow/example_dags/tutorial.py took 0.084 seconds
[2026-05-08T21:53:48.100+0000] {processor.py:186} INFO - Started process (PID=10389) to work on /home/airflow/.local/lib/python3.12/site-packages/airflow/example_dags/tutorial.py
[2026-05-08T21:53:48.101+0000] {processor.py:914} INFO - Processing file /home/airflow/.local/lib/python3.12/site-packages/airflow/example_dags/tutorial.py for tasks to queue
[2026-05-08T21:53:48.103+0000] {logging_mixin.py:190} INFO - [2026-05-08T21:53:48.102+0000] {dagbag.py:588} INFO - Filling up the DagBag from /home/airflow/.local/lib/python3.12/site-packages/airflow/example_dags/tutorial.py
[2026-05-08T21:53:48.111+0000] {processor.py:925} INFO - DAG(s) 'tutorial' retrieved from /home/airflow/.local/lib/python3.12/site-packages/airflow/example_dags/tutorial.py
[2026-05-08T21:53:48.126+0000] {logging_mixin.py:190} INFO - [2026-05-08T21:53:48.126+0000] {dag.py:3239} INFO - Sync 1 DAGs
[2026-05-08T21:53:48.145+0000] {logging_mixin.py:190} INFO - [2026-05-08T21:53:48.145+0000] {dag.py:4180} INFO - Setting next_dagrun for tutorial to 2026-05-07 00:00:00+00:00, run_after=2026-05-08 00:00:00+00:00
[2026-05-08T21:53:48.160+0000] {processor.py:208} INFO - Processing /home/airflow/.local/lib/python3.12/site-packages/airflow/example_dags/tutorial.py took 0.066 seconds
[2026-05-08T21:54:18.585+0000] {processor.py:186} INFO - Started process (PID=10452) to work on /home/airflow/.local/lib/python3.12/site-packages/airflow/example_dags/tutorial.py
[2026-05-08T21:54:18.585+0000] {processor.py:914} INFO - Processing file /home/airflow/.local/lib/python3.12/site-packages/airflow/example_dags/tutorial.py for tasks to queue
[2026-05-08T21:54:18.587+0000] {logging_mixin.py:190} INFO - [2026-05-08T21:54:18.587+0000] {dagbag.py:588} INFO - Filling up the DagBag from /home/airflow/.local/lib/python3.12/site-packages/airflow/example_dags/tutorial.py
[2026-05-08T21:54:18.593+0000] {processor.py:925} INFO - DAG(s) 'tutorial' retrieved from /home/airflow/.local/lib/python3.12/site-packages/airflow/example_dags/tutorial.py
[2026-05-08T21:54:18.611+0000] {logging_mixin.py:190} INFO - [2026-05-08T21:54:18.610+0000] {dag.py:3239} INFO - Sync 1 DAGs
[2026-05-08T21:54:18.635+0000] {logging_mixin.py:190} INFO - [2026-05-08T21:54:18.635+0000] {dag.py:4180} INFO - Setting next_dagrun for tutorial to 2026-05-07 00:00:00+00:00, run_after=2026-05-08 00:00:00+00:00
[2026-05-08T21:54:18.652+0000] {processor.py:208} INFO - Processing /home/airflow/.local/lib/python3.12/site-packages/airflow/example_dags/tutorial.py took 0.072 seconds
[2026-05-08T21:54:48.761+0000] {processor.py:186} INFO - Started process (PID=10516) to work on /home/airflow/.local/lib/python3.12/site-packages/airflow/example_dags/tutorial.py
[2026-05-08T21:54:48.762+0000] {processor.py:914} INFO - Processing file /home/airflow/.local/lib/python3.12/site-packages/airflow/example_dags/tutorial.py for tasks to queue
[2026-05-08T21:54:48.763+0000] {logging_mixin.py:190} INFO - [2026-05-08T21:54:48.763+0000] {dagbag.py:588} INFO - Filling up the DagBag from /home/airflow/.local/lib/python3.12/site-packages/airflow/example_dags/tutorial.py
[2026-05-08T21:54:48.769+0000] {processor.py:925} INFO - DAG(s) 'tutorial' retrieved from /home/airflow/.local/lib/python3.12/site-packages/airflow/example_dags/tutorial.py
[2026-05-08T21:54:48.785+0000] {logging_mixin.py:190} INFO - [2026-05-08T21:54:48.785+0000] {dag.py:3239} INFO - Sync 1 DAGs
[2026-05-08T21:54:48.809+0000] {logging_mixin.py:190} INFO - [2026-05-08T21:54:48.809+0000] {dag.py:4180} INFO - Setting next_dagrun for tutorial to 2026-05-07 00:00:00+00:00, run_after=2026-05-08 00:00:00+00:00
[2026-05-08T21:54:48.824+0000] {processor.py:208} INFO - Processing /home/airflow/.local/lib/python3.12/site-packages/airflow/example_dags/tutorial.py took 0.067 seconds
[2026-05-08T21:55:19.583+0000] {processor.py:186} INFO - Started process (PID=10580) to work on /home/airflow/.local/lib/python3.12/site-packages/airflow/example_dags/tutorial.py
[2026-05-08T21:55:19.584+0000] {processor.py:914} INFO - Processing file /home/airflow/.local/lib/python3.12/site-packages/airflow/example_dags/tutorial.py for tasks to queue
[2026-05-08T21:55:19.585+0000] {logging_mixin.py:190} INFO - [2026-05-08T21:55:19.585+0000] {dagbag.py:588} INFO - Filling up the DagBag from /home/airflow/.local/lib/python3.12/site-packages/airflow/example_dags/tutorial.py
[2026-05-08T21:55:19.592+0000] {processor.py:925} INFO - DAG(s) 'tutorial' retrieved from /home/airflow/.local/lib/python3.12/site-packages/airflow/example_dags/tutorial.py
[2026-05-08T21:55:19.608+0000] {logging_mixin.py:190} INFO - [2026-05-08T21:55:19.608+0000] {dag.py:3239} INFO - Sync 1 DAGs
[2026-05-08T21:55:19.629+0000] {logging_mixin.py:190} INFO - [2026-05-08T21:55:19.629+0000] {dag.py:4180} INFO - Setting next_dagrun for tutorial to 2026-05-07 00:00:00+00:00, run_after=2026-05-08 00:00:00+00:00
[2026-05-08T21:55:19.643+0000] {processor.py:208} INFO - Processing /home/airflow/.local/lib/python3.12/site-packages/airflow/example_dags/tutorial.py took 0.066 seconds
[2026-05-08T21:55:51.540+0000] {processor.py:186} INFO - Started process (PID=10644) to work on /home/airflow/.local/lib/python3.12/site-packages/airflow/example_dags/tutorial.py
[2026-05-08T21:55:51.540+0000] {processor.py:914} INFO - Processing file /home/airflow/.local/lib/python3.12/site-packages/airflow/example_dags/tutorial.py for tasks to queue
[2026-05-08T21:55:51.542+0000] {logging_mixin.py:190} INFO - [2026-05-08T21:55:51.542+0000] {dagbag.py:588} INFO - Filling up the DagBag from /home/airflow/.local/lib/python3.12/site-packages/airflow/example_dags/tutorial.py
[2026-05-08T21:55:51.548+0000] {processor.py:925} INFO - DAG(s) 'tutorial' retrieved from /home/airflow/.local/lib/python3.12/site-packages/airflow/example_dags/tutorial.py
[2026-05-08T21:55:51.563+0000] {logging_mixin.py:190} INFO - [2026-05-08T21:55:51.563+0000] {dag.py:3239} INFO - Sync 1 DAGs
[2026-05-08T21:55:51.583+0000] {logging_mixin.py:190} INFO - [2026-05-08T21:55:51.582+0000] {dag.py:4180} INFO - Setting next_dagrun for tutorial to 2026-05-07 00:00:00+00:00, run_after=2026-05-08 00:00:00+00:00
[2026-05-08T21:55:51.600+0000] {processor.py:208} INFO - Processing /home/airflow/.local/lib/python3.12/site-packages/airflow/example_dags/tutorial.py took 0.065 seconds
[2026-05-08T21:56:22.174+0000] {processor.py:186} INFO - Started process (PID=10707) to work on /home/airflow/.local/lib/python3.12/site-packages/airflow/example_dags/tutorial.py
[2026-05-08T21:56:22.175+0000] {processor.py:914} INFO - Processing file /home/airflow/.local/lib/python3.12/site-packages/airflow/example_dags/tutorial.py for tasks to queue
[2026-05-08T21:56:22.178+0000] {logging_mixin.py:190} INFO - [2026-05-08T21:56:22.177+0000] {dagbag.py:588} INFO - Filling up the DagBag from /home/airflow/.local/lib/python3.12/site-packages/airflow/example_dags/tutorial.py
[2026-05-08T21:56:22.187+0000] {processor.py:925} INFO - DAG(s) 'tutorial' retrieved from /home/airflow/.local/lib/python3.12/site-packages/airflow/example_dags/tutorial.py
[2026-05-08T21:56:22.203+0000] {logging_mixin.py:190} INFO - [2026-05-08T21:56:22.202+0000] {dag.py:3239} INFO - Sync 1 DAGs
[2026-05-08T21:56:22.220+0000] {logging_mixin.py:190} INFO - [2026-05-08T21:56:22.220+0000] {dag.py:4180} INFO - Setting next_dagrun for tutorial to 2026-05-07 00:00:00+00:00, run_after=2026-05-08 00:00:00+00:00
[2026-05-08T21:56:22.234+0000] {processor.py:208} INFO - Processing /home/airflow/.local/lib/python3.12/site-packages/airflow/example_dags/tutorial.py took 0.066 seconds
[2026-05-08T21:56:52.728+0000] {processor.py:186} INFO - Started process (PID=10763) to work on /home/airflow/.local/lib/python3.12/site-packages/airflow/example_dags/tutorial.py
[2026-05-08T21:56:52.729+0000] {processor.py:914} INFO - Processing file /home/airflow/.local/lib/python3.12/site-packages/airflow/example_dags/tutorial.py for tasks to queue
[2026-05-08T21:56:52.730+0000] {logging_mixin.py:190} INFO - [2026-05-08T21:56:52.730+0000] {dagbag.py:588} INFO - Filling up the DagBag from /home/airflow/.local/lib/python3.12/site-packages/airflow/example_dags/tutorial.py
[2026-05-08T21:56:52.737+0000] {processor.py:925} INFO - DAG(s) 'tutorial' retrieved from /home/airflow/.local/lib/python3.12/site-packages/airflow/example_dags/tutorial.py
[2026-05-08T21:56:52.751+0000] {logging_mixin.py:190} INFO - [2026-05-08T21:56:52.751+0000] {dag.py:3239} INFO - Sync 1 DAGs
[2026-05-08T21:56:52.928+0000] {logging_mixin.py:190} INFO - [2026-05-08T21:56:52.928+0000] {dag.py:4180} INFO - Setting next_dagrun for tutorial to 2026-05-07 00:00:00+00:00, run_after=2026-05-08 00:00:00+00:00
[2026-05-08T21:56:52.940+0000] {processor.py:208} INFO - Processing /home/airflow/.local/lib/python3.12/site-packages/airflow/example_dags/tutorial.py took 0.217 seconds
[2026-05-08T21:57:23.154+0000] {processor.py:186} INFO - Started process (PID=10826) to work on /home/airflow/.local/lib/python3.12/site-packages/airflow/example_dags/tutorial.py
[2026-05-08T21:57:23.154+0000] {processor.py:914} INFO - Processing file /home/airflow/.local/lib/python3.12/site-packages/airflow/example_dags/tutorial.py for tasks to queue
[2026-05-08T21:57:23.156+0000] {logging_mixin.py:190} INFO - [2026-05-08T21:57:23.156+0000] {dagbag.py:588} INFO - Filling up the DagBag from /home/airflow/.local/lib/python3.12/site-packages/airflow/example_dags/tutorial.py
[2026-05-08T21:57:23.163+0000] {processor.py:925} INFO - DAG(s) 'tutorial' retrieved from /home/airflow/.local/lib/python3.12/site-packages/airflow/example_dags/tutorial.py
[2026-05-08T21:57:23.179+0000] {logging_mixin.py:190} INFO - [2026-05-08T21:57:23.179+0000] {dag.py:3239} INFO - Sync 1 DAGs
[2026-05-08T21:57:23.199+0000] {logging_mixin.py:190} INFO - [2026-05-08T21:57:23.199+0000] {dag.py:4180} INFO - Setting next_dagrun for tutorial to 2026-05-07 00:00:00+00:00, run_after=2026-05-08 00:00:00+00:00
[2026-05-08T21:57:23.215+0000] {processor.py:208} INFO - Processing /home/airflow/.local/lib/python3.12/site-packages/airflow/example_dags/tutorial.py took 0.066 seconds
[2026-05-08T21:57:53.791+0000] {processor.py:186} INFO - Started process (PID=10890) to work on /home/airflow/.local/lib/python3.12/site-packages/airflow/example_dags/tutorial.py
[2026-05-08T21:57:53.792+0000] {processor.py:914} INFO - Processing file /home/airflow/.local/lib/python3.12/site-packages/airflow/example_dags/tutorial.py for tasks to queue
[2026-05-08T21:57:53.795+0000] {logging_mixin.py:190} INFO - [2026-05-08T21:57:53.795+0000] {dagbag.py:588} INFO - Filling up the DagBag from /home/airflow/.local/lib/python3.12/site-packages/airflow/example_dags/tutorial.py
[2026-05-08T21:57:53.803+0000] {processor.py:925} INFO - DAG(s) 'tutorial' retrieved from /home/airflow/.local/lib/python3.12/site-packages/airflow/example_dags/tutorial.py
[2026-05-08T21:57:53.818+0000] {logging_mixin.py:190} INFO - [2026-05-08T21:57:53.817+0000] {dag.py:3239} INFO - Sync 1 DAGs
[2026-05-08T21:57:53.835+0000] {logging_mixin.py:190} INFO - [2026-05-08T21:57:53.835+0000] {dag.py:4180} INFO - Setting next_dagrun for tutorial to 2026-05-07 00:00:00+00:00, run_after=2026-05-08 00:00:00+00:00
[2026-05-08T21:57:53.851+0000] {processor.py:208} INFO - Processing /home/airflow/.local/lib/python3.12/site-packages/airflow/example_dags/tutorial.py took 0.069 seconds
[2026-05-08T21:58:24.013+0000] {processor.py:186} INFO - Started process (PID=10954) to work on /home/airflow/.local/lib/python3.12/site-packages/airflow/example_dags/tutorial.py
[2026-05-08T21:58:24.014+0000] {processor.py:914} INFO - Processing file /home/airflow/.local/lib/python3.12/site-packages/airflow/example_dags/tutorial.py for tasks to queue
[2026-05-08T21:58:24.015+0000] {logging_mixin.py:190} INFO - [2026-05-08T21:58:24.015+0000] {dagbag.py:588} INFO - Filling up the DagBag from /home/airflow/.local/lib/python3.12/site-packages/airflow/example_dags/tutorial.py
[2026-05-08T21:58:24.022+0000] {processor.py:925} INFO - DAG(s) 'tutorial' retrieved from /home/airflow/.local/lib/python3.12/site-packages/airflow/example_dags/tutorial.py
[2026-05-08T21:58:24.041+0000] {logging_mixin.py:190} INFO - [2026-05-08T21:58:24.040+0000] {dag.py:3239} INFO - Sync 1 DAGs
[2026-05-08T21:58:24.063+0000] {logging_mixin.py:190} INFO - [2026-05-08T21:58:24.063+0000] {dag.py:4180} INFO - Setting next_dagrun for tutorial to 2026-05-07 00:00:00+00:00, run_after=2026-05-08 00:00:00+00:00
[2026-05-08T21:58:24.077+0000] {processor.py:208} INFO - Processing /home/airflow/.local/lib/python3.12/site-packages/airflow/example_dags/tutorial.py took 0.070 seconds
[2026-05-08T21:58:54.329+0000] {processor.py:186} INFO - Started process (PID=11018) to work on /home/airflow/.local/lib/python3.12/site-packages/airflow/example_dags/tutorial.py
[2026-05-08T21:58:54.330+0000] {processor.py:914} INFO - Processing file /home/airflow/.local/lib/python3.12/site-packages/airflow/example_dags/tutorial.py for tasks to queue
[2026-05-08T21:58:54.332+0000] {logging_mixin.py:190} INFO - [2026-05-08T21:58:54.331+0000] {dagbag.py:588} INFO - Filling up the DagBag from /home/airflow/.local/lib/python3.12/site-packages/airflow/example_dags/tutorial.py
[2026-05-08T21:58:54.340+0000] {processor.py:925} INFO - DAG(s) 'tutorial' retrieved from /home/airflow/.local/lib/python3.12/site-packages/airflow/example_dags/tutorial.py
[2026-05-08T21:58:54.358+0000] {logging_mixin.py:190} INFO - [2026-05-08T21:58:54.358+0000] {dag.py:3239} INFO - Sync 1 DAGs
[2026-05-08T21:58:54.382+0000] {logging_mixin.py:190} INFO - [2026-05-08T21:58:54.382+0000] {dag.py:4180} INFO - Setting next_dagrun for tutorial to 2026-05-07 00:00:00+00:00, run_after=2026-05-08 00:00:00+00:00
[2026-05-08T21:58:54.395+0000] {processor.py:208} INFO - Processing /home/airflow/.local/lib/python3.12/site-packages/airflow/example_dags/tutorial.py took 0.071 seconds
[2026-05-08T21:59:25.475+0000] {processor.py:186} INFO - Started process (PID=11082) to work on /home/airflow/.local/lib/python3.12/site-packages/airflow/example_dags/tutorial.py
[2026-05-08T21:59:25.476+0000] {processor.py:914} INFO - Processing file /home/airflow/.local/lib/python3.12/site-packages/airflow/example_dags/tutorial.py for tasks to queue
[2026-05-08T21:59:25.478+0000] {logging_mixin.py:190} INFO - [2026-05-08T21:59:25.478+0000] {dagbag.py:588} INFO - Filling up the DagBag from /home/airflow/.local/lib/python3.12/site-packages/airflow/example_dags/tutorial.py
[2026-05-08T21:59:25.485+0000] {processor.py:925} INFO - DAG(s) 'tutorial' retrieved from /home/airflow/.local/lib/python3.12/site-packages/airflow/example_dags/tutorial.py
[2026-05-08T21:59:25.500+0000] {logging_mixin.py:190} INFO - [2026-05-08T21:59:25.500+0000] {dag.py:3239} INFO - Sync 1 DAGs
[2026-05-08T21:59:25.518+0000] {logging_mixin.py:190} INFO - [2026-05-08T21:59:25.518+0000] {dag.py:4180} INFO - Setting next_dagrun for tutorial to 2026-05-07 00:00:00+00:00, run_after=2026-05-08 00:00:00+00:00
[2026-05-08T21:59:25.532+0000] {processor.py:208} INFO - Processing /home/airflow/.local/lib/python3.12/site-packages/airflow/example_dags/tutorial.py took 0.063 seconds
[2026-05-08T21:59:56.786+0000] {processor.py:186} INFO - Started process (PID=11146) to work on /home/airflow/.local/lib/python3.12/site-packages/airflow/example_dags/tutorial.py
[2026-05-08T21:59:56.788+0000] {processor.py:914} INFO - Processing file /home/airflow/.local/lib/python3.12/site-packages/airflow/example_dags/tutorial.py for tasks to queue
[2026-05-08T21:59:56.790+0000] {logging_mixin.py:190} INFO - [2026-05-08T21:59:56.790+0000] {dagbag.py:588} INFO - Filling up the DagBag from /home/airflow/.local/lib/python3.12/site-packages/airflow/example_dags/tutorial.py
[2026-05-08T21:59:56.799+0000] {processor.py:925} INFO - DAG(s) 'tutorial' retrieved from /home/airflow/.local/lib/python3.12/site-packages/airflow/example_dags/tutorial.py
[2026-05-08T21:59:56.816+0000] {logging_mixin.py:190} INFO - [2026-05-08T21:59:56.816+0000] {dag.py:3239} INFO - Sync 1 DAGs
[2026-05-08T21:59:56.836+0000] {logging_mixin.py:190} INFO - [2026-05-08T21:59:56.836+0000] {dag.py:4180} INFO - Setting next_dagrun for tutorial to 2026-05-07 00:00:00+00:00, run_after=2026-05-08 00:00:00+00:00
[2026-05-08T21:59:56.851+0000] {processor.py:208} INFO - Processing /home/airflow/.local/lib/python3.12/site-packages/airflow/example_dags/tutorial.py took 0.073 seconds
[2026-05-08T22:00:28.820+0000] {processor.py:186} INFO - Started process (PID=11210) to work on /home/airflow/.local/lib/python3.12/site-packages/airflow/example_dags/tutorial.py
[2026-05-08T22:00:28.822+0000] {processor.py:914} INFO - Processing file /home/airflow/.local/lib/python3.12/site-packages/airflow/example_dags/tutorial.py for tasks to queue
[2026-05-08T22:00:28.825+0000] {logging_mixin.py:190} INFO - [2026-05-08T22:00:28.824+0000] {dagbag.py:588} INFO - Filling up the DagBag from /home/airflow/.local/lib/python3.12/site-packages/airflow/example_dags/tutorial.py
[2026-05-08T22:00:28.833+0000] {processor.py:925} INFO - DAG(s) 'tutorial' retrieved from /home/airflow/.local/lib/python3.12/site-packages/airflow/example_dags/tutorial.py
[2026-05-08T22:00:28.851+0000] {logging_mixin.py:190} INFO - [2026-05-08T22:00:28.850+0000] {dag.py:3239} INFO - Sync 1 DAGs
[2026-05-08T22:00:28.878+0000] {logging_mixin.py:190} INFO - [2026-05-08T22:00:28.878+0000] {dag.py:4180} INFO - Setting next_dagrun for tutorial to 2026-05-07 00:00:00+00:00, run_after=2026-05-08 00:00:00+00:00
[2026-05-08T22:00:28.896+0000] {processor.py:208} INFO - Processing /home/airflow/.local/lib/python3.12/site-packages/airflow/example_dags/tutorial.py took 0.081 seconds
[2026-05-08T22:00:59.299+0000] {processor.py:186} INFO - Started process (PID=11274) to work on /home/airflow/.local/lib/python3.12/site-packages/airflow/example_dags/tutorial.py
[2026-05-08T22:00:59.309+0000] {processor.py:914} INFO - Processing file /home/airflow/.local/lib/python3.12/site-packages/airflow/example_dags/tutorial.py for tasks to queue
[2026-05-08T22:00:59.322+0000] {logging_mixin.py:190} INFO - [2026-05-08T22:00:59.321+0000] {dagbag.py:588} INFO - Filling up the DagBag from /home/airflow/.local/lib/python3.12/site-packages/airflow/example_dags/tutorial.py
[2026-05-08T22:00:59.348+0000] {processor.py:925} INFO - DAG(s) 'tutorial' retrieved from /home/airflow/.local/lib/python3.12/site-packages/airflow/example_dags/tutorial.py
[2026-05-08T22:00:59.385+0000] {logging_mixin.py:190} INFO - [2026-05-08T22:00:59.385+0000] {dag.py:3239} INFO - Sync 1 DAGs
[2026-05-08T22:00:59.415+0000] {logging_mixin.py:190} INFO - [2026-05-08T22:00:59.415+0000] {dag.py:4180} INFO - Setting next_dagrun for tutorial to 2026-05-07 00:00:00+00:00, run_after=2026-05-08 00:00:00+00:00
[2026-05-08T22:00:59.431+0000] {processor.py:208} INFO - Processing /home/airflow/.local/lib/python3.12/site-packages/airflow/example_dags/tutorial.py took 0.148 seconds
[2026-05-08T22:01:30.338+0000] {processor.py:186} INFO - Started process (PID=11338) to work on /home/airflow/.local/lib/python3.12/site-packages/airflow/example_dags/tutorial.py
[2026-05-08T22:01:30.338+0000] {processor.py:914} INFO - Processing file /home/airflow/.local/lib/python3.12/site-packages/airflow/example_dags/tutorial.py for tasks to queue
[2026-05-08T22:01:30.340+0000] {logging_mixin.py:190} INFO - [2026-05-08T22:01:30.340+0000] {dagbag.py:588} INFO - Filling up the DagBag from /home/airflow/.local/lib/python3.12/site-packages/airflow/example_dags/tutorial.py
[2026-05-08T22:01:30.346+0000] {processor.py:925} INFO - DAG(s) 'tutorial' retrieved from /home/airflow/.local/lib/python3.12/site-packages/airflow/example_dags/tutorial.py
[2026-05-08T22:01:30.361+0000] {logging_mixin.py:190} INFO - [2026-05-08T22:01:30.361+0000] {dag.py:3239} INFO - Sync 1 DAGs
[2026-05-08T22:01:30.380+0000] {logging_mixin.py:190} INFO - [2026-05-08T22:01:30.380+0000] {dag.py:4180} INFO - Setting next_dagrun for tutorial to 2026-05-07 00:00:00+00:00, run_after=2026-05-08 00:00:00+00:00
[2026-05-08T22:01:30.395+0000] {processor.py:208} INFO - Processing /home/airflow/.local/lib/python3.12/site-packages/airflow/example_dags/tutorial.py took 0.062 seconds
[2026-05-08T22:02:01.111+0000] {processor.py:186} INFO - Started process (PID=11402) to work on /home/airflow/.local/lib/python3.12/site-packages/airflow/example_dags/tutorial.py
[2026-05-08T22:02:01.112+0000] {processor.py:914} INFO - Processing file /home/airflow/.local/lib/python3.12/site-packages/airflow/example_dags/tutorial.py for tasks to queue
[2026-05-08T22:02:01.114+0000] {logging_mixin.py:190} INFO - [2026-05-08T22:02:01.113+0000] {dagbag.py:588} INFO - Filling up the DagBag from /home/airflow/.local/lib/python3.12/site-packages/airflow/example_dags/tutorial.py
[2026-05-08T22:02:01.120+0000] {processor.py:925} INFO - DAG(s) 'tutorial' retrieved from /home/airflow/.local/lib/python3.12/site-packages/airflow/example_dags/tutorial.py
[2026-05-08T22:02:01.136+0000] {logging_mixin.py:190} INFO - [2026-05-08T22:02:01.136+0000] {dag.py:3239} INFO - Sync 1 DAGs
[2026-05-08T22:02:01.159+0000] {logging_mixin.py:190} INFO - [2026-05-08T22:02:01.159+0000] {dag.py:4180} INFO - Setting next_dagrun for tutorial to 2026-05-07 00:00:00+00:00, run_after=2026-05-08 00:00:00+00:00
[2026-05-08T22:02:01.176+0000] {processor.py:208} INFO - Processing /home/airflow/.local/lib/python3.12/site-packages/airflow/example_dags/tutorial.py took 0.070 seconds
