[2026-05-23T16:10:03.843+0000] {processor.py:186} INFO - Started process (PID=113) to work on /home/airflow/.local/lib/python3.12/site-packages/airflow/example_dags/example_sensor_decorator.py
[2026-05-23T16:10:03.844+0000] {processor.py:914} INFO - Processing file /home/airflow/.local/lib/python3.12/site-packages/airflow/example_dags/example_sensor_decorator.py for tasks to queue
[2026-05-23T16:10:03.846+0000] {logging_mixin.py:190} INFO - [2026-05-23T16:10:03.846+0000] {dagbag.py:588} INFO - Filling up the DagBag from /home/airflow/.local/lib/python3.12/site-packages/airflow/example_dags/example_sensor_decorator.py
[2026-05-23T16:10:03.855+0000] {processor.py:925} INFO - DAG(s) 'example_sensor_decorator' retrieved from /home/airflow/.local/lib/python3.12/site-packages/airflow/example_dags/example_sensor_decorator.py
[2026-05-23T16:10:03.874+0000] {logging_mixin.py:190} INFO - [2026-05-23T16:10:03.874+0000] {dag.py:3239} INFO - Sync 1 DAGs
[2026-05-23T16:10:03.887+0000] {logging_mixin.py:190} INFO - [2026-05-23T16:10:03.887+0000] {dag.py:4180} INFO - Setting next_dagrun for example_sensor_decorator to None, run_after=None
[2026-05-23T16:10:03.901+0000] {processor.py:208} INFO - Processing /home/airflow/.local/lib/python3.12/site-packages/airflow/example_dags/example_sensor_decorator.py took 0.064 seconds
[2026-05-23T16:10:34.531+0000] {processor.py:186} INFO - Started process (PID=177) to work on /home/airflow/.local/lib/python3.12/site-packages/airflow/example_dags/example_sensor_decorator.py
[2026-05-23T16:10:34.531+0000] {processor.py:914} INFO - Processing file /home/airflow/.local/lib/python3.12/site-packages/airflow/example_dags/example_sensor_decorator.py for tasks to queue
[2026-05-23T16:10:34.533+0000] {logging_mixin.py:190} INFO - [2026-05-23T16:10:34.532+0000] {dagbag.py:588} INFO - Filling up the DagBag from /home/airflow/.local/lib/python3.12/site-packages/airflow/example_dags/example_sensor_decorator.py
[2026-05-23T16:10:34.539+0000] {processor.py:925} INFO - DAG(s) 'example_sensor_decorator' retrieved from /home/airflow/.local/lib/python3.12/site-packages/airflow/example_dags/example_sensor_decorator.py
[2026-05-23T16:10:34.552+0000] {logging_mixin.py:190} INFO - [2026-05-23T16:10:34.552+0000] {dag.py:3239} INFO - Sync 1 DAGs
[2026-05-23T16:10:34.563+0000] {logging_mixin.py:190} INFO - [2026-05-23T16:10:34.563+0000] {dag.py:4180} INFO - Setting next_dagrun for example_sensor_decorator to None, run_after=None
[2026-05-23T16:10:34.576+0000] {processor.py:208} INFO - Processing /home/airflow/.local/lib/python3.12/site-packages/airflow/example_dags/example_sensor_decorator.py took 0.049 seconds
[2026-05-23T16:11:05.147+0000] {processor.py:186} INFO - Started process (PID=241) to work on /home/airflow/.local/lib/python3.12/site-packages/airflow/example_dags/example_sensor_decorator.py
[2026-05-23T16:11:05.147+0000] {processor.py:914} INFO - Processing file /home/airflow/.local/lib/python3.12/site-packages/airflow/example_dags/example_sensor_decorator.py for tasks to queue
[2026-05-23T16:11:05.149+0000] {logging_mixin.py:190} INFO - [2026-05-23T16:11:05.149+0000] {dagbag.py:588} INFO - Filling up the DagBag from /home/airflow/.local/lib/python3.12/site-packages/airflow/example_dags/example_sensor_decorator.py
[2026-05-23T16:11:05.155+0000] {processor.py:925} INFO - DAG(s) 'example_sensor_decorator' retrieved from /home/airflow/.local/lib/python3.12/site-packages/airflow/example_dags/example_sensor_decorator.py
[2026-05-23T16:11:05.172+0000] {logging_mixin.py:190} INFO - [2026-05-23T16:11:05.171+0000] {dag.py:3239} INFO - Sync 1 DAGs
[2026-05-23T16:11:05.186+0000] {logging_mixin.py:190} INFO - [2026-05-23T16:11:05.186+0000] {dag.py:4180} INFO - Setting next_dagrun for example_sensor_decorator to None, run_after=None
[2026-05-23T16:11:05.200+0000] {processor.py:208} INFO - Processing /home/airflow/.local/lib/python3.12/site-packages/airflow/example_dags/example_sensor_decorator.py took 0.058 seconds
[2026-05-23T16:11:35.739+0000] {processor.py:186} INFO - Started process (PID=305) to work on /home/airflow/.local/lib/python3.12/site-packages/airflow/example_dags/example_sensor_decorator.py
[2026-05-23T16:11:35.740+0000] {processor.py:914} INFO - Processing file /home/airflow/.local/lib/python3.12/site-packages/airflow/example_dags/example_sensor_decorator.py for tasks to queue
[2026-05-23T16:11:35.741+0000] {logging_mixin.py:190} INFO - [2026-05-23T16:11:35.741+0000] {dagbag.py:588} INFO - Filling up the DagBag from /home/airflow/.local/lib/python3.12/site-packages/airflow/example_dags/example_sensor_decorator.py
[2026-05-23T16:11:35.747+0000] {processor.py:925} INFO - DAG(s) 'example_sensor_decorator' retrieved from /home/airflow/.local/lib/python3.12/site-packages/airflow/example_dags/example_sensor_decorator.py
[2026-05-23T16:11:35.764+0000] {logging_mixin.py:190} INFO - [2026-05-23T16:11:35.763+0000] {dag.py:3239} INFO - Sync 1 DAGs
[2026-05-23T16:11:35.778+0000] {logging_mixin.py:190} INFO - [2026-05-23T16:11:35.778+0000] {dag.py:4180} INFO - Setting next_dagrun for example_sensor_decorator to None, run_after=None
[2026-05-23T16:11:35.794+0000] {processor.py:208} INFO - Processing /home/airflow/.local/lib/python3.12/site-packages/airflow/example_dags/example_sensor_decorator.py took 0.059 seconds
[2026-05-23T16:12:07.911+0000] {processor.py:186} INFO - Started process (PID=369) to work on /home/airflow/.local/lib/python3.12/site-packages/airflow/example_dags/example_sensor_decorator.py
[2026-05-23T16:12:07.911+0000] {processor.py:914} INFO - Processing file /home/airflow/.local/lib/python3.12/site-packages/airflow/example_dags/example_sensor_decorator.py for tasks to queue
[2026-05-23T16:12:07.913+0000] {logging_mixin.py:190} INFO - [2026-05-23T16:12:07.912+0000] {dagbag.py:588} INFO - Filling up the DagBag from /home/airflow/.local/lib/python3.12/site-packages/airflow/example_dags/example_sensor_decorator.py
[2026-05-23T16:12:07.920+0000] {processor.py:925} INFO - DAG(s) 'example_sensor_decorator' retrieved from /home/airflow/.local/lib/python3.12/site-packages/airflow/example_dags/example_sensor_decorator.py
[2026-05-23T16:12:07.940+0000] {logging_mixin.py:190} INFO - [2026-05-23T16:12:07.940+0000] {dag.py:3239} INFO - Sync 1 DAGs
[2026-05-23T16:12:07.957+0000] {logging_mixin.py:190} INFO - [2026-05-23T16:12:07.957+0000] {dag.py:4180} INFO - Setting next_dagrun for example_sensor_decorator to None, run_after=None
[2026-05-23T16:12:07.974+0000] {processor.py:208} INFO - Processing /home/airflow/.local/lib/python3.12/site-packages/airflow/example_dags/example_sensor_decorator.py took 0.067 seconds
[2026-05-23T16:12:39.766+0000] {processor.py:186} INFO - Started process (PID=433) to work on /home/airflow/.local/lib/python3.12/site-packages/airflow/example_dags/example_sensor_decorator.py
[2026-05-23T16:12:39.767+0000] {processor.py:914} INFO - Processing file /home/airflow/.local/lib/python3.12/site-packages/airflow/example_dags/example_sensor_decorator.py for tasks to queue
[2026-05-23T16:12:39.769+0000] {logging_mixin.py:190} INFO - [2026-05-23T16:12:39.769+0000] {dagbag.py:588} INFO - Filling up the DagBag from /home/airflow/.local/lib/python3.12/site-packages/airflow/example_dags/example_sensor_decorator.py
[2026-05-23T16:12:39.777+0000] {processor.py:925} INFO - DAG(s) 'example_sensor_decorator' retrieved from /home/airflow/.local/lib/python3.12/site-packages/airflow/example_dags/example_sensor_decorator.py
[2026-05-23T16:12:39.798+0000] {logging_mixin.py:190} INFO - [2026-05-23T16:12:39.798+0000] {dag.py:3239} INFO - Sync 1 DAGs
[2026-05-23T16:12:39.815+0000] {logging_mixin.py:190} INFO - [2026-05-23T16:12:39.815+0000] {dag.py:4180} INFO - Setting next_dagrun for example_sensor_decorator to None, run_after=None
[2026-05-23T16:12:39.833+0000] {processor.py:208} INFO - Processing /home/airflow/.local/lib/python3.12/site-packages/airflow/example_dags/example_sensor_decorator.py took 0.072 seconds
[2026-05-23T16:13:10.978+0000] {processor.py:186} INFO - Started process (PID=497) to work on /home/airflow/.local/lib/python3.12/site-packages/airflow/example_dags/example_sensor_decorator.py
[2026-05-23T16:13:10.979+0000] {processor.py:914} INFO - Processing file /home/airflow/.local/lib/python3.12/site-packages/airflow/example_dags/example_sensor_decorator.py for tasks to queue
[2026-05-23T16:13:10.980+0000] {logging_mixin.py:190} INFO - [2026-05-23T16:13:10.980+0000] {dagbag.py:588} INFO - Filling up the DagBag from /home/airflow/.local/lib/python3.12/site-packages/airflow/example_dags/example_sensor_decorator.py
[2026-05-23T16:13:10.989+0000] {processor.py:925} INFO - DAG(s) 'example_sensor_decorator' retrieved from /home/airflow/.local/lib/python3.12/site-packages/airflow/example_dags/example_sensor_decorator.py
[2026-05-23T16:13:11.010+0000] {logging_mixin.py:190} INFO - [2026-05-23T16:13:11.009+0000] {dag.py:3239} INFO - Sync 1 DAGs
[2026-05-23T16:13:11.029+0000] {logging_mixin.py:190} INFO - [2026-05-23T16:13:11.028+0000] {dag.py:4180} INFO - Setting next_dagrun for example_sensor_decorator to None, run_after=None
[2026-05-23T16:13:11.048+0000] {processor.py:208} INFO - Processing /home/airflow/.local/lib/python3.12/site-packages/airflow/example_dags/example_sensor_decorator.py took 0.075 seconds
[2026-05-23T16:13:41.423+0000] {processor.py:186} INFO - Started process (PID=560) to work on /home/airflow/.local/lib/python3.12/site-packages/airflow/example_dags/example_sensor_decorator.py
[2026-05-23T16:13:41.424+0000] {processor.py:914} INFO - Processing file /home/airflow/.local/lib/python3.12/site-packages/airflow/example_dags/example_sensor_decorator.py for tasks to queue
[2026-05-23T16:13:41.425+0000] {logging_mixin.py:190} INFO - [2026-05-23T16:13:41.425+0000] {dagbag.py:588} INFO - Filling up the DagBag from /home/airflow/.local/lib/python3.12/site-packages/airflow/example_dags/example_sensor_decorator.py
[2026-05-23T16:13:41.431+0000] {processor.py:925} INFO - DAG(s) 'example_sensor_decorator' retrieved from /home/airflow/.local/lib/python3.12/site-packages/airflow/example_dags/example_sensor_decorator.py
[2026-05-23T16:13:41.448+0000] {logging_mixin.py:190} INFO - [2026-05-23T16:13:41.448+0000] {dag.py:3239} INFO - Sync 1 DAGs
[2026-05-23T16:13:41.461+0000] {logging_mixin.py:190} INFO - [2026-05-23T16:13:41.461+0000] {dag.py:4180} INFO - Setting next_dagrun for example_sensor_decorator to None, run_after=None
[2026-05-23T16:13:41.475+0000] {processor.py:208} INFO - Processing /home/airflow/.local/lib/python3.12/site-packages/airflow/example_dags/example_sensor_decorator.py took 0.056 seconds
[2026-05-23T16:14:11.921+0000] {processor.py:186} INFO - Started process (PID=624) to work on /home/airflow/.local/lib/python3.12/site-packages/airflow/example_dags/example_sensor_decorator.py
[2026-05-23T16:14:11.922+0000] {processor.py:914} INFO - Processing file /home/airflow/.local/lib/python3.12/site-packages/airflow/example_dags/example_sensor_decorator.py for tasks to queue
[2026-05-23T16:14:11.923+0000] {logging_mixin.py:190} INFO - [2026-05-23T16:14:11.923+0000] {dagbag.py:588} INFO - Filling up the DagBag from /home/airflow/.local/lib/python3.12/site-packages/airflow/example_dags/example_sensor_decorator.py
[2026-05-23T16:14:11.929+0000] {processor.py:925} INFO - DAG(s) 'example_sensor_decorator' retrieved from /home/airflow/.local/lib/python3.12/site-packages/airflow/example_dags/example_sensor_decorator.py
[2026-05-23T16:14:11.944+0000] {logging_mixin.py:190} INFO - [2026-05-23T16:14:11.944+0000] {dag.py:3239} INFO - Sync 1 DAGs
[2026-05-23T16:14:11.958+0000] {logging_mixin.py:190} INFO - [2026-05-23T16:14:11.958+0000] {dag.py:4180} INFO - Setting next_dagrun for example_sensor_decorator to None, run_after=None
[2026-05-23T16:14:11.972+0000] {processor.py:208} INFO - Processing /home/airflow/.local/lib/python3.12/site-packages/airflow/example_dags/example_sensor_decorator.py took 0.056 seconds
[2026-05-23T16:14:42.095+0000] {processor.py:186} INFO - Started process (PID=688) to work on /home/airflow/.local/lib/python3.12/site-packages/airflow/example_dags/example_sensor_decorator.py
[2026-05-23T16:14:42.096+0000] {processor.py:914} INFO - Processing file /home/airflow/.local/lib/python3.12/site-packages/airflow/example_dags/example_sensor_decorator.py for tasks to queue
[2026-05-23T16:14:42.097+0000] {logging_mixin.py:190} INFO - [2026-05-23T16:14:42.097+0000] {dagbag.py:588} INFO - Filling up the DagBag from /home/airflow/.local/lib/python3.12/site-packages/airflow/example_dags/example_sensor_decorator.py
[2026-05-23T16:14:42.103+0000] {processor.py:925} INFO - DAG(s) 'example_sensor_decorator' retrieved from /home/airflow/.local/lib/python3.12/site-packages/airflow/example_dags/example_sensor_decorator.py
[2026-05-23T16:14:42.117+0000] {logging_mixin.py:190} INFO - [2026-05-23T16:14:42.117+0000] {dag.py:3239} INFO - Sync 1 DAGs
[2026-05-23T16:14:42.128+0000] {logging_mixin.py:190} INFO - [2026-05-23T16:14:42.128+0000] {dag.py:4180} INFO - Setting next_dagrun for example_sensor_decorator to None, run_after=None
[2026-05-23T16:14:42.140+0000] {processor.py:208} INFO - Processing /home/airflow/.local/lib/python3.12/site-packages/airflow/example_dags/example_sensor_decorator.py took 0.050 seconds
[2026-05-23T16:15:13.173+0000] {processor.py:186} INFO - Started process (PID=754) to work on /home/airflow/.local/lib/python3.12/site-packages/airflow/example_dags/example_sensor_decorator.py
[2026-05-23T16:15:13.174+0000] {processor.py:914} INFO - Processing file /home/airflow/.local/lib/python3.12/site-packages/airflow/example_dags/example_sensor_decorator.py for tasks to queue
[2026-05-23T16:15:13.176+0000] {logging_mixin.py:190} INFO - [2026-05-23T16:15:13.175+0000] {dagbag.py:588} INFO - Filling up the DagBag from /home/airflow/.local/lib/python3.12/site-packages/airflow/example_dags/example_sensor_decorator.py
[2026-05-23T16:15:13.184+0000] {processor.py:925} INFO - DAG(s) 'example_sensor_decorator' retrieved from /home/airflow/.local/lib/python3.12/site-packages/airflow/example_dags/example_sensor_decorator.py
[2026-05-23T16:15:13.203+0000] {logging_mixin.py:190} INFO - [2026-05-23T16:15:13.203+0000] {dag.py:3239} INFO - Sync 1 DAGs
[2026-05-23T16:15:13.218+0000] {logging_mixin.py:190} INFO - [2026-05-23T16:15:13.218+0000] {dag.py:4180} INFO - Setting next_dagrun for example_sensor_decorator to None, run_after=None
[2026-05-23T16:15:13.233+0000] {processor.py:208} INFO - Processing /home/airflow/.local/lib/python3.12/site-packages/airflow/example_dags/example_sensor_decorator.py took 0.064 seconds
[2026-05-23T16:15:43.962+0000] {processor.py:186} INFO - Started process (PID=819) to work on /home/airflow/.local/lib/python3.12/site-packages/airflow/example_dags/example_sensor_decorator.py
[2026-05-23T16:15:43.963+0000] {processor.py:914} INFO - Processing file /home/airflow/.local/lib/python3.12/site-packages/airflow/example_dags/example_sensor_decorator.py for tasks to queue
[2026-05-23T16:15:43.964+0000] {logging_mixin.py:190} INFO - [2026-05-23T16:15:43.964+0000] {dagbag.py:588} INFO - Filling up the DagBag from /home/airflow/.local/lib/python3.12/site-packages/airflow/example_dags/example_sensor_decorator.py
[2026-05-23T16:15:43.971+0000] {processor.py:925} INFO - DAG(s) 'example_sensor_decorator' retrieved from /home/airflow/.local/lib/python3.12/site-packages/airflow/example_dags/example_sensor_decorator.py
[2026-05-23T16:15:43.984+0000] {logging_mixin.py:190} INFO - [2026-05-23T16:15:43.984+0000] {dag.py:3239} INFO - Sync 1 DAGs
[2026-05-23T16:15:43.995+0000] {logging_mixin.py:190} INFO - [2026-05-23T16:15:43.995+0000] {dag.py:4180} INFO - Setting next_dagrun for example_sensor_decorator to None, run_after=None
[2026-05-23T16:15:44.010+0000] {processor.py:208} INFO - Processing /home/airflow/.local/lib/python3.12/site-packages/airflow/example_dags/example_sensor_decorator.py took 0.052 seconds
[2026-05-23T16:16:15.298+0000] {processor.py:186} INFO - Started process (PID=884) to work on /home/airflow/.local/lib/python3.12/site-packages/airflow/example_dags/example_sensor_decorator.py
[2026-05-23T16:16:15.299+0000] {processor.py:914} INFO - Processing file /home/airflow/.local/lib/python3.12/site-packages/airflow/example_dags/example_sensor_decorator.py for tasks to queue
[2026-05-23T16:16:15.301+0000] {logging_mixin.py:190} INFO - [2026-05-23T16:16:15.300+0000] {dagbag.py:588} INFO - Filling up the DagBag from /home/airflow/.local/lib/python3.12/site-packages/airflow/example_dags/example_sensor_decorator.py
[2026-05-23T16:16:15.307+0000] {processor.py:925} INFO - DAG(s) 'example_sensor_decorator' retrieved from /home/airflow/.local/lib/python3.12/site-packages/airflow/example_dags/example_sensor_decorator.py
[2026-05-23T16:16:15.324+0000] {logging_mixin.py:190} INFO - [2026-05-23T16:16:15.323+0000] {dag.py:3239} INFO - Sync 1 DAGs
[2026-05-23T16:16:15.339+0000] {logging_mixin.py:190} INFO - [2026-05-23T16:16:15.339+0000] {dag.py:4180} INFO - Setting next_dagrun for example_sensor_decorator to None, run_after=None
[2026-05-23T16:16:15.354+0000] {processor.py:208} INFO - Processing /home/airflow/.local/lib/python3.12/site-packages/airflow/example_dags/example_sensor_decorator.py took 0.059 seconds
[2026-05-23T16:16:46.786+0000] {processor.py:186} INFO - Started process (PID=949) to work on /home/airflow/.local/lib/python3.12/site-packages/airflow/example_dags/example_sensor_decorator.py
[2026-05-23T16:16:46.786+0000] {processor.py:914} INFO - Processing file /home/airflow/.local/lib/python3.12/site-packages/airflow/example_dags/example_sensor_decorator.py for tasks to queue
[2026-05-23T16:16:46.788+0000] {logging_mixin.py:190} INFO - [2026-05-23T16:16:46.788+0000] {dagbag.py:588} INFO - Filling up the DagBag from /home/airflow/.local/lib/python3.12/site-packages/airflow/example_dags/example_sensor_decorator.py
[2026-05-23T16:16:46.794+0000] {processor.py:925} INFO - DAG(s) 'example_sensor_decorator' retrieved from /home/airflow/.local/lib/python3.12/site-packages/airflow/example_dags/example_sensor_decorator.py
[2026-05-23T16:16:46.807+0000] {logging_mixin.py:190} INFO - [2026-05-23T16:16:46.807+0000] {dag.py:3239} INFO - Sync 1 DAGs
[2026-05-23T16:16:46.818+0000] {logging_mixin.py:190} INFO - [2026-05-23T16:16:46.818+0000] {dag.py:4180} INFO - Setting next_dagrun for example_sensor_decorator to None, run_after=None
[2026-05-23T16:16:46.831+0000] {processor.py:208} INFO - Processing /home/airflow/.local/lib/python3.12/site-packages/airflow/example_dags/example_sensor_decorator.py took 0.050 seconds
[2026-05-23T16:17:17.351+0000] {processor.py:186} INFO - Started process (PID=1014) to work on /home/airflow/.local/lib/python3.12/site-packages/airflow/example_dags/example_sensor_decorator.py
[2026-05-23T16:17:17.352+0000] {processor.py:914} INFO - Processing file /home/airflow/.local/lib/python3.12/site-packages/airflow/example_dags/example_sensor_decorator.py for tasks to queue
[2026-05-23T16:17:17.353+0000] {logging_mixin.py:190} INFO - [2026-05-23T16:17:17.353+0000] {dagbag.py:588} INFO - Filling up the DagBag from /home/airflow/.local/lib/python3.12/site-packages/airflow/example_dags/example_sensor_decorator.py
[2026-05-23T16:17:17.360+0000] {processor.py:925} INFO - DAG(s) 'example_sensor_decorator' retrieved from /home/airflow/.local/lib/python3.12/site-packages/airflow/example_dags/example_sensor_decorator.py
[2026-05-23T16:17:17.376+0000] {logging_mixin.py:190} INFO - [2026-05-23T16:17:17.376+0000] {dag.py:3239} INFO - Sync 1 DAGs
[2026-05-23T16:17:17.387+0000] {logging_mixin.py:190} INFO - [2026-05-23T16:17:17.387+0000] {dag.py:4180} INFO - Setting next_dagrun for example_sensor_decorator to None, run_after=None
[2026-05-23T16:17:17.400+0000] {processor.py:208} INFO - Processing /home/airflow/.local/lib/python3.12/site-packages/airflow/example_dags/example_sensor_decorator.py took 0.054 seconds
[2026-05-23T16:17:48.643+0000] {processor.py:186} INFO - Started process (PID=1079) to work on /home/airflow/.local/lib/python3.12/site-packages/airflow/example_dags/example_sensor_decorator.py
[2026-05-23T16:17:48.643+0000] {processor.py:914} INFO - Processing file /home/airflow/.local/lib/python3.12/site-packages/airflow/example_dags/example_sensor_decorator.py for tasks to queue
[2026-05-23T16:17:48.645+0000] {logging_mixin.py:190} INFO - [2026-05-23T16:17:48.645+0000] {dagbag.py:588} INFO - Filling up the DagBag from /home/airflow/.local/lib/python3.12/site-packages/airflow/example_dags/example_sensor_decorator.py
[2026-05-23T16:17:48.651+0000] {processor.py:925} INFO - DAG(s) 'example_sensor_decorator' retrieved from /home/airflow/.local/lib/python3.12/site-packages/airflow/example_dags/example_sensor_decorator.py
[2026-05-23T16:17:48.668+0000] {logging_mixin.py:190} INFO - [2026-05-23T16:17:48.667+0000] {dag.py:3239} INFO - Sync 1 DAGs
[2026-05-23T16:17:48.681+0000] {logging_mixin.py:190} INFO - [2026-05-23T16:17:48.681+0000] {dag.py:4180} INFO - Setting next_dagrun for example_sensor_decorator to None, run_after=None
[2026-05-23T16:17:48.695+0000] {processor.py:208} INFO - Processing /home/airflow/.local/lib/python3.12/site-packages/airflow/example_dags/example_sensor_decorator.py took 0.056 seconds
[2026-05-23T16:18:20.157+0000] {processor.py:186} INFO - Started process (PID=1144) to work on /home/airflow/.local/lib/python3.12/site-packages/airflow/example_dags/example_sensor_decorator.py
[2026-05-23T16:18:20.157+0000] {processor.py:914} INFO - Processing file /home/airflow/.local/lib/python3.12/site-packages/airflow/example_dags/example_sensor_decorator.py for tasks to queue
[2026-05-23T16:18:20.159+0000] {logging_mixin.py:190} INFO - [2026-05-23T16:18:20.158+0000] {dagbag.py:588} INFO - Filling up the DagBag from /home/airflow/.local/lib/python3.12/site-packages/airflow/example_dags/example_sensor_decorator.py
[2026-05-23T16:18:20.166+0000] {processor.py:925} INFO - DAG(s) 'example_sensor_decorator' retrieved from /home/airflow/.local/lib/python3.12/site-packages/airflow/example_dags/example_sensor_decorator.py
[2026-05-23T16:18:20.185+0000] {logging_mixin.py:190} INFO - [2026-05-23T16:18:20.184+0000] {dag.py:3239} INFO - Sync 1 DAGs
[2026-05-23T16:18:20.198+0000] {logging_mixin.py:190} INFO - [2026-05-23T16:18:20.198+0000] {dag.py:4180} INFO - Setting next_dagrun for example_sensor_decorator to None, run_after=None
[2026-05-23T16:18:20.213+0000] {processor.py:208} INFO - Processing /home/airflow/.local/lib/python3.12/site-packages/airflow/example_dags/example_sensor_decorator.py took 0.061 seconds
[2026-05-23T16:18:51.520+0000] {processor.py:186} INFO - Started process (PID=1215) to work on /home/airflow/.local/lib/python3.12/site-packages/airflow/example_dags/example_sensor_decorator.py
[2026-05-23T16:18:51.520+0000] {processor.py:914} INFO - Processing file /home/airflow/.local/lib/python3.12/site-packages/airflow/example_dags/example_sensor_decorator.py for tasks to queue
[2026-05-23T16:18:51.522+0000] {logging_mixin.py:190} INFO - [2026-05-23T16:18:51.522+0000] {dagbag.py:588} INFO - Filling up the DagBag from /home/airflow/.local/lib/python3.12/site-packages/airflow/example_dags/example_sensor_decorator.py
[2026-05-23T16:18:51.529+0000] {processor.py:925} INFO - DAG(s) 'example_sensor_decorator' retrieved from /home/airflow/.local/lib/python3.12/site-packages/airflow/example_dags/example_sensor_decorator.py
[2026-05-23T16:18:51.547+0000] {logging_mixin.py:190} INFO - [2026-05-23T16:18:51.547+0000] {dag.py:3239} INFO - Sync 1 DAGs
[2026-05-23T16:18:51.560+0000] {logging_mixin.py:190} INFO - [2026-05-23T16:18:51.560+0000] {dag.py:4180} INFO - Setting next_dagrun for example_sensor_decorator to None, run_after=None
[2026-05-23T16:18:51.574+0000] {processor.py:208} INFO - Processing /home/airflow/.local/lib/python3.12/site-packages/airflow/example_dags/example_sensor_decorator.py took 0.060 seconds
[2026-05-23T16:19:22.845+0000] {processor.py:186} INFO - Started process (PID=1280) to work on /home/airflow/.local/lib/python3.12/site-packages/airflow/example_dags/example_sensor_decorator.py
[2026-05-23T16:19:22.846+0000] {processor.py:914} INFO - Processing file /home/airflow/.local/lib/python3.12/site-packages/airflow/example_dags/example_sensor_decorator.py for tasks to queue
[2026-05-23T16:19:22.848+0000] {logging_mixin.py:190} INFO - [2026-05-23T16:19:22.847+0000] {dagbag.py:588} INFO - Filling up the DagBag from /home/airflow/.local/lib/python3.12/site-packages/airflow/example_dags/example_sensor_decorator.py
[2026-05-23T16:19:22.854+0000] {processor.py:925} INFO - DAG(s) 'example_sensor_decorator' retrieved from /home/airflow/.local/lib/python3.12/site-packages/airflow/example_dags/example_sensor_decorator.py
[2026-05-23T16:19:22.869+0000] {logging_mixin.py:190} INFO - [2026-05-23T16:19:22.869+0000] {dag.py:3239} INFO - Sync 1 DAGs
[2026-05-23T16:19:22.881+0000] {logging_mixin.py:190} INFO - [2026-05-23T16:19:22.881+0000] {dag.py:4180} INFO - Setting next_dagrun for example_sensor_decorator to None, run_after=None
[2026-05-23T16:19:22.894+0000] {processor.py:208} INFO - Processing /home/airflow/.local/lib/python3.12/site-packages/airflow/example_dags/example_sensor_decorator.py took 0.053 seconds
[2026-05-23T16:19:54.265+0000] {processor.py:186} INFO - Started process (PID=1345) to work on /home/airflow/.local/lib/python3.12/site-packages/airflow/example_dags/example_sensor_decorator.py
[2026-05-23T16:19:54.265+0000] {processor.py:914} INFO - Processing file /home/airflow/.local/lib/python3.12/site-packages/airflow/example_dags/example_sensor_decorator.py for tasks to queue
[2026-05-23T16:19:54.267+0000] {logging_mixin.py:190} INFO - [2026-05-23T16:19:54.267+0000] {dagbag.py:588} INFO - Filling up the DagBag from /home/airflow/.local/lib/python3.12/site-packages/airflow/example_dags/example_sensor_decorator.py
[2026-05-23T16:19:54.275+0000] {processor.py:925} INFO - DAG(s) 'example_sensor_decorator' retrieved from /home/airflow/.local/lib/python3.12/site-packages/airflow/example_dags/example_sensor_decorator.py
[2026-05-23T16:19:54.295+0000] {logging_mixin.py:190} INFO - [2026-05-23T16:19:54.295+0000] {dag.py:3239} INFO - Sync 1 DAGs
[2026-05-23T16:19:54.309+0000] {logging_mixin.py:190} INFO - [2026-05-23T16:19:54.309+0000] {dag.py:4180} INFO - Setting next_dagrun for example_sensor_decorator to None, run_after=None
[2026-05-23T16:19:54.326+0000] {processor.py:208} INFO - Processing /home/airflow/.local/lib/python3.12/site-packages/airflow/example_dags/example_sensor_decorator.py took 0.067 seconds
[2026-05-23T16:20:25.668+0000] {processor.py:186} INFO - Started process (PID=1410) to work on /home/airflow/.local/lib/python3.12/site-packages/airflow/example_dags/example_sensor_decorator.py
[2026-05-23T16:20:25.669+0000] {processor.py:914} INFO - Processing file /home/airflow/.local/lib/python3.12/site-packages/airflow/example_dags/example_sensor_decorator.py for tasks to queue
[2026-05-23T16:20:25.670+0000] {logging_mixin.py:190} INFO - [2026-05-23T16:20:25.670+0000] {dagbag.py:588} INFO - Filling up the DagBag from /home/airflow/.local/lib/python3.12/site-packages/airflow/example_dags/example_sensor_decorator.py
[2026-05-23T16:20:25.678+0000] {processor.py:925} INFO - DAG(s) 'example_sensor_decorator' retrieved from /home/airflow/.local/lib/python3.12/site-packages/airflow/example_dags/example_sensor_decorator.py
[2026-05-23T16:20:25.692+0000] {logging_mixin.py:190} INFO - [2026-05-23T16:20:25.692+0000] {dag.py:3239} INFO - Sync 1 DAGs
[2026-05-23T16:20:25.704+0000] {logging_mixin.py:190} INFO - [2026-05-23T16:20:25.704+0000] {dag.py:4180} INFO - Setting next_dagrun for example_sensor_decorator to None, run_after=None
[2026-05-23T16:20:25.718+0000] {processor.py:208} INFO - Processing /home/airflow/.local/lib/python3.12/site-packages/airflow/example_dags/example_sensor_decorator.py took 0.055 seconds
[2026-05-23T16:20:56.864+0000] {processor.py:186} INFO - Started process (PID=1475) to work on /home/airflow/.local/lib/python3.12/site-packages/airflow/example_dags/example_sensor_decorator.py
[2026-05-23T16:20:56.864+0000] {processor.py:914} INFO - Processing file /home/airflow/.local/lib/python3.12/site-packages/airflow/example_dags/example_sensor_decorator.py for tasks to queue
[2026-05-23T16:20:56.866+0000] {logging_mixin.py:190} INFO - [2026-05-23T16:20:56.866+0000] {dagbag.py:588} INFO - Filling up the DagBag from /home/airflow/.local/lib/python3.12/site-packages/airflow/example_dags/example_sensor_decorator.py
[2026-05-23T16:20:56.873+0000] {processor.py:925} INFO - DAG(s) 'example_sensor_decorator' retrieved from /home/airflow/.local/lib/python3.12/site-packages/airflow/example_dags/example_sensor_decorator.py
[2026-05-23T16:20:56.889+0000] {logging_mixin.py:190} INFO - [2026-05-23T16:20:56.889+0000] {dag.py:3239} INFO - Sync 1 DAGs
[2026-05-23T16:20:56.902+0000] {logging_mixin.py:190} INFO - [2026-05-23T16:20:56.902+0000] {dag.py:4180} INFO - Setting next_dagrun for example_sensor_decorator to None, run_after=None
[2026-05-23T16:20:56.918+0000] {processor.py:208} INFO - Processing /home/airflow/.local/lib/python3.12/site-packages/airflow/example_dags/example_sensor_decorator.py took 0.059 seconds
[2026-05-23T16:21:28.408+0000] {processor.py:186} INFO - Started process (PID=1540) to work on /home/airflow/.local/lib/python3.12/site-packages/airflow/example_dags/example_sensor_decorator.py
[2026-05-23T16:21:28.409+0000] {processor.py:914} INFO - Processing file /home/airflow/.local/lib/python3.12/site-packages/airflow/example_dags/example_sensor_decorator.py for tasks to queue
[2026-05-23T16:21:28.411+0000] {logging_mixin.py:190} INFO - [2026-05-23T16:21:28.410+0000] {dagbag.py:588} INFO - Filling up the DagBag from /home/airflow/.local/lib/python3.12/site-packages/airflow/example_dags/example_sensor_decorator.py
[2026-05-23T16:21:28.419+0000] {processor.py:925} INFO - DAG(s) 'example_sensor_decorator' retrieved from /home/airflow/.local/lib/python3.12/site-packages/airflow/example_dags/example_sensor_decorator.py
[2026-05-23T16:21:28.439+0000] {logging_mixin.py:190} INFO - [2026-05-23T16:21:28.439+0000] {dag.py:3239} INFO - Sync 1 DAGs
[2026-05-23T16:21:28.455+0000] {logging_mixin.py:190} INFO - [2026-05-23T16:21:28.455+0000] {dag.py:4180} INFO - Setting next_dagrun for example_sensor_decorator to None, run_after=None
[2026-05-23T16:21:28.474+0000] {processor.py:208} INFO - Processing /home/airflow/.local/lib/python3.12/site-packages/airflow/example_dags/example_sensor_decorator.py took 0.072 seconds
[2026-05-23T16:21:59.264+0000] {processor.py:186} INFO - Started process (PID=1605) to work on /home/airflow/.local/lib/python3.12/site-packages/airflow/example_dags/example_sensor_decorator.py
[2026-05-23T16:21:59.265+0000] {processor.py:914} INFO - Processing file /home/airflow/.local/lib/python3.12/site-packages/airflow/example_dags/example_sensor_decorator.py for tasks to queue
[2026-05-23T16:21:59.267+0000] {logging_mixin.py:190} INFO - [2026-05-23T16:21:59.266+0000] {dagbag.py:588} INFO - Filling up the DagBag from /home/airflow/.local/lib/python3.12/site-packages/airflow/example_dags/example_sensor_decorator.py
[2026-05-23T16:21:59.274+0000] {processor.py:925} INFO - DAG(s) 'example_sensor_decorator' retrieved from /home/airflow/.local/lib/python3.12/site-packages/airflow/example_dags/example_sensor_decorator.py
[2026-05-23T16:21:59.292+0000] {logging_mixin.py:190} INFO - [2026-05-23T16:21:59.292+0000] {dag.py:3239} INFO - Sync 1 DAGs
[2026-05-23T16:21:59.306+0000] {logging_mixin.py:190} INFO - [2026-05-23T16:21:59.306+0000] {dag.py:4180} INFO - Setting next_dagrun for example_sensor_decorator to None, run_after=None
[2026-05-23T16:21:59.320+0000] {processor.py:208} INFO - Processing /home/airflow/.local/lib/python3.12/site-packages/airflow/example_dags/example_sensor_decorator.py took 0.060 seconds
[2026-05-23T16:22:30.308+0000] {processor.py:186} INFO - Started process (PID=1670) to work on /home/airflow/.local/lib/python3.12/site-packages/airflow/example_dags/example_sensor_decorator.py
[2026-05-23T16:22:30.309+0000] {processor.py:914} INFO - Processing file /home/airflow/.local/lib/python3.12/site-packages/airflow/example_dags/example_sensor_decorator.py for tasks to queue
[2026-05-23T16:22:30.310+0000] {logging_mixin.py:190} INFO - [2026-05-23T16:22:30.310+0000] {dagbag.py:588} INFO - Filling up the DagBag from /home/airflow/.local/lib/python3.12/site-packages/airflow/example_dags/example_sensor_decorator.py
[2026-05-23T16:22:30.316+0000] {processor.py:925} INFO - DAG(s) 'example_sensor_decorator' retrieved from /home/airflow/.local/lib/python3.12/site-packages/airflow/example_dags/example_sensor_decorator.py
[2026-05-23T16:22:30.330+0000] {logging_mixin.py:190} INFO - [2026-05-23T16:22:30.330+0000] {dag.py:3239} INFO - Sync 1 DAGs
[2026-05-23T16:22:30.342+0000] {logging_mixin.py:190} INFO - [2026-05-23T16:22:30.342+0000] {dag.py:4180} INFO - Setting next_dagrun for example_sensor_decorator to None, run_after=None
[2026-05-23T16:22:30.355+0000] {processor.py:208} INFO - Processing /home/airflow/.local/lib/python3.12/site-packages/airflow/example_dags/example_sensor_decorator.py took 0.051 seconds
[2026-05-23T16:23:01.491+0000] {processor.py:186} INFO - Started process (PID=1735) to work on /home/airflow/.local/lib/python3.12/site-packages/airflow/example_dags/example_sensor_decorator.py
[2026-05-23T16:23:01.491+0000] {processor.py:914} INFO - Processing file /home/airflow/.local/lib/python3.12/site-packages/airflow/example_dags/example_sensor_decorator.py for tasks to queue
[2026-05-23T16:23:01.493+0000] {logging_mixin.py:190} INFO - [2026-05-23T16:23:01.493+0000] {dagbag.py:588} INFO - Filling up the DagBag from /home/airflow/.local/lib/python3.12/site-packages/airflow/example_dags/example_sensor_decorator.py
[2026-05-23T16:23:01.499+0000] {processor.py:925} INFO - DAG(s) 'example_sensor_decorator' retrieved from /home/airflow/.local/lib/python3.12/site-packages/airflow/example_dags/example_sensor_decorator.py
[2026-05-23T16:23:01.514+0000] {logging_mixin.py:190} INFO - [2026-05-23T16:23:01.514+0000] {dag.py:3239} INFO - Sync 1 DAGs
[2026-05-23T16:23:01.525+0000] {logging_mixin.py:190} INFO - [2026-05-23T16:23:01.525+0000] {dag.py:4180} INFO - Setting next_dagrun for example_sensor_decorator to None, run_after=None
[2026-05-23T16:23:01.538+0000] {processor.py:208} INFO - Processing /home/airflow/.local/lib/python3.12/site-packages/airflow/example_dags/example_sensor_decorator.py took 0.053 seconds
[2026-05-23T16:23:32.411+0000] {processor.py:186} INFO - Started process (PID=1800) to work on /home/airflow/.local/lib/python3.12/site-packages/airflow/example_dags/example_sensor_decorator.py
[2026-05-23T16:23:32.411+0000] {processor.py:914} INFO - Processing file /home/airflow/.local/lib/python3.12/site-packages/airflow/example_dags/example_sensor_decorator.py for tasks to queue
[2026-05-23T16:23:32.413+0000] {logging_mixin.py:190} INFO - [2026-05-23T16:23:32.413+0000] {dagbag.py:588} INFO - Filling up the DagBag from /home/airflow/.local/lib/python3.12/site-packages/airflow/example_dags/example_sensor_decorator.py
[2026-05-23T16:23:32.421+0000] {processor.py:925} INFO - DAG(s) 'example_sensor_decorator' retrieved from /home/airflow/.local/lib/python3.12/site-packages/airflow/example_dags/example_sensor_decorator.py
[2026-05-23T16:23:32.440+0000] {logging_mixin.py:190} INFO - [2026-05-23T16:23:32.440+0000] {dag.py:3239} INFO - Sync 1 DAGs
[2026-05-23T16:23:32.455+0000] {logging_mixin.py:190} INFO - [2026-05-23T16:23:32.455+0000] {dag.py:4180} INFO - Setting next_dagrun for example_sensor_decorator to None, run_after=None
[2026-05-23T16:23:32.472+0000] {processor.py:208} INFO - Processing /home/airflow/.local/lib/python3.12/site-packages/airflow/example_dags/example_sensor_decorator.py took 0.065 seconds
[2026-05-23T16:24:03.312+0000] {processor.py:186} INFO - Started process (PID=1865) to work on /home/airflow/.local/lib/python3.12/site-packages/airflow/example_dags/example_sensor_decorator.py
[2026-05-23T16:24:03.313+0000] {processor.py:914} INFO - Processing file /home/airflow/.local/lib/python3.12/site-packages/airflow/example_dags/example_sensor_decorator.py for tasks to queue
[2026-05-23T16:24:03.315+0000] {logging_mixin.py:190} INFO - [2026-05-23T16:24:03.314+0000] {dagbag.py:588} INFO - Filling up the DagBag from /home/airflow/.local/lib/python3.12/site-packages/airflow/example_dags/example_sensor_decorator.py
[2026-05-23T16:24:03.323+0000] {processor.py:925} INFO - DAG(s) 'example_sensor_decorator' retrieved from /home/airflow/.local/lib/python3.12/site-packages/airflow/example_dags/example_sensor_decorator.py
[2026-05-23T16:24:03.341+0000] {logging_mixin.py:190} INFO - [2026-05-23T16:24:03.341+0000] {dag.py:3239} INFO - Sync 1 DAGs
[2026-05-23T16:24:03.353+0000] {logging_mixin.py:190} INFO - [2026-05-23T16:24:03.352+0000] {dag.py:4180} INFO - Setting next_dagrun for example_sensor_decorator to None, run_after=None
[2026-05-23T16:24:03.365+0000] {processor.py:208} INFO - Processing /home/airflow/.local/lib/python3.12/site-packages/airflow/example_dags/example_sensor_decorator.py took 0.060 seconds
[2026-05-23T16:24:33.986+0000] {processor.py:186} INFO - Started process (PID=1930) to work on /home/airflow/.local/lib/python3.12/site-packages/airflow/example_dags/example_sensor_decorator.py
[2026-05-23T16:24:33.987+0000] {processor.py:914} INFO - Processing file /home/airflow/.local/lib/python3.12/site-packages/airflow/example_dags/example_sensor_decorator.py for tasks to queue
[2026-05-23T16:24:33.988+0000] {logging_mixin.py:190} INFO - [2026-05-23T16:24:33.988+0000] {dagbag.py:588} INFO - Filling up the DagBag from /home/airflow/.local/lib/python3.12/site-packages/airflow/example_dags/example_sensor_decorator.py
[2026-05-23T16:24:33.996+0000] {processor.py:925} INFO - DAG(s) 'example_sensor_decorator' retrieved from /home/airflow/.local/lib/python3.12/site-packages/airflow/example_dags/example_sensor_decorator.py
[2026-05-23T16:24:34.016+0000] {logging_mixin.py:190} INFO - [2026-05-23T16:24:34.016+0000] {dag.py:3239} INFO - Sync 1 DAGs
[2026-05-23T16:24:34.032+0000] {logging_mixin.py:190} INFO - [2026-05-23T16:24:34.032+0000] {dag.py:4180} INFO - Setting next_dagrun for example_sensor_decorator to None, run_after=None
[2026-05-23T16:24:34.050+0000] {processor.py:208} INFO - Processing /home/airflow/.local/lib/python3.12/site-packages/airflow/example_dags/example_sensor_decorator.py took 0.070 seconds
[2026-05-23T16:25:05.466+0000] {processor.py:186} INFO - Started process (PID=1994) to work on /home/airflow/.local/lib/python3.12/site-packages/airflow/example_dags/example_sensor_decorator.py
[2026-05-23T16:25:05.466+0000] {processor.py:914} INFO - Processing file /home/airflow/.local/lib/python3.12/site-packages/airflow/example_dags/example_sensor_decorator.py for tasks to queue
[2026-05-23T16:25:05.468+0000] {logging_mixin.py:190} INFO - [2026-05-23T16:25:05.467+0000] {dagbag.py:588} INFO - Filling up the DagBag from /home/airflow/.local/lib/python3.12/site-packages/airflow/example_dags/example_sensor_decorator.py
[2026-05-23T16:25:05.474+0000] {processor.py:925} INFO - DAG(s) 'example_sensor_decorator' retrieved from /home/airflow/.local/lib/python3.12/site-packages/airflow/example_dags/example_sensor_decorator.py
[2026-05-23T16:25:05.488+0000] {logging_mixin.py:190} INFO - [2026-05-23T16:25:05.487+0000] {dag.py:3239} INFO - Sync 1 DAGs
[2026-05-23T16:25:05.500+0000] {logging_mixin.py:190} INFO - [2026-05-23T16:25:05.500+0000] {dag.py:4180} INFO - Setting next_dagrun for example_sensor_decorator to None, run_after=None
[2026-05-23T16:25:05.521+0000] {processor.py:208} INFO - Processing /home/airflow/.local/lib/python3.12/site-packages/airflow/example_dags/example_sensor_decorator.py took 0.060 seconds
[2026-05-23T16:25:36.952+0000] {processor.py:186} INFO - Started process (PID=2059) to work on /home/airflow/.local/lib/python3.12/site-packages/airflow/example_dags/example_sensor_decorator.py
[2026-05-23T16:25:36.953+0000] {processor.py:914} INFO - Processing file /home/airflow/.local/lib/python3.12/site-packages/airflow/example_dags/example_sensor_decorator.py for tasks to queue
[2026-05-23T16:25:36.955+0000] {logging_mixin.py:190} INFO - [2026-05-23T16:25:36.954+0000] {dagbag.py:588} INFO - Filling up the DagBag from /home/airflow/.local/lib/python3.12/site-packages/airflow/example_dags/example_sensor_decorator.py
[2026-05-23T16:25:36.961+0000] {processor.py:925} INFO - DAG(s) 'example_sensor_decorator' retrieved from /home/airflow/.local/lib/python3.12/site-packages/airflow/example_dags/example_sensor_decorator.py
[2026-05-23T16:25:36.976+0000] {logging_mixin.py:190} INFO - [2026-05-23T16:25:36.976+0000] {dag.py:3239} INFO - Sync 1 DAGs
[2026-05-23T16:25:36.988+0000] {logging_mixin.py:190} INFO - [2026-05-23T16:25:36.988+0000] {dag.py:4180} INFO - Setting next_dagrun for example_sensor_decorator to None, run_after=None
[2026-05-23T16:25:37.002+0000] {processor.py:208} INFO - Processing /home/airflow/.local/lib/python3.12/site-packages/airflow/example_dags/example_sensor_decorator.py took 0.055 seconds
[2026-05-23T16:26:08.410+0000] {processor.py:186} INFO - Started process (PID=2124) to work on /home/airflow/.local/lib/python3.12/site-packages/airflow/example_dags/example_sensor_decorator.py
[2026-05-23T16:26:08.411+0000] {processor.py:914} INFO - Processing file /home/airflow/.local/lib/python3.12/site-packages/airflow/example_dags/example_sensor_decorator.py for tasks to queue
[2026-05-23T16:26:08.412+0000] {logging_mixin.py:190} INFO - [2026-05-23T16:26:08.412+0000] {dagbag.py:588} INFO - Filling up the DagBag from /home/airflow/.local/lib/python3.12/site-packages/airflow/example_dags/example_sensor_decorator.py
[2026-05-23T16:26:08.419+0000] {processor.py:925} INFO - DAG(s) 'example_sensor_decorator' retrieved from /home/airflow/.local/lib/python3.12/site-packages/airflow/example_dags/example_sensor_decorator.py
[2026-05-23T16:26:08.436+0000] {logging_mixin.py:190} INFO - [2026-05-23T16:26:08.436+0000] {dag.py:3239} INFO - Sync 1 DAGs
[2026-05-23T16:26:08.453+0000] {logging_mixin.py:190} INFO - [2026-05-23T16:26:08.452+0000] {dag.py:4180} INFO - Setting next_dagrun for example_sensor_decorator to None, run_after=None
[2026-05-23T16:26:08.468+0000] {processor.py:208} INFO - Processing /home/airflow/.local/lib/python3.12/site-packages/airflow/example_dags/example_sensor_decorator.py took 0.062 seconds
[2026-05-23T16:26:39.809+0000] {processor.py:186} INFO - Started process (PID=2189) to work on /home/airflow/.local/lib/python3.12/site-packages/airflow/example_dags/example_sensor_decorator.py
[2026-05-23T16:26:39.810+0000] {processor.py:914} INFO - Processing file /home/airflow/.local/lib/python3.12/site-packages/airflow/example_dags/example_sensor_decorator.py for tasks to queue
[2026-05-23T16:26:39.811+0000] {logging_mixin.py:190} INFO - [2026-05-23T16:26:39.811+0000] {dagbag.py:588} INFO - Filling up the DagBag from /home/airflow/.local/lib/python3.12/site-packages/airflow/example_dags/example_sensor_decorator.py
[2026-05-23T16:26:39.818+0000] {processor.py:925} INFO - DAG(s) 'example_sensor_decorator' retrieved from /home/airflow/.local/lib/python3.12/site-packages/airflow/example_dags/example_sensor_decorator.py
[2026-05-23T16:26:39.832+0000] {logging_mixin.py:190} INFO - [2026-05-23T16:26:39.832+0000] {dag.py:3239} INFO - Sync 1 DAGs
[2026-05-23T16:26:39.844+0000] {logging_mixin.py:190} INFO - [2026-05-23T16:26:39.844+0000] {dag.py:4180} INFO - Setting next_dagrun for example_sensor_decorator to None, run_after=None
[2026-05-23T16:26:39.858+0000] {processor.py:208} INFO - Processing /home/airflow/.local/lib/python3.12/site-packages/airflow/example_dags/example_sensor_decorator.py took 0.053 seconds
[2026-05-23T16:27:11.247+0000] {processor.py:186} INFO - Started process (PID=2255) to work on /home/airflow/.local/lib/python3.12/site-packages/airflow/example_dags/example_sensor_decorator.py
[2026-05-23T16:27:11.248+0000] {processor.py:914} INFO - Processing file /home/airflow/.local/lib/python3.12/site-packages/airflow/example_dags/example_sensor_decorator.py for tasks to queue
[2026-05-23T16:27:11.250+0000] {logging_mixin.py:190} INFO - [2026-05-23T16:27:11.250+0000] {dagbag.py:588} INFO - Filling up the DagBag from /home/airflow/.local/lib/python3.12/site-packages/airflow/example_dags/example_sensor_decorator.py
[2026-05-23T16:27:11.258+0000] {processor.py:925} INFO - DAG(s) 'example_sensor_decorator' retrieved from /home/airflow/.local/lib/python3.12/site-packages/airflow/example_dags/example_sensor_decorator.py
[2026-05-23T16:27:11.280+0000] {logging_mixin.py:190} INFO - [2026-05-23T16:27:11.280+0000] {dag.py:3239} INFO - Sync 1 DAGs
[2026-05-23T16:27:11.294+0000] {logging_mixin.py:190} INFO - [2026-05-23T16:27:11.294+0000] {dag.py:4180} INFO - Setting next_dagrun for example_sensor_decorator to None, run_after=None
[2026-05-23T16:27:11.308+0000] {processor.py:208} INFO - Processing /home/airflow/.local/lib/python3.12/site-packages/airflow/example_dags/example_sensor_decorator.py took 0.067 seconds
[2026-05-23T16:27:42.623+0000] {processor.py:186} INFO - Started process (PID=2320) to work on /home/airflow/.local/lib/python3.12/site-packages/airflow/example_dags/example_sensor_decorator.py
[2026-05-23T16:27:42.624+0000] {processor.py:914} INFO - Processing file /home/airflow/.local/lib/python3.12/site-packages/airflow/example_dags/example_sensor_decorator.py for tasks to queue
[2026-05-23T16:27:42.625+0000] {logging_mixin.py:190} INFO - [2026-05-23T16:27:42.625+0000] {dagbag.py:588} INFO - Filling up the DagBag from /home/airflow/.local/lib/python3.12/site-packages/airflow/example_dags/example_sensor_decorator.py
[2026-05-23T16:27:42.631+0000] {processor.py:925} INFO - DAG(s) 'example_sensor_decorator' retrieved from /home/airflow/.local/lib/python3.12/site-packages/airflow/example_dags/example_sensor_decorator.py
[2026-05-23T16:27:42.647+0000] {logging_mixin.py:190} INFO - [2026-05-23T16:27:42.647+0000] {dag.py:3239} INFO - Sync 1 DAGs
[2026-05-23T16:27:42.658+0000] {logging_mixin.py:190} INFO - [2026-05-23T16:27:42.657+0000] {dag.py:4180} INFO - Setting next_dagrun for example_sensor_decorator to None, run_after=None
[2026-05-23T16:27:42.671+0000] {processor.py:208} INFO - Processing /home/airflow/.local/lib/python3.12/site-packages/airflow/example_dags/example_sensor_decorator.py took 0.052 seconds
[2026-05-23T16:28:14.211+0000] {processor.py:186} INFO - Started process (PID=2385) to work on /home/airflow/.local/lib/python3.12/site-packages/airflow/example_dags/example_sensor_decorator.py
[2026-05-23T16:28:14.212+0000] {processor.py:914} INFO - Processing file /home/airflow/.local/lib/python3.12/site-packages/airflow/example_dags/example_sensor_decorator.py for tasks to queue
[2026-05-23T16:28:14.214+0000] {logging_mixin.py:190} INFO - [2026-05-23T16:28:14.213+0000] {dagbag.py:588} INFO - Filling up the DagBag from /home/airflow/.local/lib/python3.12/site-packages/airflow/example_dags/example_sensor_decorator.py
[2026-05-23T16:28:14.220+0000] {processor.py:925} INFO - DAG(s) 'example_sensor_decorator' retrieved from /home/airflow/.local/lib/python3.12/site-packages/airflow/example_dags/example_sensor_decorator.py
[2026-05-23T16:28:14.239+0000] {logging_mixin.py:190} INFO - [2026-05-23T16:28:14.238+0000] {dag.py:3239} INFO - Sync 1 DAGs
[2026-05-23T16:28:14.255+0000] {logging_mixin.py:190} INFO - [2026-05-23T16:28:14.255+0000] {dag.py:4180} INFO - Setting next_dagrun for example_sensor_decorator to None, run_after=None
[2026-05-23T16:28:14.278+0000] {processor.py:208} INFO - Processing /home/airflow/.local/lib/python3.12/site-packages/airflow/example_dags/example_sensor_decorator.py took 0.072 seconds
[2026-05-23T16:28:45.200+0000] {processor.py:186} INFO - Started process (PID=2450) to work on /home/airflow/.local/lib/python3.12/site-packages/airflow/example_dags/example_sensor_decorator.py
[2026-05-23T16:28:45.201+0000] {processor.py:914} INFO - Processing file /home/airflow/.local/lib/python3.12/site-packages/airflow/example_dags/example_sensor_decorator.py for tasks to queue
[2026-05-23T16:28:45.202+0000] {logging_mixin.py:190} INFO - [2026-05-23T16:28:45.202+0000] {dagbag.py:588} INFO - Filling up the DagBag from /home/airflow/.local/lib/python3.12/site-packages/airflow/example_dags/example_sensor_decorator.py
[2026-05-23T16:28:45.209+0000] {processor.py:925} INFO - DAG(s) 'example_sensor_decorator' retrieved from /home/airflow/.local/lib/python3.12/site-packages/airflow/example_dags/example_sensor_decorator.py
[2026-05-23T16:28:45.223+0000] {logging_mixin.py:190} INFO - [2026-05-23T16:28:45.223+0000] {dag.py:3239} INFO - Sync 1 DAGs
[2026-05-23T16:28:45.234+0000] {logging_mixin.py:190} INFO - [2026-05-23T16:28:45.234+0000] {dag.py:4180} INFO - Setting next_dagrun for example_sensor_decorator to None, run_after=None
[2026-05-23T16:28:45.248+0000] {processor.py:208} INFO - Processing /home/airflow/.local/lib/python3.12/site-packages/airflow/example_dags/example_sensor_decorator.py took 0.052 seconds
[2026-05-23T16:29:16.488+0000] {processor.py:186} INFO - Started process (PID=2516) to work on /home/airflow/.local/lib/python3.12/site-packages/airflow/example_dags/example_sensor_decorator.py
[2026-05-23T16:29:16.488+0000] {processor.py:914} INFO - Processing file /home/airflow/.local/lib/python3.12/site-packages/airflow/example_dags/example_sensor_decorator.py for tasks to queue
[2026-05-23T16:29:16.490+0000] {logging_mixin.py:190} INFO - [2026-05-23T16:29:16.489+0000] {dagbag.py:588} INFO - Filling up the DagBag from /home/airflow/.local/lib/python3.12/site-packages/airflow/example_dags/example_sensor_decorator.py
[2026-05-23T16:29:16.496+0000] {processor.py:925} INFO - DAG(s) 'example_sensor_decorator' retrieved from /home/airflow/.local/lib/python3.12/site-packages/airflow/example_dags/example_sensor_decorator.py
[2026-05-23T16:29:16.510+0000] {logging_mixin.py:190} INFO - [2026-05-23T16:29:16.510+0000] {dag.py:3239} INFO - Sync 1 DAGs
[2026-05-23T16:29:16.521+0000] {logging_mixin.py:190} INFO - [2026-05-23T16:29:16.520+0000] {dag.py:4180} INFO - Setting next_dagrun for example_sensor_decorator to None, run_after=None
[2026-05-23T16:29:16.533+0000] {processor.py:208} INFO - Processing /home/airflow/.local/lib/python3.12/site-packages/airflow/example_dags/example_sensor_decorator.py took 0.049 seconds
[2026-05-23T16:29:47.060+0000] {processor.py:186} INFO - Started process (PID=2581) to work on /home/airflow/.local/lib/python3.12/site-packages/airflow/example_dags/example_sensor_decorator.py
[2026-05-23T16:29:47.061+0000] {processor.py:914} INFO - Processing file /home/airflow/.local/lib/python3.12/site-packages/airflow/example_dags/example_sensor_decorator.py for tasks to queue
[2026-05-23T16:29:47.063+0000] {logging_mixin.py:190} INFO - [2026-05-23T16:29:47.062+0000] {dagbag.py:588} INFO - Filling up the DagBag from /home/airflow/.local/lib/python3.12/site-packages/airflow/example_dags/example_sensor_decorator.py
[2026-05-23T16:29:47.069+0000] {processor.py:925} INFO - DAG(s) 'example_sensor_decorator' retrieved from /home/airflow/.local/lib/python3.12/site-packages/airflow/example_dags/example_sensor_decorator.py
[2026-05-23T16:29:47.085+0000] {logging_mixin.py:190} INFO - [2026-05-23T16:29:47.085+0000] {dag.py:3239} INFO - Sync 1 DAGs
[2026-05-23T16:29:47.099+0000] {logging_mixin.py:190} INFO - [2026-05-23T16:29:47.099+0000] {dag.py:4180} INFO - Setting next_dagrun for example_sensor_decorator to None, run_after=None
[2026-05-23T16:29:47.112+0000] {processor.py:208} INFO - Processing /home/airflow/.local/lib/python3.12/site-packages/airflow/example_dags/example_sensor_decorator.py took 0.056 seconds
[2026-05-23T16:30:18.723+0000] {processor.py:186} INFO - Started process (PID=2646) to work on /home/airflow/.local/lib/python3.12/site-packages/airflow/example_dags/example_sensor_decorator.py
[2026-05-23T16:30:18.724+0000] {processor.py:914} INFO - Processing file /home/airflow/.local/lib/python3.12/site-packages/airflow/example_dags/example_sensor_decorator.py for tasks to queue
[2026-05-23T16:30:18.725+0000] {logging_mixin.py:190} INFO - [2026-05-23T16:30:18.725+0000] {dagbag.py:588} INFO - Filling up the DagBag from /home/airflow/.local/lib/python3.12/site-packages/airflow/example_dags/example_sensor_decorator.py
[2026-05-23T16:30:18.732+0000] {processor.py:925} INFO - DAG(s) 'example_sensor_decorator' retrieved from /home/airflow/.local/lib/python3.12/site-packages/airflow/example_dags/example_sensor_decorator.py
[2026-05-23T16:30:18.748+0000] {logging_mixin.py:190} INFO - [2026-05-23T16:30:18.747+0000] {dag.py:3239} INFO - Sync 1 DAGs
[2026-05-23T16:30:18.764+0000] {logging_mixin.py:190} INFO - [2026-05-23T16:30:18.764+0000] {dag.py:4180} INFO - Setting next_dagrun for example_sensor_decorator to None, run_after=None
[2026-05-23T16:30:18.777+0000] {processor.py:208} INFO - Processing /home/airflow/.local/lib/python3.12/site-packages/airflow/example_dags/example_sensor_decorator.py took 0.059 seconds
[2026-05-23T16:30:49.751+0000] {processor.py:186} INFO - Started process (PID=2711) to work on /home/airflow/.local/lib/python3.12/site-packages/airflow/example_dags/example_sensor_decorator.py
[2026-05-23T16:30:49.751+0000] {processor.py:914} INFO - Processing file /home/airflow/.local/lib/python3.12/site-packages/airflow/example_dags/example_sensor_decorator.py for tasks to queue
[2026-05-23T16:30:49.753+0000] {logging_mixin.py:190} INFO - [2026-05-23T16:30:49.753+0000] {dagbag.py:588} INFO - Filling up the DagBag from /home/airflow/.local/lib/python3.12/site-packages/airflow/example_dags/example_sensor_decorator.py
[2026-05-23T16:30:49.759+0000] {processor.py:925} INFO - DAG(s) 'example_sensor_decorator' retrieved from /home/airflow/.local/lib/python3.12/site-packages/airflow/example_dags/example_sensor_decorator.py
[2026-05-23T16:30:49.778+0000] {logging_mixin.py:190} INFO - [2026-05-23T16:30:49.778+0000] {dag.py:3239} INFO - Sync 1 DAGs
[2026-05-23T16:30:49.791+0000] {logging_mixin.py:190} INFO - [2026-05-23T16:30:49.790+0000] {dag.py:4180} INFO - Setting next_dagrun for example_sensor_decorator to None, run_after=None
[2026-05-23T16:30:49.804+0000] {processor.py:208} INFO - Processing /home/airflow/.local/lib/python3.12/site-packages/airflow/example_dags/example_sensor_decorator.py took 0.058 seconds
[2026-05-23T16:31:21.442+0000] {processor.py:186} INFO - Started process (PID=2776) to work on /home/airflow/.local/lib/python3.12/site-packages/airflow/example_dags/example_sensor_decorator.py
[2026-05-23T16:31:21.443+0000] {processor.py:914} INFO - Processing file /home/airflow/.local/lib/python3.12/site-packages/airflow/example_dags/example_sensor_decorator.py for tasks to queue
[2026-05-23T16:31:21.445+0000] {logging_mixin.py:190} INFO - [2026-05-23T16:31:21.445+0000] {dagbag.py:588} INFO - Filling up the DagBag from /home/airflow/.local/lib/python3.12/site-packages/airflow/example_dags/example_sensor_decorator.py
[2026-05-23T16:31:21.452+0000] {processor.py:925} INFO - DAG(s) 'example_sensor_decorator' retrieved from /home/airflow/.local/lib/python3.12/site-packages/airflow/example_dags/example_sensor_decorator.py
[2026-05-23T16:31:21.471+0000] {logging_mixin.py:190} INFO - [2026-05-23T16:31:21.471+0000] {dag.py:3239} INFO - Sync 1 DAGs
[2026-05-23T16:31:21.487+0000] {logging_mixin.py:190} INFO - [2026-05-23T16:31:21.487+0000] {dag.py:4180} INFO - Setting next_dagrun for example_sensor_decorator to None, run_after=None
[2026-05-23T16:31:21.504+0000] {processor.py:208} INFO - Processing /home/airflow/.local/lib/python3.12/site-packages/airflow/example_dags/example_sensor_decorator.py took 0.066 seconds
[2026-05-23T16:31:52.570+0000] {processor.py:186} INFO - Started process (PID=2848) to work on /home/airflow/.local/lib/python3.12/site-packages/airflow/example_dags/example_sensor_decorator.py
[2026-05-23T16:31:52.571+0000] {processor.py:914} INFO - Processing file /home/airflow/.local/lib/python3.12/site-packages/airflow/example_dags/example_sensor_decorator.py for tasks to queue
[2026-05-23T16:31:52.573+0000] {logging_mixin.py:190} INFO - [2026-05-23T16:31:52.573+0000] {dagbag.py:588} INFO - Filling up the DagBag from /home/airflow/.local/lib/python3.12/site-packages/airflow/example_dags/example_sensor_decorator.py
[2026-05-23T16:31:52.581+0000] {processor.py:925} INFO - DAG(s) 'example_sensor_decorator' retrieved from /home/airflow/.local/lib/python3.12/site-packages/airflow/example_dags/example_sensor_decorator.py
[2026-05-23T16:31:52.603+0000] {logging_mixin.py:190} INFO - [2026-05-23T16:31:52.602+0000] {dag.py:3239} INFO - Sync 1 DAGs
[2026-05-23T16:31:52.616+0000] {logging_mixin.py:190} INFO - [2026-05-23T16:31:52.616+0000] {dag.py:4180} INFO - Setting next_dagrun for example_sensor_decorator to None, run_after=None
[2026-05-23T16:31:52.629+0000] {processor.py:208} INFO - Processing /home/airflow/.local/lib/python3.12/site-packages/airflow/example_dags/example_sensor_decorator.py took 0.065 seconds
[2026-05-23T16:32:24.903+0000] {processor.py:186} INFO - Started process (PID=2913) to work on /home/airflow/.local/lib/python3.12/site-packages/airflow/example_dags/example_sensor_decorator.py
[2026-05-23T16:32:24.904+0000] {processor.py:914} INFO - Processing file /home/airflow/.local/lib/python3.12/site-packages/airflow/example_dags/example_sensor_decorator.py for tasks to queue
[2026-05-23T16:32:24.905+0000] {logging_mixin.py:190} INFO - [2026-05-23T16:32:24.905+0000] {dagbag.py:588} INFO - Filling up the DagBag from /home/airflow/.local/lib/python3.12/site-packages/airflow/example_dags/example_sensor_decorator.py
[2026-05-23T16:32:24.911+0000] {processor.py:925} INFO - DAG(s) 'example_sensor_decorator' retrieved from /home/airflow/.local/lib/python3.12/site-packages/airflow/example_dags/example_sensor_decorator.py
[2026-05-23T16:32:24.927+0000] {logging_mixin.py:190} INFO - [2026-05-23T16:32:24.927+0000] {dag.py:3239} INFO - Sync 1 DAGs
[2026-05-23T16:32:24.942+0000] {logging_mixin.py:190} INFO - [2026-05-23T16:32:24.941+0000] {dag.py:4180} INFO - Setting next_dagrun for example_sensor_decorator to None, run_after=None
[2026-05-23T16:32:24.957+0000] {processor.py:208} INFO - Processing /home/airflow/.local/lib/python3.12/site-packages/airflow/example_dags/example_sensor_decorator.py took 0.059 seconds
[2026-05-23T16:32:56.158+0000] {processor.py:186} INFO - Started process (PID=2978) to work on /home/airflow/.local/lib/python3.12/site-packages/airflow/example_dags/example_sensor_decorator.py
[2026-05-23T16:32:56.159+0000] {processor.py:914} INFO - Processing file /home/airflow/.local/lib/python3.12/site-packages/airflow/example_dags/example_sensor_decorator.py for tasks to queue
[2026-05-23T16:32:56.160+0000] {logging_mixin.py:190} INFO - [2026-05-23T16:32:56.160+0000] {dagbag.py:588} INFO - Filling up the DagBag from /home/airflow/.local/lib/python3.12/site-packages/airflow/example_dags/example_sensor_decorator.py
[2026-05-23T16:32:56.166+0000] {processor.py:925} INFO - DAG(s) 'example_sensor_decorator' retrieved from /home/airflow/.local/lib/python3.12/site-packages/airflow/example_dags/example_sensor_decorator.py
[2026-05-23T16:32:56.180+0000] {logging_mixin.py:190} INFO - [2026-05-23T16:32:56.180+0000] {dag.py:3239} INFO - Sync 1 DAGs
[2026-05-23T16:32:56.191+0000] {logging_mixin.py:190} INFO - [2026-05-23T16:32:56.191+0000] {dag.py:4180} INFO - Setting next_dagrun for example_sensor_decorator to None, run_after=None
[2026-05-23T16:32:56.204+0000] {processor.py:208} INFO - Processing /home/airflow/.local/lib/python3.12/site-packages/airflow/example_dags/example_sensor_decorator.py took 0.050 seconds
[2026-05-23T16:33:27.088+0000] {processor.py:186} INFO - Started process (PID=3043) to work on /home/airflow/.local/lib/python3.12/site-packages/airflow/example_dags/example_sensor_decorator.py
[2026-05-23T16:33:27.088+0000] {processor.py:914} INFO - Processing file /home/airflow/.local/lib/python3.12/site-packages/airflow/example_dags/example_sensor_decorator.py for tasks to queue
[2026-05-23T16:33:27.090+0000] {logging_mixin.py:190} INFO - [2026-05-23T16:33:27.090+0000] {dagbag.py:588} INFO - Filling up the DagBag from /home/airflow/.local/lib/python3.12/site-packages/airflow/example_dags/example_sensor_decorator.py
[2026-05-23T16:33:27.096+0000] {processor.py:925} INFO - DAG(s) 'example_sensor_decorator' retrieved from /home/airflow/.local/lib/python3.12/site-packages/airflow/example_dags/example_sensor_decorator.py
[2026-05-23T16:33:27.110+0000] {logging_mixin.py:190} INFO - [2026-05-23T16:33:27.110+0000] {dag.py:3239} INFO - Sync 1 DAGs
[2026-05-23T16:33:27.125+0000] {logging_mixin.py:190} INFO - [2026-05-23T16:33:27.125+0000] {dag.py:4180} INFO - Setting next_dagrun for example_sensor_decorator to None, run_after=None
[2026-05-23T16:33:27.141+0000] {processor.py:208} INFO - Processing /home/airflow/.local/lib/python3.12/site-packages/airflow/example_dags/example_sensor_decorator.py took 0.059 seconds
[2026-05-23T16:33:58.072+0000] {processor.py:186} INFO - Started process (PID=3108) to work on /home/airflow/.local/lib/python3.12/site-packages/airflow/example_dags/example_sensor_decorator.py
[2026-05-23T16:33:58.073+0000] {processor.py:914} INFO - Processing file /home/airflow/.local/lib/python3.12/site-packages/airflow/example_dags/example_sensor_decorator.py for tasks to queue
[2026-05-23T16:33:58.074+0000] {logging_mixin.py:190} INFO - [2026-05-23T16:33:58.074+0000] {dagbag.py:588} INFO - Filling up the DagBag from /home/airflow/.local/lib/python3.12/site-packages/airflow/example_dags/example_sensor_decorator.py
[2026-05-23T16:33:58.082+0000] {processor.py:925} INFO - DAG(s) 'example_sensor_decorator' retrieved from /home/airflow/.local/lib/python3.12/site-packages/airflow/example_dags/example_sensor_decorator.py
[2026-05-23T16:33:58.103+0000] {logging_mixin.py:190} INFO - [2026-05-23T16:33:58.103+0000] {dag.py:3239} INFO - Sync 1 DAGs
[2026-05-23T16:33:58.118+0000] {logging_mixin.py:190} INFO - [2026-05-23T16:33:58.117+0000] {dag.py:4180} INFO - Setting next_dagrun for example_sensor_decorator to None, run_after=None
[2026-05-23T16:33:58.131+0000] {processor.py:208} INFO - Processing /home/airflow/.local/lib/python3.12/site-packages/airflow/example_dags/example_sensor_decorator.py took 0.063 seconds
[2026-05-23T16:34:28.722+0000] {processor.py:186} INFO - Started process (PID=3173) to work on /home/airflow/.local/lib/python3.12/site-packages/airflow/example_dags/example_sensor_decorator.py
[2026-05-23T16:34:28.722+0000] {processor.py:914} INFO - Processing file /home/airflow/.local/lib/python3.12/site-packages/airflow/example_dags/example_sensor_decorator.py for tasks to queue
[2026-05-23T16:34:28.724+0000] {logging_mixin.py:190} INFO - [2026-05-23T16:34:28.724+0000] {dagbag.py:588} INFO - Filling up the DagBag from /home/airflow/.local/lib/python3.12/site-packages/airflow/example_dags/example_sensor_decorator.py
[2026-05-23T16:34:28.730+0000] {processor.py:925} INFO - DAG(s) 'example_sensor_decorator' retrieved from /home/airflow/.local/lib/python3.12/site-packages/airflow/example_dags/example_sensor_decorator.py
[2026-05-23T16:34:28.744+0000] {logging_mixin.py:190} INFO - [2026-05-23T16:34:28.744+0000] {dag.py:3239} INFO - Sync 1 DAGs
[2026-05-23T16:34:28.755+0000] {logging_mixin.py:190} INFO - [2026-05-23T16:34:28.755+0000] {dag.py:4180} INFO - Setting next_dagrun for example_sensor_decorator to None, run_after=None
[2026-05-23T16:34:28.767+0000] {processor.py:208} INFO - Processing /home/airflow/.local/lib/python3.12/site-packages/airflow/example_dags/example_sensor_decorator.py took 0.051 seconds
[2026-05-23T16:35:00.220+0000] {processor.py:186} INFO - Started process (PID=3238) to work on /home/airflow/.local/lib/python3.12/site-packages/airflow/example_dags/example_sensor_decorator.py
[2026-05-23T16:35:00.220+0000] {processor.py:914} INFO - Processing file /home/airflow/.local/lib/python3.12/site-packages/airflow/example_dags/example_sensor_decorator.py for tasks to queue
[2026-05-23T16:35:00.222+0000] {logging_mixin.py:190} INFO - [2026-05-23T16:35:00.222+0000] {dagbag.py:588} INFO - Filling up the DagBag from /home/airflow/.local/lib/python3.12/site-packages/airflow/example_dags/example_sensor_decorator.py
[2026-05-23T16:35:00.228+0000] {processor.py:925} INFO - DAG(s) 'example_sensor_decorator' retrieved from /home/airflow/.local/lib/python3.12/site-packages/airflow/example_dags/example_sensor_decorator.py
[2026-05-23T16:35:00.243+0000] {logging_mixin.py:190} INFO - [2026-05-23T16:35:00.243+0000] {dag.py:3239} INFO - Sync 1 DAGs
[2026-05-23T16:35:00.258+0000] {logging_mixin.py:190} INFO - [2026-05-23T16:35:00.258+0000] {dag.py:4180} INFO - Setting next_dagrun for example_sensor_decorator to None, run_after=None
[2026-05-23T16:35:00.272+0000] {processor.py:208} INFO - Processing /home/airflow/.local/lib/python3.12/site-packages/airflow/example_dags/example_sensor_decorator.py took 0.058 seconds
[2026-05-23T16:35:31.532+0000] {processor.py:186} INFO - Started process (PID=3303) to work on /home/airflow/.local/lib/python3.12/site-packages/airflow/example_dags/example_sensor_decorator.py
[2026-05-23T16:35:31.532+0000] {processor.py:914} INFO - Processing file /home/airflow/.local/lib/python3.12/site-packages/airflow/example_dags/example_sensor_decorator.py for tasks to queue
[2026-05-23T16:35:31.534+0000] {logging_mixin.py:190} INFO - [2026-05-23T16:35:31.533+0000] {dagbag.py:588} INFO - Filling up the DagBag from /home/airflow/.local/lib/python3.12/site-packages/airflow/example_dags/example_sensor_decorator.py
[2026-05-23T16:35:31.540+0000] {processor.py:925} INFO - DAG(s) 'example_sensor_decorator' retrieved from /home/airflow/.local/lib/python3.12/site-packages/airflow/example_dags/example_sensor_decorator.py
[2026-05-23T16:35:31.555+0000] {logging_mixin.py:190} INFO - [2026-05-23T16:35:31.555+0000] {dag.py:3239} INFO - Sync 1 DAGs
[2026-05-23T16:35:31.568+0000] {logging_mixin.py:190} INFO - [2026-05-23T16:35:31.568+0000] {dag.py:4180} INFO - Setting next_dagrun for example_sensor_decorator to None, run_after=None
[2026-05-23T16:35:31.582+0000] {processor.py:208} INFO - Processing /home/airflow/.local/lib/python3.12/site-packages/airflow/example_dags/example_sensor_decorator.py took 0.056 seconds
[2026-05-23T16:36:02.415+0000] {processor.py:186} INFO - Started process (PID=3368) to work on /home/airflow/.local/lib/python3.12/site-packages/airflow/example_dags/example_sensor_decorator.py
[2026-05-23T16:36:02.415+0000] {processor.py:914} INFO - Processing file /home/airflow/.local/lib/python3.12/site-packages/airflow/example_dags/example_sensor_decorator.py for tasks to queue
[2026-05-23T16:36:02.417+0000] {logging_mixin.py:190} INFO - [2026-05-23T16:36:02.417+0000] {dagbag.py:588} INFO - Filling up the DagBag from /home/airflow/.local/lib/python3.12/site-packages/airflow/example_dags/example_sensor_decorator.py
[2026-05-23T16:36:02.426+0000] {processor.py:925} INFO - DAG(s) 'example_sensor_decorator' retrieved from /home/airflow/.local/lib/python3.12/site-packages/airflow/example_dags/example_sensor_decorator.py
[2026-05-23T16:36:02.446+0000] {logging_mixin.py:190} INFO - [2026-05-23T16:36:02.445+0000] {dag.py:3239} INFO - Sync 1 DAGs
[2026-05-23T16:36:02.463+0000] {logging_mixin.py:190} INFO - [2026-05-23T16:36:02.463+0000] {dag.py:4180} INFO - Setting next_dagrun for example_sensor_decorator to None, run_after=None
[2026-05-23T16:36:02.483+0000] {processor.py:208} INFO - Processing /home/airflow/.local/lib/python3.12/site-packages/airflow/example_dags/example_sensor_decorator.py took 0.075 seconds
[2026-05-23T16:36:33.664+0000] {processor.py:186} INFO - Started process (PID=3433) to work on /home/airflow/.local/lib/python3.12/site-packages/airflow/example_dags/example_sensor_decorator.py
[2026-05-23T16:36:33.665+0000] {processor.py:914} INFO - Processing file /home/airflow/.local/lib/python3.12/site-packages/airflow/example_dags/example_sensor_decorator.py for tasks to queue
[2026-05-23T16:36:33.666+0000] {logging_mixin.py:190} INFO - [2026-05-23T16:36:33.666+0000] {dagbag.py:588} INFO - Filling up the DagBag from /home/airflow/.local/lib/python3.12/site-packages/airflow/example_dags/example_sensor_decorator.py
[2026-05-23T16:36:33.672+0000] {processor.py:925} INFO - DAG(s) 'example_sensor_decorator' retrieved from /home/airflow/.local/lib/python3.12/site-packages/airflow/example_dags/example_sensor_decorator.py
[2026-05-23T16:36:33.687+0000] {logging_mixin.py:190} INFO - [2026-05-23T16:36:33.687+0000] {dag.py:3239} INFO - Sync 1 DAGs
[2026-05-23T16:36:33.698+0000] {logging_mixin.py:190} INFO - [2026-05-23T16:36:33.697+0000] {dag.py:4180} INFO - Setting next_dagrun for example_sensor_decorator to None, run_after=None
[2026-05-23T16:36:33.711+0000] {processor.py:208} INFO - Processing /home/airflow/.local/lib/python3.12/site-packages/airflow/example_dags/example_sensor_decorator.py took 0.051 seconds
[2026-05-23T16:37:04.697+0000] {processor.py:186} INFO - Started process (PID=3498) to work on /home/airflow/.local/lib/python3.12/site-packages/airflow/example_dags/example_sensor_decorator.py
[2026-05-23T16:37:04.698+0000] {processor.py:914} INFO - Processing file /home/airflow/.local/lib/python3.12/site-packages/airflow/example_dags/example_sensor_decorator.py for tasks to queue
[2026-05-23T16:37:04.700+0000] {logging_mixin.py:190} INFO - [2026-05-23T16:37:04.699+0000] {dagbag.py:588} INFO - Filling up the DagBag from /home/airflow/.local/lib/python3.12/site-packages/airflow/example_dags/example_sensor_decorator.py
[2026-05-23T16:37:04.706+0000] {processor.py:925} INFO - DAG(s) 'example_sensor_decorator' retrieved from /home/airflow/.local/lib/python3.12/site-packages/airflow/example_dags/example_sensor_decorator.py
[2026-05-23T16:37:04.720+0000] {logging_mixin.py:190} INFO - [2026-05-23T16:37:04.719+0000] {dag.py:3239} INFO - Sync 1 DAGs
[2026-05-23T16:37:04.730+0000] {logging_mixin.py:190} INFO - [2026-05-23T16:37:04.730+0000] {dag.py:4180} INFO - Setting next_dagrun for example_sensor_decorator to None, run_after=None
[2026-05-23T16:37:04.743+0000] {processor.py:208} INFO - Processing /home/airflow/.local/lib/python3.12/site-packages/airflow/example_dags/example_sensor_decorator.py took 0.050 seconds
[2026-05-23T16:37:35.431+0000] {processor.py:186} INFO - Started process (PID=3563) to work on /home/airflow/.local/lib/python3.12/site-packages/airflow/example_dags/example_sensor_decorator.py
[2026-05-23T16:37:35.432+0000] {processor.py:914} INFO - Processing file /home/airflow/.local/lib/python3.12/site-packages/airflow/example_dags/example_sensor_decorator.py for tasks to queue
[2026-05-23T16:37:35.434+0000] {logging_mixin.py:190} INFO - [2026-05-23T16:37:35.433+0000] {dagbag.py:588} INFO - Filling up the DagBag from /home/airflow/.local/lib/python3.12/site-packages/airflow/example_dags/example_sensor_decorator.py
[2026-05-23T16:37:35.441+0000] {processor.py:925} INFO - DAG(s) 'example_sensor_decorator' retrieved from /home/airflow/.local/lib/python3.12/site-packages/airflow/example_dags/example_sensor_decorator.py
[2026-05-23T16:37:35.460+0000] {logging_mixin.py:190} INFO - [2026-05-23T16:37:35.460+0000] {dag.py:3239} INFO - Sync 1 DAGs
[2026-05-23T16:37:35.474+0000] {logging_mixin.py:190} INFO - [2026-05-23T16:37:35.474+0000] {dag.py:4180} INFO - Setting next_dagrun for example_sensor_decorator to None, run_after=None
[2026-05-23T16:37:35.488+0000] {processor.py:208} INFO - Processing /home/airflow/.local/lib/python3.12/site-packages/airflow/example_dags/example_sensor_decorator.py took 0.063 seconds
[2026-05-23T16:38:06.898+0000] {processor.py:186} INFO - Started process (PID=3628) to work on /home/airflow/.local/lib/python3.12/site-packages/airflow/example_dags/example_sensor_decorator.py
[2026-05-23T16:38:06.899+0000] {processor.py:914} INFO - Processing file /home/airflow/.local/lib/python3.12/site-packages/airflow/example_dags/example_sensor_decorator.py for tasks to queue
[2026-05-23T16:38:06.901+0000] {logging_mixin.py:190} INFO - [2026-05-23T16:38:06.901+0000] {dagbag.py:588} INFO - Filling up the DagBag from /home/airflow/.local/lib/python3.12/site-packages/airflow/example_dags/example_sensor_decorator.py
[2026-05-23T16:38:06.908+0000] {processor.py:925} INFO - DAG(s) 'example_sensor_decorator' retrieved from /home/airflow/.local/lib/python3.12/site-packages/airflow/example_dags/example_sensor_decorator.py
[2026-05-23T16:38:06.923+0000] {logging_mixin.py:190} INFO - [2026-05-23T16:38:06.923+0000] {dag.py:3239} INFO - Sync 1 DAGs
[2026-05-23T16:38:06.936+0000] {logging_mixin.py:190} INFO - [2026-05-23T16:38:06.936+0000] {dag.py:4180} INFO - Setting next_dagrun for example_sensor_decorator to None, run_after=None
[2026-05-23T16:38:06.951+0000] {processor.py:208} INFO - Processing /home/airflow/.local/lib/python3.12/site-packages/airflow/example_dags/example_sensor_decorator.py took 0.058 seconds
[2026-05-23T16:38:37.895+0000] {processor.py:186} INFO - Started process (PID=3693) to work on /home/airflow/.local/lib/python3.12/site-packages/airflow/example_dags/example_sensor_decorator.py
[2026-05-23T16:38:37.896+0000] {processor.py:914} INFO - Processing file /home/airflow/.local/lib/python3.12/site-packages/airflow/example_dags/example_sensor_decorator.py for tasks to queue
[2026-05-23T16:38:37.897+0000] {logging_mixin.py:190} INFO - [2026-05-23T16:38:37.897+0000] {dagbag.py:588} INFO - Filling up the DagBag from /home/airflow/.local/lib/python3.12/site-packages/airflow/example_dags/example_sensor_decorator.py
[2026-05-23T16:38:37.903+0000] {processor.py:925} INFO - DAG(s) 'example_sensor_decorator' retrieved from /home/airflow/.local/lib/python3.12/site-packages/airflow/example_dags/example_sensor_decorator.py
[2026-05-23T16:38:37.920+0000] {logging_mixin.py:190} INFO - [2026-05-23T16:38:37.920+0000] {dag.py:3239} INFO - Sync 1 DAGs
[2026-05-23T16:38:37.933+0000] {logging_mixin.py:190} INFO - [2026-05-23T16:38:37.933+0000] {dag.py:4180} INFO - Setting next_dagrun for example_sensor_decorator to None, run_after=None
[2026-05-23T16:38:37.946+0000] {processor.py:208} INFO - Processing /home/airflow/.local/lib/python3.12/site-packages/airflow/example_dags/example_sensor_decorator.py took 0.055 seconds
[2026-05-23T16:39:08.589+0000] {processor.py:186} INFO - Started process (PID=3758) to work on /home/airflow/.local/lib/python3.12/site-packages/airflow/example_dags/example_sensor_decorator.py
[2026-05-23T16:39:08.589+0000] {processor.py:914} INFO - Processing file /home/airflow/.local/lib/python3.12/site-packages/airflow/example_dags/example_sensor_decorator.py for tasks to queue
[2026-05-23T16:39:08.591+0000] {logging_mixin.py:190} INFO - [2026-05-23T16:39:08.591+0000] {dagbag.py:588} INFO - Filling up the DagBag from /home/airflow/.local/lib/python3.12/site-packages/airflow/example_dags/example_sensor_decorator.py
[2026-05-23T16:39:08.597+0000] {processor.py:925} INFO - DAG(s) 'example_sensor_decorator' retrieved from /home/airflow/.local/lib/python3.12/site-packages/airflow/example_dags/example_sensor_decorator.py
[2026-05-23T16:39:08.614+0000] {logging_mixin.py:190} INFO - [2026-05-23T16:39:08.614+0000] {dag.py:3239} INFO - Sync 1 DAGs
[2026-05-23T16:39:08.627+0000] {logging_mixin.py:190} INFO - [2026-05-23T16:39:08.626+0000] {dag.py:4180} INFO - Setting next_dagrun for example_sensor_decorator to None, run_after=None
[2026-05-23T16:39:08.640+0000] {processor.py:208} INFO - Processing /home/airflow/.local/lib/python3.12/site-packages/airflow/example_dags/example_sensor_decorator.py took 0.056 seconds
[2026-05-23T16:39:39.503+0000] {processor.py:186} INFO - Started process (PID=3823) to work on /home/airflow/.local/lib/python3.12/site-packages/airflow/example_dags/example_sensor_decorator.py
[2026-05-23T16:39:39.504+0000] {processor.py:914} INFO - Processing file /home/airflow/.local/lib/python3.12/site-packages/airflow/example_dags/example_sensor_decorator.py for tasks to queue
[2026-05-23T16:39:39.506+0000] {logging_mixin.py:190} INFO - [2026-05-23T16:39:39.506+0000] {dagbag.py:588} INFO - Filling up the DagBag from /home/airflow/.local/lib/python3.12/site-packages/airflow/example_dags/example_sensor_decorator.py
[2026-05-23T16:39:39.514+0000] {processor.py:925} INFO - DAG(s) 'example_sensor_decorator' retrieved from /home/airflow/.local/lib/python3.12/site-packages/airflow/example_dags/example_sensor_decorator.py
[2026-05-23T16:39:39.532+0000] {logging_mixin.py:190} INFO - [2026-05-23T16:39:39.531+0000] {dag.py:3239} INFO - Sync 1 DAGs
[2026-05-23T16:39:39.546+0000] {logging_mixin.py:190} INFO - [2026-05-23T16:39:39.546+0000] {dag.py:4180} INFO - Setting next_dagrun for example_sensor_decorator to None, run_after=None
[2026-05-23T16:39:39.563+0000] {processor.py:208} INFO - Processing /home/airflow/.local/lib/python3.12/site-packages/airflow/example_dags/example_sensor_decorator.py took 0.065 seconds
[2026-05-23T16:40:10.552+0000] {processor.py:186} INFO - Started process (PID=3888) to work on /home/airflow/.local/lib/python3.12/site-packages/airflow/example_dags/example_sensor_decorator.py
[2026-05-23T16:40:10.552+0000] {processor.py:914} INFO - Processing file /home/airflow/.local/lib/python3.12/site-packages/airflow/example_dags/example_sensor_decorator.py for tasks to queue
[2026-05-23T16:40:10.554+0000] {logging_mixin.py:190} INFO - [2026-05-23T16:40:10.553+0000] {dagbag.py:588} INFO - Filling up the DagBag from /home/airflow/.local/lib/python3.12/site-packages/airflow/example_dags/example_sensor_decorator.py
[2026-05-23T16:40:10.560+0000] {processor.py:925} INFO - DAG(s) 'example_sensor_decorator' retrieved from /home/airflow/.local/lib/python3.12/site-packages/airflow/example_dags/example_sensor_decorator.py
[2026-05-23T16:40:10.575+0000] {logging_mixin.py:190} INFO - [2026-05-23T16:40:10.574+0000] {dag.py:3239} INFO - Sync 1 DAGs
[2026-05-23T16:40:10.589+0000] {logging_mixin.py:190} INFO - [2026-05-23T16:40:10.589+0000] {dag.py:4180} INFO - Setting next_dagrun for example_sensor_decorator to None, run_after=None
[2026-05-23T16:40:10.602+0000] {processor.py:208} INFO - Processing /home/airflow/.local/lib/python3.12/site-packages/airflow/example_dags/example_sensor_decorator.py took 0.056 seconds
[2026-05-23T16:40:41.323+0000] {processor.py:186} INFO - Started process (PID=3953) to work on /home/airflow/.local/lib/python3.12/site-packages/airflow/example_dags/example_sensor_decorator.py
[2026-05-23T16:40:41.323+0000] {processor.py:914} INFO - Processing file /home/airflow/.local/lib/python3.12/site-packages/airflow/example_dags/example_sensor_decorator.py for tasks to queue
[2026-05-23T16:40:41.325+0000] {logging_mixin.py:190} INFO - [2026-05-23T16:40:41.325+0000] {dagbag.py:588} INFO - Filling up the DagBag from /home/airflow/.local/lib/python3.12/site-packages/airflow/example_dags/example_sensor_decorator.py
[2026-05-23T16:40:41.331+0000] {processor.py:925} INFO - DAG(s) 'example_sensor_decorator' retrieved from /home/airflow/.local/lib/python3.12/site-packages/airflow/example_dags/example_sensor_decorator.py
[2026-05-23T16:40:41.346+0000] {logging_mixin.py:190} INFO - [2026-05-23T16:40:41.346+0000] {dag.py:3239} INFO - Sync 1 DAGs
[2026-05-23T16:40:41.361+0000] {logging_mixin.py:190} INFO - [2026-05-23T16:40:41.361+0000] {dag.py:4180} INFO - Setting next_dagrun for example_sensor_decorator to None, run_after=None
[2026-05-23T16:40:41.376+0000] {processor.py:208} INFO - Processing /home/airflow/.local/lib/python3.12/site-packages/airflow/example_dags/example_sensor_decorator.py took 0.057 seconds
[2026-05-23T16:41:13.275+0000] {processor.py:186} INFO - Started process (PID=4018) to work on /home/airflow/.local/lib/python3.12/site-packages/airflow/example_dags/example_sensor_decorator.py
[2026-05-23T16:41:13.276+0000] {processor.py:914} INFO - Processing file /home/airflow/.local/lib/python3.12/site-packages/airflow/example_dags/example_sensor_decorator.py for tasks to queue
[2026-05-23T16:41:13.277+0000] {logging_mixin.py:190} INFO - [2026-05-23T16:41:13.277+0000] {dagbag.py:588} INFO - Filling up the DagBag from /home/airflow/.local/lib/python3.12/site-packages/airflow/example_dags/example_sensor_decorator.py
[2026-05-23T16:41:13.283+0000] {processor.py:925} INFO - DAG(s) 'example_sensor_decorator' retrieved from /home/airflow/.local/lib/python3.12/site-packages/airflow/example_dags/example_sensor_decorator.py
[2026-05-23T16:41:13.297+0000] {logging_mixin.py:190} INFO - [2026-05-23T16:41:13.297+0000] {dag.py:3239} INFO - Sync 1 DAGs
[2026-05-23T16:41:13.309+0000] {logging_mixin.py:190} INFO - [2026-05-23T16:41:13.309+0000] {dag.py:4180} INFO - Setting next_dagrun for example_sensor_decorator to None, run_after=None
[2026-05-23T16:41:13.322+0000] {processor.py:208} INFO - Processing /home/airflow/.local/lib/python3.12/site-packages/airflow/example_dags/example_sensor_decorator.py took 0.051 seconds
[2026-05-23T16:41:43.938+0000] {processor.py:186} INFO - Started process (PID=4083) to work on /home/airflow/.local/lib/python3.12/site-packages/airflow/example_dags/example_sensor_decorator.py
[2026-05-23T16:41:43.939+0000] {processor.py:914} INFO - Processing file /home/airflow/.local/lib/python3.12/site-packages/airflow/example_dags/example_sensor_decorator.py for tasks to queue
[2026-05-23T16:41:43.940+0000] {logging_mixin.py:190} INFO - [2026-05-23T16:41:43.940+0000] {dagbag.py:588} INFO - Filling up the DagBag from /home/airflow/.local/lib/python3.12/site-packages/airflow/example_dags/example_sensor_decorator.py
[2026-05-23T16:41:43.947+0000] {processor.py:925} INFO - DAG(s) 'example_sensor_decorator' retrieved from /home/airflow/.local/lib/python3.12/site-packages/airflow/example_dags/example_sensor_decorator.py
[2026-05-23T16:41:43.964+0000] {logging_mixin.py:190} INFO - [2026-05-23T16:41:43.964+0000] {dag.py:3239} INFO - Sync 1 DAGs
[2026-05-23T16:41:43.980+0000] {logging_mixin.py:190} INFO - [2026-05-23T16:41:43.980+0000] {dag.py:4180} INFO - Setting next_dagrun for example_sensor_decorator to None, run_after=None
[2026-05-23T16:41:43.995+0000] {processor.py:208} INFO - Processing /home/airflow/.local/lib/python3.12/site-packages/airflow/example_dags/example_sensor_decorator.py took 0.062 seconds
[2026-05-23T16:42:14.500+0000] {processor.py:186} INFO - Started process (PID=4148) to work on /home/airflow/.local/lib/python3.12/site-packages/airflow/example_dags/example_sensor_decorator.py
[2026-05-23T16:42:14.500+0000] {processor.py:914} INFO - Processing file /home/airflow/.local/lib/python3.12/site-packages/airflow/example_dags/example_sensor_decorator.py for tasks to queue
[2026-05-23T16:42:14.502+0000] {logging_mixin.py:190} INFO - [2026-05-23T16:42:14.502+0000] {dagbag.py:588} INFO - Filling up the DagBag from /home/airflow/.local/lib/python3.12/site-packages/airflow/example_dags/example_sensor_decorator.py
[2026-05-23T16:42:14.508+0000] {processor.py:925} INFO - DAG(s) 'example_sensor_decorator' retrieved from /home/airflow/.local/lib/python3.12/site-packages/airflow/example_dags/example_sensor_decorator.py
[2026-05-23T16:42:14.522+0000] {logging_mixin.py:190} INFO - [2026-05-23T16:42:14.522+0000] {dag.py:3239} INFO - Sync 1 DAGs
[2026-05-23T16:42:14.534+0000] {logging_mixin.py:190} INFO - [2026-05-23T16:42:14.534+0000] {dag.py:4180} INFO - Setting next_dagrun for example_sensor_decorator to None, run_after=None
[2026-05-23T16:42:14.550+0000] {processor.py:208} INFO - Processing /home/airflow/.local/lib/python3.12/site-packages/airflow/example_dags/example_sensor_decorator.py took 0.054 seconds
[2026-05-23T16:42:45.078+0000] {processor.py:186} INFO - Started process (PID=4213) to work on /home/airflow/.local/lib/python3.12/site-packages/airflow/example_dags/example_sensor_decorator.py
[2026-05-23T16:42:45.079+0000] {processor.py:914} INFO - Processing file /home/airflow/.local/lib/python3.12/site-packages/airflow/example_dags/example_sensor_decorator.py for tasks to queue
[2026-05-23T16:42:45.080+0000] {logging_mixin.py:190} INFO - [2026-05-23T16:42:45.080+0000] {dagbag.py:588} INFO - Filling up the DagBag from /home/airflow/.local/lib/python3.12/site-packages/airflow/example_dags/example_sensor_decorator.py
[2026-05-23T16:42:45.087+0000] {processor.py:925} INFO - DAG(s) 'example_sensor_decorator' retrieved from /home/airflow/.local/lib/python3.12/site-packages/airflow/example_dags/example_sensor_decorator.py
[2026-05-23T16:42:45.103+0000] {logging_mixin.py:190} INFO - [2026-05-23T16:42:45.103+0000] {dag.py:3239} INFO - Sync 1 DAGs
[2026-05-23T16:42:45.116+0000] {logging_mixin.py:190} INFO - [2026-05-23T16:42:45.116+0000] {dag.py:4180} INFO - Setting next_dagrun for example_sensor_decorator to None, run_after=None
[2026-05-23T16:42:45.133+0000] {processor.py:208} INFO - Processing /home/airflow/.local/lib/python3.12/site-packages/airflow/example_dags/example_sensor_decorator.py took 0.060 seconds
[2026-05-23T16:43:16.621+0000] {processor.py:186} INFO - Started process (PID=4279) to work on /home/airflow/.local/lib/python3.12/site-packages/airflow/example_dags/example_sensor_decorator.py
[2026-05-23T16:43:16.622+0000] {processor.py:914} INFO - Processing file /home/airflow/.local/lib/python3.12/site-packages/airflow/example_dags/example_sensor_decorator.py for tasks to queue
[2026-05-23T16:43:16.624+0000] {logging_mixin.py:190} INFO - [2026-05-23T16:43:16.624+0000] {dagbag.py:588} INFO - Filling up the DagBag from /home/airflow/.local/lib/python3.12/site-packages/airflow/example_dags/example_sensor_decorator.py
[2026-05-23T16:43:16.630+0000] {processor.py:925} INFO - DAG(s) 'example_sensor_decorator' retrieved from /home/airflow/.local/lib/python3.12/site-packages/airflow/example_dags/example_sensor_decorator.py
[2026-05-23T16:43:16.644+0000] {logging_mixin.py:190} INFO - [2026-05-23T16:43:16.644+0000] {dag.py:3239} INFO - Sync 1 DAGs
[2026-05-23T16:43:16.658+0000] {logging_mixin.py:190} INFO - [2026-05-23T16:43:16.657+0000] {dag.py:4180} INFO - Setting next_dagrun for example_sensor_decorator to None, run_after=None
[2026-05-23T16:43:16.672+0000] {processor.py:208} INFO - Processing /home/airflow/.local/lib/python3.12/site-packages/airflow/example_dags/example_sensor_decorator.py took 0.057 seconds
[2026-05-23T16:43:49.416+0000] {processor.py:186} INFO - Started process (PID=4344) to work on /home/airflow/.local/lib/python3.12/site-packages/airflow/example_dags/example_sensor_decorator.py
[2026-05-23T16:43:49.416+0000] {processor.py:914} INFO - Processing file /home/airflow/.local/lib/python3.12/site-packages/airflow/example_dags/example_sensor_decorator.py for tasks to queue
[2026-05-23T16:43:49.418+0000] {logging_mixin.py:190} INFO - [2026-05-23T16:43:49.418+0000] {dagbag.py:588} INFO - Filling up the DagBag from /home/airflow/.local/lib/python3.12/site-packages/airflow/example_dags/example_sensor_decorator.py
[2026-05-23T16:43:49.424+0000] {processor.py:925} INFO - DAG(s) 'example_sensor_decorator' retrieved from /home/airflow/.local/lib/python3.12/site-packages/airflow/example_dags/example_sensor_decorator.py
[2026-05-23T16:43:49.440+0000] {logging_mixin.py:190} INFO - [2026-05-23T16:43:49.439+0000] {dag.py:3239} INFO - Sync 1 DAGs
[2026-05-23T16:43:49.454+0000] {logging_mixin.py:190} INFO - [2026-05-23T16:43:49.454+0000] {dag.py:4180} INFO - Setting next_dagrun for example_sensor_decorator to None, run_after=None
[2026-05-23T16:43:49.475+0000] {processor.py:208} INFO - Processing /home/airflow/.local/lib/python3.12/site-packages/airflow/example_dags/example_sensor_decorator.py took 0.064 seconds
[2026-05-23T16:44:19.577+0000] {processor.py:186} INFO - Started process (PID=4409) to work on /home/airflow/.local/lib/python3.12/site-packages/airflow/example_dags/example_sensor_decorator.py
[2026-05-23T16:44:19.577+0000] {processor.py:914} INFO - Processing file /home/airflow/.local/lib/python3.12/site-packages/airflow/example_dags/example_sensor_decorator.py for tasks to queue
[2026-05-23T16:44:19.579+0000] {logging_mixin.py:190} INFO - [2026-05-23T16:44:19.579+0000] {dagbag.py:588} INFO - Filling up the DagBag from /home/airflow/.local/lib/python3.12/site-packages/airflow/example_dags/example_sensor_decorator.py
[2026-05-23T16:44:19.585+0000] {processor.py:925} INFO - DAG(s) 'example_sensor_decorator' retrieved from /home/airflow/.local/lib/python3.12/site-packages/airflow/example_dags/example_sensor_decorator.py
[2026-05-23T16:44:19.599+0000] {logging_mixin.py:190} INFO - [2026-05-23T16:44:19.599+0000] {dag.py:3239} INFO - Sync 1 DAGs
[2026-05-23T16:44:19.609+0000] {logging_mixin.py:190} INFO - [2026-05-23T16:44:19.609+0000] {dag.py:4180} INFO - Setting next_dagrun for example_sensor_decorator to None, run_after=None
[2026-05-23T16:44:19.622+0000] {processor.py:208} INFO - Processing /home/airflow/.local/lib/python3.12/site-packages/airflow/example_dags/example_sensor_decorator.py took 0.050 seconds
[2026-05-23T16:49:32.062+0000] {processor.py:186} INFO - Started process (PID=113) to work on /home/airflow/.local/lib/python3.12/site-packages/airflow/example_dags/example_sensor_decorator.py
[2026-05-23T16:49:32.066+0000] {processor.py:914} INFO - Processing file /home/airflow/.local/lib/python3.12/site-packages/airflow/example_dags/example_sensor_decorator.py for tasks to queue
[2026-05-23T16:49:32.068+0000] {logging_mixin.py:190} INFO - [2026-05-23T16:49:32.067+0000] {dagbag.py:588} INFO - Filling up the DagBag from /home/airflow/.local/lib/python3.12/site-packages/airflow/example_dags/example_sensor_decorator.py
[2026-05-23T16:49:32.077+0000] {processor.py:925} INFO - DAG(s) 'example_sensor_decorator' retrieved from /home/airflow/.local/lib/python3.12/site-packages/airflow/example_dags/example_sensor_decorator.py
[2026-05-23T16:49:32.102+0000] {logging_mixin.py:190} INFO - [2026-05-23T16:49:32.102+0000] {dag.py:3239} INFO - Sync 1 DAGs
[2026-05-23T16:49:32.123+0000] {logging_mixin.py:190} INFO - [2026-05-23T16:49:32.122+0000] {dag.py:4180} INFO - Setting next_dagrun for example_sensor_decorator to None, run_after=None
[2026-05-23T16:49:32.143+0000] {processor.py:208} INFO - Processing /home/airflow/.local/lib/python3.12/site-packages/airflow/example_dags/example_sensor_decorator.py took 0.088 seconds
[2026-05-23T16:50:02.682+0000] {processor.py:186} INFO - Started process (PID=178) to work on /home/airflow/.local/lib/python3.12/site-packages/airflow/example_dags/example_sensor_decorator.py
[2026-05-23T16:50:02.683+0000] {processor.py:914} INFO - Processing file /home/airflow/.local/lib/python3.12/site-packages/airflow/example_dags/example_sensor_decorator.py for tasks to queue
[2026-05-23T16:50:02.685+0000] {logging_mixin.py:190} INFO - [2026-05-23T16:50:02.684+0000] {dagbag.py:588} INFO - Filling up the DagBag from /home/airflow/.local/lib/python3.12/site-packages/airflow/example_dags/example_sensor_decorator.py
[2026-05-23T16:50:02.691+0000] {processor.py:925} INFO - DAG(s) 'example_sensor_decorator' retrieved from /home/airflow/.local/lib/python3.12/site-packages/airflow/example_dags/example_sensor_decorator.py
[2026-05-23T16:50:02.707+0000] {logging_mixin.py:190} INFO - [2026-05-23T16:50:02.707+0000] {dag.py:3239} INFO - Sync 1 DAGs
[2026-05-23T16:50:02.719+0000] {logging_mixin.py:190} INFO - [2026-05-23T16:50:02.719+0000] {dag.py:4180} INFO - Setting next_dagrun for example_sensor_decorator to None, run_after=None
[2026-05-23T16:50:02.734+0000] {processor.py:208} INFO - Processing /home/airflow/.local/lib/python3.12/site-packages/airflow/example_dags/example_sensor_decorator.py took 0.056 seconds
[2026-05-23T16:50:33.557+0000] {processor.py:186} INFO - Started process (PID=251) to work on /home/airflow/.local/lib/python3.12/site-packages/airflow/example_dags/example_sensor_decorator.py
[2026-05-23T16:50:33.558+0000] {processor.py:914} INFO - Processing file /home/airflow/.local/lib/python3.12/site-packages/airflow/example_dags/example_sensor_decorator.py for tasks to queue
[2026-05-23T16:50:33.559+0000] {logging_mixin.py:190} INFO - [2026-05-23T16:50:33.559+0000] {dagbag.py:588} INFO - Filling up the DagBag from /home/airflow/.local/lib/python3.12/site-packages/airflow/example_dags/example_sensor_decorator.py
[2026-05-23T16:50:33.566+0000] {processor.py:925} INFO - DAG(s) 'example_sensor_decorator' retrieved from /home/airflow/.local/lib/python3.12/site-packages/airflow/example_dags/example_sensor_decorator.py
[2026-05-23T16:50:33.582+0000] {logging_mixin.py:190} INFO - [2026-05-23T16:50:33.582+0000] {dag.py:3239} INFO - Sync 1 DAGs
[2026-05-23T16:50:33.598+0000] {logging_mixin.py:190} INFO - [2026-05-23T16:50:33.598+0000] {dag.py:4180} INFO - Setting next_dagrun for example_sensor_decorator to None, run_after=None
[2026-05-23T16:50:33.616+0000] {processor.py:208} INFO - Processing /home/airflow/.local/lib/python3.12/site-packages/airflow/example_dags/example_sensor_decorator.py took 0.063 seconds
[2026-05-23T16:51:03.827+0000] {processor.py:186} INFO - Started process (PID=319) to work on /home/airflow/.local/lib/python3.12/site-packages/airflow/example_dags/example_sensor_decorator.py
[2026-05-23T16:51:03.828+0000] {processor.py:914} INFO - Processing file /home/airflow/.local/lib/python3.12/site-packages/airflow/example_dags/example_sensor_decorator.py for tasks to queue
[2026-05-23T16:51:03.829+0000] {logging_mixin.py:190} INFO - [2026-05-23T16:51:03.829+0000] {dagbag.py:588} INFO - Filling up the DagBag from /home/airflow/.local/lib/python3.12/site-packages/airflow/example_dags/example_sensor_decorator.py
[2026-05-23T16:51:03.836+0000] {processor.py:925} INFO - DAG(s) 'example_sensor_decorator' retrieved from /home/airflow/.local/lib/python3.12/site-packages/airflow/example_dags/example_sensor_decorator.py
[2026-05-23T16:51:03.853+0000] {logging_mixin.py:190} INFO - [2026-05-23T16:51:03.853+0000] {dag.py:3239} INFO - Sync 1 DAGs
[2026-05-23T16:51:03.867+0000] {logging_mixin.py:190} INFO - [2026-05-23T16:51:03.867+0000] {dag.py:4180} INFO - Setting next_dagrun for example_sensor_decorator to None, run_after=None
[2026-05-23T16:51:03.881+0000] {processor.py:208} INFO - Processing /home/airflow/.local/lib/python3.12/site-packages/airflow/example_dags/example_sensor_decorator.py took 0.059 seconds
[2026-05-23T16:51:35.038+0000] {processor.py:186} INFO - Started process (PID=384) to work on /home/airflow/.local/lib/python3.12/site-packages/airflow/example_dags/example_sensor_decorator.py
[2026-05-23T16:51:35.039+0000] {processor.py:914} INFO - Processing file /home/airflow/.local/lib/python3.12/site-packages/airflow/example_dags/example_sensor_decorator.py for tasks to queue
[2026-05-23T16:51:35.040+0000] {logging_mixin.py:190} INFO - [2026-05-23T16:51:35.040+0000] {dagbag.py:588} INFO - Filling up the DagBag from /home/airflow/.local/lib/python3.12/site-packages/airflow/example_dags/example_sensor_decorator.py
[2026-05-23T16:51:35.046+0000] {processor.py:925} INFO - DAG(s) 'example_sensor_decorator' retrieved from /home/airflow/.local/lib/python3.12/site-packages/airflow/example_dags/example_sensor_decorator.py
[2026-05-23T16:51:35.063+0000] {logging_mixin.py:190} INFO - [2026-05-23T16:51:35.063+0000] {dag.py:3239} INFO - Sync 1 DAGs
[2026-05-23T16:51:35.076+0000] {logging_mixin.py:190} INFO - [2026-05-23T16:51:35.076+0000] {dag.py:4180} INFO - Setting next_dagrun for example_sensor_decorator to None, run_after=None
[2026-05-23T16:51:35.092+0000] {processor.py:208} INFO - Processing /home/airflow/.local/lib/python3.12/site-packages/airflow/example_dags/example_sensor_decorator.py took 0.059 seconds
[2026-05-23T16:52:06.041+0000] {processor.py:186} INFO - Started process (PID=449) to work on /home/airflow/.local/lib/python3.12/site-packages/airflow/example_dags/example_sensor_decorator.py
[2026-05-23T16:52:06.042+0000] {processor.py:914} INFO - Processing file /home/airflow/.local/lib/python3.12/site-packages/airflow/example_dags/example_sensor_decorator.py for tasks to queue
[2026-05-23T16:52:06.045+0000] {logging_mixin.py:190} INFO - [2026-05-23T16:52:06.044+0000] {dagbag.py:588} INFO - Filling up the DagBag from /home/airflow/.local/lib/python3.12/site-packages/airflow/example_dags/example_sensor_decorator.py
[2026-05-23T16:52:06.054+0000] {processor.py:925} INFO - DAG(s) 'example_sensor_decorator' retrieved from /home/airflow/.local/lib/python3.12/site-packages/airflow/example_dags/example_sensor_decorator.py
[2026-05-23T16:52:06.075+0000] {logging_mixin.py:190} INFO - [2026-05-23T16:52:06.075+0000] {dag.py:3239} INFO - Sync 1 DAGs
[2026-05-23T16:52:06.091+0000] {logging_mixin.py:190} INFO - [2026-05-23T16:52:06.090+0000] {dag.py:4180} INFO - Setting next_dagrun for example_sensor_decorator to None, run_after=None
[2026-05-23T16:52:06.109+0000] {processor.py:208} INFO - Processing /home/airflow/.local/lib/python3.12/site-packages/airflow/example_dags/example_sensor_decorator.py took 0.074 seconds
[2026-05-23T16:52:37.257+0000] {processor.py:186} INFO - Started process (PID=514) to work on /home/airflow/.local/lib/python3.12/site-packages/airflow/example_dags/example_sensor_decorator.py
[2026-05-23T16:52:37.258+0000] {processor.py:914} INFO - Processing file /home/airflow/.local/lib/python3.12/site-packages/airflow/example_dags/example_sensor_decorator.py for tasks to queue
[2026-05-23T16:52:37.260+0000] {logging_mixin.py:190} INFO - [2026-05-23T16:52:37.259+0000] {dagbag.py:588} INFO - Filling up the DagBag from /home/airflow/.local/lib/python3.12/site-packages/airflow/example_dags/example_sensor_decorator.py
[2026-05-23T16:52:37.266+0000] {processor.py:925} INFO - DAG(s) 'example_sensor_decorator' retrieved from /home/airflow/.local/lib/python3.12/site-packages/airflow/example_dags/example_sensor_decorator.py
[2026-05-23T16:52:37.285+0000] {logging_mixin.py:190} INFO - [2026-05-23T16:52:37.285+0000] {dag.py:3239} INFO - Sync 1 DAGs
[2026-05-23T16:52:37.302+0000] {logging_mixin.py:190} INFO - [2026-05-23T16:52:37.301+0000] {dag.py:4180} INFO - Setting next_dagrun for example_sensor_decorator to None, run_after=None
[2026-05-23T16:52:37.316+0000] {processor.py:208} INFO - Processing /home/airflow/.local/lib/python3.12/site-packages/airflow/example_dags/example_sensor_decorator.py took 0.063 seconds
[2026-05-23T16:53:08.544+0000] {processor.py:186} INFO - Started process (PID=579) to work on /home/airflow/.local/lib/python3.12/site-packages/airflow/example_dags/example_sensor_decorator.py
[2026-05-23T16:53:08.544+0000] {processor.py:914} INFO - Processing file /home/airflow/.local/lib/python3.12/site-packages/airflow/example_dags/example_sensor_decorator.py for tasks to queue
[2026-05-23T16:53:08.546+0000] {logging_mixin.py:190} INFO - [2026-05-23T16:53:08.546+0000] {dagbag.py:588} INFO - Filling up the DagBag from /home/airflow/.local/lib/python3.12/site-packages/airflow/example_dags/example_sensor_decorator.py
[2026-05-23T16:53:08.553+0000] {processor.py:925} INFO - DAG(s) 'example_sensor_decorator' retrieved from /home/airflow/.local/lib/python3.12/site-packages/airflow/example_dags/example_sensor_decorator.py
[2026-05-23T16:53:08.567+0000] {logging_mixin.py:190} INFO - [2026-05-23T16:53:08.567+0000] {dag.py:3239} INFO - Sync 1 DAGs
[2026-05-23T16:53:08.580+0000] {logging_mixin.py:190} INFO - [2026-05-23T16:53:08.580+0000] {dag.py:4180} INFO - Setting next_dagrun for example_sensor_decorator to None, run_after=None
[2026-05-23T16:53:08.593+0000] {processor.py:208} INFO - Processing /home/airflow/.local/lib/python3.12/site-packages/airflow/example_dags/example_sensor_decorator.py took 0.054 seconds
[2026-05-23T16:53:39.606+0000] {processor.py:186} INFO - Started process (PID=644) to work on /home/airflow/.local/lib/python3.12/site-packages/airflow/example_dags/example_sensor_decorator.py
[2026-05-23T16:53:39.607+0000] {processor.py:914} INFO - Processing file /home/airflow/.local/lib/python3.12/site-packages/airflow/example_dags/example_sensor_decorator.py for tasks to queue
[2026-05-23T16:53:39.608+0000] {logging_mixin.py:190} INFO - [2026-05-23T16:53:39.608+0000] {dagbag.py:588} INFO - Filling up the DagBag from /home/airflow/.local/lib/python3.12/site-packages/airflow/example_dags/example_sensor_decorator.py
[2026-05-23T16:53:39.614+0000] {processor.py:925} INFO - DAG(s) 'example_sensor_decorator' retrieved from /home/airflow/.local/lib/python3.12/site-packages/airflow/example_dags/example_sensor_decorator.py
[2026-05-23T16:53:39.628+0000] {logging_mixin.py:190} INFO - [2026-05-23T16:53:39.628+0000] {dag.py:3239} INFO - Sync 1 DAGs
[2026-05-23T16:53:39.639+0000] {logging_mixin.py:190} INFO - [2026-05-23T16:53:39.639+0000] {dag.py:4180} INFO - Setting next_dagrun for example_sensor_decorator to None, run_after=None
[2026-05-23T16:53:39.652+0000] {processor.py:208} INFO - Processing /home/airflow/.local/lib/python3.12/site-packages/airflow/example_dags/example_sensor_decorator.py took 0.051 seconds
[2026-05-23T16:54:10.729+0000] {processor.py:186} INFO - Started process (PID=709) to work on /home/airflow/.local/lib/python3.12/site-packages/airflow/example_dags/example_sensor_decorator.py
[2026-05-23T16:54:10.729+0000] {processor.py:914} INFO - Processing file /home/airflow/.local/lib/python3.12/site-packages/airflow/example_dags/example_sensor_decorator.py for tasks to queue
[2026-05-23T16:54:10.731+0000] {logging_mixin.py:190} INFO - [2026-05-23T16:54:10.731+0000] {dagbag.py:588} INFO - Filling up the DagBag from /home/airflow/.local/lib/python3.12/site-packages/airflow/example_dags/example_sensor_decorator.py
[2026-05-23T16:54:10.737+0000] {processor.py:925} INFO - DAG(s) 'example_sensor_decorator' retrieved from /home/airflow/.local/lib/python3.12/site-packages/airflow/example_dags/example_sensor_decorator.py
[2026-05-23T16:54:10.751+0000] {logging_mixin.py:190} INFO - [2026-05-23T16:54:10.751+0000] {dag.py:3239} INFO - Sync 1 DAGs
[2026-05-23T16:54:10.762+0000] {logging_mixin.py:190} INFO - [2026-05-23T16:54:10.762+0000] {dag.py:4180} INFO - Setting next_dagrun for example_sensor_decorator to None, run_after=None
[2026-05-23T16:54:10.776+0000] {processor.py:208} INFO - Processing /home/airflow/.local/lib/python3.12/site-packages/airflow/example_dags/example_sensor_decorator.py took 0.051 seconds
[2026-05-23T16:54:41.831+0000] {processor.py:186} INFO - Started process (PID=774) to work on /home/airflow/.local/lib/python3.12/site-packages/airflow/example_dags/example_sensor_decorator.py
[2026-05-23T16:54:41.832+0000] {processor.py:914} INFO - Processing file /home/airflow/.local/lib/python3.12/site-packages/airflow/example_dags/example_sensor_decorator.py for tasks to queue
[2026-05-23T16:54:41.834+0000] {logging_mixin.py:190} INFO - [2026-05-23T16:54:41.834+0000] {dagbag.py:588} INFO - Filling up the DagBag from /home/airflow/.local/lib/python3.12/site-packages/airflow/example_dags/example_sensor_decorator.py
[2026-05-23T16:54:41.842+0000] {processor.py:925} INFO - DAG(s) 'example_sensor_decorator' retrieved from /home/airflow/.local/lib/python3.12/site-packages/airflow/example_dags/example_sensor_decorator.py
[2026-05-23T16:54:41.857+0000] {logging_mixin.py:190} INFO - [2026-05-23T16:54:41.857+0000] {dag.py:3239} INFO - Sync 1 DAGs
[2026-05-23T16:54:41.868+0000] {logging_mixin.py:190} INFO - [2026-05-23T16:54:41.868+0000] {dag.py:4180} INFO - Setting next_dagrun for example_sensor_decorator to None, run_after=None
[2026-05-23T16:54:41.881+0000] {processor.py:208} INFO - Processing /home/airflow/.local/lib/python3.12/site-packages/airflow/example_dags/example_sensor_decorator.py took 0.056 seconds
[2026-05-23T16:55:13.120+0000] {processor.py:186} INFO - Started process (PID=839) to work on /home/airflow/.local/lib/python3.12/site-packages/airflow/example_dags/example_sensor_decorator.py
[2026-05-23T16:55:13.121+0000] {processor.py:914} INFO - Processing file /home/airflow/.local/lib/python3.12/site-packages/airflow/example_dags/example_sensor_decorator.py for tasks to queue
[2026-05-23T16:55:13.122+0000] {logging_mixin.py:190} INFO - [2026-05-23T16:55:13.122+0000] {dagbag.py:588} INFO - Filling up the DagBag from /home/airflow/.local/lib/python3.12/site-packages/airflow/example_dags/example_sensor_decorator.py
[2026-05-23T16:55:13.129+0000] {processor.py:925} INFO - DAG(s) 'example_sensor_decorator' retrieved from /home/airflow/.local/lib/python3.12/site-packages/airflow/example_dags/example_sensor_decorator.py
[2026-05-23T16:55:13.144+0000] {logging_mixin.py:190} INFO - [2026-05-23T16:55:13.144+0000] {dag.py:3239} INFO - Sync 1 DAGs
[2026-05-23T16:55:13.155+0000] {logging_mixin.py:190} INFO - [2026-05-23T16:55:13.155+0000] {dag.py:4180} INFO - Setting next_dagrun for example_sensor_decorator to None, run_after=None
[2026-05-23T16:55:13.169+0000] {processor.py:208} INFO - Processing /home/airflow/.local/lib/python3.12/site-packages/airflow/example_dags/example_sensor_decorator.py took 0.053 seconds
[2026-05-23T16:55:44.340+0000] {processor.py:186} INFO - Started process (PID=904) to work on /home/airflow/.local/lib/python3.12/site-packages/airflow/example_dags/example_sensor_decorator.py
[2026-05-23T16:55:44.341+0000] {processor.py:914} INFO - Processing file /home/airflow/.local/lib/python3.12/site-packages/airflow/example_dags/example_sensor_decorator.py for tasks to queue
[2026-05-23T16:55:44.342+0000] {logging_mixin.py:190} INFO - [2026-05-23T16:55:44.342+0000] {dagbag.py:588} INFO - Filling up the DagBag from /home/airflow/.local/lib/python3.12/site-packages/airflow/example_dags/example_sensor_decorator.py
[2026-05-23T16:55:44.348+0000] {processor.py:925} INFO - DAG(s) 'example_sensor_decorator' retrieved from /home/airflow/.local/lib/python3.12/site-packages/airflow/example_dags/example_sensor_decorator.py
[2026-05-23T16:55:44.363+0000] {logging_mixin.py:190} INFO - [2026-05-23T16:55:44.363+0000] {dag.py:3239} INFO - Sync 1 DAGs
[2026-05-23T16:55:44.377+0000] {logging_mixin.py:190} INFO - [2026-05-23T16:55:44.377+0000] {dag.py:4180} INFO - Setting next_dagrun for example_sensor_decorator to None, run_after=None
[2026-05-23T16:55:44.390+0000] {processor.py:208} INFO - Processing /home/airflow/.local/lib/python3.12/site-packages/airflow/example_dags/example_sensor_decorator.py took 0.054 seconds
[2026-05-23T16:56:15.510+0000] {processor.py:186} INFO - Started process (PID=969) to work on /home/airflow/.local/lib/python3.12/site-packages/airflow/example_dags/example_sensor_decorator.py
[2026-05-23T16:56:15.510+0000] {processor.py:914} INFO - Processing file /home/airflow/.local/lib/python3.12/site-packages/airflow/example_dags/example_sensor_decorator.py for tasks to queue
[2026-05-23T16:56:15.512+0000] {logging_mixin.py:190} INFO - [2026-05-23T16:56:15.512+0000] {dagbag.py:588} INFO - Filling up the DagBag from /home/airflow/.local/lib/python3.12/site-packages/airflow/example_dags/example_sensor_decorator.py
[2026-05-23T16:56:15.519+0000] {processor.py:925} INFO - DAG(s) 'example_sensor_decorator' retrieved from /home/airflow/.local/lib/python3.12/site-packages/airflow/example_dags/example_sensor_decorator.py
[2026-05-23T16:56:15.536+0000] {logging_mixin.py:190} INFO - [2026-05-23T16:56:15.536+0000] {dag.py:3239} INFO - Sync 1 DAGs
[2026-05-23T16:56:15.550+0000] {logging_mixin.py:190} INFO - [2026-05-23T16:56:15.550+0000] {dag.py:4180} INFO - Setting next_dagrun for example_sensor_decorator to None, run_after=None
[2026-05-23T16:56:15.564+0000] {processor.py:208} INFO - Processing /home/airflow/.local/lib/python3.12/site-packages/airflow/example_dags/example_sensor_decorator.py took 0.058 seconds
[2026-05-23T16:56:46.772+0000] {processor.py:186} INFO - Started process (PID=1034) to work on /home/airflow/.local/lib/python3.12/site-packages/airflow/example_dags/example_sensor_decorator.py
[2026-05-23T16:56:46.773+0000] {processor.py:914} INFO - Processing file /home/airflow/.local/lib/python3.12/site-packages/airflow/example_dags/example_sensor_decorator.py for tasks to queue
[2026-05-23T16:56:46.775+0000] {logging_mixin.py:190} INFO - [2026-05-23T16:56:46.774+0000] {dagbag.py:588} INFO - Filling up the DagBag from /home/airflow/.local/lib/python3.12/site-packages/airflow/example_dags/example_sensor_decorator.py
[2026-05-23T16:56:46.781+0000] {processor.py:925} INFO - DAG(s) 'example_sensor_decorator' retrieved from /home/airflow/.local/lib/python3.12/site-packages/airflow/example_dags/example_sensor_decorator.py
[2026-05-23T16:56:46.797+0000] {logging_mixin.py:190} INFO - [2026-05-23T16:56:46.797+0000] {dag.py:3239} INFO - Sync 1 DAGs
[2026-05-23T16:56:46.808+0000] {logging_mixin.py:190} INFO - [2026-05-23T16:56:46.808+0000] {dag.py:4180} INFO - Setting next_dagrun for example_sensor_decorator to None, run_after=None
[2026-05-23T16:56:46.821+0000] {processor.py:208} INFO - Processing /home/airflow/.local/lib/python3.12/site-packages/airflow/example_dags/example_sensor_decorator.py took 0.053 seconds
[2026-05-23T16:57:17.851+0000] {processor.py:186} INFO - Started process (PID=1099) to work on /home/airflow/.local/lib/python3.12/site-packages/airflow/example_dags/example_sensor_decorator.py
[2026-05-23T16:57:17.852+0000] {processor.py:914} INFO - Processing file /home/airflow/.local/lib/python3.12/site-packages/airflow/example_dags/example_sensor_decorator.py for tasks to queue
[2026-05-23T16:57:17.853+0000] {logging_mixin.py:190} INFO - [2026-05-23T16:57:17.853+0000] {dagbag.py:588} INFO - Filling up the DagBag from /home/airflow/.local/lib/python3.12/site-packages/airflow/example_dags/example_sensor_decorator.py
[2026-05-23T16:57:17.859+0000] {processor.py:925} INFO - DAG(s) 'example_sensor_decorator' retrieved from /home/airflow/.local/lib/python3.12/site-packages/airflow/example_dags/example_sensor_decorator.py
[2026-05-23T16:57:17.873+0000] {logging_mixin.py:190} INFO - [2026-05-23T16:57:17.873+0000] {dag.py:3239} INFO - Sync 1 DAGs
[2026-05-23T16:57:17.884+0000] {logging_mixin.py:190} INFO - [2026-05-23T16:57:17.883+0000] {dag.py:4180} INFO - Setting next_dagrun for example_sensor_decorator to None, run_after=None
[2026-05-23T16:57:17.897+0000] {processor.py:208} INFO - Processing /home/airflow/.local/lib/python3.12/site-packages/airflow/example_dags/example_sensor_decorator.py took 0.050 seconds
[2026-05-23T16:57:49.260+0000] {processor.py:186} INFO - Started process (PID=1164) to work on /home/airflow/.local/lib/python3.12/site-packages/airflow/example_dags/example_sensor_decorator.py
[2026-05-23T16:57:49.260+0000] {processor.py:914} INFO - Processing file /home/airflow/.local/lib/python3.12/site-packages/airflow/example_dags/example_sensor_decorator.py for tasks to queue
[2026-05-23T16:57:49.262+0000] {logging_mixin.py:190} INFO - [2026-05-23T16:57:49.262+0000] {dagbag.py:588} INFO - Filling up the DagBag from /home/airflow/.local/lib/python3.12/site-packages/airflow/example_dags/example_sensor_decorator.py
[2026-05-23T16:57:49.271+0000] {processor.py:925} INFO - DAG(s) 'example_sensor_decorator' retrieved from /home/airflow/.local/lib/python3.12/site-packages/airflow/example_dags/example_sensor_decorator.py
[2026-05-23T16:57:49.290+0000] {logging_mixin.py:190} INFO - [2026-05-23T16:57:49.290+0000] {dag.py:3239} INFO - Sync 1 DAGs
[2026-05-23T16:57:49.305+0000] {logging_mixin.py:190} INFO - [2026-05-23T16:57:49.305+0000] {dag.py:4180} INFO - Setting next_dagrun for example_sensor_decorator to None, run_after=None
[2026-05-23T16:57:49.321+0000] {processor.py:208} INFO - Processing /home/airflow/.local/lib/python3.12/site-packages/airflow/example_dags/example_sensor_decorator.py took 0.068 seconds
[2026-05-23T16:58:20.239+0000] {processor.py:186} INFO - Started process (PID=1230) to work on /home/airflow/.local/lib/python3.12/site-packages/airflow/example_dags/example_sensor_decorator.py
[2026-05-23T16:58:20.240+0000] {processor.py:914} INFO - Processing file /home/airflow/.local/lib/python3.12/site-packages/airflow/example_dags/example_sensor_decorator.py for tasks to queue
[2026-05-23T16:58:20.241+0000] {logging_mixin.py:190} INFO - [2026-05-23T16:58:20.241+0000] {dagbag.py:588} INFO - Filling up the DagBag from /home/airflow/.local/lib/python3.12/site-packages/airflow/example_dags/example_sensor_decorator.py
[2026-05-23T16:58:20.248+0000] {processor.py:925} INFO - DAG(s) 'example_sensor_decorator' retrieved from /home/airflow/.local/lib/python3.12/site-packages/airflow/example_dags/example_sensor_decorator.py
[2026-05-23T16:58:20.265+0000] {logging_mixin.py:190} INFO - [2026-05-23T16:58:20.265+0000] {dag.py:3239} INFO - Sync 1 DAGs
[2026-05-23T16:58:20.279+0000] {logging_mixin.py:190} INFO - [2026-05-23T16:58:20.279+0000] {dag.py:4180} INFO - Setting next_dagrun for example_sensor_decorator to None, run_after=None
[2026-05-23T16:58:20.292+0000] {processor.py:208} INFO - Processing /home/airflow/.local/lib/python3.12/site-packages/airflow/example_dags/example_sensor_decorator.py took 0.058 seconds
[2026-05-23T16:58:51.651+0000] {processor.py:186} INFO - Started process (PID=1295) to work on /home/airflow/.local/lib/python3.12/site-packages/airflow/example_dags/example_sensor_decorator.py
[2026-05-23T16:58:51.652+0000] {processor.py:914} INFO - Processing file /home/airflow/.local/lib/python3.12/site-packages/airflow/example_dags/example_sensor_decorator.py for tasks to queue
[2026-05-23T16:58:51.654+0000] {logging_mixin.py:190} INFO - [2026-05-23T16:58:51.654+0000] {dagbag.py:588} INFO - Filling up the DagBag from /home/airflow/.local/lib/python3.12/site-packages/airflow/example_dags/example_sensor_decorator.py
[2026-05-23T16:58:51.663+0000] {processor.py:925} INFO - DAG(s) 'example_sensor_decorator' retrieved from /home/airflow/.local/lib/python3.12/site-packages/airflow/example_dags/example_sensor_decorator.py
[2026-05-23T16:58:51.683+0000] {logging_mixin.py:190} INFO - [2026-05-23T16:58:51.682+0000] {dag.py:3239} INFO - Sync 1 DAGs
[2026-05-23T16:58:51.699+0000] {logging_mixin.py:190} INFO - [2026-05-23T16:58:51.699+0000] {dag.py:4180} INFO - Setting next_dagrun for example_sensor_decorator to None, run_after=None
[2026-05-23T16:58:51.716+0000] {processor.py:208} INFO - Processing /home/airflow/.local/lib/python3.12/site-packages/airflow/example_dags/example_sensor_decorator.py took 0.071 seconds
[2026-05-23T16:59:22.197+0000] {processor.py:186} INFO - Started process (PID=1359) to work on /home/airflow/.local/lib/python3.12/site-packages/airflow/example_dags/example_sensor_decorator.py
[2026-05-23T16:59:22.198+0000] {processor.py:914} INFO - Processing file /home/airflow/.local/lib/python3.12/site-packages/airflow/example_dags/example_sensor_decorator.py for tasks to queue
[2026-05-23T16:59:22.200+0000] {logging_mixin.py:190} INFO - [2026-05-23T16:59:22.200+0000] {dagbag.py:588} INFO - Filling up the DagBag from /home/airflow/.local/lib/python3.12/site-packages/airflow/example_dags/example_sensor_decorator.py
[2026-05-23T16:59:22.209+0000] {processor.py:925} INFO - DAG(s) 'example_sensor_decorator' retrieved from /home/airflow/.local/lib/python3.12/site-packages/airflow/example_dags/example_sensor_decorator.py
[2026-05-23T16:59:22.230+0000] {logging_mixin.py:190} INFO - [2026-05-23T16:59:22.230+0000] {dag.py:3239} INFO - Sync 1 DAGs
[2026-05-23T16:59:22.247+0000] {logging_mixin.py:190} INFO - [2026-05-23T16:59:22.247+0000] {dag.py:4180} INFO - Setting next_dagrun for example_sensor_decorator to None, run_after=None
[2026-05-23T16:59:22.266+0000] {processor.py:208} INFO - Processing /home/airflow/.local/lib/python3.12/site-packages/airflow/example_dags/example_sensor_decorator.py took 0.074 seconds
[2026-05-23T16:59:52.962+0000] {processor.py:186} INFO - Started process (PID=1424) to work on /home/airflow/.local/lib/python3.12/site-packages/airflow/example_dags/example_sensor_decorator.py
[2026-05-23T16:59:52.963+0000] {processor.py:914} INFO - Processing file /home/airflow/.local/lib/python3.12/site-packages/airflow/example_dags/example_sensor_decorator.py for tasks to queue
[2026-05-23T16:59:52.964+0000] {logging_mixin.py:190} INFO - [2026-05-23T16:59:52.964+0000] {dagbag.py:588} INFO - Filling up the DagBag from /home/airflow/.local/lib/python3.12/site-packages/airflow/example_dags/example_sensor_decorator.py
[2026-05-23T16:59:52.971+0000] {processor.py:925} INFO - DAG(s) 'example_sensor_decorator' retrieved from /home/airflow/.local/lib/python3.12/site-packages/airflow/example_dags/example_sensor_decorator.py
[2026-05-23T16:59:52.986+0000] {logging_mixin.py:190} INFO - [2026-05-23T16:59:52.986+0000] {dag.py:3239} INFO - Sync 1 DAGs
[2026-05-23T16:59:52.997+0000] {logging_mixin.py:190} INFO - [2026-05-23T16:59:52.997+0000] {dag.py:4180} INFO - Setting next_dagrun for example_sensor_decorator to None, run_after=None
[2026-05-23T16:59:53.011+0000] {processor.py:208} INFO - Processing /home/airflow/.local/lib/python3.12/site-packages/airflow/example_dags/example_sensor_decorator.py took 0.053 seconds
[2026-05-23T17:00:23.454+0000] {processor.py:186} INFO - Started process (PID=1489) to work on /home/airflow/.local/lib/python3.12/site-packages/airflow/example_dags/example_sensor_decorator.py
[2026-05-23T17:00:23.454+0000] {processor.py:914} INFO - Processing file /home/airflow/.local/lib/python3.12/site-packages/airflow/example_dags/example_sensor_decorator.py for tasks to queue
[2026-05-23T17:00:23.456+0000] {logging_mixin.py:190} INFO - [2026-05-23T17:00:23.456+0000] {dagbag.py:588} INFO - Filling up the DagBag from /home/airflow/.local/lib/python3.12/site-packages/airflow/example_dags/example_sensor_decorator.py
[2026-05-23T17:00:23.462+0000] {processor.py:925} INFO - DAG(s) 'example_sensor_decorator' retrieved from /home/airflow/.local/lib/python3.12/site-packages/airflow/example_dags/example_sensor_decorator.py
[2026-05-23T17:00:23.476+0000] {logging_mixin.py:190} INFO - [2026-05-23T17:00:23.476+0000] {dag.py:3239} INFO - Sync 1 DAGs
[2026-05-23T17:00:23.488+0000] {logging_mixin.py:190} INFO - [2026-05-23T17:00:23.488+0000] {dag.py:4180} INFO - Setting next_dagrun for example_sensor_decorator to None, run_after=None
[2026-05-23T17:00:23.503+0000] {processor.py:208} INFO - Processing /home/airflow/.local/lib/python3.12/site-packages/airflow/example_dags/example_sensor_decorator.py took 0.053 seconds
[2026-05-23T17:00:54.533+0000] {processor.py:186} INFO - Started process (PID=1554) to work on /home/airflow/.local/lib/python3.12/site-packages/airflow/example_dags/example_sensor_decorator.py
[2026-05-23T17:00:54.533+0000] {processor.py:914} INFO - Processing file /home/airflow/.local/lib/python3.12/site-packages/airflow/example_dags/example_sensor_decorator.py for tasks to queue
[2026-05-23T17:00:54.535+0000] {logging_mixin.py:190} INFO - [2026-05-23T17:00:54.535+0000] {dagbag.py:588} INFO - Filling up the DagBag from /home/airflow/.local/lib/python3.12/site-packages/airflow/example_dags/example_sensor_decorator.py
[2026-05-23T17:00:54.541+0000] {processor.py:925} INFO - DAG(s) 'example_sensor_decorator' retrieved from /home/airflow/.local/lib/python3.12/site-packages/airflow/example_dags/example_sensor_decorator.py
[2026-05-23T17:00:54.558+0000] {logging_mixin.py:190} INFO - [2026-05-23T17:00:54.558+0000] {dag.py:3239} INFO - Sync 1 DAGs
[2026-05-23T17:00:54.573+0000] {logging_mixin.py:190} INFO - [2026-05-23T17:00:54.573+0000] {dag.py:4180} INFO - Setting next_dagrun for example_sensor_decorator to None, run_after=None
[2026-05-23T17:00:54.589+0000] {processor.py:208} INFO - Processing /home/airflow/.local/lib/python3.12/site-packages/airflow/example_dags/example_sensor_decorator.py took 0.060 seconds
[2026-05-23T17:01:25.674+0000] {processor.py:186} INFO - Started process (PID=1619) to work on /home/airflow/.local/lib/python3.12/site-packages/airflow/example_dags/example_sensor_decorator.py
[2026-05-23T17:01:25.675+0000] {processor.py:914} INFO - Processing file /home/airflow/.local/lib/python3.12/site-packages/airflow/example_dags/example_sensor_decorator.py for tasks to queue
[2026-05-23T17:01:25.676+0000] {logging_mixin.py:190} INFO - [2026-05-23T17:01:25.676+0000] {dagbag.py:588} INFO - Filling up the DagBag from /home/airflow/.local/lib/python3.12/site-packages/airflow/example_dags/example_sensor_decorator.py
[2026-05-23T17:01:25.683+0000] {processor.py:925} INFO - DAG(s) 'example_sensor_decorator' retrieved from /home/airflow/.local/lib/python3.12/site-packages/airflow/example_dags/example_sensor_decorator.py
[2026-05-23T17:01:25.698+0000] {logging_mixin.py:190} INFO - [2026-05-23T17:01:25.698+0000] {dag.py:3239} INFO - Sync 1 DAGs
[2026-05-23T17:01:25.711+0000] {logging_mixin.py:190} INFO - [2026-05-23T17:01:25.711+0000] {dag.py:4180} INFO - Setting next_dagrun for example_sensor_decorator to None, run_after=None
[2026-05-23T17:01:25.724+0000] {processor.py:208} INFO - Processing /home/airflow/.local/lib/python3.12/site-packages/airflow/example_dags/example_sensor_decorator.py took 0.055 seconds
[2026-05-23T17:01:56.967+0000] {processor.py:186} INFO - Started process (PID=1684) to work on /home/airflow/.local/lib/python3.12/site-packages/airflow/example_dags/example_sensor_decorator.py
[2026-05-23T17:01:56.968+0000] {processor.py:914} INFO - Processing file /home/airflow/.local/lib/python3.12/site-packages/airflow/example_dags/example_sensor_decorator.py for tasks to queue
[2026-05-23T17:01:56.969+0000] {logging_mixin.py:190} INFO - [2026-05-23T17:01:56.969+0000] {dagbag.py:588} INFO - Filling up the DagBag from /home/airflow/.local/lib/python3.12/site-packages/airflow/example_dags/example_sensor_decorator.py
[2026-05-23T17:01:56.976+0000] {processor.py:925} INFO - DAG(s) 'example_sensor_decorator' retrieved from /home/airflow/.local/lib/python3.12/site-packages/airflow/example_dags/example_sensor_decorator.py
[2026-05-23T17:01:56.991+0000] {logging_mixin.py:190} INFO - [2026-05-23T17:01:56.991+0000] {dag.py:3239} INFO - Sync 1 DAGs
[2026-05-23T17:01:57.002+0000] {logging_mixin.py:190} INFO - [2026-05-23T17:01:57.002+0000] {dag.py:4180} INFO - Setting next_dagrun for example_sensor_decorator to None, run_after=None
[2026-05-23T17:01:57.016+0000] {processor.py:208} INFO - Processing /home/airflow/.local/lib/python3.12/site-packages/airflow/example_dags/example_sensor_decorator.py took 0.053 seconds
[2026-05-23T17:02:27.691+0000] {processor.py:186} INFO - Started process (PID=1749) to work on /home/airflow/.local/lib/python3.12/site-packages/airflow/example_dags/example_sensor_decorator.py
[2026-05-23T17:02:27.692+0000] {processor.py:914} INFO - Processing file /home/airflow/.local/lib/python3.12/site-packages/airflow/example_dags/example_sensor_decorator.py for tasks to queue
[2026-05-23T17:02:27.694+0000] {logging_mixin.py:190} INFO - [2026-05-23T17:02:27.694+0000] {dagbag.py:588} INFO - Filling up the DagBag from /home/airflow/.local/lib/python3.12/site-packages/airflow/example_dags/example_sensor_decorator.py
[2026-05-23T17:02:27.703+0000] {processor.py:925} INFO - DAG(s) 'example_sensor_decorator' retrieved from /home/airflow/.local/lib/python3.12/site-packages/airflow/example_dags/example_sensor_decorator.py
[2026-05-23T17:02:27.723+0000] {logging_mixin.py:190} INFO - [2026-05-23T17:02:27.723+0000] {dag.py:3239} INFO - Sync 1 DAGs
[2026-05-23T17:02:27.740+0000] {logging_mixin.py:190} INFO - [2026-05-23T17:02:27.740+0000] {dag.py:4180} INFO - Setting next_dagrun for example_sensor_decorator to None, run_after=None
[2026-05-23T17:02:27.766+0000] {processor.py:208} INFO - Processing /home/airflow/.local/lib/python3.12/site-packages/airflow/example_dags/example_sensor_decorator.py took 0.080 seconds
[2026-05-23T17:02:58.457+0000] {processor.py:186} INFO - Started process (PID=1821) to work on /home/airflow/.local/lib/python3.12/site-packages/airflow/example_dags/example_sensor_decorator.py
[2026-05-23T17:02:58.458+0000] {processor.py:914} INFO - Processing file /home/airflow/.local/lib/python3.12/site-packages/airflow/example_dags/example_sensor_decorator.py for tasks to queue
[2026-05-23T17:02:58.462+0000] {logging_mixin.py:190} INFO - [2026-05-23T17:02:58.460+0000] {dagbag.py:588} INFO - Filling up the DagBag from /home/airflow/.local/lib/python3.12/site-packages/airflow/example_dags/example_sensor_decorator.py
[2026-05-23T17:02:58.471+0000] {processor.py:925} INFO - DAG(s) 'example_sensor_decorator' retrieved from /home/airflow/.local/lib/python3.12/site-packages/airflow/example_dags/example_sensor_decorator.py
[2026-05-23T17:02:58.486+0000] {logging_mixin.py:190} INFO - [2026-05-23T17:02:58.486+0000] {dag.py:3239} INFO - Sync 1 DAGs
[2026-05-23T17:02:58.501+0000] {logging_mixin.py:190} INFO - [2026-05-23T17:02:58.501+0000] {dag.py:4180} INFO - Setting next_dagrun for example_sensor_decorator to None, run_after=None
[2026-05-23T17:02:58.515+0000] {processor.py:208} INFO - Processing /home/airflow/.local/lib/python3.12/site-packages/airflow/example_dags/example_sensor_decorator.py took 0.066 seconds
[2026-05-23T17:03:29.596+0000] {processor.py:186} INFO - Started process (PID=1886) to work on /home/airflow/.local/lib/python3.12/site-packages/airflow/example_dags/example_sensor_decorator.py
[2026-05-23T17:03:29.597+0000] {processor.py:914} INFO - Processing file /home/airflow/.local/lib/python3.12/site-packages/airflow/example_dags/example_sensor_decorator.py for tasks to queue
[2026-05-23T17:03:29.599+0000] {logging_mixin.py:190} INFO - [2026-05-23T17:03:29.599+0000] {dagbag.py:588} INFO - Filling up the DagBag from /home/airflow/.local/lib/python3.12/site-packages/airflow/example_dags/example_sensor_decorator.py
[2026-05-23T17:03:29.608+0000] {processor.py:925} INFO - DAG(s) 'example_sensor_decorator' retrieved from /home/airflow/.local/lib/python3.12/site-packages/airflow/example_dags/example_sensor_decorator.py
[2026-05-23T17:03:29.627+0000] {logging_mixin.py:190} INFO - [2026-05-23T17:03:29.626+0000] {dag.py:3239} INFO - Sync 1 DAGs
[2026-05-23T17:03:29.640+0000] {logging_mixin.py:190} INFO - [2026-05-23T17:03:29.640+0000] {dag.py:4180} INFO - Setting next_dagrun for example_sensor_decorator to None, run_after=None
[2026-05-23T17:03:29.654+0000] {processor.py:208} INFO - Processing /home/airflow/.local/lib/python3.12/site-packages/airflow/example_dags/example_sensor_decorator.py took 0.064 seconds
[2026-05-23T17:04:01.001+0000] {processor.py:186} INFO - Started process (PID=1951) to work on /home/airflow/.local/lib/python3.12/site-packages/airflow/example_dags/example_sensor_decorator.py
[2026-05-23T17:04:01.002+0000] {processor.py:914} INFO - Processing file /home/airflow/.local/lib/python3.12/site-packages/airflow/example_dags/example_sensor_decorator.py for tasks to queue
[2026-05-23T17:04:01.003+0000] {logging_mixin.py:190} INFO - [2026-05-23T17:04:01.003+0000] {dagbag.py:588} INFO - Filling up the DagBag from /home/airflow/.local/lib/python3.12/site-packages/airflow/example_dags/example_sensor_decorator.py
[2026-05-23T17:04:01.010+0000] {processor.py:925} INFO - DAG(s) 'example_sensor_decorator' retrieved from /home/airflow/.local/lib/python3.12/site-packages/airflow/example_dags/example_sensor_decorator.py
[2026-05-23T17:04:01.032+0000] {logging_mixin.py:190} INFO - [2026-05-23T17:04:01.031+0000] {dag.py:3239} INFO - Sync 1 DAGs
[2026-05-23T17:04:01.047+0000] {logging_mixin.py:190} INFO - [2026-05-23T17:04:01.047+0000] {dag.py:4180} INFO - Setting next_dagrun for example_sensor_decorator to None, run_after=None
[2026-05-23T17:04:01.067+0000] {processor.py:208} INFO - Processing /home/airflow/.local/lib/python3.12/site-packages/airflow/example_dags/example_sensor_decorator.py took 0.071 seconds
[2026-05-23T17:04:32.388+0000] {processor.py:186} INFO - Started process (PID=2016) to work on /home/airflow/.local/lib/python3.12/site-packages/airflow/example_dags/example_sensor_decorator.py
[2026-05-23T17:04:32.389+0000] {processor.py:914} INFO - Processing file /home/airflow/.local/lib/python3.12/site-packages/airflow/example_dags/example_sensor_decorator.py for tasks to queue
[2026-05-23T17:04:32.390+0000] {logging_mixin.py:190} INFO - [2026-05-23T17:04:32.390+0000] {dagbag.py:588} INFO - Filling up the DagBag from /home/airflow/.local/lib/python3.12/site-packages/airflow/example_dags/example_sensor_decorator.py
[2026-05-23T17:04:32.396+0000] {processor.py:925} INFO - DAG(s) 'example_sensor_decorator' retrieved from /home/airflow/.local/lib/python3.12/site-packages/airflow/example_dags/example_sensor_decorator.py
[2026-05-23T17:04:32.411+0000] {logging_mixin.py:190} INFO - [2026-05-23T17:04:32.411+0000] {dag.py:3239} INFO - Sync 1 DAGs
[2026-05-23T17:04:32.422+0000] {logging_mixin.py:190} INFO - [2026-05-23T17:04:32.422+0000] {dag.py:4180} INFO - Setting next_dagrun for example_sensor_decorator to None, run_after=None
[2026-05-23T17:04:32.436+0000] {processor.py:208} INFO - Processing /home/airflow/.local/lib/python3.12/site-packages/airflow/example_dags/example_sensor_decorator.py took 0.052 seconds
[2026-05-23T17:05:03.876+0000] {processor.py:186} INFO - Started process (PID=2082) to work on /home/airflow/.local/lib/python3.12/site-packages/airflow/example_dags/example_sensor_decorator.py
[2026-05-23T17:05:03.877+0000] {processor.py:914} INFO - Processing file /home/airflow/.local/lib/python3.12/site-packages/airflow/example_dags/example_sensor_decorator.py for tasks to queue
[2026-05-23T17:05:03.878+0000] {logging_mixin.py:190} INFO - [2026-05-23T17:05:03.878+0000] {dagbag.py:588} INFO - Filling up the DagBag from /home/airflow/.local/lib/python3.12/site-packages/airflow/example_dags/example_sensor_decorator.py
[2026-05-23T17:05:03.884+0000] {processor.py:925} INFO - DAG(s) 'example_sensor_decorator' retrieved from /home/airflow/.local/lib/python3.12/site-packages/airflow/example_dags/example_sensor_decorator.py
[2026-05-23T17:05:03.899+0000] {logging_mixin.py:190} INFO - [2026-05-23T17:05:03.898+0000] {dag.py:3239} INFO - Sync 1 DAGs
[2026-05-23T17:05:03.912+0000] {logging_mixin.py:190} INFO - [2026-05-23T17:05:03.911+0000] {dag.py:4180} INFO - Setting next_dagrun for example_sensor_decorator to None, run_after=None
[2026-05-23T17:05:03.930+0000] {processor.py:208} INFO - Processing /home/airflow/.local/lib/python3.12/site-packages/airflow/example_dags/example_sensor_decorator.py took 0.058 seconds
[2026-05-23T17:05:34.989+0000] {processor.py:186} INFO - Started process (PID=2147) to work on /home/airflow/.local/lib/python3.12/site-packages/airflow/example_dags/example_sensor_decorator.py
[2026-05-23T17:05:34.990+0000] {processor.py:914} INFO - Processing file /home/airflow/.local/lib/python3.12/site-packages/airflow/example_dags/example_sensor_decorator.py for tasks to queue
[2026-05-23T17:05:34.992+0000] {logging_mixin.py:190} INFO - [2026-05-23T17:05:34.991+0000] {dagbag.py:588} INFO - Filling up the DagBag from /home/airflow/.local/lib/python3.12/site-packages/airflow/example_dags/example_sensor_decorator.py
[2026-05-23T17:05:34.998+0000] {processor.py:925} INFO - DAG(s) 'example_sensor_decorator' retrieved from /home/airflow/.local/lib/python3.12/site-packages/airflow/example_dags/example_sensor_decorator.py
[2026-05-23T17:05:35.015+0000] {logging_mixin.py:190} INFO - [2026-05-23T17:05:35.015+0000] {dag.py:3239} INFO - Sync 1 DAGs
[2026-05-23T17:05:35.029+0000] {logging_mixin.py:190} INFO - [2026-05-23T17:05:35.028+0000] {dag.py:4180} INFO - Setting next_dagrun for example_sensor_decorator to None, run_after=None
[2026-05-23T17:05:35.042+0000] {processor.py:208} INFO - Processing /home/airflow/.local/lib/python3.12/site-packages/airflow/example_dags/example_sensor_decorator.py took 0.057 seconds
[2026-05-23T17:06:06.219+0000] {processor.py:186} INFO - Started process (PID=2213) to work on /home/airflow/.local/lib/python3.12/site-packages/airflow/example_dags/example_sensor_decorator.py
[2026-05-23T17:06:06.220+0000] {processor.py:914} INFO - Processing file /home/airflow/.local/lib/python3.12/site-packages/airflow/example_dags/example_sensor_decorator.py for tasks to queue
[2026-05-23T17:06:06.221+0000] {logging_mixin.py:190} INFO - [2026-05-23T17:06:06.221+0000] {dagbag.py:588} INFO - Filling up the DagBag from /home/airflow/.local/lib/python3.12/site-packages/airflow/example_dags/example_sensor_decorator.py
[2026-05-23T17:06:06.227+0000] {processor.py:925} INFO - DAG(s) 'example_sensor_decorator' retrieved from /home/airflow/.local/lib/python3.12/site-packages/airflow/example_dags/example_sensor_decorator.py
[2026-05-23T17:06:06.243+0000] {logging_mixin.py:190} INFO - [2026-05-23T17:06:06.242+0000] {dag.py:3239} INFO - Sync 1 DAGs
[2026-05-23T17:06:06.254+0000] {logging_mixin.py:190} INFO - [2026-05-23T17:06:06.254+0000] {dag.py:4180} INFO - Setting next_dagrun for example_sensor_decorator to None, run_after=None
[2026-05-23T17:06:06.267+0000] {processor.py:208} INFO - Processing /home/airflow/.local/lib/python3.12/site-packages/airflow/example_dags/example_sensor_decorator.py took 0.052 seconds
[2026-05-23T17:06:37.382+0000] {processor.py:186} INFO - Started process (PID=2278) to work on /home/airflow/.local/lib/python3.12/site-packages/airflow/example_dags/example_sensor_decorator.py
[2026-05-23T17:06:37.383+0000] {processor.py:914} INFO - Processing file /home/airflow/.local/lib/python3.12/site-packages/airflow/example_dags/example_sensor_decorator.py for tasks to queue
[2026-05-23T17:06:37.385+0000] {logging_mixin.py:190} INFO - [2026-05-23T17:06:37.384+0000] {dagbag.py:588} INFO - Filling up the DagBag from /home/airflow/.local/lib/python3.12/site-packages/airflow/example_dags/example_sensor_decorator.py
[2026-05-23T17:06:37.392+0000] {processor.py:925} INFO - DAG(s) 'example_sensor_decorator' retrieved from /home/airflow/.local/lib/python3.12/site-packages/airflow/example_dags/example_sensor_decorator.py
[2026-05-23T17:06:37.410+0000] {logging_mixin.py:190} INFO - [2026-05-23T17:06:37.410+0000] {dag.py:3239} INFO - Sync 1 DAGs
[2026-05-23T17:06:37.421+0000] {logging_mixin.py:190} INFO - [2026-05-23T17:06:37.420+0000] {dag.py:4180} INFO - Setting next_dagrun for example_sensor_decorator to None, run_after=None
[2026-05-23T17:06:37.434+0000] {processor.py:208} INFO - Processing /home/airflow/.local/lib/python3.12/site-packages/airflow/example_dags/example_sensor_decorator.py took 0.056 seconds
[2026-05-23T17:07:08.647+0000] {processor.py:186} INFO - Started process (PID=2343) to work on /home/airflow/.local/lib/python3.12/site-packages/airflow/example_dags/example_sensor_decorator.py
[2026-05-23T17:07:08.647+0000] {processor.py:914} INFO - Processing file /home/airflow/.local/lib/python3.12/site-packages/airflow/example_dags/example_sensor_decorator.py for tasks to queue
[2026-05-23T17:07:08.649+0000] {logging_mixin.py:190} INFO - [2026-05-23T17:07:08.648+0000] {dagbag.py:588} INFO - Filling up the DagBag from /home/airflow/.local/lib/python3.12/site-packages/airflow/example_dags/example_sensor_decorator.py
[2026-05-23T17:07:08.655+0000] {processor.py:925} INFO - DAG(s) 'example_sensor_decorator' retrieved from /home/airflow/.local/lib/python3.12/site-packages/airflow/example_dags/example_sensor_decorator.py
[2026-05-23T17:07:08.672+0000] {logging_mixin.py:190} INFO - [2026-05-23T17:07:08.672+0000] {dag.py:3239} INFO - Sync 1 DAGs
[2026-05-23T17:07:08.687+0000] {logging_mixin.py:190} INFO - [2026-05-23T17:07:08.687+0000] {dag.py:4180} INFO - Setting next_dagrun for example_sensor_decorator to None, run_after=None
[2026-05-23T17:07:08.704+0000] {processor.py:208} INFO - Processing /home/airflow/.local/lib/python3.12/site-packages/airflow/example_dags/example_sensor_decorator.py took 0.062 seconds
[2026-05-23T17:07:39.234+0000] {processor.py:186} INFO - Started process (PID=2407) to work on /home/airflow/.local/lib/python3.12/site-packages/airflow/example_dags/example_sensor_decorator.py
[2026-05-23T17:07:39.235+0000] {processor.py:914} INFO - Processing file /home/airflow/.local/lib/python3.12/site-packages/airflow/example_dags/example_sensor_decorator.py for tasks to queue
[2026-05-23T17:07:39.237+0000] {logging_mixin.py:190} INFO - [2026-05-23T17:07:39.236+0000] {dagbag.py:588} INFO - Filling up the DagBag from /home/airflow/.local/lib/python3.12/site-packages/airflow/example_dags/example_sensor_decorator.py
[2026-05-23T17:07:39.243+0000] {processor.py:925} INFO - DAG(s) 'example_sensor_decorator' retrieved from /home/airflow/.local/lib/python3.12/site-packages/airflow/example_dags/example_sensor_decorator.py
[2026-05-23T17:07:39.258+0000] {logging_mixin.py:190} INFO - [2026-05-23T17:07:39.258+0000] {dag.py:3239} INFO - Sync 1 DAGs
[2026-05-23T17:07:39.270+0000] {logging_mixin.py:190} INFO - [2026-05-23T17:07:39.270+0000] {dag.py:4180} INFO - Setting next_dagrun for example_sensor_decorator to None, run_after=None
[2026-05-23T17:07:39.286+0000] {processor.py:208} INFO - Processing /home/airflow/.local/lib/python3.12/site-packages/airflow/example_dags/example_sensor_decorator.py took 0.057 seconds
[2026-05-23T17:08:10.438+0000] {processor.py:186} INFO - Started process (PID=2472) to work on /home/airflow/.local/lib/python3.12/site-packages/airflow/example_dags/example_sensor_decorator.py
[2026-05-23T17:08:10.439+0000] {processor.py:914} INFO - Processing file /home/airflow/.local/lib/python3.12/site-packages/airflow/example_dags/example_sensor_decorator.py for tasks to queue
[2026-05-23T17:08:10.440+0000] {logging_mixin.py:190} INFO - [2026-05-23T17:08:10.440+0000] {dagbag.py:588} INFO - Filling up the DagBag from /home/airflow/.local/lib/python3.12/site-packages/airflow/example_dags/example_sensor_decorator.py
[2026-05-23T17:08:10.446+0000] {processor.py:925} INFO - DAG(s) 'example_sensor_decorator' retrieved from /home/airflow/.local/lib/python3.12/site-packages/airflow/example_dags/example_sensor_decorator.py
[2026-05-23T17:08:10.466+0000] {logging_mixin.py:190} INFO - [2026-05-23T17:08:10.466+0000] {dag.py:3239} INFO - Sync 1 DAGs
[2026-05-23T17:08:10.483+0000] {logging_mixin.py:190} INFO - [2026-05-23T17:08:10.482+0000] {dag.py:4180} INFO - Setting next_dagrun for example_sensor_decorator to None, run_after=None
[2026-05-23T17:08:10.500+0000] {processor.py:208} INFO - Processing /home/airflow/.local/lib/python3.12/site-packages/airflow/example_dags/example_sensor_decorator.py took 0.066 seconds
[2026-05-23T17:08:41.208+0000] {processor.py:186} INFO - Started process (PID=2537) to work on /home/airflow/.local/lib/python3.12/site-packages/airflow/example_dags/example_sensor_decorator.py
[2026-05-23T17:08:41.208+0000] {processor.py:914} INFO - Processing file /home/airflow/.local/lib/python3.12/site-packages/airflow/example_dags/example_sensor_decorator.py for tasks to queue
[2026-05-23T17:08:41.210+0000] {logging_mixin.py:190} INFO - [2026-05-23T17:08:41.210+0000] {dagbag.py:588} INFO - Filling up the DagBag from /home/airflow/.local/lib/python3.12/site-packages/airflow/example_dags/example_sensor_decorator.py
[2026-05-23T17:08:41.216+0000] {processor.py:925} INFO - DAG(s) 'example_sensor_decorator' retrieved from /home/airflow/.local/lib/python3.12/site-packages/airflow/example_dags/example_sensor_decorator.py
[2026-05-23T17:08:41.232+0000] {logging_mixin.py:190} INFO - [2026-05-23T17:08:41.231+0000] {dag.py:3239} INFO - Sync 1 DAGs
[2026-05-23T17:08:41.244+0000] {logging_mixin.py:190} INFO - [2026-05-23T17:08:41.243+0000] {dag.py:4180} INFO - Setting next_dagrun for example_sensor_decorator to None, run_after=None
[2026-05-23T17:08:41.258+0000] {processor.py:208} INFO - Processing /home/airflow/.local/lib/python3.12/site-packages/airflow/example_dags/example_sensor_decorator.py took 0.055 seconds
[2026-05-23T17:09:12.820+0000] {processor.py:186} INFO - Started process (PID=2602) to work on /home/airflow/.local/lib/python3.12/site-packages/airflow/example_dags/example_sensor_decorator.py
[2026-05-23T17:09:12.821+0000] {processor.py:914} INFO - Processing file /home/airflow/.local/lib/python3.12/site-packages/airflow/example_dags/example_sensor_decorator.py for tasks to queue
[2026-05-23T17:09:12.822+0000] {logging_mixin.py:190} INFO - [2026-05-23T17:09:12.822+0000] {dagbag.py:588} INFO - Filling up the DagBag from /home/airflow/.local/lib/python3.12/site-packages/airflow/example_dags/example_sensor_decorator.py
[2026-05-23T17:09:12.829+0000] {processor.py:925} INFO - DAG(s) 'example_sensor_decorator' retrieved from /home/airflow/.local/lib/python3.12/site-packages/airflow/example_dags/example_sensor_decorator.py
[2026-05-23T17:09:12.845+0000] {logging_mixin.py:190} INFO - [2026-05-23T17:09:12.845+0000] {dag.py:3239} INFO - Sync 1 DAGs
[2026-05-23T17:09:12.858+0000] {logging_mixin.py:190} INFO - [2026-05-23T17:09:12.858+0000] {dag.py:4180} INFO - Setting next_dagrun for example_sensor_decorator to None, run_after=None
[2026-05-23T17:09:12.872+0000] {processor.py:208} INFO - Processing /home/airflow/.local/lib/python3.12/site-packages/airflow/example_dags/example_sensor_decorator.py took 0.057 seconds
[2026-05-23T17:09:45.571+0000] {processor.py:186} INFO - Started process (PID=2668) to work on /home/airflow/.local/lib/python3.12/site-packages/airflow/example_dags/example_sensor_decorator.py
[2026-05-23T17:09:45.572+0000] {processor.py:914} INFO - Processing file /home/airflow/.local/lib/python3.12/site-packages/airflow/example_dags/example_sensor_decorator.py for tasks to queue
[2026-05-23T17:09:45.574+0000] {logging_mixin.py:190} INFO - [2026-05-23T17:09:45.574+0000] {dagbag.py:588} INFO - Filling up the DagBag from /home/airflow/.local/lib/python3.12/site-packages/airflow/example_dags/example_sensor_decorator.py
[2026-05-23T17:09:45.584+0000] {processor.py:925} INFO - DAG(s) 'example_sensor_decorator' retrieved from /home/airflow/.local/lib/python3.12/site-packages/airflow/example_dags/example_sensor_decorator.py
[2026-05-23T17:09:45.607+0000] {logging_mixin.py:190} INFO - [2026-05-23T17:09:45.607+0000] {dag.py:3239} INFO - Sync 1 DAGs
[2026-05-23T17:09:45.632+0000] {logging_mixin.py:190} INFO - [2026-05-23T17:09:45.631+0000] {dag.py:4180} INFO - Setting next_dagrun for example_sensor_decorator to None, run_after=None
[2026-05-23T17:09:45.648+0000] {processor.py:208} INFO - Processing /home/airflow/.local/lib/python3.12/site-packages/airflow/example_dags/example_sensor_decorator.py took 0.084 seconds
[2026-05-23T17:10:16.458+0000] {processor.py:186} INFO - Started process (PID=2733) to work on /home/airflow/.local/lib/python3.12/site-packages/airflow/example_dags/example_sensor_decorator.py
[2026-05-23T17:10:16.459+0000] {processor.py:914} INFO - Processing file /home/airflow/.local/lib/python3.12/site-packages/airflow/example_dags/example_sensor_decorator.py for tasks to queue
[2026-05-23T17:10:16.461+0000] {logging_mixin.py:190} INFO - [2026-05-23T17:10:16.461+0000] {dagbag.py:588} INFO - Filling up the DagBag from /home/airflow/.local/lib/python3.12/site-packages/airflow/example_dags/example_sensor_decorator.py
[2026-05-23T17:10:16.468+0000] {processor.py:925} INFO - DAG(s) 'example_sensor_decorator' retrieved from /home/airflow/.local/lib/python3.12/site-packages/airflow/example_dags/example_sensor_decorator.py
[2026-05-23T17:10:16.484+0000] {logging_mixin.py:190} INFO - [2026-05-23T17:10:16.484+0000] {dag.py:3239} INFO - Sync 1 DAGs
[2026-05-23T17:10:16.497+0000] {logging_mixin.py:190} INFO - [2026-05-23T17:10:16.497+0000] {dag.py:4180} INFO - Setting next_dagrun for example_sensor_decorator to None, run_after=None
[2026-05-23T17:10:16.511+0000] {processor.py:208} INFO - Processing /home/airflow/.local/lib/python3.12/site-packages/airflow/example_dags/example_sensor_decorator.py took 0.058 seconds
[2026-05-23T17:10:47.501+0000] {processor.py:186} INFO - Started process (PID=2798) to work on /home/airflow/.local/lib/python3.12/site-packages/airflow/example_dags/example_sensor_decorator.py
[2026-05-23T17:10:47.502+0000] {processor.py:914} INFO - Processing file /home/airflow/.local/lib/python3.12/site-packages/airflow/example_dags/example_sensor_decorator.py for tasks to queue
[2026-05-23T17:10:47.504+0000] {logging_mixin.py:190} INFO - [2026-05-23T17:10:47.503+0000] {dagbag.py:588} INFO - Filling up the DagBag from /home/airflow/.local/lib/python3.12/site-packages/airflow/example_dags/example_sensor_decorator.py
[2026-05-23T17:10:47.510+0000] {processor.py:925} INFO - DAG(s) 'example_sensor_decorator' retrieved from /home/airflow/.local/lib/python3.12/site-packages/airflow/example_dags/example_sensor_decorator.py
[2026-05-23T17:10:47.524+0000] {logging_mixin.py:190} INFO - [2026-05-23T17:10:47.524+0000] {dag.py:3239} INFO - Sync 1 DAGs
[2026-05-23T17:10:47.536+0000] {logging_mixin.py:190} INFO - [2026-05-23T17:10:47.535+0000] {dag.py:4180} INFO - Setting next_dagrun for example_sensor_decorator to None, run_after=None
[2026-05-23T17:10:47.549+0000] {processor.py:208} INFO - Processing /home/airflow/.local/lib/python3.12/site-packages/airflow/example_dags/example_sensor_decorator.py took 0.053 seconds
[2026-05-23T17:11:17.590+0000] {processor.py:186} INFO - Started process (PID=2862) to work on /home/airflow/.local/lib/python3.12/site-packages/airflow/example_dags/example_sensor_decorator.py
[2026-05-23T17:11:17.590+0000] {processor.py:914} INFO - Processing file /home/airflow/.local/lib/python3.12/site-packages/airflow/example_dags/example_sensor_decorator.py for tasks to queue
[2026-05-23T17:11:17.592+0000] {logging_mixin.py:190} INFO - [2026-05-23T17:11:17.592+0000] {dagbag.py:588} INFO - Filling up the DagBag from /home/airflow/.local/lib/python3.12/site-packages/airflow/example_dags/example_sensor_decorator.py
[2026-05-23T17:11:17.598+0000] {processor.py:925} INFO - DAG(s) 'example_sensor_decorator' retrieved from /home/airflow/.local/lib/python3.12/site-packages/airflow/example_dags/example_sensor_decorator.py
[2026-05-23T17:11:17.612+0000] {logging_mixin.py:190} INFO - [2026-05-23T17:11:17.612+0000] {dag.py:3239} INFO - Sync 1 DAGs
[2026-05-23T17:11:17.625+0000] {logging_mixin.py:190} INFO - [2026-05-23T17:11:17.625+0000] {dag.py:4180} INFO - Setting next_dagrun for example_sensor_decorator to None, run_after=None
[2026-05-23T17:11:17.645+0000] {processor.py:208} INFO - Processing /home/airflow/.local/lib/python3.12/site-packages/airflow/example_dags/example_sensor_decorator.py took 0.060 seconds
[2026-05-23T17:11:48.793+0000] {processor.py:186} INFO - Started process (PID=2927) to work on /home/airflow/.local/lib/python3.12/site-packages/airflow/example_dags/example_sensor_decorator.py
[2026-05-23T17:11:48.794+0000] {processor.py:914} INFO - Processing file /home/airflow/.local/lib/python3.12/site-packages/airflow/example_dags/example_sensor_decorator.py for tasks to queue
[2026-05-23T17:11:48.796+0000] {logging_mixin.py:190} INFO - [2026-05-23T17:11:48.796+0000] {dagbag.py:588} INFO - Filling up the DagBag from /home/airflow/.local/lib/python3.12/site-packages/airflow/example_dags/example_sensor_decorator.py
[2026-05-23T17:11:48.804+0000] {processor.py:925} INFO - DAG(s) 'example_sensor_decorator' retrieved from /home/airflow/.local/lib/python3.12/site-packages/airflow/example_dags/example_sensor_decorator.py
[2026-05-23T17:11:48.820+0000] {logging_mixin.py:190} INFO - [2026-05-23T17:11:48.820+0000] {dag.py:3239} INFO - Sync 1 DAGs
[2026-05-23T17:11:48.832+0000] {logging_mixin.py:190} INFO - [2026-05-23T17:11:48.832+0000] {dag.py:4180} INFO - Setting next_dagrun for example_sensor_decorator to None, run_after=None
[2026-05-23T17:11:48.845+0000] {processor.py:208} INFO - Processing /home/airflow/.local/lib/python3.12/site-packages/airflow/example_dags/example_sensor_decorator.py took 0.056 seconds
[2026-05-23T17:12:20.537+0000] {processor.py:186} INFO - Started process (PID=2993) to work on /home/airflow/.local/lib/python3.12/site-packages/airflow/example_dags/example_sensor_decorator.py
[2026-05-23T17:12:20.538+0000] {processor.py:914} INFO - Processing file /home/airflow/.local/lib/python3.12/site-packages/airflow/example_dags/example_sensor_decorator.py for tasks to queue
[2026-05-23T17:12:20.539+0000] {logging_mixin.py:190} INFO - [2026-05-23T17:12:20.539+0000] {dagbag.py:588} INFO - Filling up the DagBag from /home/airflow/.local/lib/python3.12/site-packages/airflow/example_dags/example_sensor_decorator.py
[2026-05-23T17:12:20.545+0000] {processor.py:925} INFO - DAG(s) 'example_sensor_decorator' retrieved from /home/airflow/.local/lib/python3.12/site-packages/airflow/example_dags/example_sensor_decorator.py
[2026-05-23T17:12:20.563+0000] {logging_mixin.py:190} INFO - [2026-05-23T17:12:20.562+0000] {dag.py:3239} INFO - Sync 1 DAGs
[2026-05-23T17:12:20.576+0000] {logging_mixin.py:190} INFO - [2026-05-23T17:12:20.576+0000] {dag.py:4180} INFO - Setting next_dagrun for example_sensor_decorator to None, run_after=None
[2026-05-23T17:12:20.593+0000] {processor.py:208} INFO - Processing /home/airflow/.local/lib/python3.12/site-packages/airflow/example_dags/example_sensor_decorator.py took 0.060 seconds
[2026-05-23T17:12:51.496+0000] {processor.py:186} INFO - Started process (PID=3058) to work on /home/airflow/.local/lib/python3.12/site-packages/airflow/example_dags/example_sensor_decorator.py
[2026-05-23T17:12:51.496+0000] {processor.py:914} INFO - Processing file /home/airflow/.local/lib/python3.12/site-packages/airflow/example_dags/example_sensor_decorator.py for tasks to queue
[2026-05-23T17:12:51.498+0000] {logging_mixin.py:190} INFO - [2026-05-23T17:12:51.498+0000] {dagbag.py:588} INFO - Filling up the DagBag from /home/airflow/.local/lib/python3.12/site-packages/airflow/example_dags/example_sensor_decorator.py
[2026-05-23T17:12:51.504+0000] {processor.py:925} INFO - DAG(s) 'example_sensor_decorator' retrieved from /home/airflow/.local/lib/python3.12/site-packages/airflow/example_dags/example_sensor_decorator.py
[2026-05-23T17:12:51.521+0000] {logging_mixin.py:190} INFO - [2026-05-23T17:12:51.521+0000] {dag.py:3239} INFO - Sync 1 DAGs
[2026-05-23T17:12:51.537+0000] {logging_mixin.py:190} INFO - [2026-05-23T17:12:51.537+0000] {dag.py:4180} INFO - Setting next_dagrun for example_sensor_decorator to None, run_after=None
[2026-05-23T17:12:51.550+0000] {processor.py:208} INFO - Processing /home/airflow/.local/lib/python3.12/site-packages/airflow/example_dags/example_sensor_decorator.py took 0.058 seconds
[2026-05-23T17:13:23.159+0000] {processor.py:186} INFO - Started process (PID=3123) to work on /home/airflow/.local/lib/python3.12/site-packages/airflow/example_dags/example_sensor_decorator.py
[2026-05-23T17:13:23.159+0000] {processor.py:914} INFO - Processing file /home/airflow/.local/lib/python3.12/site-packages/airflow/example_dags/example_sensor_decorator.py for tasks to queue
[2026-05-23T17:13:23.161+0000] {logging_mixin.py:190} INFO - [2026-05-23T17:13:23.161+0000] {dagbag.py:588} INFO - Filling up the DagBag from /home/airflow/.local/lib/python3.12/site-packages/airflow/example_dags/example_sensor_decorator.py
[2026-05-23T17:13:23.169+0000] {processor.py:925} INFO - DAG(s) 'example_sensor_decorator' retrieved from /home/airflow/.local/lib/python3.12/site-packages/airflow/example_dags/example_sensor_decorator.py
[2026-05-23T17:13:23.183+0000] {logging_mixin.py:190} INFO - [2026-05-23T17:13:23.183+0000] {dag.py:3239} INFO - Sync 1 DAGs
[2026-05-23T17:13:23.195+0000] {logging_mixin.py:190} INFO - [2026-05-23T17:13:23.194+0000] {dag.py:4180} INFO - Setting next_dagrun for example_sensor_decorator to None, run_after=None
[2026-05-23T17:13:23.208+0000] {processor.py:208} INFO - Processing /home/airflow/.local/lib/python3.12/site-packages/airflow/example_dags/example_sensor_decorator.py took 0.053 seconds
[2026-05-23T17:13:54.707+0000] {processor.py:186} INFO - Started process (PID=3188) to work on /home/airflow/.local/lib/python3.12/site-packages/airflow/example_dags/example_sensor_decorator.py
[2026-05-23T17:13:54.707+0000] {processor.py:914} INFO - Processing file /home/airflow/.local/lib/python3.12/site-packages/airflow/example_dags/example_sensor_decorator.py for tasks to queue
[2026-05-23T17:13:54.709+0000] {logging_mixin.py:190} INFO - [2026-05-23T17:13:54.709+0000] {dagbag.py:588} INFO - Filling up the DagBag from /home/airflow/.local/lib/python3.12/site-packages/airflow/example_dags/example_sensor_decorator.py
[2026-05-23T17:13:54.716+0000] {processor.py:925} INFO - DAG(s) 'example_sensor_decorator' retrieved from /home/airflow/.local/lib/python3.12/site-packages/airflow/example_dags/example_sensor_decorator.py
[2026-05-23T17:13:54.731+0000] {logging_mixin.py:190} INFO - [2026-05-23T17:13:54.731+0000] {dag.py:3239} INFO - Sync 1 DAGs
[2026-05-23T17:13:54.743+0000] {logging_mixin.py:190} INFO - [2026-05-23T17:13:54.743+0000] {dag.py:4180} INFO - Setting next_dagrun for example_sensor_decorator to None, run_after=None
[2026-05-23T17:13:54.757+0000] {processor.py:208} INFO - Processing /home/airflow/.local/lib/python3.12/site-packages/airflow/example_dags/example_sensor_decorator.py took 0.055 seconds
[2026-05-23T17:14:26.150+0000] {processor.py:186} INFO - Started process (PID=3252) to work on /home/airflow/.local/lib/python3.12/site-packages/airflow/example_dags/example_sensor_decorator.py
[2026-05-23T17:14:26.151+0000] {processor.py:914} INFO - Processing file /home/airflow/.local/lib/python3.12/site-packages/airflow/example_dags/example_sensor_decorator.py for tasks to queue
[2026-05-23T17:14:26.153+0000] {logging_mixin.py:190} INFO - [2026-05-23T17:14:26.153+0000] {dagbag.py:588} INFO - Filling up the DagBag from /home/airflow/.local/lib/python3.12/site-packages/airflow/example_dags/example_sensor_decorator.py
[2026-05-23T17:14:26.161+0000] {processor.py:925} INFO - DAG(s) 'example_sensor_decorator' retrieved from /home/airflow/.local/lib/python3.12/site-packages/airflow/example_dags/example_sensor_decorator.py
[2026-05-23T17:14:26.179+0000] {logging_mixin.py:190} INFO - [2026-05-23T17:14:26.179+0000] {dag.py:3239} INFO - Sync 1 DAGs
[2026-05-23T17:14:26.192+0000] {logging_mixin.py:190} INFO - [2026-05-23T17:14:26.192+0000] {dag.py:4180} INFO - Setting next_dagrun for example_sensor_decorator to None, run_after=None
[2026-05-23T17:14:26.207+0000] {processor.py:208} INFO - Processing /home/airflow/.local/lib/python3.12/site-packages/airflow/example_dags/example_sensor_decorator.py took 0.062 seconds
[2026-05-23T17:14:57.349+0000] {processor.py:186} INFO - Started process (PID=3317) to work on /home/airflow/.local/lib/python3.12/site-packages/airflow/example_dags/example_sensor_decorator.py
[2026-05-23T17:14:57.350+0000] {processor.py:914} INFO - Processing file /home/airflow/.local/lib/python3.12/site-packages/airflow/example_dags/example_sensor_decorator.py for tasks to queue
[2026-05-23T17:14:57.352+0000] {logging_mixin.py:190} INFO - [2026-05-23T17:14:57.352+0000] {dagbag.py:588} INFO - Filling up the DagBag from /home/airflow/.local/lib/python3.12/site-packages/airflow/example_dags/example_sensor_decorator.py
[2026-05-23T17:14:57.358+0000] {processor.py:925} INFO - DAG(s) 'example_sensor_decorator' retrieved from /home/airflow/.local/lib/python3.12/site-packages/airflow/example_dags/example_sensor_decorator.py
[2026-05-23T17:14:57.373+0000] {logging_mixin.py:190} INFO - [2026-05-23T17:14:57.373+0000] {dag.py:3239} INFO - Sync 1 DAGs
[2026-05-23T17:14:57.384+0000] {logging_mixin.py:190} INFO - [2026-05-23T17:14:57.384+0000] {dag.py:4180} INFO - Setting next_dagrun for example_sensor_decorator to None, run_after=None
[2026-05-23T17:14:57.397+0000] {processor.py:208} INFO - Processing /home/airflow/.local/lib/python3.12/site-packages/airflow/example_dags/example_sensor_decorator.py took 0.053 seconds
[2026-05-23T17:15:28.242+0000] {processor.py:186} INFO - Started process (PID=3382) to work on /home/airflow/.local/lib/python3.12/site-packages/airflow/example_dags/example_sensor_decorator.py
[2026-05-23T17:15:28.243+0000] {processor.py:914} INFO - Processing file /home/airflow/.local/lib/python3.12/site-packages/airflow/example_dags/example_sensor_decorator.py for tasks to queue
[2026-05-23T17:15:28.244+0000] {logging_mixin.py:190} INFO - [2026-05-23T17:15:28.244+0000] {dagbag.py:588} INFO - Filling up the DagBag from /home/airflow/.local/lib/python3.12/site-packages/airflow/example_dags/example_sensor_decorator.py
[2026-05-23T17:15:28.250+0000] {processor.py:925} INFO - DAG(s) 'example_sensor_decorator' retrieved from /home/airflow/.local/lib/python3.12/site-packages/airflow/example_dags/example_sensor_decorator.py
[2026-05-23T17:15:28.265+0000] {logging_mixin.py:190} INFO - [2026-05-23T17:15:28.264+0000] {dag.py:3239} INFO - Sync 1 DAGs
[2026-05-23T17:15:28.276+0000] {logging_mixin.py:190} INFO - [2026-05-23T17:15:28.276+0000] {dag.py:4180} INFO - Setting next_dagrun for example_sensor_decorator to None, run_after=None
[2026-05-23T17:15:28.290+0000] {processor.py:208} INFO - Processing /home/airflow/.local/lib/python3.12/site-packages/airflow/example_dags/example_sensor_decorator.py took 0.052 seconds
[2026-05-23T17:15:59.199+0000] {processor.py:186} INFO - Started process (PID=3446) to work on /home/airflow/.local/lib/python3.12/site-packages/airflow/example_dags/example_sensor_decorator.py
[2026-05-23T17:15:59.200+0000] {processor.py:914} INFO - Processing file /home/airflow/.local/lib/python3.12/site-packages/airflow/example_dags/example_sensor_decorator.py for tasks to queue
[2026-05-23T17:15:59.201+0000] {logging_mixin.py:190} INFO - [2026-05-23T17:15:59.201+0000] {dagbag.py:588} INFO - Filling up the DagBag from /home/airflow/.local/lib/python3.12/site-packages/airflow/example_dags/example_sensor_decorator.py
[2026-05-23T17:15:59.208+0000] {processor.py:925} INFO - DAG(s) 'example_sensor_decorator' retrieved from /home/airflow/.local/lib/python3.12/site-packages/airflow/example_dags/example_sensor_decorator.py
[2026-05-23T17:15:59.224+0000] {logging_mixin.py:190} INFO - [2026-05-23T17:15:59.223+0000] {dag.py:3239} INFO - Sync 1 DAGs
[2026-05-23T17:15:59.239+0000] {logging_mixin.py:190} INFO - [2026-05-23T17:15:59.239+0000] {dag.py:4180} INFO - Setting next_dagrun for example_sensor_decorator to None, run_after=None
[2026-05-23T17:15:59.254+0000] {processor.py:208} INFO - Processing /home/airflow/.local/lib/python3.12/site-packages/airflow/example_dags/example_sensor_decorator.py took 0.060 seconds
[2026-05-23T17:16:30.423+0000] {processor.py:186} INFO - Started process (PID=3517) to work on /home/airflow/.local/lib/python3.12/site-packages/airflow/example_dags/example_sensor_decorator.py
[2026-05-23T17:16:30.424+0000] {processor.py:914} INFO - Processing file /home/airflow/.local/lib/python3.12/site-packages/airflow/example_dags/example_sensor_decorator.py for tasks to queue
[2026-05-23T17:16:30.426+0000] {logging_mixin.py:190} INFO - [2026-05-23T17:16:30.425+0000] {dagbag.py:588} INFO - Filling up the DagBag from /home/airflow/.local/lib/python3.12/site-packages/airflow/example_dags/example_sensor_decorator.py
[2026-05-23T17:16:30.432+0000] {processor.py:925} INFO - DAG(s) 'example_sensor_decorator' retrieved from /home/airflow/.local/lib/python3.12/site-packages/airflow/example_dags/example_sensor_decorator.py
[2026-05-23T17:16:30.448+0000] {logging_mixin.py:190} INFO - [2026-05-23T17:16:30.448+0000] {dag.py:3239} INFO - Sync 1 DAGs
[2026-05-23T17:16:30.462+0000] {logging_mixin.py:190} INFO - [2026-05-23T17:16:30.461+0000] {dag.py:4180} INFO - Setting next_dagrun for example_sensor_decorator to None, run_after=None
[2026-05-23T17:16:30.482+0000] {processor.py:208} INFO - Processing /home/airflow/.local/lib/python3.12/site-packages/airflow/example_dags/example_sensor_decorator.py took 0.064 seconds
[2026-05-23T17:17:01.752+0000] {processor.py:186} INFO - Started process (PID=3582) to work on /home/airflow/.local/lib/python3.12/site-packages/airflow/example_dags/example_sensor_decorator.py
[2026-05-23T17:17:01.753+0000] {processor.py:914} INFO - Processing file /home/airflow/.local/lib/python3.12/site-packages/airflow/example_dags/example_sensor_decorator.py for tasks to queue
[2026-05-23T17:17:01.755+0000] {logging_mixin.py:190} INFO - [2026-05-23T17:17:01.755+0000] {dagbag.py:588} INFO - Filling up the DagBag from /home/airflow/.local/lib/python3.12/site-packages/airflow/example_dags/example_sensor_decorator.py
[2026-05-23T17:17:01.764+0000] {processor.py:925} INFO - DAG(s) 'example_sensor_decorator' retrieved from /home/airflow/.local/lib/python3.12/site-packages/airflow/example_dags/example_sensor_decorator.py
[2026-05-23T17:17:01.783+0000] {logging_mixin.py:190} INFO - [2026-05-23T17:17:01.783+0000] {dag.py:3239} INFO - Sync 1 DAGs
[2026-05-23T17:17:01.801+0000] {logging_mixin.py:190} INFO - [2026-05-23T17:17:01.801+0000] {dag.py:4180} INFO - Setting next_dagrun for example_sensor_decorator to None, run_after=None
[2026-05-23T17:17:01.819+0000] {processor.py:208} INFO - Processing /home/airflow/.local/lib/python3.12/site-packages/airflow/example_dags/example_sensor_decorator.py took 0.073 seconds
[2026-05-23T17:17:33.637+0000] {processor.py:186} INFO - Started process (PID=3649) to work on /home/airflow/.local/lib/python3.12/site-packages/airflow/example_dags/example_sensor_decorator.py
[2026-05-23T17:17:33.638+0000] {processor.py:914} INFO - Processing file /home/airflow/.local/lib/python3.12/site-packages/airflow/example_dags/example_sensor_decorator.py for tasks to queue
[2026-05-23T17:17:33.639+0000] {logging_mixin.py:190} INFO - [2026-05-23T17:17:33.639+0000] {dagbag.py:588} INFO - Filling up the DagBag from /home/airflow/.local/lib/python3.12/site-packages/airflow/example_dags/example_sensor_decorator.py
[2026-05-23T17:17:33.645+0000] {processor.py:925} INFO - DAG(s) 'example_sensor_decorator' retrieved from /home/airflow/.local/lib/python3.12/site-packages/airflow/example_dags/example_sensor_decorator.py
[2026-05-23T17:17:33.660+0000] {logging_mixin.py:190} INFO - [2026-05-23T17:17:33.660+0000] {dag.py:3239} INFO - Sync 1 DAGs
[2026-05-23T17:17:33.671+0000] {logging_mixin.py:190} INFO - [2026-05-23T17:17:33.671+0000] {dag.py:4180} INFO - Setting next_dagrun for example_sensor_decorator to None, run_after=None
[2026-05-23T17:17:33.686+0000] {processor.py:208} INFO - Processing /home/airflow/.local/lib/python3.12/site-packages/airflow/example_dags/example_sensor_decorator.py took 0.054 seconds
[2026-05-23T17:18:04.880+0000] {processor.py:186} INFO - Started process (PID=3713) to work on /home/airflow/.local/lib/python3.12/site-packages/airflow/example_dags/example_sensor_decorator.py
[2026-05-23T17:18:04.880+0000] {processor.py:914} INFO - Processing file /home/airflow/.local/lib/python3.12/site-packages/airflow/example_dags/example_sensor_decorator.py for tasks to queue
[2026-05-23T17:18:04.882+0000] {logging_mixin.py:190} INFO - [2026-05-23T17:18:04.882+0000] {dagbag.py:588} INFO - Filling up the DagBag from /home/airflow/.local/lib/python3.12/site-packages/airflow/example_dags/example_sensor_decorator.py
[2026-05-23T17:18:04.889+0000] {processor.py:925} INFO - DAG(s) 'example_sensor_decorator' retrieved from /home/airflow/.local/lib/python3.12/site-packages/airflow/example_dags/example_sensor_decorator.py
[2026-05-23T17:18:04.904+0000] {logging_mixin.py:190} INFO - [2026-05-23T17:18:04.904+0000] {dag.py:3239} INFO - Sync 1 DAGs
[2026-05-23T17:18:04.916+0000] {logging_mixin.py:190} INFO - [2026-05-23T17:18:04.916+0000] {dag.py:4180} INFO - Setting next_dagrun for example_sensor_decorator to None, run_after=None
[2026-05-23T17:18:04.931+0000] {processor.py:208} INFO - Processing /home/airflow/.local/lib/python3.12/site-packages/airflow/example_dags/example_sensor_decorator.py took 0.057 seconds
[2026-05-23T17:18:36.934+0000] {processor.py:186} INFO - Started process (PID=3779) to work on /home/airflow/.local/lib/python3.12/site-packages/airflow/example_dags/example_sensor_decorator.py
[2026-05-23T17:18:36.935+0000] {processor.py:914} INFO - Processing file /home/airflow/.local/lib/python3.12/site-packages/airflow/example_dags/example_sensor_decorator.py for tasks to queue
[2026-05-23T17:18:36.936+0000] {logging_mixin.py:190} INFO - [2026-05-23T17:18:36.936+0000] {dagbag.py:588} INFO - Filling up the DagBag from /home/airflow/.local/lib/python3.12/site-packages/airflow/example_dags/example_sensor_decorator.py
[2026-05-23T17:18:36.943+0000] {processor.py:925} INFO - DAG(s) 'example_sensor_decorator' retrieved from /home/airflow/.local/lib/python3.12/site-packages/airflow/example_dags/example_sensor_decorator.py
[2026-05-23T17:18:36.957+0000] {logging_mixin.py:190} INFO - [2026-05-23T17:18:36.957+0000] {dag.py:3239} INFO - Sync 1 DAGs
[2026-05-23T17:18:36.970+0000] {logging_mixin.py:190} INFO - [2026-05-23T17:18:36.970+0000] {dag.py:4180} INFO - Setting next_dagrun for example_sensor_decorator to None, run_after=None
[2026-05-23T17:18:36.989+0000] {processor.py:208} INFO - Processing /home/airflow/.local/lib/python3.12/site-packages/airflow/example_dags/example_sensor_decorator.py took 0.060 seconds
[2026-05-23T17:19:08.956+0000] {processor.py:186} INFO - Started process (PID=3845) to work on /home/airflow/.local/lib/python3.12/site-packages/airflow/example_dags/example_sensor_decorator.py
[2026-05-23T17:19:08.956+0000] {processor.py:914} INFO - Processing file /home/airflow/.local/lib/python3.12/site-packages/airflow/example_dags/example_sensor_decorator.py for tasks to queue
[2026-05-23T17:19:08.958+0000] {logging_mixin.py:190} INFO - [2026-05-23T17:19:08.958+0000] {dagbag.py:588} INFO - Filling up the DagBag from /home/airflow/.local/lib/python3.12/site-packages/airflow/example_dags/example_sensor_decorator.py
[2026-05-23T17:19:08.965+0000] {processor.py:925} INFO - DAG(s) 'example_sensor_decorator' retrieved from /home/airflow/.local/lib/python3.12/site-packages/airflow/example_dags/example_sensor_decorator.py
[2026-05-23T17:19:08.981+0000] {logging_mixin.py:190} INFO - [2026-05-23T17:19:08.981+0000] {dag.py:3239} INFO - Sync 1 DAGs
[2026-05-23T17:19:08.993+0000] {logging_mixin.py:190} INFO - [2026-05-23T17:19:08.993+0000] {dag.py:4180} INFO - Setting next_dagrun for example_sensor_decorator to None, run_after=None
[2026-05-23T17:19:09.006+0000] {processor.py:208} INFO - Processing /home/airflow/.local/lib/python3.12/site-packages/airflow/example_dags/example_sensor_decorator.py took 0.055 seconds
[2026-05-23T17:19:40.723+0000] {processor.py:186} INFO - Started process (PID=3910) to work on /home/airflow/.local/lib/python3.12/site-packages/airflow/example_dags/example_sensor_decorator.py
[2026-05-23T17:19:40.724+0000] {processor.py:914} INFO - Processing file /home/airflow/.local/lib/python3.12/site-packages/airflow/example_dags/example_sensor_decorator.py for tasks to queue
[2026-05-23T17:19:40.726+0000] {logging_mixin.py:190} INFO - [2026-05-23T17:19:40.725+0000] {dagbag.py:588} INFO - Filling up the DagBag from /home/airflow/.local/lib/python3.12/site-packages/airflow/example_dags/example_sensor_decorator.py
[2026-05-23T17:19:40.732+0000] {processor.py:925} INFO - DAG(s) 'example_sensor_decorator' retrieved from /home/airflow/.local/lib/python3.12/site-packages/airflow/example_dags/example_sensor_decorator.py
[2026-05-23T17:19:40.749+0000] {logging_mixin.py:190} INFO - [2026-05-23T17:19:40.749+0000] {dag.py:3239} INFO - Sync 1 DAGs
[2026-05-23T17:19:40.762+0000] {logging_mixin.py:190} INFO - [2026-05-23T17:19:40.762+0000] {dag.py:4180} INFO - Setting next_dagrun for example_sensor_decorator to None, run_after=None
[2026-05-23T17:19:40.777+0000] {processor.py:208} INFO - Processing /home/airflow/.local/lib/python3.12/site-packages/airflow/example_dags/example_sensor_decorator.py took 0.058 seconds
[2026-05-23T17:20:11.297+0000] {processor.py:186} INFO - Started process (PID=3975) to work on /home/airflow/.local/lib/python3.12/site-packages/airflow/example_dags/example_sensor_decorator.py
[2026-05-23T17:20:11.297+0000] {processor.py:914} INFO - Processing file /home/airflow/.local/lib/python3.12/site-packages/airflow/example_dags/example_sensor_decorator.py for tasks to queue
[2026-05-23T17:20:11.299+0000] {logging_mixin.py:190} INFO - [2026-05-23T17:20:11.299+0000] {dagbag.py:588} INFO - Filling up the DagBag from /home/airflow/.local/lib/python3.12/site-packages/airflow/example_dags/example_sensor_decorator.py
[2026-05-23T17:20:11.306+0000] {processor.py:925} INFO - DAG(s) 'example_sensor_decorator' retrieved from /home/airflow/.local/lib/python3.12/site-packages/airflow/example_dags/example_sensor_decorator.py
[2026-05-23T17:20:11.325+0000] {logging_mixin.py:190} INFO - [2026-05-23T17:20:11.325+0000] {dag.py:3239} INFO - Sync 1 DAGs
[2026-05-23T17:20:11.341+0000] {logging_mixin.py:190} INFO - [2026-05-23T17:20:11.341+0000] {dag.py:4180} INFO - Setting next_dagrun for example_sensor_decorator to None, run_after=None
[2026-05-23T17:20:11.355+0000] {processor.py:208} INFO - Processing /home/airflow/.local/lib/python3.12/site-packages/airflow/example_dags/example_sensor_decorator.py took 0.063 seconds
[2026-05-23T17:20:42.270+0000] {processor.py:186} INFO - Started process (PID=4040) to work on /home/airflow/.local/lib/python3.12/site-packages/airflow/example_dags/example_sensor_decorator.py
[2026-05-23T17:20:42.270+0000] {processor.py:914} INFO - Processing file /home/airflow/.local/lib/python3.12/site-packages/airflow/example_dags/example_sensor_decorator.py for tasks to queue
[2026-05-23T17:20:42.272+0000] {logging_mixin.py:190} INFO - [2026-05-23T17:20:42.272+0000] {dagbag.py:588} INFO - Filling up the DagBag from /home/airflow/.local/lib/python3.12/site-packages/airflow/example_dags/example_sensor_decorator.py
[2026-05-23T17:20:42.278+0000] {processor.py:925} INFO - DAG(s) 'example_sensor_decorator' retrieved from /home/airflow/.local/lib/python3.12/site-packages/airflow/example_dags/example_sensor_decorator.py
[2026-05-23T17:20:42.292+0000] {logging_mixin.py:190} INFO - [2026-05-23T17:20:42.292+0000] {dag.py:3239} INFO - Sync 1 DAGs
[2026-05-23T17:20:42.304+0000] {logging_mixin.py:190} INFO - [2026-05-23T17:20:42.304+0000] {dag.py:4180} INFO - Setting next_dagrun for example_sensor_decorator to None, run_after=None
[2026-05-23T17:20:42.317+0000] {processor.py:208} INFO - Processing /home/airflow/.local/lib/python3.12/site-packages/airflow/example_dags/example_sensor_decorator.py took 0.051 seconds
[2026-05-23T17:21:12.786+0000] {processor.py:186} INFO - Started process (PID=4105) to work on /home/airflow/.local/lib/python3.12/site-packages/airflow/example_dags/example_sensor_decorator.py
[2026-05-23T17:21:12.787+0000] {processor.py:914} INFO - Processing file /home/airflow/.local/lib/python3.12/site-packages/airflow/example_dags/example_sensor_decorator.py for tasks to queue
[2026-05-23T17:21:12.788+0000] {logging_mixin.py:190} INFO - [2026-05-23T17:21:12.788+0000] {dagbag.py:588} INFO - Filling up the DagBag from /home/airflow/.local/lib/python3.12/site-packages/airflow/example_dags/example_sensor_decorator.py
[2026-05-23T17:21:12.794+0000] {processor.py:925} INFO - DAG(s) 'example_sensor_decorator' retrieved from /home/airflow/.local/lib/python3.12/site-packages/airflow/example_dags/example_sensor_decorator.py
[2026-05-23T17:21:12.809+0000] {logging_mixin.py:190} INFO - [2026-05-23T17:21:12.808+0000] {dag.py:3239} INFO - Sync 1 DAGs
[2026-05-23T17:21:12.821+0000] {logging_mixin.py:190} INFO - [2026-05-23T17:21:12.821+0000] {dag.py:4180} INFO - Setting next_dagrun for example_sensor_decorator to None, run_after=None
[2026-05-23T17:21:12.835+0000] {processor.py:208} INFO - Processing /home/airflow/.local/lib/python3.12/site-packages/airflow/example_dags/example_sensor_decorator.py took 0.053 seconds
[2026-05-23T21:56:25.180+0000] {processor.py:186} INFO - Started process (PID=107) to work on /home/airflow/.local/lib/python3.12/site-packages/airflow/example_dags/example_sensor_decorator.py
[2026-05-23T21:56:25.213+0000] {processor.py:914} INFO - Processing file /home/airflow/.local/lib/python3.12/site-packages/airflow/example_dags/example_sensor_decorator.py for tasks to queue
[2026-05-23T21:56:25.216+0000] {logging_mixin.py:190} INFO - [2026-05-23T21:56:25.215+0000] {dagbag.py:588} INFO - Filling up the DagBag from /home/airflow/.local/lib/python3.12/site-packages/airflow/example_dags/example_sensor_decorator.py
[2026-05-23T21:56:25.228+0000] {processor.py:925} INFO - DAG(s) 'example_sensor_decorator' retrieved from /home/airflow/.local/lib/python3.12/site-packages/airflow/example_dags/example_sensor_decorator.py
[2026-05-23T21:56:25.244+0000] {logging_mixin.py:190} INFO - [2026-05-23T21:56:25.244+0000] {dag.py:3239} INFO - Sync 1 DAGs
[2026-05-23T21:56:25.258+0000] {logging_mixin.py:190} INFO - [2026-05-23T21:56:25.258+0000] {dag.py:4180} INFO - Setting next_dagrun for example_sensor_decorator to None, run_after=None
[2026-05-23T21:56:25.275+0000] {processor.py:208} INFO - Processing /home/airflow/.local/lib/python3.12/site-packages/airflow/example_dags/example_sensor_decorator.py took 0.101 seconds
