[2026-05-23T16:10:00.725+0000] {processor.py:186} INFO - Started process (PID=88) to work on /home/airflow/.local/lib/python3.12/site-packages/airflow/example_dags/example_params_ui_tutorial.py
[2026-05-23T16:10:00.726+0000] {processor.py:914} INFO - Processing file /home/airflow/.local/lib/python3.12/site-packages/airflow/example_dags/example_params_ui_tutorial.py for tasks to queue
[2026-05-23T16:10:00.728+0000] {logging_mixin.py:190} INFO - [2026-05-23T16:10:00.728+0000] {dagbag.py:588} INFO - Filling up the DagBag from /home/airflow/.local/lib/python3.12/site-packages/airflow/example_dags/example_params_ui_tutorial.py
[2026-05-23T16:10:00.744+0000] {processor.py:925} INFO - DAG(s) 'example_params_ui_tutorial' retrieved from /home/airflow/.local/lib/python3.12/site-packages/airflow/example_dags/example_params_ui_tutorial.py
[2026-05-23T16:10:00.945+0000] {logging_mixin.py:190} INFO - [2026-05-23T16:10:00.945+0000] {dag.py:3239} INFO - Sync 1 DAGs
[2026-05-23T16:10:00.961+0000] {logging_mixin.py:190} INFO - [2026-05-23T16:10:00.960+0000] {dag.py:4180} INFO - Setting next_dagrun for example_params_ui_tutorial to None, run_after=None
[2026-05-23T16:10:00.982+0000] {processor.py:208} INFO - Processing /home/airflow/.local/lib/python3.12/site-packages/airflow/example_dags/example_params_ui_tutorial.py took 0.263 seconds
[2026-05-23T16:10:31.239+0000] {processor.py:186} INFO - Started process (PID=153) to work on /home/airflow/.local/lib/python3.12/site-packages/airflow/example_dags/example_params_ui_tutorial.py
[2026-05-23T16:10:31.240+0000] {processor.py:914} INFO - Processing file /home/airflow/.local/lib/python3.12/site-packages/airflow/example_dags/example_params_ui_tutorial.py for tasks to queue
[2026-05-23T16:10:31.242+0000] {logging_mixin.py:190} INFO - [2026-05-23T16:10:31.242+0000] {dagbag.py:588} INFO - Filling up the DagBag from /home/airflow/.local/lib/python3.12/site-packages/airflow/example_dags/example_params_ui_tutorial.py
[2026-05-23T16:10:31.253+0000] {processor.py:925} INFO - DAG(s) 'example_params_ui_tutorial' retrieved from /home/airflow/.local/lib/python3.12/site-packages/airflow/example_dags/example_params_ui_tutorial.py
[2026-05-23T16:10:31.307+0000] {logging_mixin.py:190} INFO - [2026-05-23T16:10:31.307+0000] {dag.py:3239} INFO - Sync 1 DAGs
[2026-05-23T16:10:31.323+0000] {logging_mixin.py:190} INFO - [2026-05-23T16:10:31.322+0000] {dag.py:4180} INFO - Setting next_dagrun for example_params_ui_tutorial to None, run_after=None
[2026-05-23T16:10:31.336+0000] {processor.py:208} INFO - Processing /home/airflow/.local/lib/python3.12/site-packages/airflow/example_dags/example_params_ui_tutorial.py took 0.103 seconds
[2026-05-23T16:11:01.820+0000] {processor.py:186} INFO - Started process (PID=216) to work on /home/airflow/.local/lib/python3.12/site-packages/airflow/example_dags/example_params_ui_tutorial.py
[2026-05-23T16:11:01.820+0000] {processor.py:914} INFO - Processing file /home/airflow/.local/lib/python3.12/site-packages/airflow/example_dags/example_params_ui_tutorial.py for tasks to queue
[2026-05-23T16:11:01.822+0000] {logging_mixin.py:190} INFO - [2026-05-23T16:11:01.822+0000] {dagbag.py:588} INFO - Filling up the DagBag from /home/airflow/.local/lib/python3.12/site-packages/airflow/example_dags/example_params_ui_tutorial.py
[2026-05-23T16:11:01.833+0000] {processor.py:925} INFO - DAG(s) 'example_params_ui_tutorial' retrieved from /home/airflow/.local/lib/python3.12/site-packages/airflow/example_dags/example_params_ui_tutorial.py
[2026-05-23T16:11:01.883+0000] {logging_mixin.py:190} INFO - [2026-05-23T16:11:01.883+0000] {dag.py:3239} INFO - Sync 1 DAGs
[2026-05-23T16:11:01.895+0000] {logging_mixin.py:190} INFO - [2026-05-23T16:11:01.895+0000] {dag.py:4180} INFO - Setting next_dagrun for example_params_ui_tutorial to None, run_after=None
[2026-05-23T16:11:01.910+0000] {processor.py:208} INFO - Processing /home/airflow/.local/lib/python3.12/site-packages/airflow/example_dags/example_params_ui_tutorial.py took 0.096 seconds
[2026-05-23T16:11:33.672+0000] {processor.py:186} INFO - Started process (PID=280) to work on /home/airflow/.local/lib/python3.12/site-packages/airflow/example_dags/example_params_ui_tutorial.py
[2026-05-23T16:11:33.673+0000] {processor.py:914} INFO - Processing file /home/airflow/.local/lib/python3.12/site-packages/airflow/example_dags/example_params_ui_tutorial.py for tasks to queue
[2026-05-23T16:11:33.674+0000] {logging_mixin.py:190} INFO - [2026-05-23T16:11:33.674+0000] {dagbag.py:588} INFO - Filling up the DagBag from /home/airflow/.local/lib/python3.12/site-packages/airflow/example_dags/example_params_ui_tutorial.py
[2026-05-23T16:11:33.681+0000] {processor.py:925} INFO - DAG(s) 'example_params_ui_tutorial' retrieved from /home/airflow/.local/lib/python3.12/site-packages/airflow/example_dags/example_params_ui_tutorial.py
[2026-05-23T16:11:33.716+0000] {logging_mixin.py:190} INFO - [2026-05-23T16:11:33.716+0000] {dag.py:3239} INFO - Sync 1 DAGs
[2026-05-23T16:11:33.729+0000] {logging_mixin.py:190} INFO - [2026-05-23T16:11:33.728+0000] {dag.py:4180} INFO - Setting next_dagrun for example_params_ui_tutorial to None, run_after=None
[2026-05-23T16:11:33.743+0000] {processor.py:208} INFO - Processing /home/airflow/.local/lib/python3.12/site-packages/airflow/example_dags/example_params_ui_tutorial.py took 0.075 seconds
[2026-05-23T16:12:05.521+0000] {processor.py:186} INFO - Started process (PID=344) to work on /home/airflow/.local/lib/python3.12/site-packages/airflow/example_dags/example_params_ui_tutorial.py
[2026-05-23T16:12:05.522+0000] {processor.py:914} INFO - Processing file /home/airflow/.local/lib/python3.12/site-packages/airflow/example_dags/example_params_ui_tutorial.py for tasks to queue
[2026-05-23T16:12:05.524+0000] {logging_mixin.py:190} INFO - [2026-05-23T16:12:05.523+0000] {dagbag.py:588} INFO - Filling up the DagBag from /home/airflow/.local/lib/python3.12/site-packages/airflow/example_dags/example_params_ui_tutorial.py
[2026-05-23T16:12:05.535+0000] {processor.py:925} INFO - DAG(s) 'example_params_ui_tutorial' retrieved from /home/airflow/.local/lib/python3.12/site-packages/airflow/example_dags/example_params_ui_tutorial.py
[2026-05-23T16:12:05.593+0000] {logging_mixin.py:190} INFO - [2026-05-23T16:12:05.593+0000] {dag.py:3239} INFO - Sync 1 DAGs
[2026-05-23T16:12:05.610+0000] {logging_mixin.py:190} INFO - [2026-05-23T16:12:05.610+0000] {dag.py:4180} INFO - Setting next_dagrun for example_params_ui_tutorial to None, run_after=None
[2026-05-23T16:12:05.628+0000] {processor.py:208} INFO - Processing /home/airflow/.local/lib/python3.12/site-packages/airflow/example_dags/example_params_ui_tutorial.py took 0.114 seconds
[2026-05-23T16:12:36.084+0000] {processor.py:186} INFO - Started process (PID=408) to work on /home/airflow/.local/lib/python3.12/site-packages/airflow/example_dags/example_params_ui_tutorial.py
[2026-05-23T16:12:36.085+0000] {processor.py:914} INFO - Processing file /home/airflow/.local/lib/python3.12/site-packages/airflow/example_dags/example_params_ui_tutorial.py for tasks to queue
[2026-05-23T16:12:36.086+0000] {logging_mixin.py:190} INFO - [2026-05-23T16:12:36.086+0000] {dagbag.py:588} INFO - Filling up the DagBag from /home/airflow/.local/lib/python3.12/site-packages/airflow/example_dags/example_params_ui_tutorial.py
[2026-05-23T16:12:36.094+0000] {processor.py:925} INFO - DAG(s) 'example_params_ui_tutorial' retrieved from /home/airflow/.local/lib/python3.12/site-packages/airflow/example_dags/example_params_ui_tutorial.py
[2026-05-23T16:12:36.135+0000] {logging_mixin.py:190} INFO - [2026-05-23T16:12:36.135+0000] {dag.py:3239} INFO - Sync 1 DAGs
[2026-05-23T16:12:36.147+0000] {logging_mixin.py:190} INFO - [2026-05-23T16:12:36.147+0000] {dag.py:4180} INFO - Setting next_dagrun for example_params_ui_tutorial to None, run_after=None
[2026-05-23T16:12:36.162+0000] {processor.py:208} INFO - Processing /home/airflow/.local/lib/python3.12/site-packages/airflow/example_dags/example_params_ui_tutorial.py took 0.083 seconds
[2026-05-23T16:13:07.004+0000] {processor.py:186} INFO - Started process (PID=472) to work on /home/airflow/.local/lib/python3.12/site-packages/airflow/example_dags/example_params_ui_tutorial.py
[2026-05-23T16:13:07.005+0000] {processor.py:914} INFO - Processing file /home/airflow/.local/lib/python3.12/site-packages/airflow/example_dags/example_params_ui_tutorial.py for tasks to queue
[2026-05-23T16:13:07.006+0000] {logging_mixin.py:190} INFO - [2026-05-23T16:13:07.006+0000] {dagbag.py:588} INFO - Filling up the DagBag from /home/airflow/.local/lib/python3.12/site-packages/airflow/example_dags/example_params_ui_tutorial.py
[2026-05-23T16:13:07.013+0000] {processor.py:925} INFO - DAG(s) 'example_params_ui_tutorial' retrieved from /home/airflow/.local/lib/python3.12/site-packages/airflow/example_dags/example_params_ui_tutorial.py
[2026-05-23T16:13:07.048+0000] {logging_mixin.py:190} INFO - [2026-05-23T16:13:07.048+0000] {dag.py:3239} INFO - Sync 1 DAGs
[2026-05-23T16:13:07.060+0000] {logging_mixin.py:190} INFO - [2026-05-23T16:13:07.060+0000] {dag.py:4180} INFO - Setting next_dagrun for example_params_ui_tutorial to None, run_after=None
[2026-05-23T16:13:07.073+0000] {processor.py:208} INFO - Processing /home/airflow/.local/lib/python3.12/site-packages/airflow/example_dags/example_params_ui_tutorial.py took 0.073 seconds
[2026-05-23T16:13:37.707+0000] {processor.py:186} INFO - Started process (PID=536) to work on /home/airflow/.local/lib/python3.12/site-packages/airflow/example_dags/example_params_ui_tutorial.py
[2026-05-23T16:13:37.708+0000] {processor.py:914} INFO - Processing file /home/airflow/.local/lib/python3.12/site-packages/airflow/example_dags/example_params_ui_tutorial.py for tasks to queue
[2026-05-23T16:13:37.710+0000] {logging_mixin.py:190} INFO - [2026-05-23T16:13:37.709+0000] {dagbag.py:588} INFO - Filling up the DagBag from /home/airflow/.local/lib/python3.12/site-packages/airflow/example_dags/example_params_ui_tutorial.py
[2026-05-23T16:13:37.719+0000] {processor.py:925} INFO - DAG(s) 'example_params_ui_tutorial' retrieved from /home/airflow/.local/lib/python3.12/site-packages/airflow/example_dags/example_params_ui_tutorial.py
[2026-05-23T16:13:37.759+0000] {logging_mixin.py:190} INFO - [2026-05-23T16:13:37.759+0000] {dag.py:3239} INFO - Sync 1 DAGs
[2026-05-23T16:13:37.770+0000] {logging_mixin.py:190} INFO - [2026-05-23T16:13:37.770+0000] {dag.py:4180} INFO - Setting next_dagrun for example_params_ui_tutorial to None, run_after=None
[2026-05-23T16:13:37.782+0000] {processor.py:208} INFO - Processing /home/airflow/.local/lib/python3.12/site-packages/airflow/example_dags/example_params_ui_tutorial.py took 0.081 seconds
[2026-05-23T16:14:08.377+0000] {processor.py:186} INFO - Started process (PID=600) to work on /home/airflow/.local/lib/python3.12/site-packages/airflow/example_dags/example_params_ui_tutorial.py
[2026-05-23T16:14:08.378+0000] {processor.py:914} INFO - Processing file /home/airflow/.local/lib/python3.12/site-packages/airflow/example_dags/example_params_ui_tutorial.py for tasks to queue
[2026-05-23T16:14:08.380+0000] {logging_mixin.py:190} INFO - [2026-05-23T16:14:08.379+0000] {dagbag.py:588} INFO - Filling up the DagBag from /home/airflow/.local/lib/python3.12/site-packages/airflow/example_dags/example_params_ui_tutorial.py
[2026-05-23T16:14:08.389+0000] {processor.py:925} INFO - DAG(s) 'example_params_ui_tutorial' retrieved from /home/airflow/.local/lib/python3.12/site-packages/airflow/example_dags/example_params_ui_tutorial.py
[2026-05-23T16:14:08.445+0000] {logging_mixin.py:190} INFO - [2026-05-23T16:14:08.444+0000] {dag.py:3239} INFO - Sync 1 DAGs
[2026-05-23T16:14:08.457+0000] {logging_mixin.py:190} INFO - [2026-05-23T16:14:08.457+0000] {dag.py:4180} INFO - Setting next_dagrun for example_params_ui_tutorial to None, run_after=None
[2026-05-23T16:14:08.472+0000] {processor.py:208} INFO - Processing /home/airflow/.local/lib/python3.12/site-packages/airflow/example_dags/example_params_ui_tutorial.py took 0.101 seconds
[2026-05-23T16:14:39.444+0000] {processor.py:186} INFO - Started process (PID=664) to work on /home/airflow/.local/lib/python3.12/site-packages/airflow/example_dags/example_params_ui_tutorial.py
[2026-05-23T16:14:39.445+0000] {processor.py:914} INFO - Processing file /home/airflow/.local/lib/python3.12/site-packages/airflow/example_dags/example_params_ui_tutorial.py for tasks to queue
[2026-05-23T16:14:39.446+0000] {logging_mixin.py:190} INFO - [2026-05-23T16:14:39.446+0000] {dagbag.py:588} INFO - Filling up the DagBag from /home/airflow/.local/lib/python3.12/site-packages/airflow/example_dags/example_params_ui_tutorial.py
[2026-05-23T16:14:39.453+0000] {processor.py:925} INFO - DAG(s) 'example_params_ui_tutorial' retrieved from /home/airflow/.local/lib/python3.12/site-packages/airflow/example_dags/example_params_ui_tutorial.py
[2026-05-23T16:14:39.489+0000] {logging_mixin.py:190} INFO - [2026-05-23T16:14:39.489+0000] {dag.py:3239} INFO - Sync 1 DAGs
[2026-05-23T16:14:39.500+0000] {logging_mixin.py:190} INFO - [2026-05-23T16:14:39.500+0000] {dag.py:4180} INFO - Setting next_dagrun for example_params_ui_tutorial to None, run_after=None
[2026-05-23T16:14:39.515+0000] {processor.py:208} INFO - Processing /home/airflow/.local/lib/python3.12/site-packages/airflow/example_dags/example_params_ui_tutorial.py took 0.075 seconds
[2026-05-23T16:15:10.300+0000] {processor.py:186} INFO - Started process (PID=730) to work on /home/airflow/.local/lib/python3.12/site-packages/airflow/example_dags/example_params_ui_tutorial.py
[2026-05-23T16:15:10.300+0000] {processor.py:914} INFO - Processing file /home/airflow/.local/lib/python3.12/site-packages/airflow/example_dags/example_params_ui_tutorial.py for tasks to queue
[2026-05-23T16:15:10.302+0000] {logging_mixin.py:190} INFO - [2026-05-23T16:15:10.301+0000] {dagbag.py:588} INFO - Filling up the DagBag from /home/airflow/.local/lib/python3.12/site-packages/airflow/example_dags/example_params_ui_tutorial.py
[2026-05-23T16:15:10.309+0000] {processor.py:925} INFO - DAG(s) 'example_params_ui_tutorial' retrieved from /home/airflow/.local/lib/python3.12/site-packages/airflow/example_dags/example_params_ui_tutorial.py
[2026-05-23T16:15:10.343+0000] {logging_mixin.py:190} INFO - [2026-05-23T16:15:10.343+0000] {dag.py:3239} INFO - Sync 1 DAGs
[2026-05-23T16:15:10.354+0000] {logging_mixin.py:190} INFO - [2026-05-23T16:15:10.354+0000] {dag.py:4180} INFO - Setting next_dagrun for example_params_ui_tutorial to None, run_after=None
[2026-05-23T16:15:10.367+0000] {processor.py:208} INFO - Processing /home/airflow/.local/lib/python3.12/site-packages/airflow/example_dags/example_params_ui_tutorial.py took 0.071 seconds
[2026-05-23T16:15:41.307+0000] {processor.py:186} INFO - Started process (PID=795) to work on /home/airflow/.local/lib/python3.12/site-packages/airflow/example_dags/example_params_ui_tutorial.py
[2026-05-23T16:15:41.308+0000] {processor.py:914} INFO - Processing file /home/airflow/.local/lib/python3.12/site-packages/airflow/example_dags/example_params_ui_tutorial.py for tasks to queue
[2026-05-23T16:15:41.309+0000] {logging_mixin.py:190} INFO - [2026-05-23T16:15:41.309+0000] {dagbag.py:588} INFO - Filling up the DagBag from /home/airflow/.local/lib/python3.12/site-packages/airflow/example_dags/example_params_ui_tutorial.py
[2026-05-23T16:15:41.316+0000] {processor.py:925} INFO - DAG(s) 'example_params_ui_tutorial' retrieved from /home/airflow/.local/lib/python3.12/site-packages/airflow/example_dags/example_params_ui_tutorial.py
[2026-05-23T16:15:41.370+0000] {logging_mixin.py:190} INFO - [2026-05-23T16:15:41.370+0000] {dag.py:3239} INFO - Sync 1 DAGs
[2026-05-23T16:15:41.382+0000] {logging_mixin.py:190} INFO - [2026-05-23T16:15:41.382+0000] {dag.py:4180} INFO - Setting next_dagrun for example_params_ui_tutorial to None, run_after=None
[2026-05-23T16:15:41.395+0000] {processor.py:208} INFO - Processing /home/airflow/.local/lib/python3.12/site-packages/airflow/example_dags/example_params_ui_tutorial.py took 0.092 seconds
[2026-05-23T16:16:12.681+0000] {processor.py:186} INFO - Started process (PID=860) to work on /home/airflow/.local/lib/python3.12/site-packages/airflow/example_dags/example_params_ui_tutorial.py
[2026-05-23T16:16:12.682+0000] {processor.py:914} INFO - Processing file /home/airflow/.local/lib/python3.12/site-packages/airflow/example_dags/example_params_ui_tutorial.py for tasks to queue
[2026-05-23T16:16:12.684+0000] {logging_mixin.py:190} INFO - [2026-05-23T16:16:12.684+0000] {dagbag.py:588} INFO - Filling up the DagBag from /home/airflow/.local/lib/python3.12/site-packages/airflow/example_dags/example_params_ui_tutorial.py
[2026-05-23T16:16:12.693+0000] {processor.py:925} INFO - DAG(s) 'example_params_ui_tutorial' retrieved from /home/airflow/.local/lib/python3.12/site-packages/airflow/example_dags/example_params_ui_tutorial.py
[2026-05-23T16:16:12.752+0000] {logging_mixin.py:190} INFO - [2026-05-23T16:16:12.752+0000] {dag.py:3239} INFO - Sync 1 DAGs
[2026-05-23T16:16:12.769+0000] {logging_mixin.py:190} INFO - [2026-05-23T16:16:12.769+0000] {dag.py:4180} INFO - Setting next_dagrun for example_params_ui_tutorial to None, run_after=None
[2026-05-23T16:16:12.786+0000] {processor.py:208} INFO - Processing /home/airflow/.local/lib/python3.12/site-packages/airflow/example_dags/example_params_ui_tutorial.py took 0.110 seconds
[2026-05-23T16:16:44.050+0000] {processor.py:186} INFO - Started process (PID=925) to work on /home/airflow/.local/lib/python3.12/site-packages/airflow/example_dags/example_params_ui_tutorial.py
[2026-05-23T16:16:44.050+0000] {processor.py:914} INFO - Processing file /home/airflow/.local/lib/python3.12/site-packages/airflow/example_dags/example_params_ui_tutorial.py for tasks to queue
[2026-05-23T16:16:44.052+0000] {logging_mixin.py:190} INFO - [2026-05-23T16:16:44.051+0000] {dagbag.py:588} INFO - Filling up the DagBag from /home/airflow/.local/lib/python3.12/site-packages/airflow/example_dags/example_params_ui_tutorial.py
[2026-05-23T16:16:44.059+0000] {processor.py:925} INFO - DAG(s) 'example_params_ui_tutorial' retrieved from /home/airflow/.local/lib/python3.12/site-packages/airflow/example_dags/example_params_ui_tutorial.py
[2026-05-23T16:16:44.093+0000] {logging_mixin.py:190} INFO - [2026-05-23T16:16:44.093+0000] {dag.py:3239} INFO - Sync 1 DAGs
[2026-05-23T16:16:44.104+0000] {logging_mixin.py:190} INFO - [2026-05-23T16:16:44.104+0000] {dag.py:4180} INFO - Setting next_dagrun for example_params_ui_tutorial to None, run_after=None
[2026-05-23T16:16:44.116+0000] {processor.py:208} INFO - Processing /home/airflow/.local/lib/python3.12/site-packages/airflow/example_dags/example_params_ui_tutorial.py took 0.071 seconds
[2026-05-23T16:17:14.715+0000] {processor.py:186} INFO - Started process (PID=990) to work on /home/airflow/.local/lib/python3.12/site-packages/airflow/example_dags/example_params_ui_tutorial.py
[2026-05-23T16:17:14.715+0000] {processor.py:914} INFO - Processing file /home/airflow/.local/lib/python3.12/site-packages/airflow/example_dags/example_params_ui_tutorial.py for tasks to queue
[2026-05-23T16:17:14.717+0000] {logging_mixin.py:190} INFO - [2026-05-23T16:17:14.717+0000] {dagbag.py:588} INFO - Filling up the DagBag from /home/airflow/.local/lib/python3.12/site-packages/airflow/example_dags/example_params_ui_tutorial.py
[2026-05-23T16:17:14.724+0000] {processor.py:925} INFO - DAG(s) 'example_params_ui_tutorial' retrieved from /home/airflow/.local/lib/python3.12/site-packages/airflow/example_dags/example_params_ui_tutorial.py
[2026-05-23T16:17:14.758+0000] {logging_mixin.py:190} INFO - [2026-05-23T16:17:14.758+0000] {dag.py:3239} INFO - Sync 1 DAGs
[2026-05-23T16:17:14.769+0000] {logging_mixin.py:190} INFO - [2026-05-23T16:17:14.769+0000] {dag.py:4180} INFO - Setting next_dagrun for example_params_ui_tutorial to None, run_after=None
[2026-05-23T16:17:14.782+0000] {processor.py:208} INFO - Processing /home/airflow/.local/lib/python3.12/site-packages/airflow/example_dags/example_params_ui_tutorial.py took 0.071 seconds
[2026-05-23T16:17:45.958+0000] {processor.py:186} INFO - Started process (PID=1055) to work on /home/airflow/.local/lib/python3.12/site-packages/airflow/example_dags/example_params_ui_tutorial.py
[2026-05-23T16:17:45.959+0000] {processor.py:914} INFO - Processing file /home/airflow/.local/lib/python3.12/site-packages/airflow/example_dags/example_params_ui_tutorial.py for tasks to queue
[2026-05-23T16:17:45.961+0000] {logging_mixin.py:190} INFO - [2026-05-23T16:17:45.961+0000] {dagbag.py:588} INFO - Filling up the DagBag from /home/airflow/.local/lib/python3.12/site-packages/airflow/example_dags/example_params_ui_tutorial.py
[2026-05-23T16:17:45.969+0000] {processor.py:925} INFO - DAG(s) 'example_params_ui_tutorial' retrieved from /home/airflow/.local/lib/python3.12/site-packages/airflow/example_dags/example_params_ui_tutorial.py
[2026-05-23T16:17:46.008+0000] {logging_mixin.py:190} INFO - [2026-05-23T16:17:46.008+0000] {dag.py:3239} INFO - Sync 1 DAGs
[2026-05-23T16:17:46.021+0000] {logging_mixin.py:190} INFO - [2026-05-23T16:17:46.021+0000] {dag.py:4180} INFO - Setting next_dagrun for example_params_ui_tutorial to None, run_after=None
[2026-05-23T16:17:46.036+0000] {processor.py:208} INFO - Processing /home/airflow/.local/lib/python3.12/site-packages/airflow/example_dags/example_params_ui_tutorial.py took 0.082 seconds
[2026-05-23T16:18:17.400+0000] {processor.py:186} INFO - Started process (PID=1120) to work on /home/airflow/.local/lib/python3.12/site-packages/airflow/example_dags/example_params_ui_tutorial.py
[2026-05-23T16:18:17.401+0000] {processor.py:914} INFO - Processing file /home/airflow/.local/lib/python3.12/site-packages/airflow/example_dags/example_params_ui_tutorial.py for tasks to queue
[2026-05-23T16:18:17.403+0000] {logging_mixin.py:190} INFO - [2026-05-23T16:18:17.403+0000] {dagbag.py:588} INFO - Filling up the DagBag from /home/airflow/.local/lib/python3.12/site-packages/airflow/example_dags/example_params_ui_tutorial.py
[2026-05-23T16:18:17.412+0000] {processor.py:925} INFO - DAG(s) 'example_params_ui_tutorial' retrieved from /home/airflow/.local/lib/python3.12/site-packages/airflow/example_dags/example_params_ui_tutorial.py
[2026-05-23T16:18:17.450+0000] {logging_mixin.py:190} INFO - [2026-05-23T16:18:17.450+0000] {dag.py:3239} INFO - Sync 1 DAGs
[2026-05-23T16:18:17.461+0000] {logging_mixin.py:190} INFO - [2026-05-23T16:18:17.461+0000] {dag.py:4180} INFO - Setting next_dagrun for example_params_ui_tutorial to None, run_after=None
[2026-05-23T16:18:17.474+0000] {processor.py:208} INFO - Processing /home/airflow/.local/lib/python3.12/site-packages/airflow/example_dags/example_params_ui_tutorial.py took 0.080 seconds
[2026-05-23T16:18:48.894+0000] {processor.py:186} INFO - Started process (PID=1185) to work on /home/airflow/.local/lib/python3.12/site-packages/airflow/example_dags/example_params_ui_tutorial.py
[2026-05-23T16:18:48.895+0000] {processor.py:914} INFO - Processing file /home/airflow/.local/lib/python3.12/site-packages/airflow/example_dags/example_params_ui_tutorial.py for tasks to queue
[2026-05-23T16:18:48.897+0000] {logging_mixin.py:190} INFO - [2026-05-23T16:18:48.897+0000] {dagbag.py:588} INFO - Filling up the DagBag from /home/airflow/.local/lib/python3.12/site-packages/airflow/example_dags/example_params_ui_tutorial.py
[2026-05-23T16:18:48.907+0000] {processor.py:925} INFO - DAG(s) 'example_params_ui_tutorial' retrieved from /home/airflow/.local/lib/python3.12/site-packages/airflow/example_dags/example_params_ui_tutorial.py
[2026-05-23T16:18:48.973+0000] {logging_mixin.py:190} INFO - [2026-05-23T16:18:48.972+0000] {dag.py:3239} INFO - Sync 1 DAGs
[2026-05-23T16:18:48.988+0000] {logging_mixin.py:190} INFO - [2026-05-23T16:18:48.988+0000] {dag.py:4180} INFO - Setting next_dagrun for example_params_ui_tutorial to None, run_after=None
[2026-05-23T16:18:49.006+0000] {processor.py:208} INFO - Processing /home/airflow/.local/lib/python3.12/site-packages/airflow/example_dags/example_params_ui_tutorial.py took 0.116 seconds
[2026-05-23T16:19:20.302+0000] {processor.py:186} INFO - Started process (PID=1250) to work on /home/airflow/.local/lib/python3.12/site-packages/airflow/example_dags/example_params_ui_tutorial.py
[2026-05-23T16:19:20.302+0000] {processor.py:914} INFO - Processing file /home/airflow/.local/lib/python3.12/site-packages/airflow/example_dags/example_params_ui_tutorial.py for tasks to queue
[2026-05-23T16:19:20.304+0000] {logging_mixin.py:190} INFO - [2026-05-23T16:19:20.304+0000] {dagbag.py:588} INFO - Filling up the DagBag from /home/airflow/.local/lib/python3.12/site-packages/airflow/example_dags/example_params_ui_tutorial.py
[2026-05-23T16:19:20.314+0000] {processor.py:925} INFO - DAG(s) 'example_params_ui_tutorial' retrieved from /home/airflow/.local/lib/python3.12/site-packages/airflow/example_dags/example_params_ui_tutorial.py
[2026-05-23T16:19:20.351+0000] {logging_mixin.py:190} INFO - [2026-05-23T16:19:20.351+0000] {dag.py:3239} INFO - Sync 1 DAGs
[2026-05-23T16:19:20.369+0000] {logging_mixin.py:190} INFO - [2026-05-23T16:19:20.369+0000] {dag.py:4180} INFO - Setting next_dagrun for example_params_ui_tutorial to None, run_after=None
[2026-05-23T16:19:20.386+0000] {processor.py:208} INFO - Processing /home/airflow/.local/lib/python3.12/site-packages/airflow/example_dags/example_params_ui_tutorial.py took 0.090 seconds
[2026-05-23T16:19:51.485+0000] {processor.py:186} INFO - Started process (PID=1321) to work on /home/airflow/.local/lib/python3.12/site-packages/airflow/example_dags/example_params_ui_tutorial.py
[2026-05-23T16:19:51.485+0000] {processor.py:914} INFO - Processing file /home/airflow/.local/lib/python3.12/site-packages/airflow/example_dags/example_params_ui_tutorial.py for tasks to queue
[2026-05-23T16:19:51.487+0000] {logging_mixin.py:190} INFO - [2026-05-23T16:19:51.487+0000] {dagbag.py:588} INFO - Filling up the DagBag from /home/airflow/.local/lib/python3.12/site-packages/airflow/example_dags/example_params_ui_tutorial.py
[2026-05-23T16:19:51.494+0000] {processor.py:925} INFO - DAG(s) 'example_params_ui_tutorial' retrieved from /home/airflow/.local/lib/python3.12/site-packages/airflow/example_dags/example_params_ui_tutorial.py
[2026-05-23T16:19:51.533+0000] {logging_mixin.py:190} INFO - [2026-05-23T16:19:51.533+0000] {dag.py:3239} INFO - Sync 1 DAGs
[2026-05-23T16:19:51.545+0000] {logging_mixin.py:190} INFO - [2026-05-23T16:19:51.544+0000] {dag.py:4180} INFO - Setting next_dagrun for example_params_ui_tutorial to None, run_after=None
[2026-05-23T16:19:51.558+0000] {processor.py:208} INFO - Processing /home/airflow/.local/lib/python3.12/site-packages/airflow/example_dags/example_params_ui_tutorial.py took 0.077 seconds
[2026-05-23T16:20:23.049+0000] {processor.py:186} INFO - Started process (PID=1386) to work on /home/airflow/.local/lib/python3.12/site-packages/airflow/example_dags/example_params_ui_tutorial.py
[2026-05-23T16:20:23.050+0000] {processor.py:914} INFO - Processing file /home/airflow/.local/lib/python3.12/site-packages/airflow/example_dags/example_params_ui_tutorial.py for tasks to queue
[2026-05-23T16:20:23.051+0000] {logging_mixin.py:190} INFO - [2026-05-23T16:20:23.051+0000] {dagbag.py:588} INFO - Filling up the DagBag from /home/airflow/.local/lib/python3.12/site-packages/airflow/example_dags/example_params_ui_tutorial.py
[2026-05-23T16:20:23.058+0000] {processor.py:925} INFO - DAG(s) 'example_params_ui_tutorial' retrieved from /home/airflow/.local/lib/python3.12/site-packages/airflow/example_dags/example_params_ui_tutorial.py
[2026-05-23T16:20:23.099+0000] {logging_mixin.py:190} INFO - [2026-05-23T16:20:23.099+0000] {dag.py:3239} INFO - Sync 1 DAGs
[2026-05-23T16:20:23.111+0000] {logging_mixin.py:190} INFO - [2026-05-23T16:20:23.111+0000] {dag.py:4180} INFO - Setting next_dagrun for example_params_ui_tutorial to None, run_after=None
[2026-05-23T16:20:23.123+0000] {processor.py:208} INFO - Processing /home/airflow/.local/lib/python3.12/site-packages/airflow/example_dags/example_params_ui_tutorial.py took 0.078 seconds
[2026-05-23T16:20:54.327+0000] {processor.py:186} INFO - Started process (PID=1451) to work on /home/airflow/.local/lib/python3.12/site-packages/airflow/example_dags/example_params_ui_tutorial.py
[2026-05-23T16:20:54.328+0000] {processor.py:914} INFO - Processing file /home/airflow/.local/lib/python3.12/site-packages/airflow/example_dags/example_params_ui_tutorial.py for tasks to queue
[2026-05-23T16:20:54.329+0000] {logging_mixin.py:190} INFO - [2026-05-23T16:20:54.329+0000] {dagbag.py:588} INFO - Filling up the DagBag from /home/airflow/.local/lib/python3.12/site-packages/airflow/example_dags/example_params_ui_tutorial.py
[2026-05-23T16:20:54.337+0000] {processor.py:925} INFO - DAG(s) 'example_params_ui_tutorial' retrieved from /home/airflow/.local/lib/python3.12/site-packages/airflow/example_dags/example_params_ui_tutorial.py
[2026-05-23T16:20:54.373+0000] {logging_mixin.py:190} INFO - [2026-05-23T16:20:54.373+0000] {dag.py:3239} INFO - Sync 1 DAGs
[2026-05-23T16:20:54.385+0000] {logging_mixin.py:190} INFO - [2026-05-23T16:20:54.385+0000] {dag.py:4180} INFO - Setting next_dagrun for example_params_ui_tutorial to None, run_after=None
[2026-05-23T16:20:54.402+0000] {processor.py:208} INFO - Processing /home/airflow/.local/lib/python3.12/site-packages/airflow/example_dags/example_params_ui_tutorial.py took 0.080 seconds
[2026-05-23T16:21:25.764+0000] {processor.py:186} INFO - Started process (PID=1516) to work on /home/airflow/.local/lib/python3.12/site-packages/airflow/example_dags/example_params_ui_tutorial.py
[2026-05-23T16:21:25.764+0000] {processor.py:914} INFO - Processing file /home/airflow/.local/lib/python3.12/site-packages/airflow/example_dags/example_params_ui_tutorial.py for tasks to queue
[2026-05-23T16:21:25.765+0000] {logging_mixin.py:190} INFO - [2026-05-23T16:21:25.765+0000] {dagbag.py:588} INFO - Filling up the DagBag from /home/airflow/.local/lib/python3.12/site-packages/airflow/example_dags/example_params_ui_tutorial.py
[2026-05-23T16:21:25.772+0000] {processor.py:925} INFO - DAG(s) 'example_params_ui_tutorial' retrieved from /home/airflow/.local/lib/python3.12/site-packages/airflow/example_dags/example_params_ui_tutorial.py
[2026-05-23T16:21:25.806+0000] {logging_mixin.py:190} INFO - [2026-05-23T16:21:25.806+0000] {dag.py:3239} INFO - Sync 1 DAGs
[2026-05-23T16:21:25.817+0000] {logging_mixin.py:190} INFO - [2026-05-23T16:21:25.817+0000] {dag.py:4180} INFO - Setting next_dagrun for example_params_ui_tutorial to None, run_after=None
[2026-05-23T16:21:25.830+0000] {processor.py:208} INFO - Processing /home/airflow/.local/lib/python3.12/site-packages/airflow/example_dags/example_params_ui_tutorial.py took 0.071 seconds
[2026-05-23T16:21:57.414+0000] {processor.py:186} INFO - Started process (PID=1581) to work on /home/airflow/.local/lib/python3.12/site-packages/airflow/example_dags/example_params_ui_tutorial.py
[2026-05-23T16:21:57.414+0000] {processor.py:914} INFO - Processing file /home/airflow/.local/lib/python3.12/site-packages/airflow/example_dags/example_params_ui_tutorial.py for tasks to queue
[2026-05-23T16:21:57.416+0000] {logging_mixin.py:190} INFO - [2026-05-23T16:21:57.416+0000] {dagbag.py:588} INFO - Filling up the DagBag from /home/airflow/.local/lib/python3.12/site-packages/airflow/example_dags/example_params_ui_tutorial.py
[2026-05-23T16:21:57.427+0000] {processor.py:925} INFO - DAG(s) 'example_params_ui_tutorial' retrieved from /home/airflow/.local/lib/python3.12/site-packages/airflow/example_dags/example_params_ui_tutorial.py
[2026-05-23T16:21:57.483+0000] {logging_mixin.py:190} INFO - [2026-05-23T16:21:57.483+0000] {dag.py:3239} INFO - Sync 1 DAGs
[2026-05-23T16:21:57.500+0000] {logging_mixin.py:190} INFO - [2026-05-23T16:21:57.500+0000] {dag.py:4180} INFO - Setting next_dagrun for example_params_ui_tutorial to None, run_after=None
[2026-05-23T16:21:57.519+0000] {processor.py:208} INFO - Processing /home/airflow/.local/lib/python3.12/site-packages/airflow/example_dags/example_params_ui_tutorial.py took 0.111 seconds
[2026-05-23T16:22:28.485+0000] {processor.py:186} INFO - Started process (PID=1646) to work on /home/airflow/.local/lib/python3.12/site-packages/airflow/example_dags/example_params_ui_tutorial.py
[2026-05-23T16:22:28.486+0000] {processor.py:914} INFO - Processing file /home/airflow/.local/lib/python3.12/site-packages/airflow/example_dags/example_params_ui_tutorial.py for tasks to queue
[2026-05-23T16:22:28.487+0000] {logging_mixin.py:190} INFO - [2026-05-23T16:22:28.487+0000] {dagbag.py:588} INFO - Filling up the DagBag from /home/airflow/.local/lib/python3.12/site-packages/airflow/example_dags/example_params_ui_tutorial.py
[2026-05-23T16:22:28.494+0000] {processor.py:925} INFO - DAG(s) 'example_params_ui_tutorial' retrieved from /home/airflow/.local/lib/python3.12/site-packages/airflow/example_dags/example_params_ui_tutorial.py
[2026-05-23T16:22:28.537+0000] {logging_mixin.py:190} INFO - [2026-05-23T16:22:28.537+0000] {dag.py:3239} INFO - Sync 1 DAGs
[2026-05-23T16:22:28.548+0000] {logging_mixin.py:190} INFO - [2026-05-23T16:22:28.548+0000] {dag.py:4180} INFO - Setting next_dagrun for example_params_ui_tutorial to None, run_after=None
[2026-05-23T16:22:28.563+0000] {processor.py:208} INFO - Processing /home/airflow/.local/lib/python3.12/site-packages/airflow/example_dags/example_params_ui_tutorial.py took 0.082 seconds
[2026-05-23T16:22:59.760+0000] {processor.py:186} INFO - Started process (PID=1711) to work on /home/airflow/.local/lib/python3.12/site-packages/airflow/example_dags/example_params_ui_tutorial.py
[2026-05-23T16:22:59.760+0000] {processor.py:914} INFO - Processing file /home/airflow/.local/lib/python3.12/site-packages/airflow/example_dags/example_params_ui_tutorial.py for tasks to queue
[2026-05-23T16:22:59.762+0000] {logging_mixin.py:190} INFO - [2026-05-23T16:22:59.761+0000] {dagbag.py:588} INFO - Filling up the DagBag from /home/airflow/.local/lib/python3.12/site-packages/airflow/example_dags/example_params_ui_tutorial.py
[2026-05-23T16:22:59.769+0000] {processor.py:925} INFO - DAG(s) 'example_params_ui_tutorial' retrieved from /home/airflow/.local/lib/python3.12/site-packages/airflow/example_dags/example_params_ui_tutorial.py
[2026-05-23T16:22:59.810+0000] {logging_mixin.py:190} INFO - [2026-05-23T16:22:59.810+0000] {dag.py:3239} INFO - Sync 1 DAGs
[2026-05-23T16:22:59.821+0000] {logging_mixin.py:190} INFO - [2026-05-23T16:22:59.821+0000] {dag.py:4180} INFO - Setting next_dagrun for example_params_ui_tutorial to None, run_after=None
[2026-05-23T16:22:59.834+0000] {processor.py:208} INFO - Processing /home/airflow/.local/lib/python3.12/site-packages/airflow/example_dags/example_params_ui_tutorial.py took 0.079 seconds
[2026-05-23T16:23:30.357+0000] {processor.py:186} INFO - Started process (PID=1776) to work on /home/airflow/.local/lib/python3.12/site-packages/airflow/example_dags/example_params_ui_tutorial.py
[2026-05-23T16:23:30.357+0000] {processor.py:914} INFO - Processing file /home/airflow/.local/lib/python3.12/site-packages/airflow/example_dags/example_params_ui_tutorial.py for tasks to queue
[2026-05-23T16:23:30.368+0000] {logging_mixin.py:190} INFO - [2026-05-23T16:23:30.363+0000] {dagbag.py:588} INFO - Filling up the DagBag from /home/airflow/.local/lib/python3.12/site-packages/airflow/example_dags/example_params_ui_tutorial.py
[2026-05-23T16:23:30.392+0000] {processor.py:925} INFO - DAG(s) 'example_params_ui_tutorial' retrieved from /home/airflow/.local/lib/python3.12/site-packages/airflow/example_dags/example_params_ui_tutorial.py
[2026-05-23T16:23:30.478+0000] {logging_mixin.py:190} INFO - [2026-05-23T16:23:30.477+0000] {dag.py:3239} INFO - Sync 1 DAGs
[2026-05-23T16:23:30.494+0000] {logging_mixin.py:190} INFO - [2026-05-23T16:23:30.494+0000] {dag.py:4180} INFO - Setting next_dagrun for example_params_ui_tutorial to None, run_after=None
[2026-05-23T16:23:30.521+0000] {processor.py:208} INFO - Processing /home/airflow/.local/lib/python3.12/site-packages/airflow/example_dags/example_params_ui_tutorial.py took 0.171 seconds
[2026-05-23T16:24:01.624+0000] {processor.py:186} INFO - Started process (PID=1841) to work on /home/airflow/.local/lib/python3.12/site-packages/airflow/example_dags/example_params_ui_tutorial.py
[2026-05-23T16:24:01.625+0000] {processor.py:914} INFO - Processing file /home/airflow/.local/lib/python3.12/site-packages/airflow/example_dags/example_params_ui_tutorial.py for tasks to queue
[2026-05-23T16:24:01.626+0000] {logging_mixin.py:190} INFO - [2026-05-23T16:24:01.626+0000] {dagbag.py:588} INFO - Filling up the DagBag from /home/airflow/.local/lib/python3.12/site-packages/airflow/example_dags/example_params_ui_tutorial.py
[2026-05-23T16:24:01.633+0000] {processor.py:925} INFO - DAG(s) 'example_params_ui_tutorial' retrieved from /home/airflow/.local/lib/python3.12/site-packages/airflow/example_dags/example_params_ui_tutorial.py
[2026-05-23T16:24:01.677+0000] {logging_mixin.py:190} INFO - [2026-05-23T16:24:01.677+0000] {dag.py:3239} INFO - Sync 1 DAGs
[2026-05-23T16:24:01.690+0000] {logging_mixin.py:190} INFO - [2026-05-23T16:24:01.690+0000] {dag.py:4180} INFO - Setting next_dagrun for example_params_ui_tutorial to None, run_after=None
[2026-05-23T16:24:01.704+0000] {processor.py:208} INFO - Processing /home/airflow/.local/lib/python3.12/site-packages/airflow/example_dags/example_params_ui_tutorial.py took 0.083 seconds
[2026-05-23T16:24:32.220+0000] {processor.py:186} INFO - Started process (PID=1906) to work on /home/airflow/.local/lib/python3.12/site-packages/airflow/example_dags/example_params_ui_tutorial.py
[2026-05-23T16:24:32.221+0000] {processor.py:914} INFO - Processing file /home/airflow/.local/lib/python3.12/site-packages/airflow/example_dags/example_params_ui_tutorial.py for tasks to queue
[2026-05-23T16:24:32.222+0000] {logging_mixin.py:190} INFO - [2026-05-23T16:24:32.222+0000] {dagbag.py:588} INFO - Filling up the DagBag from /home/airflow/.local/lib/python3.12/site-packages/airflow/example_dags/example_params_ui_tutorial.py
[2026-05-23T16:24:32.229+0000] {processor.py:925} INFO - DAG(s) 'example_params_ui_tutorial' retrieved from /home/airflow/.local/lib/python3.12/site-packages/airflow/example_dags/example_params_ui_tutorial.py
[2026-05-23T16:24:32.264+0000] {logging_mixin.py:190} INFO - [2026-05-23T16:24:32.264+0000] {dag.py:3239} INFO - Sync 1 DAGs
[2026-05-23T16:24:32.275+0000] {logging_mixin.py:190} INFO - [2026-05-23T16:24:32.275+0000] {dag.py:4180} INFO - Setting next_dagrun for example_params_ui_tutorial to None, run_after=None
[2026-05-23T16:24:32.288+0000] {processor.py:208} INFO - Processing /home/airflow/.local/lib/python3.12/site-packages/airflow/example_dags/example_params_ui_tutorial.py took 0.072 seconds
[2026-05-23T16:25:03.770+0000] {processor.py:186} INFO - Started process (PID=1970) to work on /home/airflow/.local/lib/python3.12/site-packages/airflow/example_dags/example_params_ui_tutorial.py
[2026-05-23T16:25:03.770+0000] {processor.py:914} INFO - Processing file /home/airflow/.local/lib/python3.12/site-packages/airflow/example_dags/example_params_ui_tutorial.py for tasks to queue
[2026-05-23T16:25:03.772+0000] {logging_mixin.py:190} INFO - [2026-05-23T16:25:03.772+0000] {dagbag.py:588} INFO - Filling up the DagBag from /home/airflow/.local/lib/python3.12/site-packages/airflow/example_dags/example_params_ui_tutorial.py
[2026-05-23T16:25:03.779+0000] {processor.py:925} INFO - DAG(s) 'example_params_ui_tutorial' retrieved from /home/airflow/.local/lib/python3.12/site-packages/airflow/example_dags/example_params_ui_tutorial.py
[2026-05-23T16:25:03.830+0000] {logging_mixin.py:190} INFO - [2026-05-23T16:25:03.830+0000] {dag.py:3239} INFO - Sync 1 DAGs
[2026-05-23T16:25:03.844+0000] {logging_mixin.py:190} INFO - [2026-05-23T16:25:03.844+0000] {dag.py:4180} INFO - Setting next_dagrun for example_params_ui_tutorial to None, run_after=None
[2026-05-23T16:25:03.857+0000] {processor.py:208} INFO - Processing /home/airflow/.local/lib/python3.12/site-packages/airflow/example_dags/example_params_ui_tutorial.py took 0.091 seconds
[2026-05-23T16:25:35.419+0000] {processor.py:186} INFO - Started process (PID=2036) to work on /home/airflow/.local/lib/python3.12/site-packages/airflow/example_dags/example_params_ui_tutorial.py
[2026-05-23T16:25:35.420+0000] {processor.py:914} INFO - Processing file /home/airflow/.local/lib/python3.12/site-packages/airflow/example_dags/example_params_ui_tutorial.py for tasks to queue
[2026-05-23T16:25:35.421+0000] {logging_mixin.py:190} INFO - [2026-05-23T16:25:35.421+0000] {dagbag.py:588} INFO - Filling up the DagBag from /home/airflow/.local/lib/python3.12/site-packages/airflow/example_dags/example_params_ui_tutorial.py
[2026-05-23T16:25:35.428+0000] {processor.py:925} INFO - DAG(s) 'example_params_ui_tutorial' retrieved from /home/airflow/.local/lib/python3.12/site-packages/airflow/example_dags/example_params_ui_tutorial.py
[2026-05-23T16:25:35.467+0000] {logging_mixin.py:190} INFO - [2026-05-23T16:25:35.467+0000] {dag.py:3239} INFO - Sync 1 DAGs
[2026-05-23T16:25:35.481+0000] {logging_mixin.py:190} INFO - [2026-05-23T16:25:35.481+0000] {dag.py:4180} INFO - Setting next_dagrun for example_params_ui_tutorial to None, run_after=None
[2026-05-23T16:25:35.494+0000] {processor.py:208} INFO - Processing /home/airflow/.local/lib/python3.12/site-packages/airflow/example_dags/example_params_ui_tutorial.py took 0.080 seconds
[2026-05-23T16:26:06.736+0000] {processor.py:186} INFO - Started process (PID=2100) to work on /home/airflow/.local/lib/python3.12/site-packages/airflow/example_dags/example_params_ui_tutorial.py
[2026-05-23T16:26:06.736+0000] {processor.py:914} INFO - Processing file /home/airflow/.local/lib/python3.12/site-packages/airflow/example_dags/example_params_ui_tutorial.py for tasks to queue
[2026-05-23T16:26:06.738+0000] {logging_mixin.py:190} INFO - [2026-05-23T16:26:06.737+0000] {dagbag.py:588} INFO - Filling up the DagBag from /home/airflow/.local/lib/python3.12/site-packages/airflow/example_dags/example_params_ui_tutorial.py
[2026-05-23T16:26:06.745+0000] {processor.py:925} INFO - DAG(s) 'example_params_ui_tutorial' retrieved from /home/airflow/.local/lib/python3.12/site-packages/airflow/example_dags/example_params_ui_tutorial.py
[2026-05-23T16:26:06.782+0000] {logging_mixin.py:190} INFO - [2026-05-23T16:26:06.782+0000] {dag.py:3239} INFO - Sync 1 DAGs
[2026-05-23T16:26:06.794+0000] {logging_mixin.py:190} INFO - [2026-05-23T16:26:06.794+0000] {dag.py:4180} INFO - Setting next_dagrun for example_params_ui_tutorial to None, run_after=None
[2026-05-23T16:26:06.807+0000] {processor.py:208} INFO - Processing /home/airflow/.local/lib/python3.12/site-packages/airflow/example_dags/example_params_ui_tutorial.py took 0.076 seconds
[2026-05-23T16:26:38.109+0000] {processor.py:186} INFO - Started process (PID=2165) to work on /home/airflow/.local/lib/python3.12/site-packages/airflow/example_dags/example_params_ui_tutorial.py
[2026-05-23T16:26:38.109+0000] {processor.py:914} INFO - Processing file /home/airflow/.local/lib/python3.12/site-packages/airflow/example_dags/example_params_ui_tutorial.py for tasks to queue
[2026-05-23T16:26:38.111+0000] {logging_mixin.py:190} INFO - [2026-05-23T16:26:38.110+0000] {dagbag.py:588} INFO - Filling up the DagBag from /home/airflow/.local/lib/python3.12/site-packages/airflow/example_dags/example_params_ui_tutorial.py
[2026-05-23T16:26:38.118+0000] {processor.py:925} INFO - DAG(s) 'example_params_ui_tutorial' retrieved from /home/airflow/.local/lib/python3.12/site-packages/airflow/example_dags/example_params_ui_tutorial.py
[2026-05-23T16:26:38.159+0000] {logging_mixin.py:190} INFO - [2026-05-23T16:26:38.159+0000] {dag.py:3239} INFO - Sync 1 DAGs
[2026-05-23T16:26:38.172+0000] {logging_mixin.py:190} INFO - [2026-05-23T16:26:38.171+0000] {dag.py:4180} INFO - Setting next_dagrun for example_params_ui_tutorial to None, run_after=None
[2026-05-23T16:26:38.186+0000] {processor.py:208} INFO - Processing /home/airflow/.local/lib/python3.12/site-packages/airflow/example_dags/example_params_ui_tutorial.py took 0.081 seconds
[2026-05-23T16:27:09.544+0000] {processor.py:186} INFO - Started process (PID=2230) to work on /home/airflow/.local/lib/python3.12/site-packages/airflow/example_dags/example_params_ui_tutorial.py
[2026-05-23T16:27:09.544+0000] {processor.py:914} INFO - Processing file /home/airflow/.local/lib/python3.12/site-packages/airflow/example_dags/example_params_ui_tutorial.py for tasks to queue
[2026-05-23T16:27:09.546+0000] {logging_mixin.py:190} INFO - [2026-05-23T16:27:09.546+0000] {dagbag.py:588} INFO - Filling up the DagBag from /home/airflow/.local/lib/python3.12/site-packages/airflow/example_dags/example_params_ui_tutorial.py
[2026-05-23T16:27:09.556+0000] {processor.py:925} INFO - DAG(s) 'example_params_ui_tutorial' retrieved from /home/airflow/.local/lib/python3.12/site-packages/airflow/example_dags/example_params_ui_tutorial.py
[2026-05-23T16:27:09.598+0000] {logging_mixin.py:190} INFO - [2026-05-23T16:27:09.598+0000] {dag.py:3239} INFO - Sync 1 DAGs
[2026-05-23T16:27:09.609+0000] {logging_mixin.py:190} INFO - [2026-05-23T16:27:09.609+0000] {dag.py:4180} INFO - Setting next_dagrun for example_params_ui_tutorial to None, run_after=None
[2026-05-23T16:27:09.622+0000] {processor.py:208} INFO - Processing /home/airflow/.local/lib/python3.12/site-packages/airflow/example_dags/example_params_ui_tutorial.py took 0.084 seconds
[2026-05-23T16:27:41.088+0000] {processor.py:186} INFO - Started process (PID=2296) to work on /home/airflow/.local/lib/python3.12/site-packages/airflow/example_dags/example_params_ui_tutorial.py
[2026-05-23T16:27:41.089+0000] {processor.py:914} INFO - Processing file /home/airflow/.local/lib/python3.12/site-packages/airflow/example_dags/example_params_ui_tutorial.py for tasks to queue
[2026-05-23T16:27:41.090+0000] {logging_mixin.py:190} INFO - [2026-05-23T16:27:41.090+0000] {dagbag.py:588} INFO - Filling up the DagBag from /home/airflow/.local/lib/python3.12/site-packages/airflow/example_dags/example_params_ui_tutorial.py
[2026-05-23T16:27:41.099+0000] {processor.py:925} INFO - DAG(s) 'example_params_ui_tutorial' retrieved from /home/airflow/.local/lib/python3.12/site-packages/airflow/example_dags/example_params_ui_tutorial.py
[2026-05-23T16:27:41.138+0000] {logging_mixin.py:190} INFO - [2026-05-23T16:27:41.138+0000] {dag.py:3239} INFO - Sync 1 DAGs
[2026-05-23T16:27:41.151+0000] {logging_mixin.py:190} INFO - [2026-05-23T16:27:41.151+0000] {dag.py:4180} INFO - Setting next_dagrun for example_params_ui_tutorial to None, run_after=None
[2026-05-23T16:27:41.166+0000] {processor.py:208} INFO - Processing /home/airflow/.local/lib/python3.12/site-packages/airflow/example_dags/example_params_ui_tutorial.py took 0.082 seconds
[2026-05-23T16:28:12.380+0000] {processor.py:186} INFO - Started process (PID=2361) to work on /home/airflow/.local/lib/python3.12/site-packages/airflow/example_dags/example_params_ui_tutorial.py
[2026-05-23T16:28:12.381+0000] {processor.py:914} INFO - Processing file /home/airflow/.local/lib/python3.12/site-packages/airflow/example_dags/example_params_ui_tutorial.py for tasks to queue
[2026-05-23T16:28:12.382+0000] {logging_mixin.py:190} INFO - [2026-05-23T16:28:12.382+0000] {dagbag.py:588} INFO - Filling up the DagBag from /home/airflow/.local/lib/python3.12/site-packages/airflow/example_dags/example_params_ui_tutorial.py
[2026-05-23T16:28:12.392+0000] {processor.py:925} INFO - DAG(s) 'example_params_ui_tutorial' retrieved from /home/airflow/.local/lib/python3.12/site-packages/airflow/example_dags/example_params_ui_tutorial.py
[2026-05-23T16:28:12.440+0000] {logging_mixin.py:190} INFO - [2026-05-23T16:28:12.439+0000] {dag.py:3239} INFO - Sync 1 DAGs
[2026-05-23T16:28:12.452+0000] {logging_mixin.py:190} INFO - [2026-05-23T16:28:12.452+0000] {dag.py:4180} INFO - Setting next_dagrun for example_params_ui_tutorial to None, run_after=None
[2026-05-23T16:28:12.468+0000] {processor.py:208} INFO - Processing /home/airflow/.local/lib/python3.12/site-packages/airflow/example_dags/example_params_ui_tutorial.py took 0.092 seconds
[2026-05-23T16:28:43.485+0000] {processor.py:186} INFO - Started process (PID=2426) to work on /home/airflow/.local/lib/python3.12/site-packages/airflow/example_dags/example_params_ui_tutorial.py
[2026-05-23T16:28:43.486+0000] {processor.py:914} INFO - Processing file /home/airflow/.local/lib/python3.12/site-packages/airflow/example_dags/example_params_ui_tutorial.py for tasks to queue
[2026-05-23T16:28:43.488+0000] {logging_mixin.py:190} INFO - [2026-05-23T16:28:43.487+0000] {dagbag.py:588} INFO - Filling up the DagBag from /home/airflow/.local/lib/python3.12/site-packages/airflow/example_dags/example_params_ui_tutorial.py
[2026-05-23T16:28:43.495+0000] {processor.py:925} INFO - DAG(s) 'example_params_ui_tutorial' retrieved from /home/airflow/.local/lib/python3.12/site-packages/airflow/example_dags/example_params_ui_tutorial.py
[2026-05-23T16:28:43.534+0000] {logging_mixin.py:190} INFO - [2026-05-23T16:28:43.534+0000] {dag.py:3239} INFO - Sync 1 DAGs
[2026-05-23T16:28:43.549+0000] {logging_mixin.py:190} INFO - [2026-05-23T16:28:43.549+0000] {dag.py:4180} INFO - Setting next_dagrun for example_params_ui_tutorial to None, run_after=None
[2026-05-23T16:28:43.563+0000] {processor.py:208} INFO - Processing /home/airflow/.local/lib/python3.12/site-packages/airflow/example_dags/example_params_ui_tutorial.py took 0.082 seconds
[2026-05-23T16:29:14.224+0000] {processor.py:186} INFO - Started process (PID=2491) to work on /home/airflow/.local/lib/python3.12/site-packages/airflow/example_dags/example_params_ui_tutorial.py
[2026-05-23T16:29:14.224+0000] {processor.py:914} INFO - Processing file /home/airflow/.local/lib/python3.12/site-packages/airflow/example_dags/example_params_ui_tutorial.py for tasks to queue
[2026-05-23T16:29:14.227+0000] {logging_mixin.py:190} INFO - [2026-05-23T16:29:14.227+0000] {dagbag.py:588} INFO - Filling up the DagBag from /home/airflow/.local/lib/python3.12/site-packages/airflow/example_dags/example_params_ui_tutorial.py
[2026-05-23T16:29:14.236+0000] {processor.py:925} INFO - DAG(s) 'example_params_ui_tutorial' retrieved from /home/airflow/.local/lib/python3.12/site-packages/airflow/example_dags/example_params_ui_tutorial.py
[2026-05-23T16:29:14.296+0000] {logging_mixin.py:190} INFO - [2026-05-23T16:29:14.296+0000] {dag.py:3239} INFO - Sync 1 DAGs
[2026-05-23T16:29:14.309+0000] {logging_mixin.py:190} INFO - [2026-05-23T16:29:14.309+0000] {dag.py:4180} INFO - Setting next_dagrun for example_params_ui_tutorial to None, run_after=None
[2026-05-23T16:29:14.322+0000] {processor.py:208} INFO - Processing /home/airflow/.local/lib/python3.12/site-packages/airflow/example_dags/example_params_ui_tutorial.py took 0.104 seconds
[2026-05-23T16:29:45.233+0000] {processor.py:186} INFO - Started process (PID=2556) to work on /home/airflow/.local/lib/python3.12/site-packages/airflow/example_dags/example_params_ui_tutorial.py
[2026-05-23T16:29:45.233+0000] {processor.py:914} INFO - Processing file /home/airflow/.local/lib/python3.12/site-packages/airflow/example_dags/example_params_ui_tutorial.py for tasks to queue
[2026-05-23T16:29:45.235+0000] {logging_mixin.py:190} INFO - [2026-05-23T16:29:45.235+0000] {dagbag.py:588} INFO - Filling up the DagBag from /home/airflow/.local/lib/python3.12/site-packages/airflow/example_dags/example_params_ui_tutorial.py
[2026-05-23T16:29:45.242+0000] {processor.py:925} INFO - DAG(s) 'example_params_ui_tutorial' retrieved from /home/airflow/.local/lib/python3.12/site-packages/airflow/example_dags/example_params_ui_tutorial.py
[2026-05-23T16:29:45.291+0000] {logging_mixin.py:190} INFO - [2026-05-23T16:29:45.291+0000] {dag.py:3239} INFO - Sync 1 DAGs
[2026-05-23T16:29:45.303+0000] {logging_mixin.py:190} INFO - [2026-05-23T16:29:45.303+0000] {dag.py:4180} INFO - Setting next_dagrun for example_params_ui_tutorial to None, run_after=None
[2026-05-23T16:29:45.318+0000] {processor.py:208} INFO - Processing /home/airflow/.local/lib/python3.12/site-packages/airflow/example_dags/example_params_ui_tutorial.py took 0.090 seconds
[2026-05-23T16:30:17.129+0000] {processor.py:186} INFO - Started process (PID=2623) to work on /home/airflow/.local/lib/python3.12/site-packages/airflow/example_dags/example_params_ui_tutorial.py
[2026-05-23T16:30:17.130+0000] {processor.py:914} INFO - Processing file /home/airflow/.local/lib/python3.12/site-packages/airflow/example_dags/example_params_ui_tutorial.py for tasks to queue
[2026-05-23T16:30:17.132+0000] {logging_mixin.py:190} INFO - [2026-05-23T16:30:17.131+0000] {dagbag.py:588} INFO - Filling up the DagBag from /home/airflow/.local/lib/python3.12/site-packages/airflow/example_dags/example_params_ui_tutorial.py
[2026-05-23T16:30:17.139+0000] {processor.py:925} INFO - DAG(s) 'example_params_ui_tutorial' retrieved from /home/airflow/.local/lib/python3.12/site-packages/airflow/example_dags/example_params_ui_tutorial.py
[2026-05-23T16:30:17.176+0000] {logging_mixin.py:190} INFO - [2026-05-23T16:30:17.176+0000] {dag.py:3239} INFO - Sync 1 DAGs
[2026-05-23T16:30:17.188+0000] {logging_mixin.py:190} INFO - [2026-05-23T16:30:17.188+0000] {dag.py:4180} INFO - Setting next_dagrun for example_params_ui_tutorial to None, run_after=None
[2026-05-23T16:30:17.201+0000] {processor.py:208} INFO - Processing /home/airflow/.local/lib/python3.12/site-packages/airflow/example_dags/example_params_ui_tutorial.py took 0.076 seconds
[2026-05-23T16:30:48.135+0000] {processor.py:186} INFO - Started process (PID=2687) to work on /home/airflow/.local/lib/python3.12/site-packages/airflow/example_dags/example_params_ui_tutorial.py
[2026-05-23T16:30:48.135+0000] {processor.py:914} INFO - Processing file /home/airflow/.local/lib/python3.12/site-packages/airflow/example_dags/example_params_ui_tutorial.py for tasks to queue
[2026-05-23T16:30:48.137+0000] {logging_mixin.py:190} INFO - [2026-05-23T16:30:48.137+0000] {dagbag.py:588} INFO - Filling up the DagBag from /home/airflow/.local/lib/python3.12/site-packages/airflow/example_dags/example_params_ui_tutorial.py
[2026-05-23T16:30:48.144+0000] {processor.py:925} INFO - DAG(s) 'example_params_ui_tutorial' retrieved from /home/airflow/.local/lib/python3.12/site-packages/airflow/example_dags/example_params_ui_tutorial.py
[2026-05-23T16:30:48.178+0000] {logging_mixin.py:190} INFO - [2026-05-23T16:30:48.178+0000] {dag.py:3239} INFO - Sync 1 DAGs
[2026-05-23T16:30:48.190+0000] {logging_mixin.py:190} INFO - [2026-05-23T16:30:48.189+0000] {dag.py:4180} INFO - Setting next_dagrun for example_params_ui_tutorial to None, run_after=None
[2026-05-23T16:30:48.202+0000] {processor.py:208} INFO - Processing /home/airflow/.local/lib/python3.12/site-packages/airflow/example_dags/example_params_ui_tutorial.py took 0.072 seconds
[2026-05-23T16:31:19.546+0000] {processor.py:186} INFO - Started process (PID=2752) to work on /home/airflow/.local/lib/python3.12/site-packages/airflow/example_dags/example_params_ui_tutorial.py
[2026-05-23T16:31:19.547+0000] {processor.py:914} INFO - Processing file /home/airflow/.local/lib/python3.12/site-packages/airflow/example_dags/example_params_ui_tutorial.py for tasks to queue
[2026-05-23T16:31:19.548+0000] {logging_mixin.py:190} INFO - [2026-05-23T16:31:19.548+0000] {dagbag.py:588} INFO - Filling up the DagBag from /home/airflow/.local/lib/python3.12/site-packages/airflow/example_dags/example_params_ui_tutorial.py
[2026-05-23T16:31:19.555+0000] {processor.py:925} INFO - DAG(s) 'example_params_ui_tutorial' retrieved from /home/airflow/.local/lib/python3.12/site-packages/airflow/example_dags/example_params_ui_tutorial.py
[2026-05-23T16:31:19.590+0000] {logging_mixin.py:190} INFO - [2026-05-23T16:31:19.590+0000] {dag.py:3239} INFO - Sync 1 DAGs
[2026-05-23T16:31:19.601+0000] {logging_mixin.py:190} INFO - [2026-05-23T16:31:19.601+0000] {dag.py:4180} INFO - Setting next_dagrun for example_params_ui_tutorial to None, run_after=None
[2026-05-23T16:31:19.613+0000] {processor.py:208} INFO - Processing /home/airflow/.local/lib/python3.12/site-packages/airflow/example_dags/example_params_ui_tutorial.py took 0.071 seconds
[2026-05-23T16:31:50.918+0000] {processor.py:186} INFO - Started process (PID=2817) to work on /home/airflow/.local/lib/python3.12/site-packages/airflow/example_dags/example_params_ui_tutorial.py
[2026-05-23T16:31:50.918+0000] {processor.py:914} INFO - Processing file /home/airflow/.local/lib/python3.12/site-packages/airflow/example_dags/example_params_ui_tutorial.py for tasks to queue
[2026-05-23T16:31:50.920+0000] {logging_mixin.py:190} INFO - [2026-05-23T16:31:50.919+0000] {dagbag.py:588} INFO - Filling up the DagBag from /home/airflow/.local/lib/python3.12/site-packages/airflow/example_dags/example_params_ui_tutorial.py
[2026-05-23T16:31:50.927+0000] {processor.py:925} INFO - DAG(s) 'example_params_ui_tutorial' retrieved from /home/airflow/.local/lib/python3.12/site-packages/airflow/example_dags/example_params_ui_tutorial.py
[2026-05-23T16:31:50.961+0000] {logging_mixin.py:190} INFO - [2026-05-23T16:31:50.961+0000] {dag.py:3239} INFO - Sync 1 DAGs
[2026-05-23T16:31:50.972+0000] {logging_mixin.py:190} INFO - [2026-05-23T16:31:50.972+0000] {dag.py:4180} INFO - Setting next_dagrun for example_params_ui_tutorial to None, run_after=None
[2026-05-23T16:31:50.984+0000] {processor.py:208} INFO - Processing /home/airflow/.local/lib/python3.12/site-packages/airflow/example_dags/example_params_ui_tutorial.py took 0.071 seconds
[2026-05-23T16:32:22.803+0000] {processor.py:186} INFO - Started process (PID=2889) to work on /home/airflow/.local/lib/python3.12/site-packages/airflow/example_dags/example_params_ui_tutorial.py
[2026-05-23T16:32:22.803+0000] {processor.py:914} INFO - Processing file /home/airflow/.local/lib/python3.12/site-packages/airflow/example_dags/example_params_ui_tutorial.py for tasks to queue
[2026-05-23T16:32:22.805+0000] {logging_mixin.py:190} INFO - [2026-05-23T16:32:22.804+0000] {dagbag.py:588} INFO - Filling up the DagBag from /home/airflow/.local/lib/python3.12/site-packages/airflow/example_dags/example_params_ui_tutorial.py
[2026-05-23T16:32:22.812+0000] {processor.py:925} INFO - DAG(s) 'example_params_ui_tutorial' retrieved from /home/airflow/.local/lib/python3.12/site-packages/airflow/example_dags/example_params_ui_tutorial.py
[2026-05-23T16:32:22.860+0000] {logging_mixin.py:190} INFO - [2026-05-23T16:32:22.860+0000] {dag.py:3239} INFO - Sync 1 DAGs
[2026-05-23T16:32:22.872+0000] {logging_mixin.py:190} INFO - [2026-05-23T16:32:22.872+0000] {dag.py:4180} INFO - Setting next_dagrun for example_params_ui_tutorial to None, run_after=None
[2026-05-23T16:32:22.886+0000] {processor.py:208} INFO - Processing /home/airflow/.local/lib/python3.12/site-packages/airflow/example_dags/example_params_ui_tutorial.py took 0.088 seconds
[2026-05-23T16:32:54.223+0000] {processor.py:186} INFO - Started process (PID=2954) to work on /home/airflow/.local/lib/python3.12/site-packages/airflow/example_dags/example_params_ui_tutorial.py
[2026-05-23T16:32:54.223+0000] {processor.py:914} INFO - Processing file /home/airflow/.local/lib/python3.12/site-packages/airflow/example_dags/example_params_ui_tutorial.py for tasks to queue
[2026-05-23T16:32:54.225+0000] {logging_mixin.py:190} INFO - [2026-05-23T16:32:54.225+0000] {dagbag.py:588} INFO - Filling up the DagBag from /home/airflow/.local/lib/python3.12/site-packages/airflow/example_dags/example_params_ui_tutorial.py
[2026-05-23T16:32:54.232+0000] {processor.py:925} INFO - DAG(s) 'example_params_ui_tutorial' retrieved from /home/airflow/.local/lib/python3.12/site-packages/airflow/example_dags/example_params_ui_tutorial.py
[2026-05-23T16:32:54.271+0000] {logging_mixin.py:190} INFO - [2026-05-23T16:32:54.270+0000] {dag.py:3239} INFO - Sync 1 DAGs
[2026-05-23T16:32:54.282+0000] {logging_mixin.py:190} INFO - [2026-05-23T16:32:54.282+0000] {dag.py:4180} INFO - Setting next_dagrun for example_params_ui_tutorial to None, run_after=None
[2026-05-23T16:32:54.296+0000] {processor.py:208} INFO - Processing /home/airflow/.local/lib/python3.12/site-packages/airflow/example_dags/example_params_ui_tutorial.py took 0.077 seconds
[2026-05-23T16:33:24.980+0000] {processor.py:186} INFO - Started process (PID=3019) to work on /home/airflow/.local/lib/python3.12/site-packages/airflow/example_dags/example_params_ui_tutorial.py
[2026-05-23T16:33:24.980+0000] {processor.py:914} INFO - Processing file /home/airflow/.local/lib/python3.12/site-packages/airflow/example_dags/example_params_ui_tutorial.py for tasks to queue
[2026-05-23T16:33:24.982+0000] {logging_mixin.py:190} INFO - [2026-05-23T16:33:24.982+0000] {dagbag.py:588} INFO - Filling up the DagBag from /home/airflow/.local/lib/python3.12/site-packages/airflow/example_dags/example_params_ui_tutorial.py
[2026-05-23T16:33:24.990+0000] {processor.py:925} INFO - DAG(s) 'example_params_ui_tutorial' retrieved from /home/airflow/.local/lib/python3.12/site-packages/airflow/example_dags/example_params_ui_tutorial.py
[2026-05-23T16:33:25.026+0000] {logging_mixin.py:190} INFO - [2026-05-23T16:33:25.026+0000] {dag.py:3239} INFO - Sync 1 DAGs
[2026-05-23T16:33:25.037+0000] {logging_mixin.py:190} INFO - [2026-05-23T16:33:25.037+0000] {dag.py:4180} INFO - Setting next_dagrun for example_params_ui_tutorial to None, run_after=None
[2026-05-23T16:33:25.050+0000] {processor.py:208} INFO - Processing /home/airflow/.local/lib/python3.12/site-packages/airflow/example_dags/example_params_ui_tutorial.py took 0.076 seconds
[2026-05-23T16:33:56.430+0000] {processor.py:186} INFO - Started process (PID=3084) to work on /home/airflow/.local/lib/python3.12/site-packages/airflow/example_dags/example_params_ui_tutorial.py
[2026-05-23T16:33:56.431+0000] {processor.py:914} INFO - Processing file /home/airflow/.local/lib/python3.12/site-packages/airflow/example_dags/example_params_ui_tutorial.py for tasks to queue
[2026-05-23T16:33:56.432+0000] {logging_mixin.py:190} INFO - [2026-05-23T16:33:56.432+0000] {dagbag.py:588} INFO - Filling up the DagBag from /home/airflow/.local/lib/python3.12/site-packages/airflow/example_dags/example_params_ui_tutorial.py
[2026-05-23T16:33:56.439+0000] {processor.py:925} INFO - DAG(s) 'example_params_ui_tutorial' retrieved from /home/airflow/.local/lib/python3.12/site-packages/airflow/example_dags/example_params_ui_tutorial.py
[2026-05-23T16:33:56.475+0000] {logging_mixin.py:190} INFO - [2026-05-23T16:33:56.475+0000] {dag.py:3239} INFO - Sync 1 DAGs
[2026-05-23T16:33:56.486+0000] {logging_mixin.py:190} INFO - [2026-05-23T16:33:56.486+0000] {dag.py:4180} INFO - Setting next_dagrun for example_params_ui_tutorial to None, run_after=None
[2026-05-23T16:33:56.499+0000] {processor.py:208} INFO - Processing /home/airflow/.local/lib/python3.12/site-packages/airflow/example_dags/example_params_ui_tutorial.py took 0.075 seconds
[2026-05-23T16:34:27.035+0000] {processor.py:186} INFO - Started process (PID=3149) to work on /home/airflow/.local/lib/python3.12/site-packages/airflow/example_dags/example_params_ui_tutorial.py
[2026-05-23T16:34:27.035+0000] {processor.py:914} INFO - Processing file /home/airflow/.local/lib/python3.12/site-packages/airflow/example_dags/example_params_ui_tutorial.py for tasks to queue
[2026-05-23T16:34:27.037+0000] {logging_mixin.py:190} INFO - [2026-05-23T16:34:27.037+0000] {dagbag.py:588} INFO - Filling up the DagBag from /home/airflow/.local/lib/python3.12/site-packages/airflow/example_dags/example_params_ui_tutorial.py
[2026-05-23T16:34:27.047+0000] {processor.py:925} INFO - DAG(s) 'example_params_ui_tutorial' retrieved from /home/airflow/.local/lib/python3.12/site-packages/airflow/example_dags/example_params_ui_tutorial.py
[2026-05-23T16:34:27.090+0000] {logging_mixin.py:190} INFO - [2026-05-23T16:34:27.090+0000] {dag.py:3239} INFO - Sync 1 DAGs
[2026-05-23T16:34:27.101+0000] {logging_mixin.py:190} INFO - [2026-05-23T16:34:27.101+0000] {dag.py:4180} INFO - Setting next_dagrun for example_params_ui_tutorial to None, run_after=None
[2026-05-23T16:34:27.115+0000] {processor.py:208} INFO - Processing /home/airflow/.local/lib/python3.12/site-packages/airflow/example_dags/example_params_ui_tutorial.py took 0.086 seconds
[2026-05-23T16:34:58.545+0000] {processor.py:186} INFO - Started process (PID=3214) to work on /home/airflow/.local/lib/python3.12/site-packages/airflow/example_dags/example_params_ui_tutorial.py
[2026-05-23T16:34:58.546+0000] {processor.py:914} INFO - Processing file /home/airflow/.local/lib/python3.12/site-packages/airflow/example_dags/example_params_ui_tutorial.py for tasks to queue
[2026-05-23T16:34:58.548+0000] {logging_mixin.py:190} INFO - [2026-05-23T16:34:58.548+0000] {dagbag.py:588} INFO - Filling up the DagBag from /home/airflow/.local/lib/python3.12/site-packages/airflow/example_dags/example_params_ui_tutorial.py
[2026-05-23T16:34:58.559+0000] {processor.py:925} INFO - DAG(s) 'example_params_ui_tutorial' retrieved from /home/airflow/.local/lib/python3.12/site-packages/airflow/example_dags/example_params_ui_tutorial.py
[2026-05-23T16:34:58.613+0000] {logging_mixin.py:190} INFO - [2026-05-23T16:34:58.613+0000] {dag.py:3239} INFO - Sync 1 DAGs
[2026-05-23T16:34:58.630+0000] {logging_mixin.py:190} INFO - [2026-05-23T16:34:58.630+0000] {dag.py:4180} INFO - Setting next_dagrun for example_params_ui_tutorial to None, run_after=None
[2026-05-23T16:34:58.647+0000] {processor.py:208} INFO - Processing /home/airflow/.local/lib/python3.12/site-packages/airflow/example_dags/example_params_ui_tutorial.py took 0.107 seconds
[2026-05-23T16:35:29.509+0000] {processor.py:186} INFO - Started process (PID=3279) to work on /home/airflow/.local/lib/python3.12/site-packages/airflow/example_dags/example_params_ui_tutorial.py
[2026-05-23T16:35:29.509+0000] {processor.py:914} INFO - Processing file /home/airflow/.local/lib/python3.12/site-packages/airflow/example_dags/example_params_ui_tutorial.py for tasks to queue
[2026-05-23T16:35:29.511+0000] {logging_mixin.py:190} INFO - [2026-05-23T16:35:29.511+0000] {dagbag.py:588} INFO - Filling up the DagBag from /home/airflow/.local/lib/python3.12/site-packages/airflow/example_dags/example_params_ui_tutorial.py
[2026-05-23T16:35:29.521+0000] {processor.py:925} INFO - DAG(s) 'example_params_ui_tutorial' retrieved from /home/airflow/.local/lib/python3.12/site-packages/airflow/example_dags/example_params_ui_tutorial.py
[2026-05-23T16:35:29.575+0000] {logging_mixin.py:190} INFO - [2026-05-23T16:35:29.575+0000] {dag.py:3239} INFO - Sync 1 DAGs
[2026-05-23T16:35:29.592+0000] {logging_mixin.py:190} INFO - [2026-05-23T16:35:29.592+0000] {dag.py:4180} INFO - Setting next_dagrun for example_params_ui_tutorial to None, run_after=None
[2026-05-23T16:35:29.609+0000] {processor.py:208} INFO - Processing /home/airflow/.local/lib/python3.12/site-packages/airflow/example_dags/example_params_ui_tutorial.py took 0.106 seconds
[2026-05-23T16:36:00.567+0000] {processor.py:186} INFO - Started process (PID=3344) to work on /home/airflow/.local/lib/python3.12/site-packages/airflow/example_dags/example_params_ui_tutorial.py
[2026-05-23T16:36:00.567+0000] {processor.py:914} INFO - Processing file /home/airflow/.local/lib/python3.12/site-packages/airflow/example_dags/example_params_ui_tutorial.py for tasks to queue
[2026-05-23T16:36:00.569+0000] {logging_mixin.py:190} INFO - [2026-05-23T16:36:00.569+0000] {dagbag.py:588} INFO - Filling up the DagBag from /home/airflow/.local/lib/python3.12/site-packages/airflow/example_dags/example_params_ui_tutorial.py
[2026-05-23T16:36:00.579+0000] {processor.py:925} INFO - DAG(s) 'example_params_ui_tutorial' retrieved from /home/airflow/.local/lib/python3.12/site-packages/airflow/example_dags/example_params_ui_tutorial.py
[2026-05-23T16:36:00.623+0000] {logging_mixin.py:190} INFO - [2026-05-23T16:36:00.623+0000] {dag.py:3239} INFO - Sync 1 DAGs
[2026-05-23T16:36:00.635+0000] {logging_mixin.py:190} INFO - [2026-05-23T16:36:00.635+0000] {dag.py:4180} INFO - Setting next_dagrun for example_params_ui_tutorial to None, run_after=None
[2026-05-23T16:36:00.649+0000] {processor.py:208} INFO - Processing /home/airflow/.local/lib/python3.12/site-packages/airflow/example_dags/example_params_ui_tutorial.py took 0.087 seconds
[2026-05-23T16:36:31.949+0000] {processor.py:186} INFO - Started process (PID=3409) to work on /home/airflow/.local/lib/python3.12/site-packages/airflow/example_dags/example_params_ui_tutorial.py
[2026-05-23T16:36:31.950+0000] {processor.py:914} INFO - Processing file /home/airflow/.local/lib/python3.12/site-packages/airflow/example_dags/example_params_ui_tutorial.py for tasks to queue
[2026-05-23T16:36:31.952+0000] {logging_mixin.py:190} INFO - [2026-05-23T16:36:31.951+0000] {dagbag.py:588} INFO - Filling up the DagBag from /home/airflow/.local/lib/python3.12/site-packages/airflow/example_dags/example_params_ui_tutorial.py
[2026-05-23T16:36:31.961+0000] {processor.py:925} INFO - DAG(s) 'example_params_ui_tutorial' retrieved from /home/airflow/.local/lib/python3.12/site-packages/airflow/example_dags/example_params_ui_tutorial.py
[2026-05-23T16:36:32.005+0000] {logging_mixin.py:190} INFO - [2026-05-23T16:36:32.005+0000] {dag.py:3239} INFO - Sync 1 DAGs
[2026-05-23T16:36:32.016+0000] {logging_mixin.py:190} INFO - [2026-05-23T16:36:32.016+0000] {dag.py:4180} INFO - Setting next_dagrun for example_params_ui_tutorial to None, run_after=None
[2026-05-23T16:36:32.030+0000] {processor.py:208} INFO - Processing /home/airflow/.local/lib/python3.12/site-packages/airflow/example_dags/example_params_ui_tutorial.py took 0.085 seconds
[2026-05-23T16:37:02.930+0000] {processor.py:186} INFO - Started process (PID=3474) to work on /home/airflow/.local/lib/python3.12/site-packages/airflow/example_dags/example_params_ui_tutorial.py
[2026-05-23T16:37:02.931+0000] {processor.py:914} INFO - Processing file /home/airflow/.local/lib/python3.12/site-packages/airflow/example_dags/example_params_ui_tutorial.py for tasks to queue
[2026-05-23T16:37:02.932+0000] {logging_mixin.py:190} INFO - [2026-05-23T16:37:02.932+0000] {dagbag.py:588} INFO - Filling up the DagBag from /home/airflow/.local/lib/python3.12/site-packages/airflow/example_dags/example_params_ui_tutorial.py
[2026-05-23T16:37:02.939+0000] {processor.py:925} INFO - DAG(s) 'example_params_ui_tutorial' retrieved from /home/airflow/.local/lib/python3.12/site-packages/airflow/example_dags/example_params_ui_tutorial.py
[2026-05-23T16:37:02.986+0000] {logging_mixin.py:190} INFO - [2026-05-23T16:37:02.985+0000] {dag.py:3239} INFO - Sync 1 DAGs
[2026-05-23T16:37:02.998+0000] {logging_mixin.py:190} INFO - [2026-05-23T16:37:02.998+0000] {dag.py:4180} INFO - Setting next_dagrun for example_params_ui_tutorial to None, run_after=None
[2026-05-23T16:37:03.013+0000] {processor.py:208} INFO - Processing /home/airflow/.local/lib/python3.12/site-packages/airflow/example_dags/example_params_ui_tutorial.py took 0.088 seconds
[2026-05-23T16:37:33.713+0000] {processor.py:186} INFO - Started process (PID=3539) to work on /home/airflow/.local/lib/python3.12/site-packages/airflow/example_dags/example_params_ui_tutorial.py
[2026-05-23T16:37:33.713+0000] {processor.py:914} INFO - Processing file /home/airflow/.local/lib/python3.12/site-packages/airflow/example_dags/example_params_ui_tutorial.py for tasks to queue
[2026-05-23T16:37:33.715+0000] {logging_mixin.py:190} INFO - [2026-05-23T16:37:33.714+0000] {dagbag.py:588} INFO - Filling up the DagBag from /home/airflow/.local/lib/python3.12/site-packages/airflow/example_dags/example_params_ui_tutorial.py
[2026-05-23T16:37:33.722+0000] {processor.py:925} INFO - DAG(s) 'example_params_ui_tutorial' retrieved from /home/airflow/.local/lib/python3.12/site-packages/airflow/example_dags/example_params_ui_tutorial.py
[2026-05-23T16:37:33.767+0000] {logging_mixin.py:190} INFO - [2026-05-23T16:37:33.767+0000] {dag.py:3239} INFO - Sync 1 DAGs
[2026-05-23T16:37:33.780+0000] {logging_mixin.py:190} INFO - [2026-05-23T16:37:33.780+0000] {dag.py:4180} INFO - Setting next_dagrun for example_params_ui_tutorial to None, run_after=None
[2026-05-23T16:37:33.794+0000] {processor.py:208} INFO - Processing /home/airflow/.local/lib/python3.12/site-packages/airflow/example_dags/example_params_ui_tutorial.py took 0.086 seconds
[2026-05-23T16:38:04.905+0000] {processor.py:186} INFO - Started process (PID=3604) to work on /home/airflow/.local/lib/python3.12/site-packages/airflow/example_dags/example_params_ui_tutorial.py
[2026-05-23T16:38:04.906+0000] {processor.py:914} INFO - Processing file /home/airflow/.local/lib/python3.12/site-packages/airflow/example_dags/example_params_ui_tutorial.py for tasks to queue
[2026-05-23T16:38:04.907+0000] {logging_mixin.py:190} INFO - [2026-05-23T16:38:04.907+0000] {dagbag.py:588} INFO - Filling up the DagBag from /home/airflow/.local/lib/python3.12/site-packages/airflow/example_dags/example_params_ui_tutorial.py
[2026-05-23T16:38:04.914+0000] {processor.py:925} INFO - DAG(s) 'example_params_ui_tutorial' retrieved from /home/airflow/.local/lib/python3.12/site-packages/airflow/example_dags/example_params_ui_tutorial.py
[2026-05-23T16:38:04.960+0000] {logging_mixin.py:190} INFO - [2026-05-23T16:38:04.959+0000] {dag.py:3239} INFO - Sync 1 DAGs
[2026-05-23T16:38:04.975+0000] {logging_mixin.py:190} INFO - [2026-05-23T16:38:04.975+0000] {dag.py:4180} INFO - Setting next_dagrun for example_params_ui_tutorial to None, run_after=None
[2026-05-23T16:38:04.990+0000] {processor.py:208} INFO - Processing /home/airflow/.local/lib/python3.12/site-packages/airflow/example_dags/example_params_ui_tutorial.py took 0.089 seconds
[2026-05-23T16:38:36.215+0000] {processor.py:186} INFO - Started process (PID=3669) to work on /home/airflow/.local/lib/python3.12/site-packages/airflow/example_dags/example_params_ui_tutorial.py
[2026-05-23T16:38:36.216+0000] {processor.py:914} INFO - Processing file /home/airflow/.local/lib/python3.12/site-packages/airflow/example_dags/example_params_ui_tutorial.py for tasks to queue
[2026-05-23T16:38:36.218+0000] {logging_mixin.py:190} INFO - [2026-05-23T16:38:36.217+0000] {dagbag.py:588} INFO - Filling up the DagBag from /home/airflow/.local/lib/python3.12/site-packages/airflow/example_dags/example_params_ui_tutorial.py
[2026-05-23T16:38:36.226+0000] {processor.py:925} INFO - DAG(s) 'example_params_ui_tutorial' retrieved from /home/airflow/.local/lib/python3.12/site-packages/airflow/example_dags/example_params_ui_tutorial.py
[2026-05-23T16:38:36.263+0000] {logging_mixin.py:190} INFO - [2026-05-23T16:38:36.263+0000] {dag.py:3239} INFO - Sync 1 DAGs
[2026-05-23T16:38:36.275+0000] {logging_mixin.py:190} INFO - [2026-05-23T16:38:36.275+0000] {dag.py:4180} INFO - Setting next_dagrun for example_params_ui_tutorial to None, run_after=None
[2026-05-23T16:38:36.289+0000] {processor.py:208} INFO - Processing /home/airflow/.local/lib/python3.12/site-packages/airflow/example_dags/example_params_ui_tutorial.py took 0.078 seconds
[2026-05-23T16:39:06.848+0000] {processor.py:186} INFO - Started process (PID=3734) to work on /home/airflow/.local/lib/python3.12/site-packages/airflow/example_dags/example_params_ui_tutorial.py
[2026-05-23T16:39:06.849+0000] {processor.py:914} INFO - Processing file /home/airflow/.local/lib/python3.12/site-packages/airflow/example_dags/example_params_ui_tutorial.py for tasks to queue
[2026-05-23T16:39:06.851+0000] {logging_mixin.py:190} INFO - [2026-05-23T16:39:06.850+0000] {dagbag.py:588} INFO - Filling up the DagBag from /home/airflow/.local/lib/python3.12/site-packages/airflow/example_dags/example_params_ui_tutorial.py
[2026-05-23T16:39:06.858+0000] {processor.py:925} INFO - DAG(s) 'example_params_ui_tutorial' retrieved from /home/airflow/.local/lib/python3.12/site-packages/airflow/example_dags/example_params_ui_tutorial.py
[2026-05-23T16:39:06.896+0000] {logging_mixin.py:190} INFO - [2026-05-23T16:39:06.896+0000] {dag.py:3239} INFO - Sync 1 DAGs
[2026-05-23T16:39:06.908+0000] {logging_mixin.py:190} INFO - [2026-05-23T16:39:06.907+0000] {dag.py:4180} INFO - Setting next_dagrun for example_params_ui_tutorial to None, run_after=None
[2026-05-23T16:39:06.924+0000] {processor.py:208} INFO - Processing /home/airflow/.local/lib/python3.12/site-packages/airflow/example_dags/example_params_ui_tutorial.py took 0.081 seconds
[2026-05-23T16:39:37.791+0000] {processor.py:186} INFO - Started process (PID=3799) to work on /home/airflow/.local/lib/python3.12/site-packages/airflow/example_dags/example_params_ui_tutorial.py
[2026-05-23T16:39:37.792+0000] {processor.py:914} INFO - Processing file /home/airflow/.local/lib/python3.12/site-packages/airflow/example_dags/example_params_ui_tutorial.py for tasks to queue
[2026-05-23T16:39:37.793+0000] {logging_mixin.py:190} INFO - [2026-05-23T16:39:37.793+0000] {dagbag.py:588} INFO - Filling up the DagBag from /home/airflow/.local/lib/python3.12/site-packages/airflow/example_dags/example_params_ui_tutorial.py
[2026-05-23T16:39:37.800+0000] {processor.py:925} INFO - DAG(s) 'example_params_ui_tutorial' retrieved from /home/airflow/.local/lib/python3.12/site-packages/airflow/example_dags/example_params_ui_tutorial.py
[2026-05-23T16:39:37.841+0000] {logging_mixin.py:190} INFO - [2026-05-23T16:39:37.840+0000] {dag.py:3239} INFO - Sync 1 DAGs
[2026-05-23T16:39:37.852+0000] {logging_mixin.py:190} INFO - [2026-05-23T16:39:37.852+0000] {dag.py:4180} INFO - Setting next_dagrun for example_params_ui_tutorial to None, run_after=None
[2026-05-23T16:39:37.867+0000] {processor.py:208} INFO - Processing /home/airflow/.local/lib/python3.12/site-packages/airflow/example_dags/example_params_ui_tutorial.py took 0.081 seconds
[2026-05-23T16:40:08.705+0000] {processor.py:186} INFO - Started process (PID=3864) to work on /home/airflow/.local/lib/python3.12/site-packages/airflow/example_dags/example_params_ui_tutorial.py
[2026-05-23T16:40:08.706+0000] {processor.py:914} INFO - Processing file /home/airflow/.local/lib/python3.12/site-packages/airflow/example_dags/example_params_ui_tutorial.py for tasks to queue
[2026-05-23T16:40:08.707+0000] {logging_mixin.py:190} INFO - [2026-05-23T16:40:08.707+0000] {dagbag.py:588} INFO - Filling up the DagBag from /home/airflow/.local/lib/python3.12/site-packages/airflow/example_dags/example_params_ui_tutorial.py
[2026-05-23T16:40:08.715+0000] {processor.py:925} INFO - DAG(s) 'example_params_ui_tutorial' retrieved from /home/airflow/.local/lib/python3.12/site-packages/airflow/example_dags/example_params_ui_tutorial.py
[2026-05-23T16:40:08.768+0000] {logging_mixin.py:190} INFO - [2026-05-23T16:40:08.768+0000] {dag.py:3239} INFO - Sync 1 DAGs
[2026-05-23T16:40:08.784+0000] {logging_mixin.py:190} INFO - [2026-05-23T16:40:08.784+0000] {dag.py:4180} INFO - Setting next_dagrun for example_params_ui_tutorial to None, run_after=None
[2026-05-23T16:40:08.798+0000] {processor.py:208} INFO - Processing /home/airflow/.local/lib/python3.12/site-packages/airflow/example_dags/example_params_ui_tutorial.py took 0.097 seconds
[2026-05-23T16:40:39.626+0000] {processor.py:186} INFO - Started process (PID=3929) to work on /home/airflow/.local/lib/python3.12/site-packages/airflow/example_dags/example_params_ui_tutorial.py
[2026-05-23T16:40:39.626+0000] {processor.py:914} INFO - Processing file /home/airflow/.local/lib/python3.12/site-packages/airflow/example_dags/example_params_ui_tutorial.py for tasks to queue
[2026-05-23T16:40:39.628+0000] {logging_mixin.py:190} INFO - [2026-05-23T16:40:39.628+0000] {dagbag.py:588} INFO - Filling up the DagBag from /home/airflow/.local/lib/python3.12/site-packages/airflow/example_dags/example_params_ui_tutorial.py
[2026-05-23T16:40:39.635+0000] {processor.py:925} INFO - DAG(s) 'example_params_ui_tutorial' retrieved from /home/airflow/.local/lib/python3.12/site-packages/airflow/example_dags/example_params_ui_tutorial.py
[2026-05-23T16:40:39.680+0000] {logging_mixin.py:190} INFO - [2026-05-23T16:40:39.680+0000] {dag.py:3239} INFO - Sync 1 DAGs
[2026-05-23T16:40:39.692+0000] {logging_mixin.py:190} INFO - [2026-05-23T16:40:39.692+0000] {dag.py:4180} INFO - Setting next_dagrun for example_params_ui_tutorial to None, run_after=None
[2026-05-23T16:40:39.705+0000] {processor.py:208} INFO - Processing /home/airflow/.local/lib/python3.12/site-packages/airflow/example_dags/example_params_ui_tutorial.py took 0.084 seconds
[2026-05-23T16:41:10.301+0000] {processor.py:186} INFO - Started process (PID=3994) to work on /home/airflow/.local/lib/python3.12/site-packages/airflow/example_dags/example_params_ui_tutorial.py
[2026-05-23T16:41:10.301+0000] {processor.py:914} INFO - Processing file /home/airflow/.local/lib/python3.12/site-packages/airflow/example_dags/example_params_ui_tutorial.py for tasks to queue
[2026-05-23T16:41:10.303+0000] {logging_mixin.py:190} INFO - [2026-05-23T16:41:10.302+0000] {dagbag.py:588} INFO - Filling up the DagBag from /home/airflow/.local/lib/python3.12/site-packages/airflow/example_dags/example_params_ui_tutorial.py
[2026-05-23T16:41:10.309+0000] {processor.py:925} INFO - DAG(s) 'example_params_ui_tutorial' retrieved from /home/airflow/.local/lib/python3.12/site-packages/airflow/example_dags/example_params_ui_tutorial.py
[2026-05-23T16:41:10.349+0000] {logging_mixin.py:190} INFO - [2026-05-23T16:41:10.349+0000] {dag.py:3239} INFO - Sync 1 DAGs
[2026-05-23T16:41:10.360+0000] {logging_mixin.py:190} INFO - [2026-05-23T16:41:10.360+0000] {dag.py:4180} INFO - Setting next_dagrun for example_params_ui_tutorial to None, run_after=None
[2026-05-23T16:41:10.381+0000] {processor.py:208} INFO - Processing /home/airflow/.local/lib/python3.12/site-packages/airflow/example_dags/example_params_ui_tutorial.py took 0.084 seconds
[2026-05-23T16:41:41.556+0000] {processor.py:186} INFO - Started process (PID=4059) to work on /home/airflow/.local/lib/python3.12/site-packages/airflow/example_dags/example_params_ui_tutorial.py
[2026-05-23T16:41:41.561+0000] {processor.py:914} INFO - Processing file /home/airflow/.local/lib/python3.12/site-packages/airflow/example_dags/example_params_ui_tutorial.py for tasks to queue
[2026-05-23T16:41:41.563+0000] {logging_mixin.py:190} INFO - [2026-05-23T16:41:41.563+0000] {dagbag.py:588} INFO - Filling up the DagBag from /home/airflow/.local/lib/python3.12/site-packages/airflow/example_dags/example_params_ui_tutorial.py
[2026-05-23T16:41:41.575+0000] {processor.py:925} INFO - DAG(s) 'example_params_ui_tutorial' retrieved from /home/airflow/.local/lib/python3.12/site-packages/airflow/example_dags/example_params_ui_tutorial.py
[2026-05-23T16:41:41.656+0000] {logging_mixin.py:190} INFO - [2026-05-23T16:41:41.656+0000] {dag.py:3239} INFO - Sync 1 DAGs
[2026-05-23T16:41:41.669+0000] {logging_mixin.py:190} INFO - [2026-05-23T16:41:41.669+0000] {dag.py:4180} INFO - Setting next_dagrun for example_params_ui_tutorial to None, run_after=None
[2026-05-23T16:41:41.683+0000] {processor.py:208} INFO - Processing /home/airflow/.local/lib/python3.12/site-packages/airflow/example_dags/example_params_ui_tutorial.py took 0.133 seconds
[2026-05-23T16:42:12.477+0000] {processor.py:186} INFO - Started process (PID=4124) to work on /home/airflow/.local/lib/python3.12/site-packages/airflow/example_dags/example_params_ui_tutorial.py
[2026-05-23T16:42:12.477+0000] {processor.py:914} INFO - Processing file /home/airflow/.local/lib/python3.12/site-packages/airflow/example_dags/example_params_ui_tutorial.py for tasks to queue
[2026-05-23T16:42:12.479+0000] {logging_mixin.py:190} INFO - [2026-05-23T16:42:12.479+0000] {dagbag.py:588} INFO - Filling up the DagBag from /home/airflow/.local/lib/python3.12/site-packages/airflow/example_dags/example_params_ui_tutorial.py
[2026-05-23T16:42:12.488+0000] {processor.py:925} INFO - DAG(s) 'example_params_ui_tutorial' retrieved from /home/airflow/.local/lib/python3.12/site-packages/airflow/example_dags/example_params_ui_tutorial.py
[2026-05-23T16:42:12.539+0000] {logging_mixin.py:190} INFO - [2026-05-23T16:42:12.538+0000] {dag.py:3239} INFO - Sync 1 DAGs
[2026-05-23T16:42:12.554+0000] {logging_mixin.py:190} INFO - [2026-05-23T16:42:12.554+0000] {dag.py:4180} INFO - Setting next_dagrun for example_params_ui_tutorial to None, run_after=None
[2026-05-23T16:42:12.573+0000] {processor.py:208} INFO - Processing /home/airflow/.local/lib/python3.12/site-packages/airflow/example_dags/example_params_ui_tutorial.py took 0.100 seconds
[2026-05-23T16:42:43.141+0000] {processor.py:186} INFO - Started process (PID=4189) to work on /home/airflow/.local/lib/python3.12/site-packages/airflow/example_dags/example_params_ui_tutorial.py
[2026-05-23T16:42:43.141+0000] {processor.py:914} INFO - Processing file /home/airflow/.local/lib/python3.12/site-packages/airflow/example_dags/example_params_ui_tutorial.py for tasks to queue
[2026-05-23T16:42:43.143+0000] {logging_mixin.py:190} INFO - [2026-05-23T16:42:43.143+0000] {dagbag.py:588} INFO - Filling up the DagBag from /home/airflow/.local/lib/python3.12/site-packages/airflow/example_dags/example_params_ui_tutorial.py
[2026-05-23T16:42:43.152+0000] {processor.py:925} INFO - DAG(s) 'example_params_ui_tutorial' retrieved from /home/airflow/.local/lib/python3.12/site-packages/airflow/example_dags/example_params_ui_tutorial.py
[2026-05-23T16:42:43.207+0000] {logging_mixin.py:190} INFO - [2026-05-23T16:42:43.207+0000] {dag.py:3239} INFO - Sync 1 DAGs
[2026-05-23T16:42:43.218+0000] {logging_mixin.py:190} INFO - [2026-05-23T16:42:43.218+0000] {dag.py:4180} INFO - Setting next_dagrun for example_params_ui_tutorial to None, run_after=None
[2026-05-23T16:42:43.233+0000] {processor.py:208} INFO - Processing /home/airflow/.local/lib/python3.12/site-packages/airflow/example_dags/example_params_ui_tutorial.py took 0.097 seconds
[2026-05-23T16:43:14.529+0000] {processor.py:186} INFO - Started process (PID=4253) to work on /home/airflow/.local/lib/python3.12/site-packages/airflow/example_dags/example_params_ui_tutorial.py
[2026-05-23T16:43:14.530+0000] {processor.py:914} INFO - Processing file /home/airflow/.local/lib/python3.12/site-packages/airflow/example_dags/example_params_ui_tutorial.py for tasks to queue
[2026-05-23T16:43:14.531+0000] {logging_mixin.py:190} INFO - [2026-05-23T16:43:14.531+0000] {dagbag.py:588} INFO - Filling up the DagBag from /home/airflow/.local/lib/python3.12/site-packages/airflow/example_dags/example_params_ui_tutorial.py
[2026-05-23T16:43:14.538+0000] {processor.py:925} INFO - DAG(s) 'example_params_ui_tutorial' retrieved from /home/airflow/.local/lib/python3.12/site-packages/airflow/example_dags/example_params_ui_tutorial.py
[2026-05-23T16:43:14.573+0000] {logging_mixin.py:190} INFO - [2026-05-23T16:43:14.573+0000] {dag.py:3239} INFO - Sync 1 DAGs
[2026-05-23T16:43:14.584+0000] {logging_mixin.py:190} INFO - [2026-05-23T16:43:14.584+0000] {dag.py:4180} INFO - Setting next_dagrun for example_params_ui_tutorial to None, run_after=None
[2026-05-23T16:43:14.597+0000] {processor.py:208} INFO - Processing /home/airflow/.local/lib/python3.12/site-packages/airflow/example_dags/example_params_ui_tutorial.py took 0.073 seconds
[2026-05-23T16:43:45.273+0000] {processor.py:186} INFO - Started process (PID=4318) to work on /home/airflow/.local/lib/python3.12/site-packages/airflow/example_dags/example_params_ui_tutorial.py
[2026-05-23T16:43:45.274+0000] {processor.py:914} INFO - Processing file /home/airflow/.local/lib/python3.12/site-packages/airflow/example_dags/example_params_ui_tutorial.py for tasks to queue
[2026-05-23T16:43:45.275+0000] {logging_mixin.py:190} INFO - [2026-05-23T16:43:45.275+0000] {dagbag.py:588} INFO - Filling up the DagBag from /home/airflow/.local/lib/python3.12/site-packages/airflow/example_dags/example_params_ui_tutorial.py
[2026-05-23T16:43:45.282+0000] {processor.py:925} INFO - DAG(s) 'example_params_ui_tutorial' retrieved from /home/airflow/.local/lib/python3.12/site-packages/airflow/example_dags/example_params_ui_tutorial.py
[2026-05-23T16:43:45.466+0000] {logging_mixin.py:190} INFO - [2026-05-23T16:43:45.465+0000] {dag.py:3239} INFO - Sync 1 DAGs
[2026-05-23T16:43:45.476+0000] {logging_mixin.py:190} INFO - [2026-05-23T16:43:45.476+0000] {dag.py:4180} INFO - Setting next_dagrun for example_params_ui_tutorial to None, run_after=None
[2026-05-23T16:43:45.488+0000] {processor.py:208} INFO - Processing /home/airflow/.local/lib/python3.12/site-packages/airflow/example_dags/example_params_ui_tutorial.py took 0.219 seconds
[2026-05-23T16:44:15.551+0000] {processor.py:186} INFO - Started process (PID=4383) to work on /home/airflow/.local/lib/python3.12/site-packages/airflow/example_dags/example_params_ui_tutorial.py
[2026-05-23T16:44:15.552+0000] {processor.py:914} INFO - Processing file /home/airflow/.local/lib/python3.12/site-packages/airflow/example_dags/example_params_ui_tutorial.py for tasks to queue
[2026-05-23T16:44:15.554+0000] {logging_mixin.py:190} INFO - [2026-05-23T16:44:15.553+0000] {dagbag.py:588} INFO - Filling up the DagBag from /home/airflow/.local/lib/python3.12/site-packages/airflow/example_dags/example_params_ui_tutorial.py
[2026-05-23T16:44:15.564+0000] {processor.py:925} INFO - DAG(s) 'example_params_ui_tutorial' retrieved from /home/airflow/.local/lib/python3.12/site-packages/airflow/example_dags/example_params_ui_tutorial.py
[2026-05-23T16:44:15.609+0000] {logging_mixin.py:190} INFO - [2026-05-23T16:44:15.609+0000] {dag.py:3239} INFO - Sync 1 DAGs
[2026-05-23T16:44:15.621+0000] {logging_mixin.py:190} INFO - [2026-05-23T16:44:15.621+0000] {dag.py:4180} INFO - Setting next_dagrun for example_params_ui_tutorial to None, run_after=None
[2026-05-23T16:44:15.634+0000] {processor.py:208} INFO - Processing /home/airflow/.local/lib/python3.12/site-packages/airflow/example_dags/example_params_ui_tutorial.py took 0.088 seconds
[2026-05-23T16:49:28.186+0000] {processor.py:186} INFO - Started process (PID=88) to work on /home/airflow/.local/lib/python3.12/site-packages/airflow/example_dags/example_params_ui_tutorial.py
[2026-05-23T16:49:28.256+0000] {processor.py:914} INFO - Processing file /home/airflow/.local/lib/python3.12/site-packages/airflow/example_dags/example_params_ui_tutorial.py for tasks to queue
[2026-05-23T16:49:28.260+0000] {logging_mixin.py:190} INFO - [2026-05-23T16:49:28.260+0000] {dagbag.py:588} INFO - Filling up the DagBag from /home/airflow/.local/lib/python3.12/site-packages/airflow/example_dags/example_params_ui_tutorial.py
[2026-05-23T16:49:28.279+0000] {processor.py:925} INFO - DAG(s) 'example_params_ui_tutorial' retrieved from /home/airflow/.local/lib/python3.12/site-packages/airflow/example_dags/example_params_ui_tutorial.py
[2026-05-23T16:49:28.348+0000] {logging_mixin.py:190} INFO - [2026-05-23T16:49:28.348+0000] {dag.py:3239} INFO - Sync 1 DAGs
[2026-05-23T16:49:28.366+0000] {logging_mixin.py:190} INFO - [2026-05-23T16:49:28.366+0000] {dag.py:4180} INFO - Setting next_dagrun for example_params_ui_tutorial to None, run_after=None
[2026-05-23T16:49:28.385+0000] {processor.py:208} INFO - Processing /home/airflow/.local/lib/python3.12/site-packages/airflow/example_dags/example_params_ui_tutorial.py took 0.206 seconds
[2026-05-23T16:49:58.517+0000] {processor.py:186} INFO - Started process (PID=153) to work on /home/airflow/.local/lib/python3.12/site-packages/airflow/example_dags/example_params_ui_tutorial.py
[2026-05-23T16:49:58.517+0000] {processor.py:914} INFO - Processing file /home/airflow/.local/lib/python3.12/site-packages/airflow/example_dags/example_params_ui_tutorial.py for tasks to queue
[2026-05-23T16:49:58.520+0000] {logging_mixin.py:190} INFO - [2026-05-23T16:49:58.519+0000] {dagbag.py:588} INFO - Filling up the DagBag from /home/airflow/.local/lib/python3.12/site-packages/airflow/example_dags/example_params_ui_tutorial.py
[2026-05-23T16:49:58.528+0000] {processor.py:925} INFO - DAG(s) 'example_params_ui_tutorial' retrieved from /home/airflow/.local/lib/python3.12/site-packages/airflow/example_dags/example_params_ui_tutorial.py
[2026-05-23T16:49:58.573+0000] {logging_mixin.py:190} INFO - [2026-05-23T16:49:58.572+0000] {dag.py:3239} INFO - Sync 1 DAGs
[2026-05-23T16:49:58.586+0000] {logging_mixin.py:190} INFO - [2026-05-23T16:49:58.585+0000] {dag.py:4180} INFO - Setting next_dagrun for example_params_ui_tutorial to None, run_after=None
[2026-05-23T16:49:58.599+0000] {processor.py:208} INFO - Processing /home/airflow/.local/lib/python3.12/site-packages/airflow/example_dags/example_params_ui_tutorial.py took 0.087 seconds
[2026-05-23T16:50:29.477+0000] {processor.py:186} INFO - Started process (PID=226) to work on /home/airflow/.local/lib/python3.12/site-packages/airflow/example_dags/example_params_ui_tutorial.py
[2026-05-23T16:50:29.477+0000] {processor.py:914} INFO - Processing file /home/airflow/.local/lib/python3.12/site-packages/airflow/example_dags/example_params_ui_tutorial.py for tasks to queue
[2026-05-23T16:50:29.479+0000] {logging_mixin.py:190} INFO - [2026-05-23T16:50:29.479+0000] {dagbag.py:588} INFO - Filling up the DagBag from /home/airflow/.local/lib/python3.12/site-packages/airflow/example_dags/example_params_ui_tutorial.py
[2026-05-23T16:50:29.488+0000] {processor.py:925} INFO - DAG(s) 'example_params_ui_tutorial' retrieved from /home/airflow/.local/lib/python3.12/site-packages/airflow/example_dags/example_params_ui_tutorial.py
[2026-05-23T16:50:29.526+0000] {logging_mixin.py:190} INFO - [2026-05-23T16:50:29.526+0000] {dag.py:3239} INFO - Sync 1 DAGs
[2026-05-23T16:50:29.539+0000] {logging_mixin.py:190} INFO - [2026-05-23T16:50:29.539+0000] {dag.py:4180} INFO - Setting next_dagrun for example_params_ui_tutorial to None, run_after=None
[2026-05-23T16:50:29.553+0000] {processor.py:208} INFO - Processing /home/airflow/.local/lib/python3.12/site-packages/airflow/example_dags/example_params_ui_tutorial.py took 0.080 seconds
[2026-05-23T16:51:00.858+0000] {processor.py:186} INFO - Started process (PID=294) to work on /home/airflow/.local/lib/python3.12/site-packages/airflow/example_dags/example_params_ui_tutorial.py
[2026-05-23T16:51:00.859+0000] {processor.py:914} INFO - Processing file /home/airflow/.local/lib/python3.12/site-packages/airflow/example_dags/example_params_ui_tutorial.py for tasks to queue
[2026-05-23T16:51:00.861+0000] {logging_mixin.py:190} INFO - [2026-05-23T16:51:00.861+0000] {dagbag.py:588} INFO - Filling up the DagBag from /home/airflow/.local/lib/python3.12/site-packages/airflow/example_dags/example_params_ui_tutorial.py
[2026-05-23T16:51:00.870+0000] {processor.py:925} INFO - DAG(s) 'example_params_ui_tutorial' retrieved from /home/airflow/.local/lib/python3.12/site-packages/airflow/example_dags/example_params_ui_tutorial.py
[2026-05-23T16:51:00.909+0000] {logging_mixin.py:190} INFO - [2026-05-23T16:51:00.908+0000] {dag.py:3239} INFO - Sync 1 DAGs
[2026-05-23T16:51:00.921+0000] {logging_mixin.py:190} INFO - [2026-05-23T16:51:00.921+0000] {dag.py:4180} INFO - Setting next_dagrun for example_params_ui_tutorial to None, run_after=None
[2026-05-23T16:51:00.937+0000] {processor.py:208} INFO - Processing /home/airflow/.local/lib/python3.12/site-packages/airflow/example_dags/example_params_ui_tutorial.py took 0.083 seconds
[2026-05-23T16:51:32.106+0000] {processor.py:186} INFO - Started process (PID=359) to work on /home/airflow/.local/lib/python3.12/site-packages/airflow/example_dags/example_params_ui_tutorial.py
[2026-05-23T16:51:32.106+0000] {processor.py:914} INFO - Processing file /home/airflow/.local/lib/python3.12/site-packages/airflow/example_dags/example_params_ui_tutorial.py for tasks to queue
[2026-05-23T16:51:32.108+0000] {logging_mixin.py:190} INFO - [2026-05-23T16:51:32.108+0000] {dagbag.py:588} INFO - Filling up the DagBag from /home/airflow/.local/lib/python3.12/site-packages/airflow/example_dags/example_params_ui_tutorial.py
[2026-05-23T16:51:32.115+0000] {processor.py:925} INFO - DAG(s) 'example_params_ui_tutorial' retrieved from /home/airflow/.local/lib/python3.12/site-packages/airflow/example_dags/example_params_ui_tutorial.py
[2026-05-23T16:51:32.152+0000] {logging_mixin.py:190} INFO - [2026-05-23T16:51:32.152+0000] {dag.py:3239} INFO - Sync 1 DAGs
[2026-05-23T16:51:32.163+0000] {logging_mixin.py:190} INFO - [2026-05-23T16:51:32.163+0000] {dag.py:4180} INFO - Setting next_dagrun for example_params_ui_tutorial to None, run_after=None
[2026-05-23T16:51:32.178+0000] {processor.py:208} INFO - Processing /home/airflow/.local/lib/python3.12/site-packages/airflow/example_dags/example_params_ui_tutorial.py took 0.077 seconds
[2026-05-23T16:52:03.191+0000] {processor.py:186} INFO - Started process (PID=424) to work on /home/airflow/.local/lib/python3.12/site-packages/airflow/example_dags/example_params_ui_tutorial.py
[2026-05-23T16:52:03.191+0000] {processor.py:914} INFO - Processing file /home/airflow/.local/lib/python3.12/site-packages/airflow/example_dags/example_params_ui_tutorial.py for tasks to queue
[2026-05-23T16:52:03.193+0000] {logging_mixin.py:190} INFO - [2026-05-23T16:52:03.193+0000] {dagbag.py:588} INFO - Filling up the DagBag from /home/airflow/.local/lib/python3.12/site-packages/airflow/example_dags/example_params_ui_tutorial.py
[2026-05-23T16:52:03.200+0000] {processor.py:925} INFO - DAG(s) 'example_params_ui_tutorial' retrieved from /home/airflow/.local/lib/python3.12/site-packages/airflow/example_dags/example_params_ui_tutorial.py
[2026-05-23T16:52:03.249+0000] {logging_mixin.py:190} INFO - [2026-05-23T16:52:03.249+0000] {dag.py:3239} INFO - Sync 1 DAGs
[2026-05-23T16:52:03.261+0000] {logging_mixin.py:190} INFO - [2026-05-23T16:52:03.261+0000] {dag.py:4180} INFO - Setting next_dagrun for example_params_ui_tutorial to None, run_after=None
[2026-05-23T16:52:03.274+0000] {processor.py:208} INFO - Processing /home/airflow/.local/lib/python3.12/site-packages/airflow/example_dags/example_params_ui_tutorial.py took 0.089 seconds
[2026-05-23T16:52:34.288+0000] {processor.py:186} INFO - Started process (PID=489) to work on /home/airflow/.local/lib/python3.12/site-packages/airflow/example_dags/example_params_ui_tutorial.py
[2026-05-23T16:52:34.289+0000] {processor.py:914} INFO - Processing file /home/airflow/.local/lib/python3.12/site-packages/airflow/example_dags/example_params_ui_tutorial.py for tasks to queue
[2026-05-23T16:52:34.291+0000] {logging_mixin.py:190} INFO - [2026-05-23T16:52:34.290+0000] {dagbag.py:588} INFO - Filling up the DagBag from /home/airflow/.local/lib/python3.12/site-packages/airflow/example_dags/example_params_ui_tutorial.py
[2026-05-23T16:52:34.299+0000] {processor.py:925} INFO - DAG(s) 'example_params_ui_tutorial' retrieved from /home/airflow/.local/lib/python3.12/site-packages/airflow/example_dags/example_params_ui_tutorial.py
[2026-05-23T16:52:34.336+0000] {logging_mixin.py:190} INFO - [2026-05-23T16:52:34.335+0000] {dag.py:3239} INFO - Sync 1 DAGs
[2026-05-23T16:52:34.347+0000] {logging_mixin.py:190} INFO - [2026-05-23T16:52:34.347+0000] {dag.py:4180} INFO - Setting next_dagrun for example_params_ui_tutorial to None, run_after=None
[2026-05-23T16:52:34.362+0000] {processor.py:208} INFO - Processing /home/airflow/.local/lib/python3.12/site-packages/airflow/example_dags/example_params_ui_tutorial.py took 0.079 seconds
[2026-05-23T16:53:05.471+0000] {processor.py:186} INFO - Started process (PID=554) to work on /home/airflow/.local/lib/python3.12/site-packages/airflow/example_dags/example_params_ui_tutorial.py
[2026-05-23T16:53:05.471+0000] {processor.py:914} INFO - Processing file /home/airflow/.local/lib/python3.12/site-packages/airflow/example_dags/example_params_ui_tutorial.py for tasks to queue
[2026-05-23T16:53:05.473+0000] {logging_mixin.py:190} INFO - [2026-05-23T16:53:05.473+0000] {dagbag.py:588} INFO - Filling up the DagBag from /home/airflow/.local/lib/python3.12/site-packages/airflow/example_dags/example_params_ui_tutorial.py
[2026-05-23T16:53:05.480+0000] {processor.py:925} INFO - DAG(s) 'example_params_ui_tutorial' retrieved from /home/airflow/.local/lib/python3.12/site-packages/airflow/example_dags/example_params_ui_tutorial.py
[2026-05-23T16:53:05.521+0000] {logging_mixin.py:190} INFO - [2026-05-23T16:53:05.521+0000] {dag.py:3239} INFO - Sync 1 DAGs
[2026-05-23T16:53:05.533+0000] {logging_mixin.py:190} INFO - [2026-05-23T16:53:05.533+0000] {dag.py:4180} INFO - Setting next_dagrun for example_params_ui_tutorial to None, run_after=None
[2026-05-23T16:53:05.547+0000] {processor.py:208} INFO - Processing /home/airflow/.local/lib/python3.12/site-packages/airflow/example_dags/example_params_ui_tutorial.py took 0.080 seconds
[2026-05-23T16:53:36.658+0000] {processor.py:186} INFO - Started process (PID=619) to work on /home/airflow/.local/lib/python3.12/site-packages/airflow/example_dags/example_params_ui_tutorial.py
[2026-05-23T16:53:36.659+0000] {processor.py:914} INFO - Processing file /home/airflow/.local/lib/python3.12/site-packages/airflow/example_dags/example_params_ui_tutorial.py for tasks to queue
[2026-05-23T16:53:36.661+0000] {logging_mixin.py:190} INFO - [2026-05-23T16:53:36.660+0000] {dagbag.py:588} INFO - Filling up the DagBag from /home/airflow/.local/lib/python3.12/site-packages/airflow/example_dags/example_params_ui_tutorial.py
[2026-05-23T16:53:36.668+0000] {processor.py:925} INFO - DAG(s) 'example_params_ui_tutorial' retrieved from /home/airflow/.local/lib/python3.12/site-packages/airflow/example_dags/example_params_ui_tutorial.py
[2026-05-23T16:53:36.708+0000] {logging_mixin.py:190} INFO - [2026-05-23T16:53:36.708+0000] {dag.py:3239} INFO - Sync 1 DAGs
[2026-05-23T16:53:36.721+0000] {logging_mixin.py:190} INFO - [2026-05-23T16:53:36.721+0000] {dag.py:4180} INFO - Setting next_dagrun for example_params_ui_tutorial to None, run_after=None
[2026-05-23T16:53:36.735+0000] {processor.py:208} INFO - Processing /home/airflow/.local/lib/python3.12/site-packages/airflow/example_dags/example_params_ui_tutorial.py took 0.081 seconds
[2026-05-23T16:54:07.799+0000] {processor.py:186} INFO - Started process (PID=684) to work on /home/airflow/.local/lib/python3.12/site-packages/airflow/example_dags/example_params_ui_tutorial.py
[2026-05-23T16:54:07.800+0000] {processor.py:914} INFO - Processing file /home/airflow/.local/lib/python3.12/site-packages/airflow/example_dags/example_params_ui_tutorial.py for tasks to queue
[2026-05-23T16:54:07.802+0000] {logging_mixin.py:190} INFO - [2026-05-23T16:54:07.802+0000] {dagbag.py:588} INFO - Filling up the DagBag from /home/airflow/.local/lib/python3.12/site-packages/airflow/example_dags/example_params_ui_tutorial.py
[2026-05-23T16:54:07.816+0000] {processor.py:925} INFO - DAG(s) 'example_params_ui_tutorial' retrieved from /home/airflow/.local/lib/python3.12/site-packages/airflow/example_dags/example_params_ui_tutorial.py
[2026-05-23T16:54:07.864+0000] {logging_mixin.py:190} INFO - [2026-05-23T16:54:07.864+0000] {dag.py:3239} INFO - Sync 1 DAGs
[2026-05-23T16:54:07.876+0000] {logging_mixin.py:190} INFO - [2026-05-23T16:54:07.876+0000] {dag.py:4180} INFO - Setting next_dagrun for example_params_ui_tutorial to None, run_after=None
[2026-05-23T16:54:07.889+0000] {processor.py:208} INFO - Processing /home/airflow/.local/lib/python3.12/site-packages/airflow/example_dags/example_params_ui_tutorial.py took 0.097 seconds
[2026-05-23T16:54:38.895+0000] {processor.py:186} INFO - Started process (PID=749) to work on /home/airflow/.local/lib/python3.12/site-packages/airflow/example_dags/example_params_ui_tutorial.py
[2026-05-23T16:54:38.895+0000] {processor.py:914} INFO - Processing file /home/airflow/.local/lib/python3.12/site-packages/airflow/example_dags/example_params_ui_tutorial.py for tasks to queue
[2026-05-23T16:54:38.897+0000] {logging_mixin.py:190} INFO - [2026-05-23T16:54:38.897+0000] {dagbag.py:588} INFO - Filling up the DagBag from /home/airflow/.local/lib/python3.12/site-packages/airflow/example_dags/example_params_ui_tutorial.py
[2026-05-23T16:54:38.906+0000] {processor.py:925} INFO - DAG(s) 'example_params_ui_tutorial' retrieved from /home/airflow/.local/lib/python3.12/site-packages/airflow/example_dags/example_params_ui_tutorial.py
[2026-05-23T16:54:38.946+0000] {logging_mixin.py:190} INFO - [2026-05-23T16:54:38.946+0000] {dag.py:3239} INFO - Sync 1 DAGs
[2026-05-23T16:54:38.959+0000] {logging_mixin.py:190} INFO - [2026-05-23T16:54:38.959+0000] {dag.py:4180} INFO - Setting next_dagrun for example_params_ui_tutorial to None, run_after=None
[2026-05-23T16:54:38.974+0000] {processor.py:208} INFO - Processing /home/airflow/.local/lib/python3.12/site-packages/airflow/example_dags/example_params_ui_tutorial.py took 0.083 seconds
[2026-05-23T16:55:10.125+0000] {processor.py:186} INFO - Started process (PID=814) to work on /home/airflow/.local/lib/python3.12/site-packages/airflow/example_dags/example_params_ui_tutorial.py
[2026-05-23T16:55:10.126+0000] {processor.py:914} INFO - Processing file /home/airflow/.local/lib/python3.12/site-packages/airflow/example_dags/example_params_ui_tutorial.py for tasks to queue
[2026-05-23T16:55:10.127+0000] {logging_mixin.py:190} INFO - [2026-05-23T16:55:10.127+0000] {dagbag.py:588} INFO - Filling up the DagBag from /home/airflow/.local/lib/python3.12/site-packages/airflow/example_dags/example_params_ui_tutorial.py
[2026-05-23T16:55:10.135+0000] {processor.py:925} INFO - DAG(s) 'example_params_ui_tutorial' retrieved from /home/airflow/.local/lib/python3.12/site-packages/airflow/example_dags/example_params_ui_tutorial.py
[2026-05-23T16:55:10.171+0000] {logging_mixin.py:190} INFO - [2026-05-23T16:55:10.171+0000] {dag.py:3239} INFO - Sync 1 DAGs
[2026-05-23T16:55:10.183+0000] {logging_mixin.py:190} INFO - [2026-05-23T16:55:10.183+0000] {dag.py:4180} INFO - Setting next_dagrun for example_params_ui_tutorial to None, run_after=None
[2026-05-23T16:55:10.199+0000] {processor.py:208} INFO - Processing /home/airflow/.local/lib/python3.12/site-packages/airflow/example_dags/example_params_ui_tutorial.py took 0.078 seconds
[2026-05-23T16:55:41.332+0000] {processor.py:186} INFO - Started process (PID=879) to work on /home/airflow/.local/lib/python3.12/site-packages/airflow/example_dags/example_params_ui_tutorial.py
[2026-05-23T16:55:41.338+0000] {processor.py:914} INFO - Processing file /home/airflow/.local/lib/python3.12/site-packages/airflow/example_dags/example_params_ui_tutorial.py for tasks to queue
[2026-05-23T16:55:41.340+0000] {logging_mixin.py:190} INFO - [2026-05-23T16:55:41.340+0000] {dagbag.py:588} INFO - Filling up the DagBag from /home/airflow/.local/lib/python3.12/site-packages/airflow/example_dags/example_params_ui_tutorial.py
[2026-05-23T16:55:41.351+0000] {processor.py:925} INFO - DAG(s) 'example_params_ui_tutorial' retrieved from /home/airflow/.local/lib/python3.12/site-packages/airflow/example_dags/example_params_ui_tutorial.py
[2026-05-23T16:55:41.403+0000] {logging_mixin.py:190} INFO - [2026-05-23T16:55:41.403+0000] {dag.py:3239} INFO - Sync 1 DAGs
[2026-05-23T16:55:41.415+0000] {logging_mixin.py:190} INFO - [2026-05-23T16:55:41.415+0000] {dag.py:4180} INFO - Setting next_dagrun for example_params_ui_tutorial to None, run_after=None
[2026-05-23T16:55:41.429+0000] {processor.py:208} INFO - Processing /home/airflow/.local/lib/python3.12/site-packages/airflow/example_dags/example_params_ui_tutorial.py took 0.104 seconds
[2026-05-23T16:56:12.441+0000] {processor.py:186} INFO - Started process (PID=944) to work on /home/airflow/.local/lib/python3.12/site-packages/airflow/example_dags/example_params_ui_tutorial.py
[2026-05-23T16:56:12.442+0000] {processor.py:914} INFO - Processing file /home/airflow/.local/lib/python3.12/site-packages/airflow/example_dags/example_params_ui_tutorial.py for tasks to queue
[2026-05-23T16:56:12.443+0000] {logging_mixin.py:190} INFO - [2026-05-23T16:56:12.443+0000] {dagbag.py:588} INFO - Filling up the DagBag from /home/airflow/.local/lib/python3.12/site-packages/airflow/example_dags/example_params_ui_tutorial.py
[2026-05-23T16:56:12.451+0000] {processor.py:925} INFO - DAG(s) 'example_params_ui_tutorial' retrieved from /home/airflow/.local/lib/python3.12/site-packages/airflow/example_dags/example_params_ui_tutorial.py
[2026-05-23T16:56:12.490+0000] {logging_mixin.py:190} INFO - [2026-05-23T16:56:12.490+0000] {dag.py:3239} INFO - Sync 1 DAGs
[2026-05-23T16:56:12.501+0000] {logging_mixin.py:190} INFO - [2026-05-23T16:56:12.501+0000] {dag.py:4180} INFO - Setting next_dagrun for example_params_ui_tutorial to None, run_after=None
[2026-05-23T16:56:12.514+0000] {processor.py:208} INFO - Processing /home/airflow/.local/lib/python3.12/site-packages/airflow/example_dags/example_params_ui_tutorial.py took 0.078 seconds
[2026-05-23T16:56:43.776+0000] {processor.py:186} INFO - Started process (PID=1009) to work on /home/airflow/.local/lib/python3.12/site-packages/airflow/example_dags/example_params_ui_tutorial.py
[2026-05-23T16:56:43.777+0000] {processor.py:914} INFO - Processing file /home/airflow/.local/lib/python3.12/site-packages/airflow/example_dags/example_params_ui_tutorial.py for tasks to queue
[2026-05-23T16:56:43.779+0000] {logging_mixin.py:190} INFO - [2026-05-23T16:56:43.778+0000] {dagbag.py:588} INFO - Filling up the DagBag from /home/airflow/.local/lib/python3.12/site-packages/airflow/example_dags/example_params_ui_tutorial.py
[2026-05-23T16:56:43.786+0000] {processor.py:925} INFO - DAG(s) 'example_params_ui_tutorial' retrieved from /home/airflow/.local/lib/python3.12/site-packages/airflow/example_dags/example_params_ui_tutorial.py
[2026-05-23T16:56:43.823+0000] {logging_mixin.py:190} INFO - [2026-05-23T16:56:43.823+0000] {dag.py:3239} INFO - Sync 1 DAGs
[2026-05-23T16:56:43.835+0000] {logging_mixin.py:190} INFO - [2026-05-23T16:56:43.835+0000] {dag.py:4180} INFO - Setting next_dagrun for example_params_ui_tutorial to None, run_after=None
[2026-05-23T16:56:43.849+0000] {processor.py:208} INFO - Processing /home/airflow/.local/lib/python3.12/site-packages/airflow/example_dags/example_params_ui_tutorial.py took 0.077 seconds
[2026-05-23T16:57:14.897+0000] {processor.py:186} INFO - Started process (PID=1074) to work on /home/airflow/.local/lib/python3.12/site-packages/airflow/example_dags/example_params_ui_tutorial.py
[2026-05-23T16:57:14.898+0000] {processor.py:914} INFO - Processing file /home/airflow/.local/lib/python3.12/site-packages/airflow/example_dags/example_params_ui_tutorial.py for tasks to queue
[2026-05-23T16:57:14.900+0000] {logging_mixin.py:190} INFO - [2026-05-23T16:57:14.899+0000] {dagbag.py:588} INFO - Filling up the DagBag from /home/airflow/.local/lib/python3.12/site-packages/airflow/example_dags/example_params_ui_tutorial.py
[2026-05-23T16:57:14.908+0000] {processor.py:925} INFO - DAG(s) 'example_params_ui_tutorial' retrieved from /home/airflow/.local/lib/python3.12/site-packages/airflow/example_dags/example_params_ui_tutorial.py
[2026-05-23T16:57:14.948+0000] {logging_mixin.py:190} INFO - [2026-05-23T16:57:14.948+0000] {dag.py:3239} INFO - Sync 1 DAGs
[2026-05-23T16:57:14.961+0000] {logging_mixin.py:190} INFO - [2026-05-23T16:57:14.961+0000] {dag.py:4180} INFO - Setting next_dagrun for example_params_ui_tutorial to None, run_after=None
[2026-05-23T16:57:14.978+0000] {processor.py:208} INFO - Processing /home/airflow/.local/lib/python3.12/site-packages/airflow/example_dags/example_params_ui_tutorial.py took 0.085 seconds
[2026-05-23T16:57:46.296+0000] {processor.py:186} INFO - Started process (PID=1139) to work on /home/airflow/.local/lib/python3.12/site-packages/airflow/example_dags/example_params_ui_tutorial.py
[2026-05-23T16:57:46.298+0000] {processor.py:914} INFO - Processing file /home/airflow/.local/lib/python3.12/site-packages/airflow/example_dags/example_params_ui_tutorial.py for tasks to queue
[2026-05-23T16:57:46.301+0000] {logging_mixin.py:190} INFO - [2026-05-23T16:57:46.300+0000] {dagbag.py:588} INFO - Filling up the DagBag from /home/airflow/.local/lib/python3.12/site-packages/airflow/example_dags/example_params_ui_tutorial.py
[2026-05-23T16:57:46.312+0000] {processor.py:925} INFO - DAG(s) 'example_params_ui_tutorial' retrieved from /home/airflow/.local/lib/python3.12/site-packages/airflow/example_dags/example_params_ui_tutorial.py
[2026-05-23T16:57:46.359+0000] {logging_mixin.py:190} INFO - [2026-05-23T16:57:46.359+0000] {dag.py:3239} INFO - Sync 1 DAGs
[2026-05-23T16:57:46.371+0000] {logging_mixin.py:190} INFO - [2026-05-23T16:57:46.371+0000] {dag.py:4180} INFO - Setting next_dagrun for example_params_ui_tutorial to None, run_after=None
[2026-05-23T16:57:46.388+0000] {processor.py:208} INFO - Processing /home/airflow/.local/lib/python3.12/site-packages/airflow/example_dags/example_params_ui_tutorial.py took 0.099 seconds
[2026-05-23T16:58:17.829+0000] {processor.py:186} INFO - Started process (PID=1204) to work on /home/airflow/.local/lib/python3.12/site-packages/airflow/example_dags/example_params_ui_tutorial.py
[2026-05-23T16:58:17.830+0000] {processor.py:914} INFO - Processing file /home/airflow/.local/lib/python3.12/site-packages/airflow/example_dags/example_params_ui_tutorial.py for tasks to queue
[2026-05-23T16:58:17.832+0000] {logging_mixin.py:190} INFO - [2026-05-23T16:58:17.832+0000] {dagbag.py:588} INFO - Filling up the DagBag from /home/airflow/.local/lib/python3.12/site-packages/airflow/example_dags/example_params_ui_tutorial.py
[2026-05-23T16:58:17.852+0000] {processor.py:925} INFO - DAG(s) 'example_params_ui_tutorial' retrieved from /home/airflow/.local/lib/python3.12/site-packages/airflow/example_dags/example_params_ui_tutorial.py
[2026-05-23T16:58:17.917+0000] {logging_mixin.py:190} INFO - [2026-05-23T16:58:17.916+0000] {dag.py:3239} INFO - Sync 1 DAGs
[2026-05-23T16:58:17.934+0000] {logging_mixin.py:190} INFO - [2026-05-23T16:58:17.933+0000] {dag.py:4180} INFO - Setting next_dagrun for example_params_ui_tutorial to None, run_after=None
[2026-05-23T16:58:17.950+0000] {processor.py:208} INFO - Processing /home/airflow/.local/lib/python3.12/site-packages/airflow/example_dags/example_params_ui_tutorial.py took 0.127 seconds
[2026-05-23T16:58:48.869+0000] {processor.py:186} INFO - Started process (PID=1269) to work on /home/airflow/.local/lib/python3.12/site-packages/airflow/example_dags/example_params_ui_tutorial.py
[2026-05-23T16:58:48.869+0000] {processor.py:914} INFO - Processing file /home/airflow/.local/lib/python3.12/site-packages/airflow/example_dags/example_params_ui_tutorial.py for tasks to queue
[2026-05-23T16:58:48.871+0000] {logging_mixin.py:190} INFO - [2026-05-23T16:58:48.871+0000] {dagbag.py:588} INFO - Filling up the DagBag from /home/airflow/.local/lib/python3.12/site-packages/airflow/example_dags/example_params_ui_tutorial.py
[2026-05-23T16:58:48.878+0000] {processor.py:925} INFO - DAG(s) 'example_params_ui_tutorial' retrieved from /home/airflow/.local/lib/python3.12/site-packages/airflow/example_dags/example_params_ui_tutorial.py
[2026-05-23T16:58:48.918+0000] {logging_mixin.py:190} INFO - [2026-05-23T16:58:48.918+0000] {dag.py:3239} INFO - Sync 1 DAGs
[2026-05-23T16:58:48.930+0000] {logging_mixin.py:190} INFO - [2026-05-23T16:58:48.930+0000] {dag.py:4180} INFO - Setting next_dagrun for example_params_ui_tutorial to None, run_after=None
[2026-05-23T16:58:48.943+0000] {processor.py:208} INFO - Processing /home/airflow/.local/lib/python3.12/site-packages/airflow/example_dags/example_params_ui_tutorial.py took 0.079 seconds
[2026-05-23T16:59:20.182+0000] {processor.py:186} INFO - Started process (PID=1334) to work on /home/airflow/.local/lib/python3.12/site-packages/airflow/example_dags/example_params_ui_tutorial.py
[2026-05-23T16:59:20.183+0000] {processor.py:914} INFO - Processing file /home/airflow/.local/lib/python3.12/site-packages/airflow/example_dags/example_params_ui_tutorial.py for tasks to queue
[2026-05-23T16:59:20.185+0000] {logging_mixin.py:190} INFO - [2026-05-23T16:59:20.185+0000] {dagbag.py:588} INFO - Filling up the DagBag from /home/airflow/.local/lib/python3.12/site-packages/airflow/example_dags/example_params_ui_tutorial.py
[2026-05-23T16:59:20.196+0000] {processor.py:925} INFO - DAG(s) 'example_params_ui_tutorial' retrieved from /home/airflow/.local/lib/python3.12/site-packages/airflow/example_dags/example_params_ui_tutorial.py
[2026-05-23T16:59:20.240+0000] {logging_mixin.py:190} INFO - [2026-05-23T16:59:20.240+0000] {dag.py:3239} INFO - Sync 1 DAGs
[2026-05-23T16:59:20.255+0000] {logging_mixin.py:190} INFO - [2026-05-23T16:59:20.255+0000] {dag.py:4180} INFO - Setting next_dagrun for example_params_ui_tutorial to None, run_after=None
[2026-05-23T16:59:20.273+0000] {processor.py:208} INFO - Processing /home/airflow/.local/lib/python3.12/site-packages/airflow/example_dags/example_params_ui_tutorial.py took 0.096 seconds
[2026-05-23T16:59:51.244+0000] {processor.py:186} INFO - Started process (PID=1400) to work on /home/airflow/.local/lib/python3.12/site-packages/airflow/example_dags/example_params_ui_tutorial.py
[2026-05-23T16:59:51.244+0000] {processor.py:914} INFO - Processing file /home/airflow/.local/lib/python3.12/site-packages/airflow/example_dags/example_params_ui_tutorial.py for tasks to queue
[2026-05-23T16:59:51.246+0000] {logging_mixin.py:190} INFO - [2026-05-23T16:59:51.246+0000] {dagbag.py:588} INFO - Filling up the DagBag from /home/airflow/.local/lib/python3.12/site-packages/airflow/example_dags/example_params_ui_tutorial.py
[2026-05-23T16:59:51.254+0000] {processor.py:925} INFO - DAG(s) 'example_params_ui_tutorial' retrieved from /home/airflow/.local/lib/python3.12/site-packages/airflow/example_dags/example_params_ui_tutorial.py
[2026-05-23T16:59:51.294+0000] {logging_mixin.py:190} INFO - [2026-05-23T16:59:51.293+0000] {dag.py:3239} INFO - Sync 1 DAGs
[2026-05-23T16:59:51.307+0000] {logging_mixin.py:190} INFO - [2026-05-23T16:59:51.307+0000] {dag.py:4180} INFO - Setting next_dagrun for example_params_ui_tutorial to None, run_after=None
[2026-05-23T16:59:51.323+0000] {processor.py:208} INFO - Processing /home/airflow/.local/lib/python3.12/site-packages/airflow/example_dags/example_params_ui_tutorial.py took 0.085 seconds
[2026-05-23T17:00:21.750+0000] {processor.py:186} INFO - Started process (PID=1465) to work on /home/airflow/.local/lib/python3.12/site-packages/airflow/example_dags/example_params_ui_tutorial.py
[2026-05-23T17:00:21.751+0000] {processor.py:914} INFO - Processing file /home/airflow/.local/lib/python3.12/site-packages/airflow/example_dags/example_params_ui_tutorial.py for tasks to queue
[2026-05-23T17:00:21.752+0000] {logging_mixin.py:190} INFO - [2026-05-23T17:00:21.752+0000] {dagbag.py:588} INFO - Filling up the DagBag from /home/airflow/.local/lib/python3.12/site-packages/airflow/example_dags/example_params_ui_tutorial.py
[2026-05-23T17:00:21.759+0000] {processor.py:925} INFO - DAG(s) 'example_params_ui_tutorial' retrieved from /home/airflow/.local/lib/python3.12/site-packages/airflow/example_dags/example_params_ui_tutorial.py
[2026-05-23T17:00:21.799+0000] {logging_mixin.py:190} INFO - [2026-05-23T17:00:21.799+0000] {dag.py:3239} INFO - Sync 1 DAGs
[2026-05-23T17:00:21.813+0000] {logging_mixin.py:190} INFO - [2026-05-23T17:00:21.813+0000] {dag.py:4180} INFO - Setting next_dagrun for example_params_ui_tutorial to None, run_after=None
[2026-05-23T17:00:21.830+0000] {processor.py:208} INFO - Processing /home/airflow/.local/lib/python3.12/site-packages/airflow/example_dags/example_params_ui_tutorial.py took 0.084 seconds
[2026-05-23T17:00:52.852+0000] {processor.py:186} INFO - Started process (PID=1530) to work on /home/airflow/.local/lib/python3.12/site-packages/airflow/example_dags/example_params_ui_tutorial.py
[2026-05-23T17:00:52.853+0000] {processor.py:914} INFO - Processing file /home/airflow/.local/lib/python3.12/site-packages/airflow/example_dags/example_params_ui_tutorial.py for tasks to queue
[2026-05-23T17:00:52.855+0000] {logging_mixin.py:190} INFO - [2026-05-23T17:00:52.854+0000] {dagbag.py:588} INFO - Filling up the DagBag from /home/airflow/.local/lib/python3.12/site-packages/airflow/example_dags/example_params_ui_tutorial.py
[2026-05-23T17:00:52.862+0000] {processor.py:925} INFO - DAG(s) 'example_params_ui_tutorial' retrieved from /home/airflow/.local/lib/python3.12/site-packages/airflow/example_dags/example_params_ui_tutorial.py
[2026-05-23T17:00:52.905+0000] {logging_mixin.py:190} INFO - [2026-05-23T17:00:52.905+0000] {dag.py:3239} INFO - Sync 1 DAGs
[2026-05-23T17:00:52.917+0000] {logging_mixin.py:190} INFO - [2026-05-23T17:00:52.917+0000] {dag.py:4180} INFO - Setting next_dagrun for example_params_ui_tutorial to None, run_after=None
[2026-05-23T17:00:52.930+0000] {processor.py:208} INFO - Processing /home/airflow/.local/lib/python3.12/site-packages/airflow/example_dags/example_params_ui_tutorial.py took 0.084 seconds
[2026-05-23T17:01:23.929+0000] {processor.py:186} INFO - Started process (PID=1595) to work on /home/airflow/.local/lib/python3.12/site-packages/airflow/example_dags/example_params_ui_tutorial.py
[2026-05-23T17:01:23.930+0000] {processor.py:914} INFO - Processing file /home/airflow/.local/lib/python3.12/site-packages/airflow/example_dags/example_params_ui_tutorial.py for tasks to queue
[2026-05-23T17:01:23.933+0000] {logging_mixin.py:190} INFO - [2026-05-23T17:01:23.932+0000] {dagbag.py:588} INFO - Filling up the DagBag from /home/airflow/.local/lib/python3.12/site-packages/airflow/example_dags/example_params_ui_tutorial.py
[2026-05-23T17:01:23.943+0000] {processor.py:925} INFO - DAG(s) 'example_params_ui_tutorial' retrieved from /home/airflow/.local/lib/python3.12/site-packages/airflow/example_dags/example_params_ui_tutorial.py
[2026-05-23T17:01:23.990+0000] {logging_mixin.py:190} INFO - [2026-05-23T17:01:23.990+0000] {dag.py:3239} INFO - Sync 1 DAGs
[2026-05-23T17:01:24.003+0000] {logging_mixin.py:190} INFO - [2026-05-23T17:01:24.002+0000] {dag.py:4180} INFO - Setting next_dagrun for example_params_ui_tutorial to None, run_after=None
[2026-05-23T17:01:24.017+0000] {processor.py:208} INFO - Processing /home/airflow/.local/lib/python3.12/site-packages/airflow/example_dags/example_params_ui_tutorial.py took 0.094 seconds
[2026-05-23T17:01:55.119+0000] {processor.py:186} INFO - Started process (PID=1660) to work on /home/airflow/.local/lib/python3.12/site-packages/airflow/example_dags/example_params_ui_tutorial.py
[2026-05-23T17:01:55.120+0000] {processor.py:914} INFO - Processing file /home/airflow/.local/lib/python3.12/site-packages/airflow/example_dags/example_params_ui_tutorial.py for tasks to queue
[2026-05-23T17:01:55.121+0000] {logging_mixin.py:190} INFO - [2026-05-23T17:01:55.121+0000] {dagbag.py:588} INFO - Filling up the DagBag from /home/airflow/.local/lib/python3.12/site-packages/airflow/example_dags/example_params_ui_tutorial.py
[2026-05-23T17:01:55.129+0000] {processor.py:925} INFO - DAG(s) 'example_params_ui_tutorial' retrieved from /home/airflow/.local/lib/python3.12/site-packages/airflow/example_dags/example_params_ui_tutorial.py
[2026-05-23T17:01:55.176+0000] {logging_mixin.py:190} INFO - [2026-05-23T17:01:55.175+0000] {dag.py:3239} INFO - Sync 1 DAGs
[2026-05-23T17:01:55.188+0000] {logging_mixin.py:190} INFO - [2026-05-23T17:01:55.188+0000] {dag.py:4180} INFO - Setting next_dagrun for example_params_ui_tutorial to None, run_after=None
[2026-05-23T17:01:55.201+0000] {processor.py:208} INFO - Processing /home/airflow/.local/lib/python3.12/site-packages/airflow/example_dags/example_params_ui_tutorial.py took 0.087 seconds
[2026-05-23T17:02:25.945+0000] {processor.py:186} INFO - Started process (PID=1725) to work on /home/airflow/.local/lib/python3.12/site-packages/airflow/example_dags/example_params_ui_tutorial.py
[2026-05-23T17:02:25.946+0000] {processor.py:914} INFO - Processing file /home/airflow/.local/lib/python3.12/site-packages/airflow/example_dags/example_params_ui_tutorial.py for tasks to queue
[2026-05-23T17:02:25.948+0000] {logging_mixin.py:190} INFO - [2026-05-23T17:02:25.948+0000] {dagbag.py:588} INFO - Filling up the DagBag from /home/airflow/.local/lib/python3.12/site-packages/airflow/example_dags/example_params_ui_tutorial.py
[2026-05-23T17:02:25.958+0000] {processor.py:925} INFO - DAG(s) 'example_params_ui_tutorial' retrieved from /home/airflow/.local/lib/python3.12/site-packages/airflow/example_dags/example_params_ui_tutorial.py
[2026-05-23T17:02:26.021+0000] {logging_mixin.py:190} INFO - [2026-05-23T17:02:26.020+0000] {dag.py:3239} INFO - Sync 1 DAGs
[2026-05-23T17:02:26.034+0000] {logging_mixin.py:190} INFO - [2026-05-23T17:02:26.034+0000] {dag.py:4180} INFO - Setting next_dagrun for example_params_ui_tutorial to None, run_after=None
[2026-05-23T17:02:26.049+0000] {processor.py:208} INFO - Processing /home/airflow/.local/lib/python3.12/site-packages/airflow/example_dags/example_params_ui_tutorial.py took 0.109 seconds
[2026-05-23T17:02:56.567+0000] {processor.py:186} INFO - Started process (PID=1790) to work on /home/airflow/.local/lib/python3.12/site-packages/airflow/example_dags/example_params_ui_tutorial.py
[2026-05-23T17:02:56.568+0000] {processor.py:914} INFO - Processing file /home/airflow/.local/lib/python3.12/site-packages/airflow/example_dags/example_params_ui_tutorial.py for tasks to queue
[2026-05-23T17:02:56.569+0000] {logging_mixin.py:190} INFO - [2026-05-23T17:02:56.569+0000] {dagbag.py:588} INFO - Filling up the DagBag from /home/airflow/.local/lib/python3.12/site-packages/airflow/example_dags/example_params_ui_tutorial.py
[2026-05-23T17:02:56.577+0000] {processor.py:925} INFO - DAG(s) 'example_params_ui_tutorial' retrieved from /home/airflow/.local/lib/python3.12/site-packages/airflow/example_dags/example_params_ui_tutorial.py
[2026-05-23T17:02:56.611+0000] {logging_mixin.py:190} INFO - [2026-05-23T17:02:56.611+0000] {dag.py:3239} INFO - Sync 1 DAGs
[2026-05-23T17:02:56.622+0000] {logging_mixin.py:190} INFO - [2026-05-23T17:02:56.622+0000] {dag.py:4180} INFO - Setting next_dagrun for example_params_ui_tutorial to None, run_after=None
[2026-05-23T17:02:56.636+0000] {processor.py:208} INFO - Processing /home/airflow/.local/lib/python3.12/site-packages/airflow/example_dags/example_params_ui_tutorial.py took 0.073 seconds
[2026-05-23T17:03:27.768+0000] {processor.py:186} INFO - Started process (PID=1856) to work on /home/airflow/.local/lib/python3.12/site-packages/airflow/example_dags/example_params_ui_tutorial.py
[2026-05-23T17:03:27.769+0000] {processor.py:914} INFO - Processing file /home/airflow/.local/lib/python3.12/site-packages/airflow/example_dags/example_params_ui_tutorial.py for tasks to queue
[2026-05-23T17:03:27.770+0000] {logging_mixin.py:190} INFO - [2026-05-23T17:03:27.770+0000] {dagbag.py:588} INFO - Filling up the DagBag from /home/airflow/.local/lib/python3.12/site-packages/airflow/example_dags/example_params_ui_tutorial.py
[2026-05-23T17:03:27.778+0000] {processor.py:925} INFO - DAG(s) 'example_params_ui_tutorial' retrieved from /home/airflow/.local/lib/python3.12/site-packages/airflow/example_dags/example_params_ui_tutorial.py
[2026-05-23T17:03:27.813+0000] {logging_mixin.py:190} INFO - [2026-05-23T17:03:27.812+0000] {dag.py:3239} INFO - Sync 1 DAGs
[2026-05-23T17:03:27.824+0000] {logging_mixin.py:190} INFO - [2026-05-23T17:03:27.823+0000] {dag.py:4180} INFO - Setting next_dagrun for example_params_ui_tutorial to None, run_after=None
[2026-05-23T17:03:27.837+0000] {processor.py:208} INFO - Processing /home/airflow/.local/lib/python3.12/site-packages/airflow/example_dags/example_params_ui_tutorial.py took 0.073 seconds
[2026-05-23T17:03:58.315+0000] {processor.py:186} INFO - Started process (PID=1921) to work on /home/airflow/.local/lib/python3.12/site-packages/airflow/example_dags/example_params_ui_tutorial.py
[2026-05-23T17:03:58.316+0000] {processor.py:914} INFO - Processing file /home/airflow/.local/lib/python3.12/site-packages/airflow/example_dags/example_params_ui_tutorial.py for tasks to queue
[2026-05-23T17:03:58.318+0000] {logging_mixin.py:190} INFO - [2026-05-23T17:03:58.318+0000] {dagbag.py:588} INFO - Filling up the DagBag from /home/airflow/.local/lib/python3.12/site-packages/airflow/example_dags/example_params_ui_tutorial.py
[2026-05-23T17:03:58.328+0000] {processor.py:925} INFO - DAG(s) 'example_params_ui_tutorial' retrieved from /home/airflow/.local/lib/python3.12/site-packages/airflow/example_dags/example_params_ui_tutorial.py
[2026-05-23T17:03:58.370+0000] {logging_mixin.py:190} INFO - [2026-05-23T17:03:58.370+0000] {dag.py:3239} INFO - Sync 1 DAGs
[2026-05-23T17:03:58.383+0000] {logging_mixin.py:190} INFO - [2026-05-23T17:03:58.383+0000] {dag.py:4180} INFO - Setting next_dagrun for example_params_ui_tutorial to None, run_after=None
[2026-05-23T17:03:58.396+0000] {processor.py:208} INFO - Processing /home/airflow/.local/lib/python3.12/site-packages/airflow/example_dags/example_params_ui_tutorial.py took 0.087 seconds
[2026-05-23T17:04:29.654+0000] {processor.py:186} INFO - Started process (PID=1992) to work on /home/airflow/.local/lib/python3.12/site-packages/airflow/example_dags/example_params_ui_tutorial.py
[2026-05-23T17:04:29.655+0000] {processor.py:914} INFO - Processing file /home/airflow/.local/lib/python3.12/site-packages/airflow/example_dags/example_params_ui_tutorial.py for tasks to queue
[2026-05-23T17:04:29.656+0000] {logging_mixin.py:190} INFO - [2026-05-23T17:04:29.656+0000] {dagbag.py:588} INFO - Filling up the DagBag from /home/airflow/.local/lib/python3.12/site-packages/airflow/example_dags/example_params_ui_tutorial.py
[2026-05-23T17:04:29.664+0000] {processor.py:925} INFO - DAG(s) 'example_params_ui_tutorial' retrieved from /home/airflow/.local/lib/python3.12/site-packages/airflow/example_dags/example_params_ui_tutorial.py
[2026-05-23T17:04:29.702+0000] {logging_mixin.py:190} INFO - [2026-05-23T17:04:29.702+0000] {dag.py:3239} INFO - Sync 1 DAGs
[2026-05-23T17:04:29.714+0000] {logging_mixin.py:190} INFO - [2026-05-23T17:04:29.714+0000] {dag.py:4180} INFO - Setting next_dagrun for example_params_ui_tutorial to None, run_after=None
[2026-05-23T17:04:29.728+0000] {processor.py:208} INFO - Processing /home/airflow/.local/lib/python3.12/site-packages/airflow/example_dags/example_params_ui_tutorial.py took 0.078 seconds
[2026-05-23T17:05:00.958+0000] {processor.py:186} INFO - Started process (PID=2057) to work on /home/airflow/.local/lib/python3.12/site-packages/airflow/example_dags/example_params_ui_tutorial.py
[2026-05-23T17:05:00.959+0000] {processor.py:914} INFO - Processing file /home/airflow/.local/lib/python3.12/site-packages/airflow/example_dags/example_params_ui_tutorial.py for tasks to queue
[2026-05-23T17:05:00.961+0000] {logging_mixin.py:190} INFO - [2026-05-23T17:05:00.960+0000] {dagbag.py:588} INFO - Filling up the DagBag from /home/airflow/.local/lib/python3.12/site-packages/airflow/example_dags/example_params_ui_tutorial.py
[2026-05-23T17:05:00.968+0000] {processor.py:925} INFO - DAG(s) 'example_params_ui_tutorial' retrieved from /home/airflow/.local/lib/python3.12/site-packages/airflow/example_dags/example_params_ui_tutorial.py
[2026-05-23T17:05:01.004+0000] {logging_mixin.py:190} INFO - [2026-05-23T17:05:01.004+0000] {dag.py:3239} INFO - Sync 1 DAGs
[2026-05-23T17:05:01.016+0000] {logging_mixin.py:190} INFO - [2026-05-23T17:05:01.015+0000] {dag.py:4180} INFO - Setting next_dagrun for example_params_ui_tutorial to None, run_after=None
[2026-05-23T17:05:01.032+0000] {processor.py:208} INFO - Processing /home/airflow/.local/lib/python3.12/site-packages/airflow/example_dags/example_params_ui_tutorial.py took 0.078 seconds
[2026-05-23T17:05:32.343+0000] {processor.py:186} INFO - Started process (PID=2122) to work on /home/airflow/.local/lib/python3.12/site-packages/airflow/example_dags/example_params_ui_tutorial.py
[2026-05-23T17:05:32.344+0000] {processor.py:914} INFO - Processing file /home/airflow/.local/lib/python3.12/site-packages/airflow/example_dags/example_params_ui_tutorial.py for tasks to queue
[2026-05-23T17:05:32.346+0000] {logging_mixin.py:190} INFO - [2026-05-23T17:05:32.346+0000] {dagbag.py:588} INFO - Filling up the DagBag from /home/airflow/.local/lib/python3.12/site-packages/airflow/example_dags/example_params_ui_tutorial.py
[2026-05-23T17:05:32.354+0000] {processor.py:925} INFO - DAG(s) 'example_params_ui_tutorial' retrieved from /home/airflow/.local/lib/python3.12/site-packages/airflow/example_dags/example_params_ui_tutorial.py
[2026-05-23T17:05:32.409+0000] {logging_mixin.py:190} INFO - [2026-05-23T17:05:32.408+0000] {dag.py:3239} INFO - Sync 1 DAGs
[2026-05-23T17:05:32.425+0000] {logging_mixin.py:190} INFO - [2026-05-23T17:05:32.425+0000] {dag.py:4180} INFO - Setting next_dagrun for example_params_ui_tutorial to None, run_after=None
[2026-05-23T17:05:32.438+0000] {processor.py:208} INFO - Processing /home/airflow/.local/lib/python3.12/site-packages/airflow/example_dags/example_params_ui_tutorial.py took 0.101 seconds
[2026-05-23T17:06:03.460+0000] {processor.py:186} INFO - Started process (PID=2188) to work on /home/airflow/.local/lib/python3.12/site-packages/airflow/example_dags/example_params_ui_tutorial.py
[2026-05-23T17:06:03.461+0000] {processor.py:914} INFO - Processing file /home/airflow/.local/lib/python3.12/site-packages/airflow/example_dags/example_params_ui_tutorial.py for tasks to queue
[2026-05-23T17:06:03.462+0000] {logging_mixin.py:190} INFO - [2026-05-23T17:06:03.462+0000] {dagbag.py:588} INFO - Filling up the DagBag from /home/airflow/.local/lib/python3.12/site-packages/airflow/example_dags/example_params_ui_tutorial.py
[2026-05-23T17:06:03.470+0000] {processor.py:925} INFO - DAG(s) 'example_params_ui_tutorial' retrieved from /home/airflow/.local/lib/python3.12/site-packages/airflow/example_dags/example_params_ui_tutorial.py
[2026-05-23T17:06:03.509+0000] {logging_mixin.py:190} INFO - [2026-05-23T17:06:03.509+0000] {dag.py:3239} INFO - Sync 1 DAGs
[2026-05-23T17:06:03.525+0000] {logging_mixin.py:190} INFO - [2026-05-23T17:06:03.524+0000] {dag.py:4180} INFO - Setting next_dagrun for example_params_ui_tutorial to None, run_after=None
[2026-05-23T17:06:03.541+0000] {processor.py:208} INFO - Processing /home/airflow/.local/lib/python3.12/site-packages/airflow/example_dags/example_params_ui_tutorial.py took 0.085 seconds
[2026-05-23T17:06:34.620+0000] {processor.py:186} INFO - Started process (PID=2253) to work on /home/airflow/.local/lib/python3.12/site-packages/airflow/example_dags/example_params_ui_tutorial.py
[2026-05-23T17:06:34.621+0000] {processor.py:914} INFO - Processing file /home/airflow/.local/lib/python3.12/site-packages/airflow/example_dags/example_params_ui_tutorial.py for tasks to queue
[2026-05-23T17:06:34.622+0000] {logging_mixin.py:190} INFO - [2026-05-23T17:06:34.622+0000] {dagbag.py:588} INFO - Filling up the DagBag from /home/airflow/.local/lib/python3.12/site-packages/airflow/example_dags/example_params_ui_tutorial.py
[2026-05-23T17:06:34.629+0000] {processor.py:925} INFO - DAG(s) 'example_params_ui_tutorial' retrieved from /home/airflow/.local/lib/python3.12/site-packages/airflow/example_dags/example_params_ui_tutorial.py
[2026-05-23T17:06:34.665+0000] {logging_mixin.py:190} INFO - [2026-05-23T17:06:34.665+0000] {dag.py:3239} INFO - Sync 1 DAGs
[2026-05-23T17:06:34.678+0000] {logging_mixin.py:190} INFO - [2026-05-23T17:06:34.678+0000] {dag.py:4180} INFO - Setting next_dagrun for example_params_ui_tutorial to None, run_after=None
[2026-05-23T17:06:34.692+0000] {processor.py:208} INFO - Processing /home/airflow/.local/lib/python3.12/site-packages/airflow/example_dags/example_params_ui_tutorial.py took 0.077 seconds
[2026-05-23T17:07:05.858+0000] {processor.py:186} INFO - Started process (PID=2318) to work on /home/airflow/.local/lib/python3.12/site-packages/airflow/example_dags/example_params_ui_tutorial.py
[2026-05-23T17:07:05.859+0000] {processor.py:914} INFO - Processing file /home/airflow/.local/lib/python3.12/site-packages/airflow/example_dags/example_params_ui_tutorial.py for tasks to queue
[2026-05-23T17:07:05.860+0000] {logging_mixin.py:190} INFO - [2026-05-23T17:07:05.860+0000] {dagbag.py:588} INFO - Filling up the DagBag from /home/airflow/.local/lib/python3.12/site-packages/airflow/example_dags/example_params_ui_tutorial.py
[2026-05-23T17:07:05.867+0000] {processor.py:925} INFO - DAG(s) 'example_params_ui_tutorial' retrieved from /home/airflow/.local/lib/python3.12/site-packages/airflow/example_dags/example_params_ui_tutorial.py
[2026-05-23T17:07:05.903+0000] {logging_mixin.py:190} INFO - [2026-05-23T17:07:05.902+0000] {dag.py:3239} INFO - Sync 1 DAGs
[2026-05-23T17:07:05.914+0000] {logging_mixin.py:190} INFO - [2026-05-23T17:07:05.914+0000] {dag.py:4180} INFO - Setting next_dagrun for example_params_ui_tutorial to None, run_after=None
[2026-05-23T17:07:05.926+0000] {processor.py:208} INFO - Processing /home/airflow/.local/lib/python3.12/site-packages/airflow/example_dags/example_params_ui_tutorial.py took 0.074 seconds
[2026-05-23T17:07:37.350+0000] {processor.py:186} INFO - Started process (PID=2383) to work on /home/airflow/.local/lib/python3.12/site-packages/airflow/example_dags/example_params_ui_tutorial.py
[2026-05-23T17:07:37.351+0000] {processor.py:914} INFO - Processing file /home/airflow/.local/lib/python3.12/site-packages/airflow/example_dags/example_params_ui_tutorial.py for tasks to queue
[2026-05-23T17:07:37.353+0000] {logging_mixin.py:190} INFO - [2026-05-23T17:07:37.353+0000] {dagbag.py:588} INFO - Filling up the DagBag from /home/airflow/.local/lib/python3.12/site-packages/airflow/example_dags/example_params_ui_tutorial.py
[2026-05-23T17:07:37.364+0000] {processor.py:925} INFO - DAG(s) 'example_params_ui_tutorial' retrieved from /home/airflow/.local/lib/python3.12/site-packages/airflow/example_dags/example_params_ui_tutorial.py
[2026-05-23T17:07:37.423+0000] {logging_mixin.py:190} INFO - [2026-05-23T17:07:37.423+0000] {dag.py:3239} INFO - Sync 1 DAGs
[2026-05-23T17:07:37.441+0000] {logging_mixin.py:190} INFO - [2026-05-23T17:07:37.441+0000] {dag.py:4180} INFO - Setting next_dagrun for example_params_ui_tutorial to None, run_after=None
[2026-05-23T17:07:37.460+0000] {processor.py:208} INFO - Processing /home/airflow/.local/lib/python3.12/site-packages/airflow/example_dags/example_params_ui_tutorial.py took 0.116 seconds
[2026-05-23T17:08:08.453+0000] {processor.py:186} INFO - Started process (PID=2448) to work on /home/airflow/.local/lib/python3.12/site-packages/airflow/example_dags/example_params_ui_tutorial.py
[2026-05-23T17:08:08.454+0000] {processor.py:914} INFO - Processing file /home/airflow/.local/lib/python3.12/site-packages/airflow/example_dags/example_params_ui_tutorial.py for tasks to queue
[2026-05-23T17:08:08.456+0000] {logging_mixin.py:190} INFO - [2026-05-23T17:08:08.456+0000] {dagbag.py:588} INFO - Filling up the DagBag from /home/airflow/.local/lib/python3.12/site-packages/airflow/example_dags/example_params_ui_tutorial.py
[2026-05-23T17:08:08.465+0000] {processor.py:925} INFO - DAG(s) 'example_params_ui_tutorial' retrieved from /home/airflow/.local/lib/python3.12/site-packages/airflow/example_dags/example_params_ui_tutorial.py
[2026-05-23T17:08:08.515+0000] {logging_mixin.py:190} INFO - [2026-05-23T17:08:08.515+0000] {dag.py:3239} INFO - Sync 1 DAGs
[2026-05-23T17:08:08.529+0000] {logging_mixin.py:190} INFO - [2026-05-23T17:08:08.529+0000] {dag.py:4180} INFO - Setting next_dagrun for example_params_ui_tutorial to None, run_after=None
[2026-05-23T17:08:08.547+0000] {processor.py:208} INFO - Processing /home/airflow/.local/lib/python3.12/site-packages/airflow/example_dags/example_params_ui_tutorial.py took 0.101 seconds
[2026-05-23T17:08:39.550+0000] {processor.py:186} INFO - Started process (PID=2513) to work on /home/airflow/.local/lib/python3.12/site-packages/airflow/example_dags/example_params_ui_tutorial.py
[2026-05-23T17:08:39.550+0000] {processor.py:914} INFO - Processing file /home/airflow/.local/lib/python3.12/site-packages/airflow/example_dags/example_params_ui_tutorial.py for tasks to queue
[2026-05-23T17:08:39.552+0000] {logging_mixin.py:190} INFO - [2026-05-23T17:08:39.552+0000] {dagbag.py:588} INFO - Filling up the DagBag from /home/airflow/.local/lib/python3.12/site-packages/airflow/example_dags/example_params_ui_tutorial.py
[2026-05-23T17:08:39.561+0000] {processor.py:925} INFO - DAG(s) 'example_params_ui_tutorial' retrieved from /home/airflow/.local/lib/python3.12/site-packages/airflow/example_dags/example_params_ui_tutorial.py
[2026-05-23T17:08:39.599+0000] {logging_mixin.py:190} INFO - [2026-05-23T17:08:39.599+0000] {dag.py:3239} INFO - Sync 1 DAGs
[2026-05-23T17:08:39.613+0000] {logging_mixin.py:190} INFO - [2026-05-23T17:08:39.613+0000] {dag.py:4180} INFO - Setting next_dagrun for example_params_ui_tutorial to None, run_after=None
[2026-05-23T17:08:39.627+0000] {processor.py:208} INFO - Processing /home/airflow/.local/lib/python3.12/site-packages/airflow/example_dags/example_params_ui_tutorial.py took 0.082 seconds
[2026-05-23T17:09:11.208+0000] {processor.py:186} INFO - Started process (PID=2578) to work on /home/airflow/.local/lib/python3.12/site-packages/airflow/example_dags/example_params_ui_tutorial.py
[2026-05-23T17:09:11.209+0000] {processor.py:914} INFO - Processing file /home/airflow/.local/lib/python3.12/site-packages/airflow/example_dags/example_params_ui_tutorial.py for tasks to queue
[2026-05-23T17:09:11.211+0000] {logging_mixin.py:190} INFO - [2026-05-23T17:09:11.211+0000] {dagbag.py:588} INFO - Filling up the DagBag from /home/airflow/.local/lib/python3.12/site-packages/airflow/example_dags/example_params_ui_tutorial.py
[2026-05-23T17:09:11.218+0000] {processor.py:925} INFO - DAG(s) 'example_params_ui_tutorial' retrieved from /home/airflow/.local/lib/python3.12/site-packages/airflow/example_dags/example_params_ui_tutorial.py
[2026-05-23T17:09:11.255+0000] {logging_mixin.py:190} INFO - [2026-05-23T17:09:11.255+0000] {dag.py:3239} INFO - Sync 1 DAGs
[2026-05-23T17:09:11.266+0000] {logging_mixin.py:190} INFO - [2026-05-23T17:09:11.266+0000] {dag.py:4180} INFO - Setting next_dagrun for example_params_ui_tutorial to None, run_after=None
[2026-05-23T17:09:11.280+0000] {processor.py:208} INFO - Processing /home/airflow/.local/lib/python3.12/site-packages/airflow/example_dags/example_params_ui_tutorial.py took 0.076 seconds
[2026-05-23T17:09:42.846+0000] {processor.py:186} INFO - Started process (PID=2643) to work on /home/airflow/.local/lib/python3.12/site-packages/airflow/example_dags/example_params_ui_tutorial.py
[2026-05-23T17:09:42.847+0000] {processor.py:914} INFO - Processing file /home/airflow/.local/lib/python3.12/site-packages/airflow/example_dags/example_params_ui_tutorial.py for tasks to queue
[2026-05-23T17:09:42.849+0000] {logging_mixin.py:190} INFO - [2026-05-23T17:09:42.849+0000] {dagbag.py:588} INFO - Filling up the DagBag from /home/airflow/.local/lib/python3.12/site-packages/airflow/example_dags/example_params_ui_tutorial.py
[2026-05-23T17:09:42.860+0000] {processor.py:925} INFO - DAG(s) 'example_params_ui_tutorial' retrieved from /home/airflow/.local/lib/python3.12/site-packages/airflow/example_dags/example_params_ui_tutorial.py
[2026-05-23T17:09:42.917+0000] {logging_mixin.py:190} INFO - [2026-05-23T17:09:42.916+0000] {dag.py:3239} INFO - Sync 1 DAGs
[2026-05-23T17:09:42.934+0000] {logging_mixin.py:190} INFO - [2026-05-23T17:09:42.934+0000] {dag.py:4180} INFO - Setting next_dagrun for example_params_ui_tutorial to None, run_after=None
[2026-05-23T17:09:42.952+0000] {processor.py:208} INFO - Processing /home/airflow/.local/lib/python3.12/site-packages/airflow/example_dags/example_params_ui_tutorial.py took 0.112 seconds
[2026-05-23T17:10:13.824+0000] {processor.py:186} INFO - Started process (PID=2708) to work on /home/airflow/.local/lib/python3.12/site-packages/airflow/example_dags/example_params_ui_tutorial.py
[2026-05-23T17:10:13.825+0000] {processor.py:914} INFO - Processing file /home/airflow/.local/lib/python3.12/site-packages/airflow/example_dags/example_params_ui_tutorial.py for tasks to queue
[2026-05-23T17:10:13.826+0000] {logging_mixin.py:190} INFO - [2026-05-23T17:10:13.826+0000] {dagbag.py:588} INFO - Filling up the DagBag from /home/airflow/.local/lib/python3.12/site-packages/airflow/example_dags/example_params_ui_tutorial.py
[2026-05-23T17:10:13.835+0000] {processor.py:925} INFO - DAG(s) 'example_params_ui_tutorial' retrieved from /home/airflow/.local/lib/python3.12/site-packages/airflow/example_dags/example_params_ui_tutorial.py
[2026-05-23T17:10:13.880+0000] {logging_mixin.py:190} INFO - [2026-05-23T17:10:13.880+0000] {dag.py:3239} INFO - Sync 1 DAGs
[2026-05-23T17:10:13.897+0000] {logging_mixin.py:190} INFO - [2026-05-23T17:10:13.897+0000] {dag.py:4180} INFO - Setting next_dagrun for example_params_ui_tutorial to None, run_after=None
[2026-05-23T17:10:13.916+0000] {processor.py:208} INFO - Processing /home/airflow/.local/lib/python3.12/site-packages/airflow/example_dags/example_params_ui_tutorial.py took 0.097 seconds
[2026-05-23T17:10:44.654+0000] {processor.py:186} INFO - Started process (PID=2773) to work on /home/airflow/.local/lib/python3.12/site-packages/airflow/example_dags/example_params_ui_tutorial.py
[2026-05-23T17:10:44.655+0000] {processor.py:914} INFO - Processing file /home/airflow/.local/lib/python3.12/site-packages/airflow/example_dags/example_params_ui_tutorial.py for tasks to queue
[2026-05-23T17:10:44.656+0000] {logging_mixin.py:190} INFO - [2026-05-23T17:10:44.656+0000] {dagbag.py:588} INFO - Filling up the DagBag from /home/airflow/.local/lib/python3.12/site-packages/airflow/example_dags/example_params_ui_tutorial.py
[2026-05-23T17:10:44.663+0000] {processor.py:925} INFO - DAG(s) 'example_params_ui_tutorial' retrieved from /home/airflow/.local/lib/python3.12/site-packages/airflow/example_dags/example_params_ui_tutorial.py
[2026-05-23T17:10:44.704+0000] {logging_mixin.py:190} INFO - [2026-05-23T17:10:44.703+0000] {dag.py:3239} INFO - Sync 1 DAGs
[2026-05-23T17:10:44.722+0000] {logging_mixin.py:190} INFO - [2026-05-23T17:10:44.721+0000] {dag.py:4180} INFO - Setting next_dagrun for example_params_ui_tutorial to None, run_after=None
[2026-05-23T17:10:44.739+0000] {processor.py:208} INFO - Processing /home/airflow/.local/lib/python3.12/site-packages/airflow/example_dags/example_params_ui_tutorial.py took 0.089 seconds
[2026-05-23T17:11:15.924+0000] {processor.py:186} INFO - Started process (PID=2838) to work on /home/airflow/.local/lib/python3.12/site-packages/airflow/example_dags/example_params_ui_tutorial.py
[2026-05-23T17:11:15.924+0000] {processor.py:914} INFO - Processing file /home/airflow/.local/lib/python3.12/site-packages/airflow/example_dags/example_params_ui_tutorial.py for tasks to queue
[2026-05-23T17:11:15.926+0000] {logging_mixin.py:190} INFO - [2026-05-23T17:11:15.926+0000] {dagbag.py:588} INFO - Filling up the DagBag from /home/airflow/.local/lib/python3.12/site-packages/airflow/example_dags/example_params_ui_tutorial.py
[2026-05-23T17:11:15.933+0000] {processor.py:925} INFO - DAG(s) 'example_params_ui_tutorial' retrieved from /home/airflow/.local/lib/python3.12/site-packages/airflow/example_dags/example_params_ui_tutorial.py
[2026-05-23T17:11:15.971+0000] {logging_mixin.py:190} INFO - [2026-05-23T17:11:15.971+0000] {dag.py:3239} INFO - Sync 1 DAGs
[2026-05-23T17:11:15.984+0000] {logging_mixin.py:190} INFO - [2026-05-23T17:11:15.984+0000] {dag.py:4180} INFO - Setting next_dagrun for example_params_ui_tutorial to None, run_after=None
[2026-05-23T17:11:15.999+0000] {processor.py:208} INFO - Processing /home/airflow/.local/lib/python3.12/site-packages/airflow/example_dags/example_params_ui_tutorial.py took 0.080 seconds
[2026-05-23T17:11:47.148+0000] {processor.py:186} INFO - Started process (PID=2903) to work on /home/airflow/.local/lib/python3.12/site-packages/airflow/example_dags/example_params_ui_tutorial.py
[2026-05-23T17:11:47.149+0000] {processor.py:914} INFO - Processing file /home/airflow/.local/lib/python3.12/site-packages/airflow/example_dags/example_params_ui_tutorial.py for tasks to queue
[2026-05-23T17:11:47.150+0000] {logging_mixin.py:190} INFO - [2026-05-23T17:11:47.150+0000] {dagbag.py:588} INFO - Filling up the DagBag from /home/airflow/.local/lib/python3.12/site-packages/airflow/example_dags/example_params_ui_tutorial.py
[2026-05-23T17:11:47.158+0000] {processor.py:925} INFO - DAG(s) 'example_params_ui_tutorial' retrieved from /home/airflow/.local/lib/python3.12/site-packages/airflow/example_dags/example_params_ui_tutorial.py
[2026-05-23T17:11:47.193+0000] {logging_mixin.py:190} INFO - [2026-05-23T17:11:47.193+0000] {dag.py:3239} INFO - Sync 1 DAGs
[2026-05-23T17:11:47.205+0000] {logging_mixin.py:190} INFO - [2026-05-23T17:11:47.205+0000] {dag.py:4180} INFO - Setting next_dagrun for example_params_ui_tutorial to None, run_after=None
[2026-05-23T17:11:47.219+0000] {processor.py:208} INFO - Processing /home/airflow/.local/lib/python3.12/site-packages/airflow/example_dags/example_params_ui_tutorial.py took 0.075 seconds
[2026-05-23T17:12:18.601+0000] {processor.py:186} INFO - Started process (PID=2968) to work on /home/airflow/.local/lib/python3.12/site-packages/airflow/example_dags/example_params_ui_tutorial.py
[2026-05-23T17:12:18.601+0000] {processor.py:914} INFO - Processing file /home/airflow/.local/lib/python3.12/site-packages/airflow/example_dags/example_params_ui_tutorial.py for tasks to queue
[2026-05-23T17:12:18.603+0000] {logging_mixin.py:190} INFO - [2026-05-23T17:12:18.603+0000] {dagbag.py:588} INFO - Filling up the DagBag from /home/airflow/.local/lib/python3.12/site-packages/airflow/example_dags/example_params_ui_tutorial.py
[2026-05-23T17:12:18.610+0000] {processor.py:925} INFO - DAG(s) 'example_params_ui_tutorial' retrieved from /home/airflow/.local/lib/python3.12/site-packages/airflow/example_dags/example_params_ui_tutorial.py
[2026-05-23T17:12:18.649+0000] {logging_mixin.py:190} INFO - [2026-05-23T17:12:18.649+0000] {dag.py:3239} INFO - Sync 1 DAGs
[2026-05-23T17:12:18.662+0000] {logging_mixin.py:190} INFO - [2026-05-23T17:12:18.662+0000] {dag.py:4180} INFO - Setting next_dagrun for example_params_ui_tutorial to None, run_after=None
[2026-05-23T17:12:18.678+0000] {processor.py:208} INFO - Processing /home/airflow/.local/lib/python3.12/site-packages/airflow/example_dags/example_params_ui_tutorial.py took 0.082 seconds
[2026-05-23T17:12:49.735+0000] {processor.py:186} INFO - Started process (PID=3033) to work on /home/airflow/.local/lib/python3.12/site-packages/airflow/example_dags/example_params_ui_tutorial.py
[2026-05-23T17:12:49.735+0000] {processor.py:914} INFO - Processing file /home/airflow/.local/lib/python3.12/site-packages/airflow/example_dags/example_params_ui_tutorial.py for tasks to queue
[2026-05-23T17:12:49.737+0000] {logging_mixin.py:190} INFO - [2026-05-23T17:12:49.737+0000] {dagbag.py:588} INFO - Filling up the DagBag from /home/airflow/.local/lib/python3.12/site-packages/airflow/example_dags/example_params_ui_tutorial.py
[2026-05-23T17:12:49.745+0000] {processor.py:925} INFO - DAG(s) 'example_params_ui_tutorial' retrieved from /home/airflow/.local/lib/python3.12/site-packages/airflow/example_dags/example_params_ui_tutorial.py
[2026-05-23T17:12:49.782+0000] {logging_mixin.py:190} INFO - [2026-05-23T17:12:49.782+0000] {dag.py:3239} INFO - Sync 1 DAGs
[2026-05-23T17:12:49.794+0000] {logging_mixin.py:190} INFO - [2026-05-23T17:12:49.794+0000] {dag.py:4180} INFO - Setting next_dagrun for example_params_ui_tutorial to None, run_after=None
[2026-05-23T17:12:49.808+0000] {processor.py:208} INFO - Processing /home/airflow/.local/lib/python3.12/site-packages/airflow/example_dags/example_params_ui_tutorial.py took 0.078 seconds
[2026-05-23T17:13:21.168+0000] {processor.py:186} INFO - Started process (PID=3098) to work on /home/airflow/.local/lib/python3.12/site-packages/airflow/example_dags/example_params_ui_tutorial.py
[2026-05-23T17:13:21.168+0000] {processor.py:914} INFO - Processing file /home/airflow/.local/lib/python3.12/site-packages/airflow/example_dags/example_params_ui_tutorial.py for tasks to queue
[2026-05-23T17:13:21.170+0000] {logging_mixin.py:190} INFO - [2026-05-23T17:13:21.170+0000] {dagbag.py:588} INFO - Filling up the DagBag from /home/airflow/.local/lib/python3.12/site-packages/airflow/example_dags/example_params_ui_tutorial.py
[2026-05-23T17:13:21.180+0000] {processor.py:925} INFO - DAG(s) 'example_params_ui_tutorial' retrieved from /home/airflow/.local/lib/python3.12/site-packages/airflow/example_dags/example_params_ui_tutorial.py
[2026-05-23T17:13:21.235+0000] {logging_mixin.py:190} INFO - [2026-05-23T17:13:21.235+0000] {dag.py:3239} INFO - Sync 1 DAGs
[2026-05-23T17:13:21.251+0000] {logging_mixin.py:190} INFO - [2026-05-23T17:13:21.251+0000] {dag.py:4180} INFO - Setting next_dagrun for example_params_ui_tutorial to None, run_after=None
[2026-05-23T17:13:21.265+0000] {processor.py:208} INFO - Processing /home/airflow/.local/lib/python3.12/site-packages/airflow/example_dags/example_params_ui_tutorial.py took 0.104 seconds
[2026-05-23T17:13:52.702+0000] {processor.py:186} INFO - Started process (PID=3163) to work on /home/airflow/.local/lib/python3.12/site-packages/airflow/example_dags/example_params_ui_tutorial.py
[2026-05-23T17:13:52.703+0000] {processor.py:914} INFO - Processing file /home/airflow/.local/lib/python3.12/site-packages/airflow/example_dags/example_params_ui_tutorial.py for tasks to queue
[2026-05-23T17:13:52.705+0000] {logging_mixin.py:190} INFO - [2026-05-23T17:13:52.705+0000] {dagbag.py:588} INFO - Filling up the DagBag from /home/airflow/.local/lib/python3.12/site-packages/airflow/example_dags/example_params_ui_tutorial.py
[2026-05-23T17:13:52.713+0000] {processor.py:925} INFO - DAG(s) 'example_params_ui_tutorial' retrieved from /home/airflow/.local/lib/python3.12/site-packages/airflow/example_dags/example_params_ui_tutorial.py
[2026-05-23T17:13:52.748+0000] {logging_mixin.py:190} INFO - [2026-05-23T17:13:52.748+0000] {dag.py:3239} INFO - Sync 1 DAGs
[2026-05-23T17:13:52.760+0000] {logging_mixin.py:190} INFO - [2026-05-23T17:13:52.759+0000] {dag.py:4180} INFO - Setting next_dagrun for example_params_ui_tutorial to None, run_after=None
[2026-05-23T17:13:52.774+0000] {processor.py:208} INFO - Processing /home/airflow/.local/lib/python3.12/site-packages/airflow/example_dags/example_params_ui_tutorial.py took 0.077 seconds
[2026-05-23T17:14:23.789+0000] {processor.py:186} INFO - Started process (PID=3227) to work on /home/airflow/.local/lib/python3.12/site-packages/airflow/example_dags/example_params_ui_tutorial.py
[2026-05-23T17:14:23.789+0000] {processor.py:914} INFO - Processing file /home/airflow/.local/lib/python3.12/site-packages/airflow/example_dags/example_params_ui_tutorial.py for tasks to queue
[2026-05-23T17:14:23.791+0000] {logging_mixin.py:190} INFO - [2026-05-23T17:14:23.791+0000] {dagbag.py:588} INFO - Filling up the DagBag from /home/airflow/.local/lib/python3.12/site-packages/airflow/example_dags/example_params_ui_tutorial.py
[2026-05-23T17:14:23.799+0000] {processor.py:925} INFO - DAG(s) 'example_params_ui_tutorial' retrieved from /home/airflow/.local/lib/python3.12/site-packages/airflow/example_dags/example_params_ui_tutorial.py
[2026-05-23T17:14:23.841+0000] {logging_mixin.py:190} INFO - [2026-05-23T17:14:23.840+0000] {dag.py:3239} INFO - Sync 1 DAGs
[2026-05-23T17:14:23.853+0000] {logging_mixin.py:190} INFO - [2026-05-23T17:14:23.853+0000] {dag.py:4180} INFO - Setting next_dagrun for example_params_ui_tutorial to None, run_after=None
[2026-05-23T17:14:23.868+0000] {processor.py:208} INFO - Processing /home/airflow/.local/lib/python3.12/site-packages/airflow/example_dags/example_params_ui_tutorial.py took 0.084 seconds
[2026-05-23T17:14:55.273+0000] {processor.py:186} INFO - Started process (PID=3292) to work on /home/airflow/.local/lib/python3.12/site-packages/airflow/example_dags/example_params_ui_tutorial.py
[2026-05-23T17:14:55.274+0000] {processor.py:914} INFO - Processing file /home/airflow/.local/lib/python3.12/site-packages/airflow/example_dags/example_params_ui_tutorial.py for tasks to queue
[2026-05-23T17:14:55.275+0000] {logging_mixin.py:190} INFO - [2026-05-23T17:14:55.275+0000] {dagbag.py:588} INFO - Filling up the DagBag from /home/airflow/.local/lib/python3.12/site-packages/airflow/example_dags/example_params_ui_tutorial.py
[2026-05-23T17:14:55.283+0000] {processor.py:925} INFO - DAG(s) 'example_params_ui_tutorial' retrieved from /home/airflow/.local/lib/python3.12/site-packages/airflow/example_dags/example_params_ui_tutorial.py
[2026-05-23T17:14:55.329+0000] {logging_mixin.py:190} INFO - [2026-05-23T17:14:55.328+0000] {dag.py:3239} INFO - Sync 1 DAGs
[2026-05-23T17:14:55.341+0000] {logging_mixin.py:190} INFO - [2026-05-23T17:14:55.341+0000] {dag.py:4180} INFO - Setting next_dagrun for example_params_ui_tutorial to None, run_after=None
[2026-05-23T17:14:55.358+0000] {processor.py:208} INFO - Processing /home/airflow/.local/lib/python3.12/site-packages/airflow/example_dags/example_params_ui_tutorial.py took 0.090 seconds
[2026-05-23T17:15:26.440+0000] {processor.py:186} INFO - Started process (PID=3357) to work on /home/airflow/.local/lib/python3.12/site-packages/airflow/example_dags/example_params_ui_tutorial.py
[2026-05-23T17:15:26.441+0000] {processor.py:914} INFO - Processing file /home/airflow/.local/lib/python3.12/site-packages/airflow/example_dags/example_params_ui_tutorial.py for tasks to queue
[2026-05-23T17:15:26.443+0000] {logging_mixin.py:190} INFO - [2026-05-23T17:15:26.443+0000] {dagbag.py:588} INFO - Filling up the DagBag from /home/airflow/.local/lib/python3.12/site-packages/airflow/example_dags/example_params_ui_tutorial.py
[2026-05-23T17:15:26.453+0000] {processor.py:925} INFO - DAG(s) 'example_params_ui_tutorial' retrieved from /home/airflow/.local/lib/python3.12/site-packages/airflow/example_dags/example_params_ui_tutorial.py
[2026-05-23T17:15:26.495+0000] {logging_mixin.py:190} INFO - [2026-05-23T17:15:26.495+0000] {dag.py:3239} INFO - Sync 1 DAGs
[2026-05-23T17:15:26.507+0000] {logging_mixin.py:190} INFO - [2026-05-23T17:15:26.507+0000] {dag.py:4180} INFO - Setting next_dagrun for example_params_ui_tutorial to None, run_after=None
[2026-05-23T17:15:26.520+0000] {processor.py:208} INFO - Processing /home/airflow/.local/lib/python3.12/site-packages/airflow/example_dags/example_params_ui_tutorial.py took 0.086 seconds
[2026-05-23T17:15:57.580+0000] {processor.py:186} INFO - Started process (PID=3422) to work on /home/airflow/.local/lib/python3.12/site-packages/airflow/example_dags/example_params_ui_tutorial.py
[2026-05-23T17:15:57.581+0000] {processor.py:914} INFO - Processing file /home/airflow/.local/lib/python3.12/site-packages/airflow/example_dags/example_params_ui_tutorial.py for tasks to queue
[2026-05-23T17:15:57.582+0000] {logging_mixin.py:190} INFO - [2026-05-23T17:15:57.582+0000] {dagbag.py:588} INFO - Filling up the DagBag from /home/airflow/.local/lib/python3.12/site-packages/airflow/example_dags/example_params_ui_tutorial.py
[2026-05-23T17:15:57.589+0000] {processor.py:925} INFO - DAG(s) 'example_params_ui_tutorial' retrieved from /home/airflow/.local/lib/python3.12/site-packages/airflow/example_dags/example_params_ui_tutorial.py
[2026-05-23T17:15:57.627+0000] {logging_mixin.py:190} INFO - [2026-05-23T17:15:57.627+0000] {dag.py:3239} INFO - Sync 1 DAGs
[2026-05-23T17:15:57.639+0000] {logging_mixin.py:190} INFO - [2026-05-23T17:15:57.639+0000] {dag.py:4180} INFO - Setting next_dagrun for example_params_ui_tutorial to None, run_after=None
[2026-05-23T17:15:57.652+0000] {processor.py:208} INFO - Processing /home/airflow/.local/lib/python3.12/site-packages/airflow/example_dags/example_params_ui_tutorial.py took 0.078 seconds
[2026-05-23T17:16:28.715+0000] {processor.py:186} INFO - Started process (PID=3487) to work on /home/airflow/.local/lib/python3.12/site-packages/airflow/example_dags/example_params_ui_tutorial.py
[2026-05-23T17:16:28.715+0000] {processor.py:914} INFO - Processing file /home/airflow/.local/lib/python3.12/site-packages/airflow/example_dags/example_params_ui_tutorial.py for tasks to queue
[2026-05-23T17:16:28.717+0000] {logging_mixin.py:190} INFO - [2026-05-23T17:16:28.717+0000] {dagbag.py:588} INFO - Filling up the DagBag from /home/airflow/.local/lib/python3.12/site-packages/airflow/example_dags/example_params_ui_tutorial.py
[2026-05-23T17:16:28.724+0000] {processor.py:925} INFO - DAG(s) 'example_params_ui_tutorial' retrieved from /home/airflow/.local/lib/python3.12/site-packages/airflow/example_dags/example_params_ui_tutorial.py
[2026-05-23T17:16:28.760+0000] {logging_mixin.py:190} INFO - [2026-05-23T17:16:28.760+0000] {dag.py:3239} INFO - Sync 1 DAGs
[2026-05-23T17:16:28.773+0000] {logging_mixin.py:190} INFO - [2026-05-23T17:16:28.772+0000] {dag.py:4180} INFO - Setting next_dagrun for example_params_ui_tutorial to None, run_after=None
[2026-05-23T17:16:28.787+0000] {processor.py:208} INFO - Processing /home/airflow/.local/lib/python3.12/site-packages/airflow/example_dags/example_params_ui_tutorial.py took 0.076 seconds
[2026-05-23T17:17:00.030+0000] {processor.py:186} INFO - Started process (PID=3558) to work on /home/airflow/.local/lib/python3.12/site-packages/airflow/example_dags/example_params_ui_tutorial.py
[2026-05-23T17:17:00.031+0000] {processor.py:914} INFO - Processing file /home/airflow/.local/lib/python3.12/site-packages/airflow/example_dags/example_params_ui_tutorial.py for tasks to queue
[2026-05-23T17:17:00.033+0000] {logging_mixin.py:190} INFO - [2026-05-23T17:17:00.033+0000] {dagbag.py:588} INFO - Filling up the DagBag from /home/airflow/.local/lib/python3.12/site-packages/airflow/example_dags/example_params_ui_tutorial.py
[2026-05-23T17:17:00.043+0000] {processor.py:925} INFO - DAG(s) 'example_params_ui_tutorial' retrieved from /home/airflow/.local/lib/python3.12/site-packages/airflow/example_dags/example_params_ui_tutorial.py
[2026-05-23T17:17:00.081+0000] {logging_mixin.py:190} INFO - [2026-05-23T17:17:00.081+0000] {dag.py:3239} INFO - Sync 1 DAGs
[2026-05-23T17:17:00.093+0000] {logging_mixin.py:190} INFO - [2026-05-23T17:17:00.093+0000] {dag.py:4180} INFO - Setting next_dagrun for example_params_ui_tutorial to None, run_after=None
[2026-05-23T17:17:00.106+0000] {processor.py:208} INFO - Processing /home/airflow/.local/lib/python3.12/site-packages/airflow/example_dags/example_params_ui_tutorial.py took 0.083 seconds
[2026-05-23T17:17:31.758+0000] {processor.py:186} INFO - Started process (PID=3623) to work on /home/airflow/.local/lib/python3.12/site-packages/airflow/example_dags/example_params_ui_tutorial.py
[2026-05-23T17:17:31.758+0000] {processor.py:914} INFO - Processing file /home/airflow/.local/lib/python3.12/site-packages/airflow/example_dags/example_params_ui_tutorial.py for tasks to queue
[2026-05-23T17:17:31.760+0000] {logging_mixin.py:190} INFO - [2026-05-23T17:17:31.760+0000] {dagbag.py:588} INFO - Filling up the DagBag from /home/airflow/.local/lib/python3.12/site-packages/airflow/example_dags/example_params_ui_tutorial.py
[2026-05-23T17:17:31.767+0000] {processor.py:925} INFO - DAG(s) 'example_params_ui_tutorial' retrieved from /home/airflow/.local/lib/python3.12/site-packages/airflow/example_dags/example_params_ui_tutorial.py
[2026-05-23T17:17:31.806+0000] {logging_mixin.py:190} INFO - [2026-05-23T17:17:31.806+0000] {dag.py:3239} INFO - Sync 1 DAGs
[2026-05-23T17:17:31.820+0000] {logging_mixin.py:190} INFO - [2026-05-23T17:17:31.820+0000] {dag.py:4180} INFO - Setting next_dagrun for example_params_ui_tutorial to None, run_after=None
[2026-05-23T17:17:31.835+0000] {processor.py:208} INFO - Processing /home/airflow/.local/lib/python3.12/site-packages/airflow/example_dags/example_params_ui_tutorial.py took 0.082 seconds
[2026-05-23T17:18:03.054+0000] {processor.py:186} INFO - Started process (PID=3688) to work on /home/airflow/.local/lib/python3.12/site-packages/airflow/example_dags/example_params_ui_tutorial.py
[2026-05-23T17:18:03.054+0000] {processor.py:914} INFO - Processing file /home/airflow/.local/lib/python3.12/site-packages/airflow/example_dags/example_params_ui_tutorial.py for tasks to queue
[2026-05-23T17:18:03.056+0000] {logging_mixin.py:190} INFO - [2026-05-23T17:18:03.056+0000] {dagbag.py:588} INFO - Filling up the DagBag from /home/airflow/.local/lib/python3.12/site-packages/airflow/example_dags/example_params_ui_tutorial.py
[2026-05-23T17:18:03.065+0000] {processor.py:925} INFO - DAG(s) 'example_params_ui_tutorial' retrieved from /home/airflow/.local/lib/python3.12/site-packages/airflow/example_dags/example_params_ui_tutorial.py
[2026-05-23T17:18:03.119+0000] {logging_mixin.py:190} INFO - [2026-05-23T17:18:03.118+0000] {dag.py:3239} INFO - Sync 1 DAGs
[2026-05-23T17:18:03.134+0000] {logging_mixin.py:190} INFO - [2026-05-23T17:18:03.134+0000] {dag.py:4180} INFO - Setting next_dagrun for example_params_ui_tutorial to None, run_after=None
[2026-05-23T17:18:03.148+0000] {processor.py:208} INFO - Processing /home/airflow/.local/lib/python3.12/site-packages/airflow/example_dags/example_params_ui_tutorial.py took 0.101 seconds
[2026-05-23T17:18:34.613+0000] {processor.py:186} INFO - Started process (PID=3754) to work on /home/airflow/.local/lib/python3.12/site-packages/airflow/example_dags/example_params_ui_tutorial.py
[2026-05-23T17:18:34.614+0000] {processor.py:914} INFO - Processing file /home/airflow/.local/lib/python3.12/site-packages/airflow/example_dags/example_params_ui_tutorial.py for tasks to queue
[2026-05-23T17:18:34.616+0000] {logging_mixin.py:190} INFO - [2026-05-23T17:18:34.616+0000] {dagbag.py:588} INFO - Filling up the DagBag from /home/airflow/.local/lib/python3.12/site-packages/airflow/example_dags/example_params_ui_tutorial.py
[2026-05-23T17:18:34.632+0000] {processor.py:925} INFO - DAG(s) 'example_params_ui_tutorial' retrieved from /home/airflow/.local/lib/python3.12/site-packages/airflow/example_dags/example_params_ui_tutorial.py
[2026-05-23T17:18:34.690+0000] {logging_mixin.py:190} INFO - [2026-05-23T17:18:34.689+0000] {dag.py:3239} INFO - Sync 1 DAGs
[2026-05-23T17:18:34.707+0000] {logging_mixin.py:190} INFO - [2026-05-23T17:18:34.707+0000] {dag.py:4180} INFO - Setting next_dagrun for example_params_ui_tutorial to None, run_after=None
[2026-05-23T17:18:34.721+0000] {processor.py:208} INFO - Processing /home/airflow/.local/lib/python3.12/site-packages/airflow/example_dags/example_params_ui_tutorial.py took 0.119 seconds
[2026-05-23T17:19:06.425+0000] {processor.py:186} INFO - Started process (PID=3819) to work on /home/airflow/.local/lib/python3.12/site-packages/airflow/example_dags/example_params_ui_tutorial.py
[2026-05-23T17:19:06.425+0000] {processor.py:914} INFO - Processing file /home/airflow/.local/lib/python3.12/site-packages/airflow/example_dags/example_params_ui_tutorial.py for tasks to queue
[2026-05-23T17:19:06.427+0000] {logging_mixin.py:190} INFO - [2026-05-23T17:19:06.427+0000] {dagbag.py:588} INFO - Filling up the DagBag from /home/airflow/.local/lib/python3.12/site-packages/airflow/example_dags/example_params_ui_tutorial.py
[2026-05-23T17:19:06.435+0000] {processor.py:925} INFO - DAG(s) 'example_params_ui_tutorial' retrieved from /home/airflow/.local/lib/python3.12/site-packages/airflow/example_dags/example_params_ui_tutorial.py
[2026-05-23T17:19:06.485+0000] {logging_mixin.py:190} INFO - [2026-05-23T17:19:06.485+0000] {dag.py:3239} INFO - Sync 1 DAGs
[2026-05-23T17:19:06.501+0000] {logging_mixin.py:190} INFO - [2026-05-23T17:19:06.501+0000] {dag.py:4180} INFO - Setting next_dagrun for example_params_ui_tutorial to None, run_after=None
[2026-05-23T17:19:06.518+0000] {processor.py:208} INFO - Processing /home/airflow/.local/lib/python3.12/site-packages/airflow/example_dags/example_params_ui_tutorial.py took 0.098 seconds
[2026-05-23T17:19:37.123+0000] {processor.py:186} INFO - Started process (PID=3884) to work on /home/airflow/.local/lib/python3.12/site-packages/airflow/example_dags/example_params_ui_tutorial.py
[2026-05-23T17:19:37.124+0000] {processor.py:914} INFO - Processing file /home/airflow/.local/lib/python3.12/site-packages/airflow/example_dags/example_params_ui_tutorial.py for tasks to queue
[2026-05-23T17:19:37.125+0000] {logging_mixin.py:190} INFO - [2026-05-23T17:19:37.125+0000] {dagbag.py:588} INFO - Filling up the DagBag from /home/airflow/.local/lib/python3.12/site-packages/airflow/example_dags/example_params_ui_tutorial.py
[2026-05-23T17:19:37.132+0000] {processor.py:925} INFO - DAG(s) 'example_params_ui_tutorial' retrieved from /home/airflow/.local/lib/python3.12/site-packages/airflow/example_dags/example_params_ui_tutorial.py
[2026-05-23T17:19:37.183+0000] {logging_mixin.py:190} INFO - [2026-05-23T17:19:37.183+0000] {dag.py:3239} INFO - Sync 1 DAGs
[2026-05-23T17:19:37.196+0000] {logging_mixin.py:190} INFO - [2026-05-23T17:19:37.196+0000] {dag.py:4180} INFO - Setting next_dagrun for example_params_ui_tutorial to None, run_after=None
[2026-05-23T17:19:37.211+0000] {processor.py:208} INFO - Processing /home/airflow/.local/lib/python3.12/site-packages/airflow/example_dags/example_params_ui_tutorial.py took 0.092 seconds
[2026-05-23T17:20:07.903+0000] {processor.py:186} INFO - Started process (PID=3949) to work on /home/airflow/.local/lib/python3.12/site-packages/airflow/example_dags/example_params_ui_tutorial.py
[2026-05-23T17:20:07.904+0000] {processor.py:914} INFO - Processing file /home/airflow/.local/lib/python3.12/site-packages/airflow/example_dags/example_params_ui_tutorial.py for tasks to queue
[2026-05-23T17:20:07.905+0000] {logging_mixin.py:190} INFO - [2026-05-23T17:20:07.905+0000] {dagbag.py:588} INFO - Filling up the DagBag from /home/airflow/.local/lib/python3.12/site-packages/airflow/example_dags/example_params_ui_tutorial.py
[2026-05-23T17:20:07.913+0000] {processor.py:925} INFO - DAG(s) 'example_params_ui_tutorial' retrieved from /home/airflow/.local/lib/python3.12/site-packages/airflow/example_dags/example_params_ui_tutorial.py
[2026-05-23T17:20:07.954+0000] {logging_mixin.py:190} INFO - [2026-05-23T17:20:07.954+0000] {dag.py:3239} INFO - Sync 1 DAGs
[2026-05-23T17:20:07.966+0000] {logging_mixin.py:190} INFO - [2026-05-23T17:20:07.966+0000] {dag.py:4180} INFO - Setting next_dagrun for example_params_ui_tutorial to None, run_after=None
[2026-05-23T17:20:07.980+0000] {processor.py:208} INFO - Processing /home/airflow/.local/lib/python3.12/site-packages/airflow/example_dags/example_params_ui_tutorial.py took 0.081 seconds
[2026-05-23T17:20:38.598+0000] {processor.py:186} INFO - Started process (PID=4014) to work on /home/airflow/.local/lib/python3.12/site-packages/airflow/example_dags/example_params_ui_tutorial.py
[2026-05-23T17:20:38.598+0000] {processor.py:914} INFO - Processing file /home/airflow/.local/lib/python3.12/site-packages/airflow/example_dags/example_params_ui_tutorial.py for tasks to queue
[2026-05-23T17:20:38.600+0000] {logging_mixin.py:190} INFO - [2026-05-23T17:20:38.600+0000] {dagbag.py:588} INFO - Filling up the DagBag from /home/airflow/.local/lib/python3.12/site-packages/airflow/example_dags/example_params_ui_tutorial.py
[2026-05-23T17:20:38.608+0000] {processor.py:925} INFO - DAG(s) 'example_params_ui_tutorial' retrieved from /home/airflow/.local/lib/python3.12/site-packages/airflow/example_dags/example_params_ui_tutorial.py
[2026-05-23T17:20:38.649+0000] {logging_mixin.py:190} INFO - [2026-05-23T17:20:38.648+0000] {dag.py:3239} INFO - Sync 1 DAGs
[2026-05-23T17:20:38.664+0000] {logging_mixin.py:190} INFO - [2026-05-23T17:20:38.664+0000] {dag.py:4180} INFO - Setting next_dagrun for example_params_ui_tutorial to None, run_after=None
[2026-05-23T17:20:38.681+0000] {processor.py:208} INFO - Processing /home/airflow/.local/lib/python3.12/site-packages/airflow/example_dags/example_params_ui_tutorial.py took 0.088 seconds
[2026-05-23T17:21:10.105+0000] {processor.py:186} INFO - Started process (PID=4079) to work on /home/airflow/.local/lib/python3.12/site-packages/airflow/example_dags/example_params_ui_tutorial.py
[2026-05-23T17:21:10.106+0000] {processor.py:914} INFO - Processing file /home/airflow/.local/lib/python3.12/site-packages/airflow/example_dags/example_params_ui_tutorial.py for tasks to queue
[2026-05-23T17:21:10.109+0000] {logging_mixin.py:190} INFO - [2026-05-23T17:21:10.108+0000] {dagbag.py:588} INFO - Filling up the DagBag from /home/airflow/.local/lib/python3.12/site-packages/airflow/example_dags/example_params_ui_tutorial.py
[2026-05-23T17:21:10.119+0000] {processor.py:925} INFO - DAG(s) 'example_params_ui_tutorial' retrieved from /home/airflow/.local/lib/python3.12/site-packages/airflow/example_dags/example_params_ui_tutorial.py
[2026-05-23T17:21:10.162+0000] {logging_mixin.py:190} INFO - [2026-05-23T17:21:10.161+0000] {dag.py:3239} INFO - Sync 1 DAGs
[2026-05-23T17:21:10.176+0000] {logging_mixin.py:190} INFO - [2026-05-23T17:21:10.176+0000] {dag.py:4180} INFO - Setting next_dagrun for example_params_ui_tutorial to None, run_after=None
[2026-05-23T17:21:10.196+0000] {processor.py:208} INFO - Processing /home/airflow/.local/lib/python3.12/site-packages/airflow/example_dags/example_params_ui_tutorial.py took 0.097 seconds
[2026-05-23T17:21:40.943+0000] {processor.py:186} INFO - Started process (PID=4144) to work on /home/airflow/.local/lib/python3.12/site-packages/airflow/example_dags/example_params_ui_tutorial.py
[2026-05-23T17:21:40.944+0000] {processor.py:914} INFO - Processing file /home/airflow/.local/lib/python3.12/site-packages/airflow/example_dags/example_params_ui_tutorial.py for tasks to queue
[2026-05-23T17:21:40.946+0000] {logging_mixin.py:190} INFO - [2026-05-23T17:21:40.946+0000] {dagbag.py:588} INFO - Filling up the DagBag from /home/airflow/.local/lib/python3.12/site-packages/airflow/example_dags/example_params_ui_tutorial.py
[2026-05-23T17:21:40.953+0000] {processor.py:925} INFO - DAG(s) 'example_params_ui_tutorial' retrieved from /home/airflow/.local/lib/python3.12/site-packages/airflow/example_dags/example_params_ui_tutorial.py
[2026-05-23T17:21:41.008+0000] {logging_mixin.py:190} INFO - [2026-05-23T17:21:41.008+0000] {dag.py:3239} INFO - Sync 1 DAGs
[2026-05-23T17:21:41.024+0000] {logging_mixin.py:190} INFO - [2026-05-23T17:21:41.024+0000] {dag.py:4180} INFO - Setting next_dagrun for example_params_ui_tutorial to None, run_after=None
[2026-05-23T17:21:41.041+0000] {processor.py:208} INFO - Processing /home/airflow/.local/lib/python3.12/site-packages/airflow/example_dags/example_params_ui_tutorial.py took 0.103 seconds
[2026-05-23T21:56:22.366+0000] {processor.py:186} INFO - Started process (PID=82) to work on /home/airflow/.local/lib/python3.12/site-packages/airflow/example_dags/example_params_ui_tutorial.py
[2026-05-23T21:56:22.367+0000] {processor.py:914} INFO - Processing file /home/airflow/.local/lib/python3.12/site-packages/airflow/example_dags/example_params_ui_tutorial.py for tasks to queue
[2026-05-23T21:56:22.369+0000] {logging_mixin.py:190} INFO - [2026-05-23T21:56:22.369+0000] {dagbag.py:588} INFO - Filling up the DagBag from /home/airflow/.local/lib/python3.12/site-packages/airflow/example_dags/example_params_ui_tutorial.py
[2026-05-23T21:56:22.379+0000] {processor.py:925} INFO - DAG(s) 'example_params_ui_tutorial' retrieved from /home/airflow/.local/lib/python3.12/site-packages/airflow/example_dags/example_params_ui_tutorial.py
[2026-05-23T21:56:22.428+0000] {logging_mixin.py:190} INFO - [2026-05-23T21:56:22.428+0000] {dag.py:3239} INFO - Sync 1 DAGs
[2026-05-23T21:56:22.443+0000] {logging_mixin.py:190} INFO - [2026-05-23T21:56:22.443+0000] {dag.py:4180} INFO - Setting next_dagrun for example_params_ui_tutorial to None, run_after=None
[2026-05-23T21:56:22.460+0000] {processor.py:208} INFO - Processing /home/airflow/.local/lib/python3.12/site-packages/airflow/example_dags/example_params_ui_tutorial.py took 0.100 seconds
