[2026-05-23T16:10:02.384+0000] {processor.py:186} INFO - Started process (PID=96) to work on /home/airflow/.local/lib/python3.12/site-packages/airflow/example_dags/example_python_decorator.py
[2026-05-23T16:10:02.385+0000] {processor.py:914} INFO - Processing file /home/airflow/.local/lib/python3.12/site-packages/airflow/example_dags/example_python_decorator.py for tasks to queue
[2026-05-23T16:10:02.386+0000] {logging_mixin.py:190} INFO - [2026-05-23T16:10:02.386+0000] {dagbag.py:588} INFO - Filling up the DagBag from /home/airflow/.local/lib/python3.12/site-packages/airflow/example_dags/example_python_decorator.py
[2026-05-23T16:10:02.397+0000] {processor.py:925} INFO - DAG(s) 'example_python_decorator' retrieved from /home/airflow/.local/lib/python3.12/site-packages/airflow/example_dags/example_python_decorator.py
[2026-05-23T16:10:02.492+0000] {logging_mixin.py:190} INFO - [2026-05-23T16:10:02.492+0000] {dag.py:3239} INFO - Sync 1 DAGs
[2026-05-23T16:10:02.501+0000] {logging_mixin.py:190} INFO - [2026-05-23T16:10:02.501+0000] {dag.py:4180} INFO - Setting next_dagrun for example_python_decorator to None, run_after=None
[2026-05-23T16:10:02.515+0000] {processor.py:208} INFO - Processing /home/airflow/.local/lib/python3.12/site-packages/airflow/example_dags/example_python_decorator.py took 0.135 seconds
[2026-05-23T16:10:33.053+0000] {processor.py:186} INFO - Started process (PID=160) to work on /home/airflow/.local/lib/python3.12/site-packages/airflow/example_dags/example_python_decorator.py
[2026-05-23T16:10:33.054+0000] {processor.py:914} INFO - Processing file /home/airflow/.local/lib/python3.12/site-packages/airflow/example_dags/example_python_decorator.py for tasks to queue
[2026-05-23T16:10:33.056+0000] {logging_mixin.py:190} INFO - [2026-05-23T16:10:33.056+0000] {dagbag.py:588} INFO - Filling up the DagBag from /home/airflow/.local/lib/python3.12/site-packages/airflow/example_dags/example_python_decorator.py
[2026-05-23T16:10:33.068+0000] {processor.py:925} INFO - DAG(s) 'example_python_decorator' retrieved from /home/airflow/.local/lib/python3.12/site-packages/airflow/example_dags/example_python_decorator.py
[2026-05-23T16:10:33.086+0000] {logging_mixin.py:190} INFO - [2026-05-23T16:10:33.086+0000] {dag.py:3239} INFO - Sync 1 DAGs
[2026-05-23T16:10:33.100+0000] {logging_mixin.py:190} INFO - [2026-05-23T16:10:33.100+0000] {dag.py:4180} INFO - Setting next_dagrun for example_python_decorator to None, run_after=None
[2026-05-23T16:10:33.113+0000] {processor.py:208} INFO - Processing /home/airflow/.local/lib/python3.12/site-packages/airflow/example_dags/example_python_decorator.py took 0.064 seconds
[2026-05-23T16:11:03.692+0000] {processor.py:186} INFO - Started process (PID=224) to work on /home/airflow/.local/lib/python3.12/site-packages/airflow/example_dags/example_python_decorator.py
[2026-05-23T16:11:03.692+0000] {processor.py:914} INFO - Processing file /home/airflow/.local/lib/python3.12/site-packages/airflow/example_dags/example_python_decorator.py for tasks to queue
[2026-05-23T16:11:03.695+0000] {logging_mixin.py:190} INFO - [2026-05-23T16:11:03.695+0000] {dagbag.py:588} INFO - Filling up the DagBag from /home/airflow/.local/lib/python3.12/site-packages/airflow/example_dags/example_python_decorator.py
[2026-05-23T16:11:03.713+0000] {processor.py:925} INFO - DAG(s) 'example_python_decorator' retrieved from /home/airflow/.local/lib/python3.12/site-packages/airflow/example_dags/example_python_decorator.py
[2026-05-23T16:11:03.742+0000] {logging_mixin.py:190} INFO - [2026-05-23T16:11:03.741+0000] {dag.py:3239} INFO - Sync 1 DAGs
[2026-05-23T16:11:03.757+0000] {logging_mixin.py:190} INFO - [2026-05-23T16:11:03.757+0000] {dag.py:4180} INFO - Setting next_dagrun for example_python_decorator to None, run_after=None
[2026-05-23T16:11:03.773+0000] {processor.py:208} INFO - Processing /home/airflow/.local/lib/python3.12/site-packages/airflow/example_dags/example_python_decorator.py took 0.088 seconds
[2026-05-23T16:11:34.555+0000] {processor.py:186} INFO - Started process (PID=288) to work on /home/airflow/.local/lib/python3.12/site-packages/airflow/example_dags/example_python_decorator.py
[2026-05-23T16:11:34.555+0000] {processor.py:914} INFO - Processing file /home/airflow/.local/lib/python3.12/site-packages/airflow/example_dags/example_python_decorator.py for tasks to queue
[2026-05-23T16:11:34.557+0000] {logging_mixin.py:190} INFO - [2026-05-23T16:11:34.557+0000] {dagbag.py:588} INFO - Filling up the DagBag from /home/airflow/.local/lib/python3.12/site-packages/airflow/example_dags/example_python_decorator.py
[2026-05-23T16:11:34.571+0000] {processor.py:925} INFO - DAG(s) 'example_python_decorator' retrieved from /home/airflow/.local/lib/python3.12/site-packages/airflow/example_dags/example_python_decorator.py
[2026-05-23T16:11:34.592+0000] {logging_mixin.py:190} INFO - [2026-05-23T16:11:34.592+0000] {dag.py:3239} INFO - Sync 1 DAGs
[2026-05-23T16:11:34.608+0000] {logging_mixin.py:190} INFO - [2026-05-23T16:11:34.608+0000] {dag.py:4180} INFO - Setting next_dagrun for example_python_decorator to None, run_after=None
[2026-05-23T16:11:34.625+0000] {processor.py:208} INFO - Processing /home/airflow/.local/lib/python3.12/site-packages/airflow/example_dags/example_python_decorator.py took 0.075 seconds
[2026-05-23T16:12:06.735+0000] {processor.py:186} INFO - Started process (PID=352) to work on /home/airflow/.local/lib/python3.12/site-packages/airflow/example_dags/example_python_decorator.py
[2026-05-23T16:12:06.736+0000] {processor.py:914} INFO - Processing file /home/airflow/.local/lib/python3.12/site-packages/airflow/example_dags/example_python_decorator.py for tasks to queue
[2026-05-23T16:12:06.738+0000] {logging_mixin.py:190} INFO - [2026-05-23T16:12:06.738+0000] {dagbag.py:588} INFO - Filling up the DagBag from /home/airflow/.local/lib/python3.12/site-packages/airflow/example_dags/example_python_decorator.py
[2026-05-23T16:12:06.755+0000] {processor.py:925} INFO - DAG(s) 'example_python_decorator' retrieved from /home/airflow/.local/lib/python3.12/site-packages/airflow/example_dags/example_python_decorator.py
[2026-05-23T16:12:06.781+0000] {logging_mixin.py:190} INFO - [2026-05-23T16:12:06.780+0000] {dag.py:3239} INFO - Sync 1 DAGs
[2026-05-23T16:12:06.798+0000] {logging_mixin.py:190} INFO - [2026-05-23T16:12:06.798+0000] {dag.py:4180} INFO - Setting next_dagrun for example_python_decorator to None, run_after=None
[2026-05-23T16:12:06.816+0000] {processor.py:208} INFO - Processing /home/airflow/.local/lib/python3.12/site-packages/airflow/example_dags/example_python_decorator.py took 0.087 seconds
[2026-05-23T16:12:38.295+0000] {processor.py:186} INFO - Started process (PID=416) to work on /home/airflow/.local/lib/python3.12/site-packages/airflow/example_dags/example_python_decorator.py
[2026-05-23T16:12:38.296+0000] {processor.py:914} INFO - Processing file /home/airflow/.local/lib/python3.12/site-packages/airflow/example_dags/example_python_decorator.py for tasks to queue
[2026-05-23T16:12:38.298+0000] {logging_mixin.py:190} INFO - [2026-05-23T16:12:38.298+0000] {dagbag.py:588} INFO - Filling up the DagBag from /home/airflow/.local/lib/python3.12/site-packages/airflow/example_dags/example_python_decorator.py
[2026-05-23T16:12:38.328+0000] {processor.py:925} INFO - DAG(s) 'example_python_decorator' retrieved from /home/airflow/.local/lib/python3.12/site-packages/airflow/example_dags/example_python_decorator.py
[2026-05-23T16:12:38.363+0000] {logging_mixin.py:190} INFO - [2026-05-23T16:12:38.363+0000] {dag.py:3239} INFO - Sync 1 DAGs
[2026-05-23T16:12:38.420+0000] {logging_mixin.py:190} INFO - [2026-05-23T16:12:38.420+0000] {dag.py:4180} INFO - Setting next_dagrun for example_python_decorator to None, run_after=None
[2026-05-23T16:12:38.465+0000] {processor.py:208} INFO - Processing /home/airflow/.local/lib/python3.12/site-packages/airflow/example_dags/example_python_decorator.py took 0.176 seconds
[2026-05-23T16:13:08.890+0000] {processor.py:186} INFO - Started process (PID=480) to work on /home/airflow/.local/lib/python3.12/site-packages/airflow/example_dags/example_python_decorator.py
[2026-05-23T16:13:08.891+0000] {processor.py:914} INFO - Processing file /home/airflow/.local/lib/python3.12/site-packages/airflow/example_dags/example_python_decorator.py for tasks to queue
[2026-05-23T16:13:08.893+0000] {logging_mixin.py:190} INFO - [2026-05-23T16:13:08.893+0000] {dagbag.py:588} INFO - Filling up the DagBag from /home/airflow/.local/lib/python3.12/site-packages/airflow/example_dags/example_python_decorator.py
[2026-05-23T16:13:08.907+0000] {processor.py:925} INFO - DAG(s) 'example_python_decorator' retrieved from /home/airflow/.local/lib/python3.12/site-packages/airflow/example_dags/example_python_decorator.py
[2026-05-23T16:13:08.926+0000] {logging_mixin.py:190} INFO - [2026-05-23T16:13:08.926+0000] {dag.py:3239} INFO - Sync 1 DAGs
[2026-05-23T16:13:08.937+0000] {logging_mixin.py:190} INFO - [2026-05-23T16:13:08.937+0000] {dag.py:4180} INFO - Setting next_dagrun for example_python_decorator to None, run_after=None
[2026-05-23T16:13:08.950+0000] {processor.py:208} INFO - Processing /home/airflow/.local/lib/python3.12/site-packages/airflow/example_dags/example_python_decorator.py took 0.066 seconds
[2026-05-23T16:13:39.594+0000] {processor.py:186} INFO - Started process (PID=544) to work on /home/airflow/.local/lib/python3.12/site-packages/airflow/example_dags/example_python_decorator.py
[2026-05-23T16:13:39.594+0000] {processor.py:914} INFO - Processing file /home/airflow/.local/lib/python3.12/site-packages/airflow/example_dags/example_python_decorator.py for tasks to queue
[2026-05-23T16:13:39.596+0000] {logging_mixin.py:190} INFO - [2026-05-23T16:13:39.596+0000] {dagbag.py:588} INFO - Filling up the DagBag from /home/airflow/.local/lib/python3.12/site-packages/airflow/example_dags/example_python_decorator.py
[2026-05-23T16:13:39.612+0000] {processor.py:925} INFO - DAG(s) 'example_python_decorator' retrieved from /home/airflow/.local/lib/python3.12/site-packages/airflow/example_dags/example_python_decorator.py
[2026-05-23T16:13:39.634+0000] {logging_mixin.py:190} INFO - [2026-05-23T16:13:39.634+0000] {dag.py:3239} INFO - Sync 1 DAGs
[2026-05-23T16:13:39.650+0000] {logging_mixin.py:190} INFO - [2026-05-23T16:13:39.650+0000] {dag.py:4180} INFO - Setting next_dagrun for example_python_decorator to None, run_after=None
[2026-05-23T16:13:39.663+0000] {processor.py:208} INFO - Processing /home/airflow/.local/lib/python3.12/site-packages/airflow/example_dags/example_python_decorator.py took 0.075 seconds
[2026-05-23T16:14:10.202+0000] {processor.py:186} INFO - Started process (PID=608) to work on /home/airflow/.local/lib/python3.12/site-packages/airflow/example_dags/example_python_decorator.py
[2026-05-23T16:14:10.203+0000] {processor.py:914} INFO - Processing file /home/airflow/.local/lib/python3.12/site-packages/airflow/example_dags/example_python_decorator.py for tasks to queue
[2026-05-23T16:14:10.204+0000] {logging_mixin.py:190} INFO - [2026-05-23T16:14:10.204+0000] {dagbag.py:588} INFO - Filling up the DagBag from /home/airflow/.local/lib/python3.12/site-packages/airflow/example_dags/example_python_decorator.py
[2026-05-23T16:14:10.215+0000] {processor.py:925} INFO - DAG(s) 'example_python_decorator' retrieved from /home/airflow/.local/lib/python3.12/site-packages/airflow/example_dags/example_python_decorator.py
[2026-05-23T16:14:10.236+0000] {logging_mixin.py:190} INFO - [2026-05-23T16:14:10.235+0000] {dag.py:3239} INFO - Sync 1 DAGs
[2026-05-23T16:14:10.249+0000] {logging_mixin.py:190} INFO - [2026-05-23T16:14:10.249+0000] {dag.py:4180} INFO - Setting next_dagrun for example_python_decorator to None, run_after=None
[2026-05-23T16:14:10.266+0000] {processor.py:208} INFO - Processing /home/airflow/.local/lib/python3.12/site-packages/airflow/example_dags/example_python_decorator.py took 0.068 seconds
[2026-05-23T16:14:41.311+0000] {processor.py:186} INFO - Started process (PID=672) to work on /home/airflow/.local/lib/python3.12/site-packages/airflow/example_dags/example_python_decorator.py
[2026-05-23T16:14:41.312+0000] {processor.py:914} INFO - Processing file /home/airflow/.local/lib/python3.12/site-packages/airflow/example_dags/example_python_decorator.py for tasks to queue
[2026-05-23T16:14:41.314+0000] {logging_mixin.py:190} INFO - [2026-05-23T16:14:41.314+0000] {dagbag.py:588} INFO - Filling up the DagBag from /home/airflow/.local/lib/python3.12/site-packages/airflow/example_dags/example_python_decorator.py
[2026-05-23T16:14:41.329+0000] {processor.py:925} INFO - DAG(s) 'example_python_decorator' retrieved from /home/airflow/.local/lib/python3.12/site-packages/airflow/example_dags/example_python_decorator.py
[2026-05-23T16:14:41.346+0000] {logging_mixin.py:190} INFO - [2026-05-23T16:14:41.346+0000] {dag.py:3239} INFO - Sync 1 DAGs
[2026-05-23T16:14:41.357+0000] {logging_mixin.py:190} INFO - [2026-05-23T16:14:41.357+0000] {dag.py:4180} INFO - Setting next_dagrun for example_python_decorator to None, run_after=None
[2026-05-23T16:14:41.372+0000] {processor.py:208} INFO - Processing /home/airflow/.local/lib/python3.12/site-packages/airflow/example_dags/example_python_decorator.py took 0.068 seconds
[2026-05-23T16:15:12.229+0000] {processor.py:186} INFO - Started process (PID=738) to work on /home/airflow/.local/lib/python3.12/site-packages/airflow/example_dags/example_python_decorator.py
[2026-05-23T16:15:12.230+0000] {processor.py:914} INFO - Processing file /home/airflow/.local/lib/python3.12/site-packages/airflow/example_dags/example_python_decorator.py for tasks to queue
[2026-05-23T16:15:12.232+0000] {logging_mixin.py:190} INFO - [2026-05-23T16:15:12.231+0000] {dagbag.py:588} INFO - Filling up the DagBag from /home/airflow/.local/lib/python3.12/site-packages/airflow/example_dags/example_python_decorator.py
[2026-05-23T16:15:12.244+0000] {processor.py:925} INFO - DAG(s) 'example_python_decorator' retrieved from /home/airflow/.local/lib/python3.12/site-packages/airflow/example_dags/example_python_decorator.py
[2026-05-23T16:15:12.262+0000] {logging_mixin.py:190} INFO - [2026-05-23T16:15:12.262+0000] {dag.py:3239} INFO - Sync 1 DAGs
[2026-05-23T16:15:12.273+0000] {logging_mixin.py:190} INFO - [2026-05-23T16:15:12.273+0000] {dag.py:4180} INFO - Setting next_dagrun for example_python_decorator to None, run_after=None
[2026-05-23T16:15:12.289+0000] {processor.py:208} INFO - Processing /home/airflow/.local/lib/python3.12/site-packages/airflow/example_dags/example_python_decorator.py took 0.065 seconds
[2026-05-23T16:15:43.185+0000] {processor.py:186} INFO - Started process (PID=803) to work on /home/airflow/.local/lib/python3.12/site-packages/airflow/example_dags/example_python_decorator.py
[2026-05-23T16:15:43.186+0000] {processor.py:914} INFO - Processing file /home/airflow/.local/lib/python3.12/site-packages/airflow/example_dags/example_python_decorator.py for tasks to queue
[2026-05-23T16:15:43.187+0000] {logging_mixin.py:190} INFO - [2026-05-23T16:15:43.187+0000] {dagbag.py:588} INFO - Filling up the DagBag from /home/airflow/.local/lib/python3.12/site-packages/airflow/example_dags/example_python_decorator.py
[2026-05-23T16:15:43.200+0000] {processor.py:925} INFO - DAG(s) 'example_python_decorator' retrieved from /home/airflow/.local/lib/python3.12/site-packages/airflow/example_dags/example_python_decorator.py
[2026-05-23T16:15:43.218+0000] {logging_mixin.py:190} INFO - [2026-05-23T16:15:43.218+0000] {dag.py:3239} INFO - Sync 1 DAGs
[2026-05-23T16:15:43.233+0000] {logging_mixin.py:190} INFO - [2026-05-23T16:15:43.233+0000] {dag.py:4180} INFO - Setting next_dagrun for example_python_decorator to None, run_after=None
[2026-05-23T16:15:43.246+0000] {processor.py:208} INFO - Processing /home/airflow/.local/lib/python3.12/site-packages/airflow/example_dags/example_python_decorator.py took 0.065 seconds
[2026-05-23T16:16:14.569+0000] {processor.py:186} INFO - Started process (PID=868) to work on /home/airflow/.local/lib/python3.12/site-packages/airflow/example_dags/example_python_decorator.py
[2026-05-23T16:16:14.569+0000] {processor.py:914} INFO - Processing file /home/airflow/.local/lib/python3.12/site-packages/airflow/example_dags/example_python_decorator.py for tasks to queue
[2026-05-23T16:16:14.572+0000] {logging_mixin.py:190} INFO - [2026-05-23T16:16:14.571+0000] {dagbag.py:588} INFO - Filling up the DagBag from /home/airflow/.local/lib/python3.12/site-packages/airflow/example_dags/example_python_decorator.py
[2026-05-23T16:16:14.585+0000] {processor.py:925} INFO - DAG(s) 'example_python_decorator' retrieved from /home/airflow/.local/lib/python3.12/site-packages/airflow/example_dags/example_python_decorator.py
[2026-05-23T16:16:14.603+0000] {logging_mixin.py:190} INFO - [2026-05-23T16:16:14.603+0000] {dag.py:3239} INFO - Sync 1 DAGs
[2026-05-23T16:16:14.615+0000] {logging_mixin.py:190} INFO - [2026-05-23T16:16:14.615+0000] {dag.py:4180} INFO - Setting next_dagrun for example_python_decorator to None, run_after=None
[2026-05-23T16:16:14.629+0000] {processor.py:208} INFO - Processing /home/airflow/.local/lib/python3.12/site-packages/airflow/example_dags/example_python_decorator.py took 0.065 seconds
[2026-05-23T16:16:46.028+0000] {processor.py:186} INFO - Started process (PID=933) to work on /home/airflow/.local/lib/python3.12/site-packages/airflow/example_dags/example_python_decorator.py
[2026-05-23T16:16:46.029+0000] {processor.py:914} INFO - Processing file /home/airflow/.local/lib/python3.12/site-packages/airflow/example_dags/example_python_decorator.py for tasks to queue
[2026-05-23T16:16:46.030+0000] {logging_mixin.py:190} INFO - [2026-05-23T16:16:46.030+0000] {dagbag.py:588} INFO - Filling up the DagBag from /home/airflow/.local/lib/python3.12/site-packages/airflow/example_dags/example_python_decorator.py
[2026-05-23T16:16:46.042+0000] {processor.py:925} INFO - DAG(s) 'example_python_decorator' retrieved from /home/airflow/.local/lib/python3.12/site-packages/airflow/example_dags/example_python_decorator.py
[2026-05-23T16:16:46.065+0000] {logging_mixin.py:190} INFO - [2026-05-23T16:16:46.064+0000] {dag.py:3239} INFO - Sync 1 DAGs
[2026-05-23T16:16:46.077+0000] {logging_mixin.py:190} INFO - [2026-05-23T16:16:46.076+0000] {dag.py:4180} INFO - Setting next_dagrun for example_python_decorator to None, run_after=None
[2026-05-23T16:16:46.090+0000] {processor.py:208} INFO - Processing /home/airflow/.local/lib/python3.12/site-packages/airflow/example_dags/example_python_decorator.py took 0.065 seconds
[2026-05-23T16:17:16.639+0000] {processor.py:186} INFO - Started process (PID=998) to work on /home/airflow/.local/lib/python3.12/site-packages/airflow/example_dags/example_python_decorator.py
[2026-05-23T16:17:16.639+0000] {processor.py:914} INFO - Processing file /home/airflow/.local/lib/python3.12/site-packages/airflow/example_dags/example_python_decorator.py for tasks to queue
[2026-05-23T16:17:16.641+0000] {logging_mixin.py:190} INFO - [2026-05-23T16:17:16.640+0000] {dagbag.py:588} INFO - Filling up the DagBag from /home/airflow/.local/lib/python3.12/site-packages/airflow/example_dags/example_python_decorator.py
[2026-05-23T16:17:16.652+0000] {processor.py:925} INFO - DAG(s) 'example_python_decorator' retrieved from /home/airflow/.local/lib/python3.12/site-packages/airflow/example_dags/example_python_decorator.py
[2026-05-23T16:17:16.668+0000] {logging_mixin.py:190} INFO - [2026-05-23T16:17:16.668+0000] {dag.py:3239} INFO - Sync 1 DAGs
[2026-05-23T16:17:16.679+0000] {logging_mixin.py:190} INFO - [2026-05-23T16:17:16.679+0000] {dag.py:4180} INFO - Setting next_dagrun for example_python_decorator to None, run_after=None
[2026-05-23T16:17:16.691+0000] {processor.py:208} INFO - Processing /home/airflow/.local/lib/python3.12/site-packages/airflow/example_dags/example_python_decorator.py took 0.057 seconds
[2026-05-23T16:17:47.834+0000] {processor.py:186} INFO - Started process (PID=1063) to work on /home/airflow/.local/lib/python3.12/site-packages/airflow/example_dags/example_python_decorator.py
[2026-05-23T16:17:47.834+0000] {processor.py:914} INFO - Processing file /home/airflow/.local/lib/python3.12/site-packages/airflow/example_dags/example_python_decorator.py for tasks to queue
[2026-05-23T16:17:47.836+0000] {logging_mixin.py:190} INFO - [2026-05-23T16:17:47.835+0000] {dagbag.py:588} INFO - Filling up the DagBag from /home/airflow/.local/lib/python3.12/site-packages/airflow/example_dags/example_python_decorator.py
[2026-05-23T16:17:47.847+0000] {processor.py:925} INFO - DAG(s) 'example_python_decorator' retrieved from /home/airflow/.local/lib/python3.12/site-packages/airflow/example_dags/example_python_decorator.py
[2026-05-23T16:17:47.866+0000] {logging_mixin.py:190} INFO - [2026-05-23T16:17:47.865+0000] {dag.py:3239} INFO - Sync 1 DAGs
[2026-05-23T16:17:47.878+0000] {logging_mixin.py:190} INFO - [2026-05-23T16:17:47.878+0000] {dag.py:4180} INFO - Setting next_dagrun for example_python_decorator to None, run_after=None
[2026-05-23T16:17:47.892+0000] {processor.py:208} INFO - Processing /home/airflow/.local/lib/python3.12/site-packages/airflow/example_dags/example_python_decorator.py took 0.062 seconds
[2026-05-23T16:18:19.324+0000] {processor.py:186} INFO - Started process (PID=1128) to work on /home/airflow/.local/lib/python3.12/site-packages/airflow/example_dags/example_python_decorator.py
[2026-05-23T16:18:19.324+0000] {processor.py:914} INFO - Processing file /home/airflow/.local/lib/python3.12/site-packages/airflow/example_dags/example_python_decorator.py for tasks to queue
[2026-05-23T16:18:19.325+0000] {logging_mixin.py:190} INFO - [2026-05-23T16:18:19.325+0000] {dagbag.py:588} INFO - Filling up the DagBag from /home/airflow/.local/lib/python3.12/site-packages/airflow/example_dags/example_python_decorator.py
[2026-05-23T16:18:19.336+0000] {processor.py:925} INFO - DAG(s) 'example_python_decorator' retrieved from /home/airflow/.local/lib/python3.12/site-packages/airflow/example_dags/example_python_decorator.py
[2026-05-23T16:18:19.355+0000] {logging_mixin.py:190} INFO - [2026-05-23T16:18:19.355+0000] {dag.py:3239} INFO - Sync 1 DAGs
[2026-05-23T16:18:19.372+0000] {logging_mixin.py:190} INFO - [2026-05-23T16:18:19.372+0000] {dag.py:4180} INFO - Setting next_dagrun for example_python_decorator to None, run_after=None
[2026-05-23T16:18:19.390+0000] {processor.py:208} INFO - Processing /home/airflow/.local/lib/python3.12/site-packages/airflow/example_dags/example_python_decorator.py took 0.071 seconds
[2026-05-23T16:18:50.723+0000] {processor.py:186} INFO - Started process (PID=1193) to work on /home/airflow/.local/lib/python3.12/site-packages/airflow/example_dags/example_python_decorator.py
[2026-05-23T16:18:50.724+0000] {processor.py:914} INFO - Processing file /home/airflow/.local/lib/python3.12/site-packages/airflow/example_dags/example_python_decorator.py for tasks to queue
[2026-05-23T16:18:50.725+0000] {logging_mixin.py:190} INFO - [2026-05-23T16:18:50.725+0000] {dagbag.py:588} INFO - Filling up the DagBag from /home/airflow/.local/lib/python3.12/site-packages/airflow/example_dags/example_python_decorator.py
[2026-05-23T16:18:50.738+0000] {processor.py:925} INFO - DAG(s) 'example_python_decorator' retrieved from /home/airflow/.local/lib/python3.12/site-packages/airflow/example_dags/example_python_decorator.py
[2026-05-23T16:18:50.758+0000] {logging_mixin.py:190} INFO - [2026-05-23T16:18:50.758+0000] {dag.py:3239} INFO - Sync 1 DAGs
[2026-05-23T16:18:50.770+0000] {logging_mixin.py:190} INFO - [2026-05-23T16:18:50.770+0000] {dag.py:4180} INFO - Setting next_dagrun for example_python_decorator to None, run_after=None
[2026-05-23T16:18:50.783+0000] {processor.py:208} INFO - Processing /home/airflow/.local/lib/python3.12/site-packages/airflow/example_dags/example_python_decorator.py took 0.064 seconds
[2026-05-23T16:19:22.100+0000] {processor.py:186} INFO - Started process (PID=1264) to work on /home/airflow/.local/lib/python3.12/site-packages/airflow/example_dags/example_python_decorator.py
[2026-05-23T16:19:22.101+0000] {processor.py:914} INFO - Processing file /home/airflow/.local/lib/python3.12/site-packages/airflow/example_dags/example_python_decorator.py for tasks to queue
[2026-05-23T16:19:22.102+0000] {logging_mixin.py:190} INFO - [2026-05-23T16:19:22.102+0000] {dagbag.py:588} INFO - Filling up the DagBag from /home/airflow/.local/lib/python3.12/site-packages/airflow/example_dags/example_python_decorator.py
[2026-05-23T16:19:22.113+0000] {processor.py:925} INFO - DAG(s) 'example_python_decorator' retrieved from /home/airflow/.local/lib/python3.12/site-packages/airflow/example_dags/example_python_decorator.py
[2026-05-23T16:19:22.132+0000] {logging_mixin.py:190} INFO - [2026-05-23T16:19:22.131+0000] {dag.py:3239} INFO - Sync 1 DAGs
[2026-05-23T16:19:22.143+0000] {logging_mixin.py:190} INFO - [2026-05-23T16:19:22.142+0000] {dag.py:4180} INFO - Setting next_dagrun for example_python_decorator to None, run_after=None
[2026-05-23T16:19:22.156+0000] {processor.py:208} INFO - Processing /home/airflow/.local/lib/python3.12/site-packages/airflow/example_dags/example_python_decorator.py took 0.059 seconds
[2026-05-23T16:19:53.372+0000] {processor.py:186} INFO - Started process (PID=1329) to work on /home/airflow/.local/lib/python3.12/site-packages/airflow/example_dags/example_python_decorator.py
[2026-05-23T16:19:53.373+0000] {processor.py:914} INFO - Processing file /home/airflow/.local/lib/python3.12/site-packages/airflow/example_dags/example_python_decorator.py for tasks to queue
[2026-05-23T16:19:53.375+0000] {logging_mixin.py:190} INFO - [2026-05-23T16:19:53.374+0000] {dagbag.py:588} INFO - Filling up the DagBag from /home/airflow/.local/lib/python3.12/site-packages/airflow/example_dags/example_python_decorator.py
[2026-05-23T16:19:53.387+0000] {processor.py:925} INFO - DAG(s) 'example_python_decorator' retrieved from /home/airflow/.local/lib/python3.12/site-packages/airflow/example_dags/example_python_decorator.py
[2026-05-23T16:19:53.411+0000] {logging_mixin.py:190} INFO - [2026-05-23T16:19:53.411+0000] {dag.py:3239} INFO - Sync 1 DAGs
[2026-05-23T16:19:53.429+0000] {logging_mixin.py:190} INFO - [2026-05-23T16:19:53.429+0000] {dag.py:4180} INFO - Setting next_dagrun for example_python_decorator to None, run_after=None
[2026-05-23T16:19:53.444+0000] {processor.py:208} INFO - Processing /home/airflow/.local/lib/python3.12/site-packages/airflow/example_dags/example_python_decorator.py took 0.076 seconds
[2026-05-23T16:20:24.953+0000] {processor.py:186} INFO - Started process (PID=1394) to work on /home/airflow/.local/lib/python3.12/site-packages/airflow/example_dags/example_python_decorator.py
[2026-05-23T16:20:24.954+0000] {processor.py:914} INFO - Processing file /home/airflow/.local/lib/python3.12/site-packages/airflow/example_dags/example_python_decorator.py for tasks to queue
[2026-05-23T16:20:24.956+0000] {logging_mixin.py:190} INFO - [2026-05-23T16:20:24.956+0000] {dagbag.py:588} INFO - Filling up the DagBag from /home/airflow/.local/lib/python3.12/site-packages/airflow/example_dags/example_python_decorator.py
[2026-05-23T16:20:24.968+0000] {processor.py:925} INFO - DAG(s) 'example_python_decorator' retrieved from /home/airflow/.local/lib/python3.12/site-packages/airflow/example_dags/example_python_decorator.py
[2026-05-23T16:20:24.987+0000] {logging_mixin.py:190} INFO - [2026-05-23T16:20:24.987+0000] {dag.py:3239} INFO - Sync 1 DAGs
[2026-05-23T16:20:24.998+0000] {logging_mixin.py:190} INFO - [2026-05-23T16:20:24.998+0000] {dag.py:4180} INFO - Setting next_dagrun for example_python_decorator to None, run_after=None
[2026-05-23T16:20:25.012+0000] {processor.py:208} INFO - Processing /home/airflow/.local/lib/python3.12/site-packages/airflow/example_dags/example_python_decorator.py took 0.063 seconds
[2026-05-23T16:20:56.155+0000] {processor.py:186} INFO - Started process (PID=1459) to work on /home/airflow/.local/lib/python3.12/site-packages/airflow/example_dags/example_python_decorator.py
[2026-05-23T16:20:56.155+0000] {processor.py:914} INFO - Processing file /home/airflow/.local/lib/python3.12/site-packages/airflow/example_dags/example_python_decorator.py for tasks to queue
[2026-05-23T16:20:56.157+0000] {logging_mixin.py:190} INFO - [2026-05-23T16:20:56.156+0000] {dagbag.py:588} INFO - Filling up the DagBag from /home/airflow/.local/lib/python3.12/site-packages/airflow/example_dags/example_python_decorator.py
[2026-05-23T16:20:56.168+0000] {processor.py:925} INFO - DAG(s) 'example_python_decorator' retrieved from /home/airflow/.local/lib/python3.12/site-packages/airflow/example_dags/example_python_decorator.py
[2026-05-23T16:20:56.189+0000] {logging_mixin.py:190} INFO - [2026-05-23T16:20:56.188+0000] {dag.py:3239} INFO - Sync 1 DAGs
[2026-05-23T16:20:56.203+0000] {logging_mixin.py:190} INFO - [2026-05-23T16:20:56.203+0000] {dag.py:4180} INFO - Setting next_dagrun for example_python_decorator to None, run_after=None
[2026-05-23T16:20:56.218+0000] {processor.py:208} INFO - Processing /home/airflow/.local/lib/python3.12/site-packages/airflow/example_dags/example_python_decorator.py took 0.067 seconds
[2026-05-23T16:21:27.631+0000] {processor.py:186} INFO - Started process (PID=1524) to work on /home/airflow/.local/lib/python3.12/site-packages/airflow/example_dags/example_python_decorator.py
[2026-05-23T16:21:27.632+0000] {processor.py:914} INFO - Processing file /home/airflow/.local/lib/python3.12/site-packages/airflow/example_dags/example_python_decorator.py for tasks to queue
[2026-05-23T16:21:27.633+0000] {logging_mixin.py:190} INFO - [2026-05-23T16:21:27.633+0000] {dagbag.py:588} INFO - Filling up the DagBag from /home/airflow/.local/lib/python3.12/site-packages/airflow/example_dags/example_python_decorator.py
[2026-05-23T16:21:27.644+0000] {processor.py:925} INFO - DAG(s) 'example_python_decorator' retrieved from /home/airflow/.local/lib/python3.12/site-packages/airflow/example_dags/example_python_decorator.py
[2026-05-23T16:21:27.662+0000] {logging_mixin.py:190} INFO - [2026-05-23T16:21:27.661+0000] {dag.py:3239} INFO - Sync 1 DAGs
[2026-05-23T16:21:27.673+0000] {logging_mixin.py:190} INFO - [2026-05-23T16:21:27.673+0000] {dag.py:4180} INFO - Setting next_dagrun for example_python_decorator to None, run_after=None
[2026-05-23T16:21:27.688+0000] {processor.py:208} INFO - Processing /home/airflow/.local/lib/python3.12/site-packages/airflow/example_dags/example_python_decorator.py took 0.061 seconds
[2026-05-23T16:21:58.378+0000] {processor.py:186} INFO - Started process (PID=1589) to work on /home/airflow/.local/lib/python3.12/site-packages/airflow/example_dags/example_python_decorator.py
[2026-05-23T16:21:58.379+0000] {processor.py:914} INFO - Processing file /home/airflow/.local/lib/python3.12/site-packages/airflow/example_dags/example_python_decorator.py for tasks to queue
[2026-05-23T16:21:58.381+0000] {logging_mixin.py:190} INFO - [2026-05-23T16:21:58.380+0000] {dagbag.py:588} INFO - Filling up the DagBag from /home/airflow/.local/lib/python3.12/site-packages/airflow/example_dags/example_python_decorator.py
[2026-05-23T16:21:58.397+0000] {processor.py:925} INFO - DAG(s) 'example_python_decorator' retrieved from /home/airflow/.local/lib/python3.12/site-packages/airflow/example_dags/example_python_decorator.py
[2026-05-23T16:21:58.420+0000] {logging_mixin.py:190} INFO - [2026-05-23T16:21:58.420+0000] {dag.py:3239} INFO - Sync 1 DAGs
[2026-05-23T16:21:58.431+0000] {logging_mixin.py:190} INFO - [2026-05-23T16:21:58.431+0000] {dag.py:4180} INFO - Setting next_dagrun for example_python_decorator to None, run_after=None
[2026-05-23T16:21:58.448+0000] {processor.py:208} INFO - Processing /home/airflow/.local/lib/python3.12/site-packages/airflow/example_dags/example_python_decorator.py took 0.076 seconds
[2026-05-23T16:22:29.355+0000] {processor.py:186} INFO - Started process (PID=1654) to work on /home/airflow/.local/lib/python3.12/site-packages/airflow/example_dags/example_python_decorator.py
[2026-05-23T16:22:29.356+0000] {processor.py:914} INFO - Processing file /home/airflow/.local/lib/python3.12/site-packages/airflow/example_dags/example_python_decorator.py for tasks to queue
[2026-05-23T16:22:29.358+0000] {logging_mixin.py:190} INFO - [2026-05-23T16:22:29.357+0000] {dagbag.py:588} INFO - Filling up the DagBag from /home/airflow/.local/lib/python3.12/site-packages/airflow/example_dags/example_python_decorator.py
[2026-05-23T16:22:29.376+0000] {processor.py:925} INFO - DAG(s) 'example_python_decorator' retrieved from /home/airflow/.local/lib/python3.12/site-packages/airflow/example_dags/example_python_decorator.py
[2026-05-23T16:22:29.402+0000] {logging_mixin.py:190} INFO - [2026-05-23T16:22:29.401+0000] {dag.py:3239} INFO - Sync 1 DAGs
[2026-05-23T16:22:29.418+0000] {logging_mixin.py:190} INFO - [2026-05-23T16:22:29.418+0000] {dag.py:4180} INFO - Setting next_dagrun for example_python_decorator to None, run_after=None
[2026-05-23T16:22:29.436+0000] {processor.py:208} INFO - Processing /home/airflow/.local/lib/python3.12/site-packages/airflow/example_dags/example_python_decorator.py took 0.087 seconds
[2026-05-23T16:23:00.654+0000] {processor.py:186} INFO - Started process (PID=1719) to work on /home/airflow/.local/lib/python3.12/site-packages/airflow/example_dags/example_python_decorator.py
[2026-05-23T16:23:00.655+0000] {processor.py:914} INFO - Processing file /home/airflow/.local/lib/python3.12/site-packages/airflow/example_dags/example_python_decorator.py for tasks to queue
[2026-05-23T16:23:00.657+0000] {logging_mixin.py:190} INFO - [2026-05-23T16:23:00.657+0000] {dagbag.py:588} INFO - Filling up the DagBag from /home/airflow/.local/lib/python3.12/site-packages/airflow/example_dags/example_python_decorator.py
[2026-05-23T16:23:00.669+0000] {processor.py:925} INFO - DAG(s) 'example_python_decorator' retrieved from /home/airflow/.local/lib/python3.12/site-packages/airflow/example_dags/example_python_decorator.py
[2026-05-23T16:23:00.690+0000] {logging_mixin.py:190} INFO - [2026-05-23T16:23:00.690+0000] {dag.py:3239} INFO - Sync 1 DAGs
[2026-05-23T16:23:00.705+0000] {logging_mixin.py:190} INFO - [2026-05-23T16:23:00.704+0000] {dag.py:4180} INFO - Setting next_dagrun for example_python_decorator to None, run_after=None
[2026-05-23T16:23:00.722+0000] {processor.py:208} INFO - Processing /home/airflow/.local/lib/python3.12/site-packages/airflow/example_dags/example_python_decorator.py took 0.073 seconds
[2026-05-23T16:23:31.524+0000] {processor.py:186} INFO - Started process (PID=1784) to work on /home/airflow/.local/lib/python3.12/site-packages/airflow/example_dags/example_python_decorator.py
[2026-05-23T16:23:31.525+0000] {processor.py:914} INFO - Processing file /home/airflow/.local/lib/python3.12/site-packages/airflow/example_dags/example_python_decorator.py for tasks to queue
[2026-05-23T16:23:31.527+0000] {logging_mixin.py:190} INFO - [2026-05-23T16:23:31.526+0000] {dagbag.py:588} INFO - Filling up the DagBag from /home/airflow/.local/lib/python3.12/site-packages/airflow/example_dags/example_python_decorator.py
[2026-05-23T16:23:31.541+0000] {processor.py:925} INFO - DAG(s) 'example_python_decorator' retrieved from /home/airflow/.local/lib/python3.12/site-packages/airflow/example_dags/example_python_decorator.py
[2026-05-23T16:23:31.566+0000] {logging_mixin.py:190} INFO - [2026-05-23T16:23:31.566+0000] {dag.py:3239} INFO - Sync 1 DAGs
[2026-05-23T16:23:31.583+0000] {logging_mixin.py:190} INFO - [2026-05-23T16:23:31.583+0000] {dag.py:4180} INFO - Setting next_dagrun for example_python_decorator to None, run_after=None
[2026-05-23T16:23:31.601+0000] {processor.py:208} INFO - Processing /home/airflow/.local/lib/python3.12/site-packages/airflow/example_dags/example_python_decorator.py took 0.081 seconds
[2026-05-23T16:24:02.488+0000] {processor.py:186} INFO - Started process (PID=1849) to work on /home/airflow/.local/lib/python3.12/site-packages/airflow/example_dags/example_python_decorator.py
[2026-05-23T16:24:02.489+0000] {processor.py:914} INFO - Processing file /home/airflow/.local/lib/python3.12/site-packages/airflow/example_dags/example_python_decorator.py for tasks to queue
[2026-05-23T16:24:02.491+0000] {logging_mixin.py:190} INFO - [2026-05-23T16:24:02.491+0000] {dagbag.py:588} INFO - Filling up the DagBag from /home/airflow/.local/lib/python3.12/site-packages/airflow/example_dags/example_python_decorator.py
[2026-05-23T16:24:02.506+0000] {processor.py:925} INFO - DAG(s) 'example_python_decorator' retrieved from /home/airflow/.local/lib/python3.12/site-packages/airflow/example_dags/example_python_decorator.py
[2026-05-23T16:24:02.526+0000] {logging_mixin.py:190} INFO - [2026-05-23T16:24:02.526+0000] {dag.py:3239} INFO - Sync 1 DAGs
[2026-05-23T16:24:02.537+0000] {logging_mixin.py:190} INFO - [2026-05-23T16:24:02.537+0000] {dag.py:4180} INFO - Setting next_dagrun for example_python_decorator to None, run_after=None
[2026-05-23T16:24:02.550+0000] {processor.py:208} INFO - Processing /home/airflow/.local/lib/python3.12/site-packages/airflow/example_dags/example_python_decorator.py took 0.069 seconds
[2026-05-23T16:24:33.231+0000] {processor.py:186} INFO - Started process (PID=1914) to work on /home/airflow/.local/lib/python3.12/site-packages/airflow/example_dags/example_python_decorator.py
[2026-05-23T16:24:33.231+0000] {processor.py:914} INFO - Processing file /home/airflow/.local/lib/python3.12/site-packages/airflow/example_dags/example_python_decorator.py for tasks to queue
[2026-05-23T16:24:33.233+0000] {logging_mixin.py:190} INFO - [2026-05-23T16:24:33.233+0000] {dagbag.py:588} INFO - Filling up the DagBag from /home/airflow/.local/lib/python3.12/site-packages/airflow/example_dags/example_python_decorator.py
[2026-05-23T16:24:33.244+0000] {processor.py:925} INFO - DAG(s) 'example_python_decorator' retrieved from /home/airflow/.local/lib/python3.12/site-packages/airflow/example_dags/example_python_decorator.py
[2026-05-23T16:24:33.260+0000] {logging_mixin.py:190} INFO - [2026-05-23T16:24:33.260+0000] {dag.py:3239} INFO - Sync 1 DAGs
[2026-05-23T16:24:33.271+0000] {logging_mixin.py:190} INFO - [2026-05-23T16:24:33.271+0000] {dag.py:4180} INFO - Setting next_dagrun for example_python_decorator to None, run_after=None
[2026-05-23T16:24:33.283+0000] {processor.py:208} INFO - Processing /home/airflow/.local/lib/python3.12/site-packages/airflow/example_dags/example_python_decorator.py took 0.057 seconds
[2026-05-23T16:25:04.684+0000] {processor.py:186} INFO - Started process (PID=1978) to work on /home/airflow/.local/lib/python3.12/site-packages/airflow/example_dags/example_python_decorator.py
[2026-05-23T16:25:04.684+0000] {processor.py:914} INFO - Processing file /home/airflow/.local/lib/python3.12/site-packages/airflow/example_dags/example_python_decorator.py for tasks to queue
[2026-05-23T16:25:04.686+0000] {logging_mixin.py:190} INFO - [2026-05-23T16:25:04.686+0000] {dagbag.py:588} INFO - Filling up the DagBag from /home/airflow/.local/lib/python3.12/site-packages/airflow/example_dags/example_python_decorator.py
[2026-05-23T16:25:04.697+0000] {processor.py:925} INFO - DAG(s) 'example_python_decorator' retrieved from /home/airflow/.local/lib/python3.12/site-packages/airflow/example_dags/example_python_decorator.py
[2026-05-23T16:25:04.718+0000] {logging_mixin.py:190} INFO - [2026-05-23T16:25:04.718+0000] {dag.py:3239} INFO - Sync 1 DAGs
[2026-05-23T16:25:04.733+0000] {logging_mixin.py:190} INFO - [2026-05-23T16:25:04.733+0000] {dag.py:4180} INFO - Setting next_dagrun for example_python_decorator to None, run_after=None
[2026-05-23T16:25:04.750+0000] {processor.py:208} INFO - Processing /home/airflow/.local/lib/python3.12/site-packages/airflow/example_dags/example_python_decorator.py took 0.072 seconds
[2026-05-23T16:25:36.191+0000] {processor.py:186} INFO - Started process (PID=2043) to work on /home/airflow/.local/lib/python3.12/site-packages/airflow/example_dags/example_python_decorator.py
[2026-05-23T16:25:36.191+0000] {processor.py:914} INFO - Processing file /home/airflow/.local/lib/python3.12/site-packages/airflow/example_dags/example_python_decorator.py for tasks to queue
[2026-05-23T16:25:36.193+0000] {logging_mixin.py:190} INFO - [2026-05-23T16:25:36.193+0000] {dagbag.py:588} INFO - Filling up the DagBag from /home/airflow/.local/lib/python3.12/site-packages/airflow/example_dags/example_python_decorator.py
[2026-05-23T16:25:36.204+0000] {processor.py:925} INFO - DAG(s) 'example_python_decorator' retrieved from /home/airflow/.local/lib/python3.12/site-packages/airflow/example_dags/example_python_decorator.py
[2026-05-23T16:25:36.222+0000] {logging_mixin.py:190} INFO - [2026-05-23T16:25:36.222+0000] {dag.py:3239} INFO - Sync 1 DAGs
[2026-05-23T16:25:36.238+0000] {logging_mixin.py:190} INFO - [2026-05-23T16:25:36.237+0000] {dag.py:4180} INFO - Setting next_dagrun for example_python_decorator to None, run_after=None
[2026-05-23T16:25:36.254+0000] {processor.py:208} INFO - Processing /home/airflow/.local/lib/python3.12/site-packages/airflow/example_dags/example_python_decorator.py took 0.067 seconds
[2026-05-23T16:26:07.605+0000] {processor.py:186} INFO - Started process (PID=2108) to work on /home/airflow/.local/lib/python3.12/site-packages/airflow/example_dags/example_python_decorator.py
[2026-05-23T16:26:07.606+0000] {processor.py:914} INFO - Processing file /home/airflow/.local/lib/python3.12/site-packages/airflow/example_dags/example_python_decorator.py for tasks to queue
[2026-05-23T16:26:07.607+0000] {logging_mixin.py:190} INFO - [2026-05-23T16:26:07.607+0000] {dagbag.py:588} INFO - Filling up the DagBag from /home/airflow/.local/lib/python3.12/site-packages/airflow/example_dags/example_python_decorator.py
[2026-05-23T16:26:07.618+0000] {processor.py:925} INFO - DAG(s) 'example_python_decorator' retrieved from /home/airflow/.local/lib/python3.12/site-packages/airflow/example_dags/example_python_decorator.py
[2026-05-23T16:26:07.635+0000] {logging_mixin.py:190} INFO - [2026-05-23T16:26:07.635+0000] {dag.py:3239} INFO - Sync 1 DAGs
[2026-05-23T16:26:07.647+0000] {logging_mixin.py:190} INFO - [2026-05-23T16:26:07.647+0000] {dag.py:4180} INFO - Setting next_dagrun for example_python_decorator to None, run_after=None
[2026-05-23T16:26:07.662+0000] {processor.py:208} INFO - Processing /home/airflow/.local/lib/python3.12/site-packages/airflow/example_dags/example_python_decorator.py took 0.061 seconds
[2026-05-23T16:26:39.080+0000] {processor.py:186} INFO - Started process (PID=2173) to work on /home/airflow/.local/lib/python3.12/site-packages/airflow/example_dags/example_python_decorator.py
[2026-05-23T16:26:39.080+0000] {processor.py:914} INFO - Processing file /home/airflow/.local/lib/python3.12/site-packages/airflow/example_dags/example_python_decorator.py for tasks to queue
[2026-05-23T16:26:39.082+0000] {logging_mixin.py:190} INFO - [2026-05-23T16:26:39.082+0000] {dagbag.py:588} INFO - Filling up the DagBag from /home/airflow/.local/lib/python3.12/site-packages/airflow/example_dags/example_python_decorator.py
[2026-05-23T16:26:39.093+0000] {processor.py:925} INFO - DAG(s) 'example_python_decorator' retrieved from /home/airflow/.local/lib/python3.12/site-packages/airflow/example_dags/example_python_decorator.py
[2026-05-23T16:26:39.112+0000] {logging_mixin.py:190} INFO - [2026-05-23T16:26:39.112+0000] {dag.py:3239} INFO - Sync 1 DAGs
[2026-05-23T16:26:39.124+0000] {logging_mixin.py:190} INFO - [2026-05-23T16:26:39.123+0000] {dag.py:4180} INFO - Setting next_dagrun for example_python_decorator to None, run_after=None
[2026-05-23T16:26:39.139+0000] {processor.py:208} INFO - Processing /home/airflow/.local/lib/python3.12/site-packages/airflow/example_dags/example_python_decorator.py took 0.064 seconds
[2026-05-23T16:27:10.452+0000] {processor.py:186} INFO - Started process (PID=2238) to work on /home/airflow/.local/lib/python3.12/site-packages/airflow/example_dags/example_python_decorator.py
[2026-05-23T16:27:10.453+0000] {processor.py:914} INFO - Processing file /home/airflow/.local/lib/python3.12/site-packages/airflow/example_dags/example_python_decorator.py for tasks to queue
[2026-05-23T16:27:10.454+0000] {logging_mixin.py:190} INFO - [2026-05-23T16:27:10.454+0000] {dagbag.py:588} INFO - Filling up the DagBag from /home/airflow/.local/lib/python3.12/site-packages/airflow/example_dags/example_python_decorator.py
[2026-05-23T16:27:10.466+0000] {processor.py:925} INFO - DAG(s) 'example_python_decorator' retrieved from /home/airflow/.local/lib/python3.12/site-packages/airflow/example_dags/example_python_decorator.py
[2026-05-23T16:27:10.482+0000] {logging_mixin.py:190} INFO - [2026-05-23T16:27:10.482+0000] {dag.py:3239} INFO - Sync 1 DAGs
[2026-05-23T16:27:10.493+0000] {logging_mixin.py:190} INFO - [2026-05-23T16:27:10.493+0000] {dag.py:4180} INFO - Setting next_dagrun for example_python_decorator to None, run_after=None
[2026-05-23T16:27:10.507+0000] {processor.py:208} INFO - Processing /home/airflow/.local/lib/python3.12/site-packages/airflow/example_dags/example_python_decorator.py took 0.059 seconds
[2026-05-23T16:27:41.913+0000] {processor.py:186} INFO - Started process (PID=2304) to work on /home/airflow/.local/lib/python3.12/site-packages/airflow/example_dags/example_python_decorator.py
[2026-05-23T16:27:41.914+0000] {processor.py:914} INFO - Processing file /home/airflow/.local/lib/python3.12/site-packages/airflow/example_dags/example_python_decorator.py for tasks to queue
[2026-05-23T16:27:41.915+0000] {logging_mixin.py:190} INFO - [2026-05-23T16:27:41.915+0000] {dagbag.py:588} INFO - Filling up the DagBag from /home/airflow/.local/lib/python3.12/site-packages/airflow/example_dags/example_python_decorator.py
[2026-05-23T16:27:41.926+0000] {processor.py:925} INFO - DAG(s) 'example_python_decorator' retrieved from /home/airflow/.local/lib/python3.12/site-packages/airflow/example_dags/example_python_decorator.py
[2026-05-23T16:27:41.942+0000] {logging_mixin.py:190} INFO - [2026-05-23T16:27:41.942+0000] {dag.py:3239} INFO - Sync 1 DAGs
[2026-05-23T16:27:41.953+0000] {logging_mixin.py:190} INFO - [2026-05-23T16:27:41.953+0000] {dag.py:4180} INFO - Setting next_dagrun for example_python_decorator to None, run_after=None
[2026-05-23T16:27:41.965+0000] {processor.py:208} INFO - Processing /home/airflow/.local/lib/python3.12/site-packages/airflow/example_dags/example_python_decorator.py took 0.056 seconds
[2026-05-23T16:28:13.315+0000] {processor.py:186} INFO - Started process (PID=2369) to work on /home/airflow/.local/lib/python3.12/site-packages/airflow/example_dags/example_python_decorator.py
[2026-05-23T16:28:13.316+0000] {processor.py:914} INFO - Processing file /home/airflow/.local/lib/python3.12/site-packages/airflow/example_dags/example_python_decorator.py for tasks to queue
[2026-05-23T16:28:13.318+0000] {logging_mixin.py:190} INFO - [2026-05-23T16:28:13.318+0000] {dagbag.py:588} INFO - Filling up the DagBag from /home/airflow/.local/lib/python3.12/site-packages/airflow/example_dags/example_python_decorator.py
[2026-05-23T16:28:13.333+0000] {processor.py:925} INFO - DAG(s) 'example_python_decorator' retrieved from /home/airflow/.local/lib/python3.12/site-packages/airflow/example_dags/example_python_decorator.py
[2026-05-23T16:28:13.356+0000] {logging_mixin.py:190} INFO - [2026-05-23T16:28:13.356+0000] {dag.py:3239} INFO - Sync 1 DAGs
[2026-05-23T16:28:13.372+0000] {logging_mixin.py:190} INFO - [2026-05-23T16:28:13.372+0000] {dag.py:4180} INFO - Setting next_dagrun for example_python_decorator to None, run_after=None
[2026-05-23T16:28:13.389+0000] {processor.py:208} INFO - Processing /home/airflow/.local/lib/python3.12/site-packages/airflow/example_dags/example_python_decorator.py took 0.078 seconds
[2026-05-23T16:28:44.430+0000] {processor.py:186} INFO - Started process (PID=2434) to work on /home/airflow/.local/lib/python3.12/site-packages/airflow/example_dags/example_python_decorator.py
[2026-05-23T16:28:44.431+0000] {processor.py:914} INFO - Processing file /home/airflow/.local/lib/python3.12/site-packages/airflow/example_dags/example_python_decorator.py for tasks to queue
[2026-05-23T16:28:44.432+0000] {logging_mixin.py:190} INFO - [2026-05-23T16:28:44.432+0000] {dagbag.py:588} INFO - Filling up the DagBag from /home/airflow/.local/lib/python3.12/site-packages/airflow/example_dags/example_python_decorator.py
[2026-05-23T16:28:44.443+0000] {processor.py:925} INFO - DAG(s) 'example_python_decorator' retrieved from /home/airflow/.local/lib/python3.12/site-packages/airflow/example_dags/example_python_decorator.py
[2026-05-23T16:28:44.463+0000] {logging_mixin.py:190} INFO - [2026-05-23T16:28:44.463+0000] {dag.py:3239} INFO - Sync 1 DAGs
[2026-05-23T16:28:44.474+0000] {logging_mixin.py:190} INFO - [2026-05-23T16:28:44.474+0000] {dag.py:4180} INFO - Setting next_dagrun for example_python_decorator to None, run_after=None
[2026-05-23T16:28:44.486+0000] {processor.py:208} INFO - Processing /home/airflow/.local/lib/python3.12/site-packages/airflow/example_dags/example_python_decorator.py took 0.060 seconds
[2026-05-23T16:29:15.239+0000] {processor.py:186} INFO - Started process (PID=2499) to work on /home/airflow/.local/lib/python3.12/site-packages/airflow/example_dags/example_python_decorator.py
[2026-05-23T16:29:15.239+0000] {processor.py:914} INFO - Processing file /home/airflow/.local/lib/python3.12/site-packages/airflow/example_dags/example_python_decorator.py for tasks to queue
[2026-05-23T16:29:15.241+0000] {logging_mixin.py:190} INFO - [2026-05-23T16:29:15.241+0000] {dagbag.py:588} INFO - Filling up the DagBag from /home/airflow/.local/lib/python3.12/site-packages/airflow/example_dags/example_python_decorator.py
[2026-05-23T16:29:15.256+0000] {processor.py:925} INFO - DAG(s) 'example_python_decorator' retrieved from /home/airflow/.local/lib/python3.12/site-packages/airflow/example_dags/example_python_decorator.py
[2026-05-23T16:29:15.274+0000] {logging_mixin.py:190} INFO - [2026-05-23T16:29:15.274+0000] {dag.py:3239} INFO - Sync 1 DAGs
[2026-05-23T16:29:15.286+0000] {logging_mixin.py:190} INFO - [2026-05-23T16:29:15.286+0000] {dag.py:4180} INFO - Setting next_dagrun for example_python_decorator to None, run_after=None
[2026-05-23T16:29:15.299+0000] {processor.py:208} INFO - Processing /home/airflow/.local/lib/python3.12/site-packages/airflow/example_dags/example_python_decorator.py took 0.065 seconds
[2026-05-23T16:29:45.727+0000] {processor.py:186} INFO - Started process (PID=2563) to work on /home/airflow/.local/lib/python3.12/site-packages/airflow/example_dags/example_python_decorator.py
[2026-05-23T16:29:45.727+0000] {processor.py:914} INFO - Processing file /home/airflow/.local/lib/python3.12/site-packages/airflow/example_dags/example_python_decorator.py for tasks to queue
[2026-05-23T16:29:45.729+0000] {logging_mixin.py:190} INFO - [2026-05-23T16:29:45.729+0000] {dagbag.py:588} INFO - Filling up the DagBag from /home/airflow/.local/lib/python3.12/site-packages/airflow/example_dags/example_python_decorator.py
[2026-05-23T16:29:45.740+0000] {processor.py:925} INFO - DAG(s) 'example_python_decorator' retrieved from /home/airflow/.local/lib/python3.12/site-packages/airflow/example_dags/example_python_decorator.py
[2026-05-23T16:29:45.762+0000] {logging_mixin.py:190} INFO - [2026-05-23T16:29:45.762+0000] {dag.py:3239} INFO - Sync 1 DAGs
[2026-05-23T16:29:45.775+0000] {logging_mixin.py:190} INFO - [2026-05-23T16:29:45.775+0000] {dag.py:4180} INFO - Setting next_dagrun for example_python_decorator to None, run_after=None
[2026-05-23T16:29:45.788+0000] {processor.py:208} INFO - Processing /home/airflow/.local/lib/python3.12/site-packages/airflow/example_dags/example_python_decorator.py took 0.066 seconds
[2026-05-23T16:30:18.001+0000] {processor.py:186} INFO - Started process (PID=2630) to work on /home/airflow/.local/lib/python3.12/site-packages/airflow/example_dags/example_python_decorator.py
[2026-05-23T16:30:18.002+0000] {processor.py:914} INFO - Processing file /home/airflow/.local/lib/python3.12/site-packages/airflow/example_dags/example_python_decorator.py for tasks to queue
[2026-05-23T16:30:18.004+0000] {logging_mixin.py:190} INFO - [2026-05-23T16:30:18.003+0000] {dagbag.py:588} INFO - Filling up the DagBag from /home/airflow/.local/lib/python3.12/site-packages/airflow/example_dags/example_python_decorator.py
[2026-05-23T16:30:18.019+0000] {processor.py:925} INFO - DAG(s) 'example_python_decorator' retrieved from /home/airflow/.local/lib/python3.12/site-packages/airflow/example_dags/example_python_decorator.py
[2026-05-23T16:30:18.035+0000] {logging_mixin.py:190} INFO - [2026-05-23T16:30:18.035+0000] {dag.py:3239} INFO - Sync 1 DAGs
[2026-05-23T16:30:18.047+0000] {logging_mixin.py:190} INFO - [2026-05-23T16:30:18.046+0000] {dag.py:4180} INFO - Setting next_dagrun for example_python_decorator to None, run_after=None
[2026-05-23T16:30:18.061+0000] {processor.py:208} INFO - Processing /home/airflow/.local/lib/python3.12/site-packages/airflow/example_dags/example_python_decorator.py took 0.065 seconds
[2026-05-23T16:30:48.974+0000] {processor.py:186} INFO - Started process (PID=2695) to work on /home/airflow/.local/lib/python3.12/site-packages/airflow/example_dags/example_python_decorator.py
[2026-05-23T16:30:48.975+0000] {processor.py:914} INFO - Processing file /home/airflow/.local/lib/python3.12/site-packages/airflow/example_dags/example_python_decorator.py for tasks to queue
[2026-05-23T16:30:48.977+0000] {logging_mixin.py:190} INFO - [2026-05-23T16:30:48.977+0000] {dagbag.py:588} INFO - Filling up the DagBag from /home/airflow/.local/lib/python3.12/site-packages/airflow/example_dags/example_python_decorator.py
[2026-05-23T16:30:48.992+0000] {processor.py:925} INFO - DAG(s) 'example_python_decorator' retrieved from /home/airflow/.local/lib/python3.12/site-packages/airflow/example_dags/example_python_decorator.py
[2026-05-23T16:30:49.015+0000] {logging_mixin.py:190} INFO - [2026-05-23T16:30:49.014+0000] {dag.py:3239} INFO - Sync 1 DAGs
[2026-05-23T16:30:49.027+0000] {logging_mixin.py:190} INFO - [2026-05-23T16:30:49.027+0000] {dag.py:4180} INFO - Setting next_dagrun for example_python_decorator to None, run_after=None
[2026-05-23T16:30:49.043+0000] {processor.py:208} INFO - Processing /home/airflow/.local/lib/python3.12/site-packages/airflow/example_dags/example_python_decorator.py took 0.073 seconds
[2026-05-23T16:31:20.522+0000] {processor.py:186} INFO - Started process (PID=2760) to work on /home/airflow/.local/lib/python3.12/site-packages/airflow/example_dags/example_python_decorator.py
[2026-05-23T16:31:20.522+0000] {processor.py:914} INFO - Processing file /home/airflow/.local/lib/python3.12/site-packages/airflow/example_dags/example_python_decorator.py for tasks to queue
[2026-05-23T16:31:20.524+0000] {logging_mixin.py:190} INFO - [2026-05-23T16:31:20.524+0000] {dagbag.py:588} INFO - Filling up the DagBag from /home/airflow/.local/lib/python3.12/site-packages/airflow/example_dags/example_python_decorator.py
[2026-05-23T16:31:20.535+0000] {processor.py:925} INFO - DAG(s) 'example_python_decorator' retrieved from /home/airflow/.local/lib/python3.12/site-packages/airflow/example_dags/example_python_decorator.py
[2026-05-23T16:31:20.552+0000] {logging_mixin.py:190} INFO - [2026-05-23T16:31:20.552+0000] {dag.py:3239} INFO - Sync 1 DAGs
[2026-05-23T16:31:20.563+0000] {logging_mixin.py:190} INFO - [2026-05-23T16:31:20.563+0000] {dag.py:4180} INFO - Setting next_dagrun for example_python_decorator to None, run_after=None
[2026-05-23T16:31:20.576+0000] {processor.py:208} INFO - Processing /home/airflow/.local/lib/python3.12/site-packages/airflow/example_dags/example_python_decorator.py took 0.059 seconds
[2026-05-23T16:31:51.349+0000] {processor.py:186} INFO - Started process (PID=2824) to work on /home/airflow/.local/lib/python3.12/site-packages/airflow/example_dags/example_python_decorator.py
[2026-05-23T16:31:51.349+0000] {processor.py:914} INFO - Processing file /home/airflow/.local/lib/python3.12/site-packages/airflow/example_dags/example_python_decorator.py for tasks to queue
[2026-05-23T16:31:51.351+0000] {logging_mixin.py:190} INFO - [2026-05-23T16:31:51.351+0000] {dagbag.py:588} INFO - Filling up the DagBag from /home/airflow/.local/lib/python3.12/site-packages/airflow/example_dags/example_python_decorator.py
[2026-05-23T16:31:51.362+0000] {processor.py:925} INFO - DAG(s) 'example_python_decorator' retrieved from /home/airflow/.local/lib/python3.12/site-packages/airflow/example_dags/example_python_decorator.py
[2026-05-23T16:31:51.382+0000] {logging_mixin.py:190} INFO - [2026-05-23T16:31:51.382+0000] {dag.py:3239} INFO - Sync 1 DAGs
[2026-05-23T16:31:51.394+0000] {logging_mixin.py:190} INFO - [2026-05-23T16:31:51.394+0000] {dag.py:4180} INFO - Setting next_dagrun for example_python_decorator to None, run_after=None
[2026-05-23T16:31:51.409+0000] {processor.py:208} INFO - Processing /home/airflow/.local/lib/python3.12/site-packages/airflow/example_dags/example_python_decorator.py took 0.065 seconds
[2026-05-23T16:32:23.886+0000] {processor.py:186} INFO - Started process (PID=2897) to work on /home/airflow/.local/lib/python3.12/site-packages/airflow/example_dags/example_python_decorator.py
[2026-05-23T16:32:23.887+0000] {processor.py:914} INFO - Processing file /home/airflow/.local/lib/python3.12/site-packages/airflow/example_dags/example_python_decorator.py for tasks to queue
[2026-05-23T16:32:23.889+0000] {logging_mixin.py:190} INFO - [2026-05-23T16:32:23.888+0000] {dagbag.py:588} INFO - Filling up the DagBag from /home/airflow/.local/lib/python3.12/site-packages/airflow/example_dags/example_python_decorator.py
[2026-05-23T16:32:23.901+0000] {processor.py:925} INFO - DAG(s) 'example_python_decorator' retrieved from /home/airflow/.local/lib/python3.12/site-packages/airflow/example_dags/example_python_decorator.py
[2026-05-23T16:32:23.927+0000] {logging_mixin.py:190} INFO - [2026-05-23T16:32:23.927+0000] {dag.py:3239} INFO - Sync 1 DAGs
[2026-05-23T16:32:23.944+0000] {logging_mixin.py:190} INFO - [2026-05-23T16:32:23.944+0000] {dag.py:4180} INFO - Setting next_dagrun for example_python_decorator to None, run_after=None
[2026-05-23T16:32:23.959+0000] {processor.py:208} INFO - Processing /home/airflow/.local/lib/python3.12/site-packages/airflow/example_dags/example_python_decorator.py took 0.077 seconds
[2026-05-23T16:32:55.343+0000] {processor.py:186} INFO - Started process (PID=2962) to work on /home/airflow/.local/lib/python3.12/site-packages/airflow/example_dags/example_python_decorator.py
[2026-05-23T16:32:55.344+0000] {processor.py:914} INFO - Processing file /home/airflow/.local/lib/python3.12/site-packages/airflow/example_dags/example_python_decorator.py for tasks to queue
[2026-05-23T16:32:55.346+0000] {logging_mixin.py:190} INFO - [2026-05-23T16:32:55.346+0000] {dagbag.py:588} INFO - Filling up the DagBag from /home/airflow/.local/lib/python3.12/site-packages/airflow/example_dags/example_python_decorator.py
[2026-05-23T16:32:55.362+0000] {processor.py:925} INFO - DAG(s) 'example_python_decorator' retrieved from /home/airflow/.local/lib/python3.12/site-packages/airflow/example_dags/example_python_decorator.py
[2026-05-23T16:32:55.388+0000] {logging_mixin.py:190} INFO - [2026-05-23T16:32:55.387+0000] {dag.py:3239} INFO - Sync 1 DAGs
[2026-05-23T16:32:55.404+0000] {logging_mixin.py:190} INFO - [2026-05-23T16:32:55.404+0000] {dag.py:4180} INFO - Setting next_dagrun for example_python_decorator to None, run_after=None
[2026-05-23T16:32:55.420+0000] {processor.py:208} INFO - Processing /home/airflow/.local/lib/python3.12/site-packages/airflow/example_dags/example_python_decorator.py took 0.089 seconds
[2026-05-23T16:33:25.983+0000] {processor.py:186} INFO - Started process (PID=3027) to work on /home/airflow/.local/lib/python3.12/site-packages/airflow/example_dags/example_python_decorator.py
[2026-05-23T16:33:25.983+0000] {processor.py:914} INFO - Processing file /home/airflow/.local/lib/python3.12/site-packages/airflow/example_dags/example_python_decorator.py for tasks to queue
[2026-05-23T16:33:25.985+0000] {logging_mixin.py:190} INFO - [2026-05-23T16:33:25.985+0000] {dagbag.py:588} INFO - Filling up the DagBag from /home/airflow/.local/lib/python3.12/site-packages/airflow/example_dags/example_python_decorator.py
[2026-05-23T16:33:25.996+0000] {processor.py:925} INFO - DAG(s) 'example_python_decorator' retrieved from /home/airflow/.local/lib/python3.12/site-packages/airflow/example_dags/example_python_decorator.py
[2026-05-23T16:33:26.013+0000] {logging_mixin.py:190} INFO - [2026-05-23T16:33:26.013+0000] {dag.py:3239} INFO - Sync 1 DAGs
[2026-05-23T16:33:26.027+0000] {logging_mixin.py:190} INFO - [2026-05-23T16:33:26.026+0000] {dag.py:4180} INFO - Setting next_dagrun for example_python_decorator to None, run_after=None
[2026-05-23T16:33:26.040+0000] {processor.py:208} INFO - Processing /home/airflow/.local/lib/python3.12/site-packages/airflow/example_dags/example_python_decorator.py took 0.063 seconds
[2026-05-23T16:33:56.828+0000] {processor.py:186} INFO - Started process (PID=3091) to work on /home/airflow/.local/lib/python3.12/site-packages/airflow/example_dags/example_python_decorator.py
[2026-05-23T16:33:56.828+0000] {processor.py:914} INFO - Processing file /home/airflow/.local/lib/python3.12/site-packages/airflow/example_dags/example_python_decorator.py for tasks to queue
[2026-05-23T16:33:56.830+0000] {logging_mixin.py:190} INFO - [2026-05-23T16:33:56.829+0000] {dagbag.py:588} INFO - Filling up the DagBag from /home/airflow/.local/lib/python3.12/site-packages/airflow/example_dags/example_python_decorator.py
[2026-05-23T16:33:56.841+0000] {processor.py:925} INFO - DAG(s) 'example_python_decorator' retrieved from /home/airflow/.local/lib/python3.12/site-packages/airflow/example_dags/example_python_decorator.py
[2026-05-23T16:33:56.862+0000] {logging_mixin.py:190} INFO - [2026-05-23T16:33:56.862+0000] {dag.py:3239} INFO - Sync 1 DAGs
[2026-05-23T16:33:56.874+0000] {logging_mixin.py:190} INFO - [2026-05-23T16:33:56.874+0000] {dag.py:4180} INFO - Setting next_dagrun for example_python_decorator to None, run_after=None
[2026-05-23T16:33:56.893+0000] {processor.py:208} INFO - Processing /home/airflow/.local/lib/python3.12/site-packages/airflow/example_dags/example_python_decorator.py took 0.070 seconds
[2026-05-23T16:34:27.317+0000] {processor.py:186} INFO - Started process (PID=3155) to work on /home/airflow/.local/lib/python3.12/site-packages/airflow/example_dags/example_python_decorator.py
[2026-05-23T16:34:27.317+0000] {processor.py:914} INFO - Processing file /home/airflow/.local/lib/python3.12/site-packages/airflow/example_dags/example_python_decorator.py for tasks to queue
[2026-05-23T16:34:27.319+0000] {logging_mixin.py:190} INFO - [2026-05-23T16:34:27.319+0000] {dagbag.py:588} INFO - Filling up the DagBag from /home/airflow/.local/lib/python3.12/site-packages/airflow/example_dags/example_python_decorator.py
[2026-05-23T16:34:27.332+0000] {processor.py:925} INFO - DAG(s) 'example_python_decorator' retrieved from /home/airflow/.local/lib/python3.12/site-packages/airflow/example_dags/example_python_decorator.py
[2026-05-23T16:34:27.348+0000] {logging_mixin.py:190} INFO - [2026-05-23T16:34:27.348+0000] {dag.py:3239} INFO - Sync 1 DAGs
[2026-05-23T16:34:27.359+0000] {logging_mixin.py:190} INFO - [2026-05-23T16:34:27.359+0000] {dag.py:4180} INFO - Setting next_dagrun for example_python_decorator to None, run_after=None
[2026-05-23T16:34:27.372+0000] {processor.py:208} INFO - Processing /home/airflow/.local/lib/python3.12/site-packages/airflow/example_dags/example_python_decorator.py took 0.059 seconds
[2026-05-23T16:34:58.825+0000] {processor.py:186} INFO - Started process (PID=3220) to work on /home/airflow/.local/lib/python3.12/site-packages/airflow/example_dags/example_python_decorator.py
[2026-05-23T16:34:58.826+0000] {processor.py:914} INFO - Processing file /home/airflow/.local/lib/python3.12/site-packages/airflow/example_dags/example_python_decorator.py for tasks to queue
[2026-05-23T16:34:58.827+0000] {logging_mixin.py:190} INFO - [2026-05-23T16:34:58.827+0000] {dagbag.py:588} INFO - Filling up the DagBag from /home/airflow/.local/lib/python3.12/site-packages/airflow/example_dags/example_python_decorator.py
[2026-05-23T16:34:58.838+0000] {processor.py:925} INFO - DAG(s) 'example_python_decorator' retrieved from /home/airflow/.local/lib/python3.12/site-packages/airflow/example_dags/example_python_decorator.py
[2026-05-23T16:34:58.855+0000] {logging_mixin.py:190} INFO - [2026-05-23T16:34:58.855+0000] {dag.py:3239} INFO - Sync 1 DAGs
[2026-05-23T16:34:58.866+0000] {logging_mixin.py:190} INFO - [2026-05-23T16:34:58.866+0000] {dag.py:4180} INFO - Setting next_dagrun for example_python_decorator to None, run_after=None
[2026-05-23T16:34:58.879+0000] {processor.py:208} INFO - Processing /home/airflow/.local/lib/python3.12/site-packages/airflow/example_dags/example_python_decorator.py took 0.058 seconds
[2026-05-23T16:35:29.775+0000] {processor.py:186} INFO - Started process (PID=3285) to work on /home/airflow/.local/lib/python3.12/site-packages/airflow/example_dags/example_python_decorator.py
[2026-05-23T16:35:29.776+0000] {processor.py:914} INFO - Processing file /home/airflow/.local/lib/python3.12/site-packages/airflow/example_dags/example_python_decorator.py for tasks to queue
[2026-05-23T16:35:29.778+0000] {logging_mixin.py:190} INFO - [2026-05-23T16:35:29.778+0000] {dagbag.py:588} INFO - Filling up the DagBag from /home/airflow/.local/lib/python3.12/site-packages/airflow/example_dags/example_python_decorator.py
[2026-05-23T16:35:29.791+0000] {processor.py:925} INFO - DAG(s) 'example_python_decorator' retrieved from /home/airflow/.local/lib/python3.12/site-packages/airflow/example_dags/example_python_decorator.py
[2026-05-23T16:35:29.810+0000] {logging_mixin.py:190} INFO - [2026-05-23T16:35:29.809+0000] {dag.py:3239} INFO - Sync 1 DAGs
[2026-05-23T16:35:29.826+0000] {logging_mixin.py:190} INFO - [2026-05-23T16:35:29.826+0000] {dag.py:4180} INFO - Setting next_dagrun for example_python_decorator to None, run_after=None
[2026-05-23T16:35:29.842+0000] {processor.py:208} INFO - Processing /home/airflow/.local/lib/python3.12/site-packages/airflow/example_dags/example_python_decorator.py took 0.072 seconds
[2026-05-23T16:36:00.876+0000] {processor.py:186} INFO - Started process (PID=3350) to work on /home/airflow/.local/lib/python3.12/site-packages/airflow/example_dags/example_python_decorator.py
[2026-05-23T16:36:00.877+0000] {processor.py:914} INFO - Processing file /home/airflow/.local/lib/python3.12/site-packages/airflow/example_dags/example_python_decorator.py for tasks to queue
[2026-05-23T16:36:00.879+0000] {logging_mixin.py:190} INFO - [2026-05-23T16:36:00.879+0000] {dagbag.py:588} INFO - Filling up the DagBag from /home/airflow/.local/lib/python3.12/site-packages/airflow/example_dags/example_python_decorator.py
[2026-05-23T16:36:00.896+0000] {processor.py:925} INFO - DAG(s) 'example_python_decorator' retrieved from /home/airflow/.local/lib/python3.12/site-packages/airflow/example_dags/example_python_decorator.py
[2026-05-23T16:36:00.922+0000] {logging_mixin.py:190} INFO - [2026-05-23T16:36:00.922+0000] {dag.py:3239} INFO - Sync 1 DAGs
[2026-05-23T16:36:00.945+0000] {logging_mixin.py:190} INFO - [2026-05-23T16:36:00.945+0000] {dag.py:4180} INFO - Setting next_dagrun for example_python_decorator to None, run_after=None
[2026-05-23T16:36:00.963+0000] {processor.py:208} INFO - Processing /home/airflow/.local/lib/python3.12/site-packages/airflow/example_dags/example_python_decorator.py took 0.094 seconds
[2026-05-23T16:36:32.219+0000] {processor.py:186} INFO - Started process (PID=3415) to work on /home/airflow/.local/lib/python3.12/site-packages/airflow/example_dags/example_python_decorator.py
[2026-05-23T16:36:32.220+0000] {processor.py:914} INFO - Processing file /home/airflow/.local/lib/python3.12/site-packages/airflow/example_dags/example_python_decorator.py for tasks to queue
[2026-05-23T16:36:32.221+0000] {logging_mixin.py:190} INFO - [2026-05-23T16:36:32.221+0000] {dagbag.py:588} INFO - Filling up the DagBag from /home/airflow/.local/lib/python3.12/site-packages/airflow/example_dags/example_python_decorator.py
[2026-05-23T16:36:32.233+0000] {processor.py:925} INFO - DAG(s) 'example_python_decorator' retrieved from /home/airflow/.local/lib/python3.12/site-packages/airflow/example_dags/example_python_decorator.py
[2026-05-23T16:36:32.253+0000] {logging_mixin.py:190} INFO - [2026-05-23T16:36:32.252+0000] {dag.py:3239} INFO - Sync 1 DAGs
[2026-05-23T16:36:32.268+0000] {logging_mixin.py:190} INFO - [2026-05-23T16:36:32.268+0000] {dag.py:4180} INFO - Setting next_dagrun for example_python_decorator to None, run_after=None
[2026-05-23T16:36:32.288+0000] {processor.py:208} INFO - Processing /home/airflow/.local/lib/python3.12/site-packages/airflow/example_dags/example_python_decorator.py took 0.074 seconds
[2026-05-23T16:37:03.204+0000] {processor.py:186} INFO - Started process (PID=3480) to work on /home/airflow/.local/lib/python3.12/site-packages/airflow/example_dags/example_python_decorator.py
[2026-05-23T16:37:03.204+0000] {processor.py:914} INFO - Processing file /home/airflow/.local/lib/python3.12/site-packages/airflow/example_dags/example_python_decorator.py for tasks to queue
[2026-05-23T16:37:03.206+0000] {logging_mixin.py:190} INFO - [2026-05-23T16:37:03.206+0000] {dagbag.py:588} INFO - Filling up the DagBag from /home/airflow/.local/lib/python3.12/site-packages/airflow/example_dags/example_python_decorator.py
[2026-05-23T16:37:03.217+0000] {processor.py:925} INFO - DAG(s) 'example_python_decorator' retrieved from /home/airflow/.local/lib/python3.12/site-packages/airflow/example_dags/example_python_decorator.py
[2026-05-23T16:37:03.235+0000] {logging_mixin.py:190} INFO - [2026-05-23T16:37:03.235+0000] {dag.py:3239} INFO - Sync 1 DAGs
[2026-05-23T16:37:03.252+0000] {logging_mixin.py:190} INFO - [2026-05-23T16:37:03.252+0000] {dag.py:4180} INFO - Setting next_dagrun for example_python_decorator to None, run_after=None
[2026-05-23T16:37:03.270+0000] {processor.py:208} INFO - Processing /home/airflow/.local/lib/python3.12/site-packages/airflow/example_dags/example_python_decorator.py took 0.072 seconds
[2026-05-23T16:37:33.992+0000] {processor.py:186} INFO - Started process (PID=3545) to work on /home/airflow/.local/lib/python3.12/site-packages/airflow/example_dags/example_python_decorator.py
[2026-05-23T16:37:33.992+0000] {processor.py:914} INFO - Processing file /home/airflow/.local/lib/python3.12/site-packages/airflow/example_dags/example_python_decorator.py for tasks to queue
[2026-05-23T16:37:33.994+0000] {logging_mixin.py:190} INFO - [2026-05-23T16:37:33.993+0000] {dagbag.py:588} INFO - Filling up the DagBag from /home/airflow/.local/lib/python3.12/site-packages/airflow/example_dags/example_python_decorator.py
[2026-05-23T16:37:34.005+0000] {processor.py:925} INFO - DAG(s) 'example_python_decorator' retrieved from /home/airflow/.local/lib/python3.12/site-packages/airflow/example_dags/example_python_decorator.py
[2026-05-23T16:37:34.026+0000] {logging_mixin.py:190} INFO - [2026-05-23T16:37:34.025+0000] {dag.py:3239} INFO - Sync 1 DAGs
[2026-05-23T16:37:34.037+0000] {logging_mixin.py:190} INFO - [2026-05-23T16:37:34.037+0000] {dag.py:4180} INFO - Setting next_dagrun for example_python_decorator to None, run_after=None
[2026-05-23T16:37:34.052+0000] {processor.py:208} INFO - Processing /home/airflow/.local/lib/python3.12/site-packages/airflow/example_dags/example_python_decorator.py took 0.065 seconds
[2026-05-23T16:38:05.195+0000] {processor.py:186} INFO - Started process (PID=3610) to work on /home/airflow/.local/lib/python3.12/site-packages/airflow/example_dags/example_python_decorator.py
[2026-05-23T16:38:05.196+0000] {processor.py:914} INFO - Processing file /home/airflow/.local/lib/python3.12/site-packages/airflow/example_dags/example_python_decorator.py for tasks to queue
[2026-05-23T16:38:05.197+0000] {logging_mixin.py:190} INFO - [2026-05-23T16:38:05.197+0000] {dagbag.py:588} INFO - Filling up the DagBag from /home/airflow/.local/lib/python3.12/site-packages/airflow/example_dags/example_python_decorator.py
[2026-05-23T16:38:05.208+0000] {processor.py:925} INFO - DAG(s) 'example_python_decorator' retrieved from /home/airflow/.local/lib/python3.12/site-packages/airflow/example_dags/example_python_decorator.py
[2026-05-23T16:38:05.225+0000] {logging_mixin.py:190} INFO - [2026-05-23T16:38:05.225+0000] {dag.py:3239} INFO - Sync 1 DAGs
[2026-05-23T16:38:05.236+0000] {logging_mixin.py:190} INFO - [2026-05-23T16:38:05.235+0000] {dag.py:4180} INFO - Setting next_dagrun for example_python_decorator to None, run_after=None
[2026-05-23T16:38:05.248+0000] {processor.py:208} INFO - Processing /home/airflow/.local/lib/python3.12/site-packages/airflow/example_dags/example_python_decorator.py took 0.057 seconds
[2026-05-23T16:38:36.678+0000] {processor.py:186} INFO - Started process (PID=3676) to work on /home/airflow/.local/lib/python3.12/site-packages/airflow/example_dags/example_python_decorator.py
[2026-05-23T16:38:36.678+0000] {processor.py:914} INFO - Processing file /home/airflow/.local/lib/python3.12/site-packages/airflow/example_dags/example_python_decorator.py for tasks to queue
[2026-05-23T16:38:36.680+0000] {logging_mixin.py:190} INFO - [2026-05-23T16:38:36.680+0000] {dagbag.py:588} INFO - Filling up the DagBag from /home/airflow/.local/lib/python3.12/site-packages/airflow/example_dags/example_python_decorator.py
[2026-05-23T16:38:36.698+0000] {processor.py:925} INFO - DAG(s) 'example_python_decorator' retrieved from /home/airflow/.local/lib/python3.12/site-packages/airflow/example_dags/example_python_decorator.py
[2026-05-23T16:38:36.720+0000] {logging_mixin.py:190} INFO - [2026-05-23T16:38:36.719+0000] {dag.py:3239} INFO - Sync 1 DAGs
[2026-05-23T16:38:36.737+0000] {logging_mixin.py:190} INFO - [2026-05-23T16:38:36.736+0000] {dag.py:4180} INFO - Setting next_dagrun for example_python_decorator to None, run_after=None
[2026-05-23T16:38:36.753+0000] {processor.py:208} INFO - Processing /home/airflow/.local/lib/python3.12/site-packages/airflow/example_dags/example_python_decorator.py took 0.085 seconds
[2026-05-23T16:39:07.169+0000] {processor.py:186} INFO - Started process (PID=3740) to work on /home/airflow/.local/lib/python3.12/site-packages/airflow/example_dags/example_python_decorator.py
[2026-05-23T16:39:07.170+0000] {processor.py:914} INFO - Processing file /home/airflow/.local/lib/python3.12/site-packages/airflow/example_dags/example_python_decorator.py for tasks to queue
[2026-05-23T16:39:07.172+0000] {logging_mixin.py:190} INFO - [2026-05-23T16:39:07.172+0000] {dagbag.py:588} INFO - Filling up the DagBag from /home/airflow/.local/lib/python3.12/site-packages/airflow/example_dags/example_python_decorator.py
[2026-05-23T16:39:07.190+0000] {processor.py:925} INFO - DAG(s) 'example_python_decorator' retrieved from /home/airflow/.local/lib/python3.12/site-packages/airflow/example_dags/example_python_decorator.py
[2026-05-23T16:39:07.211+0000] {logging_mixin.py:190} INFO - [2026-05-23T16:39:07.211+0000] {dag.py:3239} INFO - Sync 1 DAGs
[2026-05-23T16:39:07.226+0000] {logging_mixin.py:190} INFO - [2026-05-23T16:39:07.226+0000] {dag.py:4180} INFO - Setting next_dagrun for example_python_decorator to None, run_after=None
[2026-05-23T16:39:07.244+0000] {processor.py:208} INFO - Processing /home/airflow/.local/lib/python3.12/site-packages/airflow/example_dags/example_python_decorator.py took 0.087 seconds
[2026-05-23T16:39:38.057+0000] {processor.py:186} INFO - Started process (PID=3805) to work on /home/airflow/.local/lib/python3.12/site-packages/airflow/example_dags/example_python_decorator.py
[2026-05-23T16:39:38.058+0000] {processor.py:914} INFO - Processing file /home/airflow/.local/lib/python3.12/site-packages/airflow/example_dags/example_python_decorator.py for tasks to queue
[2026-05-23T16:39:38.059+0000] {logging_mixin.py:190} INFO - [2026-05-23T16:39:38.059+0000] {dagbag.py:588} INFO - Filling up the DagBag from /home/airflow/.local/lib/python3.12/site-packages/airflow/example_dags/example_python_decorator.py
[2026-05-23T16:39:38.070+0000] {processor.py:925} INFO - DAG(s) 'example_python_decorator' retrieved from /home/airflow/.local/lib/python3.12/site-packages/airflow/example_dags/example_python_decorator.py
[2026-05-23T16:39:38.091+0000] {logging_mixin.py:190} INFO - [2026-05-23T16:39:38.090+0000] {dag.py:3239} INFO - Sync 1 DAGs
[2026-05-23T16:39:38.103+0000] {logging_mixin.py:190} INFO - [2026-05-23T16:39:38.103+0000] {dag.py:4180} INFO - Setting next_dagrun for example_python_decorator to None, run_after=None
[2026-05-23T16:39:38.117+0000] {processor.py:208} INFO - Processing /home/airflow/.local/lib/python3.12/site-packages/airflow/example_dags/example_python_decorator.py took 0.064 seconds
[2026-05-23T16:40:08.972+0000] {processor.py:186} INFO - Started process (PID=3870) to work on /home/airflow/.local/lib/python3.12/site-packages/airflow/example_dags/example_python_decorator.py
[2026-05-23T16:40:08.972+0000] {processor.py:914} INFO - Processing file /home/airflow/.local/lib/python3.12/site-packages/airflow/example_dags/example_python_decorator.py for tasks to queue
[2026-05-23T16:40:08.973+0000] {logging_mixin.py:190} INFO - [2026-05-23T16:40:08.973+0000] {dagbag.py:588} INFO - Filling up the DagBag from /home/airflow/.local/lib/python3.12/site-packages/airflow/example_dags/example_python_decorator.py
[2026-05-23T16:40:08.987+0000] {processor.py:925} INFO - DAG(s) 'example_python_decorator' retrieved from /home/airflow/.local/lib/python3.12/site-packages/airflow/example_dags/example_python_decorator.py
[2026-05-23T16:40:09.007+0000] {logging_mixin.py:190} INFO - [2026-05-23T16:40:09.007+0000] {dag.py:3239} INFO - Sync 1 DAGs
[2026-05-23T16:40:09.021+0000] {logging_mixin.py:190} INFO - [2026-05-23T16:40:09.020+0000] {dag.py:4180} INFO - Setting next_dagrun for example_python_decorator to None, run_after=None
[2026-05-23T16:40:09.035+0000] {processor.py:208} INFO - Processing /home/airflow/.local/lib/python3.12/site-packages/airflow/example_dags/example_python_decorator.py took 0.067 seconds
[2026-05-23T16:40:39.918+0000] {processor.py:186} INFO - Started process (PID=3935) to work on /home/airflow/.local/lib/python3.12/site-packages/airflow/example_dags/example_python_decorator.py
[2026-05-23T16:40:39.918+0000] {processor.py:914} INFO - Processing file /home/airflow/.local/lib/python3.12/site-packages/airflow/example_dags/example_python_decorator.py for tasks to queue
[2026-05-23T16:40:39.920+0000] {logging_mixin.py:190} INFO - [2026-05-23T16:40:39.919+0000] {dagbag.py:588} INFO - Filling up the DagBag from /home/airflow/.local/lib/python3.12/site-packages/airflow/example_dags/example_python_decorator.py
[2026-05-23T16:40:39.931+0000] {processor.py:925} INFO - DAG(s) 'example_python_decorator' retrieved from /home/airflow/.local/lib/python3.12/site-packages/airflow/example_dags/example_python_decorator.py
[2026-05-23T16:40:39.947+0000] {logging_mixin.py:190} INFO - [2026-05-23T16:40:39.947+0000] {dag.py:3239} INFO - Sync 1 DAGs
[2026-05-23T16:40:39.958+0000] {logging_mixin.py:190} INFO - [2026-05-23T16:40:39.958+0000] {dag.py:4180} INFO - Setting next_dagrun for example_python_decorator to None, run_after=None
[2026-05-23T16:40:39.971+0000] {processor.py:208} INFO - Processing /home/airflow/.local/lib/python3.12/site-packages/airflow/example_dags/example_python_decorator.py took 0.058 seconds
[2026-05-23T16:41:10.812+0000] {processor.py:186} INFO - Started process (PID=4000) to work on /home/airflow/.local/lib/python3.12/site-packages/airflow/example_dags/example_python_decorator.py
[2026-05-23T16:41:10.813+0000] {processor.py:914} INFO - Processing file /home/airflow/.local/lib/python3.12/site-packages/airflow/example_dags/example_python_decorator.py for tasks to queue
[2026-05-23T16:41:10.815+0000] {logging_mixin.py:190} INFO - [2026-05-23T16:41:10.814+0000] {dagbag.py:588} INFO - Filling up the DagBag from /home/airflow/.local/lib/python3.12/site-packages/airflow/example_dags/example_python_decorator.py
[2026-05-23T16:41:10.826+0000] {processor.py:925} INFO - DAG(s) 'example_python_decorator' retrieved from /home/airflow/.local/lib/python3.12/site-packages/airflow/example_dags/example_python_decorator.py
[2026-05-23T16:41:10.843+0000] {logging_mixin.py:190} INFO - [2026-05-23T16:41:10.843+0000] {dag.py:3239} INFO - Sync 1 DAGs
[2026-05-23T16:41:10.855+0000] {logging_mixin.py:190} INFO - [2026-05-23T16:41:10.855+0000] {dag.py:4180} INFO - Setting next_dagrun for example_python_decorator to None, run_after=None
[2026-05-23T16:41:11.063+0000] {processor.py:208} INFO - Processing /home/airflow/.local/lib/python3.12/site-packages/airflow/example_dags/example_python_decorator.py took 0.255 seconds
[2026-05-23T16:41:41.872+0000] {processor.py:186} INFO - Started process (PID=4065) to work on /home/airflow/.local/lib/python3.12/site-packages/airflow/example_dags/example_python_decorator.py
[2026-05-23T16:41:41.873+0000] {processor.py:914} INFO - Processing file /home/airflow/.local/lib/python3.12/site-packages/airflow/example_dags/example_python_decorator.py for tasks to queue
[2026-05-23T16:41:41.875+0000] {logging_mixin.py:190} INFO - [2026-05-23T16:41:41.874+0000] {dagbag.py:588} INFO - Filling up the DagBag from /home/airflow/.local/lib/python3.12/site-packages/airflow/example_dags/example_python_decorator.py
[2026-05-23T16:41:41.886+0000] {processor.py:925} INFO - DAG(s) 'example_python_decorator' retrieved from /home/airflow/.local/lib/python3.12/site-packages/airflow/example_dags/example_python_decorator.py
[2026-05-23T16:41:41.902+0000] {logging_mixin.py:190} INFO - [2026-05-23T16:41:41.902+0000] {dag.py:3239} INFO - Sync 1 DAGs
[2026-05-23T16:41:41.913+0000] {logging_mixin.py:190} INFO - [2026-05-23T16:41:41.913+0000] {dag.py:4180} INFO - Setting next_dagrun for example_python_decorator to None, run_after=None
[2026-05-23T16:41:41.925+0000] {processor.py:208} INFO - Processing /home/airflow/.local/lib/python3.12/site-packages/airflow/example_dags/example_python_decorator.py took 0.057 seconds
[2026-05-23T16:42:12.793+0000] {processor.py:186} INFO - Started process (PID=4130) to work on /home/airflow/.local/lib/python3.12/site-packages/airflow/example_dags/example_python_decorator.py
[2026-05-23T16:42:12.794+0000] {processor.py:914} INFO - Processing file /home/airflow/.local/lib/python3.12/site-packages/airflow/example_dags/example_python_decorator.py for tasks to queue
[2026-05-23T16:42:12.795+0000] {logging_mixin.py:190} INFO - [2026-05-23T16:42:12.795+0000] {dagbag.py:588} INFO - Filling up the DagBag from /home/airflow/.local/lib/python3.12/site-packages/airflow/example_dags/example_python_decorator.py
[2026-05-23T16:42:12.807+0000] {processor.py:925} INFO - DAG(s) 'example_python_decorator' retrieved from /home/airflow/.local/lib/python3.12/site-packages/airflow/example_dags/example_python_decorator.py
[2026-05-23T16:42:12.829+0000] {logging_mixin.py:190} INFO - [2026-05-23T16:42:12.829+0000] {dag.py:3239} INFO - Sync 1 DAGs
[2026-05-23T16:42:12.846+0000] {logging_mixin.py:190} INFO - [2026-05-23T16:42:12.846+0000] {dag.py:4180} INFO - Setting next_dagrun for example_python_decorator to None, run_after=None
[2026-05-23T16:42:12.864+0000] {processor.py:208} INFO - Processing /home/airflow/.local/lib/python3.12/site-packages/airflow/example_dags/example_python_decorator.py took 0.075 seconds
[2026-05-23T16:42:43.610+0000] {processor.py:186} INFO - Started process (PID=4195) to work on /home/airflow/.local/lib/python3.12/site-packages/airflow/example_dags/example_python_decorator.py
[2026-05-23T16:42:43.611+0000] {processor.py:914} INFO - Processing file /home/airflow/.local/lib/python3.12/site-packages/airflow/example_dags/example_python_decorator.py for tasks to queue
[2026-05-23T16:42:43.613+0000] {logging_mixin.py:190} INFO - [2026-05-23T16:42:43.612+0000] {dagbag.py:588} INFO - Filling up the DagBag from /home/airflow/.local/lib/python3.12/site-packages/airflow/example_dags/example_python_decorator.py
[2026-05-23T16:42:43.627+0000] {processor.py:925} INFO - DAG(s) 'example_python_decorator' retrieved from /home/airflow/.local/lib/python3.12/site-packages/airflow/example_dags/example_python_decorator.py
[2026-05-23T16:42:43.648+0000] {logging_mixin.py:190} INFO - [2026-05-23T16:42:43.647+0000] {dag.py:3239} INFO - Sync 1 DAGs
[2026-05-23T16:42:43.662+0000] {logging_mixin.py:190} INFO - [2026-05-23T16:42:43.661+0000] {dag.py:4180} INFO - Setting next_dagrun for example_python_decorator to None, run_after=None
[2026-05-23T16:42:43.678+0000] {processor.py:208} INFO - Processing /home/airflow/.local/lib/python3.12/site-packages/airflow/example_dags/example_python_decorator.py took 0.072 seconds
[2026-05-23T16:43:15.021+0000] {processor.py:186} INFO - Started process (PID=4260) to work on /home/airflow/.local/lib/python3.12/site-packages/airflow/example_dags/example_python_decorator.py
[2026-05-23T16:43:15.022+0000] {processor.py:914} INFO - Processing file /home/airflow/.local/lib/python3.12/site-packages/airflow/example_dags/example_python_decorator.py for tasks to queue
[2026-05-23T16:43:15.023+0000] {logging_mixin.py:190} INFO - [2026-05-23T16:43:15.023+0000] {dagbag.py:588} INFO - Filling up the DagBag from /home/airflow/.local/lib/python3.12/site-packages/airflow/example_dags/example_python_decorator.py
[2026-05-23T16:43:15.034+0000] {processor.py:925} INFO - DAG(s) 'example_python_decorator' retrieved from /home/airflow/.local/lib/python3.12/site-packages/airflow/example_dags/example_python_decorator.py
[2026-05-23T16:43:15.054+0000] {logging_mixin.py:190} INFO - [2026-05-23T16:43:15.054+0000] {dag.py:3239} INFO - Sync 1 DAGs
[2026-05-23T16:43:15.069+0000] {logging_mixin.py:190} INFO - [2026-05-23T16:43:15.069+0000] {dag.py:4180} INFO - Setting next_dagrun for example_python_decorator to None, run_after=None
[2026-05-23T16:43:15.091+0000] {processor.py:208} INFO - Processing /home/airflow/.local/lib/python3.12/site-packages/airflow/example_dags/example_python_decorator.py took 0.075 seconds
[2026-05-23T16:43:46.194+0000] {processor.py:186} INFO - Started process (PID=4324) to work on /home/airflow/.local/lib/python3.12/site-packages/airflow/example_dags/example_python_decorator.py
[2026-05-23T16:43:46.194+0000] {processor.py:914} INFO - Processing file /home/airflow/.local/lib/python3.12/site-packages/airflow/example_dags/example_python_decorator.py for tasks to queue
[2026-05-23T16:43:46.196+0000] {logging_mixin.py:190} INFO - [2026-05-23T16:43:46.196+0000] {dagbag.py:588} INFO - Filling up the DagBag from /home/airflow/.local/lib/python3.12/site-packages/airflow/example_dags/example_python_decorator.py
[2026-05-23T16:43:46.208+0000] {processor.py:925} INFO - DAG(s) 'example_python_decorator' retrieved from /home/airflow/.local/lib/python3.12/site-packages/airflow/example_dags/example_python_decorator.py
[2026-05-23T16:43:46.351+0000] {logging_mixin.py:190} INFO - [2026-05-23T16:43:46.350+0000] {dag.py:3239} INFO - Sync 1 DAGs
[2026-05-23T16:43:46.360+0000] {logging_mixin.py:190} INFO - [2026-05-23T16:43:46.360+0000] {dag.py:4180} INFO - Setting next_dagrun for example_python_decorator to None, run_after=None
[2026-05-23T16:43:46.372+0000] {processor.py:208} INFO - Processing /home/airflow/.local/lib/python3.12/site-packages/airflow/example_dags/example_python_decorator.py took 0.183 seconds
[2026-05-23T16:44:16.867+0000] {processor.py:186} INFO - Started process (PID=4389) to work on /home/airflow/.local/lib/python3.12/site-packages/airflow/example_dags/example_python_decorator.py
[2026-05-23T16:44:16.869+0000] {processor.py:914} INFO - Processing file /home/airflow/.local/lib/python3.12/site-packages/airflow/example_dags/example_python_decorator.py for tasks to queue
[2026-05-23T16:44:16.872+0000] {logging_mixin.py:190} INFO - [2026-05-23T16:44:16.871+0000] {dagbag.py:588} INFO - Filling up the DagBag from /home/airflow/.local/lib/python3.12/site-packages/airflow/example_dags/example_python_decorator.py
[2026-05-23T16:44:16.888+0000] {processor.py:925} INFO - DAG(s) 'example_python_decorator' retrieved from /home/airflow/.local/lib/python3.12/site-packages/airflow/example_dags/example_python_decorator.py
[2026-05-23T16:44:16.909+0000] {logging_mixin.py:190} INFO - [2026-05-23T16:44:16.908+0000] {dag.py:3239} INFO - Sync 1 DAGs
[2026-05-23T16:44:16.922+0000] {logging_mixin.py:190} INFO - [2026-05-23T16:44:16.921+0000] {dag.py:4180} INFO - Setting next_dagrun for example_python_decorator to None, run_after=None
[2026-05-23T16:44:16.936+0000] {processor.py:208} INFO - Processing /home/airflow/.local/lib/python3.12/site-packages/airflow/example_dags/example_python_decorator.py took 0.077 seconds
[2026-05-23T16:49:29.917+0000] {processor.py:186} INFO - Started process (PID=96) to work on /home/airflow/.local/lib/python3.12/site-packages/airflow/example_dags/example_python_decorator.py
[2026-05-23T16:49:29.918+0000] {processor.py:914} INFO - Processing file /home/airflow/.local/lib/python3.12/site-packages/airflow/example_dags/example_python_decorator.py for tasks to queue
[2026-05-23T16:49:29.920+0000] {logging_mixin.py:190} INFO - [2026-05-23T16:49:29.920+0000] {dagbag.py:588} INFO - Filling up the DagBag from /home/airflow/.local/lib/python3.12/site-packages/airflow/example_dags/example_python_decorator.py
[2026-05-23T16:49:29.938+0000] {processor.py:925} INFO - DAG(s) 'example_python_decorator' retrieved from /home/airflow/.local/lib/python3.12/site-packages/airflow/example_dags/example_python_decorator.py
[2026-05-23T16:49:30.098+0000] {logging_mixin.py:190} INFO - [2026-05-23T16:49:30.098+0000] {dag.py:3239} INFO - Sync 1 DAGs
[2026-05-23T16:49:30.113+0000] {logging_mixin.py:190} INFO - [2026-05-23T16:49:30.112+0000] {dag.py:4180} INFO - Setting next_dagrun for example_python_decorator to None, run_after=None
[2026-05-23T16:49:30.134+0000] {processor.py:208} INFO - Processing /home/airflow/.local/lib/python3.12/site-packages/airflow/example_dags/example_python_decorator.py took 0.227 seconds
[2026-05-23T16:50:00.458+0000] {processor.py:186} INFO - Started process (PID=161) to work on /home/airflow/.local/lib/python3.12/site-packages/airflow/example_dags/example_python_decorator.py
[2026-05-23T16:50:00.459+0000] {processor.py:914} INFO - Processing file /home/airflow/.local/lib/python3.12/site-packages/airflow/example_dags/example_python_decorator.py for tasks to queue
[2026-05-23T16:50:00.461+0000] {logging_mixin.py:190} INFO - [2026-05-23T16:50:00.460+0000] {dagbag.py:588} INFO - Filling up the DagBag from /home/airflow/.local/lib/python3.12/site-packages/airflow/example_dags/example_python_decorator.py
[2026-05-23T16:50:00.475+0000] {processor.py:925} INFO - DAG(s) 'example_python_decorator' retrieved from /home/airflow/.local/lib/python3.12/site-packages/airflow/example_dags/example_python_decorator.py
[2026-05-23T16:50:00.492+0000] {logging_mixin.py:190} INFO - [2026-05-23T16:50:00.492+0000] {dag.py:3239} INFO - Sync 1 DAGs
[2026-05-23T16:50:00.507+0000] {logging_mixin.py:190} INFO - [2026-05-23T16:50:00.507+0000] {dag.py:4180} INFO - Setting next_dagrun for example_python_decorator to None, run_after=None
[2026-05-23T16:50:00.521+0000] {processor.py:208} INFO - Processing /home/airflow/.local/lib/python3.12/site-packages/airflow/example_dags/example_python_decorator.py took 0.067 seconds
[2026-05-23T16:50:31.441+0000] {processor.py:186} INFO - Started process (PID=234) to work on /home/airflow/.local/lib/python3.12/site-packages/airflow/example_dags/example_python_decorator.py
[2026-05-23T16:50:31.441+0000] {processor.py:914} INFO - Processing file /home/airflow/.local/lib/python3.12/site-packages/airflow/example_dags/example_python_decorator.py for tasks to queue
[2026-05-23T16:50:31.443+0000] {logging_mixin.py:190} INFO - [2026-05-23T16:50:31.443+0000] {dagbag.py:588} INFO - Filling up the DagBag from /home/airflow/.local/lib/python3.12/site-packages/airflow/example_dags/example_python_decorator.py
[2026-05-23T16:50:31.455+0000] {processor.py:925} INFO - DAG(s) 'example_python_decorator' retrieved from /home/airflow/.local/lib/python3.12/site-packages/airflow/example_dags/example_python_decorator.py
[2026-05-23T16:50:31.472+0000] {logging_mixin.py:190} INFO - [2026-05-23T16:50:31.471+0000] {dag.py:3239} INFO - Sync 1 DAGs
[2026-05-23T16:50:31.487+0000] {logging_mixin.py:190} INFO - [2026-05-23T16:50:31.487+0000] {dag.py:4180} INFO - Setting next_dagrun for example_python_decorator to None, run_after=None
[2026-05-23T16:50:31.506+0000] {processor.py:208} INFO - Processing /home/airflow/.local/lib/python3.12/site-packages/airflow/example_dags/example_python_decorator.py took 0.071 seconds
[2026-05-23T16:51:02.792+0000] {processor.py:186} INFO - Started process (PID=302) to work on /home/airflow/.local/lib/python3.12/site-packages/airflow/example_dags/example_python_decorator.py
[2026-05-23T16:51:02.792+0000] {processor.py:914} INFO - Processing file /home/airflow/.local/lib/python3.12/site-packages/airflow/example_dags/example_python_decorator.py for tasks to queue
[2026-05-23T16:51:02.794+0000] {logging_mixin.py:190} INFO - [2026-05-23T16:51:02.794+0000] {dagbag.py:588} INFO - Filling up the DagBag from /home/airflow/.local/lib/python3.12/site-packages/airflow/example_dags/example_python_decorator.py
[2026-05-23T16:51:02.805+0000] {processor.py:925} INFO - DAG(s) 'example_python_decorator' retrieved from /home/airflow/.local/lib/python3.12/site-packages/airflow/example_dags/example_python_decorator.py
[2026-05-23T16:51:02.822+0000] {logging_mixin.py:190} INFO - [2026-05-23T16:51:02.821+0000] {dag.py:3239} INFO - Sync 1 DAGs
[2026-05-23T16:51:02.833+0000] {logging_mixin.py:190} INFO - [2026-05-23T16:51:02.832+0000] {dag.py:4180} INFO - Setting next_dagrun for example_python_decorator to None, run_after=None
[2026-05-23T16:51:02.846+0000] {processor.py:208} INFO - Processing /home/airflow/.local/lib/python3.12/site-packages/airflow/example_dags/example_python_decorator.py took 0.058 seconds
[2026-05-23T16:51:33.937+0000] {processor.py:186} INFO - Started process (PID=367) to work on /home/airflow/.local/lib/python3.12/site-packages/airflow/example_dags/example_python_decorator.py
[2026-05-23T16:51:33.938+0000] {processor.py:914} INFO - Processing file /home/airflow/.local/lib/python3.12/site-packages/airflow/example_dags/example_python_decorator.py for tasks to queue
[2026-05-23T16:51:33.939+0000] {logging_mixin.py:190} INFO - [2026-05-23T16:51:33.939+0000] {dagbag.py:588} INFO - Filling up the DagBag from /home/airflow/.local/lib/python3.12/site-packages/airflow/example_dags/example_python_decorator.py
[2026-05-23T16:51:33.951+0000] {processor.py:925} INFO - DAG(s) 'example_python_decorator' retrieved from /home/airflow/.local/lib/python3.12/site-packages/airflow/example_dags/example_python_decorator.py
[2026-05-23T16:51:33.975+0000] {logging_mixin.py:190} INFO - [2026-05-23T16:51:33.974+0000] {dag.py:3239} INFO - Sync 1 DAGs
[2026-05-23T16:51:33.987+0000] {logging_mixin.py:190} INFO - [2026-05-23T16:51:33.987+0000] {dag.py:4180} INFO - Setting next_dagrun for example_python_decorator to None, run_after=None
[2026-05-23T16:51:34.000+0000] {processor.py:208} INFO - Processing /home/airflow/.local/lib/python3.12/site-packages/airflow/example_dags/example_python_decorator.py took 0.068 seconds
[2026-05-23T16:52:04.992+0000] {processor.py:186} INFO - Started process (PID=432) to work on /home/airflow/.local/lib/python3.12/site-packages/airflow/example_dags/example_python_decorator.py
[2026-05-23T16:52:04.993+0000] {processor.py:914} INFO - Processing file /home/airflow/.local/lib/python3.12/site-packages/airflow/example_dags/example_python_decorator.py for tasks to queue
[2026-05-23T16:52:04.995+0000] {logging_mixin.py:190} INFO - [2026-05-23T16:52:04.994+0000] {dagbag.py:588} INFO - Filling up the DagBag from /home/airflow/.local/lib/python3.12/site-packages/airflow/example_dags/example_python_decorator.py
[2026-05-23T16:52:05.007+0000] {processor.py:925} INFO - DAG(s) 'example_python_decorator' retrieved from /home/airflow/.local/lib/python3.12/site-packages/airflow/example_dags/example_python_decorator.py
[2026-05-23T16:52:05.025+0000] {logging_mixin.py:190} INFO - [2026-05-23T16:52:05.025+0000] {dag.py:3239} INFO - Sync 1 DAGs
[2026-05-23T16:52:05.038+0000] {logging_mixin.py:190} INFO - [2026-05-23T16:52:05.038+0000] {dag.py:4180} INFO - Setting next_dagrun for example_python_decorator to None, run_after=None
[2026-05-23T16:52:05.051+0000] {processor.py:208} INFO - Processing /home/airflow/.local/lib/python3.12/site-packages/airflow/example_dags/example_python_decorator.py took 0.065 seconds
[2026-05-23T16:52:36.115+0000] {processor.py:186} INFO - Started process (PID=497) to work on /home/airflow/.local/lib/python3.12/site-packages/airflow/example_dags/example_python_decorator.py
[2026-05-23T16:52:36.116+0000] {processor.py:914} INFO - Processing file /home/airflow/.local/lib/python3.12/site-packages/airflow/example_dags/example_python_decorator.py for tasks to queue
[2026-05-23T16:52:36.117+0000] {logging_mixin.py:190} INFO - [2026-05-23T16:52:36.117+0000] {dagbag.py:588} INFO - Filling up the DagBag from /home/airflow/.local/lib/python3.12/site-packages/airflow/example_dags/example_python_decorator.py
[2026-05-23T16:52:36.129+0000] {processor.py:925} INFO - DAG(s) 'example_python_decorator' retrieved from /home/airflow/.local/lib/python3.12/site-packages/airflow/example_dags/example_python_decorator.py
[2026-05-23T16:52:36.149+0000] {logging_mixin.py:190} INFO - [2026-05-23T16:52:36.149+0000] {dag.py:3239} INFO - Sync 1 DAGs
[2026-05-23T16:52:36.161+0000] {logging_mixin.py:190} INFO - [2026-05-23T16:52:36.161+0000] {dag.py:4180} INFO - Setting next_dagrun for example_python_decorator to None, run_after=None
[2026-05-23T16:52:36.177+0000] {processor.py:208} INFO - Processing /home/airflow/.local/lib/python3.12/site-packages/airflow/example_dags/example_python_decorator.py took 0.067 seconds
[2026-05-23T16:53:07.450+0000] {processor.py:186} INFO - Started process (PID=562) to work on /home/airflow/.local/lib/python3.12/site-packages/airflow/example_dags/example_python_decorator.py
[2026-05-23T16:53:07.450+0000] {processor.py:914} INFO - Processing file /home/airflow/.local/lib/python3.12/site-packages/airflow/example_dags/example_python_decorator.py for tasks to queue
[2026-05-23T16:53:07.453+0000] {logging_mixin.py:190} INFO - [2026-05-23T16:53:07.452+0000] {dagbag.py:588} INFO - Filling up the DagBag from /home/airflow/.local/lib/python3.12/site-packages/airflow/example_dags/example_python_decorator.py
[2026-05-23T16:53:07.470+0000] {processor.py:925} INFO - DAG(s) 'example_python_decorator' retrieved from /home/airflow/.local/lib/python3.12/site-packages/airflow/example_dags/example_python_decorator.py
[2026-05-23T16:53:07.492+0000] {logging_mixin.py:190} INFO - [2026-05-23T16:53:07.492+0000] {dag.py:3239} INFO - Sync 1 DAGs
[2026-05-23T16:53:07.503+0000] {logging_mixin.py:190} INFO - [2026-05-23T16:53:07.502+0000] {dag.py:4180} INFO - Setting next_dagrun for example_python_decorator to None, run_after=None
[2026-05-23T16:53:07.515+0000] {processor.py:208} INFO - Processing /home/airflow/.local/lib/python3.12/site-packages/airflow/example_dags/example_python_decorator.py took 0.072 seconds
[2026-05-23T16:53:38.520+0000] {processor.py:186} INFO - Started process (PID=627) to work on /home/airflow/.local/lib/python3.12/site-packages/airflow/example_dags/example_python_decorator.py
[2026-05-23T16:53:38.521+0000] {processor.py:914} INFO - Processing file /home/airflow/.local/lib/python3.12/site-packages/airflow/example_dags/example_python_decorator.py for tasks to queue
[2026-05-23T16:53:38.522+0000] {logging_mixin.py:190} INFO - [2026-05-23T16:53:38.522+0000] {dagbag.py:588} INFO - Filling up the DagBag from /home/airflow/.local/lib/python3.12/site-packages/airflow/example_dags/example_python_decorator.py
[2026-05-23T16:53:38.533+0000] {processor.py:925} INFO - DAG(s) 'example_python_decorator' retrieved from /home/airflow/.local/lib/python3.12/site-packages/airflow/example_dags/example_python_decorator.py
[2026-05-23T16:53:38.550+0000] {logging_mixin.py:190} INFO - [2026-05-23T16:53:38.550+0000] {dag.py:3239} INFO - Sync 1 DAGs
[2026-05-23T16:53:38.564+0000] {logging_mixin.py:190} INFO - [2026-05-23T16:53:38.564+0000] {dag.py:4180} INFO - Setting next_dagrun for example_python_decorator to None, run_after=None
[2026-05-23T16:53:38.577+0000] {processor.py:208} INFO - Processing /home/airflow/.local/lib/python3.12/site-packages/airflow/example_dags/example_python_decorator.py took 0.061 seconds
[2026-05-23T16:54:09.619+0000] {processor.py:186} INFO - Started process (PID=692) to work on /home/airflow/.local/lib/python3.12/site-packages/airflow/example_dags/example_python_decorator.py
[2026-05-23T16:54:09.620+0000] {processor.py:914} INFO - Processing file /home/airflow/.local/lib/python3.12/site-packages/airflow/example_dags/example_python_decorator.py for tasks to queue
[2026-05-23T16:54:09.622+0000] {logging_mixin.py:190} INFO - [2026-05-23T16:54:09.622+0000] {dagbag.py:588} INFO - Filling up the DagBag from /home/airflow/.local/lib/python3.12/site-packages/airflow/example_dags/example_python_decorator.py
[2026-05-23T16:54:09.634+0000] {processor.py:925} INFO - DAG(s) 'example_python_decorator' retrieved from /home/airflow/.local/lib/python3.12/site-packages/airflow/example_dags/example_python_decorator.py
[2026-05-23T16:54:09.655+0000] {logging_mixin.py:190} INFO - [2026-05-23T16:54:09.655+0000] {dag.py:3239} INFO - Sync 1 DAGs
[2026-05-23T16:54:09.670+0000] {logging_mixin.py:190} INFO - [2026-05-23T16:54:09.669+0000] {dag.py:4180} INFO - Setting next_dagrun for example_python_decorator to None, run_after=None
[2026-05-23T16:54:09.684+0000] {processor.py:208} INFO - Processing /home/airflow/.local/lib/python3.12/site-packages/airflow/example_dags/example_python_decorator.py took 0.070 seconds
[2026-05-23T16:54:40.763+0000] {processor.py:186} INFO - Started process (PID=757) to work on /home/airflow/.local/lib/python3.12/site-packages/airflow/example_dags/example_python_decorator.py
[2026-05-23T16:54:40.764+0000] {processor.py:914} INFO - Processing file /home/airflow/.local/lib/python3.12/site-packages/airflow/example_dags/example_python_decorator.py for tasks to queue
[2026-05-23T16:54:40.765+0000] {logging_mixin.py:190} INFO - [2026-05-23T16:54:40.765+0000] {dagbag.py:588} INFO - Filling up the DagBag from /home/airflow/.local/lib/python3.12/site-packages/airflow/example_dags/example_python_decorator.py
[2026-05-23T16:54:40.778+0000] {processor.py:925} INFO - DAG(s) 'example_python_decorator' retrieved from /home/airflow/.local/lib/python3.12/site-packages/airflow/example_dags/example_python_decorator.py
[2026-05-23T16:54:40.799+0000] {logging_mixin.py:190} INFO - [2026-05-23T16:54:40.799+0000] {dag.py:3239} INFO - Sync 1 DAGs
[2026-05-23T16:54:40.812+0000] {logging_mixin.py:190} INFO - [2026-05-23T16:54:40.811+0000] {dag.py:4180} INFO - Setting next_dagrun for example_python_decorator to None, run_after=None
[2026-05-23T16:54:40.826+0000] {processor.py:208} INFO - Processing /home/airflow/.local/lib/python3.12/site-packages/airflow/example_dags/example_python_decorator.py took 0.067 seconds
[2026-05-23T16:55:11.996+0000] {processor.py:186} INFO - Started process (PID=822) to work on /home/airflow/.local/lib/python3.12/site-packages/airflow/example_dags/example_python_decorator.py
[2026-05-23T16:55:11.996+0000] {processor.py:914} INFO - Processing file /home/airflow/.local/lib/python3.12/site-packages/airflow/example_dags/example_python_decorator.py for tasks to queue
[2026-05-23T16:55:11.998+0000] {logging_mixin.py:190} INFO - [2026-05-23T16:55:11.998+0000] {dagbag.py:588} INFO - Filling up the DagBag from /home/airflow/.local/lib/python3.12/site-packages/airflow/example_dags/example_python_decorator.py
[2026-05-23T16:55:12.010+0000] {processor.py:925} INFO - DAG(s) 'example_python_decorator' retrieved from /home/airflow/.local/lib/python3.12/site-packages/airflow/example_dags/example_python_decorator.py
[2026-05-23T16:55:12.029+0000] {logging_mixin.py:190} INFO - [2026-05-23T16:55:12.029+0000] {dag.py:3239} INFO - Sync 1 DAGs
[2026-05-23T16:55:12.045+0000] {logging_mixin.py:190} INFO - [2026-05-23T16:55:12.044+0000] {dag.py:4180} INFO - Setting next_dagrun for example_python_decorator to None, run_after=None
[2026-05-23T16:55:12.060+0000] {processor.py:208} INFO - Processing /home/airflow/.local/lib/python3.12/site-packages/airflow/example_dags/example_python_decorator.py took 0.068 seconds
[2026-05-23T16:55:43.212+0000] {processor.py:186} INFO - Started process (PID=887) to work on /home/airflow/.local/lib/python3.12/site-packages/airflow/example_dags/example_python_decorator.py
[2026-05-23T16:55:43.213+0000] {processor.py:914} INFO - Processing file /home/airflow/.local/lib/python3.12/site-packages/airflow/example_dags/example_python_decorator.py for tasks to queue
[2026-05-23T16:55:43.217+0000] {logging_mixin.py:190} INFO - [2026-05-23T16:55:43.216+0000] {dagbag.py:588} INFO - Filling up the DagBag from /home/airflow/.local/lib/python3.12/site-packages/airflow/example_dags/example_python_decorator.py
[2026-05-23T16:55:43.229+0000] {processor.py:925} INFO - DAG(s) 'example_python_decorator' retrieved from /home/airflow/.local/lib/python3.12/site-packages/airflow/example_dags/example_python_decorator.py
[2026-05-23T16:55:43.249+0000] {logging_mixin.py:190} INFO - [2026-05-23T16:55:43.249+0000] {dag.py:3239} INFO - Sync 1 DAGs
[2026-05-23T16:55:43.264+0000] {logging_mixin.py:190} INFO - [2026-05-23T16:55:43.264+0000] {dag.py:4180} INFO - Setting next_dagrun for example_python_decorator to None, run_after=None
[2026-05-23T16:55:43.283+0000] {processor.py:208} INFO - Processing /home/airflow/.local/lib/python3.12/site-packages/airflow/example_dags/example_python_decorator.py took 0.078 seconds
[2026-05-23T16:56:14.379+0000] {processor.py:186} INFO - Started process (PID=952) to work on /home/airflow/.local/lib/python3.12/site-packages/airflow/example_dags/example_python_decorator.py
[2026-05-23T16:56:14.379+0000] {processor.py:914} INFO - Processing file /home/airflow/.local/lib/python3.12/site-packages/airflow/example_dags/example_python_decorator.py for tasks to queue
[2026-05-23T16:56:14.381+0000] {logging_mixin.py:190} INFO - [2026-05-23T16:56:14.381+0000] {dagbag.py:588} INFO - Filling up the DagBag from /home/airflow/.local/lib/python3.12/site-packages/airflow/example_dags/example_python_decorator.py
[2026-05-23T16:56:14.397+0000] {processor.py:925} INFO - DAG(s) 'example_python_decorator' retrieved from /home/airflow/.local/lib/python3.12/site-packages/airflow/example_dags/example_python_decorator.py
[2026-05-23T16:56:14.414+0000] {logging_mixin.py:190} INFO - [2026-05-23T16:56:14.413+0000] {dag.py:3239} INFO - Sync 1 DAGs
[2026-05-23T16:56:14.425+0000] {logging_mixin.py:190} INFO - [2026-05-23T16:56:14.424+0000] {dag.py:4180} INFO - Setting next_dagrun for example_python_decorator to None, run_after=None
[2026-05-23T16:56:14.437+0000] {processor.py:208} INFO - Processing /home/airflow/.local/lib/python3.12/site-packages/airflow/example_dags/example_python_decorator.py took 0.063 seconds
[2026-05-23T16:56:45.649+0000] {processor.py:186} INFO - Started process (PID=1017) to work on /home/airflow/.local/lib/python3.12/site-packages/airflow/example_dags/example_python_decorator.py
[2026-05-23T16:56:45.649+0000] {processor.py:914} INFO - Processing file /home/airflow/.local/lib/python3.12/site-packages/airflow/example_dags/example_python_decorator.py for tasks to queue
[2026-05-23T16:56:45.651+0000] {logging_mixin.py:190} INFO - [2026-05-23T16:56:45.651+0000] {dagbag.py:588} INFO - Filling up the DagBag from /home/airflow/.local/lib/python3.12/site-packages/airflow/example_dags/example_python_decorator.py
[2026-05-23T16:56:45.662+0000] {processor.py:925} INFO - DAG(s) 'example_python_decorator' retrieved from /home/airflow/.local/lib/python3.12/site-packages/airflow/example_dags/example_python_decorator.py
[2026-05-23T16:56:45.683+0000] {logging_mixin.py:190} INFO - [2026-05-23T16:56:45.683+0000] {dag.py:3239} INFO - Sync 1 DAGs
[2026-05-23T16:56:45.695+0000] {logging_mixin.py:190} INFO - [2026-05-23T16:56:45.695+0000] {dag.py:4180} INFO - Setting next_dagrun for example_python_decorator to None, run_after=None
[2026-05-23T16:56:45.709+0000] {processor.py:208} INFO - Processing /home/airflow/.local/lib/python3.12/site-packages/airflow/example_dags/example_python_decorator.py took 0.064 seconds
[2026-05-23T16:57:16.739+0000] {processor.py:186} INFO - Started process (PID=1082) to work on /home/airflow/.local/lib/python3.12/site-packages/airflow/example_dags/example_python_decorator.py
[2026-05-23T16:57:16.739+0000] {processor.py:914} INFO - Processing file /home/airflow/.local/lib/python3.12/site-packages/airflow/example_dags/example_python_decorator.py for tasks to queue
[2026-05-23T16:57:16.741+0000] {logging_mixin.py:190} INFO - [2026-05-23T16:57:16.741+0000] {dagbag.py:588} INFO - Filling up the DagBag from /home/airflow/.local/lib/python3.12/site-packages/airflow/example_dags/example_python_decorator.py
[2026-05-23T16:57:16.752+0000] {processor.py:925} INFO - DAG(s) 'example_python_decorator' retrieved from /home/airflow/.local/lib/python3.12/site-packages/airflow/example_dags/example_python_decorator.py
[2026-05-23T16:57:16.770+0000] {logging_mixin.py:190} INFO - [2026-05-23T16:57:16.770+0000] {dag.py:3239} INFO - Sync 1 DAGs
[2026-05-23T16:57:16.782+0000] {logging_mixin.py:190} INFO - [2026-05-23T16:57:16.782+0000] {dag.py:4180} INFO - Setting next_dagrun for example_python_decorator to None, run_after=None
[2026-05-23T16:57:16.796+0000] {processor.py:208} INFO - Processing /home/airflow/.local/lib/python3.12/site-packages/airflow/example_dags/example_python_decorator.py took 0.062 seconds
[2026-05-23T16:57:48.140+0000] {processor.py:186} INFO - Started process (PID=1147) to work on /home/airflow/.local/lib/python3.12/site-packages/airflow/example_dags/example_python_decorator.py
[2026-05-23T16:57:48.141+0000] {processor.py:914} INFO - Processing file /home/airflow/.local/lib/python3.12/site-packages/airflow/example_dags/example_python_decorator.py for tasks to queue
[2026-05-23T16:57:48.142+0000] {logging_mixin.py:190} INFO - [2026-05-23T16:57:48.142+0000] {dagbag.py:588} INFO - Filling up the DagBag from /home/airflow/.local/lib/python3.12/site-packages/airflow/example_dags/example_python_decorator.py
[2026-05-23T16:57:48.154+0000] {processor.py:925} INFO - DAG(s) 'example_python_decorator' retrieved from /home/airflow/.local/lib/python3.12/site-packages/airflow/example_dags/example_python_decorator.py
[2026-05-23T16:57:48.170+0000] {logging_mixin.py:190} INFO - [2026-05-23T16:57:48.170+0000] {dag.py:3239} INFO - Sync 1 DAGs
[2026-05-23T16:57:48.183+0000] {logging_mixin.py:190} INFO - [2026-05-23T16:57:48.183+0000] {dag.py:4180} INFO - Setting next_dagrun for example_python_decorator to None, run_after=None
[2026-05-23T16:57:48.198+0000] {processor.py:208} INFO - Processing /home/airflow/.local/lib/python3.12/site-packages/airflow/example_dags/example_python_decorator.py took 0.062 seconds
[2026-05-23T16:58:19.168+0000] {processor.py:186} INFO - Started process (PID=1212) to work on /home/airflow/.local/lib/python3.12/site-packages/airflow/example_dags/example_python_decorator.py
[2026-05-23T16:58:19.168+0000] {processor.py:914} INFO - Processing file /home/airflow/.local/lib/python3.12/site-packages/airflow/example_dags/example_python_decorator.py for tasks to queue
[2026-05-23T16:58:19.170+0000] {logging_mixin.py:190} INFO - [2026-05-23T16:58:19.170+0000] {dagbag.py:588} INFO - Filling up the DagBag from /home/airflow/.local/lib/python3.12/site-packages/airflow/example_dags/example_python_decorator.py
[2026-05-23T16:58:19.185+0000] {processor.py:925} INFO - DAG(s) 'example_python_decorator' retrieved from /home/airflow/.local/lib/python3.12/site-packages/airflow/example_dags/example_python_decorator.py
[2026-05-23T16:58:19.208+0000] {logging_mixin.py:190} INFO - [2026-05-23T16:58:19.208+0000] {dag.py:3239} INFO - Sync 1 DAGs
[2026-05-23T16:58:19.225+0000] {logging_mixin.py:190} INFO - [2026-05-23T16:58:19.225+0000] {dag.py:4180} INFO - Setting next_dagrun for example_python_decorator to None, run_after=None
[2026-05-23T16:58:19.246+0000] {processor.py:208} INFO - Processing /home/airflow/.local/lib/python3.12/site-packages/airflow/example_dags/example_python_decorator.py took 0.083 seconds
[2026-05-23T16:58:50.528+0000] {processor.py:186} INFO - Started process (PID=1278) to work on /home/airflow/.local/lib/python3.12/site-packages/airflow/example_dags/example_python_decorator.py
[2026-05-23T16:58:50.529+0000] {processor.py:914} INFO - Processing file /home/airflow/.local/lib/python3.12/site-packages/airflow/example_dags/example_python_decorator.py for tasks to queue
[2026-05-23T16:58:50.531+0000] {logging_mixin.py:190} INFO - [2026-05-23T16:58:50.531+0000] {dagbag.py:588} INFO - Filling up the DagBag from /home/airflow/.local/lib/python3.12/site-packages/airflow/example_dags/example_python_decorator.py
[2026-05-23T16:58:50.547+0000] {processor.py:925} INFO - DAG(s) 'example_python_decorator' retrieved from /home/airflow/.local/lib/python3.12/site-packages/airflow/example_dags/example_python_decorator.py
[2026-05-23T16:58:50.570+0000] {logging_mixin.py:190} INFO - [2026-05-23T16:58:50.569+0000] {dag.py:3239} INFO - Sync 1 DAGs
[2026-05-23T16:58:50.585+0000] {logging_mixin.py:190} INFO - [2026-05-23T16:58:50.585+0000] {dag.py:4180} INFO - Setting next_dagrun for example_python_decorator to None, run_after=None
[2026-05-23T16:58:50.602+0000] {processor.py:208} INFO - Processing /home/airflow/.local/lib/python3.12/site-packages/airflow/example_dags/example_python_decorator.py took 0.080 seconds
[2026-05-23T16:59:21.043+0000] {processor.py:186} INFO - Started process (PID=1343) to work on /home/airflow/.local/lib/python3.12/site-packages/airflow/example_dags/example_python_decorator.py
[2026-05-23T16:59:21.044+0000] {processor.py:914} INFO - Processing file /home/airflow/.local/lib/python3.12/site-packages/airflow/example_dags/example_python_decorator.py for tasks to queue
[2026-05-23T16:59:21.046+0000] {logging_mixin.py:190} INFO - [2026-05-23T16:59:21.046+0000] {dagbag.py:588} INFO - Filling up the DagBag from /home/airflow/.local/lib/python3.12/site-packages/airflow/example_dags/example_python_decorator.py
[2026-05-23T16:59:21.061+0000] {processor.py:925} INFO - DAG(s) 'example_python_decorator' retrieved from /home/airflow/.local/lib/python3.12/site-packages/airflow/example_dags/example_python_decorator.py
[2026-05-23T16:59:21.081+0000] {logging_mixin.py:190} INFO - [2026-05-23T16:59:21.080+0000] {dag.py:3239} INFO - Sync 1 DAGs
[2026-05-23T16:59:21.092+0000] {logging_mixin.py:190} INFO - [2026-05-23T16:59:21.091+0000] {dag.py:4180} INFO - Setting next_dagrun for example_python_decorator to None, run_after=None
[2026-05-23T16:59:21.105+0000] {processor.py:208} INFO - Processing /home/airflow/.local/lib/python3.12/site-packages/airflow/example_dags/example_python_decorator.py took 0.068 seconds
[2026-05-23T16:59:51.670+0000] {processor.py:186} INFO - Started process (PID=1407) to work on /home/airflow/.local/lib/python3.12/site-packages/airflow/example_dags/example_python_decorator.py
[2026-05-23T16:59:51.671+0000] {processor.py:914} INFO - Processing file /home/airflow/.local/lib/python3.12/site-packages/airflow/example_dags/example_python_decorator.py for tasks to queue
[2026-05-23T16:59:51.672+0000] {logging_mixin.py:190} INFO - [2026-05-23T16:59:51.672+0000] {dagbag.py:588} INFO - Filling up the DagBag from /home/airflow/.local/lib/python3.12/site-packages/airflow/example_dags/example_python_decorator.py
[2026-05-23T16:59:51.684+0000] {processor.py:925} INFO - DAG(s) 'example_python_decorator' retrieved from /home/airflow/.local/lib/python3.12/site-packages/airflow/example_dags/example_python_decorator.py
[2026-05-23T16:59:51.702+0000] {logging_mixin.py:190} INFO - [2026-05-23T16:59:51.701+0000] {dag.py:3239} INFO - Sync 1 DAGs
[2026-05-23T16:59:51.713+0000] {logging_mixin.py:190} INFO - [2026-05-23T16:59:51.713+0000] {dag.py:4180} INFO - Setting next_dagrun for example_python_decorator to None, run_after=None
[2026-05-23T16:59:51.726+0000] {processor.py:208} INFO - Processing /home/airflow/.local/lib/python3.12/site-packages/airflow/example_dags/example_python_decorator.py took 0.060 seconds
[2026-05-23T17:00:22.030+0000] {processor.py:186} INFO - Started process (PID=1471) to work on /home/airflow/.local/lib/python3.12/site-packages/airflow/example_dags/example_python_decorator.py
[2026-05-23T17:00:22.031+0000] {processor.py:914} INFO - Processing file /home/airflow/.local/lib/python3.12/site-packages/airflow/example_dags/example_python_decorator.py for tasks to queue
[2026-05-23T17:00:22.032+0000] {logging_mixin.py:190} INFO - [2026-05-23T17:00:22.032+0000] {dagbag.py:588} INFO - Filling up the DagBag from /home/airflow/.local/lib/python3.12/site-packages/airflow/example_dags/example_python_decorator.py
[2026-05-23T17:00:22.044+0000] {processor.py:925} INFO - DAG(s) 'example_python_decorator' retrieved from /home/airflow/.local/lib/python3.12/site-packages/airflow/example_dags/example_python_decorator.py
[2026-05-23T17:00:22.061+0000] {logging_mixin.py:190} INFO - [2026-05-23T17:00:22.060+0000] {dag.py:3239} INFO - Sync 1 DAGs
[2026-05-23T17:00:22.073+0000] {logging_mixin.py:190} INFO - [2026-05-23T17:00:22.073+0000] {dag.py:4180} INFO - Setting next_dagrun for example_python_decorator to None, run_after=None
[2026-05-23T17:00:22.086+0000] {processor.py:208} INFO - Processing /home/airflow/.local/lib/python3.12/site-packages/airflow/example_dags/example_python_decorator.py took 0.060 seconds
[2026-05-23T17:00:53.138+0000] {processor.py:186} INFO - Started process (PID=1536) to work on /home/airflow/.local/lib/python3.12/site-packages/airflow/example_dags/example_python_decorator.py
[2026-05-23T17:00:53.139+0000] {processor.py:914} INFO - Processing file /home/airflow/.local/lib/python3.12/site-packages/airflow/example_dags/example_python_decorator.py for tasks to queue
[2026-05-23T17:00:53.140+0000] {logging_mixin.py:190} INFO - [2026-05-23T17:00:53.140+0000] {dagbag.py:588} INFO - Filling up the DagBag from /home/airflow/.local/lib/python3.12/site-packages/airflow/example_dags/example_python_decorator.py
[2026-05-23T17:00:53.152+0000] {processor.py:925} INFO - DAG(s) 'example_python_decorator' retrieved from /home/airflow/.local/lib/python3.12/site-packages/airflow/example_dags/example_python_decorator.py
[2026-05-23T17:00:53.174+0000] {logging_mixin.py:190} INFO - [2026-05-23T17:00:53.174+0000] {dag.py:3239} INFO - Sync 1 DAGs
[2026-05-23T17:00:53.191+0000] {logging_mixin.py:190} INFO - [2026-05-23T17:00:53.191+0000] {dag.py:4180} INFO - Setting next_dagrun for example_python_decorator to None, run_after=None
[2026-05-23T17:00:53.213+0000] {processor.py:208} INFO - Processing /home/airflow/.local/lib/python3.12/site-packages/airflow/example_dags/example_python_decorator.py took 0.080 seconds
[2026-05-23T17:01:24.215+0000] {processor.py:186} INFO - Started process (PID=1601) to work on /home/airflow/.local/lib/python3.12/site-packages/airflow/example_dags/example_python_decorator.py
[2026-05-23T17:01:24.216+0000] {processor.py:914} INFO - Processing file /home/airflow/.local/lib/python3.12/site-packages/airflow/example_dags/example_python_decorator.py for tasks to queue
[2026-05-23T17:01:24.218+0000] {logging_mixin.py:190} INFO - [2026-05-23T17:01:24.217+0000] {dagbag.py:588} INFO - Filling up the DagBag from /home/airflow/.local/lib/python3.12/site-packages/airflow/example_dags/example_python_decorator.py
[2026-05-23T17:01:24.230+0000] {processor.py:925} INFO - DAG(s) 'example_python_decorator' retrieved from /home/airflow/.local/lib/python3.12/site-packages/airflow/example_dags/example_python_decorator.py
[2026-05-23T17:01:24.248+0000] {logging_mixin.py:190} INFO - [2026-05-23T17:01:24.248+0000] {dag.py:3239} INFO - Sync 1 DAGs
[2026-05-23T17:01:24.263+0000] {logging_mixin.py:190} INFO - [2026-05-23T17:01:24.263+0000] {dag.py:4180} INFO - Setting next_dagrun for example_python_decorator to None, run_after=None
[2026-05-23T17:01:24.279+0000] {processor.py:208} INFO - Processing /home/airflow/.local/lib/python3.12/site-packages/airflow/example_dags/example_python_decorator.py took 0.070 seconds
[2026-05-23T17:01:55.408+0000] {processor.py:186} INFO - Started process (PID=1666) to work on /home/airflow/.local/lib/python3.12/site-packages/airflow/example_dags/example_python_decorator.py
[2026-05-23T17:01:55.408+0000] {processor.py:914} INFO - Processing file /home/airflow/.local/lib/python3.12/site-packages/airflow/example_dags/example_python_decorator.py for tasks to queue
[2026-05-23T17:01:55.411+0000] {logging_mixin.py:190} INFO - [2026-05-23T17:01:55.410+0000] {dagbag.py:588} INFO - Filling up the DagBag from /home/airflow/.local/lib/python3.12/site-packages/airflow/example_dags/example_python_decorator.py
[2026-05-23T17:01:55.428+0000] {processor.py:925} INFO - DAG(s) 'example_python_decorator' retrieved from /home/airflow/.local/lib/python3.12/site-packages/airflow/example_dags/example_python_decorator.py
[2026-05-23T17:01:55.451+0000] {logging_mixin.py:190} INFO - [2026-05-23T17:01:55.451+0000] {dag.py:3239} INFO - Sync 1 DAGs
[2026-05-23T17:01:55.468+0000] {logging_mixin.py:190} INFO - [2026-05-23T17:01:55.467+0000] {dag.py:4180} INFO - Setting next_dagrun for example_python_decorator to None, run_after=None
[2026-05-23T17:01:55.482+0000] {processor.py:208} INFO - Processing /home/airflow/.local/lib/python3.12/site-packages/airflow/example_dags/example_python_decorator.py took 0.080 seconds
[2026-05-23T17:02:26.225+0000] {processor.py:186} INFO - Started process (PID=1731) to work on /home/airflow/.local/lib/python3.12/site-packages/airflow/example_dags/example_python_decorator.py
[2026-05-23T17:02:26.225+0000] {processor.py:914} INFO - Processing file /home/airflow/.local/lib/python3.12/site-packages/airflow/example_dags/example_python_decorator.py for tasks to queue
[2026-05-23T17:02:26.227+0000] {logging_mixin.py:190} INFO - [2026-05-23T17:02:26.227+0000] {dagbag.py:588} INFO - Filling up the DagBag from /home/airflow/.local/lib/python3.12/site-packages/airflow/example_dags/example_python_decorator.py
[2026-05-23T17:02:26.239+0000] {processor.py:925} INFO - DAG(s) 'example_python_decorator' retrieved from /home/airflow/.local/lib/python3.12/site-packages/airflow/example_dags/example_python_decorator.py
[2026-05-23T17:02:26.256+0000] {logging_mixin.py:190} INFO - [2026-05-23T17:02:26.256+0000] {dag.py:3239} INFO - Sync 1 DAGs
[2026-05-23T17:02:26.269+0000] {logging_mixin.py:190} INFO - [2026-05-23T17:02:26.269+0000] {dag.py:4180} INFO - Setting next_dagrun for example_python_decorator to None, run_after=None
[2026-05-23T17:02:26.285+0000] {processor.py:208} INFO - Processing /home/airflow/.local/lib/python3.12/site-packages/airflow/example_dags/example_python_decorator.py took 0.065 seconds
[2026-05-23T17:02:56.884+0000] {processor.py:186} INFO - Started process (PID=1796) to work on /home/airflow/.local/lib/python3.12/site-packages/airflow/example_dags/example_python_decorator.py
[2026-05-23T17:02:56.884+0000] {processor.py:914} INFO - Processing file /home/airflow/.local/lib/python3.12/site-packages/airflow/example_dags/example_python_decorator.py for tasks to queue
[2026-05-23T17:02:56.886+0000] {logging_mixin.py:190} INFO - [2026-05-23T17:02:56.886+0000] {dagbag.py:588} INFO - Filling up the DagBag from /home/airflow/.local/lib/python3.12/site-packages/airflow/example_dags/example_python_decorator.py
[2026-05-23T17:02:56.899+0000] {processor.py:925} INFO - DAG(s) 'example_python_decorator' retrieved from /home/airflow/.local/lib/python3.12/site-packages/airflow/example_dags/example_python_decorator.py
[2026-05-23T17:02:56.916+0000] {logging_mixin.py:190} INFO - [2026-05-23T17:02:56.916+0000] {dag.py:3239} INFO - Sync 1 DAGs
[2026-05-23T17:02:56.928+0000] {logging_mixin.py:190} INFO - [2026-05-23T17:02:56.927+0000] {dag.py:4180} INFO - Setting next_dagrun for example_python_decorator to None, run_after=None
[2026-05-23T17:02:56.941+0000] {processor.py:208} INFO - Processing /home/airflow/.local/lib/python3.12/site-packages/airflow/example_dags/example_python_decorator.py took 0.061 seconds
[2026-05-23T17:03:28.086+0000] {processor.py:186} INFO - Started process (PID=1862) to work on /home/airflow/.local/lib/python3.12/site-packages/airflow/example_dags/example_python_decorator.py
[2026-05-23T17:03:28.087+0000] {processor.py:914} INFO - Processing file /home/airflow/.local/lib/python3.12/site-packages/airflow/example_dags/example_python_decorator.py for tasks to queue
[2026-05-23T17:03:28.088+0000] {logging_mixin.py:190} INFO - [2026-05-23T17:03:28.088+0000] {dagbag.py:588} INFO - Filling up the DagBag from /home/airflow/.local/lib/python3.12/site-packages/airflow/example_dags/example_python_decorator.py
[2026-05-23T17:03:28.099+0000] {processor.py:925} INFO - DAG(s) 'example_python_decorator' retrieved from /home/airflow/.local/lib/python3.12/site-packages/airflow/example_dags/example_python_decorator.py
[2026-05-23T17:03:28.116+0000] {logging_mixin.py:190} INFO - [2026-05-23T17:03:28.116+0000] {dag.py:3239} INFO - Sync 1 DAGs
[2026-05-23T17:03:28.127+0000] {logging_mixin.py:190} INFO - [2026-05-23T17:03:28.127+0000] {dag.py:4180} INFO - Setting next_dagrun for example_python_decorator to None, run_after=None
[2026-05-23T17:03:28.139+0000] {processor.py:208} INFO - Processing /home/airflow/.local/lib/python3.12/site-packages/airflow/example_dags/example_python_decorator.py took 0.057 seconds
[2026-05-23T17:03:58.624+0000] {processor.py:186} INFO - Started process (PID=1933) to work on /home/airflow/.local/lib/python3.12/site-packages/airflow/example_dags/example_python_decorator.py
[2026-05-23T17:03:58.624+0000] {processor.py:914} INFO - Processing file /home/airflow/.local/lib/python3.12/site-packages/airflow/example_dags/example_python_decorator.py for tasks to queue
[2026-05-23T17:03:58.626+0000] {logging_mixin.py:190} INFO - [2026-05-23T17:03:58.626+0000] {dagbag.py:588} INFO - Filling up the DagBag from /home/airflow/.local/lib/python3.12/site-packages/airflow/example_dags/example_python_decorator.py
[2026-05-23T17:03:58.637+0000] {processor.py:925} INFO - DAG(s) 'example_python_decorator' retrieved from /home/airflow/.local/lib/python3.12/site-packages/airflow/example_dags/example_python_decorator.py
[2026-05-23T17:03:58.654+0000] {logging_mixin.py:190} INFO - [2026-05-23T17:03:58.654+0000] {dag.py:3239} INFO - Sync 1 DAGs
[2026-05-23T17:03:58.666+0000] {logging_mixin.py:190} INFO - [2026-05-23T17:03:58.666+0000] {dag.py:4180} INFO - Setting next_dagrun for example_python_decorator to None, run_after=None
[2026-05-23T17:03:58.679+0000] {processor.py:208} INFO - Processing /home/airflow/.local/lib/python3.12/site-packages/airflow/example_dags/example_python_decorator.py took 0.060 seconds
[2026-05-23T17:04:29.921+0000] {processor.py:186} INFO - Started process (PID=1998) to work on /home/airflow/.local/lib/python3.12/site-packages/airflow/example_dags/example_python_decorator.py
[2026-05-23T17:04:29.922+0000] {processor.py:914} INFO - Processing file /home/airflow/.local/lib/python3.12/site-packages/airflow/example_dags/example_python_decorator.py for tasks to queue
[2026-05-23T17:04:29.924+0000] {logging_mixin.py:190} INFO - [2026-05-23T17:04:29.924+0000] {dagbag.py:588} INFO - Filling up the DagBag from /home/airflow/.local/lib/python3.12/site-packages/airflow/example_dags/example_python_decorator.py
[2026-05-23T17:04:29.939+0000] {processor.py:925} INFO - DAG(s) 'example_python_decorator' retrieved from /home/airflow/.local/lib/python3.12/site-packages/airflow/example_dags/example_python_decorator.py
[2026-05-23T17:04:29.958+0000] {logging_mixin.py:190} INFO - [2026-05-23T17:04:29.957+0000] {dag.py:3239} INFO - Sync 1 DAGs
[2026-05-23T17:04:29.970+0000] {logging_mixin.py:190} INFO - [2026-05-23T17:04:29.969+0000] {dag.py:4180} INFO - Setting next_dagrun for example_python_decorator to None, run_after=None
[2026-05-23T17:04:29.983+0000] {processor.py:208} INFO - Processing /home/airflow/.local/lib/python3.12/site-packages/airflow/example_dags/example_python_decorator.py took 0.068 seconds
[2026-05-23T17:05:01.203+0000] {processor.py:186} INFO - Started process (PID=2063) to work on /home/airflow/.local/lib/python3.12/site-packages/airflow/example_dags/example_python_decorator.py
[2026-05-23T17:05:01.203+0000] {processor.py:914} INFO - Processing file /home/airflow/.local/lib/python3.12/site-packages/airflow/example_dags/example_python_decorator.py for tasks to queue
[2026-05-23T17:05:01.205+0000] {logging_mixin.py:190} INFO - [2026-05-23T17:05:01.205+0000] {dagbag.py:588} INFO - Filling up the DagBag from /home/airflow/.local/lib/python3.12/site-packages/airflow/example_dags/example_python_decorator.py
[2026-05-23T17:05:01.216+0000] {processor.py:925} INFO - DAG(s) 'example_python_decorator' retrieved from /home/airflow/.local/lib/python3.12/site-packages/airflow/example_dags/example_python_decorator.py
[2026-05-23T17:05:01.233+0000] {logging_mixin.py:190} INFO - [2026-05-23T17:05:01.232+0000] {dag.py:3239} INFO - Sync 1 DAGs
[2026-05-23T17:05:01.247+0000] {logging_mixin.py:190} INFO - [2026-05-23T17:05:01.246+0000] {dag.py:4180} INFO - Setting next_dagrun for example_python_decorator to None, run_after=None
[2026-05-23T17:05:01.265+0000] {processor.py:208} INFO - Processing /home/airflow/.local/lib/python3.12/site-packages/airflow/example_dags/example_python_decorator.py took 0.067 seconds
[2026-05-23T17:05:32.695+0000] {processor.py:186} INFO - Started process (PID=2128) to work on /home/airflow/.local/lib/python3.12/site-packages/airflow/example_dags/example_python_decorator.py
[2026-05-23T17:05:32.696+0000] {processor.py:914} INFO - Processing file /home/airflow/.local/lib/python3.12/site-packages/airflow/example_dags/example_python_decorator.py for tasks to queue
[2026-05-23T17:05:32.698+0000] {logging_mixin.py:190} INFO - [2026-05-23T17:05:32.698+0000] {dagbag.py:588} INFO - Filling up the DagBag from /home/airflow/.local/lib/python3.12/site-packages/airflow/example_dags/example_python_decorator.py
[2026-05-23T17:05:32.709+0000] {processor.py:925} INFO - DAG(s) 'example_python_decorator' retrieved from /home/airflow/.local/lib/python3.12/site-packages/airflow/example_dags/example_python_decorator.py
[2026-05-23T17:05:32.731+0000] {logging_mixin.py:190} INFO - [2026-05-23T17:05:32.731+0000] {dag.py:3239} INFO - Sync 1 DAGs
[2026-05-23T17:05:32.743+0000] {logging_mixin.py:190} INFO - [2026-05-23T17:05:32.743+0000] {dag.py:4180} INFO - Setting next_dagrun for example_python_decorator to None, run_after=None
[2026-05-23T17:05:32.757+0000] {processor.py:208} INFO - Processing /home/airflow/.local/lib/python3.12/site-packages/airflow/example_dags/example_python_decorator.py took 0.065 seconds
[2026-05-23T17:06:03.729+0000] {processor.py:186} INFO - Started process (PID=2194) to work on /home/airflow/.local/lib/python3.12/site-packages/airflow/example_dags/example_python_decorator.py
[2026-05-23T17:06:03.729+0000] {processor.py:914} INFO - Processing file /home/airflow/.local/lib/python3.12/site-packages/airflow/example_dags/example_python_decorator.py for tasks to queue
[2026-05-23T17:06:03.731+0000] {logging_mixin.py:190} INFO - [2026-05-23T17:06:03.731+0000] {dagbag.py:588} INFO - Filling up the DagBag from /home/airflow/.local/lib/python3.12/site-packages/airflow/example_dags/example_python_decorator.py
[2026-05-23T17:06:03.744+0000] {processor.py:925} INFO - DAG(s) 'example_python_decorator' retrieved from /home/airflow/.local/lib/python3.12/site-packages/airflow/example_dags/example_python_decorator.py
[2026-05-23T17:06:03.767+0000] {logging_mixin.py:190} INFO - [2026-05-23T17:06:03.767+0000] {dag.py:3239} INFO - Sync 1 DAGs
[2026-05-23T17:06:03.783+0000] {logging_mixin.py:190} INFO - [2026-05-23T17:06:03.783+0000] {dag.py:4180} INFO - Setting next_dagrun for example_python_decorator to None, run_after=None
[2026-05-23T17:06:03.798+0000] {processor.py:208} INFO - Processing /home/airflow/.local/lib/python3.12/site-packages/airflow/example_dags/example_python_decorator.py took 0.075 seconds
[2026-05-23T17:06:34.888+0000] {processor.py:186} INFO - Started process (PID=2259) to work on /home/airflow/.local/lib/python3.12/site-packages/airflow/example_dags/example_python_decorator.py
[2026-05-23T17:06:34.888+0000] {processor.py:914} INFO - Processing file /home/airflow/.local/lib/python3.12/site-packages/airflow/example_dags/example_python_decorator.py for tasks to queue
[2026-05-23T17:06:34.890+0000] {logging_mixin.py:190} INFO - [2026-05-23T17:06:34.889+0000] {dagbag.py:588} INFO - Filling up the DagBag from /home/airflow/.local/lib/python3.12/site-packages/airflow/example_dags/example_python_decorator.py
[2026-05-23T17:06:34.901+0000] {processor.py:925} INFO - DAG(s) 'example_python_decorator' retrieved from /home/airflow/.local/lib/python3.12/site-packages/airflow/example_dags/example_python_decorator.py
[2026-05-23T17:06:34.918+0000] {logging_mixin.py:190} INFO - [2026-05-23T17:06:34.918+0000] {dag.py:3239} INFO - Sync 1 DAGs
[2026-05-23T17:06:34.930+0000] {logging_mixin.py:190} INFO - [2026-05-23T17:06:34.930+0000] {dag.py:4180} INFO - Setting next_dagrun for example_python_decorator to None, run_after=None
[2026-05-23T17:06:34.946+0000] {processor.py:208} INFO - Processing /home/airflow/.local/lib/python3.12/site-packages/airflow/example_dags/example_python_decorator.py took 0.062 seconds
[2026-05-23T17:07:06.112+0000] {processor.py:186} INFO - Started process (PID=2324) to work on /home/airflow/.local/lib/python3.12/site-packages/airflow/example_dags/example_python_decorator.py
[2026-05-23T17:07:06.112+0000] {processor.py:914} INFO - Processing file /home/airflow/.local/lib/python3.12/site-packages/airflow/example_dags/example_python_decorator.py for tasks to queue
[2026-05-23T17:07:06.114+0000] {logging_mixin.py:190} INFO - [2026-05-23T17:07:06.114+0000] {dagbag.py:588} INFO - Filling up the DagBag from /home/airflow/.local/lib/python3.12/site-packages/airflow/example_dags/example_python_decorator.py
[2026-05-23T17:07:06.127+0000] {processor.py:925} INFO - DAG(s) 'example_python_decorator' retrieved from /home/airflow/.local/lib/python3.12/site-packages/airflow/example_dags/example_python_decorator.py
[2026-05-23T17:07:06.148+0000] {logging_mixin.py:190} INFO - [2026-05-23T17:07:06.147+0000] {dag.py:3239} INFO - Sync 1 DAGs
[2026-05-23T17:07:06.163+0000] {logging_mixin.py:190} INFO - [2026-05-23T17:07:06.162+0000] {dag.py:4180} INFO - Setting next_dagrun for example_python_decorator to None, run_after=None
[2026-05-23T17:07:06.177+0000] {processor.py:208} INFO - Processing /home/airflow/.local/lib/python3.12/site-packages/airflow/example_dags/example_python_decorator.py took 0.069 seconds
[2026-05-23T17:07:37.697+0000] {processor.py:186} INFO - Started process (PID=2389) to work on /home/airflow/.local/lib/python3.12/site-packages/airflow/example_dags/example_python_decorator.py
[2026-05-23T17:07:37.698+0000] {processor.py:914} INFO - Processing file /home/airflow/.local/lib/python3.12/site-packages/airflow/example_dags/example_python_decorator.py for tasks to queue
[2026-05-23T17:07:37.700+0000] {logging_mixin.py:190} INFO - [2026-05-23T17:07:37.700+0000] {dagbag.py:588} INFO - Filling up the DagBag from /home/airflow/.local/lib/python3.12/site-packages/airflow/example_dags/example_python_decorator.py
[2026-05-23T17:07:37.719+0000] {processor.py:925} INFO - DAG(s) 'example_python_decorator' retrieved from /home/airflow/.local/lib/python3.12/site-packages/airflow/example_dags/example_python_decorator.py
[2026-05-23T17:07:37.745+0000] {logging_mixin.py:190} INFO - [2026-05-23T17:07:37.745+0000] {dag.py:3239} INFO - Sync 1 DAGs
[2026-05-23T17:07:37.761+0000] {logging_mixin.py:190} INFO - [2026-05-23T17:07:37.761+0000] {dag.py:4180} INFO - Setting next_dagrun for example_python_decorator to None, run_after=None
[2026-05-23T17:07:37.775+0000] {processor.py:208} INFO - Processing /home/airflow/.local/lib/python3.12/site-packages/airflow/example_dags/example_python_decorator.py took 0.085 seconds
[2026-05-23T17:08:08.818+0000] {processor.py:186} INFO - Started process (PID=2454) to work on /home/airflow/.local/lib/python3.12/site-packages/airflow/example_dags/example_python_decorator.py
[2026-05-23T17:08:08.819+0000] {processor.py:914} INFO - Processing file /home/airflow/.local/lib/python3.12/site-packages/airflow/example_dags/example_python_decorator.py for tasks to queue
[2026-05-23T17:08:08.821+0000] {logging_mixin.py:190} INFO - [2026-05-23T17:08:08.820+0000] {dagbag.py:588} INFO - Filling up the DagBag from /home/airflow/.local/lib/python3.12/site-packages/airflow/example_dags/example_python_decorator.py
[2026-05-23T17:08:08.834+0000] {processor.py:925} INFO - DAG(s) 'example_python_decorator' retrieved from /home/airflow/.local/lib/python3.12/site-packages/airflow/example_dags/example_python_decorator.py
[2026-05-23T17:08:08.852+0000] {logging_mixin.py:190} INFO - [2026-05-23T17:08:08.852+0000] {dag.py:3239} INFO - Sync 1 DAGs
[2026-05-23T17:08:08.863+0000] {logging_mixin.py:190} INFO - [2026-05-23T17:08:08.863+0000] {dag.py:4180} INFO - Setting next_dagrun for example_python_decorator to None, run_after=None
[2026-05-23T17:08:08.879+0000] {processor.py:208} INFO - Processing /home/airflow/.local/lib/python3.12/site-packages/airflow/example_dags/example_python_decorator.py took 0.066 seconds
[2026-05-23T17:08:39.860+0000] {processor.py:186} INFO - Started process (PID=2519) to work on /home/airflow/.local/lib/python3.12/site-packages/airflow/example_dags/example_python_decorator.py
[2026-05-23T17:08:39.861+0000] {processor.py:914} INFO - Processing file /home/airflow/.local/lib/python3.12/site-packages/airflow/example_dags/example_python_decorator.py for tasks to queue
[2026-05-23T17:08:39.863+0000] {logging_mixin.py:190} INFO - [2026-05-23T17:08:39.862+0000] {dagbag.py:588} INFO - Filling up the DagBag from /home/airflow/.local/lib/python3.12/site-packages/airflow/example_dags/example_python_decorator.py
[2026-05-23T17:08:39.877+0000] {processor.py:925} INFO - DAG(s) 'example_python_decorator' retrieved from /home/airflow/.local/lib/python3.12/site-packages/airflow/example_dags/example_python_decorator.py
[2026-05-23T17:08:39.898+0000] {logging_mixin.py:190} INFO - [2026-05-23T17:08:39.898+0000] {dag.py:3239} INFO - Sync 1 DAGs
[2026-05-23T17:08:39.912+0000] {logging_mixin.py:190} INFO - [2026-05-23T17:08:39.912+0000] {dag.py:4180} INFO - Setting next_dagrun for example_python_decorator to None, run_after=None
[2026-05-23T17:08:39.925+0000] {processor.py:208} INFO - Processing /home/airflow/.local/lib/python3.12/site-packages/airflow/example_dags/example_python_decorator.py took 0.070 seconds
[2026-05-23T17:09:12.085+0000] {processor.py:186} INFO - Started process (PID=2586) to work on /home/airflow/.local/lib/python3.12/site-packages/airflow/example_dags/example_python_decorator.py
[2026-05-23T17:09:12.085+0000] {processor.py:914} INFO - Processing file /home/airflow/.local/lib/python3.12/site-packages/airflow/example_dags/example_python_decorator.py for tasks to queue
[2026-05-23T17:09:12.087+0000] {logging_mixin.py:190} INFO - [2026-05-23T17:09:12.087+0000] {dagbag.py:588} INFO - Filling up the DagBag from /home/airflow/.local/lib/python3.12/site-packages/airflow/example_dags/example_python_decorator.py
[2026-05-23T17:09:12.101+0000] {processor.py:925} INFO - DAG(s) 'example_python_decorator' retrieved from /home/airflow/.local/lib/python3.12/site-packages/airflow/example_dags/example_python_decorator.py
[2026-05-23T17:09:12.123+0000] {logging_mixin.py:190} INFO - [2026-05-23T17:09:12.122+0000] {dag.py:3239} INFO - Sync 1 DAGs
[2026-05-23T17:09:12.138+0000] {logging_mixin.py:190} INFO - [2026-05-23T17:09:12.138+0000] {dag.py:4180} INFO - Setting next_dagrun for example_python_decorator to None, run_after=None
[2026-05-23T17:09:12.153+0000] {processor.py:208} INFO - Processing /home/airflow/.local/lib/python3.12/site-packages/airflow/example_dags/example_python_decorator.py took 0.073 seconds
[2026-05-23T17:09:43.951+0000] {processor.py:186} INFO - Started process (PID=2651) to work on /home/airflow/.local/lib/python3.12/site-packages/airflow/example_dags/example_python_decorator.py
[2026-05-23T17:09:43.951+0000] {processor.py:914} INFO - Processing file /home/airflow/.local/lib/python3.12/site-packages/airflow/example_dags/example_python_decorator.py for tasks to queue
[2026-05-23T17:09:43.954+0000] {logging_mixin.py:190} INFO - [2026-05-23T17:09:43.953+0000] {dagbag.py:588} INFO - Filling up the DagBag from /home/airflow/.local/lib/python3.12/site-packages/airflow/example_dags/example_python_decorator.py
[2026-05-23T17:09:43.969+0000] {processor.py:925} INFO - DAG(s) 'example_python_decorator' retrieved from /home/airflow/.local/lib/python3.12/site-packages/airflow/example_dags/example_python_decorator.py
[2026-05-23T17:09:43.992+0000] {logging_mixin.py:190} INFO - [2026-05-23T17:09:43.992+0000] {dag.py:3239} INFO - Sync 1 DAGs
[2026-05-23T17:09:44.009+0000] {logging_mixin.py:190} INFO - [2026-05-23T17:09:44.008+0000] {dag.py:4180} INFO - Setting next_dagrun for example_python_decorator to None, run_after=None
[2026-05-23T17:09:44.026+0000] {processor.py:208} INFO - Processing /home/airflow/.local/lib/python3.12/site-packages/airflow/example_dags/example_python_decorator.py took 0.081 seconds
[2026-05-23T17:10:14.846+0000] {processor.py:186} INFO - Started process (PID=2716) to work on /home/airflow/.local/lib/python3.12/site-packages/airflow/example_dags/example_python_decorator.py
[2026-05-23T17:10:14.847+0000] {processor.py:914} INFO - Processing file /home/airflow/.local/lib/python3.12/site-packages/airflow/example_dags/example_python_decorator.py for tasks to queue
[2026-05-23T17:10:14.849+0000] {logging_mixin.py:190} INFO - [2026-05-23T17:10:14.849+0000] {dagbag.py:588} INFO - Filling up the DagBag from /home/airflow/.local/lib/python3.12/site-packages/airflow/example_dags/example_python_decorator.py
[2026-05-23T17:10:14.865+0000] {processor.py:925} INFO - DAG(s) 'example_python_decorator' retrieved from /home/airflow/.local/lib/python3.12/site-packages/airflow/example_dags/example_python_decorator.py
[2026-05-23T17:10:14.890+0000] {logging_mixin.py:190} INFO - [2026-05-23T17:10:14.890+0000] {dag.py:3239} INFO - Sync 1 DAGs
[2026-05-23T17:10:14.908+0000] {logging_mixin.py:190} INFO - [2026-05-23T17:10:14.908+0000] {dag.py:4180} INFO - Setting next_dagrun for example_python_decorator to None, run_after=None
[2026-05-23T17:10:14.927+0000] {processor.py:208} INFO - Processing /home/airflow/.local/lib/python3.12/site-packages/airflow/example_dags/example_python_decorator.py took 0.088 seconds
[2026-05-23T17:10:45.579+0000] {processor.py:186} INFO - Started process (PID=2781) to work on /home/airflow/.local/lib/python3.12/site-packages/airflow/example_dags/example_python_decorator.py
[2026-05-23T17:10:45.579+0000] {processor.py:914} INFO - Processing file /home/airflow/.local/lib/python3.12/site-packages/airflow/example_dags/example_python_decorator.py for tasks to queue
[2026-05-23T17:10:45.581+0000] {logging_mixin.py:190} INFO - [2026-05-23T17:10:45.580+0000] {dagbag.py:588} INFO - Filling up the DagBag from /home/airflow/.local/lib/python3.12/site-packages/airflow/example_dags/example_python_decorator.py
[2026-05-23T17:10:45.592+0000] {processor.py:925} INFO - DAG(s) 'example_python_decorator' retrieved from /home/airflow/.local/lib/python3.12/site-packages/airflow/example_dags/example_python_decorator.py
[2026-05-23T17:10:45.608+0000] {logging_mixin.py:190} INFO - [2026-05-23T17:10:45.608+0000] {dag.py:3239} INFO - Sync 1 DAGs
[2026-05-23T17:10:45.619+0000] {logging_mixin.py:190} INFO - [2026-05-23T17:10:45.619+0000] {dag.py:4180} INFO - Setting next_dagrun for example_python_decorator to None, run_after=None
[2026-05-23T17:10:45.632+0000] {processor.py:208} INFO - Processing /home/airflow/.local/lib/python3.12/site-packages/airflow/example_dags/example_python_decorator.py took 0.058 seconds
[2026-05-23T17:11:16.788+0000] {processor.py:186} INFO - Started process (PID=2846) to work on /home/airflow/.local/lib/python3.12/site-packages/airflow/example_dags/example_python_decorator.py
[2026-05-23T17:11:16.789+0000] {processor.py:914} INFO - Processing file /home/airflow/.local/lib/python3.12/site-packages/airflow/example_dags/example_python_decorator.py for tasks to queue
[2026-05-23T17:11:16.791+0000] {logging_mixin.py:190} INFO - [2026-05-23T17:11:16.790+0000] {dagbag.py:588} INFO - Filling up the DagBag from /home/airflow/.local/lib/python3.12/site-packages/airflow/example_dags/example_python_decorator.py
[2026-05-23T17:11:16.804+0000] {processor.py:925} INFO - DAG(s) 'example_python_decorator' retrieved from /home/airflow/.local/lib/python3.12/site-packages/airflow/example_dags/example_python_decorator.py
[2026-05-23T17:11:16.821+0000] {logging_mixin.py:190} INFO - [2026-05-23T17:11:16.821+0000] {dag.py:3239} INFO - Sync 1 DAGs
[2026-05-23T17:11:16.832+0000] {logging_mixin.py:190} INFO - [2026-05-23T17:11:16.832+0000] {dag.py:4180} INFO - Setting next_dagrun for example_python_decorator to None, run_after=None
[2026-05-23T17:11:16.846+0000] {processor.py:208} INFO - Processing /home/airflow/.local/lib/python3.12/site-packages/airflow/example_dags/example_python_decorator.py took 0.062 seconds
[2026-05-23T17:11:48.035+0000] {processor.py:186} INFO - Started process (PID=2911) to work on /home/airflow/.local/lib/python3.12/site-packages/airflow/example_dags/example_python_decorator.py
[2026-05-23T17:11:48.036+0000] {processor.py:914} INFO - Processing file /home/airflow/.local/lib/python3.12/site-packages/airflow/example_dags/example_python_decorator.py for tasks to queue
[2026-05-23T17:11:48.037+0000] {logging_mixin.py:190} INFO - [2026-05-23T17:11:48.037+0000] {dagbag.py:588} INFO - Filling up the DagBag from /home/airflow/.local/lib/python3.12/site-packages/airflow/example_dags/example_python_decorator.py
[2026-05-23T17:11:48.048+0000] {processor.py:925} INFO - DAG(s) 'example_python_decorator' retrieved from /home/airflow/.local/lib/python3.12/site-packages/airflow/example_dags/example_python_decorator.py
[2026-05-23T17:11:48.064+0000] {logging_mixin.py:190} INFO - [2026-05-23T17:11:48.064+0000] {dag.py:3239} INFO - Sync 1 DAGs
[2026-05-23T17:11:48.075+0000] {logging_mixin.py:190} INFO - [2026-05-23T17:11:48.075+0000] {dag.py:4180} INFO - Setting next_dagrun for example_python_decorator to None, run_after=None
[2026-05-23T17:11:48.088+0000] {processor.py:208} INFO - Processing /home/airflow/.local/lib/python3.12/site-packages/airflow/example_dags/example_python_decorator.py took 0.058 seconds
[2026-05-23T17:12:19.507+0000] {processor.py:186} INFO - Started process (PID=2976) to work on /home/airflow/.local/lib/python3.12/site-packages/airflow/example_dags/example_python_decorator.py
[2026-05-23T17:12:19.508+0000] {processor.py:914} INFO - Processing file /home/airflow/.local/lib/python3.12/site-packages/airflow/example_dags/example_python_decorator.py for tasks to queue
[2026-05-23T17:12:19.510+0000] {logging_mixin.py:190} INFO - [2026-05-23T17:12:19.510+0000] {dagbag.py:588} INFO - Filling up the DagBag from /home/airflow/.local/lib/python3.12/site-packages/airflow/example_dags/example_python_decorator.py
[2026-05-23T17:12:19.528+0000] {processor.py:925} INFO - DAG(s) 'example_python_decorator' retrieved from /home/airflow/.local/lib/python3.12/site-packages/airflow/example_dags/example_python_decorator.py
[2026-05-23T17:12:19.546+0000] {logging_mixin.py:190} INFO - [2026-05-23T17:12:19.546+0000] {dag.py:3239} INFO - Sync 1 DAGs
[2026-05-23T17:12:19.557+0000] {logging_mixin.py:190} INFO - [2026-05-23T17:12:19.557+0000] {dag.py:4180} INFO - Setting next_dagrun for example_python_decorator to None, run_after=None
[2026-05-23T17:12:19.571+0000] {processor.py:208} INFO - Processing /home/airflow/.local/lib/python3.12/site-packages/airflow/example_dags/example_python_decorator.py took 0.070 seconds
[2026-05-23T17:12:50.695+0000] {processor.py:186} INFO - Started process (PID=3041) to work on /home/airflow/.local/lib/python3.12/site-packages/airflow/example_dags/example_python_decorator.py
[2026-05-23T17:12:50.696+0000] {processor.py:914} INFO - Processing file /home/airflow/.local/lib/python3.12/site-packages/airflow/example_dags/example_python_decorator.py for tasks to queue
[2026-05-23T17:12:50.698+0000] {logging_mixin.py:190} INFO - [2026-05-23T17:12:50.697+0000] {dagbag.py:588} INFO - Filling up the DagBag from /home/airflow/.local/lib/python3.12/site-packages/airflow/example_dags/example_python_decorator.py
[2026-05-23T17:12:50.712+0000] {processor.py:925} INFO - DAG(s) 'example_python_decorator' retrieved from /home/airflow/.local/lib/python3.12/site-packages/airflow/example_dags/example_python_decorator.py
[2026-05-23T17:12:50.730+0000] {logging_mixin.py:190} INFO - [2026-05-23T17:12:50.730+0000] {dag.py:3239} INFO - Sync 1 DAGs
[2026-05-23T17:12:50.741+0000] {logging_mixin.py:190} INFO - [2026-05-23T17:12:50.741+0000] {dag.py:4180} INFO - Setting next_dagrun for example_python_decorator to None, run_after=None
[2026-05-23T17:12:50.754+0000] {processor.py:208} INFO - Processing /home/airflow/.local/lib/python3.12/site-packages/airflow/example_dags/example_python_decorator.py took 0.063 seconds
[2026-05-23T17:13:22.063+0000] {processor.py:186} INFO - Started process (PID=3106) to work on /home/airflow/.local/lib/python3.12/site-packages/airflow/example_dags/example_python_decorator.py
[2026-05-23T17:13:22.064+0000] {processor.py:914} INFO - Processing file /home/airflow/.local/lib/python3.12/site-packages/airflow/example_dags/example_python_decorator.py for tasks to queue
[2026-05-23T17:13:22.066+0000] {logging_mixin.py:190} INFO - [2026-05-23T17:13:22.066+0000] {dagbag.py:588} INFO - Filling up the DagBag from /home/airflow/.local/lib/python3.12/site-packages/airflow/example_dags/example_python_decorator.py
[2026-05-23T17:13:22.082+0000] {processor.py:925} INFO - DAG(s) 'example_python_decorator' retrieved from /home/airflow/.local/lib/python3.12/site-packages/airflow/example_dags/example_python_decorator.py
[2026-05-23T17:13:22.108+0000] {logging_mixin.py:190} INFO - [2026-05-23T17:13:22.108+0000] {dag.py:3239} INFO - Sync 1 DAGs
[2026-05-23T17:13:22.125+0000] {logging_mixin.py:190} INFO - [2026-05-23T17:13:22.125+0000] {dag.py:4180} INFO - Setting next_dagrun for example_python_decorator to None, run_after=None
[2026-05-23T17:13:22.138+0000] {processor.py:208} INFO - Processing /home/airflow/.local/lib/python3.12/site-packages/airflow/example_dags/example_python_decorator.py took 0.081 seconds
[2026-05-23T17:13:53.542+0000] {processor.py:186} INFO - Started process (PID=3171) to work on /home/airflow/.local/lib/python3.12/site-packages/airflow/example_dags/example_python_decorator.py
[2026-05-23T17:13:53.543+0000] {processor.py:914} INFO - Processing file /home/airflow/.local/lib/python3.12/site-packages/airflow/example_dags/example_python_decorator.py for tasks to queue
[2026-05-23T17:13:53.544+0000] {logging_mixin.py:190} INFO - [2026-05-23T17:13:53.544+0000] {dagbag.py:588} INFO - Filling up the DagBag from /home/airflow/.local/lib/python3.12/site-packages/airflow/example_dags/example_python_decorator.py
[2026-05-23T17:13:53.555+0000] {processor.py:925} INFO - DAG(s) 'example_python_decorator' retrieved from /home/airflow/.local/lib/python3.12/site-packages/airflow/example_dags/example_python_decorator.py
[2026-05-23T17:13:53.572+0000] {logging_mixin.py:190} INFO - [2026-05-23T17:13:53.571+0000] {dag.py:3239} INFO - Sync 1 DAGs
[2026-05-23T17:13:53.584+0000] {logging_mixin.py:190} INFO - [2026-05-23T17:13:53.584+0000] {dag.py:4180} INFO - Setting next_dagrun for example_python_decorator to None, run_after=None
[2026-05-23T17:13:53.597+0000] {processor.py:208} INFO - Processing /home/airflow/.local/lib/python3.12/site-packages/airflow/example_dags/example_python_decorator.py took 0.059 seconds
[2026-05-23T17:14:24.682+0000] {processor.py:186} INFO - Started process (PID=3235) to work on /home/airflow/.local/lib/python3.12/site-packages/airflow/example_dags/example_python_decorator.py
[2026-05-23T17:14:24.683+0000] {processor.py:914} INFO - Processing file /home/airflow/.local/lib/python3.12/site-packages/airflow/example_dags/example_python_decorator.py for tasks to queue
[2026-05-23T17:14:24.685+0000] {logging_mixin.py:190} INFO - [2026-05-23T17:14:24.685+0000] {dagbag.py:588} INFO - Filling up the DagBag from /home/airflow/.local/lib/python3.12/site-packages/airflow/example_dags/example_python_decorator.py
[2026-05-23T17:14:24.698+0000] {processor.py:925} INFO - DAG(s) 'example_python_decorator' retrieved from /home/airflow/.local/lib/python3.12/site-packages/airflow/example_dags/example_python_decorator.py
[2026-05-23T17:14:24.719+0000] {logging_mixin.py:190} INFO - [2026-05-23T17:14:24.719+0000] {dag.py:3239} INFO - Sync 1 DAGs
[2026-05-23T17:14:24.734+0000] {logging_mixin.py:190} INFO - [2026-05-23T17:14:24.734+0000] {dag.py:4180} INFO - Setting next_dagrun for example_python_decorator to None, run_after=None
[2026-05-23T17:14:24.753+0000] {processor.py:208} INFO - Processing /home/airflow/.local/lib/python3.12/site-packages/airflow/example_dags/example_python_decorator.py took 0.076 seconds
[2026-05-23T17:14:56.182+0000] {processor.py:186} INFO - Started process (PID=3300) to work on /home/airflow/.local/lib/python3.12/site-packages/airflow/example_dags/example_python_decorator.py
[2026-05-23T17:14:56.182+0000] {processor.py:914} INFO - Processing file /home/airflow/.local/lib/python3.12/site-packages/airflow/example_dags/example_python_decorator.py for tasks to queue
[2026-05-23T17:14:56.184+0000] {logging_mixin.py:190} INFO - [2026-05-23T17:14:56.184+0000] {dagbag.py:588} INFO - Filling up the DagBag from /home/airflow/.local/lib/python3.12/site-packages/airflow/example_dags/example_python_decorator.py
[2026-05-23T17:14:56.195+0000] {processor.py:925} INFO - DAG(s) 'example_python_decorator' retrieved from /home/airflow/.local/lib/python3.12/site-packages/airflow/example_dags/example_python_decorator.py
[2026-05-23T17:14:56.211+0000] {logging_mixin.py:190} INFO - [2026-05-23T17:14:56.211+0000] {dag.py:3239} INFO - Sync 1 DAGs
[2026-05-23T17:14:56.222+0000] {logging_mixin.py:190} INFO - [2026-05-23T17:14:56.222+0000] {dag.py:4180} INFO - Setting next_dagrun for example_python_decorator to None, run_after=None
[2026-05-23T17:14:56.235+0000] {processor.py:208} INFO - Processing /home/airflow/.local/lib/python3.12/site-packages/airflow/example_dags/example_python_decorator.py took 0.058 seconds
[2026-05-23T17:15:27.364+0000] {processor.py:186} INFO - Started process (PID=3365) to work on /home/airflow/.local/lib/python3.12/site-packages/airflow/example_dags/example_python_decorator.py
[2026-05-23T17:15:27.365+0000] {processor.py:914} INFO - Processing file /home/airflow/.local/lib/python3.12/site-packages/airflow/example_dags/example_python_decorator.py for tasks to queue
[2026-05-23T17:15:27.367+0000] {logging_mixin.py:190} INFO - [2026-05-23T17:15:27.367+0000] {dagbag.py:588} INFO - Filling up the DagBag from /home/airflow/.local/lib/python3.12/site-packages/airflow/example_dags/example_python_decorator.py
[2026-05-23T17:15:27.381+0000] {processor.py:925} INFO - DAG(s) 'example_python_decorator' retrieved from /home/airflow/.local/lib/python3.12/site-packages/airflow/example_dags/example_python_decorator.py
[2026-05-23T17:15:27.398+0000] {logging_mixin.py:190} INFO - [2026-05-23T17:15:27.398+0000] {dag.py:3239} INFO - Sync 1 DAGs
[2026-05-23T17:15:27.410+0000] {logging_mixin.py:190} INFO - [2026-05-23T17:15:27.410+0000] {dag.py:4180} INFO - Setting next_dagrun for example_python_decorator to None, run_after=None
[2026-05-23T17:15:27.422+0000] {processor.py:208} INFO - Processing /home/airflow/.local/lib/python3.12/site-packages/airflow/example_dags/example_python_decorator.py took 0.062 seconds
[2026-05-23T17:15:58.486+0000] {processor.py:186} INFO - Started process (PID=3430) to work on /home/airflow/.local/lib/python3.12/site-packages/airflow/example_dags/example_python_decorator.py
[2026-05-23T17:15:58.487+0000] {processor.py:914} INFO - Processing file /home/airflow/.local/lib/python3.12/site-packages/airflow/example_dags/example_python_decorator.py for tasks to queue
[2026-05-23T17:15:58.488+0000] {logging_mixin.py:190} INFO - [2026-05-23T17:15:58.488+0000] {dagbag.py:588} INFO - Filling up the DagBag from /home/airflow/.local/lib/python3.12/site-packages/airflow/example_dags/example_python_decorator.py
[2026-05-23T17:15:58.500+0000] {processor.py:925} INFO - DAG(s) 'example_python_decorator' retrieved from /home/airflow/.local/lib/python3.12/site-packages/airflow/example_dags/example_python_decorator.py
[2026-05-23T17:15:58.517+0000] {logging_mixin.py:190} INFO - [2026-05-23T17:15:58.517+0000] {dag.py:3239} INFO - Sync 1 DAGs
[2026-05-23T17:15:58.528+0000] {logging_mixin.py:190} INFO - [2026-05-23T17:15:58.528+0000] {dag.py:4180} INFO - Setting next_dagrun for example_python_decorator to None, run_after=None
[2026-05-23T17:15:58.542+0000] {processor.py:208} INFO - Processing /home/airflow/.local/lib/python3.12/site-packages/airflow/example_dags/example_python_decorator.py took 0.060 seconds
[2026-05-23T17:16:29.618+0000] {processor.py:186} INFO - Started process (PID=3495) to work on /home/airflow/.local/lib/python3.12/site-packages/airflow/example_dags/example_python_decorator.py
[2026-05-23T17:16:29.619+0000] {processor.py:914} INFO - Processing file /home/airflow/.local/lib/python3.12/site-packages/airflow/example_dags/example_python_decorator.py for tasks to queue
[2026-05-23T17:16:29.620+0000] {logging_mixin.py:190} INFO - [2026-05-23T17:16:29.620+0000] {dagbag.py:588} INFO - Filling up the DagBag from /home/airflow/.local/lib/python3.12/site-packages/airflow/example_dags/example_python_decorator.py
[2026-05-23T17:16:29.631+0000] {processor.py:925} INFO - DAG(s) 'example_python_decorator' retrieved from /home/airflow/.local/lib/python3.12/site-packages/airflow/example_dags/example_python_decorator.py
[2026-05-23T17:16:29.648+0000] {logging_mixin.py:190} INFO - [2026-05-23T17:16:29.648+0000] {dag.py:3239} INFO - Sync 1 DAGs
[2026-05-23T17:16:29.659+0000] {logging_mixin.py:190} INFO - [2026-05-23T17:16:29.659+0000] {dag.py:4180} INFO - Setting next_dagrun for example_python_decorator to None, run_after=None
[2026-05-23T17:16:29.672+0000] {processor.py:208} INFO - Processing /home/airflow/.local/lib/python3.12/site-packages/airflow/example_dags/example_python_decorator.py took 0.059 seconds
[2026-05-23T17:17:00.973+0000] {processor.py:186} INFO - Started process (PID=3566) to work on /home/airflow/.local/lib/python3.12/site-packages/airflow/example_dags/example_python_decorator.py
[2026-05-23T17:17:00.974+0000] {processor.py:914} INFO - Processing file /home/airflow/.local/lib/python3.12/site-packages/airflow/example_dags/example_python_decorator.py for tasks to queue
[2026-05-23T17:17:00.975+0000] {logging_mixin.py:190} INFO - [2026-05-23T17:17:00.975+0000] {dagbag.py:588} INFO - Filling up the DagBag from /home/airflow/.local/lib/python3.12/site-packages/airflow/example_dags/example_python_decorator.py
[2026-05-23T17:17:00.988+0000] {processor.py:925} INFO - DAG(s) 'example_python_decorator' retrieved from /home/airflow/.local/lib/python3.12/site-packages/airflow/example_dags/example_python_decorator.py
[2026-05-23T17:17:01.009+0000] {logging_mixin.py:190} INFO - [2026-05-23T17:17:01.009+0000] {dag.py:3239} INFO - Sync 1 DAGs
[2026-05-23T17:17:01.021+0000] {logging_mixin.py:190} INFO - [2026-05-23T17:17:01.021+0000] {dag.py:4180} INFO - Setting next_dagrun for example_python_decorator to None, run_after=None
[2026-05-23T17:17:01.035+0000] {processor.py:208} INFO - Processing /home/airflow/.local/lib/python3.12/site-packages/airflow/example_dags/example_python_decorator.py took 0.066 seconds
[2026-05-23T17:17:32.674+0000] {processor.py:186} INFO - Started process (PID=3631) to work on /home/airflow/.local/lib/python3.12/site-packages/airflow/example_dags/example_python_decorator.py
[2026-05-23T17:17:32.675+0000] {processor.py:914} INFO - Processing file /home/airflow/.local/lib/python3.12/site-packages/airflow/example_dags/example_python_decorator.py for tasks to queue
[2026-05-23T17:17:32.676+0000] {logging_mixin.py:190} INFO - [2026-05-23T17:17:32.676+0000] {dagbag.py:588} INFO - Filling up the DagBag from /home/airflow/.local/lib/python3.12/site-packages/airflow/example_dags/example_python_decorator.py
[2026-05-23T17:17:32.688+0000] {processor.py:925} INFO - DAG(s) 'example_python_decorator' retrieved from /home/airflow/.local/lib/python3.12/site-packages/airflow/example_dags/example_python_decorator.py
[2026-05-23T17:17:32.704+0000] {logging_mixin.py:190} INFO - [2026-05-23T17:17:32.704+0000] {dag.py:3239} INFO - Sync 1 DAGs
[2026-05-23T17:17:32.715+0000] {logging_mixin.py:190} INFO - [2026-05-23T17:17:32.715+0000] {dag.py:4180} INFO - Setting next_dagrun for example_python_decorator to None, run_after=None
[2026-05-23T17:17:32.728+0000] {processor.py:208} INFO - Processing /home/airflow/.local/lib/python3.12/site-packages/airflow/example_dags/example_python_decorator.py took 0.058 seconds
[2026-05-23T17:18:03.993+0000] {processor.py:186} INFO - Started process (PID=3696) to work on /home/airflow/.local/lib/python3.12/site-packages/airflow/example_dags/example_python_decorator.py
[2026-05-23T17:18:03.994+0000] {processor.py:914} INFO - Processing file /home/airflow/.local/lib/python3.12/site-packages/airflow/example_dags/example_python_decorator.py for tasks to queue
[2026-05-23T17:18:03.995+0000] {logging_mixin.py:190} INFO - [2026-05-23T17:18:03.995+0000] {dagbag.py:588} INFO - Filling up the DagBag from /home/airflow/.local/lib/python3.12/site-packages/airflow/example_dags/example_python_decorator.py
[2026-05-23T17:18:04.007+0000] {processor.py:925} INFO - DAG(s) 'example_python_decorator' retrieved from /home/airflow/.local/lib/python3.12/site-packages/airflow/example_dags/example_python_decorator.py
[2026-05-23T17:18:04.024+0000] {logging_mixin.py:190} INFO - [2026-05-23T17:18:04.024+0000] {dag.py:3239} INFO - Sync 1 DAGs
[2026-05-23T17:18:04.036+0000] {logging_mixin.py:190} INFO - [2026-05-23T17:18:04.036+0000] {dag.py:4180} INFO - Setting next_dagrun for example_python_decorator to None, run_after=None
[2026-05-23T17:18:04.051+0000] {processor.py:208} INFO - Processing /home/airflow/.local/lib/python3.12/site-packages/airflow/example_dags/example_python_decorator.py took 0.062 seconds
[2026-05-23T17:18:35.497+0000] {processor.py:186} INFO - Started process (PID=3762) to work on /home/airflow/.local/lib/python3.12/site-packages/airflow/example_dags/example_python_decorator.py
[2026-05-23T17:18:35.498+0000] {processor.py:914} INFO - Processing file /home/airflow/.local/lib/python3.12/site-packages/airflow/example_dags/example_python_decorator.py for tasks to queue
[2026-05-23T17:18:35.500+0000] {logging_mixin.py:190} INFO - [2026-05-23T17:18:35.500+0000] {dagbag.py:588} INFO - Filling up the DagBag from /home/airflow/.local/lib/python3.12/site-packages/airflow/example_dags/example_python_decorator.py
[2026-05-23T17:18:35.513+0000] {processor.py:925} INFO - DAG(s) 'example_python_decorator' retrieved from /home/airflow/.local/lib/python3.12/site-packages/airflow/example_dags/example_python_decorator.py
[2026-05-23T17:18:35.537+0000] {logging_mixin.py:190} INFO - [2026-05-23T17:18:35.537+0000] {dag.py:3239} INFO - Sync 1 DAGs
[2026-05-23T17:18:35.551+0000] {logging_mixin.py:190} INFO - [2026-05-23T17:18:35.551+0000] {dag.py:4180} INFO - Setting next_dagrun for example_python_decorator to None, run_after=None
[2026-05-23T17:18:35.566+0000] {processor.py:208} INFO - Processing /home/airflow/.local/lib/python3.12/site-packages/airflow/example_dags/example_python_decorator.py took 0.074 seconds
[2026-05-23T17:19:07.509+0000] {processor.py:186} INFO - Started process (PID=3827) to work on /home/airflow/.local/lib/python3.12/site-packages/airflow/example_dags/example_python_decorator.py
[2026-05-23T17:19:07.510+0000] {processor.py:914} INFO - Processing file /home/airflow/.local/lib/python3.12/site-packages/airflow/example_dags/example_python_decorator.py for tasks to queue
[2026-05-23T17:19:07.512+0000] {logging_mixin.py:190} INFO - [2026-05-23T17:19:07.512+0000] {dagbag.py:588} INFO - Filling up the DagBag from /home/airflow/.local/lib/python3.12/site-packages/airflow/example_dags/example_python_decorator.py
[2026-05-23T17:19:07.526+0000] {processor.py:925} INFO - DAG(s) 'example_python_decorator' retrieved from /home/airflow/.local/lib/python3.12/site-packages/airflow/example_dags/example_python_decorator.py
[2026-05-23T17:19:07.552+0000] {logging_mixin.py:190} INFO - [2026-05-23T17:19:07.551+0000] {dag.py:3239} INFO - Sync 1 DAGs
[2026-05-23T17:19:07.569+0000] {logging_mixin.py:190} INFO - [2026-05-23T17:19:07.569+0000] {dag.py:4180} INFO - Setting next_dagrun for example_python_decorator to None, run_after=None
[2026-05-23T17:19:07.589+0000] {processor.py:208} INFO - Processing /home/airflow/.local/lib/python3.12/site-packages/airflow/example_dags/example_python_decorator.py took 0.085 seconds
[2026-05-23T17:19:39.219+0000] {processor.py:186} INFO - Started process (PID=3892) to work on /home/airflow/.local/lib/python3.12/site-packages/airflow/example_dags/example_python_decorator.py
[2026-05-23T17:19:39.220+0000] {processor.py:914} INFO - Processing file /home/airflow/.local/lib/python3.12/site-packages/airflow/example_dags/example_python_decorator.py for tasks to queue
[2026-05-23T17:19:39.221+0000] {logging_mixin.py:190} INFO - [2026-05-23T17:19:39.221+0000] {dagbag.py:588} INFO - Filling up the DagBag from /home/airflow/.local/lib/python3.12/site-packages/airflow/example_dags/example_python_decorator.py
[2026-05-23T17:19:39.239+0000] {processor.py:925} INFO - DAG(s) 'example_python_decorator' retrieved from /home/airflow/.local/lib/python3.12/site-packages/airflow/example_dags/example_python_decorator.py
[2026-05-23T17:19:39.259+0000] {logging_mixin.py:190} INFO - [2026-05-23T17:19:39.258+0000] {dag.py:3239} INFO - Sync 1 DAGs
[2026-05-23T17:19:39.272+0000] {logging_mixin.py:190} INFO - [2026-05-23T17:19:39.272+0000] {dag.py:4180} INFO - Setting next_dagrun for example_python_decorator to None, run_after=None
[2026-05-23T17:19:39.289+0000] {processor.py:208} INFO - Processing /home/airflow/.local/lib/python3.12/site-packages/airflow/example_dags/example_python_decorator.py took 0.074 seconds
[2026-05-23T17:20:09.940+0000] {processor.py:186} INFO - Started process (PID=3957) to work on /home/airflow/.local/lib/python3.12/site-packages/airflow/example_dags/example_python_decorator.py
[2026-05-23T17:20:09.940+0000] {processor.py:914} INFO - Processing file /home/airflow/.local/lib/python3.12/site-packages/airflow/example_dags/example_python_decorator.py for tasks to queue
[2026-05-23T17:20:09.942+0000] {logging_mixin.py:190} INFO - [2026-05-23T17:20:09.942+0000] {dagbag.py:588} INFO - Filling up the DagBag from /home/airflow/.local/lib/python3.12/site-packages/airflow/example_dags/example_python_decorator.py
[2026-05-23T17:20:09.953+0000] {processor.py:925} INFO - DAG(s) 'example_python_decorator' retrieved from /home/airflow/.local/lib/python3.12/site-packages/airflow/example_dags/example_python_decorator.py
[2026-05-23T17:20:09.971+0000] {logging_mixin.py:190} INFO - [2026-05-23T17:20:09.971+0000] {dag.py:3239} INFO - Sync 1 DAGs
[2026-05-23T17:20:09.982+0000] {logging_mixin.py:190} INFO - [2026-05-23T17:20:09.982+0000] {dag.py:4180} INFO - Setting next_dagrun for example_python_decorator to None, run_after=None
[2026-05-23T17:20:09.995+0000] {processor.py:208} INFO - Processing /home/airflow/.local/lib/python3.12/site-packages/airflow/example_dags/example_python_decorator.py took 0.059 seconds
[2026-05-23T17:20:40.349+0000] {processor.py:186} INFO - Started process (PID=4021) to work on /home/airflow/.local/lib/python3.12/site-packages/airflow/example_dags/example_python_decorator.py
[2026-05-23T17:20:40.350+0000] {processor.py:914} INFO - Processing file /home/airflow/.local/lib/python3.12/site-packages/airflow/example_dags/example_python_decorator.py for tasks to queue
[2026-05-23T17:20:40.351+0000] {logging_mixin.py:190} INFO - [2026-05-23T17:20:40.351+0000] {dagbag.py:588} INFO - Filling up the DagBag from /home/airflow/.local/lib/python3.12/site-packages/airflow/example_dags/example_python_decorator.py
[2026-05-23T17:20:40.363+0000] {processor.py:925} INFO - DAG(s) 'example_python_decorator' retrieved from /home/airflow/.local/lib/python3.12/site-packages/airflow/example_dags/example_python_decorator.py
[2026-05-23T17:20:40.379+0000] {logging_mixin.py:190} INFO - [2026-05-23T17:20:40.379+0000] {dag.py:3239} INFO - Sync 1 DAGs
[2026-05-23T17:20:40.390+0000] {logging_mixin.py:190} INFO - [2026-05-23T17:20:40.390+0000] {dag.py:4180} INFO - Setting next_dagrun for example_python_decorator to None, run_after=None
[2026-05-23T17:20:40.403+0000] {processor.py:208} INFO - Processing /home/airflow/.local/lib/python3.12/site-packages/airflow/example_dags/example_python_decorator.py took 0.058 seconds
[2026-05-23T17:21:10.939+0000] {processor.py:186} INFO - Started process (PID=4086) to work on /home/airflow/.local/lib/python3.12/site-packages/airflow/example_dags/example_python_decorator.py
[2026-05-23T17:21:10.939+0000] {processor.py:914} INFO - Processing file /home/airflow/.local/lib/python3.12/site-packages/airflow/example_dags/example_python_decorator.py for tasks to queue
[2026-05-23T17:21:10.941+0000] {logging_mixin.py:190} INFO - [2026-05-23T17:21:10.941+0000] {dagbag.py:588} INFO - Filling up the DagBag from /home/airflow/.local/lib/python3.12/site-packages/airflow/example_dags/example_python_decorator.py
[2026-05-23T17:21:10.952+0000] {processor.py:925} INFO - DAG(s) 'example_python_decorator' retrieved from /home/airflow/.local/lib/python3.12/site-packages/airflow/example_dags/example_python_decorator.py
[2026-05-23T17:21:10.969+0000] {logging_mixin.py:190} INFO - [2026-05-23T17:21:10.969+0000] {dag.py:3239} INFO - Sync 1 DAGs
[2026-05-23T17:21:10.980+0000] {logging_mixin.py:190} INFO - [2026-05-23T17:21:10.980+0000] {dag.py:4180} INFO - Setting next_dagrun for example_python_decorator to None, run_after=None
[2026-05-23T17:21:10.992+0000] {processor.py:208} INFO - Processing /home/airflow/.local/lib/python3.12/site-packages/airflow/example_dags/example_python_decorator.py took 0.058 seconds
[2026-05-23T17:21:41.765+0000] {processor.py:186} INFO - Started process (PID=4151) to work on /home/airflow/.local/lib/python3.12/site-packages/airflow/example_dags/example_python_decorator.py
[2026-05-23T17:21:41.766+0000] {processor.py:914} INFO - Processing file /home/airflow/.local/lib/python3.12/site-packages/airflow/example_dags/example_python_decorator.py for tasks to queue
[2026-05-23T17:21:41.768+0000] {logging_mixin.py:190} INFO - [2026-05-23T17:21:41.768+0000] {dagbag.py:588} INFO - Filling up the DagBag from /home/airflow/.local/lib/python3.12/site-packages/airflow/example_dags/example_python_decorator.py
[2026-05-23T17:21:41.784+0000] {processor.py:925} INFO - DAG(s) 'example_python_decorator' retrieved from /home/airflow/.local/lib/python3.12/site-packages/airflow/example_dags/example_python_decorator.py
[2026-05-23T17:21:41.809+0000] {logging_mixin.py:190} INFO - [2026-05-23T17:21:41.808+0000] {dag.py:3239} INFO - Sync 1 DAGs
[2026-05-23T17:21:41.827+0000] {logging_mixin.py:190} INFO - [2026-05-23T17:21:41.827+0000] {dag.py:4180} INFO - Setting next_dagrun for example_python_decorator to None, run_after=None
[2026-05-23T17:21:42.060+0000] {processor.py:208} INFO - Processing /home/airflow/.local/lib/python3.12/site-packages/airflow/example_dags/example_python_decorator.py took 0.301 seconds
[2026-05-23T21:56:23.520+0000] {processor.py:186} INFO - Started process (PID=90) to work on /home/airflow/.local/lib/python3.12/site-packages/airflow/example_dags/example_python_decorator.py
[2026-05-23T21:56:23.521+0000] {processor.py:914} INFO - Processing file /home/airflow/.local/lib/python3.12/site-packages/airflow/example_dags/example_python_decorator.py for tasks to queue
[2026-05-23T21:56:23.523+0000] {logging_mixin.py:190} INFO - [2026-05-23T21:56:23.523+0000] {dagbag.py:588} INFO - Filling up the DagBag from /home/airflow/.local/lib/python3.12/site-packages/airflow/example_dags/example_python_decorator.py
[2026-05-23T21:56:23.541+0000] {processor.py:925} INFO - DAG(s) 'example_python_decorator' retrieved from /home/airflow/.local/lib/python3.12/site-packages/airflow/example_dags/example_python_decorator.py
[2026-05-23T21:56:23.671+0000] {logging_mixin.py:190} INFO - [2026-05-23T21:56:23.671+0000] {dag.py:3239} INFO - Sync 1 DAGs
[2026-05-23T21:56:23.681+0000] {logging_mixin.py:190} INFO - [2026-05-23T21:56:23.681+0000] {dag.py:4180} INFO - Setting next_dagrun for example_python_decorator to None, run_after=None
[2026-05-23T21:56:23.697+0000] {processor.py:208} INFO - Processing /home/airflow/.local/lib/python3.12/site-packages/airflow/example_dags/example_python_decorator.py took 0.181 seconds
