[2026-05-23T16:10:03.333+0000] {processor.py:186} INFO - Started process (PID=103) to work on /home/airflow/.local/lib/python3.12/site-packages/airflow/example_dags/example_local_kubernetes_executor.py
[2026-05-23T16:10:03.334+0000] {processor.py:914} INFO - Processing file /home/airflow/.local/lib/python3.12/site-packages/airflow/example_dags/example_local_kubernetes_executor.py for tasks to queue
[2026-05-23T16:10:03.336+0000] {logging_mixin.py:190} INFO - [2026-05-23T16:10:03.335+0000] {dagbag.py:588} INFO - Filling up the DagBag from /home/airflow/.local/lib/python3.12/site-packages/airflow/example_dags/example_local_kubernetes_executor.py
[2026-05-23T16:10:03.344+0000] {processor.py:925} INFO - DAG(s) 'example_local_kubernetes_executor' retrieved from /home/airflow/.local/lib/python3.12/site-packages/airflow/example_dags/example_local_kubernetes_executor.py
[2026-05-23T16:10:03.368+0000] {logging_mixin.py:190} INFO - [2026-05-23T16:10:03.368+0000] {dag.py:3239} INFO - Sync 1 DAGs
[2026-05-23T16:10:03.382+0000] {logging_mixin.py:190} INFO - [2026-05-23T16:10:03.382+0000] {dag.py:4180} INFO - Setting next_dagrun for example_local_kubernetes_executor to None, run_after=None
[2026-05-23T16:10:03.401+0000] {processor.py:208} INFO - Processing /home/airflow/.local/lib/python3.12/site-packages/airflow/example_dags/example_local_kubernetes_executor.py took 0.073 seconds
[2026-05-23T16:10:33.965+0000] {processor.py:186} INFO - Started process (PID=167) to work on /home/airflow/.local/lib/python3.12/site-packages/airflow/example_dags/example_local_kubernetes_executor.py
[2026-05-23T16:10:33.965+0000] {processor.py:914} INFO - Processing file /home/airflow/.local/lib/python3.12/site-packages/airflow/example_dags/example_local_kubernetes_executor.py for tasks to queue
[2026-05-23T16:10:33.967+0000] {logging_mixin.py:190} INFO - [2026-05-23T16:10:33.966+0000] {dagbag.py:588} INFO - Filling up the DagBag from /home/airflow/.local/lib/python3.12/site-packages/airflow/example_dags/example_local_kubernetes_executor.py
[2026-05-23T16:10:33.974+0000] {processor.py:925} INFO - DAG(s) 'example_local_kubernetes_executor' retrieved from /home/airflow/.local/lib/python3.12/site-packages/airflow/example_dags/example_local_kubernetes_executor.py
[2026-05-23T16:10:33.988+0000] {logging_mixin.py:190} INFO - [2026-05-23T16:10:33.988+0000] {dag.py:3239} INFO - Sync 1 DAGs
[2026-05-23T16:10:33.999+0000] {logging_mixin.py:190} INFO - [2026-05-23T16:10:33.999+0000] {dag.py:4180} INFO - Setting next_dagrun for example_local_kubernetes_executor to None, run_after=None
[2026-05-23T16:10:34.012+0000] {processor.py:208} INFO - Processing /home/airflow/.local/lib/python3.12/site-packages/airflow/example_dags/example_local_kubernetes_executor.py took 0.051 seconds
[2026-05-23T16:11:04.566+0000] {processor.py:186} INFO - Started process (PID=231) to work on /home/airflow/.local/lib/python3.12/site-packages/airflow/example_dags/example_local_kubernetes_executor.py
[2026-05-23T16:11:04.567+0000] {processor.py:914} INFO - Processing file /home/airflow/.local/lib/python3.12/site-packages/airflow/example_dags/example_local_kubernetes_executor.py for tasks to queue
[2026-05-23T16:11:04.568+0000] {logging_mixin.py:190} INFO - [2026-05-23T16:11:04.568+0000] {dagbag.py:588} INFO - Filling up the DagBag from /home/airflow/.local/lib/python3.12/site-packages/airflow/example_dags/example_local_kubernetes_executor.py
[2026-05-23T16:11:04.575+0000] {processor.py:925} INFO - DAG(s) 'example_local_kubernetes_executor' retrieved from /home/airflow/.local/lib/python3.12/site-packages/airflow/example_dags/example_local_kubernetes_executor.py
[2026-05-23T16:11:04.593+0000] {logging_mixin.py:190} INFO - [2026-05-23T16:11:04.592+0000] {dag.py:3239} INFO - Sync 1 DAGs
[2026-05-23T16:11:04.607+0000] {logging_mixin.py:190} INFO - [2026-05-23T16:11:04.606+0000] {dag.py:4180} INFO - Setting next_dagrun for example_local_kubernetes_executor to None, run_after=None
[2026-05-23T16:11:04.623+0000] {processor.py:208} INFO - Processing /home/airflow/.local/lib/python3.12/site-packages/airflow/example_dags/example_local_kubernetes_executor.py took 0.061 seconds
[2026-05-23T16:11:34.985+0000] {processor.py:186} INFO - Started process (PID=295) to work on /home/airflow/.local/lib/python3.12/site-packages/airflow/example_dags/example_local_kubernetes_executor.py
[2026-05-23T16:11:34.986+0000] {processor.py:914} INFO - Processing file /home/airflow/.local/lib/python3.12/site-packages/airflow/example_dags/example_local_kubernetes_executor.py for tasks to queue
[2026-05-23T16:11:34.988+0000] {logging_mixin.py:190} INFO - [2026-05-23T16:11:34.987+0000] {dagbag.py:588} INFO - Filling up the DagBag from /home/airflow/.local/lib/python3.12/site-packages/airflow/example_dags/example_local_kubernetes_executor.py
[2026-05-23T16:11:34.997+0000] {processor.py:925} INFO - DAG(s) 'example_local_kubernetes_executor' retrieved from /home/airflow/.local/lib/python3.12/site-packages/airflow/example_dags/example_local_kubernetes_executor.py
[2026-05-23T16:11:35.023+0000] {logging_mixin.py:190} INFO - [2026-05-23T16:11:35.023+0000] {dag.py:3239} INFO - Sync 1 DAGs
[2026-05-23T16:11:35.038+0000] {logging_mixin.py:190} INFO - [2026-05-23T16:11:35.037+0000] {dag.py:4180} INFO - Setting next_dagrun for example_local_kubernetes_executor to None, run_after=None
[2026-05-23T16:11:35.051+0000] {processor.py:208} INFO - Processing /home/airflow/.local/lib/python3.12/site-packages/airflow/example_dags/example_local_kubernetes_executor.py took 0.072 seconds
[2026-05-23T16:12:07.097+0000] {processor.py:186} INFO - Started process (PID=358) to work on /home/airflow/.local/lib/python3.12/site-packages/airflow/example_dags/example_local_kubernetes_executor.py
[2026-05-23T16:12:07.098+0000] {processor.py:914} INFO - Processing file /home/airflow/.local/lib/python3.12/site-packages/airflow/example_dags/example_local_kubernetes_executor.py for tasks to queue
[2026-05-23T16:12:07.099+0000] {logging_mixin.py:190} INFO - [2026-05-23T16:12:07.099+0000] {dagbag.py:588} INFO - Filling up the DagBag from /home/airflow/.local/lib/python3.12/site-packages/airflow/example_dags/example_local_kubernetes_executor.py
[2026-05-23T16:12:07.109+0000] {processor.py:925} INFO - DAG(s) 'example_local_kubernetes_executor' retrieved from /home/airflow/.local/lib/python3.12/site-packages/airflow/example_dags/example_local_kubernetes_executor.py
[2026-05-23T16:12:07.126+0000] {logging_mixin.py:190} INFO - [2026-05-23T16:12:07.126+0000] {dag.py:3239} INFO - Sync 1 DAGs
[2026-05-23T16:12:07.140+0000] {logging_mixin.py:190} INFO - [2026-05-23T16:12:07.140+0000] {dag.py:4180} INFO - Setting next_dagrun for example_local_kubernetes_executor to None, run_after=None
[2026-05-23T16:12:07.155+0000] {processor.py:208} INFO - Processing /home/airflow/.local/lib/python3.12/site-packages/airflow/example_dags/example_local_kubernetes_executor.py took 0.063 seconds
[2026-05-23T16:12:38.795+0000] {processor.py:186} INFO - Started process (PID=422) to work on /home/airflow/.local/lib/python3.12/site-packages/airflow/example_dags/example_local_kubernetes_executor.py
[2026-05-23T16:12:38.796+0000] {processor.py:914} INFO - Processing file /home/airflow/.local/lib/python3.12/site-packages/airflow/example_dags/example_local_kubernetes_executor.py for tasks to queue
[2026-05-23T16:12:38.798+0000] {logging_mixin.py:190} INFO - [2026-05-23T16:12:38.798+0000] {dagbag.py:588} INFO - Filling up the DagBag from /home/airflow/.local/lib/python3.12/site-packages/airflow/example_dags/example_local_kubernetes_executor.py
[2026-05-23T16:12:38.807+0000] {processor.py:925} INFO - DAG(s) 'example_local_kubernetes_executor' retrieved from /home/airflow/.local/lib/python3.12/site-packages/airflow/example_dags/example_local_kubernetes_executor.py
[2026-05-23T16:12:38.827+0000] {logging_mixin.py:190} INFO - [2026-05-23T16:12:38.827+0000] {dag.py:3239} INFO - Sync 1 DAGs
[2026-05-23T16:12:38.843+0000] {logging_mixin.py:190} INFO - [2026-05-23T16:12:38.843+0000] {dag.py:4180} INFO - Setting next_dagrun for example_local_kubernetes_executor to None, run_after=None
[2026-05-23T16:12:38.859+0000] {processor.py:208} INFO - Processing /home/airflow/.local/lib/python3.12/site-packages/airflow/example_dags/example_local_kubernetes_executor.py took 0.070 seconds
[2026-05-23T16:13:09.223+0000] {processor.py:186} INFO - Started process (PID=486) to work on /home/airflow/.local/lib/python3.12/site-packages/airflow/example_dags/example_local_kubernetes_executor.py
[2026-05-23T16:13:09.224+0000] {processor.py:914} INFO - Processing file /home/airflow/.local/lib/python3.12/site-packages/airflow/example_dags/example_local_kubernetes_executor.py for tasks to queue
[2026-05-23T16:13:09.226+0000] {logging_mixin.py:190} INFO - [2026-05-23T16:13:09.226+0000] {dagbag.py:588} INFO - Filling up the DagBag from /home/airflow/.local/lib/python3.12/site-packages/airflow/example_dags/example_local_kubernetes_executor.py
[2026-05-23T16:13:09.236+0000] {processor.py:925} INFO - DAG(s) 'example_local_kubernetes_executor' retrieved from /home/airflow/.local/lib/python3.12/site-packages/airflow/example_dags/example_local_kubernetes_executor.py
[2026-05-23T16:13:09.257+0000] {logging_mixin.py:190} INFO - [2026-05-23T16:13:09.257+0000] {dag.py:3239} INFO - Sync 1 DAGs
[2026-05-23T16:13:09.274+0000] {logging_mixin.py:190} INFO - [2026-05-23T16:13:09.274+0000] {dag.py:4180} INFO - Setting next_dagrun for example_local_kubernetes_executor to None, run_after=None
[2026-05-23T16:13:09.291+0000] {processor.py:208} INFO - Processing /home/airflow/.local/lib/python3.12/site-packages/airflow/example_dags/example_local_kubernetes_executor.py took 0.075 seconds
[2026-05-23T16:13:39.954+0000] {processor.py:186} INFO - Started process (PID=550) to work on /home/airflow/.local/lib/python3.12/site-packages/airflow/example_dags/example_local_kubernetes_executor.py
[2026-05-23T16:13:39.955+0000] {processor.py:914} INFO - Processing file /home/airflow/.local/lib/python3.12/site-packages/airflow/example_dags/example_local_kubernetes_executor.py for tasks to queue
[2026-05-23T16:13:39.958+0000] {logging_mixin.py:190} INFO - [2026-05-23T16:13:39.958+0000] {dagbag.py:588} INFO - Filling up the DagBag from /home/airflow/.local/lib/python3.12/site-packages/airflow/example_dags/example_local_kubernetes_executor.py
[2026-05-23T16:13:39.968+0000] {processor.py:925} INFO - DAG(s) 'example_local_kubernetes_executor' retrieved from /home/airflow/.local/lib/python3.12/site-packages/airflow/example_dags/example_local_kubernetes_executor.py
[2026-05-23T16:13:39.988+0000] {logging_mixin.py:190} INFO - [2026-05-23T16:13:39.988+0000] {dag.py:3239} INFO - Sync 1 DAGs
[2026-05-23T16:13:40.000+0000] {logging_mixin.py:190} INFO - [2026-05-23T16:13:40.000+0000] {dag.py:4180} INFO - Setting next_dagrun for example_local_kubernetes_executor to None, run_after=None
[2026-05-23T16:13:40.014+0000] {processor.py:208} INFO - Processing /home/airflow/.local/lib/python3.12/site-packages/airflow/example_dags/example_local_kubernetes_executor.py took 0.065 seconds
[2026-05-23T16:14:10.506+0000] {processor.py:186} INFO - Started process (PID=614) to work on /home/airflow/.local/lib/python3.12/site-packages/airflow/example_dags/example_local_kubernetes_executor.py
[2026-05-23T16:14:10.506+0000] {processor.py:914} INFO - Processing file /home/airflow/.local/lib/python3.12/site-packages/airflow/example_dags/example_local_kubernetes_executor.py for tasks to queue
[2026-05-23T16:14:10.508+0000] {logging_mixin.py:190} INFO - [2026-05-23T16:14:10.508+0000] {dagbag.py:588} INFO - Filling up the DagBag from /home/airflow/.local/lib/python3.12/site-packages/airflow/example_dags/example_local_kubernetes_executor.py
[2026-05-23T16:14:10.516+0000] {processor.py:925} INFO - DAG(s) 'example_local_kubernetes_executor' retrieved from /home/airflow/.local/lib/python3.12/site-packages/airflow/example_dags/example_local_kubernetes_executor.py
[2026-05-23T16:14:10.533+0000] {logging_mixin.py:190} INFO - [2026-05-23T16:14:10.533+0000] {dag.py:3239} INFO - Sync 1 DAGs
[2026-05-23T16:14:10.545+0000] {logging_mixin.py:190} INFO - [2026-05-23T16:14:10.545+0000] {dag.py:4180} INFO - Setting next_dagrun for example_local_kubernetes_executor to None, run_after=None
[2026-05-23T16:14:10.562+0000] {processor.py:208} INFO - Processing /home/airflow/.local/lib/python3.12/site-packages/airflow/example_dags/example_local_kubernetes_executor.py took 0.062 seconds
[2026-05-23T16:14:41.607+0000] {processor.py:186} INFO - Started process (PID=678) to work on /home/airflow/.local/lib/python3.12/site-packages/airflow/example_dags/example_local_kubernetes_executor.py
[2026-05-23T16:14:41.607+0000] {processor.py:914} INFO - Processing file /home/airflow/.local/lib/python3.12/site-packages/airflow/example_dags/example_local_kubernetes_executor.py for tasks to queue
[2026-05-23T16:14:41.609+0000] {logging_mixin.py:190} INFO - [2026-05-23T16:14:41.609+0000] {dagbag.py:588} INFO - Filling up the DagBag from /home/airflow/.local/lib/python3.12/site-packages/airflow/example_dags/example_local_kubernetes_executor.py
[2026-05-23T16:14:41.616+0000] {processor.py:925} INFO - DAG(s) 'example_local_kubernetes_executor' retrieved from /home/airflow/.local/lib/python3.12/site-packages/airflow/example_dags/example_local_kubernetes_executor.py
[2026-05-23T16:14:41.632+0000] {logging_mixin.py:190} INFO - [2026-05-23T16:14:41.632+0000] {dag.py:3239} INFO - Sync 1 DAGs
[2026-05-23T16:14:41.646+0000] {logging_mixin.py:190} INFO - [2026-05-23T16:14:41.645+0000] {dag.py:4180} INFO - Setting next_dagrun for example_local_kubernetes_executor to None, run_after=None
[2026-05-23T16:14:41.662+0000] {processor.py:208} INFO - Processing /home/airflow/.local/lib/python3.12/site-packages/airflow/example_dags/example_local_kubernetes_executor.py took 0.059 seconds
[2026-05-23T16:15:12.610+0000] {processor.py:186} INFO - Started process (PID=744) to work on /home/airflow/.local/lib/python3.12/site-packages/airflow/example_dags/example_local_kubernetes_executor.py
[2026-05-23T16:15:12.610+0000] {processor.py:914} INFO - Processing file /home/airflow/.local/lib/python3.12/site-packages/airflow/example_dags/example_local_kubernetes_executor.py for tasks to queue
[2026-05-23T16:15:12.612+0000] {logging_mixin.py:190} INFO - [2026-05-23T16:15:12.611+0000] {dagbag.py:588} INFO - Filling up the DagBag from /home/airflow/.local/lib/python3.12/site-packages/airflow/example_dags/example_local_kubernetes_executor.py
[2026-05-23T16:15:12.619+0000] {processor.py:925} INFO - DAG(s) 'example_local_kubernetes_executor' retrieved from /home/airflow/.local/lib/python3.12/site-packages/airflow/example_dags/example_local_kubernetes_executor.py
[2026-05-23T16:15:12.635+0000] {logging_mixin.py:190} INFO - [2026-05-23T16:15:12.634+0000] {dag.py:3239} INFO - Sync 1 DAGs
[2026-05-23T16:15:12.646+0000] {logging_mixin.py:190} INFO - [2026-05-23T16:15:12.645+0000] {dag.py:4180} INFO - Setting next_dagrun for example_local_kubernetes_executor to None, run_after=None
[2026-05-23T16:15:12.661+0000] {processor.py:208} INFO - Processing /home/airflow/.local/lib/python3.12/site-packages/airflow/example_dags/example_local_kubernetes_executor.py took 0.055 seconds
[2026-05-23T16:15:43.486+0000] {processor.py:186} INFO - Started process (PID=809) to work on /home/airflow/.local/lib/python3.12/site-packages/airflow/example_dags/example_local_kubernetes_executor.py
[2026-05-23T16:15:43.487+0000] {processor.py:914} INFO - Processing file /home/airflow/.local/lib/python3.12/site-packages/airflow/example_dags/example_local_kubernetes_executor.py for tasks to queue
[2026-05-23T16:15:43.489+0000] {logging_mixin.py:190} INFO - [2026-05-23T16:15:43.488+0000] {dagbag.py:588} INFO - Filling up the DagBag from /home/airflow/.local/lib/python3.12/site-packages/airflow/example_dags/example_local_kubernetes_executor.py
[2026-05-23T16:15:43.500+0000] {processor.py:925} INFO - DAG(s) 'example_local_kubernetes_executor' retrieved from /home/airflow/.local/lib/python3.12/site-packages/airflow/example_dags/example_local_kubernetes_executor.py
[2026-05-23T16:15:43.523+0000] {logging_mixin.py:190} INFO - [2026-05-23T16:15:43.523+0000] {dag.py:3239} INFO - Sync 1 DAGs
[2026-05-23T16:15:43.539+0000] {logging_mixin.py:190} INFO - [2026-05-23T16:15:43.539+0000] {dag.py:4180} INFO - Setting next_dagrun for example_local_kubernetes_executor to None, run_after=None
[2026-05-23T16:15:43.558+0000] {processor.py:208} INFO - Processing /home/airflow/.local/lib/python3.12/site-packages/airflow/example_dags/example_local_kubernetes_executor.py took 0.079 seconds
[2026-05-23T16:16:14.873+0000] {processor.py:186} INFO - Started process (PID=874) to work on /home/airflow/.local/lib/python3.12/site-packages/airflow/example_dags/example_local_kubernetes_executor.py
[2026-05-23T16:16:14.874+0000] {processor.py:914} INFO - Processing file /home/airflow/.local/lib/python3.12/site-packages/airflow/example_dags/example_local_kubernetes_executor.py for tasks to queue
[2026-05-23T16:16:14.876+0000] {logging_mixin.py:190} INFO - [2026-05-23T16:16:14.876+0000] {dagbag.py:588} INFO - Filling up the DagBag from /home/airflow/.local/lib/python3.12/site-packages/airflow/example_dags/example_local_kubernetes_executor.py
[2026-05-23T16:16:14.886+0000] {processor.py:925} INFO - DAG(s) 'example_local_kubernetes_executor' retrieved from /home/airflow/.local/lib/python3.12/site-packages/airflow/example_dags/example_local_kubernetes_executor.py
[2026-05-23T16:16:14.907+0000] {logging_mixin.py:190} INFO - [2026-05-23T16:16:14.907+0000] {dag.py:3239} INFO - Sync 1 DAGs
[2026-05-23T16:16:14.922+0000] {logging_mixin.py:190} INFO - [2026-05-23T16:16:14.922+0000] {dag.py:4180} INFO - Setting next_dagrun for example_local_kubernetes_executor to None, run_after=None
[2026-05-23T16:16:14.939+0000] {processor.py:208} INFO - Processing /home/airflow/.local/lib/python3.12/site-packages/airflow/example_dags/example_local_kubernetes_executor.py took 0.072 seconds
[2026-05-23T16:16:46.303+0000] {processor.py:186} INFO - Started process (PID=939) to work on /home/airflow/.local/lib/python3.12/site-packages/airflow/example_dags/example_local_kubernetes_executor.py
[2026-05-23T16:16:46.303+0000] {processor.py:914} INFO - Processing file /home/airflow/.local/lib/python3.12/site-packages/airflow/example_dags/example_local_kubernetes_executor.py for tasks to queue
[2026-05-23T16:16:46.305+0000] {logging_mixin.py:190} INFO - [2026-05-23T16:16:46.304+0000] {dagbag.py:588} INFO - Filling up the DagBag from /home/airflow/.local/lib/python3.12/site-packages/airflow/example_dags/example_local_kubernetes_executor.py
[2026-05-23T16:16:46.311+0000] {processor.py:925} INFO - DAG(s) 'example_local_kubernetes_executor' retrieved from /home/airflow/.local/lib/python3.12/site-packages/airflow/example_dags/example_local_kubernetes_executor.py
[2026-05-23T16:16:46.327+0000] {logging_mixin.py:190} INFO - [2026-05-23T16:16:46.327+0000] {dag.py:3239} INFO - Sync 1 DAGs
[2026-05-23T16:16:46.339+0000] {logging_mixin.py:190} INFO - [2026-05-23T16:16:46.339+0000] {dag.py:4180} INFO - Setting next_dagrun for example_local_kubernetes_executor to None, run_after=None
[2026-05-23T16:16:46.351+0000] {processor.py:208} INFO - Processing /home/airflow/.local/lib/python3.12/site-packages/airflow/example_dags/example_local_kubernetes_executor.py took 0.053 seconds
[2026-05-23T16:17:16.930+0000] {processor.py:186} INFO - Started process (PID=1004) to work on /home/airflow/.local/lib/python3.12/site-packages/airflow/example_dags/example_local_kubernetes_executor.py
[2026-05-23T16:17:16.930+0000] {processor.py:914} INFO - Processing file /home/airflow/.local/lib/python3.12/site-packages/airflow/example_dags/example_local_kubernetes_executor.py for tasks to queue
[2026-05-23T16:17:16.932+0000] {logging_mixin.py:190} INFO - [2026-05-23T16:17:16.932+0000] {dagbag.py:588} INFO - Filling up the DagBag from /home/airflow/.local/lib/python3.12/site-packages/airflow/example_dags/example_local_kubernetes_executor.py
[2026-05-23T16:17:16.940+0000] {processor.py:925} INFO - DAG(s) 'example_local_kubernetes_executor' retrieved from /home/airflow/.local/lib/python3.12/site-packages/airflow/example_dags/example_local_kubernetes_executor.py
[2026-05-23T16:17:16.955+0000] {logging_mixin.py:190} INFO - [2026-05-23T16:17:16.955+0000] {dag.py:3239} INFO - Sync 1 DAGs
[2026-05-23T16:17:16.968+0000] {logging_mixin.py:190} INFO - [2026-05-23T16:17:16.968+0000] {dag.py:4180} INFO - Setting next_dagrun for example_local_kubernetes_executor to None, run_after=None
[2026-05-23T16:17:16.982+0000] {processor.py:208} INFO - Processing /home/airflow/.local/lib/python3.12/site-packages/airflow/example_dags/example_local_kubernetes_executor.py took 0.057 seconds
[2026-05-23T16:17:48.118+0000] {processor.py:186} INFO - Started process (PID=1069) to work on /home/airflow/.local/lib/python3.12/site-packages/airflow/example_dags/example_local_kubernetes_executor.py
[2026-05-23T16:17:48.118+0000] {processor.py:914} INFO - Processing file /home/airflow/.local/lib/python3.12/site-packages/airflow/example_dags/example_local_kubernetes_executor.py for tasks to queue
[2026-05-23T16:17:48.120+0000] {logging_mixin.py:190} INFO - [2026-05-23T16:17:48.119+0000] {dagbag.py:588} INFO - Filling up the DagBag from /home/airflow/.local/lib/python3.12/site-packages/airflow/example_dags/example_local_kubernetes_executor.py
[2026-05-23T16:17:48.128+0000] {processor.py:925} INFO - DAG(s) 'example_local_kubernetes_executor' retrieved from /home/airflow/.local/lib/python3.12/site-packages/airflow/example_dags/example_local_kubernetes_executor.py
[2026-05-23T16:17:48.150+0000] {logging_mixin.py:190} INFO - [2026-05-23T16:17:48.149+0000] {dag.py:3239} INFO - Sync 1 DAGs
[2026-05-23T16:17:48.165+0000] {logging_mixin.py:190} INFO - [2026-05-23T16:17:48.164+0000] {dag.py:4180} INFO - Setting next_dagrun for example_local_kubernetes_executor to None, run_after=None
[2026-05-23T16:17:48.184+0000] {processor.py:208} INFO - Processing /home/airflow/.local/lib/python3.12/site-packages/airflow/example_dags/example_local_kubernetes_executor.py took 0.071 seconds
[2026-05-23T16:18:19.709+0000] {processor.py:186} INFO - Started process (PID=1134) to work on /home/airflow/.local/lib/python3.12/site-packages/airflow/example_dags/example_local_kubernetes_executor.py
[2026-05-23T16:18:19.709+0000] {processor.py:914} INFO - Processing file /home/airflow/.local/lib/python3.12/site-packages/airflow/example_dags/example_local_kubernetes_executor.py for tasks to queue
[2026-05-23T16:18:19.711+0000] {logging_mixin.py:190} INFO - [2026-05-23T16:18:19.710+0000] {dagbag.py:588} INFO - Filling up the DagBag from /home/airflow/.local/lib/python3.12/site-packages/airflow/example_dags/example_local_kubernetes_executor.py
[2026-05-23T16:18:19.718+0000] {processor.py:925} INFO - DAG(s) 'example_local_kubernetes_executor' retrieved from /home/airflow/.local/lib/python3.12/site-packages/airflow/example_dags/example_local_kubernetes_executor.py
[2026-05-23T16:18:19.736+0000] {logging_mixin.py:190} INFO - [2026-05-23T16:18:19.735+0000] {dag.py:3239} INFO - Sync 1 DAGs
[2026-05-23T16:18:19.751+0000] {logging_mixin.py:190} INFO - [2026-05-23T16:18:19.750+0000] {dag.py:4180} INFO - Setting next_dagrun for example_local_kubernetes_executor to None, run_after=None
[2026-05-23T16:18:19.765+0000] {processor.py:208} INFO - Processing /home/airflow/.local/lib/python3.12/site-packages/airflow/example_dags/example_local_kubernetes_executor.py took 0.061 seconds
[2026-05-23T16:18:51.036+0000] {processor.py:186} INFO - Started process (PID=1205) to work on /home/airflow/.local/lib/python3.12/site-packages/airflow/example_dags/example_local_kubernetes_executor.py
[2026-05-23T16:18:51.037+0000] {processor.py:914} INFO - Processing file /home/airflow/.local/lib/python3.12/site-packages/airflow/example_dags/example_local_kubernetes_executor.py for tasks to queue
[2026-05-23T16:18:51.039+0000] {logging_mixin.py:190} INFO - [2026-05-23T16:18:51.038+0000] {dagbag.py:588} INFO - Filling up the DagBag from /home/airflow/.local/lib/python3.12/site-packages/airflow/example_dags/example_local_kubernetes_executor.py
[2026-05-23T16:18:51.047+0000] {processor.py:925} INFO - DAG(s) 'example_local_kubernetes_executor' retrieved from /home/airflow/.local/lib/python3.12/site-packages/airflow/example_dags/example_local_kubernetes_executor.py
[2026-05-23T16:18:51.062+0000] {logging_mixin.py:190} INFO - [2026-05-23T16:18:51.062+0000] {dag.py:3239} INFO - Sync 1 DAGs
[2026-05-23T16:18:51.074+0000] {logging_mixin.py:190} INFO - [2026-05-23T16:18:51.074+0000] {dag.py:4180} INFO - Setting next_dagrun for example_local_kubernetes_executor to None, run_after=None
[2026-05-23T16:18:51.090+0000] {processor.py:208} INFO - Processing /home/airflow/.local/lib/python3.12/site-packages/airflow/example_dags/example_local_kubernetes_executor.py took 0.058 seconds
[2026-05-23T16:19:22.382+0000] {processor.py:186} INFO - Started process (PID=1270) to work on /home/airflow/.local/lib/python3.12/site-packages/airflow/example_dags/example_local_kubernetes_executor.py
[2026-05-23T16:19:22.382+0000] {processor.py:914} INFO - Processing file /home/airflow/.local/lib/python3.12/site-packages/airflow/example_dags/example_local_kubernetes_executor.py for tasks to queue
[2026-05-23T16:19:22.384+0000] {logging_mixin.py:190} INFO - [2026-05-23T16:19:22.384+0000] {dagbag.py:588} INFO - Filling up the DagBag from /home/airflow/.local/lib/python3.12/site-packages/airflow/example_dags/example_local_kubernetes_executor.py
[2026-05-23T16:19:22.391+0000] {processor.py:925} INFO - DAG(s) 'example_local_kubernetes_executor' retrieved from /home/airflow/.local/lib/python3.12/site-packages/airflow/example_dags/example_local_kubernetes_executor.py
[2026-05-23T16:19:22.408+0000] {logging_mixin.py:190} INFO - [2026-05-23T16:19:22.407+0000] {dag.py:3239} INFO - Sync 1 DAGs
[2026-05-23T16:19:22.420+0000] {logging_mixin.py:190} INFO - [2026-05-23T16:19:22.420+0000] {dag.py:4180} INFO - Setting next_dagrun for example_local_kubernetes_executor to None, run_after=None
[2026-05-23T16:19:22.436+0000] {processor.py:208} INFO - Processing /home/airflow/.local/lib/python3.12/site-packages/airflow/example_dags/example_local_kubernetes_executor.py took 0.059 seconds
[2026-05-23T16:19:53.711+0000] {processor.py:186} INFO - Started process (PID=1335) to work on /home/airflow/.local/lib/python3.12/site-packages/airflow/example_dags/example_local_kubernetes_executor.py
[2026-05-23T16:19:53.712+0000] {processor.py:914} INFO - Processing file /home/airflow/.local/lib/python3.12/site-packages/airflow/example_dags/example_local_kubernetes_executor.py for tasks to queue
[2026-05-23T16:19:53.713+0000] {logging_mixin.py:190} INFO - [2026-05-23T16:19:53.713+0000] {dagbag.py:588} INFO - Filling up the DagBag from /home/airflow/.local/lib/python3.12/site-packages/airflow/example_dags/example_local_kubernetes_executor.py
[2026-05-23T16:19:53.723+0000] {processor.py:925} INFO - DAG(s) 'example_local_kubernetes_executor' retrieved from /home/airflow/.local/lib/python3.12/site-packages/airflow/example_dags/example_local_kubernetes_executor.py
[2026-05-23T16:19:53.739+0000] {logging_mixin.py:190} INFO - [2026-05-23T16:19:53.739+0000] {dag.py:3239} INFO - Sync 1 DAGs
[2026-05-23T16:19:53.750+0000] {logging_mixin.py:190} INFO - [2026-05-23T16:19:53.750+0000] {dag.py:4180} INFO - Setting next_dagrun for example_local_kubernetes_executor to None, run_after=None
[2026-05-23T16:19:53.762+0000] {processor.py:208} INFO - Processing /home/airflow/.local/lib/python3.12/site-packages/airflow/example_dags/example_local_kubernetes_executor.py took 0.055 seconds
[2026-05-23T16:20:25.242+0000] {processor.py:186} INFO - Started process (PID=1400) to work on /home/airflow/.local/lib/python3.12/site-packages/airflow/example_dags/example_local_kubernetes_executor.py
[2026-05-23T16:20:25.243+0000] {processor.py:914} INFO - Processing file /home/airflow/.local/lib/python3.12/site-packages/airflow/example_dags/example_local_kubernetes_executor.py for tasks to queue
[2026-05-23T16:20:25.244+0000] {logging_mixin.py:190} INFO - [2026-05-23T16:20:25.244+0000] {dagbag.py:588} INFO - Filling up the DagBag from /home/airflow/.local/lib/python3.12/site-packages/airflow/example_dags/example_local_kubernetes_executor.py
[2026-05-23T16:20:25.251+0000] {processor.py:925} INFO - DAG(s) 'example_local_kubernetes_executor' retrieved from /home/airflow/.local/lib/python3.12/site-packages/airflow/example_dags/example_local_kubernetes_executor.py
[2026-05-23T16:20:25.267+0000] {logging_mixin.py:190} INFO - [2026-05-23T16:20:25.267+0000] {dag.py:3239} INFO - Sync 1 DAGs
[2026-05-23T16:20:25.278+0000] {logging_mixin.py:190} INFO - [2026-05-23T16:20:25.278+0000] {dag.py:4180} INFO - Setting next_dagrun for example_local_kubernetes_executor to None, run_after=None
[2026-05-23T16:20:25.293+0000] {processor.py:208} INFO - Processing /home/airflow/.local/lib/python3.12/site-packages/airflow/example_dags/example_local_kubernetes_executor.py took 0.056 seconds
[2026-05-23T16:20:56.445+0000] {processor.py:186} INFO - Started process (PID=1465) to work on /home/airflow/.local/lib/python3.12/site-packages/airflow/example_dags/example_local_kubernetes_executor.py
[2026-05-23T16:20:56.446+0000] {processor.py:914} INFO - Processing file /home/airflow/.local/lib/python3.12/site-packages/airflow/example_dags/example_local_kubernetes_executor.py for tasks to queue
[2026-05-23T16:20:56.447+0000] {logging_mixin.py:190} INFO - [2026-05-23T16:20:56.447+0000] {dagbag.py:588} INFO - Filling up the DagBag from /home/airflow/.local/lib/python3.12/site-packages/airflow/example_dags/example_local_kubernetes_executor.py
[2026-05-23T16:20:56.454+0000] {processor.py:925} INFO - DAG(s) 'example_local_kubernetes_executor' retrieved from /home/airflow/.local/lib/python3.12/site-packages/airflow/example_dags/example_local_kubernetes_executor.py
[2026-05-23T16:20:56.470+0000] {logging_mixin.py:190} INFO - [2026-05-23T16:20:56.470+0000] {dag.py:3239} INFO - Sync 1 DAGs
[2026-05-23T16:20:56.485+0000] {logging_mixin.py:190} INFO - [2026-05-23T16:20:56.484+0000] {dag.py:4180} INFO - Setting next_dagrun for example_local_kubernetes_executor to None, run_after=None
[2026-05-23T16:20:56.498+0000] {processor.py:208} INFO - Processing /home/airflow/.local/lib/python3.12/site-packages/airflow/example_dags/example_local_kubernetes_executor.py took 0.057 seconds
[2026-05-23T16:21:27.929+0000] {processor.py:186} INFO - Started process (PID=1530) to work on /home/airflow/.local/lib/python3.12/site-packages/airflow/example_dags/example_local_kubernetes_executor.py
[2026-05-23T16:21:27.929+0000] {processor.py:914} INFO - Processing file /home/airflow/.local/lib/python3.12/site-packages/airflow/example_dags/example_local_kubernetes_executor.py for tasks to queue
[2026-05-23T16:21:27.931+0000] {logging_mixin.py:190} INFO - [2026-05-23T16:21:27.931+0000] {dagbag.py:588} INFO - Filling up the DagBag from /home/airflow/.local/lib/python3.12/site-packages/airflow/example_dags/example_local_kubernetes_executor.py
[2026-05-23T16:21:27.940+0000] {processor.py:925} INFO - DAG(s) 'example_local_kubernetes_executor' retrieved from /home/airflow/.local/lib/python3.12/site-packages/airflow/example_dags/example_local_kubernetes_executor.py
[2026-05-23T16:21:27.956+0000] {logging_mixin.py:190} INFO - [2026-05-23T16:21:27.955+0000] {dag.py:3239} INFO - Sync 1 DAGs
[2026-05-23T16:21:27.968+0000] {logging_mixin.py:190} INFO - [2026-05-23T16:21:27.967+0000] {dag.py:4180} INFO - Setting next_dagrun for example_local_kubernetes_executor to None, run_after=None
[2026-05-23T16:21:27.981+0000] {processor.py:208} INFO - Processing /home/airflow/.local/lib/python3.12/site-packages/airflow/example_dags/example_local_kubernetes_executor.py took 0.057 seconds
[2026-05-23T16:21:58.698+0000] {processor.py:186} INFO - Started process (PID=1595) to work on /home/airflow/.local/lib/python3.12/site-packages/airflow/example_dags/example_local_kubernetes_executor.py
[2026-05-23T16:21:58.699+0000] {processor.py:914} INFO - Processing file /home/airflow/.local/lib/python3.12/site-packages/airflow/example_dags/example_local_kubernetes_executor.py for tasks to queue
[2026-05-23T16:21:58.702+0000] {logging_mixin.py:190} INFO - [2026-05-23T16:21:58.702+0000] {dagbag.py:588} INFO - Filling up the DagBag from /home/airflow/.local/lib/python3.12/site-packages/airflow/example_dags/example_local_kubernetes_executor.py
[2026-05-23T16:21:58.712+0000] {processor.py:925} INFO - DAG(s) 'example_local_kubernetes_executor' retrieved from /home/airflow/.local/lib/python3.12/site-packages/airflow/example_dags/example_local_kubernetes_executor.py
[2026-05-23T16:21:58.752+0000] {logging_mixin.py:190} INFO - [2026-05-23T16:21:58.751+0000] {dag.py:3239} INFO - Sync 1 DAGs
[2026-05-23T16:21:58.767+0000] {logging_mixin.py:190} INFO - [2026-05-23T16:21:58.767+0000] {dag.py:4180} INFO - Setting next_dagrun for example_local_kubernetes_executor to None, run_after=None
[2026-05-23T16:21:58.783+0000] {processor.py:208} INFO - Processing /home/airflow/.local/lib/python3.12/site-packages/airflow/example_dags/example_local_kubernetes_executor.py took 0.091 seconds
[2026-05-23T16:22:29.778+0000] {processor.py:186} INFO - Started process (PID=1660) to work on /home/airflow/.local/lib/python3.12/site-packages/airflow/example_dags/example_local_kubernetes_executor.py
[2026-05-23T16:22:29.779+0000] {processor.py:914} INFO - Processing file /home/airflow/.local/lib/python3.12/site-packages/airflow/example_dags/example_local_kubernetes_executor.py for tasks to queue
[2026-05-23T16:22:29.781+0000] {logging_mixin.py:190} INFO - [2026-05-23T16:22:29.781+0000] {dagbag.py:588} INFO - Filling up the DagBag from /home/airflow/.local/lib/python3.12/site-packages/airflow/example_dags/example_local_kubernetes_executor.py
[2026-05-23T16:22:29.790+0000] {processor.py:925} INFO - DAG(s) 'example_local_kubernetes_executor' retrieved from /home/airflow/.local/lib/python3.12/site-packages/airflow/example_dags/example_local_kubernetes_executor.py
[2026-05-23T16:22:29.808+0000] {logging_mixin.py:190} INFO - [2026-05-23T16:22:29.807+0000] {dag.py:3239} INFO - Sync 1 DAGs
[2026-05-23T16:22:29.822+0000] {logging_mixin.py:190} INFO - [2026-05-23T16:22:29.822+0000] {dag.py:4180} INFO - Setting next_dagrun for example_local_kubernetes_executor to None, run_after=None
[2026-05-23T16:22:29.835+0000] {processor.py:208} INFO - Processing /home/airflow/.local/lib/python3.12/site-packages/airflow/example_dags/example_local_kubernetes_executor.py took 0.063 seconds
[2026-05-23T16:23:00.955+0000] {processor.py:186} INFO - Started process (PID=1725) to work on /home/airflow/.local/lib/python3.12/site-packages/airflow/example_dags/example_local_kubernetes_executor.py
[2026-05-23T16:23:00.956+0000] {processor.py:914} INFO - Processing file /home/airflow/.local/lib/python3.12/site-packages/airflow/example_dags/example_local_kubernetes_executor.py for tasks to queue
[2026-05-23T16:23:00.957+0000] {logging_mixin.py:190} INFO - [2026-05-23T16:23:00.957+0000] {dagbag.py:588} INFO - Filling up the DagBag from /home/airflow/.local/lib/python3.12/site-packages/airflow/example_dags/example_local_kubernetes_executor.py
[2026-05-23T16:23:00.965+0000] {processor.py:925} INFO - DAG(s) 'example_local_kubernetes_executor' retrieved from /home/airflow/.local/lib/python3.12/site-packages/airflow/example_dags/example_local_kubernetes_executor.py
[2026-05-23T16:23:00.980+0000] {logging_mixin.py:190} INFO - [2026-05-23T16:23:00.980+0000] {dag.py:3239} INFO - Sync 1 DAGs
[2026-05-23T16:23:00.990+0000] {logging_mixin.py:190} INFO - [2026-05-23T16:23:00.990+0000] {dag.py:4180} INFO - Setting next_dagrun for example_local_kubernetes_executor to None, run_after=None
[2026-05-23T16:23:01.003+0000] {processor.py:208} INFO - Processing /home/airflow/.local/lib/python3.12/site-packages/airflow/example_dags/example_local_kubernetes_executor.py took 0.052 seconds
[2026-05-23T16:23:31.856+0000] {processor.py:186} INFO - Started process (PID=1790) to work on /home/airflow/.local/lib/python3.12/site-packages/airflow/example_dags/example_local_kubernetes_executor.py
[2026-05-23T16:23:31.857+0000] {processor.py:914} INFO - Processing file /home/airflow/.local/lib/python3.12/site-packages/airflow/example_dags/example_local_kubernetes_executor.py for tasks to queue
[2026-05-23T16:23:31.859+0000] {logging_mixin.py:190} INFO - [2026-05-23T16:23:31.858+0000] {dagbag.py:588} INFO - Filling up the DagBag from /home/airflow/.local/lib/python3.12/site-packages/airflow/example_dags/example_local_kubernetes_executor.py
[2026-05-23T16:23:31.868+0000] {processor.py:925} INFO - DAG(s) 'example_local_kubernetes_executor' retrieved from /home/airflow/.local/lib/python3.12/site-packages/airflow/example_dags/example_local_kubernetes_executor.py
[2026-05-23T16:23:31.886+0000] {logging_mixin.py:190} INFO - [2026-05-23T16:23:31.886+0000] {dag.py:3239} INFO - Sync 1 DAGs
[2026-05-23T16:23:31.902+0000] {logging_mixin.py:190} INFO - [2026-05-23T16:23:31.901+0000] {dag.py:4180} INFO - Setting next_dagrun for example_local_kubernetes_executor to None, run_after=None
[2026-05-23T16:23:31.918+0000] {processor.py:208} INFO - Processing /home/airflow/.local/lib/python3.12/site-packages/airflow/example_dags/example_local_kubernetes_executor.py took 0.068 seconds
[2026-05-23T16:24:02.824+0000] {processor.py:186} INFO - Started process (PID=1855) to work on /home/airflow/.local/lib/python3.12/site-packages/airflow/example_dags/example_local_kubernetes_executor.py
[2026-05-23T16:24:02.824+0000] {processor.py:914} INFO - Processing file /home/airflow/.local/lib/python3.12/site-packages/airflow/example_dags/example_local_kubernetes_executor.py for tasks to queue
[2026-05-23T16:24:02.826+0000] {logging_mixin.py:190} INFO - [2026-05-23T16:24:02.826+0000] {dagbag.py:588} INFO - Filling up the DagBag from /home/airflow/.local/lib/python3.12/site-packages/airflow/example_dags/example_local_kubernetes_executor.py
[2026-05-23T16:24:02.833+0000] {processor.py:925} INFO - DAG(s) 'example_local_kubernetes_executor' retrieved from /home/airflow/.local/lib/python3.12/site-packages/airflow/example_dags/example_local_kubernetes_executor.py
[2026-05-23T16:24:02.852+0000] {logging_mixin.py:190} INFO - [2026-05-23T16:24:02.851+0000] {dag.py:3239} INFO - Sync 1 DAGs
[2026-05-23T16:24:02.867+0000] {logging_mixin.py:190} INFO - [2026-05-23T16:24:02.867+0000] {dag.py:4180} INFO - Setting next_dagrun for example_local_kubernetes_executor to None, run_after=None
[2026-05-23T16:24:02.881+0000] {processor.py:208} INFO - Processing /home/airflow/.local/lib/python3.12/site-packages/airflow/example_dags/example_local_kubernetes_executor.py took 0.062 seconds
[2026-05-23T16:24:33.546+0000] {processor.py:186} INFO - Started process (PID=1920) to work on /home/airflow/.local/lib/python3.12/site-packages/airflow/example_dags/example_local_kubernetes_executor.py
[2026-05-23T16:24:33.547+0000] {processor.py:914} INFO - Processing file /home/airflow/.local/lib/python3.12/site-packages/airflow/example_dags/example_local_kubernetes_executor.py for tasks to queue
[2026-05-23T16:24:33.548+0000] {logging_mixin.py:190} INFO - [2026-05-23T16:24:33.548+0000] {dagbag.py:588} INFO - Filling up the DagBag from /home/airflow/.local/lib/python3.12/site-packages/airflow/example_dags/example_local_kubernetes_executor.py
[2026-05-23T16:24:33.556+0000] {processor.py:925} INFO - DAG(s) 'example_local_kubernetes_executor' retrieved from /home/airflow/.local/lib/python3.12/site-packages/airflow/example_dags/example_local_kubernetes_executor.py
[2026-05-23T16:24:33.572+0000] {logging_mixin.py:190} INFO - [2026-05-23T16:24:33.572+0000] {dag.py:3239} INFO - Sync 1 DAGs
[2026-05-23T16:24:33.583+0000] {logging_mixin.py:190} INFO - [2026-05-23T16:24:33.583+0000] {dag.py:4180} INFO - Setting next_dagrun for example_local_kubernetes_executor to None, run_after=None
[2026-05-23T16:24:33.597+0000] {processor.py:208} INFO - Processing /home/airflow/.local/lib/python3.12/site-packages/airflow/example_dags/example_local_kubernetes_executor.py took 0.055 seconds
[2026-05-23T16:25:04.979+0000] {processor.py:186} INFO - Started process (PID=1984) to work on /home/airflow/.local/lib/python3.12/site-packages/airflow/example_dags/example_local_kubernetes_executor.py
[2026-05-23T16:25:04.980+0000] {processor.py:914} INFO - Processing file /home/airflow/.local/lib/python3.12/site-packages/airflow/example_dags/example_local_kubernetes_executor.py for tasks to queue
[2026-05-23T16:25:04.981+0000] {logging_mixin.py:190} INFO - [2026-05-23T16:25:04.981+0000] {dagbag.py:588} INFO - Filling up the DagBag from /home/airflow/.local/lib/python3.12/site-packages/airflow/example_dags/example_local_kubernetes_executor.py
[2026-05-23T16:25:04.988+0000] {processor.py:925} INFO - DAG(s) 'example_local_kubernetes_executor' retrieved from /home/airflow/.local/lib/python3.12/site-packages/airflow/example_dags/example_local_kubernetes_executor.py
[2026-05-23T16:25:05.003+0000] {logging_mixin.py:190} INFO - [2026-05-23T16:25:05.003+0000] {dag.py:3239} INFO - Sync 1 DAGs
[2026-05-23T16:25:05.014+0000] {logging_mixin.py:190} INFO - [2026-05-23T16:25:05.014+0000] {dag.py:4180} INFO - Setting next_dagrun for example_local_kubernetes_executor to None, run_after=None
[2026-05-23T16:25:05.026+0000] {processor.py:208} INFO - Processing /home/airflow/.local/lib/python3.12/site-packages/airflow/example_dags/example_local_kubernetes_executor.py took 0.051 seconds
[2026-05-23T16:25:36.472+0000] {processor.py:186} INFO - Started process (PID=2049) to work on /home/airflow/.local/lib/python3.12/site-packages/airflow/example_dags/example_local_kubernetes_executor.py
[2026-05-23T16:25:36.473+0000] {processor.py:914} INFO - Processing file /home/airflow/.local/lib/python3.12/site-packages/airflow/example_dags/example_local_kubernetes_executor.py for tasks to queue
[2026-05-23T16:25:36.474+0000] {logging_mixin.py:190} INFO - [2026-05-23T16:25:36.474+0000] {dagbag.py:588} INFO - Filling up the DagBag from /home/airflow/.local/lib/python3.12/site-packages/airflow/example_dags/example_local_kubernetes_executor.py
[2026-05-23T16:25:36.481+0000] {processor.py:925} INFO - DAG(s) 'example_local_kubernetes_executor' retrieved from /home/airflow/.local/lib/python3.12/site-packages/airflow/example_dags/example_local_kubernetes_executor.py
[2026-05-23T16:25:36.496+0000] {logging_mixin.py:190} INFO - [2026-05-23T16:25:36.496+0000] {dag.py:3239} INFO - Sync 1 DAGs
[2026-05-23T16:25:36.507+0000] {logging_mixin.py:190} INFO - [2026-05-23T16:25:36.507+0000] {dag.py:4180} INFO - Setting next_dagrun for example_local_kubernetes_executor to None, run_after=None
[2026-05-23T16:25:36.521+0000] {processor.py:208} INFO - Processing /home/airflow/.local/lib/python3.12/site-packages/airflow/example_dags/example_local_kubernetes_executor.py took 0.054 seconds
[2026-05-23T16:26:07.888+0000] {processor.py:186} INFO - Started process (PID=2114) to work on /home/airflow/.local/lib/python3.12/site-packages/airflow/example_dags/example_local_kubernetes_executor.py
[2026-05-23T16:26:07.888+0000] {processor.py:914} INFO - Processing file /home/airflow/.local/lib/python3.12/site-packages/airflow/example_dags/example_local_kubernetes_executor.py for tasks to queue
[2026-05-23T16:26:07.890+0000] {logging_mixin.py:190} INFO - [2026-05-23T16:26:07.890+0000] {dagbag.py:588} INFO - Filling up the DagBag from /home/airflow/.local/lib/python3.12/site-packages/airflow/example_dags/example_local_kubernetes_executor.py
[2026-05-23T16:26:07.899+0000] {processor.py:925} INFO - DAG(s) 'example_local_kubernetes_executor' retrieved from /home/airflow/.local/lib/python3.12/site-packages/airflow/example_dags/example_local_kubernetes_executor.py
[2026-05-23T16:26:07.933+0000] {logging_mixin.py:190} INFO - [2026-05-23T16:26:07.933+0000] {dag.py:3239} INFO - Sync 1 DAGs
[2026-05-23T16:26:07.949+0000] {logging_mixin.py:190} INFO - [2026-05-23T16:26:07.949+0000] {dag.py:4180} INFO - Setting next_dagrun for example_local_kubernetes_executor to None, run_after=None
[2026-05-23T16:26:07.967+0000] {processor.py:208} INFO - Processing /home/airflow/.local/lib/python3.12/site-packages/airflow/example_dags/example_local_kubernetes_executor.py took 0.086 seconds
[2026-05-23T16:26:39.401+0000] {processor.py:186} INFO - Started process (PID=2179) to work on /home/airflow/.local/lib/python3.12/site-packages/airflow/example_dags/example_local_kubernetes_executor.py
[2026-05-23T16:26:39.401+0000] {processor.py:914} INFO - Processing file /home/airflow/.local/lib/python3.12/site-packages/airflow/example_dags/example_local_kubernetes_executor.py for tasks to queue
[2026-05-23T16:26:39.403+0000] {logging_mixin.py:190} INFO - [2026-05-23T16:26:39.403+0000] {dagbag.py:588} INFO - Filling up the DagBag from /home/airflow/.local/lib/python3.12/site-packages/airflow/example_dags/example_local_kubernetes_executor.py
[2026-05-23T16:26:39.410+0000] {processor.py:925} INFO - DAG(s) 'example_local_kubernetes_executor' retrieved from /home/airflow/.local/lib/python3.12/site-packages/airflow/example_dags/example_local_kubernetes_executor.py
[2026-05-23T16:26:39.426+0000] {logging_mixin.py:190} INFO - [2026-05-23T16:26:39.426+0000] {dag.py:3239} INFO - Sync 1 DAGs
[2026-05-23T16:26:39.437+0000] {logging_mixin.py:190} INFO - [2026-05-23T16:26:39.437+0000] {dag.py:4180} INFO - Setting next_dagrun for example_local_kubernetes_executor to None, run_after=None
[2026-05-23T16:26:39.452+0000] {processor.py:208} INFO - Processing /home/airflow/.local/lib/python3.12/site-packages/airflow/example_dags/example_local_kubernetes_executor.py took 0.055 seconds
[2026-05-23T16:27:10.830+0000] {processor.py:186} INFO - Started process (PID=2245) to work on /home/airflow/.local/lib/python3.12/site-packages/airflow/example_dags/example_local_kubernetes_executor.py
[2026-05-23T16:27:10.830+0000] {processor.py:914} INFO - Processing file /home/airflow/.local/lib/python3.12/site-packages/airflow/example_dags/example_local_kubernetes_executor.py for tasks to queue
[2026-05-23T16:27:10.832+0000] {logging_mixin.py:190} INFO - [2026-05-23T16:27:10.832+0000] {dagbag.py:588} INFO - Filling up the DagBag from /home/airflow/.local/lib/python3.12/site-packages/airflow/example_dags/example_local_kubernetes_executor.py
[2026-05-23T16:27:10.839+0000] {processor.py:925} INFO - DAG(s) 'example_local_kubernetes_executor' retrieved from /home/airflow/.local/lib/python3.12/site-packages/airflow/example_dags/example_local_kubernetes_executor.py
[2026-05-23T16:27:10.854+0000] {logging_mixin.py:190} INFO - [2026-05-23T16:27:10.854+0000] {dag.py:3239} INFO - Sync 1 DAGs
[2026-05-23T16:27:10.866+0000] {logging_mixin.py:190} INFO - [2026-05-23T16:27:10.866+0000] {dag.py:4180} INFO - Setting next_dagrun for example_local_kubernetes_executor to None, run_after=None
[2026-05-23T16:27:10.882+0000] {processor.py:208} INFO - Processing /home/airflow/.local/lib/python3.12/site-packages/airflow/example_dags/example_local_kubernetes_executor.py took 0.056 seconds
[2026-05-23T16:27:42.202+0000] {processor.py:186} INFO - Started process (PID=2310) to work on /home/airflow/.local/lib/python3.12/site-packages/airflow/example_dags/example_local_kubernetes_executor.py
[2026-05-23T16:27:42.203+0000] {processor.py:914} INFO - Processing file /home/airflow/.local/lib/python3.12/site-packages/airflow/example_dags/example_local_kubernetes_executor.py for tasks to queue
[2026-05-23T16:27:42.204+0000] {logging_mixin.py:190} INFO - [2026-05-23T16:27:42.204+0000] {dagbag.py:588} INFO - Filling up the DagBag from /home/airflow/.local/lib/python3.12/site-packages/airflow/example_dags/example_local_kubernetes_executor.py
[2026-05-23T16:27:42.212+0000] {processor.py:925} INFO - DAG(s) 'example_local_kubernetes_executor' retrieved from /home/airflow/.local/lib/python3.12/site-packages/airflow/example_dags/example_local_kubernetes_executor.py
[2026-05-23T16:27:42.230+0000] {logging_mixin.py:190} INFO - [2026-05-23T16:27:42.230+0000] {dag.py:3239} INFO - Sync 1 DAGs
[2026-05-23T16:27:42.243+0000] {logging_mixin.py:190} INFO - [2026-05-23T16:27:42.242+0000] {dag.py:4180} INFO - Setting next_dagrun for example_local_kubernetes_executor to None, run_after=None
[2026-05-23T16:27:42.259+0000] {processor.py:208} INFO - Processing /home/airflow/.local/lib/python3.12/site-packages/airflow/example_dags/example_local_kubernetes_executor.py took 0.061 seconds
[2026-05-23T16:28:13.657+0000] {processor.py:186} INFO - Started process (PID=2375) to work on /home/airflow/.local/lib/python3.12/site-packages/airflow/example_dags/example_local_kubernetes_executor.py
[2026-05-23T16:28:13.657+0000] {processor.py:914} INFO - Processing file /home/airflow/.local/lib/python3.12/site-packages/airflow/example_dags/example_local_kubernetes_executor.py for tasks to queue
[2026-05-23T16:28:13.659+0000] {logging_mixin.py:190} INFO - [2026-05-23T16:28:13.659+0000] {dagbag.py:588} INFO - Filling up the DagBag from /home/airflow/.local/lib/python3.12/site-packages/airflow/example_dags/example_local_kubernetes_executor.py
[2026-05-23T16:28:13.668+0000] {processor.py:925} INFO - DAG(s) 'example_local_kubernetes_executor' retrieved from /home/airflow/.local/lib/python3.12/site-packages/airflow/example_dags/example_local_kubernetes_executor.py
[2026-05-23T16:28:13.686+0000] {logging_mixin.py:190} INFO - [2026-05-23T16:28:13.686+0000] {dag.py:3239} INFO - Sync 1 DAGs
[2026-05-23T16:28:13.699+0000] {logging_mixin.py:190} INFO - [2026-05-23T16:28:13.699+0000] {dag.py:4180} INFO - Setting next_dagrun for example_local_kubernetes_executor to None, run_after=None
[2026-05-23T16:28:13.717+0000] {processor.py:208} INFO - Processing /home/airflow/.local/lib/python3.12/site-packages/airflow/example_dags/example_local_kubernetes_executor.py took 0.067 seconds
[2026-05-23T16:28:44.764+0000] {processor.py:186} INFO - Started process (PID=2440) to work on /home/airflow/.local/lib/python3.12/site-packages/airflow/example_dags/example_local_kubernetes_executor.py
[2026-05-23T16:28:44.765+0000] {processor.py:914} INFO - Processing file /home/airflow/.local/lib/python3.12/site-packages/airflow/example_dags/example_local_kubernetes_executor.py for tasks to queue
[2026-05-23T16:28:44.767+0000] {logging_mixin.py:190} INFO - [2026-05-23T16:28:44.766+0000] {dagbag.py:588} INFO - Filling up the DagBag from /home/airflow/.local/lib/python3.12/site-packages/airflow/example_dags/example_local_kubernetes_executor.py
[2026-05-23T16:28:44.776+0000] {processor.py:925} INFO - DAG(s) 'example_local_kubernetes_executor' retrieved from /home/airflow/.local/lib/python3.12/site-packages/airflow/example_dags/example_local_kubernetes_executor.py
[2026-05-23T16:28:44.796+0000] {logging_mixin.py:190} INFO - [2026-05-23T16:28:44.795+0000] {dag.py:3239} INFO - Sync 1 DAGs
[2026-05-23T16:28:44.811+0000] {logging_mixin.py:190} INFO - [2026-05-23T16:28:44.811+0000] {dag.py:4180} INFO - Setting next_dagrun for example_local_kubernetes_executor to None, run_after=None
[2026-05-23T16:28:44.828+0000] {processor.py:208} INFO - Processing /home/airflow/.local/lib/python3.12/site-packages/airflow/example_dags/example_local_kubernetes_executor.py took 0.070 seconds
[2026-05-23T16:29:15.725+0000] {processor.py:186} INFO - Started process (PID=2505) to work on /home/airflow/.local/lib/python3.12/site-packages/airflow/example_dags/example_local_kubernetes_executor.py
[2026-05-23T16:29:15.725+0000] {processor.py:914} INFO - Processing file /home/airflow/.local/lib/python3.12/site-packages/airflow/example_dags/example_local_kubernetes_executor.py for tasks to queue
[2026-05-23T16:29:15.727+0000] {logging_mixin.py:190} INFO - [2026-05-23T16:29:15.726+0000] {dagbag.py:588} INFO - Filling up the DagBag from /home/airflow/.local/lib/python3.12/site-packages/airflow/example_dags/example_local_kubernetes_executor.py
[2026-05-23T16:29:15.734+0000] {processor.py:925} INFO - DAG(s) 'example_local_kubernetes_executor' retrieved from /home/airflow/.local/lib/python3.12/site-packages/airflow/example_dags/example_local_kubernetes_executor.py
[2026-05-23T16:29:15.751+0000] {logging_mixin.py:190} INFO - [2026-05-23T16:29:15.751+0000] {dag.py:3239} INFO - Sync 1 DAGs
[2026-05-23T16:29:15.762+0000] {logging_mixin.py:190} INFO - [2026-05-23T16:29:15.762+0000] {dag.py:4180} INFO - Setting next_dagrun for example_local_kubernetes_executor to None, run_after=None
[2026-05-23T16:29:15.776+0000] {processor.py:208} INFO - Processing /home/airflow/.local/lib/python3.12/site-packages/airflow/example_dags/example_local_kubernetes_executor.py took 0.055 seconds
[2026-05-23T16:29:46.478+0000] {processor.py:186} INFO - Started process (PID=2570) to work on /home/airflow/.local/lib/python3.12/site-packages/airflow/example_dags/example_local_kubernetes_executor.py
[2026-05-23T16:29:46.479+0000] {processor.py:914} INFO - Processing file /home/airflow/.local/lib/python3.12/site-packages/airflow/example_dags/example_local_kubernetes_executor.py for tasks to queue
[2026-05-23T16:29:46.480+0000] {logging_mixin.py:190} INFO - [2026-05-23T16:29:46.480+0000] {dagbag.py:588} INFO - Filling up the DagBag from /home/airflow/.local/lib/python3.12/site-packages/airflow/example_dags/example_local_kubernetes_executor.py
[2026-05-23T16:29:46.488+0000] {processor.py:925} INFO - DAG(s) 'example_local_kubernetes_executor' retrieved from /home/airflow/.local/lib/python3.12/site-packages/airflow/example_dags/example_local_kubernetes_executor.py
[2026-05-23T16:29:46.503+0000] {logging_mixin.py:190} INFO - [2026-05-23T16:29:46.503+0000] {dag.py:3239} INFO - Sync 1 DAGs
[2026-05-23T16:29:46.514+0000] {logging_mixin.py:190} INFO - [2026-05-23T16:29:46.514+0000] {dag.py:4180} INFO - Setting next_dagrun for example_local_kubernetes_executor to None, run_after=None
[2026-05-23T16:29:46.527+0000] {processor.py:208} INFO - Processing /home/airflow/.local/lib/python3.12/site-packages/airflow/example_dags/example_local_kubernetes_executor.py took 0.053 seconds
[2026-05-23T16:30:18.295+0000] {processor.py:186} INFO - Started process (PID=2636) to work on /home/airflow/.local/lib/python3.12/site-packages/airflow/example_dags/example_local_kubernetes_executor.py
[2026-05-23T16:30:18.296+0000] {processor.py:914} INFO - Processing file /home/airflow/.local/lib/python3.12/site-packages/airflow/example_dags/example_local_kubernetes_executor.py for tasks to queue
[2026-05-23T16:30:18.297+0000] {logging_mixin.py:190} INFO - [2026-05-23T16:30:18.297+0000] {dagbag.py:588} INFO - Filling up the DagBag from /home/airflow/.local/lib/python3.12/site-packages/airflow/example_dags/example_local_kubernetes_executor.py
[2026-05-23T16:30:18.304+0000] {processor.py:925} INFO - DAG(s) 'example_local_kubernetes_executor' retrieved from /home/airflow/.local/lib/python3.12/site-packages/airflow/example_dags/example_local_kubernetes_executor.py
[2026-05-23T16:30:18.320+0000] {logging_mixin.py:190} INFO - [2026-05-23T16:30:18.320+0000] {dag.py:3239} INFO - Sync 1 DAGs
[2026-05-23T16:30:18.333+0000] {logging_mixin.py:190} INFO - [2026-05-23T16:30:18.333+0000] {dag.py:4180} INFO - Setting next_dagrun for example_local_kubernetes_executor to None, run_after=None
[2026-05-23T16:30:18.347+0000] {processor.py:208} INFO - Processing /home/airflow/.local/lib/python3.12/site-packages/airflow/example_dags/example_local_kubernetes_executor.py took 0.056 seconds
[2026-05-23T16:30:49.284+0000] {processor.py:186} INFO - Started process (PID=2701) to work on /home/airflow/.local/lib/python3.12/site-packages/airflow/example_dags/example_local_kubernetes_executor.py
[2026-05-23T16:30:49.284+0000] {processor.py:914} INFO - Processing file /home/airflow/.local/lib/python3.12/site-packages/airflow/example_dags/example_local_kubernetes_executor.py for tasks to queue
[2026-05-23T16:30:49.286+0000] {logging_mixin.py:190} INFO - [2026-05-23T16:30:49.286+0000] {dagbag.py:588} INFO - Filling up the DagBag from /home/airflow/.local/lib/python3.12/site-packages/airflow/example_dags/example_local_kubernetes_executor.py
[2026-05-23T16:30:49.294+0000] {processor.py:925} INFO - DAG(s) 'example_local_kubernetes_executor' retrieved from /home/airflow/.local/lib/python3.12/site-packages/airflow/example_dags/example_local_kubernetes_executor.py
[2026-05-23T16:30:49.310+0000] {logging_mixin.py:190} INFO - [2026-05-23T16:30:49.310+0000] {dag.py:3239} INFO - Sync 1 DAGs
[2026-05-23T16:30:49.322+0000] {logging_mixin.py:190} INFO - [2026-05-23T16:30:49.322+0000] {dag.py:4180} INFO - Setting next_dagrun for example_local_kubernetes_executor to None, run_after=None
[2026-05-23T16:30:49.335+0000] {processor.py:208} INFO - Processing /home/airflow/.local/lib/python3.12/site-packages/airflow/example_dags/example_local_kubernetes_executor.py took 0.056 seconds
[2026-05-23T16:31:20.981+0000] {processor.py:186} INFO - Started process (PID=2766) to work on /home/airflow/.local/lib/python3.12/site-packages/airflow/example_dags/example_local_kubernetes_executor.py
[2026-05-23T16:31:20.982+0000] {processor.py:914} INFO - Processing file /home/airflow/.local/lib/python3.12/site-packages/airflow/example_dags/example_local_kubernetes_executor.py for tasks to queue
[2026-05-23T16:31:20.983+0000] {logging_mixin.py:190} INFO - [2026-05-23T16:31:20.983+0000] {dagbag.py:588} INFO - Filling up the DagBag from /home/airflow/.local/lib/python3.12/site-packages/airflow/example_dags/example_local_kubernetes_executor.py
[2026-05-23T16:31:20.991+0000] {processor.py:925} INFO - DAG(s) 'example_local_kubernetes_executor' retrieved from /home/airflow/.local/lib/python3.12/site-packages/airflow/example_dags/example_local_kubernetes_executor.py
[2026-05-23T16:31:21.005+0000] {logging_mixin.py:190} INFO - [2026-05-23T16:31:21.005+0000] {dag.py:3239} INFO - Sync 1 DAGs
[2026-05-23T16:31:21.016+0000] {logging_mixin.py:190} INFO - [2026-05-23T16:31:21.016+0000] {dag.py:4180} INFO - Setting next_dagrun for example_local_kubernetes_executor to None, run_after=None
[2026-05-23T16:31:21.029+0000] {processor.py:208} INFO - Processing /home/airflow/.local/lib/python3.12/site-packages/airflow/example_dags/example_local_kubernetes_executor.py took 0.052 seconds
[2026-05-23T16:31:52.083+0000] {processor.py:186} INFO - Started process (PID=2831) to work on /home/airflow/.local/lib/python3.12/site-packages/airflow/example_dags/example_local_kubernetes_executor.py
[2026-05-23T16:31:52.083+0000] {processor.py:914} INFO - Processing file /home/airflow/.local/lib/python3.12/site-packages/airflow/example_dags/example_local_kubernetes_executor.py for tasks to queue
[2026-05-23T16:31:52.085+0000] {logging_mixin.py:190} INFO - [2026-05-23T16:31:52.084+0000] {dagbag.py:588} INFO - Filling up the DagBag from /home/airflow/.local/lib/python3.12/site-packages/airflow/example_dags/example_local_kubernetes_executor.py
[2026-05-23T16:31:52.092+0000] {processor.py:925} INFO - DAG(s) 'example_local_kubernetes_executor' retrieved from /home/airflow/.local/lib/python3.12/site-packages/airflow/example_dags/example_local_kubernetes_executor.py
[2026-05-23T16:31:52.108+0000] {logging_mixin.py:190} INFO - [2026-05-23T16:31:52.108+0000] {dag.py:3239} INFO - Sync 1 DAGs
[2026-05-23T16:31:52.119+0000] {logging_mixin.py:190} INFO - [2026-05-23T16:31:52.119+0000] {dag.py:4180} INFO - Setting next_dagrun for example_local_kubernetes_executor to None, run_after=None
[2026-05-23T16:31:52.132+0000] {processor.py:208} INFO - Processing /home/airflow/.local/lib/python3.12/site-packages/airflow/example_dags/example_local_kubernetes_executor.py took 0.054 seconds
[2026-05-23T16:32:24.426+0000] {processor.py:186} INFO - Started process (PID=2903) to work on /home/airflow/.local/lib/python3.12/site-packages/airflow/example_dags/example_local_kubernetes_executor.py
[2026-05-23T16:32:24.426+0000] {processor.py:914} INFO - Processing file /home/airflow/.local/lib/python3.12/site-packages/airflow/example_dags/example_local_kubernetes_executor.py for tasks to queue
[2026-05-23T16:32:24.428+0000] {logging_mixin.py:190} INFO - [2026-05-23T16:32:24.427+0000] {dagbag.py:588} INFO - Filling up the DagBag from /home/airflow/.local/lib/python3.12/site-packages/airflow/example_dags/example_local_kubernetes_executor.py
[2026-05-23T16:32:24.435+0000] {processor.py:925} INFO - DAG(s) 'example_local_kubernetes_executor' retrieved from /home/airflow/.local/lib/python3.12/site-packages/airflow/example_dags/example_local_kubernetes_executor.py
[2026-05-23T16:32:24.449+0000] {logging_mixin.py:190} INFO - [2026-05-23T16:32:24.449+0000] {dag.py:3239} INFO - Sync 1 DAGs
[2026-05-23T16:32:24.462+0000] {logging_mixin.py:190} INFO - [2026-05-23T16:32:24.462+0000] {dag.py:4180} INFO - Setting next_dagrun for example_local_kubernetes_executor to None, run_after=None
[2026-05-23T16:32:24.477+0000] {processor.py:208} INFO - Processing /home/airflow/.local/lib/python3.12/site-packages/airflow/example_dags/example_local_kubernetes_executor.py took 0.055 seconds
[2026-05-23T16:32:55.705+0000] {processor.py:186} INFO - Started process (PID=2968) to work on /home/airflow/.local/lib/python3.12/site-packages/airflow/example_dags/example_local_kubernetes_executor.py
[2026-05-23T16:32:55.706+0000] {processor.py:914} INFO - Processing file /home/airflow/.local/lib/python3.12/site-packages/airflow/example_dags/example_local_kubernetes_executor.py for tasks to queue
[2026-05-23T16:32:55.708+0000] {logging_mixin.py:190} INFO - [2026-05-23T16:32:55.708+0000] {dagbag.py:588} INFO - Filling up the DagBag from /home/airflow/.local/lib/python3.12/site-packages/airflow/example_dags/example_local_kubernetes_executor.py
[2026-05-23T16:32:55.716+0000] {processor.py:925} INFO - DAG(s) 'example_local_kubernetes_executor' retrieved from /home/airflow/.local/lib/python3.12/site-packages/airflow/example_dags/example_local_kubernetes_executor.py
[2026-05-23T16:32:55.735+0000] {logging_mixin.py:190} INFO - [2026-05-23T16:32:55.734+0000] {dag.py:3239} INFO - Sync 1 DAGs
[2026-05-23T16:32:55.750+0000] {logging_mixin.py:190} INFO - [2026-05-23T16:32:55.750+0000] {dag.py:4180} INFO - Setting next_dagrun for example_local_kubernetes_executor to None, run_after=None
[2026-05-23T16:32:55.767+0000] {processor.py:208} INFO - Processing /home/airflow/.local/lib/python3.12/site-packages/airflow/example_dags/example_local_kubernetes_executor.py took 0.067 seconds
[2026-05-23T16:33:26.524+0000] {processor.py:186} INFO - Started process (PID=3033) to work on /home/airflow/.local/lib/python3.12/site-packages/airflow/example_dags/example_local_kubernetes_executor.py
[2026-05-23T16:33:26.525+0000] {processor.py:914} INFO - Processing file /home/airflow/.local/lib/python3.12/site-packages/airflow/example_dags/example_local_kubernetes_executor.py for tasks to queue
[2026-05-23T16:33:26.527+0000] {logging_mixin.py:190} INFO - [2026-05-23T16:33:26.527+0000] {dagbag.py:588} INFO - Filling up the DagBag from /home/airflow/.local/lib/python3.12/site-packages/airflow/example_dags/example_local_kubernetes_executor.py
[2026-05-23T16:33:26.541+0000] {processor.py:925} INFO - DAG(s) 'example_local_kubernetes_executor' retrieved from /home/airflow/.local/lib/python3.12/site-packages/airflow/example_dags/example_local_kubernetes_executor.py
[2026-05-23T16:33:26.564+0000] {logging_mixin.py:190} INFO - [2026-05-23T16:33:26.563+0000] {dag.py:3239} INFO - Sync 1 DAGs
[2026-05-23T16:33:26.590+0000] {logging_mixin.py:190} INFO - [2026-05-23T16:33:26.589+0000] {dag.py:4180} INFO - Setting next_dagrun for example_local_kubernetes_executor to None, run_after=None
[2026-05-23T16:33:26.609+0000] {processor.py:208} INFO - Processing /home/airflow/.local/lib/python3.12/site-packages/airflow/example_dags/example_local_kubernetes_executor.py took 0.091 seconds
[2026-05-23T16:33:57.590+0000] {processor.py:186} INFO - Started process (PID=3098) to work on /home/airflow/.local/lib/python3.12/site-packages/airflow/example_dags/example_local_kubernetes_executor.py
[2026-05-23T16:33:57.591+0000] {processor.py:914} INFO - Processing file /home/airflow/.local/lib/python3.12/site-packages/airflow/example_dags/example_local_kubernetes_executor.py for tasks to queue
[2026-05-23T16:33:57.593+0000] {logging_mixin.py:190} INFO - [2026-05-23T16:33:57.593+0000] {dagbag.py:588} INFO - Filling up the DagBag from /home/airflow/.local/lib/python3.12/site-packages/airflow/example_dags/example_local_kubernetes_executor.py
[2026-05-23T16:33:57.602+0000] {processor.py:925} INFO - DAG(s) 'example_local_kubernetes_executor' retrieved from /home/airflow/.local/lib/python3.12/site-packages/airflow/example_dags/example_local_kubernetes_executor.py
[2026-05-23T16:33:57.621+0000] {logging_mixin.py:190} INFO - [2026-05-23T16:33:57.621+0000] {dag.py:3239} INFO - Sync 1 DAGs
[2026-05-23T16:33:57.633+0000] {logging_mixin.py:190} INFO - [2026-05-23T16:33:57.633+0000] {dag.py:4180} INFO - Setting next_dagrun for example_local_kubernetes_executor to None, run_after=None
[2026-05-23T16:33:57.646+0000] {processor.py:208} INFO - Processing /home/airflow/.local/lib/python3.12/site-packages/airflow/example_dags/example_local_kubernetes_executor.py took 0.060 seconds
[2026-05-23T16:34:28.149+0000] {processor.py:186} INFO - Started process (PID=3163) to work on /home/airflow/.local/lib/python3.12/site-packages/airflow/example_dags/example_local_kubernetes_executor.py
[2026-05-23T16:34:28.149+0000] {processor.py:914} INFO - Processing file /home/airflow/.local/lib/python3.12/site-packages/airflow/example_dags/example_local_kubernetes_executor.py for tasks to queue
[2026-05-23T16:34:28.151+0000] {logging_mixin.py:190} INFO - [2026-05-23T16:34:28.150+0000] {dagbag.py:588} INFO - Filling up the DagBag from /home/airflow/.local/lib/python3.12/site-packages/airflow/example_dags/example_local_kubernetes_executor.py
[2026-05-23T16:34:28.158+0000] {processor.py:925} INFO - DAG(s) 'example_local_kubernetes_executor' retrieved from /home/airflow/.local/lib/python3.12/site-packages/airflow/example_dags/example_local_kubernetes_executor.py
[2026-05-23T16:34:28.177+0000] {logging_mixin.py:190} INFO - [2026-05-23T16:34:28.176+0000] {dag.py:3239} INFO - Sync 1 DAGs
[2026-05-23T16:34:28.192+0000] {logging_mixin.py:190} INFO - [2026-05-23T16:34:28.192+0000] {dag.py:4180} INFO - Setting next_dagrun for example_local_kubernetes_executor to None, run_after=None
[2026-05-23T16:34:28.208+0000] {processor.py:208} INFO - Processing /home/airflow/.local/lib/python3.12/site-packages/airflow/example_dags/example_local_kubernetes_executor.py took 0.064 seconds
[2026-05-23T16:34:59.781+0000] {processor.py:186} INFO - Started process (PID=3228) to work on /home/airflow/.local/lib/python3.12/site-packages/airflow/example_dags/example_local_kubernetes_executor.py
[2026-05-23T16:34:59.781+0000] {processor.py:914} INFO - Processing file /home/airflow/.local/lib/python3.12/site-packages/airflow/example_dags/example_local_kubernetes_executor.py for tasks to queue
[2026-05-23T16:34:59.783+0000] {logging_mixin.py:190} INFO - [2026-05-23T16:34:59.783+0000] {dagbag.py:588} INFO - Filling up the DagBag from /home/airflow/.local/lib/python3.12/site-packages/airflow/example_dags/example_local_kubernetes_executor.py
[2026-05-23T16:34:59.792+0000] {processor.py:925} INFO - DAG(s) 'example_local_kubernetes_executor' retrieved from /home/airflow/.local/lib/python3.12/site-packages/airflow/example_dags/example_local_kubernetes_executor.py
[2026-05-23T16:34:59.807+0000] {logging_mixin.py:190} INFO - [2026-05-23T16:34:59.807+0000] {dag.py:3239} INFO - Sync 1 DAGs
[2026-05-23T16:34:59.819+0000] {logging_mixin.py:190} INFO - [2026-05-23T16:34:59.818+0000] {dag.py:4180} INFO - Setting next_dagrun for example_local_kubernetes_executor to None, run_after=None
[2026-05-23T16:34:59.832+0000] {processor.py:208} INFO - Processing /home/airflow/.local/lib/python3.12/site-packages/airflow/example_dags/example_local_kubernetes_executor.py took 0.056 seconds
[2026-05-23T16:35:30.877+0000] {processor.py:186} INFO - Started process (PID=3293) to work on /home/airflow/.local/lib/python3.12/site-packages/airflow/example_dags/example_local_kubernetes_executor.py
[2026-05-23T16:35:30.878+0000] {processor.py:914} INFO - Processing file /home/airflow/.local/lib/python3.12/site-packages/airflow/example_dags/example_local_kubernetes_executor.py for tasks to queue
[2026-05-23T16:35:30.880+0000] {logging_mixin.py:190} INFO - [2026-05-23T16:35:30.879+0000] {dagbag.py:588} INFO - Filling up the DagBag from /home/airflow/.local/lib/python3.12/site-packages/airflow/example_dags/example_local_kubernetes_executor.py
[2026-05-23T16:35:30.890+0000] {processor.py:925} INFO - DAG(s) 'example_local_kubernetes_executor' retrieved from /home/airflow/.local/lib/python3.12/site-packages/airflow/example_dags/example_local_kubernetes_executor.py
[2026-05-23T16:35:30.907+0000] {logging_mixin.py:190} INFO - [2026-05-23T16:35:30.907+0000] {dag.py:3239} INFO - Sync 1 DAGs
[2026-05-23T16:35:30.919+0000] {logging_mixin.py:190} INFO - [2026-05-23T16:35:30.919+0000] {dag.py:4180} INFO - Setting next_dagrun for example_local_kubernetes_executor to None, run_after=None
[2026-05-23T16:35:30.934+0000] {processor.py:208} INFO - Processing /home/airflow/.local/lib/python3.12/site-packages/airflow/example_dags/example_local_kubernetes_executor.py took 0.063 seconds
[2026-05-23T16:36:01.886+0000] {processor.py:186} INFO - Started process (PID=3358) to work on /home/airflow/.local/lib/python3.12/site-packages/airflow/example_dags/example_local_kubernetes_executor.py
[2026-05-23T16:36:01.887+0000] {processor.py:914} INFO - Processing file /home/airflow/.local/lib/python3.12/site-packages/airflow/example_dags/example_local_kubernetes_executor.py for tasks to queue
[2026-05-23T16:36:01.888+0000] {logging_mixin.py:190} INFO - [2026-05-23T16:36:01.888+0000] {dagbag.py:588} INFO - Filling up the DagBag from /home/airflow/.local/lib/python3.12/site-packages/airflow/example_dags/example_local_kubernetes_executor.py
[2026-05-23T16:36:01.896+0000] {processor.py:925} INFO - DAG(s) 'example_local_kubernetes_executor' retrieved from /home/airflow/.local/lib/python3.12/site-packages/airflow/example_dags/example_local_kubernetes_executor.py
[2026-05-23T16:36:01.914+0000] {logging_mixin.py:190} INFO - [2026-05-23T16:36:01.914+0000] {dag.py:3239} INFO - Sync 1 DAGs
[2026-05-23T16:36:01.929+0000] {logging_mixin.py:190} INFO - [2026-05-23T16:36:01.928+0000] {dag.py:4180} INFO - Setting next_dagrun for example_local_kubernetes_executor to None, run_after=None
[2026-05-23T16:36:01.945+0000] {processor.py:208} INFO - Processing /home/airflow/.local/lib/python3.12/site-packages/airflow/example_dags/example_local_kubernetes_executor.py took 0.064 seconds
[2026-05-23T16:36:33.215+0000] {processor.py:186} INFO - Started process (PID=3423) to work on /home/airflow/.local/lib/python3.12/site-packages/airflow/example_dags/example_local_kubernetes_executor.py
[2026-05-23T16:36:33.216+0000] {processor.py:914} INFO - Processing file /home/airflow/.local/lib/python3.12/site-packages/airflow/example_dags/example_local_kubernetes_executor.py for tasks to queue
[2026-05-23T16:36:33.217+0000] {logging_mixin.py:190} INFO - [2026-05-23T16:36:33.217+0000] {dagbag.py:588} INFO - Filling up the DagBag from /home/airflow/.local/lib/python3.12/site-packages/airflow/example_dags/example_local_kubernetes_executor.py
[2026-05-23T16:36:33.224+0000] {processor.py:925} INFO - DAG(s) 'example_local_kubernetes_executor' retrieved from /home/airflow/.local/lib/python3.12/site-packages/airflow/example_dags/example_local_kubernetes_executor.py
[2026-05-23T16:36:33.242+0000] {logging_mixin.py:190} INFO - [2026-05-23T16:36:33.242+0000] {dag.py:3239} INFO - Sync 1 DAGs
[2026-05-23T16:36:33.258+0000] {logging_mixin.py:190} INFO - [2026-05-23T16:36:33.258+0000] {dag.py:4180} INFO - Setting next_dagrun for example_local_kubernetes_executor to None, run_after=None
[2026-05-23T16:36:33.273+0000] {processor.py:208} INFO - Processing /home/airflow/.local/lib/python3.12/site-packages/airflow/example_dags/example_local_kubernetes_executor.py took 0.062 seconds
[2026-05-23T16:37:04.193+0000] {processor.py:186} INFO - Started process (PID=3488) to work on /home/airflow/.local/lib/python3.12/site-packages/airflow/example_dags/example_local_kubernetes_executor.py
[2026-05-23T16:37:04.193+0000] {processor.py:914} INFO - Processing file /home/airflow/.local/lib/python3.12/site-packages/airflow/example_dags/example_local_kubernetes_executor.py for tasks to queue
[2026-05-23T16:37:04.195+0000] {logging_mixin.py:190} INFO - [2026-05-23T16:37:04.194+0000] {dagbag.py:588} INFO - Filling up the DagBag from /home/airflow/.local/lib/python3.12/site-packages/airflow/example_dags/example_local_kubernetes_executor.py
[2026-05-23T16:37:04.202+0000] {processor.py:925} INFO - DAG(s) 'example_local_kubernetes_executor' retrieved from /home/airflow/.local/lib/python3.12/site-packages/airflow/example_dags/example_local_kubernetes_executor.py
[2026-05-23T16:37:04.216+0000] {logging_mixin.py:190} INFO - [2026-05-23T16:37:04.216+0000] {dag.py:3239} INFO - Sync 1 DAGs
[2026-05-23T16:37:04.230+0000] {logging_mixin.py:190} INFO - [2026-05-23T16:37:04.230+0000] {dag.py:4180} INFO - Setting next_dagrun for example_local_kubernetes_executor to None, run_after=None
[2026-05-23T16:37:04.247+0000] {processor.py:208} INFO - Processing /home/airflow/.local/lib/python3.12/site-packages/airflow/example_dags/example_local_kubernetes_executor.py took 0.059 seconds
[2026-05-23T16:37:34.910+0000] {processor.py:186} INFO - Started process (PID=3553) to work on /home/airflow/.local/lib/python3.12/site-packages/airflow/example_dags/example_local_kubernetes_executor.py
[2026-05-23T16:37:34.911+0000] {processor.py:914} INFO - Processing file /home/airflow/.local/lib/python3.12/site-packages/airflow/example_dags/example_local_kubernetes_executor.py for tasks to queue
[2026-05-23T16:37:34.912+0000] {logging_mixin.py:190} INFO - [2026-05-23T16:37:34.912+0000] {dagbag.py:588} INFO - Filling up the DagBag from /home/airflow/.local/lib/python3.12/site-packages/airflow/example_dags/example_local_kubernetes_executor.py
[2026-05-23T16:37:34.919+0000] {processor.py:925} INFO - DAG(s) 'example_local_kubernetes_executor' retrieved from /home/airflow/.local/lib/python3.12/site-packages/airflow/example_dags/example_local_kubernetes_executor.py
[2026-05-23T16:37:34.934+0000] {logging_mixin.py:190} INFO - [2026-05-23T16:37:34.934+0000] {dag.py:3239} INFO - Sync 1 DAGs
[2026-05-23T16:37:34.945+0000] {logging_mixin.py:190} INFO - [2026-05-23T16:37:34.945+0000] {dag.py:4180} INFO - Setting next_dagrun for example_local_kubernetes_executor to None, run_after=None
[2026-05-23T16:37:34.962+0000] {processor.py:208} INFO - Processing /home/airflow/.local/lib/python3.12/site-packages/airflow/example_dags/example_local_kubernetes_executor.py took 0.056 seconds
[2026-05-23T16:38:06.249+0000] {processor.py:186} INFO - Started process (PID=3618) to work on /home/airflow/.local/lib/python3.12/site-packages/airflow/example_dags/example_local_kubernetes_executor.py
[2026-05-23T16:38:06.249+0000] {processor.py:914} INFO - Processing file /home/airflow/.local/lib/python3.12/site-packages/airflow/example_dags/example_local_kubernetes_executor.py for tasks to queue
[2026-05-23T16:38:06.251+0000] {logging_mixin.py:190} INFO - [2026-05-23T16:38:06.251+0000] {dagbag.py:588} INFO - Filling up the DagBag from /home/airflow/.local/lib/python3.12/site-packages/airflow/example_dags/example_local_kubernetes_executor.py
[2026-05-23T16:38:06.261+0000] {processor.py:925} INFO - DAG(s) 'example_local_kubernetes_executor' retrieved from /home/airflow/.local/lib/python3.12/site-packages/airflow/example_dags/example_local_kubernetes_executor.py
[2026-05-23T16:38:06.277+0000] {logging_mixin.py:190} INFO - [2026-05-23T16:38:06.276+0000] {dag.py:3239} INFO - Sync 1 DAGs
[2026-05-23T16:38:06.287+0000] {logging_mixin.py:190} INFO - [2026-05-23T16:38:06.287+0000] {dag.py:4180} INFO - Setting next_dagrun for example_local_kubernetes_executor to None, run_after=None
[2026-05-23T16:38:06.300+0000] {processor.py:208} INFO - Processing /home/airflow/.local/lib/python3.12/site-packages/airflow/example_dags/example_local_kubernetes_executor.py took 0.057 seconds
[2026-05-23T16:38:37.389+0000] {processor.py:186} INFO - Started process (PID=3683) to work on /home/airflow/.local/lib/python3.12/site-packages/airflow/example_dags/example_local_kubernetes_executor.py
[2026-05-23T16:38:37.390+0000] {processor.py:914} INFO - Processing file /home/airflow/.local/lib/python3.12/site-packages/airflow/example_dags/example_local_kubernetes_executor.py for tasks to queue
[2026-05-23T16:38:37.391+0000] {logging_mixin.py:190} INFO - [2026-05-23T16:38:37.391+0000] {dagbag.py:588} INFO - Filling up the DagBag from /home/airflow/.local/lib/python3.12/site-packages/airflow/example_dags/example_local_kubernetes_executor.py
[2026-05-23T16:38:37.398+0000] {processor.py:925} INFO - DAG(s) 'example_local_kubernetes_executor' retrieved from /home/airflow/.local/lib/python3.12/site-packages/airflow/example_dags/example_local_kubernetes_executor.py
[2026-05-23T16:38:37.414+0000] {logging_mixin.py:190} INFO - [2026-05-23T16:38:37.413+0000] {dag.py:3239} INFO - Sync 1 DAGs
[2026-05-23T16:38:37.424+0000] {logging_mixin.py:190} INFO - [2026-05-23T16:38:37.424+0000] {dag.py:4180} INFO - Setting next_dagrun for example_local_kubernetes_executor to None, run_after=None
[2026-05-23T16:38:37.437+0000] {processor.py:208} INFO - Processing /home/airflow/.local/lib/python3.12/site-packages/airflow/example_dags/example_local_kubernetes_executor.py took 0.052 seconds
[2026-05-23T16:39:08.050+0000] {processor.py:186} INFO - Started process (PID=3748) to work on /home/airflow/.local/lib/python3.12/site-packages/airflow/example_dags/example_local_kubernetes_executor.py
[2026-05-23T16:39:08.050+0000] {processor.py:914} INFO - Processing file /home/airflow/.local/lib/python3.12/site-packages/airflow/example_dags/example_local_kubernetes_executor.py for tasks to queue
[2026-05-23T16:39:08.052+0000] {logging_mixin.py:190} INFO - [2026-05-23T16:39:08.052+0000] {dagbag.py:588} INFO - Filling up the DagBag from /home/airflow/.local/lib/python3.12/site-packages/airflow/example_dags/example_local_kubernetes_executor.py
[2026-05-23T16:39:08.061+0000] {processor.py:925} INFO - DAG(s) 'example_local_kubernetes_executor' retrieved from /home/airflow/.local/lib/python3.12/site-packages/airflow/example_dags/example_local_kubernetes_executor.py
[2026-05-23T16:39:08.077+0000] {logging_mixin.py:190} INFO - [2026-05-23T16:39:08.076+0000] {dag.py:3239} INFO - Sync 1 DAGs
[2026-05-23T16:39:08.089+0000] {logging_mixin.py:190} INFO - [2026-05-23T16:39:08.089+0000] {dag.py:4180} INFO - Setting next_dagrun for example_local_kubernetes_executor to None, run_after=None
[2026-05-23T16:39:08.102+0000] {processor.py:208} INFO - Processing /home/airflow/.local/lib/python3.12/site-packages/airflow/example_dags/example_local_kubernetes_executor.py took 0.058 seconds
[2026-05-23T16:39:38.425+0000] {processor.py:186} INFO - Started process (PID=3812) to work on /home/airflow/.local/lib/python3.12/site-packages/airflow/example_dags/example_local_kubernetes_executor.py
[2026-05-23T16:39:38.426+0000] {processor.py:914} INFO - Processing file /home/airflow/.local/lib/python3.12/site-packages/airflow/example_dags/example_local_kubernetes_executor.py for tasks to queue
[2026-05-23T16:39:38.428+0000] {logging_mixin.py:190} INFO - [2026-05-23T16:39:38.427+0000] {dagbag.py:588} INFO - Filling up the DagBag from /home/airflow/.local/lib/python3.12/site-packages/airflow/example_dags/example_local_kubernetes_executor.py
[2026-05-23T16:39:38.435+0000] {processor.py:925} INFO - DAG(s) 'example_local_kubernetes_executor' retrieved from /home/airflow/.local/lib/python3.12/site-packages/airflow/example_dags/example_local_kubernetes_executor.py
[2026-05-23T16:39:38.451+0000] {logging_mixin.py:190} INFO - [2026-05-23T16:39:38.450+0000] {dag.py:3239} INFO - Sync 1 DAGs
[2026-05-23T16:39:38.462+0000] {logging_mixin.py:190} INFO - [2026-05-23T16:39:38.462+0000] {dag.py:4180} INFO - Setting next_dagrun for example_local_kubernetes_executor to None, run_after=None
[2026-05-23T16:39:38.476+0000] {processor.py:208} INFO - Processing /home/airflow/.local/lib/python3.12/site-packages/airflow/example_dags/example_local_kubernetes_executor.py took 0.054 seconds
[2026-05-23T16:40:09.310+0000] {processor.py:186} INFO - Started process (PID=3876) to work on /home/airflow/.local/lib/python3.12/site-packages/airflow/example_dags/example_local_kubernetes_executor.py
[2026-05-23T16:40:09.310+0000] {processor.py:914} INFO - Processing file /home/airflow/.local/lib/python3.12/site-packages/airflow/example_dags/example_local_kubernetes_executor.py for tasks to queue
[2026-05-23T16:40:09.312+0000] {logging_mixin.py:190} INFO - [2026-05-23T16:40:09.312+0000] {dagbag.py:588} INFO - Filling up the DagBag from /home/airflow/.local/lib/python3.12/site-packages/airflow/example_dags/example_local_kubernetes_executor.py
[2026-05-23T16:40:09.320+0000] {processor.py:925} INFO - DAG(s) 'example_local_kubernetes_executor' retrieved from /home/airflow/.local/lib/python3.12/site-packages/airflow/example_dags/example_local_kubernetes_executor.py
[2026-05-23T16:40:09.338+0000] {logging_mixin.py:190} INFO - [2026-05-23T16:40:09.338+0000] {dag.py:3239} INFO - Sync 1 DAGs
[2026-05-23T16:40:09.350+0000] {logging_mixin.py:190} INFO - [2026-05-23T16:40:09.349+0000] {dag.py:4180} INFO - Setting next_dagrun for example_local_kubernetes_executor to None, run_after=None
[2026-05-23T16:40:09.363+0000] {processor.py:208} INFO - Processing /home/airflow/.local/lib/python3.12/site-packages/airflow/example_dags/example_local_kubernetes_executor.py took 0.058 seconds
[2026-05-23T16:40:40.258+0000] {processor.py:186} INFO - Started process (PID=3941) to work on /home/airflow/.local/lib/python3.12/site-packages/airflow/example_dags/example_local_kubernetes_executor.py
[2026-05-23T16:40:40.259+0000] {processor.py:914} INFO - Processing file /home/airflow/.local/lib/python3.12/site-packages/airflow/example_dags/example_local_kubernetes_executor.py for tasks to queue
[2026-05-23T16:40:40.261+0000] {logging_mixin.py:190} INFO - [2026-05-23T16:40:40.261+0000] {dagbag.py:588} INFO - Filling up the DagBag from /home/airflow/.local/lib/python3.12/site-packages/airflow/example_dags/example_local_kubernetes_executor.py
[2026-05-23T16:40:40.270+0000] {processor.py:925} INFO - DAG(s) 'example_local_kubernetes_executor' retrieved from /home/airflow/.local/lib/python3.12/site-packages/airflow/example_dags/example_local_kubernetes_executor.py
[2026-05-23T16:40:40.287+0000] {logging_mixin.py:190} INFO - [2026-05-23T16:40:40.287+0000] {dag.py:3239} INFO - Sync 1 DAGs
[2026-05-23T16:40:40.299+0000] {logging_mixin.py:190} INFO - [2026-05-23T16:40:40.299+0000] {dag.py:4180} INFO - Setting next_dagrun for example_local_kubernetes_executor to None, run_after=None
[2026-05-23T16:40:40.314+0000] {processor.py:208} INFO - Processing /home/airflow/.local/lib/python3.12/site-packages/airflow/example_dags/example_local_kubernetes_executor.py took 0.062 seconds
[2026-05-23T16:41:11.633+0000] {processor.py:186} INFO - Started process (PID=4006) to work on /home/airflow/.local/lib/python3.12/site-packages/airflow/example_dags/example_local_kubernetes_executor.py
[2026-05-23T16:41:11.634+0000] {processor.py:914} INFO - Processing file /home/airflow/.local/lib/python3.12/site-packages/airflow/example_dags/example_local_kubernetes_executor.py for tasks to queue
[2026-05-23T16:41:11.635+0000] {logging_mixin.py:190} INFO - [2026-05-23T16:41:11.635+0000] {dagbag.py:588} INFO - Filling up the DagBag from /home/airflow/.local/lib/python3.12/site-packages/airflow/example_dags/example_local_kubernetes_executor.py
[2026-05-23T16:41:11.644+0000] {processor.py:925} INFO - DAG(s) 'example_local_kubernetes_executor' retrieved from /home/airflow/.local/lib/python3.12/site-packages/airflow/example_dags/example_local_kubernetes_executor.py
[2026-05-23T16:41:11.663+0000] {logging_mixin.py:190} INFO - [2026-05-23T16:41:11.663+0000] {dag.py:3239} INFO - Sync 1 DAGs
[2026-05-23T16:41:11.678+0000] {logging_mixin.py:190} INFO - [2026-05-23T16:41:11.678+0000] {dag.py:4180} INFO - Setting next_dagrun for example_local_kubernetes_executor to None, run_after=None
[2026-05-23T16:41:11.821+0000] {processor.py:208} INFO - Processing /home/airflow/.local/lib/python3.12/site-packages/airflow/example_dags/example_local_kubernetes_executor.py took 0.193 seconds
[2026-05-23T16:41:42.378+0000] {processor.py:186} INFO - Started process (PID=4071) to work on /home/airflow/.local/lib/python3.12/site-packages/airflow/example_dags/example_local_kubernetes_executor.py
[2026-05-23T16:41:42.378+0000] {processor.py:914} INFO - Processing file /home/airflow/.local/lib/python3.12/site-packages/airflow/example_dags/example_local_kubernetes_executor.py for tasks to queue
[2026-05-23T16:41:42.380+0000] {logging_mixin.py:190} INFO - [2026-05-23T16:41:42.379+0000] {dagbag.py:588} INFO - Filling up the DagBag from /home/airflow/.local/lib/python3.12/site-packages/airflow/example_dags/example_local_kubernetes_executor.py
[2026-05-23T16:41:42.387+0000] {processor.py:925} INFO - DAG(s) 'example_local_kubernetes_executor' retrieved from /home/airflow/.local/lib/python3.12/site-packages/airflow/example_dags/example_local_kubernetes_executor.py
[2026-05-23T16:41:42.405+0000] {logging_mixin.py:190} INFO - [2026-05-23T16:41:42.405+0000] {dag.py:3239} INFO - Sync 1 DAGs
[2026-05-23T16:41:42.418+0000] {logging_mixin.py:190} INFO - [2026-05-23T16:41:42.418+0000] {dag.py:4180} INFO - Setting next_dagrun for example_local_kubernetes_executor to None, run_after=None
[2026-05-23T16:41:42.432+0000] {processor.py:208} INFO - Processing /home/airflow/.local/lib/python3.12/site-packages/airflow/example_dags/example_local_kubernetes_executor.py took 0.059 seconds
[2026-05-23T16:42:13.068+0000] {processor.py:186} INFO - Started process (PID=4135) to work on /home/airflow/.local/lib/python3.12/site-packages/airflow/example_dags/example_local_kubernetes_executor.py
[2026-05-23T16:42:13.069+0000] {processor.py:914} INFO - Processing file /home/airflow/.local/lib/python3.12/site-packages/airflow/example_dags/example_local_kubernetes_executor.py for tasks to queue
[2026-05-23T16:42:13.071+0000] {logging_mixin.py:190} INFO - [2026-05-23T16:42:13.071+0000] {dagbag.py:588} INFO - Filling up the DagBag from /home/airflow/.local/lib/python3.12/site-packages/airflow/example_dags/example_local_kubernetes_executor.py
[2026-05-23T16:42:13.078+0000] {processor.py:925} INFO - DAG(s) 'example_local_kubernetes_executor' retrieved from /home/airflow/.local/lib/python3.12/site-packages/airflow/example_dags/example_local_kubernetes_executor.py
[2026-05-23T16:42:13.098+0000] {logging_mixin.py:190} INFO - [2026-05-23T16:42:13.098+0000] {dag.py:3239} INFO - Sync 1 DAGs
[2026-05-23T16:42:13.113+0000] {logging_mixin.py:190} INFO - [2026-05-23T16:42:13.113+0000] {dag.py:4180} INFO - Setting next_dagrun for example_local_kubernetes_executor to None, run_after=None
[2026-05-23T16:42:13.128+0000] {processor.py:208} INFO - Processing /home/airflow/.local/lib/python3.12/site-packages/airflow/example_dags/example_local_kubernetes_executor.py took 0.065 seconds
[2026-05-23T16:42:43.959+0000] {processor.py:186} INFO - Started process (PID=4201) to work on /home/airflow/.local/lib/python3.12/site-packages/airflow/example_dags/example_local_kubernetes_executor.py
[2026-05-23T16:42:43.960+0000] {processor.py:914} INFO - Processing file /home/airflow/.local/lib/python3.12/site-packages/airflow/example_dags/example_local_kubernetes_executor.py for tasks to queue
[2026-05-23T16:42:43.962+0000] {logging_mixin.py:190} INFO - [2026-05-23T16:42:43.962+0000] {dagbag.py:588} INFO - Filling up the DagBag from /home/airflow/.local/lib/python3.12/site-packages/airflow/example_dags/example_local_kubernetes_executor.py
[2026-05-23T16:42:43.970+0000] {processor.py:925} INFO - DAG(s) 'example_local_kubernetes_executor' retrieved from /home/airflow/.local/lib/python3.12/site-packages/airflow/example_dags/example_local_kubernetes_executor.py
[2026-05-23T16:42:43.987+0000] {logging_mixin.py:190} INFO - [2026-05-23T16:42:43.987+0000] {dag.py:3239} INFO - Sync 1 DAGs
[2026-05-23T16:42:43.999+0000] {logging_mixin.py:190} INFO - [2026-05-23T16:42:43.998+0000] {dag.py:4180} INFO - Setting next_dagrun for example_local_kubernetes_executor to None, run_after=None
[2026-05-23T16:42:44.012+0000] {processor.py:208} INFO - Processing /home/airflow/.local/lib/python3.12/site-packages/airflow/example_dags/example_local_kubernetes_executor.py took 0.059 seconds
[2026-05-23T16:43:15.476+0000] {processor.py:186} INFO - Started process (PID=4266) to work on /home/airflow/.local/lib/python3.12/site-packages/airflow/example_dags/example_local_kubernetes_executor.py
[2026-05-23T16:43:15.476+0000] {processor.py:914} INFO - Processing file /home/airflow/.local/lib/python3.12/site-packages/airflow/example_dags/example_local_kubernetes_executor.py for tasks to queue
[2026-05-23T16:43:15.478+0000] {logging_mixin.py:190} INFO - [2026-05-23T16:43:15.478+0000] {dagbag.py:588} INFO - Filling up the DagBag from /home/airflow/.local/lib/python3.12/site-packages/airflow/example_dags/example_local_kubernetes_executor.py
[2026-05-23T16:43:15.487+0000] {processor.py:925} INFO - DAG(s) 'example_local_kubernetes_executor' retrieved from /home/airflow/.local/lib/python3.12/site-packages/airflow/example_dags/example_local_kubernetes_executor.py
[2026-05-23T16:43:15.502+0000] {logging_mixin.py:190} INFO - [2026-05-23T16:43:15.502+0000] {dag.py:3239} INFO - Sync 1 DAGs
[2026-05-23T16:43:15.513+0000] {logging_mixin.py:190} INFO - [2026-05-23T16:43:15.513+0000] {dag.py:4180} INFO - Setting next_dagrun for example_local_kubernetes_executor to None, run_after=None
[2026-05-23T16:43:15.526+0000] {processor.py:208} INFO - Processing /home/airflow/.local/lib/python3.12/site-packages/airflow/example_dags/example_local_kubernetes_executor.py took 0.055 seconds
[2026-05-23T16:43:48.180+0000] {processor.py:186} INFO - Started process (PID=4334) to work on /home/airflow/.local/lib/python3.12/site-packages/airflow/example_dags/example_local_kubernetes_executor.py
[2026-05-23T16:43:48.181+0000] {processor.py:914} INFO - Processing file /home/airflow/.local/lib/python3.12/site-packages/airflow/example_dags/example_local_kubernetes_executor.py for tasks to queue
[2026-05-23T16:43:48.183+0000] {logging_mixin.py:190} INFO - [2026-05-23T16:43:48.182+0000] {dagbag.py:588} INFO - Filling up the DagBag from /home/airflow/.local/lib/python3.12/site-packages/airflow/example_dags/example_local_kubernetes_executor.py
[2026-05-23T16:43:48.337+0000] {processor.py:925} INFO - DAG(s) 'example_local_kubernetes_executor' retrieved from /home/airflow/.local/lib/python3.12/site-packages/airflow/example_dags/example_local_kubernetes_executor.py
[2026-05-23T16:43:48.354+0000] {logging_mixin.py:190} INFO - [2026-05-23T16:43:48.353+0000] {dag.py:3239} INFO - Sync 1 DAGs
[2026-05-23T16:43:48.366+0000] {logging_mixin.py:190} INFO - [2026-05-23T16:43:48.366+0000] {dag.py:4180} INFO - Setting next_dagrun for example_local_kubernetes_executor to None, run_after=None
[2026-05-23T16:43:48.382+0000] {processor.py:208} INFO - Processing /home/airflow/.local/lib/python3.12/site-packages/airflow/example_dags/example_local_kubernetes_executor.py took 0.208 seconds
[2026-05-23T16:44:18.991+0000] {processor.py:186} INFO - Started process (PID=4399) to work on /home/airflow/.local/lib/python3.12/site-packages/airflow/example_dags/example_local_kubernetes_executor.py
[2026-05-23T16:44:18.992+0000] {processor.py:914} INFO - Processing file /home/airflow/.local/lib/python3.12/site-packages/airflow/example_dags/example_local_kubernetes_executor.py for tasks to queue
[2026-05-23T16:44:18.993+0000] {logging_mixin.py:190} INFO - [2026-05-23T16:44:18.993+0000] {dagbag.py:588} INFO - Filling up the DagBag from /home/airflow/.local/lib/python3.12/site-packages/airflow/example_dags/example_local_kubernetes_executor.py
[2026-05-23T16:44:19.001+0000] {processor.py:925} INFO - DAG(s) 'example_local_kubernetes_executor' retrieved from /home/airflow/.local/lib/python3.12/site-packages/airflow/example_dags/example_local_kubernetes_executor.py
[2026-05-23T16:44:19.017+0000] {logging_mixin.py:190} INFO - [2026-05-23T16:44:19.017+0000] {dag.py:3239} INFO - Sync 1 DAGs
[2026-05-23T16:44:19.033+0000] {logging_mixin.py:190} INFO - [2026-05-23T16:44:19.033+0000] {dag.py:4180} INFO - Setting next_dagrun for example_local_kubernetes_executor to None, run_after=None
[2026-05-23T16:44:19.048+0000] {processor.py:208} INFO - Processing /home/airflow/.local/lib/python3.12/site-packages/airflow/example_dags/example_local_kubernetes_executor.py took 0.061 seconds
[2026-05-23T16:49:31.182+0000] {processor.py:186} INFO - Started process (PID=103) to work on /home/airflow/.local/lib/python3.12/site-packages/airflow/example_dags/example_local_kubernetes_executor.py
[2026-05-23T16:49:31.187+0000] {processor.py:914} INFO - Processing file /home/airflow/.local/lib/python3.12/site-packages/airflow/example_dags/example_local_kubernetes_executor.py for tasks to queue
[2026-05-23T16:49:31.190+0000] {logging_mixin.py:190} INFO - [2026-05-23T16:49:31.190+0000] {dagbag.py:588} INFO - Filling up the DagBag from /home/airflow/.local/lib/python3.12/site-packages/airflow/example_dags/example_local_kubernetes_executor.py
[2026-05-23T16:49:31.205+0000] {processor.py:925} INFO - DAG(s) 'example_local_kubernetes_executor' retrieved from /home/airflow/.local/lib/python3.12/site-packages/airflow/example_dags/example_local_kubernetes_executor.py
[2026-05-23T16:49:31.232+0000] {logging_mixin.py:190} INFO - [2026-05-23T16:49:31.232+0000] {dag.py:3239} INFO - Sync 1 DAGs
[2026-05-23T16:49:31.252+0000] {logging_mixin.py:190} INFO - [2026-05-23T16:49:31.252+0000] {dag.py:4180} INFO - Setting next_dagrun for example_local_kubernetes_executor to None, run_after=None
[2026-05-23T16:49:31.279+0000] {processor.py:208} INFO - Processing /home/airflow/.local/lib/python3.12/site-packages/airflow/example_dags/example_local_kubernetes_executor.py took 0.102 seconds
[2026-05-23T16:50:01.902+0000] {processor.py:186} INFO - Started process (PID=168) to work on /home/airflow/.local/lib/python3.12/site-packages/airflow/example_dags/example_local_kubernetes_executor.py
[2026-05-23T16:50:01.903+0000] {processor.py:914} INFO - Processing file /home/airflow/.local/lib/python3.12/site-packages/airflow/example_dags/example_local_kubernetes_executor.py for tasks to queue
[2026-05-23T16:50:01.905+0000] {logging_mixin.py:190} INFO - [2026-05-23T16:50:01.904+0000] {dagbag.py:588} INFO - Filling up the DagBag from /home/airflow/.local/lib/python3.12/site-packages/airflow/example_dags/example_local_kubernetes_executor.py
[2026-05-23T16:50:01.912+0000] {processor.py:925} INFO - DAG(s) 'example_local_kubernetes_executor' retrieved from /home/airflow/.local/lib/python3.12/site-packages/airflow/example_dags/example_local_kubernetes_executor.py
[2026-05-23T16:50:01.929+0000] {logging_mixin.py:190} INFO - [2026-05-23T16:50:01.929+0000] {dag.py:3239} INFO - Sync 1 DAGs
[2026-05-23T16:50:01.940+0000] {logging_mixin.py:190} INFO - [2026-05-23T16:50:01.940+0000] {dag.py:4180} INFO - Setting next_dagrun for example_local_kubernetes_executor to None, run_after=None
[2026-05-23T16:50:01.955+0000] {processor.py:208} INFO - Processing /home/airflow/.local/lib/python3.12/site-packages/airflow/example_dags/example_local_kubernetes_executor.py took 0.057 seconds
[2026-05-23T16:50:32.828+0000] {processor.py:186} INFO - Started process (PID=241) to work on /home/airflow/.local/lib/python3.12/site-packages/airflow/example_dags/example_local_kubernetes_executor.py
[2026-05-23T16:50:32.828+0000] {processor.py:914} INFO - Processing file /home/airflow/.local/lib/python3.12/site-packages/airflow/example_dags/example_local_kubernetes_executor.py for tasks to queue
[2026-05-23T16:50:32.830+0000] {logging_mixin.py:190} INFO - [2026-05-23T16:50:32.830+0000] {dagbag.py:588} INFO - Filling up the DagBag from /home/airflow/.local/lib/python3.12/site-packages/airflow/example_dags/example_local_kubernetes_executor.py
[2026-05-23T16:50:32.838+0000] {processor.py:925} INFO - DAG(s) 'example_local_kubernetes_executor' retrieved from /home/airflow/.local/lib/python3.12/site-packages/airflow/example_dags/example_local_kubernetes_executor.py
[2026-05-23T16:50:32.855+0000] {logging_mixin.py:190} INFO - [2026-05-23T16:50:32.855+0000] {dag.py:3239} INFO - Sync 1 DAGs
[2026-05-23T16:50:32.867+0000] {logging_mixin.py:190} INFO - [2026-05-23T16:50:32.866+0000] {dag.py:4180} INFO - Setting next_dagrun for example_local_kubernetes_executor to None, run_after=None
[2026-05-23T16:50:32.880+0000] {processor.py:208} INFO - Processing /home/airflow/.local/lib/python3.12/site-packages/airflow/example_dags/example_local_kubernetes_executor.py took 0.056 seconds
[2026-05-23T16:51:03.123+0000] {processor.py:186} INFO - Started process (PID=308) to work on /home/airflow/.local/lib/python3.12/site-packages/airflow/example_dags/example_local_kubernetes_executor.py
[2026-05-23T16:51:03.124+0000] {processor.py:914} INFO - Processing file /home/airflow/.local/lib/python3.12/site-packages/airflow/example_dags/example_local_kubernetes_executor.py for tasks to queue
[2026-05-23T16:51:03.126+0000] {logging_mixin.py:190} INFO - [2026-05-23T16:51:03.126+0000] {dagbag.py:588} INFO - Filling up the DagBag from /home/airflow/.local/lib/python3.12/site-packages/airflow/example_dags/example_local_kubernetes_executor.py
[2026-05-23T16:51:03.134+0000] {processor.py:925} INFO - DAG(s) 'example_local_kubernetes_executor' retrieved from /home/airflow/.local/lib/python3.12/site-packages/airflow/example_dags/example_local_kubernetes_executor.py
[2026-05-23T16:51:03.150+0000] {logging_mixin.py:190} INFO - [2026-05-23T16:51:03.150+0000] {dag.py:3239} INFO - Sync 1 DAGs
[2026-05-23T16:51:03.162+0000] {logging_mixin.py:190} INFO - [2026-05-23T16:51:03.162+0000] {dag.py:4180} INFO - Setting next_dagrun for example_local_kubernetes_executor to None, run_after=None
[2026-05-23T16:51:03.177+0000] {processor.py:208} INFO - Processing /home/airflow/.local/lib/python3.12/site-packages/airflow/example_dags/example_local_kubernetes_executor.py took 0.059 seconds
[2026-05-23T16:51:34.248+0000] {processor.py:186} INFO - Started process (PID=373) to work on /home/airflow/.local/lib/python3.12/site-packages/airflow/example_dags/example_local_kubernetes_executor.py
[2026-05-23T16:51:34.249+0000] {processor.py:914} INFO - Processing file /home/airflow/.local/lib/python3.12/site-packages/airflow/example_dags/example_local_kubernetes_executor.py for tasks to queue
[2026-05-23T16:51:34.251+0000] {logging_mixin.py:190} INFO - [2026-05-23T16:51:34.251+0000] {dagbag.py:588} INFO - Filling up the DagBag from /home/airflow/.local/lib/python3.12/site-packages/airflow/example_dags/example_local_kubernetes_executor.py
[2026-05-23T16:51:34.259+0000] {processor.py:925} INFO - DAG(s) 'example_local_kubernetes_executor' retrieved from /home/airflow/.local/lib/python3.12/site-packages/airflow/example_dags/example_local_kubernetes_executor.py
[2026-05-23T16:51:34.275+0000] {logging_mixin.py:190} INFO - [2026-05-23T16:51:34.275+0000] {dag.py:3239} INFO - Sync 1 DAGs
[2026-05-23T16:51:34.291+0000] {logging_mixin.py:190} INFO - [2026-05-23T16:51:34.291+0000] {dag.py:4180} INFO - Setting next_dagrun for example_local_kubernetes_executor to None, run_after=None
[2026-05-23T16:51:34.308+0000] {processor.py:208} INFO - Processing /home/airflow/.local/lib/python3.12/site-packages/airflow/example_dags/example_local_kubernetes_executor.py took 0.064 seconds
[2026-05-23T16:52:05.316+0000] {processor.py:186} INFO - Started process (PID=439) to work on /home/airflow/.local/lib/python3.12/site-packages/airflow/example_dags/example_local_kubernetes_executor.py
[2026-05-23T16:52:05.317+0000] {processor.py:914} INFO - Processing file /home/airflow/.local/lib/python3.12/site-packages/airflow/example_dags/example_local_kubernetes_executor.py for tasks to queue
[2026-05-23T16:52:05.318+0000] {logging_mixin.py:190} INFO - [2026-05-23T16:52:05.318+0000] {dagbag.py:588} INFO - Filling up the DagBag from /home/airflow/.local/lib/python3.12/site-packages/airflow/example_dags/example_local_kubernetes_executor.py
[2026-05-23T16:52:05.325+0000] {processor.py:925} INFO - DAG(s) 'example_local_kubernetes_executor' retrieved from /home/airflow/.local/lib/python3.12/site-packages/airflow/example_dags/example_local_kubernetes_executor.py
[2026-05-23T16:52:05.341+0000] {logging_mixin.py:190} INFO - [2026-05-23T16:52:05.340+0000] {dag.py:3239} INFO - Sync 1 DAGs
[2026-05-23T16:52:05.352+0000] {logging_mixin.py:190} INFO - [2026-05-23T16:52:05.351+0000] {dag.py:4180} INFO - Setting next_dagrun for example_local_kubernetes_executor to None, run_after=None
[2026-05-23T16:52:05.364+0000] {processor.py:208} INFO - Processing /home/airflow/.local/lib/python3.12/site-packages/airflow/example_dags/example_local_kubernetes_executor.py took 0.053 seconds
[2026-05-23T16:52:36.416+0000] {processor.py:186} INFO - Started process (PID=503) to work on /home/airflow/.local/lib/python3.12/site-packages/airflow/example_dags/example_local_kubernetes_executor.py
[2026-05-23T16:52:36.417+0000] {processor.py:914} INFO - Processing file /home/airflow/.local/lib/python3.12/site-packages/airflow/example_dags/example_local_kubernetes_executor.py for tasks to queue
[2026-05-23T16:52:36.418+0000] {logging_mixin.py:190} INFO - [2026-05-23T16:52:36.418+0000] {dagbag.py:588} INFO - Filling up the DagBag from /home/airflow/.local/lib/python3.12/site-packages/airflow/example_dags/example_local_kubernetes_executor.py
[2026-05-23T16:52:36.428+0000] {processor.py:925} INFO - DAG(s) 'example_local_kubernetes_executor' retrieved from /home/airflow/.local/lib/python3.12/site-packages/airflow/example_dags/example_local_kubernetes_executor.py
[2026-05-23T16:52:36.443+0000] {logging_mixin.py:190} INFO - [2026-05-23T16:52:36.443+0000] {dag.py:3239} INFO - Sync 1 DAGs
[2026-05-23T16:52:36.454+0000] {logging_mixin.py:190} INFO - [2026-05-23T16:52:36.454+0000] {dag.py:4180} INFO - Setting next_dagrun for example_local_kubernetes_executor to None, run_after=None
[2026-05-23T16:52:36.467+0000] {processor.py:208} INFO - Processing /home/airflow/.local/lib/python3.12/site-packages/airflow/example_dags/example_local_kubernetes_executor.py took 0.055 seconds
[2026-05-23T16:53:07.794+0000] {processor.py:186} INFO - Started process (PID=568) to work on /home/airflow/.local/lib/python3.12/site-packages/airflow/example_dags/example_local_kubernetes_executor.py
[2026-05-23T16:53:07.795+0000] {processor.py:914} INFO - Processing file /home/airflow/.local/lib/python3.12/site-packages/airflow/example_dags/example_local_kubernetes_executor.py for tasks to queue
[2026-05-23T16:53:07.796+0000] {logging_mixin.py:190} INFO - [2026-05-23T16:53:07.796+0000] {dagbag.py:588} INFO - Filling up the DagBag from /home/airflow/.local/lib/python3.12/site-packages/airflow/example_dags/example_local_kubernetes_executor.py
[2026-05-23T16:53:07.805+0000] {processor.py:925} INFO - DAG(s) 'example_local_kubernetes_executor' retrieved from /home/airflow/.local/lib/python3.12/site-packages/airflow/example_dags/example_local_kubernetes_executor.py
[2026-05-23T16:53:07.822+0000] {logging_mixin.py:190} INFO - [2026-05-23T16:53:07.822+0000] {dag.py:3239} INFO - Sync 1 DAGs
[2026-05-23T16:53:07.834+0000] {logging_mixin.py:190} INFO - [2026-05-23T16:53:07.834+0000] {dag.py:4180} INFO - Setting next_dagrun for example_local_kubernetes_executor to None, run_after=None
[2026-05-23T16:53:07.849+0000] {processor.py:208} INFO - Processing /home/airflow/.local/lib/python3.12/site-packages/airflow/example_dags/example_local_kubernetes_executor.py took 0.059 seconds
[2026-05-23T16:53:38.966+0000] {processor.py:186} INFO - Started process (PID=634) to work on /home/airflow/.local/lib/python3.12/site-packages/airflow/example_dags/example_local_kubernetes_executor.py
[2026-05-23T16:53:38.966+0000] {processor.py:914} INFO - Processing file /home/airflow/.local/lib/python3.12/site-packages/airflow/example_dags/example_local_kubernetes_executor.py for tasks to queue
[2026-05-23T16:53:38.968+0000] {logging_mixin.py:190} INFO - [2026-05-23T16:53:38.967+0000] {dagbag.py:588} INFO - Filling up the DagBag from /home/airflow/.local/lib/python3.12/site-packages/airflow/example_dags/example_local_kubernetes_executor.py
[2026-05-23T16:53:38.975+0000] {processor.py:925} INFO - DAG(s) 'example_local_kubernetes_executor' retrieved from /home/airflow/.local/lib/python3.12/site-packages/airflow/example_dags/example_local_kubernetes_executor.py
[2026-05-23T16:53:38.990+0000] {logging_mixin.py:190} INFO - [2026-05-23T16:53:38.990+0000] {dag.py:3239} INFO - Sync 1 DAGs
[2026-05-23T16:53:39.001+0000] {logging_mixin.py:190} INFO - [2026-05-23T16:53:39.000+0000] {dag.py:4180} INFO - Setting next_dagrun for example_local_kubernetes_executor to None, run_after=None
[2026-05-23T16:53:39.017+0000] {processor.py:208} INFO - Processing /home/airflow/.local/lib/python3.12/site-packages/airflow/example_dags/example_local_kubernetes_executor.py took 0.055 seconds
[2026-05-23T16:54:10.049+0000] {processor.py:186} INFO - Started process (PID=699) to work on /home/airflow/.local/lib/python3.12/site-packages/airflow/example_dags/example_local_kubernetes_executor.py
[2026-05-23T16:54:10.050+0000] {processor.py:914} INFO - Processing file /home/airflow/.local/lib/python3.12/site-packages/airflow/example_dags/example_local_kubernetes_executor.py for tasks to queue
[2026-05-23T16:54:10.051+0000] {logging_mixin.py:190} INFO - [2026-05-23T16:54:10.051+0000] {dagbag.py:588} INFO - Filling up the DagBag from /home/airflow/.local/lib/python3.12/site-packages/airflow/example_dags/example_local_kubernetes_executor.py
[2026-05-23T16:54:10.059+0000] {processor.py:925} INFO - DAG(s) 'example_local_kubernetes_executor' retrieved from /home/airflow/.local/lib/python3.12/site-packages/airflow/example_dags/example_local_kubernetes_executor.py
[2026-05-23T16:54:10.076+0000] {logging_mixin.py:190} INFO - [2026-05-23T16:54:10.076+0000] {dag.py:3239} INFO - Sync 1 DAGs
[2026-05-23T16:54:10.089+0000] {logging_mixin.py:190} INFO - [2026-05-23T16:54:10.088+0000] {dag.py:4180} INFO - Setting next_dagrun for example_local_kubernetes_executor to None, run_after=None
[2026-05-23T16:54:10.102+0000] {processor.py:208} INFO - Processing /home/airflow/.local/lib/python3.12/site-packages/airflow/example_dags/example_local_kubernetes_executor.py took 0.058 seconds
[2026-05-23T16:54:41.162+0000] {processor.py:186} INFO - Started process (PID=764) to work on /home/airflow/.local/lib/python3.12/site-packages/airflow/example_dags/example_local_kubernetes_executor.py
[2026-05-23T16:54:41.163+0000] {processor.py:914} INFO - Processing file /home/airflow/.local/lib/python3.12/site-packages/airflow/example_dags/example_local_kubernetes_executor.py for tasks to queue
[2026-05-23T16:54:41.165+0000] {logging_mixin.py:190} INFO - [2026-05-23T16:54:41.164+0000] {dagbag.py:588} INFO - Filling up the DagBag from /home/airflow/.local/lib/python3.12/site-packages/airflow/example_dags/example_local_kubernetes_executor.py
[2026-05-23T16:54:41.172+0000] {processor.py:925} INFO - DAG(s) 'example_local_kubernetes_executor' retrieved from /home/airflow/.local/lib/python3.12/site-packages/airflow/example_dags/example_local_kubernetes_executor.py
[2026-05-23T16:54:41.191+0000] {logging_mixin.py:190} INFO - [2026-05-23T16:54:41.191+0000] {dag.py:3239} INFO - Sync 1 DAGs
[2026-05-23T16:54:41.205+0000] {logging_mixin.py:190} INFO - [2026-05-23T16:54:41.205+0000] {dag.py:4180} INFO - Setting next_dagrun for example_local_kubernetes_executor to None, run_after=None
[2026-05-23T16:54:41.218+0000] {processor.py:208} INFO - Processing /home/airflow/.local/lib/python3.12/site-packages/airflow/example_dags/example_local_kubernetes_executor.py took 0.060 seconds
[2026-05-23T16:55:12.339+0000] {processor.py:186} INFO - Started process (PID=829) to work on /home/airflow/.local/lib/python3.12/site-packages/airflow/example_dags/example_local_kubernetes_executor.py
[2026-05-23T16:55:12.340+0000] {processor.py:914} INFO - Processing file /home/airflow/.local/lib/python3.12/site-packages/airflow/example_dags/example_local_kubernetes_executor.py for tasks to queue
[2026-05-23T16:55:12.342+0000] {logging_mixin.py:190} INFO - [2026-05-23T16:55:12.341+0000] {dagbag.py:588} INFO - Filling up the DagBag from /home/airflow/.local/lib/python3.12/site-packages/airflow/example_dags/example_local_kubernetes_executor.py
[2026-05-23T16:55:12.349+0000] {processor.py:925} INFO - DAG(s) 'example_local_kubernetes_executor' retrieved from /home/airflow/.local/lib/python3.12/site-packages/airflow/example_dags/example_local_kubernetes_executor.py
[2026-05-23T16:55:12.369+0000] {logging_mixin.py:190} INFO - [2026-05-23T16:55:12.369+0000] {dag.py:3239} INFO - Sync 1 DAGs
[2026-05-23T16:55:12.382+0000] {logging_mixin.py:190} INFO - [2026-05-23T16:55:12.382+0000] {dag.py:4180} INFO - Setting next_dagrun for example_local_kubernetes_executor to None, run_after=None
[2026-05-23T16:55:12.396+0000] {processor.py:208} INFO - Processing /home/airflow/.local/lib/python3.12/site-packages/airflow/example_dags/example_local_kubernetes_executor.py took 0.061 seconds
[2026-05-23T16:55:43.539+0000] {processor.py:186} INFO - Started process (PID=893) to work on /home/airflow/.local/lib/python3.12/site-packages/airflow/example_dags/example_local_kubernetes_executor.py
[2026-05-23T16:55:43.540+0000] {processor.py:914} INFO - Processing file /home/airflow/.local/lib/python3.12/site-packages/airflow/example_dags/example_local_kubernetes_executor.py for tasks to queue
[2026-05-23T16:55:43.541+0000] {logging_mixin.py:190} INFO - [2026-05-23T16:55:43.541+0000] {dagbag.py:588} INFO - Filling up the DagBag from /home/airflow/.local/lib/python3.12/site-packages/airflow/example_dags/example_local_kubernetes_executor.py
[2026-05-23T16:55:43.549+0000] {processor.py:925} INFO - DAG(s) 'example_local_kubernetes_executor' retrieved from /home/airflow/.local/lib/python3.12/site-packages/airflow/example_dags/example_local_kubernetes_executor.py
[2026-05-23T16:55:43.567+0000] {logging_mixin.py:190} INFO - [2026-05-23T16:55:43.567+0000] {dag.py:3239} INFO - Sync 1 DAGs
[2026-05-23T16:55:43.582+0000] {logging_mixin.py:190} INFO - [2026-05-23T16:55:43.581+0000] {dag.py:4180} INFO - Setting next_dagrun for example_local_kubernetes_executor to None, run_after=None
[2026-05-23T16:55:43.599+0000] {processor.py:208} INFO - Processing /home/airflow/.local/lib/python3.12/site-packages/airflow/example_dags/example_local_kubernetes_executor.py took 0.065 seconds
[2026-05-23T16:56:14.823+0000] {processor.py:186} INFO - Started process (PID=959) to work on /home/airflow/.local/lib/python3.12/site-packages/airflow/example_dags/example_local_kubernetes_executor.py
[2026-05-23T16:56:14.824+0000] {processor.py:914} INFO - Processing file /home/airflow/.local/lib/python3.12/site-packages/airflow/example_dags/example_local_kubernetes_executor.py for tasks to queue
[2026-05-23T16:56:14.825+0000] {logging_mixin.py:190} INFO - [2026-05-23T16:56:14.825+0000] {dagbag.py:588} INFO - Filling up the DagBag from /home/airflow/.local/lib/python3.12/site-packages/airflow/example_dags/example_local_kubernetes_executor.py
[2026-05-23T16:56:14.833+0000] {processor.py:925} INFO - DAG(s) 'example_local_kubernetes_executor' retrieved from /home/airflow/.local/lib/python3.12/site-packages/airflow/example_dags/example_local_kubernetes_executor.py
[2026-05-23T16:56:14.853+0000] {logging_mixin.py:190} INFO - [2026-05-23T16:56:14.852+0000] {dag.py:3239} INFO - Sync 1 DAGs
[2026-05-23T16:56:14.864+0000] {logging_mixin.py:190} INFO - [2026-05-23T16:56:14.863+0000] {dag.py:4180} INFO - Setting next_dagrun for example_local_kubernetes_executor to None, run_after=None
[2026-05-23T16:56:14.879+0000] {processor.py:208} INFO - Processing /home/airflow/.local/lib/python3.12/site-packages/airflow/example_dags/example_local_kubernetes_executor.py took 0.061 seconds
[2026-05-23T16:56:45.984+0000] {processor.py:186} INFO - Started process (PID=1024) to work on /home/airflow/.local/lib/python3.12/site-packages/airflow/example_dags/example_local_kubernetes_executor.py
[2026-05-23T16:56:45.984+0000] {processor.py:914} INFO - Processing file /home/airflow/.local/lib/python3.12/site-packages/airflow/example_dags/example_local_kubernetes_executor.py for tasks to queue
[2026-05-23T16:56:45.986+0000] {logging_mixin.py:190} INFO - [2026-05-23T16:56:45.985+0000] {dagbag.py:588} INFO - Filling up the DagBag from /home/airflow/.local/lib/python3.12/site-packages/airflow/example_dags/example_local_kubernetes_executor.py
[2026-05-23T16:56:45.993+0000] {processor.py:925} INFO - DAG(s) 'example_local_kubernetes_executor' retrieved from /home/airflow/.local/lib/python3.12/site-packages/airflow/example_dags/example_local_kubernetes_executor.py
[2026-05-23T16:56:46.008+0000] {logging_mixin.py:190} INFO - [2026-05-23T16:56:46.008+0000] {dag.py:3239} INFO - Sync 1 DAGs
[2026-05-23T16:56:46.019+0000] {logging_mixin.py:190} INFO - [2026-05-23T16:56:46.019+0000] {dag.py:4180} INFO - Setting next_dagrun for example_local_kubernetes_executor to None, run_after=None
[2026-05-23T16:56:46.034+0000] {processor.py:208} INFO - Processing /home/airflow/.local/lib/python3.12/site-packages/airflow/example_dags/example_local_kubernetes_executor.py took 0.055 seconds
[2026-05-23T16:57:17.105+0000] {processor.py:186} INFO - Started process (PID=1089) to work on /home/airflow/.local/lib/python3.12/site-packages/airflow/example_dags/example_local_kubernetes_executor.py
[2026-05-23T16:57:17.106+0000] {processor.py:914} INFO - Processing file /home/airflow/.local/lib/python3.12/site-packages/airflow/example_dags/example_local_kubernetes_executor.py for tasks to queue
[2026-05-23T16:57:17.108+0000] {logging_mixin.py:190} INFO - [2026-05-23T16:57:17.108+0000] {dagbag.py:588} INFO - Filling up the DagBag from /home/airflow/.local/lib/python3.12/site-packages/airflow/example_dags/example_local_kubernetes_executor.py
[2026-05-23T16:57:17.115+0000] {processor.py:925} INFO - DAG(s) 'example_local_kubernetes_executor' retrieved from /home/airflow/.local/lib/python3.12/site-packages/airflow/example_dags/example_local_kubernetes_executor.py
[2026-05-23T16:57:17.131+0000] {logging_mixin.py:190} INFO - [2026-05-23T16:57:17.131+0000] {dag.py:3239} INFO - Sync 1 DAGs
[2026-05-23T16:57:17.143+0000] {logging_mixin.py:190} INFO - [2026-05-23T16:57:17.143+0000] {dag.py:4180} INFO - Setting next_dagrun for example_local_kubernetes_executor to None, run_after=None
[2026-05-23T16:57:17.157+0000] {processor.py:208} INFO - Processing /home/airflow/.local/lib/python3.12/site-packages/airflow/example_dags/example_local_kubernetes_executor.py took 0.056 seconds
[2026-05-23T16:57:48.425+0000] {processor.py:186} INFO - Started process (PID=1153) to work on /home/airflow/.local/lib/python3.12/site-packages/airflow/example_dags/example_local_kubernetes_executor.py
[2026-05-23T16:57:48.426+0000] {processor.py:914} INFO - Processing file /home/airflow/.local/lib/python3.12/site-packages/airflow/example_dags/example_local_kubernetes_executor.py for tasks to queue
[2026-05-23T16:57:48.428+0000] {logging_mixin.py:190} INFO - [2026-05-23T16:57:48.427+0000] {dagbag.py:588} INFO - Filling up the DagBag from /home/airflow/.local/lib/python3.12/site-packages/airflow/example_dags/example_local_kubernetes_executor.py
[2026-05-23T16:57:48.435+0000] {processor.py:925} INFO - DAG(s) 'example_local_kubernetes_executor' retrieved from /home/airflow/.local/lib/python3.12/site-packages/airflow/example_dags/example_local_kubernetes_executor.py
[2026-05-23T16:57:48.452+0000] {logging_mixin.py:190} INFO - [2026-05-23T16:57:48.452+0000] {dag.py:3239} INFO - Sync 1 DAGs
[2026-05-23T16:57:48.465+0000] {logging_mixin.py:190} INFO - [2026-05-23T16:57:48.465+0000] {dag.py:4180} INFO - Setting next_dagrun for example_local_kubernetes_executor to None, run_after=None
[2026-05-23T16:57:48.478+0000] {processor.py:208} INFO - Processing /home/airflow/.local/lib/python3.12/site-packages/airflow/example_dags/example_local_kubernetes_executor.py took 0.057 seconds
[2026-05-23T16:58:19.561+0000] {processor.py:186} INFO - Started process (PID=1218) to work on /home/airflow/.local/lib/python3.12/site-packages/airflow/example_dags/example_local_kubernetes_executor.py
[2026-05-23T16:58:19.562+0000] {processor.py:914} INFO - Processing file /home/airflow/.local/lib/python3.12/site-packages/airflow/example_dags/example_local_kubernetes_executor.py for tasks to queue
[2026-05-23T16:58:19.563+0000] {logging_mixin.py:190} INFO - [2026-05-23T16:58:19.563+0000] {dagbag.py:588} INFO - Filling up the DagBag from /home/airflow/.local/lib/python3.12/site-packages/airflow/example_dags/example_local_kubernetes_executor.py
[2026-05-23T16:58:19.571+0000] {processor.py:925} INFO - DAG(s) 'example_local_kubernetes_executor' retrieved from /home/airflow/.local/lib/python3.12/site-packages/airflow/example_dags/example_local_kubernetes_executor.py
[2026-05-23T16:58:19.586+0000] {logging_mixin.py:190} INFO - [2026-05-23T16:58:19.586+0000] {dag.py:3239} INFO - Sync 1 DAGs
[2026-05-23T16:58:19.597+0000] {logging_mixin.py:190} INFO - [2026-05-23T16:58:19.597+0000] {dag.py:4180} INFO - Setting next_dagrun for example_local_kubernetes_executor to None, run_after=None
[2026-05-23T16:58:19.610+0000] {processor.py:208} INFO - Processing /home/airflow/.local/lib/python3.12/site-packages/airflow/example_dags/example_local_kubernetes_executor.py took 0.053 seconds
[2026-05-23T16:58:50.915+0000] {processor.py:186} INFO - Started process (PID=1284) to work on /home/airflow/.local/lib/python3.12/site-packages/airflow/example_dags/example_local_kubernetes_executor.py
[2026-05-23T16:58:50.915+0000] {processor.py:914} INFO - Processing file /home/airflow/.local/lib/python3.12/site-packages/airflow/example_dags/example_local_kubernetes_executor.py for tasks to queue
[2026-05-23T16:58:50.917+0000] {logging_mixin.py:190} INFO - [2026-05-23T16:58:50.916+0000] {dagbag.py:588} INFO - Filling up the DagBag from /home/airflow/.local/lib/python3.12/site-packages/airflow/example_dags/example_local_kubernetes_executor.py
[2026-05-23T16:58:50.925+0000] {processor.py:925} INFO - DAG(s) 'example_local_kubernetes_executor' retrieved from /home/airflow/.local/lib/python3.12/site-packages/airflow/example_dags/example_local_kubernetes_executor.py
[2026-05-23T16:58:50.944+0000] {logging_mixin.py:190} INFO - [2026-05-23T16:58:50.944+0000] {dag.py:3239} INFO - Sync 1 DAGs
[2026-05-23T16:58:50.957+0000] {logging_mixin.py:190} INFO - [2026-05-23T16:58:50.957+0000] {dag.py:4180} INFO - Setting next_dagrun for example_local_kubernetes_executor to None, run_after=None
[2026-05-23T16:58:50.971+0000] {processor.py:208} INFO - Processing /home/airflow/.local/lib/python3.12/site-packages/airflow/example_dags/example_local_kubernetes_executor.py took 0.061 seconds
[2026-05-23T16:59:21.655+0000] {processor.py:186} INFO - Started process (PID=1349) to work on /home/airflow/.local/lib/python3.12/site-packages/airflow/example_dags/example_local_kubernetes_executor.py
[2026-05-23T16:59:21.655+0000] {processor.py:914} INFO - Processing file /home/airflow/.local/lib/python3.12/site-packages/airflow/example_dags/example_local_kubernetes_executor.py for tasks to queue
[2026-05-23T16:59:21.658+0000] {logging_mixin.py:190} INFO - [2026-05-23T16:59:21.657+0000] {dagbag.py:588} INFO - Filling up the DagBag from /home/airflow/.local/lib/python3.12/site-packages/airflow/example_dags/example_local_kubernetes_executor.py
[2026-05-23T16:59:21.668+0000] {processor.py:925} INFO - DAG(s) 'example_local_kubernetes_executor' retrieved from /home/airflow/.local/lib/python3.12/site-packages/airflow/example_dags/example_local_kubernetes_executor.py
[2026-05-23T16:59:21.689+0000] {logging_mixin.py:190} INFO - [2026-05-23T16:59:21.689+0000] {dag.py:3239} INFO - Sync 1 DAGs
[2026-05-23T16:59:21.707+0000] {logging_mixin.py:190} INFO - [2026-05-23T16:59:21.707+0000] {dag.py:4180} INFO - Setting next_dagrun for example_local_kubernetes_executor to None, run_after=None
[2026-05-23T16:59:21.746+0000] {processor.py:208} INFO - Processing /home/airflow/.local/lib/python3.12/site-packages/airflow/example_dags/example_local_kubernetes_executor.py took 0.098 seconds
[2026-05-23T16:59:52.288+0000] {processor.py:186} INFO - Started process (PID=1414) to work on /home/airflow/.local/lib/python3.12/site-packages/airflow/example_dags/example_local_kubernetes_executor.py
[2026-05-23T16:59:52.289+0000] {processor.py:914} INFO - Processing file /home/airflow/.local/lib/python3.12/site-packages/airflow/example_dags/example_local_kubernetes_executor.py for tasks to queue
[2026-05-23T16:59:52.291+0000] {logging_mixin.py:190} INFO - [2026-05-23T16:59:52.290+0000] {dagbag.py:588} INFO - Filling up the DagBag from /home/airflow/.local/lib/python3.12/site-packages/airflow/example_dags/example_local_kubernetes_executor.py
[2026-05-23T16:59:52.298+0000] {processor.py:925} INFO - DAG(s) 'example_local_kubernetes_executor' retrieved from /home/airflow/.local/lib/python3.12/site-packages/airflow/example_dags/example_local_kubernetes_executor.py
[2026-05-23T16:59:52.314+0000] {logging_mixin.py:190} INFO - [2026-05-23T16:59:52.314+0000] {dag.py:3239} INFO - Sync 1 DAGs
[2026-05-23T16:59:52.325+0000] {logging_mixin.py:190} INFO - [2026-05-23T16:59:52.325+0000] {dag.py:4180} INFO - Setting next_dagrun for example_local_kubernetes_executor to None, run_after=None
[2026-05-23T16:59:52.339+0000] {processor.py:208} INFO - Processing /home/airflow/.local/lib/python3.12/site-packages/airflow/example_dags/example_local_kubernetes_executor.py took 0.055 seconds
[2026-05-23T17:00:22.507+0000] {processor.py:186} INFO - Started process (PID=1478) to work on /home/airflow/.local/lib/python3.12/site-packages/airflow/example_dags/example_local_kubernetes_executor.py
[2026-05-23T17:00:22.508+0000] {processor.py:914} INFO - Processing file /home/airflow/.local/lib/python3.12/site-packages/airflow/example_dags/example_local_kubernetes_executor.py for tasks to queue
[2026-05-23T17:00:22.509+0000] {logging_mixin.py:190} INFO - [2026-05-23T17:00:22.509+0000] {dagbag.py:588} INFO - Filling up the DagBag from /home/airflow/.local/lib/python3.12/site-packages/airflow/example_dags/example_local_kubernetes_executor.py
[2026-05-23T17:00:22.517+0000] {processor.py:925} INFO - DAG(s) 'example_local_kubernetes_executor' retrieved from /home/airflow/.local/lib/python3.12/site-packages/airflow/example_dags/example_local_kubernetes_executor.py
[2026-05-23T17:00:22.534+0000] {logging_mixin.py:190} INFO - [2026-05-23T17:00:22.533+0000] {dag.py:3239} INFO - Sync 1 DAGs
[2026-05-23T17:00:22.546+0000] {logging_mixin.py:190} INFO - [2026-05-23T17:00:22.546+0000] {dag.py:4180} INFO - Setting next_dagrun for example_local_kubernetes_executor to None, run_after=None
[2026-05-23T17:00:22.559+0000] {processor.py:208} INFO - Processing /home/airflow/.local/lib/python3.12/site-packages/airflow/example_dags/example_local_kubernetes_executor.py took 0.057 seconds
[2026-05-23T17:00:54.049+0000] {processor.py:186} INFO - Started process (PID=1544) to work on /home/airflow/.local/lib/python3.12/site-packages/airflow/example_dags/example_local_kubernetes_executor.py
[2026-05-23T17:00:54.050+0000] {processor.py:914} INFO - Processing file /home/airflow/.local/lib/python3.12/site-packages/airflow/example_dags/example_local_kubernetes_executor.py for tasks to queue
[2026-05-23T17:00:54.051+0000] {logging_mixin.py:190} INFO - [2026-05-23T17:00:54.051+0000] {dagbag.py:588} INFO - Filling up the DagBag from /home/airflow/.local/lib/python3.12/site-packages/airflow/example_dags/example_local_kubernetes_executor.py
[2026-05-23T17:00:54.059+0000] {processor.py:925} INFO - DAG(s) 'example_local_kubernetes_executor' retrieved from /home/airflow/.local/lib/python3.12/site-packages/airflow/example_dags/example_local_kubernetes_executor.py
[2026-05-23T17:00:54.074+0000] {logging_mixin.py:190} INFO - [2026-05-23T17:00:54.074+0000] {dag.py:3239} INFO - Sync 1 DAGs
[2026-05-23T17:00:54.087+0000] {logging_mixin.py:190} INFO - [2026-05-23T17:00:54.087+0000] {dag.py:4180} INFO - Setting next_dagrun for example_local_kubernetes_executor to None, run_after=None
[2026-05-23T17:00:54.102+0000] {processor.py:208} INFO - Processing /home/airflow/.local/lib/python3.12/site-packages/airflow/example_dags/example_local_kubernetes_executor.py took 0.057 seconds
[2026-05-23T17:01:25.121+0000] {processor.py:186} INFO - Started process (PID=1609) to work on /home/airflow/.local/lib/python3.12/site-packages/airflow/example_dags/example_local_kubernetes_executor.py
[2026-05-23T17:01:25.121+0000] {processor.py:914} INFO - Processing file /home/airflow/.local/lib/python3.12/site-packages/airflow/example_dags/example_local_kubernetes_executor.py for tasks to queue
[2026-05-23T17:01:25.123+0000] {logging_mixin.py:190} INFO - [2026-05-23T17:01:25.123+0000] {dagbag.py:588} INFO - Filling up the DagBag from /home/airflow/.local/lib/python3.12/site-packages/airflow/example_dags/example_local_kubernetes_executor.py
[2026-05-23T17:01:25.130+0000] {processor.py:925} INFO - DAG(s) 'example_local_kubernetes_executor' retrieved from /home/airflow/.local/lib/python3.12/site-packages/airflow/example_dags/example_local_kubernetes_executor.py
[2026-05-23T17:01:25.145+0000] {logging_mixin.py:190} INFO - [2026-05-23T17:01:25.145+0000] {dag.py:3239} INFO - Sync 1 DAGs
[2026-05-23T17:01:25.156+0000] {logging_mixin.py:190} INFO - [2026-05-23T17:01:25.156+0000] {dag.py:4180} INFO - Setting next_dagrun for example_local_kubernetes_executor to None, run_after=None
[2026-05-23T17:01:25.170+0000] {processor.py:208} INFO - Processing /home/airflow/.local/lib/python3.12/site-packages/airflow/example_dags/example_local_kubernetes_executor.py took 0.053 seconds
[2026-05-23T17:01:56.485+0000] {processor.py:186} INFO - Started process (PID=1674) to work on /home/airflow/.local/lib/python3.12/site-packages/airflow/example_dags/example_local_kubernetes_executor.py
[2026-05-23T17:01:56.485+0000] {processor.py:914} INFO - Processing file /home/airflow/.local/lib/python3.12/site-packages/airflow/example_dags/example_local_kubernetes_executor.py for tasks to queue
[2026-05-23T17:01:56.487+0000] {logging_mixin.py:190} INFO - [2026-05-23T17:01:56.487+0000] {dagbag.py:588} INFO - Filling up the DagBag from /home/airflow/.local/lib/python3.12/site-packages/airflow/example_dags/example_local_kubernetes_executor.py
[2026-05-23T17:01:56.494+0000] {processor.py:925} INFO - DAG(s) 'example_local_kubernetes_executor' retrieved from /home/airflow/.local/lib/python3.12/site-packages/airflow/example_dags/example_local_kubernetes_executor.py
[2026-05-23T17:01:56.510+0000] {logging_mixin.py:190} INFO - [2026-05-23T17:01:56.510+0000] {dag.py:3239} INFO - Sync 1 DAGs
[2026-05-23T17:01:56.524+0000] {logging_mixin.py:190} INFO - [2026-05-23T17:01:56.523+0000] {dag.py:4180} INFO - Setting next_dagrun for example_local_kubernetes_executor to None, run_after=None
[2026-05-23T17:01:56.537+0000] {processor.py:208} INFO - Processing /home/airflow/.local/lib/python3.12/site-packages/airflow/example_dags/example_local_kubernetes_executor.py took 0.056 seconds
[2026-05-23T17:02:27.188+0000] {processor.py:186} INFO - Started process (PID=1739) to work on /home/airflow/.local/lib/python3.12/site-packages/airflow/example_dags/example_local_kubernetes_executor.py
[2026-05-23T17:02:27.189+0000] {processor.py:914} INFO - Processing file /home/airflow/.local/lib/python3.12/site-packages/airflow/example_dags/example_local_kubernetes_executor.py for tasks to queue
[2026-05-23T17:02:27.190+0000] {logging_mixin.py:190} INFO - [2026-05-23T17:02:27.190+0000] {dagbag.py:588} INFO - Filling up the DagBag from /home/airflow/.local/lib/python3.12/site-packages/airflow/example_dags/example_local_kubernetes_executor.py
[2026-05-23T17:02:27.198+0000] {processor.py:925} INFO - DAG(s) 'example_local_kubernetes_executor' retrieved from /home/airflow/.local/lib/python3.12/site-packages/airflow/example_dags/example_local_kubernetes_executor.py
[2026-05-23T17:02:27.213+0000] {logging_mixin.py:190} INFO - [2026-05-23T17:02:27.213+0000] {dag.py:3239} INFO - Sync 1 DAGs
[2026-05-23T17:02:27.224+0000] {logging_mixin.py:190} INFO - [2026-05-23T17:02:27.224+0000] {dag.py:4180} INFO - Setting next_dagrun for example_local_kubernetes_executor to None, run_after=None
[2026-05-23T17:02:27.236+0000] {processor.py:208} INFO - Processing /home/airflow/.local/lib/python3.12/site-packages/airflow/example_dags/example_local_kubernetes_executor.py took 0.053 seconds
[2026-05-23T17:02:57.878+0000] {processor.py:186} INFO - Started process (PID=1804) to work on /home/airflow/.local/lib/python3.12/site-packages/airflow/example_dags/example_local_kubernetes_executor.py
[2026-05-23T17:02:57.879+0000] {processor.py:914} INFO - Processing file /home/airflow/.local/lib/python3.12/site-packages/airflow/example_dags/example_local_kubernetes_executor.py for tasks to queue
[2026-05-23T17:02:57.880+0000] {logging_mixin.py:190} INFO - [2026-05-23T17:02:57.880+0000] {dagbag.py:588} INFO - Filling up the DagBag from /home/airflow/.local/lib/python3.12/site-packages/airflow/example_dags/example_local_kubernetes_executor.py
[2026-05-23T17:02:57.890+0000] {processor.py:925} INFO - DAG(s) 'example_local_kubernetes_executor' retrieved from /home/airflow/.local/lib/python3.12/site-packages/airflow/example_dags/example_local_kubernetes_executor.py
[2026-05-23T17:02:57.907+0000] {logging_mixin.py:190} INFO - [2026-05-23T17:02:57.907+0000] {dag.py:3239} INFO - Sync 1 DAGs
[2026-05-23T17:02:57.923+0000] {logging_mixin.py:190} INFO - [2026-05-23T17:02:57.922+0000] {dag.py:4180} INFO - Setting next_dagrun for example_local_kubernetes_executor to None, run_after=None
[2026-05-23T17:02:57.938+0000] {processor.py:208} INFO - Processing /home/airflow/.local/lib/python3.12/site-packages/airflow/example_dags/example_local_kubernetes_executor.py took 0.064 seconds
[2026-05-23T17:03:29.142+0000] {processor.py:186} INFO - Started process (PID=1876) to work on /home/airflow/.local/lib/python3.12/site-packages/airflow/example_dags/example_local_kubernetes_executor.py
[2026-05-23T17:03:29.143+0000] {processor.py:914} INFO - Processing file /home/airflow/.local/lib/python3.12/site-packages/airflow/example_dags/example_local_kubernetes_executor.py for tasks to queue
[2026-05-23T17:03:29.145+0000] {logging_mixin.py:190} INFO - [2026-05-23T17:03:29.144+0000] {dagbag.py:588} INFO - Filling up the DagBag from /home/airflow/.local/lib/python3.12/site-packages/airflow/example_dags/example_local_kubernetes_executor.py
[2026-05-23T17:03:29.152+0000] {processor.py:925} INFO - DAG(s) 'example_local_kubernetes_executor' retrieved from /home/airflow/.local/lib/python3.12/site-packages/airflow/example_dags/example_local_kubernetes_executor.py
[2026-05-23T17:03:29.172+0000] {logging_mixin.py:190} INFO - [2026-05-23T17:03:29.172+0000] {dag.py:3239} INFO - Sync 1 DAGs
[2026-05-23T17:03:29.185+0000] {logging_mixin.py:190} INFO - [2026-05-23T17:03:29.185+0000] {dag.py:4180} INFO - Setting next_dagrun for example_local_kubernetes_executor to None, run_after=None
[2026-05-23T17:03:29.199+0000] {processor.py:208} INFO - Processing /home/airflow/.local/lib/python3.12/site-packages/airflow/example_dags/example_local_kubernetes_executor.py took 0.061 seconds
[2026-05-23T17:04:00.585+0000] {processor.py:186} INFO - Started process (PID=1941) to work on /home/airflow/.local/lib/python3.12/site-packages/airflow/example_dags/example_local_kubernetes_executor.py
[2026-05-23T17:04:00.585+0000] {processor.py:914} INFO - Processing file /home/airflow/.local/lib/python3.12/site-packages/airflow/example_dags/example_local_kubernetes_executor.py for tasks to queue
[2026-05-23T17:04:00.588+0000] {logging_mixin.py:190} INFO - [2026-05-23T17:04:00.587+0000] {dagbag.py:588} INFO - Filling up the DagBag from /home/airflow/.local/lib/python3.12/site-packages/airflow/example_dags/example_local_kubernetes_executor.py
[2026-05-23T17:04:00.597+0000] {processor.py:925} INFO - DAG(s) 'example_local_kubernetes_executor' retrieved from /home/airflow/.local/lib/python3.12/site-packages/airflow/example_dags/example_local_kubernetes_executor.py
[2026-05-23T17:04:00.614+0000] {logging_mixin.py:190} INFO - [2026-05-23T17:04:00.614+0000] {dag.py:3239} INFO - Sync 1 DAGs
[2026-05-23T17:04:00.625+0000] {logging_mixin.py:190} INFO - [2026-05-23T17:04:00.625+0000] {dag.py:4180} INFO - Setting next_dagrun for example_local_kubernetes_executor to None, run_after=None
[2026-05-23T17:04:00.639+0000] {processor.py:208} INFO - Processing /home/airflow/.local/lib/python3.12/site-packages/airflow/example_dags/example_local_kubernetes_executor.py took 0.060 seconds
[2026-05-23T17:04:31.887+0000] {processor.py:186} INFO - Started process (PID=2006) to work on /home/airflow/.local/lib/python3.12/site-packages/airflow/example_dags/example_local_kubernetes_executor.py
[2026-05-23T17:04:31.889+0000] {processor.py:914} INFO - Processing file /home/airflow/.local/lib/python3.12/site-packages/airflow/example_dags/example_local_kubernetes_executor.py for tasks to queue
[2026-05-23T17:04:31.891+0000] {logging_mixin.py:190} INFO - [2026-05-23T17:04:31.891+0000] {dagbag.py:588} INFO - Filling up the DagBag from /home/airflow/.local/lib/python3.12/site-packages/airflow/example_dags/example_local_kubernetes_executor.py
[2026-05-23T17:04:31.899+0000] {processor.py:925} INFO - DAG(s) 'example_local_kubernetes_executor' retrieved from /home/airflow/.local/lib/python3.12/site-packages/airflow/example_dags/example_local_kubernetes_executor.py
[2026-05-23T17:04:31.925+0000] {logging_mixin.py:190} INFO - [2026-05-23T17:04:31.925+0000] {dag.py:3239} INFO - Sync 1 DAGs
[2026-05-23T17:04:31.939+0000] {logging_mixin.py:190} INFO - [2026-05-23T17:04:31.939+0000] {dag.py:4180} INFO - Setting next_dagrun for example_local_kubernetes_executor to None, run_after=None
[2026-05-23T17:04:31.954+0000] {processor.py:208} INFO - Processing /home/airflow/.local/lib/python3.12/site-packages/airflow/example_dags/example_local_kubernetes_executor.py took 0.072 seconds
[2026-05-23T17:05:03.322+0000] {processor.py:186} INFO - Started process (PID=2072) to work on /home/airflow/.local/lib/python3.12/site-packages/airflow/example_dags/example_local_kubernetes_executor.py
[2026-05-23T17:05:03.322+0000] {processor.py:914} INFO - Processing file /home/airflow/.local/lib/python3.12/site-packages/airflow/example_dags/example_local_kubernetes_executor.py for tasks to queue
[2026-05-23T17:05:03.324+0000] {logging_mixin.py:190} INFO - [2026-05-23T17:05:03.324+0000] {dagbag.py:588} INFO - Filling up the DagBag from /home/airflow/.local/lib/python3.12/site-packages/airflow/example_dags/example_local_kubernetes_executor.py
[2026-05-23T17:05:03.331+0000] {processor.py:925} INFO - DAG(s) 'example_local_kubernetes_executor' retrieved from /home/airflow/.local/lib/python3.12/site-packages/airflow/example_dags/example_local_kubernetes_executor.py
[2026-05-23T17:05:03.346+0000] {logging_mixin.py:190} INFO - [2026-05-23T17:05:03.346+0000] {dag.py:3239} INFO - Sync 1 DAGs
[2026-05-23T17:05:03.358+0000] {logging_mixin.py:190} INFO - [2026-05-23T17:05:03.358+0000] {dag.py:4180} INFO - Setting next_dagrun for example_local_kubernetes_executor to None, run_after=None
[2026-05-23T17:05:03.371+0000] {processor.py:208} INFO - Processing /home/airflow/.local/lib/python3.12/site-packages/airflow/example_dags/example_local_kubernetes_executor.py took 0.054 seconds
[2026-05-23T17:05:34.566+0000] {processor.py:186} INFO - Started process (PID=2137) to work on /home/airflow/.local/lib/python3.12/site-packages/airflow/example_dags/example_local_kubernetes_executor.py
[2026-05-23T17:05:34.566+0000] {processor.py:914} INFO - Processing file /home/airflow/.local/lib/python3.12/site-packages/airflow/example_dags/example_local_kubernetes_executor.py for tasks to queue
[2026-05-23T17:05:34.568+0000] {logging_mixin.py:190} INFO - [2026-05-23T17:05:34.568+0000] {dagbag.py:588} INFO - Filling up the DagBag from /home/airflow/.local/lib/python3.12/site-packages/airflow/example_dags/example_local_kubernetes_executor.py
[2026-05-23T17:05:34.575+0000] {processor.py:925} INFO - DAG(s) 'example_local_kubernetes_executor' retrieved from /home/airflow/.local/lib/python3.12/site-packages/airflow/example_dags/example_local_kubernetes_executor.py
[2026-05-23T17:05:34.594+0000] {logging_mixin.py:190} INFO - [2026-05-23T17:05:34.594+0000] {dag.py:3239} INFO - Sync 1 DAGs
[2026-05-23T17:05:34.609+0000] {logging_mixin.py:190} INFO - [2026-05-23T17:05:34.609+0000] {dag.py:4180} INFO - Setting next_dagrun for example_local_kubernetes_executor to None, run_after=None
[2026-05-23T17:05:34.624+0000] {processor.py:208} INFO - Processing /home/airflow/.local/lib/python3.12/site-packages/airflow/example_dags/example_local_kubernetes_executor.py took 0.063 seconds
[2026-05-23T17:06:05.627+0000] {processor.py:186} INFO - Started process (PID=2202) to work on /home/airflow/.local/lib/python3.12/site-packages/airflow/example_dags/example_local_kubernetes_executor.py
[2026-05-23T17:06:05.628+0000] {processor.py:914} INFO - Processing file /home/airflow/.local/lib/python3.12/site-packages/airflow/example_dags/example_local_kubernetes_executor.py for tasks to queue
[2026-05-23T17:06:05.630+0000] {logging_mixin.py:190} INFO - [2026-05-23T17:06:05.629+0000] {dagbag.py:588} INFO - Filling up the DagBag from /home/airflow/.local/lib/python3.12/site-packages/airflow/example_dags/example_local_kubernetes_executor.py
[2026-05-23T17:06:05.638+0000] {processor.py:925} INFO - DAG(s) 'example_local_kubernetes_executor' retrieved from /home/airflow/.local/lib/python3.12/site-packages/airflow/example_dags/example_local_kubernetes_executor.py
[2026-05-23T17:06:05.653+0000] {logging_mixin.py:190} INFO - [2026-05-23T17:06:05.653+0000] {dag.py:3239} INFO - Sync 1 DAGs
[2026-05-23T17:06:05.664+0000] {logging_mixin.py:190} INFO - [2026-05-23T17:06:05.664+0000] {dag.py:4180} INFO - Setting next_dagrun for example_local_kubernetes_executor to None, run_after=None
[2026-05-23T17:06:05.677+0000] {processor.py:208} INFO - Processing /home/airflow/.local/lib/python3.12/site-packages/airflow/example_dags/example_local_kubernetes_executor.py took 0.054 seconds
[2026-05-23T17:06:36.738+0000] {processor.py:186} INFO - Started process (PID=2267) to work on /home/airflow/.local/lib/python3.12/site-packages/airflow/example_dags/example_local_kubernetes_executor.py
[2026-05-23T17:06:36.739+0000] {processor.py:914} INFO - Processing file /home/airflow/.local/lib/python3.12/site-packages/airflow/example_dags/example_local_kubernetes_executor.py for tasks to queue
[2026-05-23T17:06:36.740+0000] {logging_mixin.py:190} INFO - [2026-05-23T17:06:36.740+0000] {dagbag.py:588} INFO - Filling up the DagBag from /home/airflow/.local/lib/python3.12/site-packages/airflow/example_dags/example_local_kubernetes_executor.py
[2026-05-23T17:06:36.748+0000] {processor.py:925} INFO - DAG(s) 'example_local_kubernetes_executor' retrieved from /home/airflow/.local/lib/python3.12/site-packages/airflow/example_dags/example_local_kubernetes_executor.py
[2026-05-23T17:06:36.764+0000] {logging_mixin.py:190} INFO - [2026-05-23T17:06:36.764+0000] {dag.py:3239} INFO - Sync 1 DAGs
[2026-05-23T17:06:36.775+0000] {logging_mixin.py:190} INFO - [2026-05-23T17:06:36.775+0000] {dag.py:4180} INFO - Setting next_dagrun for example_local_kubernetes_executor to None, run_after=None
[2026-05-23T17:06:36.788+0000] {processor.py:208} INFO - Processing /home/airflow/.local/lib/python3.12/site-packages/airflow/example_dags/example_local_kubernetes_executor.py took 0.054 seconds
[2026-05-23T17:07:08.075+0000] {processor.py:186} INFO - Started process (PID=2332) to work on /home/airflow/.local/lib/python3.12/site-packages/airflow/example_dags/example_local_kubernetes_executor.py
[2026-05-23T17:07:08.076+0000] {processor.py:914} INFO - Processing file /home/airflow/.local/lib/python3.12/site-packages/airflow/example_dags/example_local_kubernetes_executor.py for tasks to queue
[2026-05-23T17:07:08.078+0000] {logging_mixin.py:190} INFO - [2026-05-23T17:07:08.078+0000] {dagbag.py:588} INFO - Filling up the DagBag from /home/airflow/.local/lib/python3.12/site-packages/airflow/example_dags/example_local_kubernetes_executor.py
[2026-05-23T17:07:08.088+0000] {processor.py:925} INFO - DAG(s) 'example_local_kubernetes_executor' retrieved from /home/airflow/.local/lib/python3.12/site-packages/airflow/example_dags/example_local_kubernetes_executor.py
[2026-05-23T17:07:08.111+0000] {logging_mixin.py:190} INFO - [2026-05-23T17:07:08.111+0000] {dag.py:3239} INFO - Sync 1 DAGs
[2026-05-23T17:07:08.126+0000] {logging_mixin.py:190} INFO - [2026-05-23T17:07:08.126+0000] {dag.py:4180} INFO - Setting next_dagrun for example_local_kubernetes_executor to None, run_after=None
[2026-05-23T17:07:08.143+0000] {processor.py:208} INFO - Processing /home/airflow/.local/lib/python3.12/site-packages/airflow/example_dags/example_local_kubernetes_executor.py took 0.073 seconds
[2026-05-23T17:07:38.781+0000] {processor.py:186} INFO - Started process (PID=2397) to work on /home/airflow/.local/lib/python3.12/site-packages/airflow/example_dags/example_local_kubernetes_executor.py
[2026-05-23T17:07:38.782+0000] {processor.py:914} INFO - Processing file /home/airflow/.local/lib/python3.12/site-packages/airflow/example_dags/example_local_kubernetes_executor.py for tasks to queue
[2026-05-23T17:07:38.783+0000] {logging_mixin.py:190} INFO - [2026-05-23T17:07:38.783+0000] {dagbag.py:588} INFO - Filling up the DagBag from /home/airflow/.local/lib/python3.12/site-packages/airflow/example_dags/example_local_kubernetes_executor.py
[2026-05-23T17:07:38.791+0000] {processor.py:925} INFO - DAG(s) 'example_local_kubernetes_executor' retrieved from /home/airflow/.local/lib/python3.12/site-packages/airflow/example_dags/example_local_kubernetes_executor.py
[2026-05-23T17:07:38.807+0000] {logging_mixin.py:190} INFO - [2026-05-23T17:07:38.807+0000] {dag.py:3239} INFO - Sync 1 DAGs
[2026-05-23T17:07:38.822+0000] {logging_mixin.py:190} INFO - [2026-05-23T17:07:38.822+0000] {dag.py:4180} INFO - Setting next_dagrun for example_local_kubernetes_executor to None, run_after=None
[2026-05-23T17:07:38.836+0000] {processor.py:208} INFO - Processing /home/airflow/.local/lib/python3.12/site-packages/airflow/example_dags/example_local_kubernetes_executor.py took 0.060 seconds
[2026-05-23T17:08:09.903+0000] {processor.py:186} INFO - Started process (PID=2462) to work on /home/airflow/.local/lib/python3.12/site-packages/airflow/example_dags/example_local_kubernetes_executor.py
[2026-05-23T17:08:09.904+0000] {processor.py:914} INFO - Processing file /home/airflow/.local/lib/python3.12/site-packages/airflow/example_dags/example_local_kubernetes_executor.py for tasks to queue
[2026-05-23T17:08:09.905+0000] {logging_mixin.py:190} INFO - [2026-05-23T17:08:09.905+0000] {dagbag.py:588} INFO - Filling up the DagBag from /home/airflow/.local/lib/python3.12/site-packages/airflow/example_dags/example_local_kubernetes_executor.py
[2026-05-23T17:08:09.913+0000] {processor.py:925} INFO - DAG(s) 'example_local_kubernetes_executor' retrieved from /home/airflow/.local/lib/python3.12/site-packages/airflow/example_dags/example_local_kubernetes_executor.py
[2026-05-23T17:08:09.930+0000] {logging_mixin.py:190} INFO - [2026-05-23T17:08:09.929+0000] {dag.py:3239} INFO - Sync 1 DAGs
[2026-05-23T17:08:09.943+0000] {logging_mixin.py:190} INFO - [2026-05-23T17:08:09.942+0000] {dag.py:4180} INFO - Setting next_dagrun for example_local_kubernetes_executor to None, run_after=None
[2026-05-23T17:08:09.958+0000] {processor.py:208} INFO - Processing /home/airflow/.local/lib/python3.12/site-packages/airflow/example_dags/example_local_kubernetes_executor.py took 0.059 seconds
[2026-05-23T17:08:40.772+0000] {processor.py:186} INFO - Started process (PID=2527) to work on /home/airflow/.local/lib/python3.12/site-packages/airflow/example_dags/example_local_kubernetes_executor.py
[2026-05-23T17:08:40.773+0000] {processor.py:914} INFO - Processing file /home/airflow/.local/lib/python3.12/site-packages/airflow/example_dags/example_local_kubernetes_executor.py for tasks to queue
[2026-05-23T17:08:40.774+0000] {logging_mixin.py:190} INFO - [2026-05-23T17:08:40.774+0000] {dagbag.py:588} INFO - Filling up the DagBag from /home/airflow/.local/lib/python3.12/site-packages/airflow/example_dags/example_local_kubernetes_executor.py
[2026-05-23T17:08:40.784+0000] {processor.py:925} INFO - DAG(s) 'example_local_kubernetes_executor' retrieved from /home/airflow/.local/lib/python3.12/site-packages/airflow/example_dags/example_local_kubernetes_executor.py
[2026-05-23T17:08:40.801+0000] {logging_mixin.py:190} INFO - [2026-05-23T17:08:40.801+0000] {dag.py:3239} INFO - Sync 1 DAGs
[2026-05-23T17:08:40.812+0000] {logging_mixin.py:190} INFO - [2026-05-23T17:08:40.812+0000] {dag.py:4180} INFO - Setting next_dagrun for example_local_kubernetes_executor to None, run_after=None
[2026-05-23T17:08:40.826+0000] {processor.py:208} INFO - Processing /home/airflow/.local/lib/python3.12/site-packages/airflow/example_dags/example_local_kubernetes_executor.py took 0.058 seconds
[2026-05-23T17:09:12.390+0000] {processor.py:186} INFO - Started process (PID=2592) to work on /home/airflow/.local/lib/python3.12/site-packages/airflow/example_dags/example_local_kubernetes_executor.py
[2026-05-23T17:09:12.391+0000] {processor.py:914} INFO - Processing file /home/airflow/.local/lib/python3.12/site-packages/airflow/example_dags/example_local_kubernetes_executor.py for tasks to queue
[2026-05-23T17:09:12.393+0000] {logging_mixin.py:190} INFO - [2026-05-23T17:09:12.392+0000] {dagbag.py:588} INFO - Filling up the DagBag from /home/airflow/.local/lib/python3.12/site-packages/airflow/example_dags/example_local_kubernetes_executor.py
[2026-05-23T17:09:12.400+0000] {processor.py:925} INFO - DAG(s) 'example_local_kubernetes_executor' retrieved from /home/airflow/.local/lib/python3.12/site-packages/airflow/example_dags/example_local_kubernetes_executor.py
[2026-05-23T17:09:12.417+0000] {logging_mixin.py:190} INFO - [2026-05-23T17:09:12.417+0000] {dag.py:3239} INFO - Sync 1 DAGs
[2026-05-23T17:09:12.430+0000] {logging_mixin.py:190} INFO - [2026-05-23T17:09:12.430+0000] {dag.py:4180} INFO - Setting next_dagrun for example_local_kubernetes_executor to None, run_after=None
[2026-05-23T17:09:12.444+0000] {processor.py:208} INFO - Processing /home/airflow/.local/lib/python3.12/site-packages/airflow/example_dags/example_local_kubernetes_executor.py took 0.058 seconds
[2026-05-23T17:09:44.491+0000] {processor.py:186} INFO - Started process (PID=2657) to work on /home/airflow/.local/lib/python3.12/site-packages/airflow/example_dags/example_local_kubernetes_executor.py
[2026-05-23T17:09:44.491+0000] {processor.py:914} INFO - Processing file /home/airflow/.local/lib/python3.12/site-packages/airflow/example_dags/example_local_kubernetes_executor.py for tasks to queue
[2026-05-23T17:09:44.493+0000] {logging_mixin.py:190} INFO - [2026-05-23T17:09:44.493+0000] {dagbag.py:588} INFO - Filling up the DagBag from /home/airflow/.local/lib/python3.12/site-packages/airflow/example_dags/example_local_kubernetes_executor.py
[2026-05-23T17:09:44.502+0000] {processor.py:925} INFO - DAG(s) 'example_local_kubernetes_executor' retrieved from /home/airflow/.local/lib/python3.12/site-packages/airflow/example_dags/example_local_kubernetes_executor.py
[2026-05-23T17:09:44.519+0000] {logging_mixin.py:190} INFO - [2026-05-23T17:09:44.519+0000] {dag.py:3239} INFO - Sync 1 DAGs
[2026-05-23T17:09:44.535+0000] {logging_mixin.py:190} INFO - [2026-05-23T17:09:44.535+0000] {dag.py:4180} INFO - Setting next_dagrun for example_local_kubernetes_executor to None, run_after=None
[2026-05-23T17:09:44.557+0000] {processor.py:208} INFO - Processing /home/airflow/.local/lib/python3.12/site-packages/airflow/example_dags/example_local_kubernetes_executor.py took 0.073 seconds
[2026-05-23T17:10:15.188+0000] {processor.py:186} INFO - Started process (PID=2722) to work on /home/airflow/.local/lib/python3.12/site-packages/airflow/example_dags/example_local_kubernetes_executor.py
[2026-05-23T17:10:15.188+0000] {processor.py:914} INFO - Processing file /home/airflow/.local/lib/python3.12/site-packages/airflow/example_dags/example_local_kubernetes_executor.py for tasks to queue
[2026-05-23T17:10:15.190+0000] {logging_mixin.py:190} INFO - [2026-05-23T17:10:15.190+0000] {dagbag.py:588} INFO - Filling up the DagBag from /home/airflow/.local/lib/python3.12/site-packages/airflow/example_dags/example_local_kubernetes_executor.py
[2026-05-23T17:10:15.198+0000] {processor.py:925} INFO - DAG(s) 'example_local_kubernetes_executor' retrieved from /home/airflow/.local/lib/python3.12/site-packages/airflow/example_dags/example_local_kubernetes_executor.py
[2026-05-23T17:10:15.214+0000] {logging_mixin.py:190} INFO - [2026-05-23T17:10:15.214+0000] {dag.py:3239} INFO - Sync 1 DAGs
[2026-05-23T17:10:15.226+0000] {logging_mixin.py:190} INFO - [2026-05-23T17:10:15.226+0000] {dag.py:4180} INFO - Setting next_dagrun for example_local_kubernetes_executor to None, run_after=None
[2026-05-23T17:10:15.240+0000] {processor.py:208} INFO - Processing /home/airflow/.local/lib/python3.12/site-packages/airflow/example_dags/example_local_kubernetes_executor.py took 0.057 seconds
[2026-05-23T17:10:45.886+0000] {processor.py:186} INFO - Started process (PID=2787) to work on /home/airflow/.local/lib/python3.12/site-packages/airflow/example_dags/example_local_kubernetes_executor.py
[2026-05-23T17:10:45.887+0000] {processor.py:914} INFO - Processing file /home/airflow/.local/lib/python3.12/site-packages/airflow/example_dags/example_local_kubernetes_executor.py for tasks to queue
[2026-05-23T17:10:45.889+0000] {logging_mixin.py:190} INFO - [2026-05-23T17:10:45.888+0000] {dagbag.py:588} INFO - Filling up the DagBag from /home/airflow/.local/lib/python3.12/site-packages/airflow/example_dags/example_local_kubernetes_executor.py
[2026-05-23T17:10:45.896+0000] {processor.py:925} INFO - DAG(s) 'example_local_kubernetes_executor' retrieved from /home/airflow/.local/lib/python3.12/site-packages/airflow/example_dags/example_local_kubernetes_executor.py
[2026-05-23T17:10:45.914+0000] {logging_mixin.py:190} INFO - [2026-05-23T17:10:45.914+0000] {dag.py:3239} INFO - Sync 1 DAGs
[2026-05-23T17:10:45.926+0000] {logging_mixin.py:190} INFO - [2026-05-23T17:10:45.926+0000] {dag.py:4180} INFO - Setting next_dagrun for example_local_kubernetes_executor to None, run_after=None
[2026-05-23T17:10:45.940+0000] {processor.py:208} INFO - Processing /home/airflow/.local/lib/python3.12/site-packages/airflow/example_dags/example_local_kubernetes_executor.py took 0.058 seconds
[2026-05-23T17:11:17.117+0000] {processor.py:186} INFO - Started process (PID=2852) to work on /home/airflow/.local/lib/python3.12/site-packages/airflow/example_dags/example_local_kubernetes_executor.py
[2026-05-23T17:11:17.117+0000] {processor.py:914} INFO - Processing file /home/airflow/.local/lib/python3.12/site-packages/airflow/example_dags/example_local_kubernetes_executor.py for tasks to queue
[2026-05-23T17:11:17.119+0000] {logging_mixin.py:190} INFO - [2026-05-23T17:11:17.119+0000] {dagbag.py:588} INFO - Filling up the DagBag from /home/airflow/.local/lib/python3.12/site-packages/airflow/example_dags/example_local_kubernetes_executor.py
[2026-05-23T17:11:17.127+0000] {processor.py:925} INFO - DAG(s) 'example_local_kubernetes_executor' retrieved from /home/airflow/.local/lib/python3.12/site-packages/airflow/example_dags/example_local_kubernetes_executor.py
[2026-05-23T17:11:17.143+0000] {logging_mixin.py:190} INFO - [2026-05-23T17:11:17.142+0000] {dag.py:3239} INFO - Sync 1 DAGs
[2026-05-23T17:11:17.154+0000] {logging_mixin.py:190} INFO - [2026-05-23T17:11:17.154+0000] {dag.py:4180} INFO - Setting next_dagrun for example_local_kubernetes_executor to None, run_after=None
[2026-05-23T17:11:17.167+0000] {processor.py:208} INFO - Processing /home/airflow/.local/lib/python3.12/site-packages/airflow/example_dags/example_local_kubernetes_executor.py took 0.055 seconds
[2026-05-23T17:11:48.331+0000] {processor.py:186} INFO - Started process (PID=2917) to work on /home/airflow/.local/lib/python3.12/site-packages/airflow/example_dags/example_local_kubernetes_executor.py
[2026-05-23T17:11:48.331+0000] {processor.py:914} INFO - Processing file /home/airflow/.local/lib/python3.12/site-packages/airflow/example_dags/example_local_kubernetes_executor.py for tasks to queue
[2026-05-23T17:11:48.333+0000] {logging_mixin.py:190} INFO - [2026-05-23T17:11:48.333+0000] {dagbag.py:588} INFO - Filling up the DagBag from /home/airflow/.local/lib/python3.12/site-packages/airflow/example_dags/example_local_kubernetes_executor.py
[2026-05-23T17:11:48.341+0000] {processor.py:925} INFO - DAG(s) 'example_local_kubernetes_executor' retrieved from /home/airflow/.local/lib/python3.12/site-packages/airflow/example_dags/example_local_kubernetes_executor.py
[2026-05-23T17:11:48.360+0000] {logging_mixin.py:190} INFO - [2026-05-23T17:11:48.359+0000] {dag.py:3239} INFO - Sync 1 DAGs
[2026-05-23T17:11:48.372+0000] {logging_mixin.py:190} INFO - [2026-05-23T17:11:48.372+0000] {dag.py:4180} INFO - Setting next_dagrun for example_local_kubernetes_executor to None, run_after=None
[2026-05-23T17:11:48.389+0000] {processor.py:208} INFO - Processing /home/airflow/.local/lib/python3.12/site-packages/airflow/example_dags/example_local_kubernetes_executor.py took 0.063 seconds
[2026-05-23T17:12:19.841+0000] {processor.py:186} INFO - Started process (PID=2982) to work on /home/airflow/.local/lib/python3.12/site-packages/airflow/example_dags/example_local_kubernetes_executor.py
[2026-05-23T17:12:19.842+0000] {processor.py:914} INFO - Processing file /home/airflow/.local/lib/python3.12/site-packages/airflow/example_dags/example_local_kubernetes_executor.py for tasks to queue
[2026-05-23T17:12:19.844+0000] {logging_mixin.py:190} INFO - [2026-05-23T17:12:19.844+0000] {dagbag.py:588} INFO - Filling up the DagBag from /home/airflow/.local/lib/python3.12/site-packages/airflow/example_dags/example_local_kubernetes_executor.py
[2026-05-23T17:12:19.853+0000] {processor.py:925} INFO - DAG(s) 'example_local_kubernetes_executor' retrieved from /home/airflow/.local/lib/python3.12/site-packages/airflow/example_dags/example_local_kubernetes_executor.py
[2026-05-23T17:12:19.871+0000] {logging_mixin.py:190} INFO - [2026-05-23T17:12:19.870+0000] {dag.py:3239} INFO - Sync 1 DAGs
[2026-05-23T17:12:19.882+0000] {logging_mixin.py:190} INFO - [2026-05-23T17:12:19.882+0000] {dag.py:4180} INFO - Setting next_dagrun for example_local_kubernetes_executor to None, run_after=None
[2026-05-23T17:12:19.896+0000] {processor.py:208} INFO - Processing /home/airflow/.local/lib/python3.12/site-packages/airflow/example_dags/example_local_kubernetes_executor.py took 0.059 seconds
[2026-05-23T17:12:51.040+0000] {processor.py:186} INFO - Started process (PID=3047) to work on /home/airflow/.local/lib/python3.12/site-packages/airflow/example_dags/example_local_kubernetes_executor.py
[2026-05-23T17:12:51.041+0000] {processor.py:914} INFO - Processing file /home/airflow/.local/lib/python3.12/site-packages/airflow/example_dags/example_local_kubernetes_executor.py for tasks to queue
[2026-05-23T17:12:51.042+0000] {logging_mixin.py:190} INFO - [2026-05-23T17:12:51.042+0000] {dagbag.py:588} INFO - Filling up the DagBag from /home/airflow/.local/lib/python3.12/site-packages/airflow/example_dags/example_local_kubernetes_executor.py
[2026-05-23T17:12:51.050+0000] {processor.py:925} INFO - DAG(s) 'example_local_kubernetes_executor' retrieved from /home/airflow/.local/lib/python3.12/site-packages/airflow/example_dags/example_local_kubernetes_executor.py
[2026-05-23T17:12:51.067+0000] {logging_mixin.py:190} INFO - [2026-05-23T17:12:51.066+0000] {dag.py:3239} INFO - Sync 1 DAGs
[2026-05-23T17:12:51.078+0000] {logging_mixin.py:190} INFO - [2026-05-23T17:12:51.078+0000] {dag.py:4180} INFO - Setting next_dagrun for example_local_kubernetes_executor to None, run_after=None
[2026-05-23T17:12:51.092+0000] {processor.py:208} INFO - Processing /home/airflow/.local/lib/python3.12/site-packages/airflow/example_dags/example_local_kubernetes_executor.py took 0.057 seconds
[2026-05-23T17:13:22.360+0000] {processor.py:186} INFO - Started process (PID=3112) to work on /home/airflow/.local/lib/python3.12/site-packages/airflow/example_dags/example_local_kubernetes_executor.py
[2026-05-23T17:13:22.361+0000] {processor.py:914} INFO - Processing file /home/airflow/.local/lib/python3.12/site-packages/airflow/example_dags/example_local_kubernetes_executor.py for tasks to queue
[2026-05-23T17:13:22.362+0000] {logging_mixin.py:190} INFO - [2026-05-23T17:13:22.362+0000] {dagbag.py:588} INFO - Filling up the DagBag from /home/airflow/.local/lib/python3.12/site-packages/airflow/example_dags/example_local_kubernetes_executor.py
[2026-05-23T17:13:22.369+0000] {processor.py:925} INFO - DAG(s) 'example_local_kubernetes_executor' retrieved from /home/airflow/.local/lib/python3.12/site-packages/airflow/example_dags/example_local_kubernetes_executor.py
[2026-05-23T17:13:22.384+0000] {logging_mixin.py:190} INFO - [2026-05-23T17:13:22.384+0000] {dag.py:3239} INFO - Sync 1 DAGs
[2026-05-23T17:13:22.396+0000] {logging_mixin.py:190} INFO - [2026-05-23T17:13:22.395+0000] {dag.py:4180} INFO - Setting next_dagrun for example_local_kubernetes_executor to None, run_after=None
[2026-05-23T17:13:22.409+0000] {processor.py:208} INFO - Processing /home/airflow/.local/lib/python3.12/site-packages/airflow/example_dags/example_local_kubernetes_executor.py took 0.053 seconds
[2026-05-23T17:13:53.899+0000] {processor.py:186} INFO - Started process (PID=3177) to work on /home/airflow/.local/lib/python3.12/site-packages/airflow/example_dags/example_local_kubernetes_executor.py
[2026-05-23T17:13:53.900+0000] {processor.py:914} INFO - Processing file /home/airflow/.local/lib/python3.12/site-packages/airflow/example_dags/example_local_kubernetes_executor.py for tasks to queue
[2026-05-23T17:13:53.902+0000] {logging_mixin.py:190} INFO - [2026-05-23T17:13:53.901+0000] {dagbag.py:588} INFO - Filling up the DagBag from /home/airflow/.local/lib/python3.12/site-packages/airflow/example_dags/example_local_kubernetes_executor.py
[2026-05-23T17:13:53.911+0000] {processor.py:925} INFO - DAG(s) 'example_local_kubernetes_executor' retrieved from /home/airflow/.local/lib/python3.12/site-packages/airflow/example_dags/example_local_kubernetes_executor.py
[2026-05-23T17:13:53.927+0000] {logging_mixin.py:190} INFO - [2026-05-23T17:13:53.927+0000] {dag.py:3239} INFO - Sync 1 DAGs
[2026-05-23T17:13:53.939+0000] {logging_mixin.py:190} INFO - [2026-05-23T17:13:53.938+0000] {dag.py:4180} INFO - Setting next_dagrun for example_local_kubernetes_executor to None, run_after=None
[2026-05-23T17:13:53.953+0000] {processor.py:208} INFO - Processing /home/airflow/.local/lib/python3.12/site-packages/airflow/example_dags/example_local_kubernetes_executor.py took 0.060 seconds
[2026-05-23T17:14:25.016+0000] {processor.py:186} INFO - Started process (PID=3241) to work on /home/airflow/.local/lib/python3.12/site-packages/airflow/example_dags/example_local_kubernetes_executor.py
[2026-05-23T17:14:25.017+0000] {processor.py:914} INFO - Processing file /home/airflow/.local/lib/python3.12/site-packages/airflow/example_dags/example_local_kubernetes_executor.py for tasks to queue
[2026-05-23T17:14:25.018+0000] {logging_mixin.py:190} INFO - [2026-05-23T17:14:25.018+0000] {dagbag.py:588} INFO - Filling up the DagBag from /home/airflow/.local/lib/python3.12/site-packages/airflow/example_dags/example_local_kubernetes_executor.py
[2026-05-23T17:14:25.026+0000] {processor.py:925} INFO - DAG(s) 'example_local_kubernetes_executor' retrieved from /home/airflow/.local/lib/python3.12/site-packages/airflow/example_dags/example_local_kubernetes_executor.py
[2026-05-23T17:14:25.040+0000] {logging_mixin.py:190} INFO - [2026-05-23T17:14:25.040+0000] {dag.py:3239} INFO - Sync 1 DAGs
[2026-05-23T17:14:25.051+0000] {logging_mixin.py:190} INFO - [2026-05-23T17:14:25.051+0000] {dag.py:4180} INFO - Setting next_dagrun for example_local_kubernetes_executor to None, run_after=None
[2026-05-23T17:14:25.065+0000] {processor.py:208} INFO - Processing /home/airflow/.local/lib/python3.12/site-packages/airflow/example_dags/example_local_kubernetes_executor.py took 0.053 seconds
[2026-05-23T17:14:56.598+0000] {processor.py:186} INFO - Started process (PID=3306) to work on /home/airflow/.local/lib/python3.12/site-packages/airflow/example_dags/example_local_kubernetes_executor.py
[2026-05-23T17:14:56.598+0000] {processor.py:914} INFO - Processing file /home/airflow/.local/lib/python3.12/site-packages/airflow/example_dags/example_local_kubernetes_executor.py for tasks to queue
[2026-05-23T17:14:56.600+0000] {logging_mixin.py:190} INFO - [2026-05-23T17:14:56.600+0000] {dagbag.py:588} INFO - Filling up the DagBag from /home/airflow/.local/lib/python3.12/site-packages/airflow/example_dags/example_local_kubernetes_executor.py
[2026-05-23T17:14:56.608+0000] {processor.py:925} INFO - DAG(s) 'example_local_kubernetes_executor' retrieved from /home/airflow/.local/lib/python3.12/site-packages/airflow/example_dags/example_local_kubernetes_executor.py
[2026-05-23T17:14:56.628+0000] {logging_mixin.py:190} INFO - [2026-05-23T17:14:56.628+0000] {dag.py:3239} INFO - Sync 1 DAGs
[2026-05-23T17:14:56.646+0000] {logging_mixin.py:190} INFO - [2026-05-23T17:14:56.645+0000] {dag.py:4180} INFO - Setting next_dagrun for example_local_kubernetes_executor to None, run_after=None
[2026-05-23T17:14:56.662+0000] {processor.py:208} INFO - Processing /home/airflow/.local/lib/python3.12/site-packages/airflow/example_dags/example_local_kubernetes_executor.py took 0.069 seconds
[2026-05-23T17:15:27.729+0000] {processor.py:186} INFO - Started process (PID=3371) to work on /home/airflow/.local/lib/python3.12/site-packages/airflow/example_dags/example_local_kubernetes_executor.py
[2026-05-23T17:15:27.729+0000] {processor.py:914} INFO - Processing file /home/airflow/.local/lib/python3.12/site-packages/airflow/example_dags/example_local_kubernetes_executor.py for tasks to queue
[2026-05-23T17:15:27.731+0000] {logging_mixin.py:190} INFO - [2026-05-23T17:15:27.731+0000] {dagbag.py:588} INFO - Filling up the DagBag from /home/airflow/.local/lib/python3.12/site-packages/airflow/example_dags/example_local_kubernetes_executor.py
[2026-05-23T17:15:27.739+0000] {processor.py:925} INFO - DAG(s) 'example_local_kubernetes_executor' retrieved from /home/airflow/.local/lib/python3.12/site-packages/airflow/example_dags/example_local_kubernetes_executor.py
[2026-05-23T17:15:27.756+0000] {logging_mixin.py:190} INFO - [2026-05-23T17:15:27.756+0000] {dag.py:3239} INFO - Sync 1 DAGs
[2026-05-23T17:15:27.768+0000] {logging_mixin.py:190} INFO - [2026-05-23T17:15:27.768+0000] {dag.py:4180} INFO - Setting next_dagrun for example_local_kubernetes_executor to None, run_after=None
[2026-05-23T17:15:27.785+0000] {processor.py:208} INFO - Processing /home/airflow/.local/lib/python3.12/site-packages/airflow/example_dags/example_local_kubernetes_executor.py took 0.060 seconds
[2026-05-23T17:15:58.782+0000] {processor.py:186} INFO - Started process (PID=3436) to work on /home/airflow/.local/lib/python3.12/site-packages/airflow/example_dags/example_local_kubernetes_executor.py
[2026-05-23T17:15:58.783+0000] {processor.py:914} INFO - Processing file /home/airflow/.local/lib/python3.12/site-packages/airflow/example_dags/example_local_kubernetes_executor.py for tasks to queue
[2026-05-23T17:15:58.784+0000] {logging_mixin.py:190} INFO - [2026-05-23T17:15:58.784+0000] {dagbag.py:588} INFO - Filling up the DagBag from /home/airflow/.local/lib/python3.12/site-packages/airflow/example_dags/example_local_kubernetes_executor.py
[2026-05-23T17:15:58.792+0000] {processor.py:925} INFO - DAG(s) 'example_local_kubernetes_executor' retrieved from /home/airflow/.local/lib/python3.12/site-packages/airflow/example_dags/example_local_kubernetes_executor.py
[2026-05-23T17:15:58.808+0000] {logging_mixin.py:190} INFO - [2026-05-23T17:15:58.808+0000] {dag.py:3239} INFO - Sync 1 DAGs
[2026-05-23T17:15:58.820+0000] {logging_mixin.py:190} INFO - [2026-05-23T17:15:58.820+0000] {dag.py:4180} INFO - Setting next_dagrun for example_local_kubernetes_executor to None, run_after=None
[2026-05-23T17:15:58.834+0000] {processor.py:208} INFO - Processing /home/airflow/.local/lib/python3.12/site-packages/airflow/example_dags/example_local_kubernetes_executor.py took 0.056 seconds
[2026-05-23T17:16:29.972+0000] {processor.py:186} INFO - Started process (PID=3507) to work on /home/airflow/.local/lib/python3.12/site-packages/airflow/example_dags/example_local_kubernetes_executor.py
[2026-05-23T17:16:29.972+0000] {processor.py:914} INFO - Processing file /home/airflow/.local/lib/python3.12/site-packages/airflow/example_dags/example_local_kubernetes_executor.py for tasks to queue
[2026-05-23T17:16:29.975+0000] {logging_mixin.py:190} INFO - [2026-05-23T17:16:29.974+0000] {dagbag.py:588} INFO - Filling up the DagBag from /home/airflow/.local/lib/python3.12/site-packages/airflow/example_dags/example_local_kubernetes_executor.py
[2026-05-23T17:16:29.985+0000] {processor.py:925} INFO - DAG(s) 'example_local_kubernetes_executor' retrieved from /home/airflow/.local/lib/python3.12/site-packages/airflow/example_dags/example_local_kubernetes_executor.py
[2026-05-23T17:16:30.002+0000] {logging_mixin.py:190} INFO - [2026-05-23T17:16:30.002+0000] {dag.py:3239} INFO - Sync 1 DAGs
[2026-05-23T17:16:30.014+0000] {logging_mixin.py:190} INFO - [2026-05-23T17:16:30.014+0000] {dag.py:4180} INFO - Setting next_dagrun for example_local_kubernetes_executor to None, run_after=None
[2026-05-23T17:16:30.028+0000] {processor.py:208} INFO - Processing /home/airflow/.local/lib/python3.12/site-packages/airflow/example_dags/example_local_kubernetes_executor.py took 0.063 seconds
[2026-05-23T17:17:01.317+0000] {processor.py:186} INFO - Started process (PID=3572) to work on /home/airflow/.local/lib/python3.12/site-packages/airflow/example_dags/example_local_kubernetes_executor.py
[2026-05-23T17:17:01.318+0000] {processor.py:914} INFO - Processing file /home/airflow/.local/lib/python3.12/site-packages/airflow/example_dags/example_local_kubernetes_executor.py for tasks to queue
[2026-05-23T17:17:01.319+0000] {logging_mixin.py:190} INFO - [2026-05-23T17:17:01.319+0000] {dagbag.py:588} INFO - Filling up the DagBag from /home/airflow/.local/lib/python3.12/site-packages/airflow/example_dags/example_local_kubernetes_executor.py
[2026-05-23T17:17:01.327+0000] {processor.py:925} INFO - DAG(s) 'example_local_kubernetes_executor' retrieved from /home/airflow/.local/lib/python3.12/site-packages/airflow/example_dags/example_local_kubernetes_executor.py
[2026-05-23T17:17:01.344+0000] {logging_mixin.py:190} INFO - [2026-05-23T17:17:01.343+0000] {dag.py:3239} INFO - Sync 1 DAGs
[2026-05-23T17:17:01.355+0000] {logging_mixin.py:190} INFO - [2026-05-23T17:17:01.355+0000] {dag.py:4180} INFO - Setting next_dagrun for example_local_kubernetes_executor to None, run_after=None
[2026-05-23T17:17:01.371+0000] {processor.py:208} INFO - Processing /home/airflow/.local/lib/python3.12/site-packages/airflow/example_dags/example_local_kubernetes_executor.py took 0.059 seconds
[2026-05-23T17:17:33.035+0000] {processor.py:186} INFO - Started process (PID=3637) to work on /home/airflow/.local/lib/python3.12/site-packages/airflow/example_dags/example_local_kubernetes_executor.py
[2026-05-23T17:17:33.039+0000] {processor.py:914} INFO - Processing file /home/airflow/.local/lib/python3.12/site-packages/airflow/example_dags/example_local_kubernetes_executor.py for tasks to queue
[2026-05-23T17:17:33.043+0000] {logging_mixin.py:190} INFO - [2026-05-23T17:17:33.041+0000] {dagbag.py:588} INFO - Filling up the DagBag from /home/airflow/.local/lib/python3.12/site-packages/airflow/example_dags/example_local_kubernetes_executor.py
[2026-05-23T17:17:33.056+0000] {processor.py:925} INFO - DAG(s) 'example_local_kubernetes_executor' retrieved from /home/airflow/.local/lib/python3.12/site-packages/airflow/example_dags/example_local_kubernetes_executor.py
[2026-05-23T17:17:33.085+0000] {logging_mixin.py:190} INFO - [2026-05-23T17:17:33.085+0000] {dag.py:3239} INFO - Sync 1 DAGs
[2026-05-23T17:17:33.104+0000] {logging_mixin.py:190} INFO - [2026-05-23T17:17:33.103+0000] {dag.py:4180} INFO - Setting next_dagrun for example_local_kubernetes_executor to None, run_after=None
[2026-05-23T17:17:33.123+0000] {processor.py:208} INFO - Processing /home/airflow/.local/lib/python3.12/site-packages/airflow/example_dags/example_local_kubernetes_executor.py took 0.093 seconds
[2026-05-23T17:18:04.359+0000] {processor.py:186} INFO - Started process (PID=3703) to work on /home/airflow/.local/lib/python3.12/site-packages/airflow/example_dags/example_local_kubernetes_executor.py
[2026-05-23T17:18:04.360+0000] {processor.py:914} INFO - Processing file /home/airflow/.local/lib/python3.12/site-packages/airflow/example_dags/example_local_kubernetes_executor.py for tasks to queue
[2026-05-23T17:18:04.361+0000] {logging_mixin.py:190} INFO - [2026-05-23T17:18:04.361+0000] {dagbag.py:588} INFO - Filling up the DagBag from /home/airflow/.local/lib/python3.12/site-packages/airflow/example_dags/example_local_kubernetes_executor.py
[2026-05-23T17:18:04.369+0000] {processor.py:925} INFO - DAG(s) 'example_local_kubernetes_executor' retrieved from /home/airflow/.local/lib/python3.12/site-packages/airflow/example_dags/example_local_kubernetes_executor.py
[2026-05-23T17:18:04.385+0000] {logging_mixin.py:190} INFO - [2026-05-23T17:18:04.385+0000] {dag.py:3239} INFO - Sync 1 DAGs
[2026-05-23T17:18:04.397+0000] {logging_mixin.py:190} INFO - [2026-05-23T17:18:04.397+0000] {dag.py:4180} INFO - Setting next_dagrun for example_local_kubernetes_executor to None, run_after=None
[2026-05-23T17:18:04.410+0000] {processor.py:208} INFO - Processing /home/airflow/.local/lib/python3.12/site-packages/airflow/example_dags/example_local_kubernetes_executor.py took 0.056 seconds
[2026-05-23T17:18:36.420+0000] {processor.py:186} INFO - Started process (PID=3769) to work on /home/airflow/.local/lib/python3.12/site-packages/airflow/example_dags/example_local_kubernetes_executor.py
[2026-05-23T17:18:36.421+0000] {processor.py:914} INFO - Processing file /home/airflow/.local/lib/python3.12/site-packages/airflow/example_dags/example_local_kubernetes_executor.py for tasks to queue
[2026-05-23T17:18:36.423+0000] {logging_mixin.py:190} INFO - [2026-05-23T17:18:36.422+0000] {dagbag.py:588} INFO - Filling up the DagBag from /home/airflow/.local/lib/python3.12/site-packages/airflow/example_dags/example_local_kubernetes_executor.py
[2026-05-23T17:18:36.430+0000] {processor.py:925} INFO - DAG(s) 'example_local_kubernetes_executor' retrieved from /home/airflow/.local/lib/python3.12/site-packages/airflow/example_dags/example_local_kubernetes_executor.py
[2026-05-23T17:18:36.448+0000] {logging_mixin.py:190} INFO - [2026-05-23T17:18:36.448+0000] {dag.py:3239} INFO - Sync 1 DAGs
[2026-05-23T17:18:36.460+0000] {logging_mixin.py:190} INFO - [2026-05-23T17:18:36.460+0000] {dag.py:4180} INFO - Setting next_dagrun for example_local_kubernetes_executor to None, run_after=None
[2026-05-23T17:18:36.475+0000] {processor.py:208} INFO - Processing /home/airflow/.local/lib/python3.12/site-packages/airflow/example_dags/example_local_kubernetes_executor.py took 0.059 seconds
[2026-05-23T17:19:08.373+0000] {processor.py:186} INFO - Started process (PID=3835) to work on /home/airflow/.local/lib/python3.12/site-packages/airflow/example_dags/example_local_kubernetes_executor.py
[2026-05-23T17:19:08.374+0000] {processor.py:914} INFO - Processing file /home/airflow/.local/lib/python3.12/site-packages/airflow/example_dags/example_local_kubernetes_executor.py for tasks to queue
[2026-05-23T17:19:08.376+0000] {logging_mixin.py:190} INFO - [2026-05-23T17:19:08.376+0000] {dagbag.py:588} INFO - Filling up the DagBag from /home/airflow/.local/lib/python3.12/site-packages/airflow/example_dags/example_local_kubernetes_executor.py
[2026-05-23T17:19:08.386+0000] {processor.py:925} INFO - DAG(s) 'example_local_kubernetes_executor' retrieved from /home/airflow/.local/lib/python3.12/site-packages/airflow/example_dags/example_local_kubernetes_executor.py
[2026-05-23T17:19:08.407+0000] {logging_mixin.py:190} INFO - [2026-05-23T17:19:08.407+0000] {dag.py:3239} INFO - Sync 1 DAGs
[2026-05-23T17:19:08.420+0000] {logging_mixin.py:190} INFO - [2026-05-23T17:19:08.420+0000] {dag.py:4180} INFO - Setting next_dagrun for example_local_kubernetes_executor to None, run_after=None
[2026-05-23T17:19:08.435+0000] {processor.py:208} INFO - Processing /home/airflow/.local/lib/python3.12/site-packages/airflow/example_dags/example_local_kubernetes_executor.py took 0.068 seconds
[2026-05-23T17:19:40.044+0000] {processor.py:186} INFO - Started process (PID=3900) to work on /home/airflow/.local/lib/python3.12/site-packages/airflow/example_dags/example_local_kubernetes_executor.py
[2026-05-23T17:19:40.045+0000] {processor.py:914} INFO - Processing file /home/airflow/.local/lib/python3.12/site-packages/airflow/example_dags/example_local_kubernetes_executor.py for tasks to queue
[2026-05-23T17:19:40.047+0000] {logging_mixin.py:190} INFO - [2026-05-23T17:19:40.047+0000] {dagbag.py:588} INFO - Filling up the DagBag from /home/airflow/.local/lib/python3.12/site-packages/airflow/example_dags/example_local_kubernetes_executor.py
[2026-05-23T17:19:40.058+0000] {processor.py:925} INFO - DAG(s) 'example_local_kubernetes_executor' retrieved from /home/airflow/.local/lib/python3.12/site-packages/airflow/example_dags/example_local_kubernetes_executor.py
[2026-05-23T17:19:40.081+0000] {logging_mixin.py:190} INFO - [2026-05-23T17:19:40.081+0000] {dag.py:3239} INFO - Sync 1 DAGs
[2026-05-23T17:19:40.098+0000] {logging_mixin.py:190} INFO - [2026-05-23T17:19:40.098+0000] {dag.py:4180} INFO - Setting next_dagrun for example_local_kubernetes_executor to None, run_after=None
[2026-05-23T17:19:40.116+0000] {processor.py:208} INFO - Processing /home/airflow/.local/lib/python3.12/site-packages/airflow/example_dags/example_local_kubernetes_executor.py took 0.079 seconds
[2026-05-23T17:20:10.764+0000] {processor.py:186} INFO - Started process (PID=3965) to work on /home/airflow/.local/lib/python3.12/site-packages/airflow/example_dags/example_local_kubernetes_executor.py
[2026-05-23T17:20:10.765+0000] {processor.py:914} INFO - Processing file /home/airflow/.local/lib/python3.12/site-packages/airflow/example_dags/example_local_kubernetes_executor.py for tasks to queue
[2026-05-23T17:20:10.766+0000] {logging_mixin.py:190} INFO - [2026-05-23T17:20:10.766+0000] {dagbag.py:588} INFO - Filling up the DagBag from /home/airflow/.local/lib/python3.12/site-packages/airflow/example_dags/example_local_kubernetes_executor.py
[2026-05-23T17:20:10.774+0000] {processor.py:925} INFO - DAG(s) 'example_local_kubernetes_executor' retrieved from /home/airflow/.local/lib/python3.12/site-packages/airflow/example_dags/example_local_kubernetes_executor.py
[2026-05-23T17:20:10.789+0000] {logging_mixin.py:190} INFO - [2026-05-23T17:20:10.789+0000] {dag.py:3239} INFO - Sync 1 DAGs
[2026-05-23T17:20:10.800+0000] {logging_mixin.py:190} INFO - [2026-05-23T17:20:10.800+0000] {dag.py:4180} INFO - Setting next_dagrun for example_local_kubernetes_executor to None, run_after=None
[2026-05-23T17:20:10.814+0000] {processor.py:208} INFO - Processing /home/airflow/.local/lib/python3.12/site-packages/airflow/example_dags/example_local_kubernetes_executor.py took 0.054 seconds
[2026-05-23T17:20:41.622+0000] {processor.py:186} INFO - Started process (PID=4030) to work on /home/airflow/.local/lib/python3.12/site-packages/airflow/example_dags/example_local_kubernetes_executor.py
[2026-05-23T17:20:41.623+0000] {processor.py:914} INFO - Processing file /home/airflow/.local/lib/python3.12/site-packages/airflow/example_dags/example_local_kubernetes_executor.py for tasks to queue
[2026-05-23T17:20:41.624+0000] {logging_mixin.py:190} INFO - [2026-05-23T17:20:41.624+0000] {dagbag.py:588} INFO - Filling up the DagBag from /home/airflow/.local/lib/python3.12/site-packages/airflow/example_dags/example_local_kubernetes_executor.py
[2026-05-23T17:20:41.632+0000] {processor.py:925} INFO - DAG(s) 'example_local_kubernetes_executor' retrieved from /home/airflow/.local/lib/python3.12/site-packages/airflow/example_dags/example_local_kubernetes_executor.py
[2026-05-23T17:20:41.651+0000] {logging_mixin.py:190} INFO - [2026-05-23T17:20:41.650+0000] {dag.py:3239} INFO - Sync 1 DAGs
[2026-05-23T17:20:41.667+0000] {logging_mixin.py:190} INFO - [2026-05-23T17:20:41.666+0000] {dag.py:4180} INFO - Setting next_dagrun for example_local_kubernetes_executor to None, run_after=None
[2026-05-23T17:20:41.688+0000] {processor.py:208} INFO - Processing /home/airflow/.local/lib/python3.12/site-packages/airflow/example_dags/example_local_kubernetes_executor.py took 0.070 seconds
[2026-05-23T17:21:12.022+0000] {processor.py:186} INFO - Started process (PID=4094) to work on /home/airflow/.local/lib/python3.12/site-packages/airflow/example_dags/example_local_kubernetes_executor.py
[2026-05-23T17:21:12.022+0000] {processor.py:914} INFO - Processing file /home/airflow/.local/lib/python3.12/site-packages/airflow/example_dags/example_local_kubernetes_executor.py for tasks to queue
[2026-05-23T17:21:12.024+0000] {logging_mixin.py:190} INFO - [2026-05-23T17:21:12.024+0000] {dagbag.py:588} INFO - Filling up the DagBag from /home/airflow/.local/lib/python3.12/site-packages/airflow/example_dags/example_local_kubernetes_executor.py
[2026-05-23T17:21:12.031+0000] {processor.py:925} INFO - DAG(s) 'example_local_kubernetes_executor' retrieved from /home/airflow/.local/lib/python3.12/site-packages/airflow/example_dags/example_local_kubernetes_executor.py
[2026-05-23T17:21:12.050+0000] {logging_mixin.py:190} INFO - [2026-05-23T17:21:12.050+0000] {dag.py:3239} INFO - Sync 1 DAGs
[2026-05-23T17:21:12.065+0000] {logging_mixin.py:190} INFO - [2026-05-23T17:21:12.065+0000] {dag.py:4180} INFO - Setting next_dagrun for example_local_kubernetes_executor to None, run_after=None
[2026-05-23T17:21:12.079+0000] {processor.py:208} INFO - Processing /home/airflow/.local/lib/python3.12/site-packages/airflow/example_dags/example_local_kubernetes_executor.py took 0.062 seconds
[2026-05-23T21:56:24.424+0000] {processor.py:186} INFO - Started process (PID=97) to work on /home/airflow/.local/lib/python3.12/site-packages/airflow/example_dags/example_local_kubernetes_executor.py
[2026-05-23T21:56:24.426+0000] {processor.py:914} INFO - Processing file /home/airflow/.local/lib/python3.12/site-packages/airflow/example_dags/example_local_kubernetes_executor.py for tasks to queue
[2026-05-23T21:56:24.427+0000] {logging_mixin.py:190} INFO - [2026-05-23T21:56:24.427+0000] {dagbag.py:588} INFO - Filling up the DagBag from /home/airflow/.local/lib/python3.12/site-packages/airflow/example_dags/example_local_kubernetes_executor.py
[2026-05-23T21:56:24.438+0000] {processor.py:925} INFO - DAG(s) 'example_local_kubernetes_executor' retrieved from /home/airflow/.local/lib/python3.12/site-packages/airflow/example_dags/example_local_kubernetes_executor.py
[2026-05-23T21:56:24.461+0000] {logging_mixin.py:190} INFO - [2026-05-23T21:56:24.461+0000] {dag.py:3239} INFO - Sync 1 DAGs
[2026-05-23T21:56:24.473+0000] {logging_mixin.py:190} INFO - [2026-05-23T21:56:24.473+0000] {dag.py:4180} INFO - Setting next_dagrun for example_local_kubernetes_executor to None, run_after=None
[2026-05-23T21:56:24.486+0000] {processor.py:208} INFO - Processing /home/airflow/.local/lib/python3.12/site-packages/airflow/example_dags/example_local_kubernetes_executor.py took 0.068 seconds
