[2026-05-23T16:10:03.694+0000] {processor.py:186} INFO - Started process (PID=110) to work on /home/airflow/.local/lib/python3.12/site-packages/airflow/example_dags/example_task_group_decorator.py
[2026-05-23T16:10:03.695+0000] {processor.py:914} INFO - Processing file /home/airflow/.local/lib/python3.12/site-packages/airflow/example_dags/example_task_group_decorator.py for tasks to queue
[2026-05-23T16:10:03.696+0000] {logging_mixin.py:190} INFO - [2026-05-23T16:10:03.696+0000] {dagbag.py:588} INFO - Filling up the DagBag from /home/airflow/.local/lib/python3.12/site-packages/airflow/example_dags/example_task_group_decorator.py
[2026-05-23T16:10:03.710+0000] {processor.py:925} INFO - DAG(s) 'example_task_group_decorator' retrieved from /home/airflow/.local/lib/python3.12/site-packages/airflow/example_dags/example_task_group_decorator.py
[2026-05-23T16:10:03.737+0000] {logging_mixin.py:190} INFO - [2026-05-23T16:10:03.737+0000] {dag.py:3239} INFO - Sync 1 DAGs
[2026-05-23T16:10:03.753+0000] {logging_mixin.py:190} INFO - [2026-05-23T16:10:03.752+0000] {dag.py:4180} INFO - Setting next_dagrun for example_task_group_decorator to None, run_after=None
[2026-05-23T16:10:03.769+0000] {processor.py:208} INFO - Processing /home/airflow/.local/lib/python3.12/site-packages/airflow/example_dags/example_task_group_decorator.py took 0.080 seconds
[2026-05-23T16:10:34.360+0000] {processor.py:186} INFO - Started process (PID=174) to work on /home/airflow/.local/lib/python3.12/site-packages/airflow/example_dags/example_task_group_decorator.py
[2026-05-23T16:10:34.361+0000] {processor.py:914} INFO - Processing file /home/airflow/.local/lib/python3.12/site-packages/airflow/example_dags/example_task_group_decorator.py for tasks to queue
[2026-05-23T16:10:34.363+0000] {logging_mixin.py:190} INFO - [2026-05-23T16:10:34.362+0000] {dagbag.py:588} INFO - Filling up the DagBag from /home/airflow/.local/lib/python3.12/site-packages/airflow/example_dags/example_task_group_decorator.py
[2026-05-23T16:10:34.374+0000] {processor.py:925} INFO - DAG(s) 'example_task_group_decorator' retrieved from /home/airflow/.local/lib/python3.12/site-packages/airflow/example_dags/example_task_group_decorator.py
[2026-05-23T16:10:34.396+0000] {logging_mixin.py:190} INFO - [2026-05-23T16:10:34.395+0000] {dag.py:3239} INFO - Sync 1 DAGs
[2026-05-23T16:10:34.407+0000] {logging_mixin.py:190} INFO - [2026-05-23T16:10:34.407+0000] {dag.py:4180} INFO - Setting next_dagrun for example_task_group_decorator to None, run_after=None
[2026-05-23T16:10:34.425+0000] {processor.py:208} INFO - Processing /home/airflow/.local/lib/python3.12/site-packages/airflow/example_dags/example_task_group_decorator.py took 0.070 seconds
[2026-05-23T16:11:04.971+0000] {processor.py:186} INFO - Started process (PID=238) to work on /home/airflow/.local/lib/python3.12/site-packages/airflow/example_dags/example_task_group_decorator.py
[2026-05-23T16:11:04.972+0000] {processor.py:914} INFO - Processing file /home/airflow/.local/lib/python3.12/site-packages/airflow/example_dags/example_task_group_decorator.py for tasks to queue
[2026-05-23T16:11:04.973+0000] {logging_mixin.py:190} INFO - [2026-05-23T16:11:04.973+0000] {dagbag.py:588} INFO - Filling up the DagBag from /home/airflow/.local/lib/python3.12/site-packages/airflow/example_dags/example_task_group_decorator.py
[2026-05-23T16:11:04.985+0000] {processor.py:925} INFO - DAG(s) 'example_task_group_decorator' retrieved from /home/airflow/.local/lib/python3.12/site-packages/airflow/example_dags/example_task_group_decorator.py
[2026-05-23T16:11:05.011+0000] {logging_mixin.py:190} INFO - [2026-05-23T16:11:05.011+0000] {dag.py:3239} INFO - Sync 1 DAGs
[2026-05-23T16:11:05.026+0000] {logging_mixin.py:190} INFO - [2026-05-23T16:11:05.026+0000] {dag.py:4180} INFO - Setting next_dagrun for example_task_group_decorator to None, run_after=None
[2026-05-23T16:11:05.043+0000] {processor.py:208} INFO - Processing /home/airflow/.local/lib/python3.12/site-packages/airflow/example_dags/example_task_group_decorator.py took 0.076 seconds
[2026-05-23T16:11:35.577+0000] {processor.py:186} INFO - Started process (PID=302) to work on /home/airflow/.local/lib/python3.12/site-packages/airflow/example_dags/example_task_group_decorator.py
[2026-05-23T16:11:35.578+0000] {processor.py:914} INFO - Processing file /home/airflow/.local/lib/python3.12/site-packages/airflow/example_dags/example_task_group_decorator.py for tasks to queue
[2026-05-23T16:11:35.580+0000] {logging_mixin.py:190} INFO - [2026-05-23T16:11:35.580+0000] {dagbag.py:588} INFO - Filling up the DagBag from /home/airflow/.local/lib/python3.12/site-packages/airflow/example_dags/example_task_group_decorator.py
[2026-05-23T16:11:35.592+0000] {processor.py:925} INFO - DAG(s) 'example_task_group_decorator' retrieved from /home/airflow/.local/lib/python3.12/site-packages/airflow/example_dags/example_task_group_decorator.py
[2026-05-23T16:11:35.611+0000] {logging_mixin.py:190} INFO - [2026-05-23T16:11:35.611+0000] {dag.py:3239} INFO - Sync 1 DAGs
[2026-05-23T16:11:35.621+0000] {logging_mixin.py:190} INFO - [2026-05-23T16:11:35.621+0000] {dag.py:4180} INFO - Setting next_dagrun for example_task_group_decorator to None, run_after=None
[2026-05-23T16:11:35.634+0000] {processor.py:208} INFO - Processing /home/airflow/.local/lib/python3.12/site-packages/airflow/example_dags/example_task_group_decorator.py took 0.061 seconds
[2026-05-23T16:12:07.727+0000] {processor.py:186} INFO - Started process (PID=366) to work on /home/airflow/.local/lib/python3.12/site-packages/airflow/example_dags/example_task_group_decorator.py
[2026-05-23T16:12:07.728+0000] {processor.py:914} INFO - Processing file /home/airflow/.local/lib/python3.12/site-packages/airflow/example_dags/example_task_group_decorator.py for tasks to queue
[2026-05-23T16:12:07.730+0000] {logging_mixin.py:190} INFO - [2026-05-23T16:12:07.730+0000] {dagbag.py:588} INFO - Filling up the DagBag from /home/airflow/.local/lib/python3.12/site-packages/airflow/example_dags/example_task_group_decorator.py
[2026-05-23T16:12:07.749+0000] {processor.py:925} INFO - DAG(s) 'example_task_group_decorator' retrieved from /home/airflow/.local/lib/python3.12/site-packages/airflow/example_dags/example_task_group_decorator.py
[2026-05-23T16:12:07.773+0000] {logging_mixin.py:190} INFO - [2026-05-23T16:12:07.773+0000] {dag.py:3239} INFO - Sync 1 DAGs
[2026-05-23T16:12:07.785+0000] {logging_mixin.py:190} INFO - [2026-05-23T16:12:07.785+0000] {dag.py:4180} INFO - Setting next_dagrun for example_task_group_decorator to None, run_after=None
[2026-05-23T16:12:07.798+0000] {processor.py:208} INFO - Processing /home/airflow/.local/lib/python3.12/site-packages/airflow/example_dags/example_task_group_decorator.py took 0.075 seconds
[2026-05-23T16:12:39.536+0000] {processor.py:186} INFO - Started process (PID=430) to work on /home/airflow/.local/lib/python3.12/site-packages/airflow/example_dags/example_task_group_decorator.py
[2026-05-23T16:12:39.536+0000] {processor.py:914} INFO - Processing file /home/airflow/.local/lib/python3.12/site-packages/airflow/example_dags/example_task_group_decorator.py for tasks to queue
[2026-05-23T16:12:39.538+0000] {logging_mixin.py:190} INFO - [2026-05-23T16:12:39.538+0000] {dagbag.py:588} INFO - Filling up the DagBag from /home/airflow/.local/lib/python3.12/site-packages/airflow/example_dags/example_task_group_decorator.py
[2026-05-23T16:12:39.557+0000] {processor.py:925} INFO - DAG(s) 'example_task_group_decorator' retrieved from /home/airflow/.local/lib/python3.12/site-packages/airflow/example_dags/example_task_group_decorator.py
[2026-05-23T16:12:39.587+0000] {logging_mixin.py:190} INFO - [2026-05-23T16:12:39.587+0000] {dag.py:3239} INFO - Sync 1 DAGs
[2026-05-23T16:12:39.604+0000] {logging_mixin.py:190} INFO - [2026-05-23T16:12:39.604+0000] {dag.py:4180} INFO - Setting next_dagrun for example_task_group_decorator to None, run_after=None
[2026-05-23T16:12:39.623+0000] {processor.py:208} INFO - Processing /home/airflow/.local/lib/python3.12/site-packages/airflow/example_dags/example_task_group_decorator.py took 0.094 seconds
[2026-05-23T16:13:10.588+0000] {processor.py:186} INFO - Started process (PID=494) to work on /home/airflow/.local/lib/python3.12/site-packages/airflow/example_dags/example_task_group_decorator.py
[2026-05-23T16:13:10.589+0000] {processor.py:914} INFO - Processing file /home/airflow/.local/lib/python3.12/site-packages/airflow/example_dags/example_task_group_decorator.py for tasks to queue
[2026-05-23T16:13:10.591+0000] {logging_mixin.py:190} INFO - [2026-05-23T16:13:10.591+0000] {dagbag.py:588} INFO - Filling up the DagBag from /home/airflow/.local/lib/python3.12/site-packages/airflow/example_dags/example_task_group_decorator.py
[2026-05-23T16:13:10.611+0000] {processor.py:925} INFO - DAG(s) 'example_task_group_decorator' retrieved from /home/airflow/.local/lib/python3.12/site-packages/airflow/example_dags/example_task_group_decorator.py
[2026-05-23T16:13:10.642+0000] {logging_mixin.py:190} INFO - [2026-05-23T16:13:10.642+0000] {dag.py:3239} INFO - Sync 1 DAGs
[2026-05-23T16:13:10.659+0000] {logging_mixin.py:190} INFO - [2026-05-23T16:13:10.659+0000] {dag.py:4180} INFO - Setting next_dagrun for example_task_group_decorator to None, run_after=None
[2026-05-23T16:13:10.677+0000] {processor.py:208} INFO - Processing /home/airflow/.local/lib/python3.12/site-packages/airflow/example_dags/example_task_group_decorator.py took 0.095 seconds
[2026-05-23T16:13:41.259+0000] {processor.py:186} INFO - Started process (PID=557) to work on /home/airflow/.local/lib/python3.12/site-packages/airflow/example_dags/example_task_group_decorator.py
[2026-05-23T16:13:41.259+0000] {processor.py:914} INFO - Processing file /home/airflow/.local/lib/python3.12/site-packages/airflow/example_dags/example_task_group_decorator.py for tasks to queue
[2026-05-23T16:13:41.261+0000] {logging_mixin.py:190} INFO - [2026-05-23T16:13:41.261+0000] {dagbag.py:588} INFO - Filling up the DagBag from /home/airflow/.local/lib/python3.12/site-packages/airflow/example_dags/example_task_group_decorator.py
[2026-05-23T16:13:41.273+0000] {processor.py:925} INFO - DAG(s) 'example_task_group_decorator' retrieved from /home/airflow/.local/lib/python3.12/site-packages/airflow/example_dags/example_task_group_decorator.py
[2026-05-23T16:13:41.298+0000] {logging_mixin.py:190} INFO - [2026-05-23T16:13:41.298+0000] {dag.py:3239} INFO - Sync 1 DAGs
[2026-05-23T16:13:41.310+0000] {logging_mixin.py:190} INFO - [2026-05-23T16:13:41.310+0000] {dag.py:4180} INFO - Setting next_dagrun for example_task_group_decorator to None, run_after=None
[2026-05-23T16:13:41.326+0000] {processor.py:208} INFO - Processing /home/airflow/.local/lib/python3.12/site-packages/airflow/example_dags/example_task_group_decorator.py took 0.072 seconds
[2026-05-23T16:14:11.799+0000] {processor.py:186} INFO - Started process (PID=621) to work on /home/airflow/.local/lib/python3.12/site-packages/airflow/example_dags/example_task_group_decorator.py
[2026-05-23T16:14:11.800+0000] {processor.py:914} INFO - Processing file /home/airflow/.local/lib/python3.12/site-packages/airflow/example_dags/example_task_group_decorator.py for tasks to queue
[2026-05-23T16:14:11.802+0000] {logging_mixin.py:190} INFO - [2026-05-23T16:14:11.802+0000] {dagbag.py:588} INFO - Filling up the DagBag from /home/airflow/.local/lib/python3.12/site-packages/airflow/example_dags/example_task_group_decorator.py
[2026-05-23T16:14:11.820+0000] {processor.py:925} INFO - DAG(s) 'example_task_group_decorator' retrieved from /home/airflow/.local/lib/python3.12/site-packages/airflow/example_dags/example_task_group_decorator.py
[2026-05-23T16:14:11.848+0000] {logging_mixin.py:190} INFO - [2026-05-23T16:14:11.848+0000] {dag.py:3239} INFO - Sync 1 DAGs
[2026-05-23T16:14:11.859+0000] {logging_mixin.py:190} INFO - [2026-05-23T16:14:11.859+0000] {dag.py:4180} INFO - Setting next_dagrun for example_task_group_decorator to None, run_after=None
[2026-05-23T16:14:11.873+0000] {processor.py:208} INFO - Processing /home/airflow/.local/lib/python3.12/site-packages/airflow/example_dags/example_task_group_decorator.py took 0.079 seconds
[2026-05-23T16:14:41.922+0000] {processor.py:186} INFO - Started process (PID=685) to work on /home/airflow/.local/lib/python3.12/site-packages/airflow/example_dags/example_task_group_decorator.py
[2026-05-23T16:14:41.922+0000] {processor.py:914} INFO - Processing file /home/airflow/.local/lib/python3.12/site-packages/airflow/example_dags/example_task_group_decorator.py for tasks to queue
[2026-05-23T16:14:41.924+0000] {logging_mixin.py:190} INFO - [2026-05-23T16:14:41.924+0000] {dagbag.py:588} INFO - Filling up the DagBag from /home/airflow/.local/lib/python3.12/site-packages/airflow/example_dags/example_task_group_decorator.py
[2026-05-23T16:14:41.936+0000] {processor.py:925} INFO - DAG(s) 'example_task_group_decorator' retrieved from /home/airflow/.local/lib/python3.12/site-packages/airflow/example_dags/example_task_group_decorator.py
[2026-05-23T16:14:41.960+0000] {logging_mixin.py:190} INFO - [2026-05-23T16:14:41.960+0000] {dag.py:3239} INFO - Sync 1 DAGs
[2026-05-23T16:14:41.972+0000] {logging_mixin.py:190} INFO - [2026-05-23T16:14:41.972+0000] {dag.py:4180} INFO - Setting next_dagrun for example_task_group_decorator to None, run_after=None
[2026-05-23T16:14:41.987+0000] {processor.py:208} INFO - Processing /home/airflow/.local/lib/python3.12/site-packages/airflow/example_dags/example_task_group_decorator.py took 0.069 seconds
[2026-05-23T16:15:12.985+0000] {processor.py:186} INFO - Started process (PID=751) to work on /home/airflow/.local/lib/python3.12/site-packages/airflow/example_dags/example_task_group_decorator.py
[2026-05-23T16:15:12.985+0000] {processor.py:914} INFO - Processing file /home/airflow/.local/lib/python3.12/site-packages/airflow/example_dags/example_task_group_decorator.py for tasks to queue
[2026-05-23T16:15:12.987+0000] {logging_mixin.py:190} INFO - [2026-05-23T16:15:12.987+0000] {dagbag.py:588} INFO - Filling up the DagBag from /home/airflow/.local/lib/python3.12/site-packages/airflow/example_dags/example_task_group_decorator.py
[2026-05-23T16:15:12.999+0000] {processor.py:925} INFO - DAG(s) 'example_task_group_decorator' retrieved from /home/airflow/.local/lib/python3.12/site-packages/airflow/example_dags/example_task_group_decorator.py
[2026-05-23T16:15:13.018+0000] {logging_mixin.py:190} INFO - [2026-05-23T16:15:13.018+0000] {dag.py:3239} INFO - Sync 1 DAGs
[2026-05-23T16:15:13.029+0000] {logging_mixin.py:190} INFO - [2026-05-23T16:15:13.029+0000] {dag.py:4180} INFO - Setting next_dagrun for example_task_group_decorator to None, run_after=None
[2026-05-23T16:15:13.043+0000] {processor.py:208} INFO - Processing /home/airflow/.local/lib/python3.12/site-packages/airflow/example_dags/example_task_group_decorator.py took 0.062 seconds
[2026-05-23T16:15:43.802+0000] {processor.py:186} INFO - Started process (PID=816) to work on /home/airflow/.local/lib/python3.12/site-packages/airflow/example_dags/example_task_group_decorator.py
[2026-05-23T16:15:43.803+0000] {processor.py:914} INFO - Processing file /home/airflow/.local/lib/python3.12/site-packages/airflow/example_dags/example_task_group_decorator.py for tasks to queue
[2026-05-23T16:15:43.804+0000] {logging_mixin.py:190} INFO - [2026-05-23T16:15:43.804+0000] {dagbag.py:588} INFO - Filling up the DagBag from /home/airflow/.local/lib/python3.12/site-packages/airflow/example_dags/example_task_group_decorator.py
[2026-05-23T16:15:43.817+0000] {processor.py:925} INFO - DAG(s) 'example_task_group_decorator' retrieved from /home/airflow/.local/lib/python3.12/site-packages/airflow/example_dags/example_task_group_decorator.py
[2026-05-23T16:15:43.838+0000] {logging_mixin.py:190} INFO - [2026-05-23T16:15:43.838+0000] {dag.py:3239} INFO - Sync 1 DAGs
[2026-05-23T16:15:43.853+0000] {logging_mixin.py:190} INFO - [2026-05-23T16:15:43.853+0000] {dag.py:4180} INFO - Setting next_dagrun for example_task_group_decorator to None, run_after=None
[2026-05-23T16:15:43.868+0000] {processor.py:208} INFO - Processing /home/airflow/.local/lib/python3.12/site-packages/airflow/example_dags/example_task_group_decorator.py took 0.070 seconds
[2026-05-23T16:16:15.155+0000] {processor.py:186} INFO - Started process (PID=881) to work on /home/airflow/.local/lib/python3.12/site-packages/airflow/example_dags/example_task_group_decorator.py
[2026-05-23T16:16:15.155+0000] {processor.py:914} INFO - Processing file /home/airflow/.local/lib/python3.12/site-packages/airflow/example_dags/example_task_group_decorator.py for tasks to queue
[2026-05-23T16:16:15.157+0000] {logging_mixin.py:190} INFO - [2026-05-23T16:16:15.156+0000] {dagbag.py:588} INFO - Filling up the DagBag from /home/airflow/.local/lib/python3.12/site-packages/airflow/example_dags/example_task_group_decorator.py
[2026-05-23T16:16:15.168+0000] {processor.py:925} INFO - DAG(s) 'example_task_group_decorator' retrieved from /home/airflow/.local/lib/python3.12/site-packages/airflow/example_dags/example_task_group_decorator.py
[2026-05-23T16:16:15.187+0000] {logging_mixin.py:190} INFO - [2026-05-23T16:16:15.187+0000] {dag.py:3239} INFO - Sync 1 DAGs
[2026-05-23T16:16:15.200+0000] {logging_mixin.py:190} INFO - [2026-05-23T16:16:15.199+0000] {dag.py:4180} INFO - Setting next_dagrun for example_task_group_decorator to None, run_after=None
[2026-05-23T16:16:15.214+0000] {processor.py:208} INFO - Processing /home/airflow/.local/lib/python3.12/site-packages/airflow/example_dags/example_task_group_decorator.py took 0.063 seconds
[2026-05-23T16:16:46.677+0000] {processor.py:186} INFO - Started process (PID=946) to work on /home/airflow/.local/lib/python3.12/site-packages/airflow/example_dags/example_task_group_decorator.py
[2026-05-23T16:16:46.678+0000] {processor.py:914} INFO - Processing file /home/airflow/.local/lib/python3.12/site-packages/airflow/example_dags/example_task_group_decorator.py for tasks to queue
[2026-05-23T16:16:46.679+0000] {logging_mixin.py:190} INFO - [2026-05-23T16:16:46.679+0000] {dagbag.py:588} INFO - Filling up the DagBag from /home/airflow/.local/lib/python3.12/site-packages/airflow/example_dags/example_task_group_decorator.py
[2026-05-23T16:16:46.691+0000] {processor.py:925} INFO - DAG(s) 'example_task_group_decorator' retrieved from /home/airflow/.local/lib/python3.12/site-packages/airflow/example_dags/example_task_group_decorator.py
[2026-05-23T16:16:46.716+0000] {logging_mixin.py:190} INFO - [2026-05-23T16:16:46.716+0000] {dag.py:3239} INFO - Sync 1 DAGs
[2026-05-23T16:16:46.728+0000] {logging_mixin.py:190} INFO - [2026-05-23T16:16:46.728+0000] {dag.py:4180} INFO - Setting next_dagrun for example_task_group_decorator to None, run_after=None
[2026-05-23T16:16:46.743+0000] {processor.py:208} INFO - Processing /home/airflow/.local/lib/python3.12/site-packages/airflow/example_dags/example_task_group_decorator.py took 0.069 seconds
[2026-05-23T16:17:17.216+0000] {processor.py:186} INFO - Started process (PID=1011) to work on /home/airflow/.local/lib/python3.12/site-packages/airflow/example_dags/example_task_group_decorator.py
[2026-05-23T16:17:17.216+0000] {processor.py:914} INFO - Processing file /home/airflow/.local/lib/python3.12/site-packages/airflow/example_dags/example_task_group_decorator.py for tasks to queue
[2026-05-23T16:17:17.218+0000] {logging_mixin.py:190} INFO - [2026-05-23T16:17:17.218+0000] {dagbag.py:588} INFO - Filling up the DagBag from /home/airflow/.local/lib/python3.12/site-packages/airflow/example_dags/example_task_group_decorator.py
[2026-05-23T16:17:17.231+0000] {processor.py:925} INFO - DAG(s) 'example_task_group_decorator' retrieved from /home/airflow/.local/lib/python3.12/site-packages/airflow/example_dags/example_task_group_decorator.py
[2026-05-23T16:17:17.251+0000] {logging_mixin.py:190} INFO - [2026-05-23T16:17:17.251+0000] {dag.py:3239} INFO - Sync 1 DAGs
[2026-05-23T16:17:17.262+0000] {logging_mixin.py:190} INFO - [2026-05-23T16:17:17.262+0000] {dag.py:4180} INFO - Setting next_dagrun for example_task_group_decorator to None, run_after=None
[2026-05-23T16:17:17.275+0000] {processor.py:208} INFO - Processing /home/airflow/.local/lib/python3.12/site-packages/airflow/example_dags/example_task_group_decorator.py took 0.065 seconds
[2026-05-23T16:17:48.481+0000] {processor.py:186} INFO - Started process (PID=1076) to work on /home/airflow/.local/lib/python3.12/site-packages/airflow/example_dags/example_task_group_decorator.py
[2026-05-23T16:17:48.481+0000] {processor.py:914} INFO - Processing file /home/airflow/.local/lib/python3.12/site-packages/airflow/example_dags/example_task_group_decorator.py for tasks to queue
[2026-05-23T16:17:48.483+0000] {logging_mixin.py:190} INFO - [2026-05-23T16:17:48.483+0000] {dagbag.py:588} INFO - Filling up the DagBag from /home/airflow/.local/lib/python3.12/site-packages/airflow/example_dags/example_task_group_decorator.py
[2026-05-23T16:17:48.495+0000] {processor.py:925} INFO - DAG(s) 'example_task_group_decorator' retrieved from /home/airflow/.local/lib/python3.12/site-packages/airflow/example_dags/example_task_group_decorator.py
[2026-05-23T16:17:48.519+0000] {logging_mixin.py:190} INFO - [2026-05-23T16:17:48.519+0000] {dag.py:3239} INFO - Sync 1 DAGs
[2026-05-23T16:17:48.531+0000] {logging_mixin.py:190} INFO - [2026-05-23T16:17:48.531+0000] {dag.py:4180} INFO - Setting next_dagrun for example_task_group_decorator to None, run_after=None
[2026-05-23T16:17:48.545+0000] {processor.py:208} INFO - Processing /home/airflow/.local/lib/python3.12/site-packages/airflow/example_dags/example_task_group_decorator.py took 0.069 seconds
[2026-05-23T16:18:19.985+0000] {processor.py:186} INFO - Started process (PID=1141) to work on /home/airflow/.local/lib/python3.12/site-packages/airflow/example_dags/example_task_group_decorator.py
[2026-05-23T16:18:19.986+0000] {processor.py:914} INFO - Processing file /home/airflow/.local/lib/python3.12/site-packages/airflow/example_dags/example_task_group_decorator.py for tasks to queue
[2026-05-23T16:18:19.988+0000] {logging_mixin.py:190} INFO - [2026-05-23T16:18:19.987+0000] {dagbag.py:588} INFO - Filling up the DagBag from /home/airflow/.local/lib/python3.12/site-packages/airflow/example_dags/example_task_group_decorator.py
[2026-05-23T16:18:20.000+0000] {processor.py:925} INFO - DAG(s) 'example_task_group_decorator' retrieved from /home/airflow/.local/lib/python3.12/site-packages/airflow/example_dags/example_task_group_decorator.py
[2026-05-23T16:18:20.025+0000] {logging_mixin.py:190} INFO - [2026-05-23T16:18:20.024+0000] {dag.py:3239} INFO - Sync 1 DAGs
[2026-05-23T16:18:20.038+0000] {logging_mixin.py:190} INFO - [2026-05-23T16:18:20.038+0000] {dag.py:4180} INFO - Setting next_dagrun for example_task_group_decorator to None, run_after=None
[2026-05-23T16:18:20.054+0000] {processor.py:208} INFO - Processing /home/airflow/.local/lib/python3.12/site-packages/airflow/example_dags/example_task_group_decorator.py took 0.073 seconds
[2026-05-23T16:18:51.340+0000] {processor.py:186} INFO - Started process (PID=1212) to work on /home/airflow/.local/lib/python3.12/site-packages/airflow/example_dags/example_task_group_decorator.py
[2026-05-23T16:18:51.340+0000] {processor.py:914} INFO - Processing file /home/airflow/.local/lib/python3.12/site-packages/airflow/example_dags/example_task_group_decorator.py for tasks to queue
[2026-05-23T16:18:51.342+0000] {logging_mixin.py:190} INFO - [2026-05-23T16:18:51.341+0000] {dagbag.py:588} INFO - Filling up the DagBag from /home/airflow/.local/lib/python3.12/site-packages/airflow/example_dags/example_task_group_decorator.py
[2026-05-23T16:18:51.354+0000] {processor.py:925} INFO - DAG(s) 'example_task_group_decorator' retrieved from /home/airflow/.local/lib/python3.12/site-packages/airflow/example_dags/example_task_group_decorator.py
[2026-05-23T16:18:51.374+0000] {logging_mixin.py:190} INFO - [2026-05-23T16:18:51.374+0000] {dag.py:3239} INFO - Sync 1 DAGs
[2026-05-23T16:18:51.388+0000] {logging_mixin.py:190} INFO - [2026-05-23T16:18:51.388+0000] {dag.py:4180} INFO - Setting next_dagrun for example_task_group_decorator to None, run_after=None
[2026-05-23T16:18:51.401+0000] {processor.py:208} INFO - Processing /home/airflow/.local/lib/python3.12/site-packages/airflow/example_dags/example_task_group_decorator.py took 0.066 seconds
[2026-05-23T16:19:22.695+0000] {processor.py:186} INFO - Started process (PID=1277) to work on /home/airflow/.local/lib/python3.12/site-packages/airflow/example_dags/example_task_group_decorator.py
[2026-05-23T16:19:22.695+0000] {processor.py:914} INFO - Processing file /home/airflow/.local/lib/python3.12/site-packages/airflow/example_dags/example_task_group_decorator.py for tasks to queue
[2026-05-23T16:19:22.697+0000] {logging_mixin.py:190} INFO - [2026-05-23T16:19:22.696+0000] {dagbag.py:588} INFO - Filling up the DagBag from /home/airflow/.local/lib/python3.12/site-packages/airflow/example_dags/example_task_group_decorator.py
[2026-05-23T16:19:22.709+0000] {processor.py:925} INFO - DAG(s) 'example_task_group_decorator' retrieved from /home/airflow/.local/lib/python3.12/site-packages/airflow/example_dags/example_task_group_decorator.py
[2026-05-23T16:19:22.735+0000] {logging_mixin.py:190} INFO - [2026-05-23T16:19:22.735+0000] {dag.py:3239} INFO - Sync 1 DAGs
[2026-05-23T16:19:22.747+0000] {logging_mixin.py:190} INFO - [2026-05-23T16:19:22.746+0000] {dag.py:4180} INFO - Setting next_dagrun for example_task_group_decorator to None, run_after=None
[2026-05-23T16:19:22.760+0000] {processor.py:208} INFO - Processing /home/airflow/.local/lib/python3.12/site-packages/airflow/example_dags/example_task_group_decorator.py took 0.070 seconds
[2026-05-23T16:19:54.096+0000] {processor.py:186} INFO - Started process (PID=1342) to work on /home/airflow/.local/lib/python3.12/site-packages/airflow/example_dags/example_task_group_decorator.py
[2026-05-23T16:19:54.097+0000] {processor.py:914} INFO - Processing file /home/airflow/.local/lib/python3.12/site-packages/airflow/example_dags/example_task_group_decorator.py for tasks to queue
[2026-05-23T16:19:54.098+0000] {logging_mixin.py:190} INFO - [2026-05-23T16:19:54.098+0000] {dagbag.py:588} INFO - Filling up the DagBag from /home/airflow/.local/lib/python3.12/site-packages/airflow/example_dags/example_task_group_decorator.py
[2026-05-23T16:19:54.110+0000] {processor.py:925} INFO - DAG(s) 'example_task_group_decorator' retrieved from /home/airflow/.local/lib/python3.12/site-packages/airflow/example_dags/example_task_group_decorator.py
[2026-05-23T16:19:54.136+0000] {logging_mixin.py:190} INFO - [2026-05-23T16:19:54.136+0000] {dag.py:3239} INFO - Sync 1 DAGs
[2026-05-23T16:19:54.148+0000] {logging_mixin.py:190} INFO - [2026-05-23T16:19:54.148+0000] {dag.py:4180} INFO - Setting next_dagrun for example_task_group_decorator to None, run_after=None
[2026-05-23T16:19:54.162+0000] {processor.py:208} INFO - Processing /home/airflow/.local/lib/python3.12/site-packages/airflow/example_dags/example_task_group_decorator.py took 0.070 seconds
[2026-05-23T16:20:25.508+0000] {processor.py:186} INFO - Started process (PID=1407) to work on /home/airflow/.local/lib/python3.12/site-packages/airflow/example_dags/example_task_group_decorator.py
[2026-05-23T16:20:25.509+0000] {processor.py:914} INFO - Processing file /home/airflow/.local/lib/python3.12/site-packages/airflow/example_dags/example_task_group_decorator.py for tasks to queue
[2026-05-23T16:20:25.511+0000] {logging_mixin.py:190} INFO - [2026-05-23T16:20:25.510+0000] {dagbag.py:588} INFO - Filling up the DagBag from /home/airflow/.local/lib/python3.12/site-packages/airflow/example_dags/example_task_group_decorator.py
[2026-05-23T16:20:25.526+0000] {processor.py:925} INFO - DAG(s) 'example_task_group_decorator' retrieved from /home/airflow/.local/lib/python3.12/site-packages/airflow/example_dags/example_task_group_decorator.py
[2026-05-23T16:20:25.551+0000] {logging_mixin.py:190} INFO - [2026-05-23T16:20:25.551+0000] {dag.py:3239} INFO - Sync 1 DAGs
[2026-05-23T16:20:25.565+0000] {logging_mixin.py:190} INFO - [2026-05-23T16:20:25.565+0000] {dag.py:4180} INFO - Setting next_dagrun for example_task_group_decorator to None, run_after=None
[2026-05-23T16:20:25.580+0000] {processor.py:208} INFO - Processing /home/airflow/.local/lib/python3.12/site-packages/airflow/example_dags/example_task_group_decorator.py took 0.076 seconds
[2026-05-23T16:20:56.727+0000] {processor.py:186} INFO - Started process (PID=1472) to work on /home/airflow/.local/lib/python3.12/site-packages/airflow/example_dags/example_task_group_decorator.py
[2026-05-23T16:20:56.727+0000] {processor.py:914} INFO - Processing file /home/airflow/.local/lib/python3.12/site-packages/airflow/example_dags/example_task_group_decorator.py for tasks to queue
[2026-05-23T16:20:56.729+0000] {logging_mixin.py:190} INFO - [2026-05-23T16:20:56.729+0000] {dagbag.py:588} INFO - Filling up the DagBag from /home/airflow/.local/lib/python3.12/site-packages/airflow/example_dags/example_task_group_decorator.py
[2026-05-23T16:20:56.742+0000] {processor.py:925} INFO - DAG(s) 'example_task_group_decorator' retrieved from /home/airflow/.local/lib/python3.12/site-packages/airflow/example_dags/example_task_group_decorator.py
[2026-05-23T16:20:56.762+0000] {logging_mixin.py:190} INFO - [2026-05-23T16:20:56.762+0000] {dag.py:3239} INFO - Sync 1 DAGs
[2026-05-23T16:20:56.773+0000] {logging_mixin.py:190} INFO - [2026-05-23T16:20:56.773+0000] {dag.py:4180} INFO - Setting next_dagrun for example_task_group_decorator to None, run_after=None
[2026-05-23T16:20:56.786+0000] {processor.py:208} INFO - Processing /home/airflow/.local/lib/python3.12/site-packages/airflow/example_dags/example_task_group_decorator.py took 0.064 seconds
[2026-05-23T16:21:28.243+0000] {processor.py:186} INFO - Started process (PID=1537) to work on /home/airflow/.local/lib/python3.12/site-packages/airflow/example_dags/example_task_group_decorator.py
[2026-05-23T16:21:28.244+0000] {processor.py:914} INFO - Processing file /home/airflow/.local/lib/python3.12/site-packages/airflow/example_dags/example_task_group_decorator.py for tasks to queue
[2026-05-23T16:21:28.245+0000] {logging_mixin.py:190} INFO - [2026-05-23T16:21:28.245+0000] {dagbag.py:588} INFO - Filling up the DagBag from /home/airflow/.local/lib/python3.12/site-packages/airflow/example_dags/example_task_group_decorator.py
[2026-05-23T16:21:28.257+0000] {processor.py:925} INFO - DAG(s) 'example_task_group_decorator' retrieved from /home/airflow/.local/lib/python3.12/site-packages/airflow/example_dags/example_task_group_decorator.py
[2026-05-23T16:21:28.277+0000] {logging_mixin.py:190} INFO - [2026-05-23T16:21:28.277+0000] {dag.py:3239} INFO - Sync 1 DAGs
[2026-05-23T16:21:28.288+0000] {logging_mixin.py:190} INFO - [2026-05-23T16:21:28.288+0000] {dag.py:4180} INFO - Setting next_dagrun for example_task_group_decorator to None, run_after=None
[2026-05-23T16:21:28.302+0000] {processor.py:208} INFO - Processing /home/airflow/.local/lib/python3.12/site-packages/airflow/example_dags/example_task_group_decorator.py took 0.063 seconds
[2026-05-23T16:21:59.082+0000] {processor.py:186} INFO - Started process (PID=1602) to work on /home/airflow/.local/lib/python3.12/site-packages/airflow/example_dags/example_task_group_decorator.py
[2026-05-23T16:21:59.082+0000] {processor.py:914} INFO - Processing file /home/airflow/.local/lib/python3.12/site-packages/airflow/example_dags/example_task_group_decorator.py for tasks to queue
[2026-05-23T16:21:59.084+0000] {logging_mixin.py:190} INFO - [2026-05-23T16:21:59.084+0000] {dagbag.py:588} INFO - Filling up the DagBag from /home/airflow/.local/lib/python3.12/site-packages/airflow/example_dags/example_task_group_decorator.py
[2026-05-23T16:21:59.101+0000] {processor.py:925} INFO - DAG(s) 'example_task_group_decorator' retrieved from /home/airflow/.local/lib/python3.12/site-packages/airflow/example_dags/example_task_group_decorator.py
[2026-05-23T16:21:59.122+0000] {logging_mixin.py:190} INFO - [2026-05-23T16:21:59.122+0000] {dag.py:3239} INFO - Sync 1 DAGs
[2026-05-23T16:21:59.139+0000] {logging_mixin.py:190} INFO - [2026-05-23T16:21:59.139+0000] {dag.py:4180} INFO - Setting next_dagrun for example_task_group_decorator to None, run_after=None
[2026-05-23T16:21:59.157+0000] {processor.py:208} INFO - Processing /home/airflow/.local/lib/python3.12/site-packages/airflow/example_dags/example_task_group_decorator.py took 0.082 seconds
[2026-05-23T16:22:30.098+0000] {processor.py:186} INFO - Started process (PID=1667) to work on /home/airflow/.local/lib/python3.12/site-packages/airflow/example_dags/example_task_group_decorator.py
[2026-05-23T16:22:30.099+0000] {processor.py:914} INFO - Processing file /home/airflow/.local/lib/python3.12/site-packages/airflow/example_dags/example_task_group_decorator.py for tasks to queue
[2026-05-23T16:22:30.101+0000] {logging_mixin.py:190} INFO - [2026-05-23T16:22:30.101+0000] {dagbag.py:588} INFO - Filling up the DagBag from /home/airflow/.local/lib/python3.12/site-packages/airflow/example_dags/example_task_group_decorator.py
[2026-05-23T16:22:30.129+0000] {processor.py:925} INFO - DAG(s) 'example_task_group_decorator' retrieved from /home/airflow/.local/lib/python3.12/site-packages/airflow/example_dags/example_task_group_decorator.py
[2026-05-23T16:22:30.161+0000] {logging_mixin.py:190} INFO - [2026-05-23T16:22:30.160+0000] {dag.py:3239} INFO - Sync 1 DAGs
[2026-05-23T16:22:30.180+0000] {logging_mixin.py:190} INFO - [2026-05-23T16:22:30.180+0000] {dag.py:4180} INFO - Setting next_dagrun for example_task_group_decorator to None, run_after=None
[2026-05-23T16:22:30.198+0000] {processor.py:208} INFO - Processing /home/airflow/.local/lib/python3.12/site-packages/airflow/example_dags/example_task_group_decorator.py took 0.106 seconds
[2026-05-23T16:23:01.323+0000] {processor.py:186} INFO - Started process (PID=1732) to work on /home/airflow/.local/lib/python3.12/site-packages/airflow/example_dags/example_task_group_decorator.py
[2026-05-23T16:23:01.323+0000] {processor.py:914} INFO - Processing file /home/airflow/.local/lib/python3.12/site-packages/airflow/example_dags/example_task_group_decorator.py for tasks to queue
[2026-05-23T16:23:01.325+0000] {logging_mixin.py:190} INFO - [2026-05-23T16:23:01.325+0000] {dagbag.py:588} INFO - Filling up the DagBag from /home/airflow/.local/lib/python3.12/site-packages/airflow/example_dags/example_task_group_decorator.py
[2026-05-23T16:23:01.337+0000] {processor.py:925} INFO - DAG(s) 'example_task_group_decorator' retrieved from /home/airflow/.local/lib/python3.12/site-packages/airflow/example_dags/example_task_group_decorator.py
[2026-05-23T16:23:01.358+0000] {logging_mixin.py:190} INFO - [2026-05-23T16:23:01.358+0000] {dag.py:3239} INFO - Sync 1 DAGs
[2026-05-23T16:23:01.370+0000] {logging_mixin.py:190} INFO - [2026-05-23T16:23:01.370+0000] {dag.py:4180} INFO - Setting next_dagrun for example_task_group_decorator to None, run_after=None
[2026-05-23T16:23:01.385+0000] {processor.py:208} INFO - Processing /home/airflow/.local/lib/python3.12/site-packages/airflow/example_dags/example_task_group_decorator.py took 0.067 seconds
[2026-05-23T16:23:32.209+0000] {processor.py:186} INFO - Started process (PID=1797) to work on /home/airflow/.local/lib/python3.12/site-packages/airflow/example_dags/example_task_group_decorator.py
[2026-05-23T16:23:32.209+0000] {processor.py:914} INFO - Processing file /home/airflow/.local/lib/python3.12/site-packages/airflow/example_dags/example_task_group_decorator.py for tasks to queue
[2026-05-23T16:23:32.211+0000] {logging_mixin.py:190} INFO - [2026-05-23T16:23:32.211+0000] {dagbag.py:588} INFO - Filling up the DagBag from /home/airflow/.local/lib/python3.12/site-packages/airflow/example_dags/example_task_group_decorator.py
[2026-05-23T16:23:32.228+0000] {processor.py:925} INFO - DAG(s) 'example_task_group_decorator' retrieved from /home/airflow/.local/lib/python3.12/site-packages/airflow/example_dags/example_task_group_decorator.py
[2026-05-23T16:23:32.254+0000] {logging_mixin.py:190} INFO - [2026-05-23T16:23:32.253+0000] {dag.py:3239} INFO - Sync 1 DAGs
[2026-05-23T16:23:32.269+0000] {logging_mixin.py:190} INFO - [2026-05-23T16:23:32.269+0000] {dag.py:4180} INFO - Setting next_dagrun for example_task_group_decorator to None, run_after=None
[2026-05-23T16:23:32.286+0000] {processor.py:208} INFO - Processing /home/airflow/.local/lib/python3.12/site-packages/airflow/example_dags/example_task_group_decorator.py took 0.083 seconds
[2026-05-23T16:24:03.151+0000] {processor.py:186} INFO - Started process (PID=1862) to work on /home/airflow/.local/lib/python3.12/site-packages/airflow/example_dags/example_task_group_decorator.py
[2026-05-23T16:24:03.152+0000] {processor.py:914} INFO - Processing file /home/airflow/.local/lib/python3.12/site-packages/airflow/example_dags/example_task_group_decorator.py for tasks to queue
[2026-05-23T16:24:03.154+0000] {logging_mixin.py:190} INFO - [2026-05-23T16:24:03.153+0000] {dagbag.py:588} INFO - Filling up the DagBag from /home/airflow/.local/lib/python3.12/site-packages/airflow/example_dags/example_task_group_decorator.py
[2026-05-23T16:24:03.172+0000] {processor.py:925} INFO - DAG(s) 'example_task_group_decorator' retrieved from /home/airflow/.local/lib/python3.12/site-packages/airflow/example_dags/example_task_group_decorator.py
[2026-05-23T16:24:03.200+0000] {logging_mixin.py:190} INFO - [2026-05-23T16:24:03.200+0000] {dag.py:3239} INFO - Sync 1 DAGs
[2026-05-23T16:24:03.211+0000] {logging_mixin.py:190} INFO - [2026-05-23T16:24:03.211+0000] {dag.py:4180} INFO - Setting next_dagrun for example_task_group_decorator to None, run_after=None
[2026-05-23T16:24:03.224+0000] {processor.py:208} INFO - Processing /home/airflow/.local/lib/python3.12/site-packages/airflow/example_dags/example_task_group_decorator.py took 0.079 seconds
[2026-05-23T16:24:33.801+0000] {processor.py:186} INFO - Started process (PID=1927) to work on /home/airflow/.local/lib/python3.12/site-packages/airflow/example_dags/example_task_group_decorator.py
[2026-05-23T16:24:33.801+0000] {processor.py:914} INFO - Processing file /home/airflow/.local/lib/python3.12/site-packages/airflow/example_dags/example_task_group_decorator.py for tasks to queue
[2026-05-23T16:24:33.803+0000] {logging_mixin.py:190} INFO - [2026-05-23T16:24:33.802+0000] {dagbag.py:588} INFO - Filling up the DagBag from /home/airflow/.local/lib/python3.12/site-packages/airflow/example_dags/example_task_group_decorator.py
[2026-05-23T16:24:33.814+0000] {processor.py:925} INFO - DAG(s) 'example_task_group_decorator' retrieved from /home/airflow/.local/lib/python3.12/site-packages/airflow/example_dags/example_task_group_decorator.py
[2026-05-23T16:24:33.836+0000] {logging_mixin.py:190} INFO - [2026-05-23T16:24:33.836+0000] {dag.py:3239} INFO - Sync 1 DAGs
[2026-05-23T16:24:33.848+0000] {logging_mixin.py:190} INFO - [2026-05-23T16:24:33.848+0000] {dag.py:4180} INFO - Setting next_dagrun for example_task_group_decorator to None, run_after=None
[2026-05-23T16:24:33.863+0000] {processor.py:208} INFO - Processing /home/airflow/.local/lib/python3.12/site-packages/airflow/example_dags/example_task_group_decorator.py took 0.067 seconds
[2026-05-23T16:25:05.298+0000] {processor.py:186} INFO - Started process (PID=1991) to work on /home/airflow/.local/lib/python3.12/site-packages/airflow/example_dags/example_task_group_decorator.py
[2026-05-23T16:25:05.298+0000] {processor.py:914} INFO - Processing file /home/airflow/.local/lib/python3.12/site-packages/airflow/example_dags/example_task_group_decorator.py for tasks to queue
[2026-05-23T16:25:05.300+0000] {logging_mixin.py:190} INFO - [2026-05-23T16:25:05.300+0000] {dagbag.py:588} INFO - Filling up the DagBag from /home/airflow/.local/lib/python3.12/site-packages/airflow/example_dags/example_task_group_decorator.py
[2026-05-23T16:25:05.314+0000] {processor.py:925} INFO - DAG(s) 'example_task_group_decorator' retrieved from /home/airflow/.local/lib/python3.12/site-packages/airflow/example_dags/example_task_group_decorator.py
[2026-05-23T16:25:05.340+0000] {logging_mixin.py:190} INFO - [2026-05-23T16:25:05.339+0000] {dag.py:3239} INFO - Sync 1 DAGs
[2026-05-23T16:25:05.353+0000] {logging_mixin.py:190} INFO - [2026-05-23T16:25:05.353+0000] {dag.py:4180} INFO - Setting next_dagrun for example_task_group_decorator to None, run_after=None
[2026-05-23T16:25:05.367+0000] {processor.py:208} INFO - Processing /home/airflow/.local/lib/python3.12/site-packages/airflow/example_dags/example_task_group_decorator.py took 0.075 seconds
[2026-05-23T16:25:36.738+0000] {processor.py:186} INFO - Started process (PID=2056) to work on /home/airflow/.local/lib/python3.12/site-packages/airflow/example_dags/example_task_group_decorator.py
[2026-05-23T16:25:36.738+0000] {processor.py:914} INFO - Processing file /home/airflow/.local/lib/python3.12/site-packages/airflow/example_dags/example_task_group_decorator.py for tasks to queue
[2026-05-23T16:25:36.740+0000] {logging_mixin.py:190} INFO - [2026-05-23T16:25:36.739+0000] {dagbag.py:588} INFO - Filling up the DagBag from /home/airflow/.local/lib/python3.12/site-packages/airflow/example_dags/example_task_group_decorator.py
[2026-05-23T16:25:36.757+0000] {processor.py:925} INFO - DAG(s) 'example_task_group_decorator' retrieved from /home/airflow/.local/lib/python3.12/site-packages/airflow/example_dags/example_task_group_decorator.py
[2026-05-23T16:25:36.785+0000] {logging_mixin.py:190} INFO - [2026-05-23T16:25:36.784+0000] {dag.py:3239} INFO - Sync 1 DAGs
[2026-05-23T16:25:36.801+0000] {logging_mixin.py:190} INFO - [2026-05-23T16:25:36.800+0000] {dag.py:4180} INFO - Setting next_dagrun for example_task_group_decorator to None, run_after=None
[2026-05-23T16:25:36.823+0000] {processor.py:208} INFO - Processing /home/airflow/.local/lib/python3.12/site-packages/airflow/example_dags/example_task_group_decorator.py took 0.089 seconds
[2026-05-23T16:26:08.240+0000] {processor.py:186} INFO - Started process (PID=2121) to work on /home/airflow/.local/lib/python3.12/site-packages/airflow/example_dags/example_task_group_decorator.py
[2026-05-23T16:26:08.241+0000] {processor.py:914} INFO - Processing file /home/airflow/.local/lib/python3.12/site-packages/airflow/example_dags/example_task_group_decorator.py for tasks to queue
[2026-05-23T16:26:08.243+0000] {logging_mixin.py:190} INFO - [2026-05-23T16:26:08.243+0000] {dagbag.py:588} INFO - Filling up the DagBag from /home/airflow/.local/lib/python3.12/site-packages/airflow/example_dags/example_task_group_decorator.py
[2026-05-23T16:26:08.262+0000] {processor.py:925} INFO - DAG(s) 'example_task_group_decorator' retrieved from /home/airflow/.local/lib/python3.12/site-packages/airflow/example_dags/example_task_group_decorator.py
[2026-05-23T16:26:08.285+0000] {logging_mixin.py:190} INFO - [2026-05-23T16:26:08.284+0000] {dag.py:3239} INFO - Sync 1 DAGs
[2026-05-23T16:26:08.296+0000] {logging_mixin.py:190} INFO - [2026-05-23T16:26:08.296+0000] {dag.py:4180} INFO - Setting next_dagrun for example_task_group_decorator to None, run_after=None
[2026-05-23T16:26:08.309+0000] {processor.py:208} INFO - Processing /home/airflow/.local/lib/python3.12/site-packages/airflow/example_dags/example_task_group_decorator.py took 0.074 seconds
[2026-05-23T16:26:39.671+0000] {processor.py:186} INFO - Started process (PID=2186) to work on /home/airflow/.local/lib/python3.12/site-packages/airflow/example_dags/example_task_group_decorator.py
[2026-05-23T16:26:39.671+0000] {processor.py:914} INFO - Processing file /home/airflow/.local/lib/python3.12/site-packages/airflow/example_dags/example_task_group_decorator.py for tasks to queue
[2026-05-23T16:26:39.673+0000] {logging_mixin.py:190} INFO - [2026-05-23T16:26:39.673+0000] {dagbag.py:588} INFO - Filling up the DagBag from /home/airflow/.local/lib/python3.12/site-packages/airflow/example_dags/example_task_group_decorator.py
[2026-05-23T16:26:39.686+0000] {processor.py:925} INFO - DAG(s) 'example_task_group_decorator' retrieved from /home/airflow/.local/lib/python3.12/site-packages/airflow/example_dags/example_task_group_decorator.py
[2026-05-23T16:26:39.706+0000] {logging_mixin.py:190} INFO - [2026-05-23T16:26:39.705+0000] {dag.py:3239} INFO - Sync 1 DAGs
[2026-05-23T16:26:39.717+0000] {logging_mixin.py:190} INFO - [2026-05-23T16:26:39.717+0000] {dag.py:4180} INFO - Setting next_dagrun for example_task_group_decorator to None, run_after=None
[2026-05-23T16:26:39.731+0000] {processor.py:208} INFO - Processing /home/airflow/.local/lib/python3.12/site-packages/airflow/example_dags/example_task_group_decorator.py took 0.064 seconds
[2026-05-23T16:27:11.116+0000] {processor.py:186} INFO - Started process (PID=2252) to work on /home/airflow/.local/lib/python3.12/site-packages/airflow/example_dags/example_task_group_decorator.py
[2026-05-23T16:27:11.117+0000] {processor.py:914} INFO - Processing file /home/airflow/.local/lib/python3.12/site-packages/airflow/example_dags/example_task_group_decorator.py for tasks to queue
[2026-05-23T16:27:11.118+0000] {logging_mixin.py:190} INFO - [2026-05-23T16:27:11.118+0000] {dagbag.py:588} INFO - Filling up the DagBag from /home/airflow/.local/lib/python3.12/site-packages/airflow/example_dags/example_task_group_decorator.py
[2026-05-23T16:27:11.133+0000] {processor.py:925} INFO - DAG(s) 'example_task_group_decorator' retrieved from /home/airflow/.local/lib/python3.12/site-packages/airflow/example_dags/example_task_group_decorator.py
[2026-05-23T16:27:11.155+0000] {logging_mixin.py:190} INFO - [2026-05-23T16:27:11.155+0000] {dag.py:3239} INFO - Sync 1 DAGs
[2026-05-23T16:27:11.167+0000] {logging_mixin.py:190} INFO - [2026-05-23T16:27:11.167+0000] {dag.py:4180} INFO - Setting next_dagrun for example_task_group_decorator to None, run_after=None
[2026-05-23T16:27:11.181+0000] {processor.py:208} INFO - Processing /home/airflow/.local/lib/python3.12/site-packages/airflow/example_dags/example_task_group_decorator.py took 0.069 seconds
[2026-05-23T16:27:42.482+0000] {processor.py:186} INFO - Started process (PID=2317) to work on /home/airflow/.local/lib/python3.12/site-packages/airflow/example_dags/example_task_group_decorator.py
[2026-05-23T16:27:42.483+0000] {processor.py:914} INFO - Processing file /home/airflow/.local/lib/python3.12/site-packages/airflow/example_dags/example_task_group_decorator.py for tasks to queue
[2026-05-23T16:27:42.484+0000] {logging_mixin.py:190} INFO - [2026-05-23T16:27:42.484+0000] {dagbag.py:588} INFO - Filling up the DagBag from /home/airflow/.local/lib/python3.12/site-packages/airflow/example_dags/example_task_group_decorator.py
[2026-05-23T16:27:42.496+0000] {processor.py:925} INFO - DAG(s) 'example_task_group_decorator' retrieved from /home/airflow/.local/lib/python3.12/site-packages/airflow/example_dags/example_task_group_decorator.py
[2026-05-23T16:27:42.517+0000] {logging_mixin.py:190} INFO - [2026-05-23T16:27:42.517+0000] {dag.py:3239} INFO - Sync 1 DAGs
[2026-05-23T16:27:42.532+0000] {logging_mixin.py:190} INFO - [2026-05-23T16:27:42.532+0000] {dag.py:4180} INFO - Setting next_dagrun for example_task_group_decorator to None, run_after=None
[2026-05-23T16:27:42.549+0000] {processor.py:208} INFO - Processing /home/airflow/.local/lib/python3.12/site-packages/airflow/example_dags/example_task_group_decorator.py took 0.072 seconds
[2026-05-23T16:28:13.960+0000] {processor.py:186} INFO - Started process (PID=2382) to work on /home/airflow/.local/lib/python3.12/site-packages/airflow/example_dags/example_task_group_decorator.py
[2026-05-23T16:28:13.961+0000] {processor.py:914} INFO - Processing file /home/airflow/.local/lib/python3.12/site-packages/airflow/example_dags/example_task_group_decorator.py for tasks to queue
[2026-05-23T16:28:13.963+0000] {logging_mixin.py:190} INFO - [2026-05-23T16:28:13.963+0000] {dagbag.py:588} INFO - Filling up the DagBag from /home/airflow/.local/lib/python3.12/site-packages/airflow/example_dags/example_task_group_decorator.py
[2026-05-23T16:28:13.981+0000] {processor.py:925} INFO - DAG(s) 'example_task_group_decorator' retrieved from /home/airflow/.local/lib/python3.12/site-packages/airflow/example_dags/example_task_group_decorator.py
[2026-05-23T16:28:14.012+0000] {logging_mixin.py:190} INFO - [2026-05-23T16:28:14.012+0000] {dag.py:3239} INFO - Sync 1 DAGs
[2026-05-23T16:28:14.036+0000] {logging_mixin.py:190} INFO - [2026-05-23T16:28:14.036+0000] {dag.py:4180} INFO - Setting next_dagrun for example_task_group_decorator to None, run_after=None
[2026-05-23T16:28:14.067+0000] {processor.py:208} INFO - Processing /home/airflow/.local/lib/python3.12/site-packages/airflow/example_dags/example_task_group_decorator.py took 0.112 seconds
[2026-05-23T16:28:45.058+0000] {processor.py:186} INFO - Started process (PID=2447) to work on /home/airflow/.local/lib/python3.12/site-packages/airflow/example_dags/example_task_group_decorator.py
[2026-05-23T16:28:45.059+0000] {processor.py:914} INFO - Processing file /home/airflow/.local/lib/python3.12/site-packages/airflow/example_dags/example_task_group_decorator.py for tasks to queue
[2026-05-23T16:28:45.061+0000] {logging_mixin.py:190} INFO - [2026-05-23T16:28:45.061+0000] {dagbag.py:588} INFO - Filling up the DagBag from /home/airflow/.local/lib/python3.12/site-packages/airflow/example_dags/example_task_group_decorator.py
[2026-05-23T16:28:45.073+0000] {processor.py:925} INFO - DAG(s) 'example_task_group_decorator' retrieved from /home/airflow/.local/lib/python3.12/site-packages/airflow/example_dags/example_task_group_decorator.py
[2026-05-23T16:28:45.092+0000] {logging_mixin.py:190} INFO - [2026-05-23T16:28:45.092+0000] {dag.py:3239} INFO - Sync 1 DAGs
[2026-05-23T16:28:45.103+0000] {logging_mixin.py:190} INFO - [2026-05-23T16:28:45.103+0000] {dag.py:4180} INFO - Setting next_dagrun for example_task_group_decorator to None, run_after=None
[2026-05-23T16:28:45.116+0000] {processor.py:208} INFO - Processing /home/airflow/.local/lib/python3.12/site-packages/airflow/example_dags/example_task_group_decorator.py took 0.064 seconds
[2026-05-23T16:29:16.295+0000] {processor.py:186} INFO - Started process (PID=2513) to work on /home/airflow/.local/lib/python3.12/site-packages/airflow/example_dags/example_task_group_decorator.py
[2026-05-23T16:29:16.296+0000] {processor.py:914} INFO - Processing file /home/airflow/.local/lib/python3.12/site-packages/airflow/example_dags/example_task_group_decorator.py for tasks to queue
[2026-05-23T16:29:16.297+0000] {logging_mixin.py:190} INFO - [2026-05-23T16:29:16.297+0000] {dagbag.py:588} INFO - Filling up the DagBag from /home/airflow/.local/lib/python3.12/site-packages/airflow/example_dags/example_task_group_decorator.py
[2026-05-23T16:29:16.310+0000] {processor.py:925} INFO - DAG(s) 'example_task_group_decorator' retrieved from /home/airflow/.local/lib/python3.12/site-packages/airflow/example_dags/example_task_group_decorator.py
[2026-05-23T16:29:16.334+0000] {logging_mixin.py:190} INFO - [2026-05-23T16:29:16.334+0000] {dag.py:3239} INFO - Sync 1 DAGs
[2026-05-23T16:29:16.347+0000] {logging_mixin.py:190} INFO - [2026-05-23T16:29:16.347+0000] {dag.py:4180} INFO - Setting next_dagrun for example_task_group_decorator to None, run_after=None
[2026-05-23T16:29:16.366+0000] {processor.py:208} INFO - Processing /home/airflow/.local/lib/python3.12/site-packages/airflow/example_dags/example_task_group_decorator.py took 0.075 seconds
[2026-05-23T16:29:46.925+0000] {processor.py:186} INFO - Started process (PID=2578) to work on /home/airflow/.local/lib/python3.12/site-packages/airflow/example_dags/example_task_group_decorator.py
[2026-05-23T16:29:46.925+0000] {processor.py:914} INFO - Processing file /home/airflow/.local/lib/python3.12/site-packages/airflow/example_dags/example_task_group_decorator.py for tasks to queue
[2026-05-23T16:29:46.927+0000] {logging_mixin.py:190} INFO - [2026-05-23T16:29:46.927+0000] {dagbag.py:588} INFO - Filling up the DagBag from /home/airflow/.local/lib/python3.12/site-packages/airflow/example_dags/example_task_group_decorator.py
[2026-05-23T16:29:46.939+0000] {processor.py:925} INFO - DAG(s) 'example_task_group_decorator' retrieved from /home/airflow/.local/lib/python3.12/site-packages/airflow/example_dags/example_task_group_decorator.py
[2026-05-23T16:29:46.961+0000] {logging_mixin.py:190} INFO - [2026-05-23T16:29:46.961+0000] {dag.py:3239} INFO - Sync 1 DAGs
[2026-05-23T16:29:46.976+0000] {logging_mixin.py:190} INFO - [2026-05-23T16:29:46.975+0000] {dag.py:4180} INFO - Setting next_dagrun for example_task_group_decorator to None, run_after=None
[2026-05-23T16:29:46.988+0000] {processor.py:208} INFO - Processing /home/airflow/.local/lib/python3.12/site-packages/airflow/example_dags/example_task_group_decorator.py took 0.068 seconds
[2026-05-23T16:30:18.588+0000] {processor.py:186} INFO - Started process (PID=2643) to work on /home/airflow/.local/lib/python3.12/site-packages/airflow/example_dags/example_task_group_decorator.py
[2026-05-23T16:30:18.588+0000] {processor.py:914} INFO - Processing file /home/airflow/.local/lib/python3.12/site-packages/airflow/example_dags/example_task_group_decorator.py for tasks to queue
[2026-05-23T16:30:18.590+0000] {logging_mixin.py:190} INFO - [2026-05-23T16:30:18.590+0000] {dagbag.py:588} INFO - Filling up the DagBag from /home/airflow/.local/lib/python3.12/site-packages/airflow/example_dags/example_task_group_decorator.py
[2026-05-23T16:30:18.604+0000] {processor.py:925} INFO - DAG(s) 'example_task_group_decorator' retrieved from /home/airflow/.local/lib/python3.12/site-packages/airflow/example_dags/example_task_group_decorator.py
[2026-05-23T16:30:18.623+0000] {logging_mixin.py:190} INFO - [2026-05-23T16:30:18.623+0000] {dag.py:3239} INFO - Sync 1 DAGs
[2026-05-23T16:30:18.634+0000] {logging_mixin.py:190} INFO - [2026-05-23T16:30:18.634+0000] {dag.py:4180} INFO - Setting next_dagrun for example_task_group_decorator to None, run_after=None
[2026-05-23T16:30:18.648+0000] {processor.py:208} INFO - Processing /home/airflow/.local/lib/python3.12/site-packages/airflow/example_dags/example_task_group_decorator.py took 0.065 seconds
[2026-05-23T16:30:49.577+0000] {processor.py:186} INFO - Started process (PID=2708) to work on /home/airflow/.local/lib/python3.12/site-packages/airflow/example_dags/example_task_group_decorator.py
[2026-05-23T16:30:49.579+0000] {processor.py:914} INFO - Processing file /home/airflow/.local/lib/python3.12/site-packages/airflow/example_dags/example_task_group_decorator.py for tasks to queue
[2026-05-23T16:30:49.581+0000] {logging_mixin.py:190} INFO - [2026-05-23T16:30:49.581+0000] {dagbag.py:588} INFO - Filling up the DagBag from /home/airflow/.local/lib/python3.12/site-packages/airflow/example_dags/example_task_group_decorator.py
[2026-05-23T16:30:49.599+0000] {processor.py:925} INFO - DAG(s) 'example_task_group_decorator' retrieved from /home/airflow/.local/lib/python3.12/site-packages/airflow/example_dags/example_task_group_decorator.py
[2026-05-23T16:30:49.624+0000] {logging_mixin.py:190} INFO - [2026-05-23T16:30:49.624+0000] {dag.py:3239} INFO - Sync 1 DAGs
[2026-05-23T16:30:49.642+0000] {logging_mixin.py:190} INFO - [2026-05-23T16:30:49.641+0000] {dag.py:4180} INFO - Setting next_dagrun for example_task_group_decorator to None, run_after=None
[2026-05-23T16:30:49.658+0000] {processor.py:208} INFO - Processing /home/airflow/.local/lib/python3.12/site-packages/airflow/example_dags/example_task_group_decorator.py took 0.087 seconds
[2026-05-23T16:31:21.345+0000] {processor.py:186} INFO - Started process (PID=2773) to work on /home/airflow/.local/lib/python3.12/site-packages/airflow/example_dags/example_task_group_decorator.py
[2026-05-23T16:31:21.346+0000] {processor.py:914} INFO - Processing file /home/airflow/.local/lib/python3.12/site-packages/airflow/example_dags/example_task_group_decorator.py for tasks to queue
[2026-05-23T16:31:21.347+0000] {logging_mixin.py:190} INFO - [2026-05-23T16:31:21.347+0000] {dagbag.py:588} INFO - Filling up the DagBag from /home/airflow/.local/lib/python3.12/site-packages/airflow/example_dags/example_task_group_decorator.py
[2026-05-23T16:31:21.359+0000] {processor.py:925} INFO - DAG(s) 'example_task_group_decorator' retrieved from /home/airflow/.local/lib/python3.12/site-packages/airflow/example_dags/example_task_group_decorator.py
[2026-05-23T16:31:21.381+0000] {logging_mixin.py:190} INFO - [2026-05-23T16:31:21.381+0000] {dag.py:3239} INFO - Sync 1 DAGs
[2026-05-23T16:31:21.393+0000] {logging_mixin.py:190} INFO - [2026-05-23T16:31:21.393+0000] {dag.py:4180} INFO - Setting next_dagrun for example_task_group_decorator to None, run_after=None
[2026-05-23T16:31:21.407+0000] {processor.py:208} INFO - Processing /home/airflow/.local/lib/python3.12/site-packages/airflow/example_dags/example_task_group_decorator.py took 0.066 seconds
[2026-05-23T16:31:52.386+0000] {processor.py:186} INFO - Started process (PID=2844) to work on /home/airflow/.local/lib/python3.12/site-packages/airflow/example_dags/example_task_group_decorator.py
[2026-05-23T16:31:52.387+0000] {processor.py:914} INFO - Processing file /home/airflow/.local/lib/python3.12/site-packages/airflow/example_dags/example_task_group_decorator.py for tasks to queue
[2026-05-23T16:31:52.389+0000] {logging_mixin.py:190} INFO - [2026-05-23T16:31:52.388+0000] {dagbag.py:588} INFO - Filling up the DagBag from /home/airflow/.local/lib/python3.12/site-packages/airflow/example_dags/example_task_group_decorator.py
[2026-05-23T16:31:52.401+0000] {processor.py:925} INFO - DAG(s) 'example_task_group_decorator' retrieved from /home/airflow/.local/lib/python3.12/site-packages/airflow/example_dags/example_task_group_decorator.py
[2026-05-23T16:31:52.424+0000] {logging_mixin.py:190} INFO - [2026-05-23T16:31:52.424+0000] {dag.py:3239} INFO - Sync 1 DAGs
[2026-05-23T16:31:52.437+0000] {logging_mixin.py:190} INFO - [2026-05-23T16:31:52.437+0000] {dag.py:4180} INFO - Setting next_dagrun for example_task_group_decorator to None, run_after=None
[2026-05-23T16:31:52.450+0000] {processor.py:208} INFO - Processing /home/airflow/.local/lib/python3.12/site-packages/airflow/example_dags/example_task_group_decorator.py took 0.069 seconds
[2026-05-23T16:32:24.742+0000] {processor.py:186} INFO - Started process (PID=2910) to work on /home/airflow/.local/lib/python3.12/site-packages/airflow/example_dags/example_task_group_decorator.py
[2026-05-23T16:32:24.743+0000] {processor.py:914} INFO - Processing file /home/airflow/.local/lib/python3.12/site-packages/airflow/example_dags/example_task_group_decorator.py for tasks to queue
[2026-05-23T16:32:24.744+0000] {logging_mixin.py:190} INFO - [2026-05-23T16:32:24.744+0000] {dagbag.py:588} INFO - Filling up the DagBag from /home/airflow/.local/lib/python3.12/site-packages/airflow/example_dags/example_task_group_decorator.py
[2026-05-23T16:32:24.756+0000] {processor.py:925} INFO - DAG(s) 'example_task_group_decorator' retrieved from /home/airflow/.local/lib/python3.12/site-packages/airflow/example_dags/example_task_group_decorator.py
[2026-05-23T16:32:24.776+0000] {logging_mixin.py:190} INFO - [2026-05-23T16:32:24.775+0000] {dag.py:3239} INFO - Sync 1 DAGs
[2026-05-23T16:32:24.788+0000] {logging_mixin.py:190} INFO - [2026-05-23T16:32:24.788+0000] {dag.py:4180} INFO - Setting next_dagrun for example_task_group_decorator to None, run_after=None
[2026-05-23T16:32:24.803+0000] {processor.py:208} INFO - Processing /home/airflow/.local/lib/python3.12/site-packages/airflow/example_dags/example_task_group_decorator.py took 0.066 seconds
[2026-05-23T16:32:56.050+0000] {processor.py:186} INFO - Started process (PID=2975) to work on /home/airflow/.local/lib/python3.12/site-packages/airflow/example_dags/example_task_group_decorator.py
[2026-05-23T16:32:56.050+0000] {processor.py:914} INFO - Processing file /home/airflow/.local/lib/python3.12/site-packages/airflow/example_dags/example_task_group_decorator.py for tasks to queue
[2026-05-23T16:32:56.052+0000] {logging_mixin.py:190} INFO - [2026-05-23T16:32:56.052+0000] {dagbag.py:588} INFO - Filling up the DagBag from /home/airflow/.local/lib/python3.12/site-packages/airflow/example_dags/example_task_group_decorator.py
[2026-05-23T16:32:56.067+0000] {processor.py:925} INFO - DAG(s) 'example_task_group_decorator' retrieved from /home/airflow/.local/lib/python3.12/site-packages/airflow/example_dags/example_task_group_decorator.py
[2026-05-23T16:32:56.086+0000] {logging_mixin.py:190} INFO - [2026-05-23T16:32:56.086+0000] {dag.py:3239} INFO - Sync 1 DAGs
[2026-05-23T16:32:56.100+0000] {logging_mixin.py:190} INFO - [2026-05-23T16:32:56.100+0000] {dag.py:4180} INFO - Setting next_dagrun for example_task_group_decorator to None, run_after=None
[2026-05-23T16:32:56.113+0000] {processor.py:208} INFO - Processing /home/airflow/.local/lib/python3.12/site-packages/airflow/example_dags/example_task_group_decorator.py took 0.069 seconds
[2026-05-23T16:33:26.897+0000] {processor.py:186} INFO - Started process (PID=3040) to work on /home/airflow/.local/lib/python3.12/site-packages/airflow/example_dags/example_task_group_decorator.py
[2026-05-23T16:33:26.897+0000] {processor.py:914} INFO - Processing file /home/airflow/.local/lib/python3.12/site-packages/airflow/example_dags/example_task_group_decorator.py for tasks to queue
[2026-05-23T16:33:26.900+0000] {logging_mixin.py:190} INFO - [2026-05-23T16:33:26.899+0000] {dagbag.py:588} INFO - Filling up the DagBag from /home/airflow/.local/lib/python3.12/site-packages/airflow/example_dags/example_task_group_decorator.py
[2026-05-23T16:33:26.920+0000] {processor.py:925} INFO - DAG(s) 'example_task_group_decorator' retrieved from /home/airflow/.local/lib/python3.12/site-packages/airflow/example_dags/example_task_group_decorator.py
[2026-05-23T16:33:26.948+0000] {logging_mixin.py:190} INFO - [2026-05-23T16:33:26.947+0000] {dag.py:3239} INFO - Sync 1 DAGs
[2026-05-23T16:33:26.963+0000] {logging_mixin.py:190} INFO - [2026-05-23T16:33:26.963+0000] {dag.py:4180} INFO - Setting next_dagrun for example_task_group_decorator to None, run_after=None
[2026-05-23T16:33:26.982+0000] {processor.py:208} INFO - Processing /home/airflow/.local/lib/python3.12/site-packages/airflow/example_dags/example_task_group_decorator.py took 0.092 seconds
[2026-05-23T16:33:57.936+0000] {processor.py:186} INFO - Started process (PID=3105) to work on /home/airflow/.local/lib/python3.12/site-packages/airflow/example_dags/example_task_group_decorator.py
[2026-05-23T16:33:57.936+0000] {processor.py:914} INFO - Processing file /home/airflow/.local/lib/python3.12/site-packages/airflow/example_dags/example_task_group_decorator.py for tasks to queue
[2026-05-23T16:33:57.938+0000] {logging_mixin.py:190} INFO - [2026-05-23T16:33:57.938+0000] {dagbag.py:588} INFO - Filling up the DagBag from /home/airflow/.local/lib/python3.12/site-packages/airflow/example_dags/example_task_group_decorator.py
[2026-05-23T16:33:57.952+0000] {processor.py:925} INFO - DAG(s) 'example_task_group_decorator' retrieved from /home/airflow/.local/lib/python3.12/site-packages/airflow/example_dags/example_task_group_decorator.py
[2026-05-23T16:33:57.974+0000] {logging_mixin.py:190} INFO - [2026-05-23T16:33:57.974+0000] {dag.py:3239} INFO - Sync 1 DAGs
[2026-05-23T16:33:57.989+0000] {logging_mixin.py:190} INFO - [2026-05-23T16:33:57.989+0000] {dag.py:4180} INFO - Setting next_dagrun for example_task_group_decorator to None, run_after=None
[2026-05-23T16:33:58.004+0000] {processor.py:208} INFO - Processing /home/airflow/.local/lib/python3.12/site-packages/airflow/example_dags/example_task_group_decorator.py took 0.073 seconds
[2026-05-23T16:34:28.552+0000] {processor.py:186} INFO - Started process (PID=3170) to work on /home/airflow/.local/lib/python3.12/site-packages/airflow/example_dags/example_task_group_decorator.py
[2026-05-23T16:34:28.553+0000] {processor.py:914} INFO - Processing file /home/airflow/.local/lib/python3.12/site-packages/airflow/example_dags/example_task_group_decorator.py for tasks to queue
[2026-05-23T16:34:28.554+0000] {logging_mixin.py:190} INFO - [2026-05-23T16:34:28.554+0000] {dagbag.py:588} INFO - Filling up the DagBag from /home/airflow/.local/lib/python3.12/site-packages/airflow/example_dags/example_task_group_decorator.py
[2026-05-23T16:34:28.568+0000] {processor.py:925} INFO - DAG(s) 'example_task_group_decorator' retrieved from /home/airflow/.local/lib/python3.12/site-packages/airflow/example_dags/example_task_group_decorator.py
[2026-05-23T16:34:28.594+0000] {logging_mixin.py:190} INFO - [2026-05-23T16:34:28.594+0000] {dag.py:3239} INFO - Sync 1 DAGs
[2026-05-23T16:34:28.606+0000] {logging_mixin.py:190} INFO - [2026-05-23T16:34:28.606+0000] {dag.py:4180} INFO - Setting next_dagrun for example_task_group_decorator to None, run_after=None
[2026-05-23T16:34:28.620+0000] {processor.py:208} INFO - Processing /home/airflow/.local/lib/python3.12/site-packages/airflow/example_dags/example_task_group_decorator.py took 0.073 seconds
[2026-05-23T16:35:00.057+0000] {processor.py:186} INFO - Started process (PID=3235) to work on /home/airflow/.local/lib/python3.12/site-packages/airflow/example_dags/example_task_group_decorator.py
[2026-05-23T16:35:00.057+0000] {processor.py:914} INFO - Processing file /home/airflow/.local/lib/python3.12/site-packages/airflow/example_dags/example_task_group_decorator.py for tasks to queue
[2026-05-23T16:35:00.059+0000] {logging_mixin.py:190} INFO - [2026-05-23T16:35:00.058+0000] {dagbag.py:588} INFO - Filling up the DagBag from /home/airflow/.local/lib/python3.12/site-packages/airflow/example_dags/example_task_group_decorator.py
[2026-05-23T16:35:00.071+0000] {processor.py:925} INFO - DAG(s) 'example_task_group_decorator' retrieved from /home/airflow/.local/lib/python3.12/site-packages/airflow/example_dags/example_task_group_decorator.py
[2026-05-23T16:35:00.092+0000] {logging_mixin.py:190} INFO - [2026-05-23T16:35:00.092+0000] {dag.py:3239} INFO - Sync 1 DAGs
[2026-05-23T16:35:00.105+0000] {logging_mixin.py:190} INFO - [2026-05-23T16:35:00.105+0000] {dag.py:4180} INFO - Setting next_dagrun for example_task_group_decorator to None, run_after=None
[2026-05-23T16:35:00.121+0000] {processor.py:208} INFO - Processing /home/airflow/.local/lib/python3.12/site-packages/airflow/example_dags/example_task_group_decorator.py took 0.069 seconds
[2026-05-23T16:35:31.322+0000] {processor.py:186} INFO - Started process (PID=3300) to work on /home/airflow/.local/lib/python3.12/site-packages/airflow/example_dags/example_task_group_decorator.py
[2026-05-23T16:35:31.323+0000] {processor.py:914} INFO - Processing file /home/airflow/.local/lib/python3.12/site-packages/airflow/example_dags/example_task_group_decorator.py for tasks to queue
[2026-05-23T16:35:31.324+0000] {logging_mixin.py:190} INFO - [2026-05-23T16:35:31.324+0000] {dagbag.py:588} INFO - Filling up the DagBag from /home/airflow/.local/lib/python3.12/site-packages/airflow/example_dags/example_task_group_decorator.py
[2026-05-23T16:35:31.347+0000] {processor.py:925} INFO - DAG(s) 'example_task_group_decorator' retrieved from /home/airflow/.local/lib/python3.12/site-packages/airflow/example_dags/example_task_group_decorator.py
[2026-05-23T16:35:31.380+0000] {logging_mixin.py:190} INFO - [2026-05-23T16:35:31.380+0000] {dag.py:3239} INFO - Sync 1 DAGs
[2026-05-23T16:35:31.397+0000] {logging_mixin.py:190} INFO - [2026-05-23T16:35:31.397+0000] {dag.py:4180} INFO - Setting next_dagrun for example_task_group_decorator to None, run_after=None
[2026-05-23T16:35:31.415+0000] {processor.py:208} INFO - Processing /home/airflow/.local/lib/python3.12/site-packages/airflow/example_dags/example_task_group_decorator.py took 0.099 seconds
[2026-05-23T16:36:02.231+0000] {processor.py:186} INFO - Started process (PID=3365) to work on /home/airflow/.local/lib/python3.12/site-packages/airflow/example_dags/example_task_group_decorator.py
[2026-05-23T16:36:02.232+0000] {processor.py:914} INFO - Processing file /home/airflow/.local/lib/python3.12/site-packages/airflow/example_dags/example_task_group_decorator.py for tasks to queue
[2026-05-23T16:36:02.234+0000] {logging_mixin.py:190} INFO - [2026-05-23T16:36:02.233+0000] {dagbag.py:588} INFO - Filling up the DagBag from /home/airflow/.local/lib/python3.12/site-packages/airflow/example_dags/example_task_group_decorator.py
[2026-05-23T16:36:02.254+0000] {processor.py:925} INFO - DAG(s) 'example_task_group_decorator' retrieved from /home/airflow/.local/lib/python3.12/site-packages/airflow/example_dags/example_task_group_decorator.py
[2026-05-23T16:36:02.284+0000] {logging_mixin.py:190} INFO - [2026-05-23T16:36:02.284+0000] {dag.py:3239} INFO - Sync 1 DAGs
[2026-05-23T16:36:02.297+0000] {logging_mixin.py:190} INFO - [2026-05-23T16:36:02.297+0000] {dag.py:4180} INFO - Setting next_dagrun for example_task_group_decorator to None, run_after=None
[2026-05-23T16:36:02.312+0000] {processor.py:208} INFO - Processing /home/airflow/.local/lib/python3.12/site-packages/airflow/example_dags/example_task_group_decorator.py took 0.088 seconds
[2026-05-23T16:36:33.490+0000] {processor.py:186} INFO - Started process (PID=3430) to work on /home/airflow/.local/lib/python3.12/site-packages/airflow/example_dags/example_task_group_decorator.py
[2026-05-23T16:36:33.490+0000] {processor.py:914} INFO - Processing file /home/airflow/.local/lib/python3.12/site-packages/airflow/example_dags/example_task_group_decorator.py for tasks to queue
[2026-05-23T16:36:33.492+0000] {logging_mixin.py:190} INFO - [2026-05-23T16:36:33.491+0000] {dagbag.py:588} INFO - Filling up the DagBag from /home/airflow/.local/lib/python3.12/site-packages/airflow/example_dags/example_task_group_decorator.py
[2026-05-23T16:36:33.508+0000] {processor.py:925} INFO - DAG(s) 'example_task_group_decorator' retrieved from /home/airflow/.local/lib/python3.12/site-packages/airflow/example_dags/example_task_group_decorator.py
[2026-05-23T16:36:33.531+0000] {logging_mixin.py:190} INFO - [2026-05-23T16:36:33.531+0000] {dag.py:3239} INFO - Sync 1 DAGs
[2026-05-23T16:36:33.543+0000] {logging_mixin.py:190} INFO - [2026-05-23T16:36:33.543+0000] {dag.py:4180} INFO - Setting next_dagrun for example_task_group_decorator to None, run_after=None
[2026-05-23T16:36:33.558+0000] {processor.py:208} INFO - Processing /home/airflow/.local/lib/python3.12/site-packages/airflow/example_dags/example_task_group_decorator.py took 0.073 seconds
[2026-05-23T16:37:04.520+0000] {processor.py:186} INFO - Started process (PID=3495) to work on /home/airflow/.local/lib/python3.12/site-packages/airflow/example_dags/example_task_group_decorator.py
[2026-05-23T16:37:04.521+0000] {processor.py:914} INFO - Processing file /home/airflow/.local/lib/python3.12/site-packages/airflow/example_dags/example_task_group_decorator.py for tasks to queue
[2026-05-23T16:37:04.522+0000] {logging_mixin.py:190} INFO - [2026-05-23T16:37:04.522+0000] {dagbag.py:588} INFO - Filling up the DagBag from /home/airflow/.local/lib/python3.12/site-packages/airflow/example_dags/example_task_group_decorator.py
[2026-05-23T16:37:04.536+0000] {processor.py:925} INFO - DAG(s) 'example_task_group_decorator' retrieved from /home/airflow/.local/lib/python3.12/site-packages/airflow/example_dags/example_task_group_decorator.py
[2026-05-23T16:37:04.560+0000] {logging_mixin.py:190} INFO - [2026-05-23T16:37:04.560+0000] {dag.py:3239} INFO - Sync 1 DAGs
[2026-05-23T16:37:04.574+0000] {logging_mixin.py:190} INFO - [2026-05-23T16:37:04.574+0000] {dag.py:4180} INFO - Setting next_dagrun for example_task_group_decorator to None, run_after=None
[2026-05-23T16:37:04.588+0000] {processor.py:208} INFO - Processing /home/airflow/.local/lib/python3.12/site-packages/airflow/example_dags/example_task_group_decorator.py took 0.071 seconds
[2026-05-23T16:37:35.332+0000] {processor.py:186} INFO - Started process (PID=3560) to work on /home/airflow/.local/lib/python3.12/site-packages/airflow/example_dags/example_task_group_decorator.py
[2026-05-23T16:37:35.332+0000] {processor.py:914} INFO - Processing file /home/airflow/.local/lib/python3.12/site-packages/airflow/example_dags/example_task_group_decorator.py for tasks to queue
[2026-05-23T16:37:35.333+0000] {logging_mixin.py:190} INFO - [2026-05-23T16:37:35.333+0000] {dagbag.py:588} INFO - Filling up the DagBag from /home/airflow/.local/lib/python3.12/site-packages/airflow/example_dags/example_task_group_decorator.py
[2026-05-23T16:37:35.345+0000] {processor.py:925} INFO - DAG(s) 'example_task_group_decorator' retrieved from /home/airflow/.local/lib/python3.12/site-packages/airflow/example_dags/example_task_group_decorator.py
[2026-05-23T16:37:35.367+0000] {logging_mixin.py:190} INFO - [2026-05-23T16:37:35.367+0000] {dag.py:3239} INFO - Sync 1 DAGs
[2026-05-23T16:37:35.378+0000] {logging_mixin.py:190} INFO - [2026-05-23T16:37:35.378+0000] {dag.py:4180} INFO - Setting next_dagrun for example_task_group_decorator to None, run_after=None
[2026-05-23T16:37:35.392+0000] {processor.py:208} INFO - Processing /home/airflow/.local/lib/python3.12/site-packages/airflow/example_dags/example_task_group_decorator.py took 0.065 seconds
[2026-05-23T16:38:06.801+0000] {processor.py:186} INFO - Started process (PID=3625) to work on /home/airflow/.local/lib/python3.12/site-packages/airflow/example_dags/example_task_group_decorator.py
[2026-05-23T16:38:06.801+0000] {processor.py:914} INFO - Processing file /home/airflow/.local/lib/python3.12/site-packages/airflow/example_dags/example_task_group_decorator.py for tasks to queue
[2026-05-23T16:38:06.803+0000] {logging_mixin.py:190} INFO - [2026-05-23T16:38:06.803+0000] {dagbag.py:588} INFO - Filling up the DagBag from /home/airflow/.local/lib/python3.12/site-packages/airflow/example_dags/example_task_group_decorator.py
[2026-05-23T16:38:06.815+0000] {processor.py:925} INFO - DAG(s) 'example_task_group_decorator' retrieved from /home/airflow/.local/lib/python3.12/site-packages/airflow/example_dags/example_task_group_decorator.py
[2026-05-23T16:38:06.836+0000] {logging_mixin.py:190} INFO - [2026-05-23T16:38:06.836+0000] {dag.py:3239} INFO - Sync 1 DAGs
[2026-05-23T16:38:06.847+0000] {logging_mixin.py:190} INFO - [2026-05-23T16:38:06.847+0000] {dag.py:4180} INFO - Setting next_dagrun for example_task_group_decorator to None, run_after=None
[2026-05-23T16:38:06.860+0000] {processor.py:208} INFO - Processing /home/airflow/.local/lib/python3.12/site-packages/airflow/example_dags/example_task_group_decorator.py took 0.064 seconds
[2026-05-23T16:38:37.766+0000] {processor.py:186} INFO - Started process (PID=3690) to work on /home/airflow/.local/lib/python3.12/site-packages/airflow/example_dags/example_task_group_decorator.py
[2026-05-23T16:38:37.767+0000] {processor.py:914} INFO - Processing file /home/airflow/.local/lib/python3.12/site-packages/airflow/example_dags/example_task_group_decorator.py for tasks to queue
[2026-05-23T16:38:37.769+0000] {logging_mixin.py:190} INFO - [2026-05-23T16:38:37.768+0000] {dagbag.py:588} INFO - Filling up the DagBag from /home/airflow/.local/lib/python3.12/site-packages/airflow/example_dags/example_task_group_decorator.py
[2026-05-23T16:38:37.784+0000] {processor.py:925} INFO - DAG(s) 'example_task_group_decorator' retrieved from /home/airflow/.local/lib/python3.12/site-packages/airflow/example_dags/example_task_group_decorator.py
[2026-05-23T16:38:37.802+0000] {logging_mixin.py:190} INFO - [2026-05-23T16:38:37.802+0000] {dag.py:3239} INFO - Sync 1 DAGs
[2026-05-23T16:38:37.813+0000] {logging_mixin.py:190} INFO - [2026-05-23T16:38:37.813+0000] {dag.py:4180} INFO - Setting next_dagrun for example_task_group_decorator to None, run_after=None
[2026-05-23T16:38:37.829+0000] {processor.py:208} INFO - Processing /home/airflow/.local/lib/python3.12/site-packages/airflow/example_dags/example_task_group_decorator.py took 0.069 seconds
[2026-05-23T16:39:08.446+0000] {processor.py:186} INFO - Started process (PID=3755) to work on /home/airflow/.local/lib/python3.12/site-packages/airflow/example_dags/example_task_group_decorator.py
[2026-05-23T16:39:08.447+0000] {processor.py:914} INFO - Processing file /home/airflow/.local/lib/python3.12/site-packages/airflow/example_dags/example_task_group_decorator.py for tasks to queue
[2026-05-23T16:39:08.449+0000] {logging_mixin.py:190} INFO - [2026-05-23T16:39:08.449+0000] {dagbag.py:588} INFO - Filling up the DagBag from /home/airflow/.local/lib/python3.12/site-packages/airflow/example_dags/example_task_group_decorator.py
[2026-05-23T16:39:08.467+0000] {processor.py:925} INFO - DAG(s) 'example_task_group_decorator' retrieved from /home/airflow/.local/lib/python3.12/site-packages/airflow/example_dags/example_task_group_decorator.py
[2026-05-23T16:39:08.489+0000] {logging_mixin.py:190} INFO - [2026-05-23T16:39:08.489+0000] {dag.py:3239} INFO - Sync 1 DAGs
[2026-05-23T16:39:08.504+0000] {logging_mixin.py:190} INFO - [2026-05-23T16:39:08.504+0000] {dag.py:4180} INFO - Setting next_dagrun for example_task_group_decorator to None, run_after=None
[2026-05-23T16:39:08.519+0000] {processor.py:208} INFO - Processing /home/airflow/.local/lib/python3.12/site-packages/airflow/example_dags/example_task_group_decorator.py took 0.079 seconds
[2026-05-23T16:39:39.309+0000] {processor.py:186} INFO - Started process (PID=3820) to work on /home/airflow/.local/lib/python3.12/site-packages/airflow/example_dags/example_task_group_decorator.py
[2026-05-23T16:39:39.309+0000] {processor.py:914} INFO - Processing file /home/airflow/.local/lib/python3.12/site-packages/airflow/example_dags/example_task_group_decorator.py for tasks to queue
[2026-05-23T16:39:39.311+0000] {logging_mixin.py:190} INFO - [2026-05-23T16:39:39.311+0000] {dagbag.py:588} INFO - Filling up the DagBag from /home/airflow/.local/lib/python3.12/site-packages/airflow/example_dags/example_task_group_decorator.py
[2026-05-23T16:39:39.323+0000] {processor.py:925} INFO - DAG(s) 'example_task_group_decorator' retrieved from /home/airflow/.local/lib/python3.12/site-packages/airflow/example_dags/example_task_group_decorator.py
[2026-05-23T16:39:39.342+0000] {logging_mixin.py:190} INFO - [2026-05-23T16:39:39.341+0000] {dag.py:3239} INFO - Sync 1 DAGs
[2026-05-23T16:39:39.354+0000] {logging_mixin.py:190} INFO - [2026-05-23T16:39:39.353+0000] {dag.py:4180} INFO - Setting next_dagrun for example_task_group_decorator to None, run_after=None
[2026-05-23T16:39:39.370+0000] {processor.py:208} INFO - Processing /home/airflow/.local/lib/python3.12/site-packages/airflow/example_dags/example_task_group_decorator.py took 0.065 seconds
[2026-05-23T16:40:10.389+0000] {processor.py:186} INFO - Started process (PID=3885) to work on /home/airflow/.local/lib/python3.12/site-packages/airflow/example_dags/example_task_group_decorator.py
[2026-05-23T16:40:10.390+0000] {processor.py:914} INFO - Processing file /home/airflow/.local/lib/python3.12/site-packages/airflow/example_dags/example_task_group_decorator.py for tasks to queue
[2026-05-23T16:40:10.391+0000] {logging_mixin.py:190} INFO - [2026-05-23T16:40:10.391+0000] {dagbag.py:588} INFO - Filling up the DagBag from /home/airflow/.local/lib/python3.12/site-packages/airflow/example_dags/example_task_group_decorator.py
[2026-05-23T16:40:10.403+0000] {processor.py:925} INFO - DAG(s) 'example_task_group_decorator' retrieved from /home/airflow/.local/lib/python3.12/site-packages/airflow/example_dags/example_task_group_decorator.py
[2026-05-23T16:40:10.423+0000] {logging_mixin.py:190} INFO - [2026-05-23T16:40:10.423+0000] {dag.py:3239} INFO - Sync 1 DAGs
[2026-05-23T16:40:10.434+0000] {logging_mixin.py:190} INFO - [2026-05-23T16:40:10.434+0000] {dag.py:4180} INFO - Setting next_dagrun for example_task_group_decorator to None, run_after=None
[2026-05-23T16:40:10.449+0000] {processor.py:208} INFO - Processing /home/airflow/.local/lib/python3.12/site-packages/airflow/example_dags/example_task_group_decorator.py took 0.064 seconds
[2026-05-23T16:40:41.176+0000] {processor.py:186} INFO - Started process (PID=3950) to work on /home/airflow/.local/lib/python3.12/site-packages/airflow/example_dags/example_task_group_decorator.py
[2026-05-23T16:40:41.176+0000] {processor.py:914} INFO - Processing file /home/airflow/.local/lib/python3.12/site-packages/airflow/example_dags/example_task_group_decorator.py for tasks to queue
[2026-05-23T16:40:41.178+0000] {logging_mixin.py:190} INFO - [2026-05-23T16:40:41.178+0000] {dagbag.py:588} INFO - Filling up the DagBag from /home/airflow/.local/lib/python3.12/site-packages/airflow/example_dags/example_task_group_decorator.py
[2026-05-23T16:40:41.191+0000] {processor.py:925} INFO - DAG(s) 'example_task_group_decorator' retrieved from /home/airflow/.local/lib/python3.12/site-packages/airflow/example_dags/example_task_group_decorator.py
[2026-05-23T16:40:41.216+0000] {logging_mixin.py:190} INFO - [2026-05-23T16:40:41.215+0000] {dag.py:3239} INFO - Sync 1 DAGs
[2026-05-23T16:40:41.227+0000] {logging_mixin.py:190} INFO - [2026-05-23T16:40:41.227+0000] {dag.py:4180} INFO - Setting next_dagrun for example_task_group_decorator to None, run_after=None
[2026-05-23T16:40:41.241+0000] {processor.py:208} INFO - Processing /home/airflow/.local/lib/python3.12/site-packages/airflow/example_dags/example_task_group_decorator.py took 0.069 seconds
[2026-05-23T16:41:13.008+0000] {processor.py:186} INFO - Started process (PID=4015) to work on /home/airflow/.local/lib/python3.12/site-packages/airflow/example_dags/example_task_group_decorator.py
[2026-05-23T16:41:13.009+0000] {processor.py:914} INFO - Processing file /home/airflow/.local/lib/python3.12/site-packages/airflow/example_dags/example_task_group_decorator.py for tasks to queue
[2026-05-23T16:41:13.011+0000] {logging_mixin.py:190} INFO - [2026-05-23T16:41:13.010+0000] {dagbag.py:588} INFO - Filling up the DagBag from /home/airflow/.local/lib/python3.12/site-packages/airflow/example_dags/example_task_group_decorator.py
[2026-05-23T16:41:13.023+0000] {processor.py:925} INFO - DAG(s) 'example_task_group_decorator' retrieved from /home/airflow/.local/lib/python3.12/site-packages/airflow/example_dags/example_task_group_decorator.py
[2026-05-23T16:41:13.044+0000] {logging_mixin.py:190} INFO - [2026-05-23T16:41:13.043+0000] {dag.py:3239} INFO - Sync 1 DAGs
[2026-05-23T16:41:13.203+0000] {logging_mixin.py:190} INFO - [2026-05-23T16:41:13.203+0000] {dag.py:4180} INFO - Setting next_dagrun for example_task_group_decorator to None, run_after=None
[2026-05-23T16:41:13.218+0000] {processor.py:208} INFO - Processing /home/airflow/.local/lib/python3.12/site-packages/airflow/example_dags/example_task_group_decorator.py took 0.214 seconds
[2026-05-23T16:41:43.610+0000] {processor.py:186} INFO - Started process (PID=4080) to work on /home/airflow/.local/lib/python3.12/site-packages/airflow/example_dags/example_task_group_decorator.py
[2026-05-23T16:41:43.611+0000] {processor.py:914} INFO - Processing file /home/airflow/.local/lib/python3.12/site-packages/airflow/example_dags/example_task_group_decorator.py for tasks to queue
[2026-05-23T16:41:43.612+0000] {logging_mixin.py:190} INFO - [2026-05-23T16:41:43.612+0000] {dagbag.py:588} INFO - Filling up the DagBag from /home/airflow/.local/lib/python3.12/site-packages/airflow/example_dags/example_task_group_decorator.py
[2026-05-23T16:41:43.624+0000] {processor.py:925} INFO - DAG(s) 'example_task_group_decorator' retrieved from /home/airflow/.local/lib/python3.12/site-packages/airflow/example_dags/example_task_group_decorator.py
[2026-05-23T16:41:43.644+0000] {logging_mixin.py:190} INFO - [2026-05-23T16:41:43.644+0000] {dag.py:3239} INFO - Sync 1 DAGs
[2026-05-23T16:41:43.656+0000] {logging_mixin.py:190} INFO - [2026-05-23T16:41:43.656+0000] {dag.py:4180} INFO - Setting next_dagrun for example_task_group_decorator to None, run_after=None
[2026-05-23T16:41:43.673+0000] {processor.py:208} INFO - Processing /home/airflow/.local/lib/python3.12/site-packages/airflow/example_dags/example_task_group_decorator.py took 0.068 seconds
[2026-05-23T16:42:14.256+0000] {processor.py:186} INFO - Started process (PID=4145) to work on /home/airflow/.local/lib/python3.12/site-packages/airflow/example_dags/example_task_group_decorator.py
[2026-05-23T16:42:14.256+0000] {processor.py:914} INFO - Processing file /home/airflow/.local/lib/python3.12/site-packages/airflow/example_dags/example_task_group_decorator.py for tasks to queue
[2026-05-23T16:42:14.259+0000] {logging_mixin.py:190} INFO - [2026-05-23T16:42:14.258+0000] {dagbag.py:588} INFO - Filling up the DagBag from /home/airflow/.local/lib/python3.12/site-packages/airflow/example_dags/example_task_group_decorator.py
[2026-05-23T16:42:14.276+0000] {processor.py:925} INFO - DAG(s) 'example_task_group_decorator' retrieved from /home/airflow/.local/lib/python3.12/site-packages/airflow/example_dags/example_task_group_decorator.py
[2026-05-23T16:42:14.307+0000] {logging_mixin.py:190} INFO - [2026-05-23T16:42:14.307+0000] {dag.py:3239} INFO - Sync 1 DAGs
[2026-05-23T16:42:14.328+0000] {logging_mixin.py:190} INFO - [2026-05-23T16:42:14.328+0000] {dag.py:4180} INFO - Setting next_dagrun for example_task_group_decorator to None, run_after=None
[2026-05-23T16:42:14.348+0000] {processor.py:208} INFO - Processing /home/airflow/.local/lib/python3.12/site-packages/airflow/example_dags/example_task_group_decorator.py took 0.100 seconds
[2026-05-23T16:42:44.907+0000] {processor.py:186} INFO - Started process (PID=4210) to work on /home/airflow/.local/lib/python3.12/site-packages/airflow/example_dags/example_task_group_decorator.py
[2026-05-23T16:42:44.907+0000] {processor.py:914} INFO - Processing file /home/airflow/.local/lib/python3.12/site-packages/airflow/example_dags/example_task_group_decorator.py for tasks to queue
[2026-05-23T16:42:44.909+0000] {logging_mixin.py:190} INFO - [2026-05-23T16:42:44.909+0000] {dagbag.py:588} INFO - Filling up the DagBag from /home/airflow/.local/lib/python3.12/site-packages/airflow/example_dags/example_task_group_decorator.py
[2026-05-23T16:42:44.921+0000] {processor.py:925} INFO - DAG(s) 'example_task_group_decorator' retrieved from /home/airflow/.local/lib/python3.12/site-packages/airflow/example_dags/example_task_group_decorator.py
[2026-05-23T16:42:44.946+0000] {logging_mixin.py:190} INFO - [2026-05-23T16:42:44.946+0000] {dag.py:3239} INFO - Sync 1 DAGs
[2026-05-23T16:42:44.961+0000] {logging_mixin.py:190} INFO - [2026-05-23T16:42:44.961+0000] {dag.py:4180} INFO - Setting next_dagrun for example_task_group_decorator to None, run_after=None
[2026-05-23T16:42:44.974+0000] {processor.py:208} INFO - Processing /home/airflow/.local/lib/python3.12/site-packages/airflow/example_dags/example_task_group_decorator.py took 0.071 seconds
[2026-05-23T16:43:16.440+0000] {processor.py:186} INFO - Started process (PID=4276) to work on /home/airflow/.local/lib/python3.12/site-packages/airflow/example_dags/example_task_group_decorator.py
[2026-05-23T16:43:16.440+0000] {processor.py:914} INFO - Processing file /home/airflow/.local/lib/python3.12/site-packages/airflow/example_dags/example_task_group_decorator.py for tasks to queue
[2026-05-23T16:43:16.442+0000] {logging_mixin.py:190} INFO - [2026-05-23T16:43:16.442+0000] {dagbag.py:588} INFO - Filling up the DagBag from /home/airflow/.local/lib/python3.12/site-packages/airflow/example_dags/example_task_group_decorator.py
[2026-05-23T16:43:16.458+0000] {processor.py:925} INFO - DAG(s) 'example_task_group_decorator' retrieved from /home/airflow/.local/lib/python3.12/site-packages/airflow/example_dags/example_task_group_decorator.py
[2026-05-23T16:43:16.487+0000] {logging_mixin.py:190} INFO - [2026-05-23T16:43:16.487+0000] {dag.py:3239} INFO - Sync 1 DAGs
[2026-05-23T16:43:16.501+0000] {logging_mixin.py:190} INFO - [2026-05-23T16:43:16.501+0000] {dag.py:4180} INFO - Setting next_dagrun for example_task_group_decorator to None, run_after=None
[2026-05-23T16:43:16.515+0000] {processor.py:208} INFO - Processing /home/airflow/.local/lib/python3.12/site-packages/airflow/example_dags/example_task_group_decorator.py took 0.080 seconds
[2026-05-23T16:43:48.907+0000] {processor.py:186} INFO - Started process (PID=4341) to work on /home/airflow/.local/lib/python3.12/site-packages/airflow/example_dags/example_task_group_decorator.py
[2026-05-23T16:43:48.908+0000] {processor.py:914} INFO - Processing file /home/airflow/.local/lib/python3.12/site-packages/airflow/example_dags/example_task_group_decorator.py for tasks to queue
[2026-05-23T16:43:48.909+0000] {logging_mixin.py:190} INFO - [2026-05-23T16:43:48.909+0000] {dagbag.py:588} INFO - Filling up the DagBag from /home/airflow/.local/lib/python3.12/site-packages/airflow/example_dags/example_task_group_decorator.py
[2026-05-23T16:43:49.086+0000] {processor.py:925} INFO - DAG(s) 'example_task_group_decorator' retrieved from /home/airflow/.local/lib/python3.12/site-packages/airflow/example_dags/example_task_group_decorator.py
[2026-05-23T16:43:49.114+0000] {logging_mixin.py:190} INFO - [2026-05-23T16:43:49.114+0000] {dag.py:3239} INFO - Sync 1 DAGs
[2026-05-23T16:43:49.133+0000] {logging_mixin.py:190} INFO - [2026-05-23T16:43:49.133+0000] {dag.py:4180} INFO - Setting next_dagrun for example_task_group_decorator to None, run_after=None
[2026-05-23T16:43:49.152+0000] {processor.py:208} INFO - Processing /home/airflow/.local/lib/python3.12/site-packages/airflow/example_dags/example_task_group_decorator.py took 0.249 seconds
[2026-05-23T16:44:19.403+0000] {processor.py:186} INFO - Started process (PID=4406) to work on /home/airflow/.local/lib/python3.12/site-packages/airflow/example_dags/example_task_group_decorator.py
[2026-05-23T16:44:19.404+0000] {processor.py:914} INFO - Processing file /home/airflow/.local/lib/python3.12/site-packages/airflow/example_dags/example_task_group_decorator.py for tasks to queue
[2026-05-23T16:44:19.405+0000] {logging_mixin.py:190} INFO - [2026-05-23T16:44:19.405+0000] {dagbag.py:588} INFO - Filling up the DagBag from /home/airflow/.local/lib/python3.12/site-packages/airflow/example_dags/example_task_group_decorator.py
[2026-05-23T16:44:19.417+0000] {processor.py:925} INFO - DAG(s) 'example_task_group_decorator' retrieved from /home/airflow/.local/lib/python3.12/site-packages/airflow/example_dags/example_task_group_decorator.py
[2026-05-23T16:44:19.437+0000] {logging_mixin.py:190} INFO - [2026-05-23T16:44:19.436+0000] {dag.py:3239} INFO - Sync 1 DAGs
[2026-05-23T16:44:19.450+0000] {logging_mixin.py:190} INFO - [2026-05-23T16:44:19.450+0000] {dag.py:4180} INFO - Setting next_dagrun for example_task_group_decorator to None, run_after=None
[2026-05-23T16:44:19.465+0000] {processor.py:208} INFO - Processing /home/airflow/.local/lib/python3.12/site-packages/airflow/example_dags/example_task_group_decorator.py took 0.066 seconds
[2026-05-23T16:49:31.865+0000] {processor.py:186} INFO - Started process (PID=110) to work on /home/airflow/.local/lib/python3.12/site-packages/airflow/example_dags/example_task_group_decorator.py
[2026-05-23T16:49:31.867+0000] {processor.py:914} INFO - Processing file /home/airflow/.local/lib/python3.12/site-packages/airflow/example_dags/example_task_group_decorator.py for tasks to queue
[2026-05-23T16:49:31.873+0000] {logging_mixin.py:190} INFO - [2026-05-23T16:49:31.871+0000] {dagbag.py:588} INFO - Filling up the DagBag from /home/airflow/.local/lib/python3.12/site-packages/airflow/example_dags/example_task_group_decorator.py
[2026-05-23T16:49:31.892+0000] {processor.py:925} INFO - DAG(s) 'example_task_group_decorator' retrieved from /home/airflow/.local/lib/python3.12/site-packages/airflow/example_dags/example_task_group_decorator.py
[2026-05-23T16:49:31.922+0000] {logging_mixin.py:190} INFO - [2026-05-23T16:49:31.922+0000] {dag.py:3239} INFO - Sync 1 DAGs
[2026-05-23T16:49:31.939+0000] {logging_mixin.py:190} INFO - [2026-05-23T16:49:31.939+0000] {dag.py:4180} INFO - Setting next_dagrun for example_task_group_decorator to None, run_after=None
[2026-05-23T16:49:31.959+0000] {processor.py:208} INFO - Processing /home/airflow/.local/lib/python3.12/site-packages/airflow/example_dags/example_task_group_decorator.py took 0.100 seconds
[2026-05-23T16:50:02.550+0000] {processor.py:186} INFO - Started process (PID=175) to work on /home/airflow/.local/lib/python3.12/site-packages/airflow/example_dags/example_task_group_decorator.py
[2026-05-23T16:50:02.551+0000] {processor.py:914} INFO - Processing file /home/airflow/.local/lib/python3.12/site-packages/airflow/example_dags/example_task_group_decorator.py for tasks to queue
[2026-05-23T16:50:02.553+0000] {logging_mixin.py:190} INFO - [2026-05-23T16:50:02.552+0000] {dagbag.py:588} INFO - Filling up the DagBag from /home/airflow/.local/lib/python3.12/site-packages/airflow/example_dags/example_task_group_decorator.py
[2026-05-23T16:50:02.565+0000] {processor.py:925} INFO - DAG(s) 'example_task_group_decorator' retrieved from /home/airflow/.local/lib/python3.12/site-packages/airflow/example_dags/example_task_group_decorator.py
[2026-05-23T16:50:02.590+0000] {logging_mixin.py:190} INFO - [2026-05-23T16:50:02.590+0000] {dag.py:3239} INFO - Sync 1 DAGs
[2026-05-23T16:50:02.607+0000] {logging_mixin.py:190} INFO - [2026-05-23T16:50:02.606+0000] {dag.py:4180} INFO - Setting next_dagrun for example_task_group_decorator to None, run_after=None
[2026-05-23T16:50:02.624+0000] {processor.py:208} INFO - Processing /home/airflow/.local/lib/python3.12/site-packages/airflow/example_dags/example_task_group_decorator.py took 0.080 seconds
[2026-05-23T16:50:33.383+0000] {processor.py:186} INFO - Started process (PID=248) to work on /home/airflow/.local/lib/python3.12/site-packages/airflow/example_dags/example_task_group_decorator.py
[2026-05-23T16:50:33.384+0000] {processor.py:914} INFO - Processing file /home/airflow/.local/lib/python3.12/site-packages/airflow/example_dags/example_task_group_decorator.py for tasks to queue
[2026-05-23T16:50:33.386+0000] {logging_mixin.py:190} INFO - [2026-05-23T16:50:33.385+0000] {dagbag.py:588} INFO - Filling up the DagBag from /home/airflow/.local/lib/python3.12/site-packages/airflow/example_dags/example_task_group_decorator.py
[2026-05-23T16:50:33.398+0000] {processor.py:925} INFO - DAG(s) 'example_task_group_decorator' retrieved from /home/airflow/.local/lib/python3.12/site-packages/airflow/example_dags/example_task_group_decorator.py
[2026-05-23T16:50:33.421+0000] {logging_mixin.py:190} INFO - [2026-05-23T16:50:33.421+0000] {dag.py:3239} INFO - Sync 1 DAGs
[2026-05-23T16:50:33.432+0000] {logging_mixin.py:190} INFO - [2026-05-23T16:50:33.432+0000] {dag.py:4180} INFO - Setting next_dagrun for example_task_group_decorator to None, run_after=None
[2026-05-23T16:50:33.445+0000] {processor.py:208} INFO - Processing /home/airflow/.local/lib/python3.12/site-packages/airflow/example_dags/example_task_group_decorator.py took 0.066 seconds
[2026-05-23T16:51:03.552+0000] {processor.py:186} INFO - Started process (PID=316) to work on /home/airflow/.local/lib/python3.12/site-packages/airflow/example_dags/example_task_group_decorator.py
[2026-05-23T16:51:03.553+0000] {processor.py:914} INFO - Processing file /home/airflow/.local/lib/python3.12/site-packages/airflow/example_dags/example_task_group_decorator.py for tasks to queue
[2026-05-23T16:51:03.554+0000] {logging_mixin.py:190} INFO - [2026-05-23T16:51:03.554+0000] {dagbag.py:588} INFO - Filling up the DagBag from /home/airflow/.local/lib/python3.12/site-packages/airflow/example_dags/example_task_group_decorator.py
[2026-05-23T16:51:03.566+0000] {processor.py:925} INFO - DAG(s) 'example_task_group_decorator' retrieved from /home/airflow/.local/lib/python3.12/site-packages/airflow/example_dags/example_task_group_decorator.py
[2026-05-23T16:51:03.585+0000] {logging_mixin.py:190} INFO - [2026-05-23T16:51:03.585+0000] {dag.py:3239} INFO - Sync 1 DAGs
[2026-05-23T16:51:03.597+0000] {logging_mixin.py:190} INFO - [2026-05-23T16:51:03.597+0000] {dag.py:4180} INFO - Setting next_dagrun for example_task_group_decorator to None, run_after=None
[2026-05-23T16:51:03.609+0000] {processor.py:208} INFO - Processing /home/airflow/.local/lib/python3.12/site-packages/airflow/example_dags/example_task_group_decorator.py took 0.062 seconds
[2026-05-23T16:51:34.853+0000] {processor.py:186} INFO - Started process (PID=381) to work on /home/airflow/.local/lib/python3.12/site-packages/airflow/example_dags/example_task_group_decorator.py
[2026-05-23T16:51:34.854+0000] {processor.py:914} INFO - Processing file /home/airflow/.local/lib/python3.12/site-packages/airflow/example_dags/example_task_group_decorator.py for tasks to queue
[2026-05-23T16:51:34.856+0000] {logging_mixin.py:190} INFO - [2026-05-23T16:51:34.856+0000] {dagbag.py:588} INFO - Filling up the DagBag from /home/airflow/.local/lib/python3.12/site-packages/airflow/example_dags/example_task_group_decorator.py
[2026-05-23T16:51:34.871+0000] {processor.py:925} INFO - DAG(s) 'example_task_group_decorator' retrieved from /home/airflow/.local/lib/python3.12/site-packages/airflow/example_dags/example_task_group_decorator.py
[2026-05-23T16:51:34.892+0000] {logging_mixin.py:190} INFO - [2026-05-23T16:51:34.892+0000] {dag.py:3239} INFO - Sync 1 DAGs
[2026-05-23T16:51:34.904+0000] {logging_mixin.py:190} INFO - [2026-05-23T16:51:34.904+0000] {dag.py:4180} INFO - Setting next_dagrun for example_task_group_decorator to None, run_after=None
[2026-05-23T16:51:34.921+0000] {processor.py:208} INFO - Processing /home/airflow/.local/lib/python3.12/site-packages/airflow/example_dags/example_task_group_decorator.py took 0.074 seconds
[2026-05-23T16:52:05.864+0000] {processor.py:186} INFO - Started process (PID=446) to work on /home/airflow/.local/lib/python3.12/site-packages/airflow/example_dags/example_task_group_decorator.py
[2026-05-23T16:52:05.865+0000] {processor.py:914} INFO - Processing file /home/airflow/.local/lib/python3.12/site-packages/airflow/example_dags/example_task_group_decorator.py for tasks to queue
[2026-05-23T16:52:05.867+0000] {logging_mixin.py:190} INFO - [2026-05-23T16:52:05.866+0000] {dagbag.py:588} INFO - Filling up the DagBag from /home/airflow/.local/lib/python3.12/site-packages/airflow/example_dags/example_task_group_decorator.py
[2026-05-23T16:52:05.878+0000] {processor.py:925} INFO - DAG(s) 'example_task_group_decorator' retrieved from /home/airflow/.local/lib/python3.12/site-packages/airflow/example_dags/example_task_group_decorator.py
[2026-05-23T16:52:05.898+0000] {logging_mixin.py:190} INFO - [2026-05-23T16:52:05.898+0000] {dag.py:3239} INFO - Sync 1 DAGs
[2026-05-23T16:52:05.909+0000] {logging_mixin.py:190} INFO - [2026-05-23T16:52:05.909+0000] {dag.py:4180} INFO - Setting next_dagrun for example_task_group_decorator to None, run_after=None
[2026-05-23T16:52:05.922+0000] {processor.py:208} INFO - Processing /home/airflow/.local/lib/python3.12/site-packages/airflow/example_dags/example_task_group_decorator.py took 0.062 seconds
[2026-05-23T16:52:37.056+0000] {processor.py:186} INFO - Started process (PID=511) to work on /home/airflow/.local/lib/python3.12/site-packages/airflow/example_dags/example_task_group_decorator.py
[2026-05-23T16:52:37.057+0000] {processor.py:914} INFO - Processing file /home/airflow/.local/lib/python3.12/site-packages/airflow/example_dags/example_task_group_decorator.py for tasks to queue
[2026-05-23T16:52:37.059+0000] {logging_mixin.py:190} INFO - [2026-05-23T16:52:37.059+0000] {dagbag.py:588} INFO - Filling up the DagBag from /home/airflow/.local/lib/python3.12/site-packages/airflow/example_dags/example_task_group_decorator.py
[2026-05-23T16:52:37.073+0000] {processor.py:925} INFO - DAG(s) 'example_task_group_decorator' retrieved from /home/airflow/.local/lib/python3.12/site-packages/airflow/example_dags/example_task_group_decorator.py
[2026-05-23T16:52:37.098+0000] {logging_mixin.py:190} INFO - [2026-05-23T16:52:37.098+0000] {dag.py:3239} INFO - Sync 1 DAGs
[2026-05-23T16:52:37.110+0000] {logging_mixin.py:190} INFO - [2026-05-23T16:52:37.110+0000] {dag.py:4180} INFO - Setting next_dagrun for example_task_group_decorator to None, run_after=None
[2026-05-23T16:52:37.123+0000] {processor.py:208} INFO - Processing /home/airflow/.local/lib/python3.12/site-packages/airflow/example_dags/example_task_group_decorator.py took 0.071 seconds
[2026-05-23T16:53:08.288+0000] {processor.py:186} INFO - Started process (PID=576) to work on /home/airflow/.local/lib/python3.12/site-packages/airflow/example_dags/example_task_group_decorator.py
[2026-05-23T16:53:08.289+0000] {processor.py:914} INFO - Processing file /home/airflow/.local/lib/python3.12/site-packages/airflow/example_dags/example_task_group_decorator.py for tasks to queue
[2026-05-23T16:53:08.291+0000] {logging_mixin.py:190} INFO - [2026-05-23T16:53:08.291+0000] {dagbag.py:588} INFO - Filling up the DagBag from /home/airflow/.local/lib/python3.12/site-packages/airflow/example_dags/example_task_group_decorator.py
[2026-05-23T16:53:08.311+0000] {processor.py:925} INFO - DAG(s) 'example_task_group_decorator' retrieved from /home/airflow/.local/lib/python3.12/site-packages/airflow/example_dags/example_task_group_decorator.py
[2026-05-23T16:53:08.336+0000] {logging_mixin.py:190} INFO - [2026-05-23T16:53:08.335+0000] {dag.py:3239} INFO - Sync 1 DAGs
[2026-05-23T16:53:08.348+0000] {logging_mixin.py:190} INFO - [2026-05-23T16:53:08.348+0000] {dag.py:4180} INFO - Setting next_dagrun for example_task_group_decorator to None, run_after=None
[2026-05-23T16:53:08.362+0000] {processor.py:208} INFO - Processing /home/airflow/.local/lib/python3.12/site-packages/airflow/example_dags/example_task_group_decorator.py took 0.079 seconds
[2026-05-23T16:53:39.442+0000] {processor.py:186} INFO - Started process (PID=641) to work on /home/airflow/.local/lib/python3.12/site-packages/airflow/example_dags/example_task_group_decorator.py
[2026-05-23T16:53:39.443+0000] {processor.py:914} INFO - Processing file /home/airflow/.local/lib/python3.12/site-packages/airflow/example_dags/example_task_group_decorator.py for tasks to queue
[2026-05-23T16:53:39.445+0000] {logging_mixin.py:190} INFO - [2026-05-23T16:53:39.445+0000] {dagbag.py:588} INFO - Filling up the DagBag from /home/airflow/.local/lib/python3.12/site-packages/airflow/example_dags/example_task_group_decorator.py
[2026-05-23T16:53:39.460+0000] {processor.py:925} INFO - DAG(s) 'example_task_group_decorator' retrieved from /home/airflow/.local/lib/python3.12/site-packages/airflow/example_dags/example_task_group_decorator.py
[2026-05-23T16:53:39.483+0000] {logging_mixin.py:190} INFO - [2026-05-23T16:53:39.483+0000] {dag.py:3239} INFO - Sync 1 DAGs
[2026-05-23T16:53:39.498+0000] {logging_mixin.py:190} INFO - [2026-05-23T16:53:39.498+0000] {dag.py:4180} INFO - Setting next_dagrun for example_task_group_decorator to None, run_after=None
[2026-05-23T16:53:39.512+0000] {processor.py:208} INFO - Processing /home/airflow/.local/lib/python3.12/site-packages/airflow/example_dags/example_task_group_decorator.py took 0.076 seconds
[2026-05-23T16:54:10.609+0000] {processor.py:186} INFO - Started process (PID=706) to work on /home/airflow/.local/lib/python3.12/site-packages/airflow/example_dags/example_task_group_decorator.py
[2026-05-23T16:54:10.610+0000] {processor.py:914} INFO - Processing file /home/airflow/.local/lib/python3.12/site-packages/airflow/example_dags/example_task_group_decorator.py for tasks to queue
[2026-05-23T16:54:10.611+0000] {logging_mixin.py:190} INFO - [2026-05-23T16:54:10.611+0000] {dagbag.py:588} INFO - Filling up the DagBag from /home/airflow/.local/lib/python3.12/site-packages/airflow/example_dags/example_task_group_decorator.py
[2026-05-23T16:54:10.623+0000] {processor.py:925} INFO - DAG(s) 'example_task_group_decorator' retrieved from /home/airflow/.local/lib/python3.12/site-packages/airflow/example_dags/example_task_group_decorator.py
[2026-05-23T16:54:10.648+0000] {logging_mixin.py:190} INFO - [2026-05-23T16:54:10.648+0000] {dag.py:3239} INFO - Sync 1 DAGs
[2026-05-23T16:54:10.663+0000] {logging_mixin.py:190} INFO - [2026-05-23T16:54:10.663+0000] {dag.py:4180} INFO - Setting next_dagrun for example_task_group_decorator to None, run_after=None
[2026-05-23T16:54:10.679+0000] {processor.py:208} INFO - Processing /home/airflow/.local/lib/python3.12/site-packages/airflow/example_dags/example_task_group_decorator.py took 0.075 seconds
[2026-05-23T16:54:41.709+0000] {processor.py:186} INFO - Started process (PID=771) to work on /home/airflow/.local/lib/python3.12/site-packages/airflow/example_dags/example_task_group_decorator.py
[2026-05-23T16:54:41.709+0000] {processor.py:914} INFO - Processing file /home/airflow/.local/lib/python3.12/site-packages/airflow/example_dags/example_task_group_decorator.py for tasks to queue
[2026-05-23T16:54:41.711+0000] {logging_mixin.py:190} INFO - [2026-05-23T16:54:41.711+0000] {dagbag.py:588} INFO - Filling up the DagBag from /home/airflow/.local/lib/python3.12/site-packages/airflow/example_dags/example_task_group_decorator.py
[2026-05-23T16:54:41.723+0000] {processor.py:925} INFO - DAG(s) 'example_task_group_decorator' retrieved from /home/airflow/.local/lib/python3.12/site-packages/airflow/example_dags/example_task_group_decorator.py
[2026-05-23T16:54:41.743+0000] {logging_mixin.py:190} INFO - [2026-05-23T16:54:41.743+0000] {dag.py:3239} INFO - Sync 1 DAGs
[2026-05-23T16:54:41.755+0000] {logging_mixin.py:190} INFO - [2026-05-23T16:54:41.755+0000] {dag.py:4180} INFO - Setting next_dagrun for example_task_group_decorator to None, run_after=None
[2026-05-23T16:54:41.771+0000] {processor.py:208} INFO - Processing /home/airflow/.local/lib/python3.12/site-packages/airflow/example_dags/example_task_group_decorator.py took 0.067 seconds
[2026-05-23T16:55:12.941+0000] {processor.py:186} INFO - Started process (PID=836) to work on /home/airflow/.local/lib/python3.12/site-packages/airflow/example_dags/example_task_group_decorator.py
[2026-05-23T16:55:12.942+0000] {processor.py:914} INFO - Processing file /home/airflow/.local/lib/python3.12/site-packages/airflow/example_dags/example_task_group_decorator.py for tasks to queue
[2026-05-23T16:55:12.944+0000] {logging_mixin.py:190} INFO - [2026-05-23T16:55:12.944+0000] {dagbag.py:588} INFO - Filling up the DagBag from /home/airflow/.local/lib/python3.12/site-packages/airflow/example_dags/example_task_group_decorator.py
[2026-05-23T16:55:12.959+0000] {processor.py:925} INFO - DAG(s) 'example_task_group_decorator' retrieved from /home/airflow/.local/lib/python3.12/site-packages/airflow/example_dags/example_task_group_decorator.py
[2026-05-23T16:55:12.981+0000] {logging_mixin.py:190} INFO - [2026-05-23T16:55:12.981+0000] {dag.py:3239} INFO - Sync 1 DAGs
[2026-05-23T16:55:12.993+0000] {logging_mixin.py:190} INFO - [2026-05-23T16:55:12.993+0000] {dag.py:4180} INFO - Setting next_dagrun for example_task_group_decorator to None, run_after=None
[2026-05-23T16:55:13.006+0000] {processor.py:208} INFO - Processing /home/airflow/.local/lib/python3.12/site-packages/airflow/example_dags/example_task_group_decorator.py took 0.069 seconds
[2026-05-23T16:55:44.164+0000] {processor.py:186} INFO - Started process (PID=901) to work on /home/airflow/.local/lib/python3.12/site-packages/airflow/example_dags/example_task_group_decorator.py
[2026-05-23T16:55:44.165+0000] {processor.py:914} INFO - Processing file /home/airflow/.local/lib/python3.12/site-packages/airflow/example_dags/example_task_group_decorator.py for tasks to queue
[2026-05-23T16:55:44.167+0000] {logging_mixin.py:190} INFO - [2026-05-23T16:55:44.166+0000] {dagbag.py:588} INFO - Filling up the DagBag from /home/airflow/.local/lib/python3.12/site-packages/airflow/example_dags/example_task_group_decorator.py
[2026-05-23T16:55:44.179+0000] {processor.py:925} INFO - DAG(s) 'example_task_group_decorator' retrieved from /home/airflow/.local/lib/python3.12/site-packages/airflow/example_dags/example_task_group_decorator.py
[2026-05-23T16:55:44.199+0000] {logging_mixin.py:190} INFO - [2026-05-23T16:55:44.199+0000] {dag.py:3239} INFO - Sync 1 DAGs
[2026-05-23T16:55:44.211+0000] {logging_mixin.py:190} INFO - [2026-05-23T16:55:44.211+0000] {dag.py:4180} INFO - Setting next_dagrun for example_task_group_decorator to None, run_after=None
[2026-05-23T16:55:44.224+0000] {processor.py:208} INFO - Processing /home/airflow/.local/lib/python3.12/site-packages/airflow/example_dags/example_task_group_decorator.py took 0.066 seconds
[2026-05-23T16:56:15.386+0000] {processor.py:186} INFO - Started process (PID=966) to work on /home/airflow/.local/lib/python3.12/site-packages/airflow/example_dags/example_task_group_decorator.py
[2026-05-23T16:56:15.387+0000] {processor.py:914} INFO - Processing file /home/airflow/.local/lib/python3.12/site-packages/airflow/example_dags/example_task_group_decorator.py for tasks to queue
[2026-05-23T16:56:15.388+0000] {logging_mixin.py:190} INFO - [2026-05-23T16:56:15.388+0000] {dagbag.py:588} INFO - Filling up the DagBag from /home/airflow/.local/lib/python3.12/site-packages/airflow/example_dags/example_task_group_decorator.py
[2026-05-23T16:56:15.403+0000] {processor.py:925} INFO - DAG(s) 'example_task_group_decorator' retrieved from /home/airflow/.local/lib/python3.12/site-packages/airflow/example_dags/example_task_group_decorator.py
[2026-05-23T16:56:15.422+0000] {logging_mixin.py:190} INFO - [2026-05-23T16:56:15.422+0000] {dag.py:3239} INFO - Sync 1 DAGs
[2026-05-23T16:56:15.434+0000] {logging_mixin.py:190} INFO - [2026-05-23T16:56:15.434+0000] {dag.py:4180} INFO - Setting next_dagrun for example_task_group_decorator to None, run_after=None
[2026-05-23T16:56:15.449+0000] {processor.py:208} INFO - Processing /home/airflow/.local/lib/python3.12/site-packages/airflow/example_dags/example_task_group_decorator.py took 0.067 seconds
[2026-05-23T16:56:46.608+0000] {processor.py:186} INFO - Started process (PID=1031) to work on /home/airflow/.local/lib/python3.12/site-packages/airflow/example_dags/example_task_group_decorator.py
[2026-05-23T16:56:46.609+0000] {processor.py:914} INFO - Processing file /home/airflow/.local/lib/python3.12/site-packages/airflow/example_dags/example_task_group_decorator.py for tasks to queue
[2026-05-23T16:56:46.610+0000] {logging_mixin.py:190} INFO - [2026-05-23T16:56:46.610+0000] {dagbag.py:588} INFO - Filling up the DagBag from /home/airflow/.local/lib/python3.12/site-packages/airflow/example_dags/example_task_group_decorator.py
[2026-05-23T16:56:46.623+0000] {processor.py:925} INFO - DAG(s) 'example_task_group_decorator' retrieved from /home/airflow/.local/lib/python3.12/site-packages/airflow/example_dags/example_task_group_decorator.py
[2026-05-23T16:56:46.642+0000] {logging_mixin.py:190} INFO - [2026-05-23T16:56:46.642+0000] {dag.py:3239} INFO - Sync 1 DAGs
[2026-05-23T16:56:46.653+0000] {logging_mixin.py:190} INFO - [2026-05-23T16:56:46.653+0000] {dag.py:4180} INFO - Setting next_dagrun for example_task_group_decorator to None, run_after=None
[2026-05-23T16:56:46.666+0000] {processor.py:208} INFO - Processing /home/airflow/.local/lib/python3.12/site-packages/airflow/example_dags/example_task_group_decorator.py took 0.062 seconds
[2026-05-23T16:57:17.674+0000] {processor.py:186} INFO - Started process (PID=1096) to work on /home/airflow/.local/lib/python3.12/site-packages/airflow/example_dags/example_task_group_decorator.py
[2026-05-23T16:57:17.674+0000] {processor.py:914} INFO - Processing file /home/airflow/.local/lib/python3.12/site-packages/airflow/example_dags/example_task_group_decorator.py for tasks to queue
[2026-05-23T16:57:17.676+0000] {logging_mixin.py:190} INFO - [2026-05-23T16:57:17.676+0000] {dagbag.py:588} INFO - Filling up the DagBag from /home/airflow/.local/lib/python3.12/site-packages/airflow/example_dags/example_task_group_decorator.py
[2026-05-23T16:57:17.693+0000] {processor.py:925} INFO - DAG(s) 'example_task_group_decorator' retrieved from /home/airflow/.local/lib/python3.12/site-packages/airflow/example_dags/example_task_group_decorator.py
[2026-05-23T16:57:17.719+0000] {logging_mixin.py:190} INFO - [2026-05-23T16:57:17.719+0000] {dag.py:3239} INFO - Sync 1 DAGs
[2026-05-23T16:57:17.734+0000] {logging_mixin.py:190} INFO - [2026-05-23T16:57:17.734+0000] {dag.py:4180} INFO - Setting next_dagrun for example_task_group_decorator to None, run_after=None
[2026-05-23T16:57:17.749+0000] {processor.py:208} INFO - Processing /home/airflow/.local/lib/python3.12/site-packages/airflow/example_dags/example_task_group_decorator.py took 0.080 seconds
[2026-05-23T16:57:48.966+0000] {processor.py:186} INFO - Started process (PID=1161) to work on /home/airflow/.local/lib/python3.12/site-packages/airflow/example_dags/example_task_group_decorator.py
[2026-05-23T16:57:48.967+0000] {processor.py:914} INFO - Processing file /home/airflow/.local/lib/python3.12/site-packages/airflow/example_dags/example_task_group_decorator.py for tasks to queue
[2026-05-23T16:57:48.968+0000] {logging_mixin.py:190} INFO - [2026-05-23T16:57:48.968+0000] {dagbag.py:588} INFO - Filling up the DagBag from /home/airflow/.local/lib/python3.12/site-packages/airflow/example_dags/example_task_group_decorator.py
[2026-05-23T16:57:48.980+0000] {processor.py:925} INFO - DAG(s) 'example_task_group_decorator' retrieved from /home/airflow/.local/lib/python3.12/site-packages/airflow/example_dags/example_task_group_decorator.py
[2026-05-23T16:57:49.000+0000] {logging_mixin.py:190} INFO - [2026-05-23T16:57:49.000+0000] {dag.py:3239} INFO - Sync 1 DAGs
[2026-05-23T16:57:49.013+0000] {logging_mixin.py:190} INFO - [2026-05-23T16:57:49.012+0000] {dag.py:4180} INFO - Setting next_dagrun for example_task_group_decorator to None, run_after=None
[2026-05-23T16:57:49.026+0000] {processor.py:208} INFO - Processing /home/airflow/.local/lib/python3.12/site-packages/airflow/example_dags/example_task_group_decorator.py took 0.065 seconds
[2026-05-23T16:58:19.968+0000] {processor.py:186} INFO - Started process (PID=1227) to work on /home/airflow/.local/lib/python3.12/site-packages/airflow/example_dags/example_task_group_decorator.py
[2026-05-23T16:58:19.969+0000] {processor.py:914} INFO - Processing file /home/airflow/.local/lib/python3.12/site-packages/airflow/example_dags/example_task_group_decorator.py for tasks to queue
[2026-05-23T16:58:19.971+0000] {logging_mixin.py:190} INFO - [2026-05-23T16:58:19.970+0000] {dagbag.py:588} INFO - Filling up the DagBag from /home/airflow/.local/lib/python3.12/site-packages/airflow/example_dags/example_task_group_decorator.py
[2026-05-23T16:58:19.983+0000] {processor.py:925} INFO - DAG(s) 'example_task_group_decorator' retrieved from /home/airflow/.local/lib/python3.12/site-packages/airflow/example_dags/example_task_group_decorator.py
[2026-05-23T16:58:20.004+0000] {logging_mixin.py:190} INFO - [2026-05-23T16:58:20.004+0000] {dag.py:3239} INFO - Sync 1 DAGs
[2026-05-23T16:58:20.016+0000] {logging_mixin.py:190} INFO - [2026-05-23T16:58:20.016+0000] {dag.py:4180} INFO - Setting next_dagrun for example_task_group_decorator to None, run_after=None
[2026-05-23T16:58:20.029+0000] {processor.py:208} INFO - Processing /home/airflow/.local/lib/python3.12/site-packages/airflow/example_dags/example_task_group_decorator.py took 0.066 seconds
[2026-05-23T16:58:51.302+0000] {processor.py:186} INFO - Started process (PID=1291) to work on /home/airflow/.local/lib/python3.12/site-packages/airflow/example_dags/example_task_group_decorator.py
[2026-05-23T16:58:51.303+0000] {processor.py:914} INFO - Processing file /home/airflow/.local/lib/python3.12/site-packages/airflow/example_dags/example_task_group_decorator.py for tasks to queue
[2026-05-23T16:58:51.304+0000] {logging_mixin.py:190} INFO - [2026-05-23T16:58:51.304+0000] {dagbag.py:588} INFO - Filling up the DagBag from /home/airflow/.local/lib/python3.12/site-packages/airflow/example_dags/example_task_group_decorator.py
[2026-05-23T16:58:51.316+0000] {processor.py:925} INFO - DAG(s) 'example_task_group_decorator' retrieved from /home/airflow/.local/lib/python3.12/site-packages/airflow/example_dags/example_task_group_decorator.py
[2026-05-23T16:58:51.344+0000] {logging_mixin.py:190} INFO - [2026-05-23T16:58:51.343+0000] {dag.py:3239} INFO - Sync 1 DAGs
[2026-05-23T16:58:51.359+0000] {logging_mixin.py:190} INFO - [2026-05-23T16:58:51.359+0000] {dag.py:4180} INFO - Setting next_dagrun for example_task_group_decorator to None, run_after=None
[2026-05-23T16:58:51.373+0000] {processor.py:208} INFO - Processing /home/airflow/.local/lib/python3.12/site-packages/airflow/example_dags/example_task_group_decorator.py took 0.075 seconds
[2026-05-23T16:59:22.067+0000] {processor.py:186} INFO - Started process (PID=1356) to work on /home/airflow/.local/lib/python3.12/site-packages/airflow/example_dags/example_task_group_decorator.py
[2026-05-23T16:59:22.068+0000] {processor.py:914} INFO - Processing file /home/airflow/.local/lib/python3.12/site-packages/airflow/example_dags/example_task_group_decorator.py for tasks to queue
[2026-05-23T16:59:22.070+0000] {logging_mixin.py:190} INFO - [2026-05-23T16:59:22.069+0000] {dagbag.py:588} INFO - Filling up the DagBag from /home/airflow/.local/lib/python3.12/site-packages/airflow/example_dags/example_task_group_decorator.py
[2026-05-23T16:59:22.087+0000] {processor.py:925} INFO - DAG(s) 'example_task_group_decorator' retrieved from /home/airflow/.local/lib/python3.12/site-packages/airflow/example_dags/example_task_group_decorator.py
[2026-05-23T16:59:22.118+0000] {logging_mixin.py:190} INFO - [2026-05-23T16:59:22.117+0000] {dag.py:3239} INFO - Sync 1 DAGs
[2026-05-23T16:59:22.135+0000] {logging_mixin.py:190} INFO - [2026-05-23T16:59:22.135+0000] {dag.py:4180} INFO - Setting next_dagrun for example_task_group_decorator to None, run_after=None
[2026-05-23T16:59:22.152+0000] {processor.py:208} INFO - Processing /home/airflow/.local/lib/python3.12/site-packages/airflow/example_dags/example_task_group_decorator.py took 0.091 seconds
[2026-05-23T16:59:52.780+0000] {processor.py:186} INFO - Started process (PID=1421) to work on /home/airflow/.local/lib/python3.12/site-packages/airflow/example_dags/example_task_group_decorator.py
[2026-05-23T16:59:52.781+0000] {processor.py:914} INFO - Processing file /home/airflow/.local/lib/python3.12/site-packages/airflow/example_dags/example_task_group_decorator.py for tasks to queue
[2026-05-23T16:59:52.782+0000] {logging_mixin.py:190} INFO - [2026-05-23T16:59:52.782+0000] {dagbag.py:588} INFO - Filling up the DagBag from /home/airflow/.local/lib/python3.12/site-packages/airflow/example_dags/example_task_group_decorator.py
[2026-05-23T16:59:52.795+0000] {processor.py:925} INFO - DAG(s) 'example_task_group_decorator' retrieved from /home/airflow/.local/lib/python3.12/site-packages/airflow/example_dags/example_task_group_decorator.py
[2026-05-23T16:59:52.825+0000] {logging_mixin.py:190} INFO - [2026-05-23T16:59:52.825+0000] {dag.py:3239} INFO - Sync 1 DAGs
[2026-05-23T16:59:52.842+0000] {logging_mixin.py:190} INFO - [2026-05-23T16:59:52.842+0000] {dag.py:4180} INFO - Setting next_dagrun for example_task_group_decorator to None, run_after=None
[2026-05-23T16:59:52.860+0000] {processor.py:208} INFO - Processing /home/airflow/.local/lib/python3.12/site-packages/airflow/example_dags/example_task_group_decorator.py took 0.085 seconds
[2026-05-23T17:00:23.274+0000] {processor.py:186} INFO - Started process (PID=1486) to work on /home/airflow/.local/lib/python3.12/site-packages/airflow/example_dags/example_task_group_decorator.py
[2026-05-23T17:00:23.275+0000] {processor.py:914} INFO - Processing file /home/airflow/.local/lib/python3.12/site-packages/airflow/example_dags/example_task_group_decorator.py for tasks to queue
[2026-05-23T17:00:23.277+0000] {logging_mixin.py:190} INFO - [2026-05-23T17:00:23.276+0000] {dagbag.py:588} INFO - Filling up the DagBag from /home/airflow/.local/lib/python3.12/site-packages/airflow/example_dags/example_task_group_decorator.py
[2026-05-23T17:00:23.290+0000] {processor.py:925} INFO - DAG(s) 'example_task_group_decorator' retrieved from /home/airflow/.local/lib/python3.12/site-packages/airflow/example_dags/example_task_group_decorator.py
[2026-05-23T17:00:23.315+0000] {logging_mixin.py:190} INFO - [2026-05-23T17:00:23.314+0000] {dag.py:3239} INFO - Sync 1 DAGs
[2026-05-23T17:00:23.329+0000] {logging_mixin.py:190} INFO - [2026-05-23T17:00:23.329+0000] {dag.py:4180} INFO - Setting next_dagrun for example_task_group_decorator to None, run_after=None
[2026-05-23T17:00:23.344+0000] {processor.py:208} INFO - Processing /home/airflow/.local/lib/python3.12/site-packages/airflow/example_dags/example_task_group_decorator.py took 0.074 seconds
[2026-05-23T17:00:54.367+0000] {processor.py:186} INFO - Started process (PID=1551) to work on /home/airflow/.local/lib/python3.12/site-packages/airflow/example_dags/example_task_group_decorator.py
[2026-05-23T17:00:54.368+0000] {processor.py:914} INFO - Processing file /home/airflow/.local/lib/python3.12/site-packages/airflow/example_dags/example_task_group_decorator.py for tasks to queue
[2026-05-23T17:00:54.369+0000] {logging_mixin.py:190} INFO - [2026-05-23T17:00:54.369+0000] {dagbag.py:588} INFO - Filling up the DagBag from /home/airflow/.local/lib/python3.12/site-packages/airflow/example_dags/example_task_group_decorator.py
[2026-05-23T17:00:54.382+0000] {processor.py:925} INFO - DAG(s) 'example_task_group_decorator' retrieved from /home/airflow/.local/lib/python3.12/site-packages/airflow/example_dags/example_task_group_decorator.py
[2026-05-23T17:00:54.406+0000] {logging_mixin.py:190} INFO - [2026-05-23T17:00:54.406+0000] {dag.py:3239} INFO - Sync 1 DAGs
[2026-05-23T17:00:54.418+0000] {logging_mixin.py:190} INFO - [2026-05-23T17:00:54.418+0000] {dag.py:4180} INFO - Setting next_dagrun for example_task_group_decorator to None, run_after=None
[2026-05-23T17:00:54.431+0000] {processor.py:208} INFO - Processing /home/airflow/.local/lib/python3.12/site-packages/airflow/example_dags/example_task_group_decorator.py took 0.069 seconds
[2026-05-23T17:01:25.490+0000] {processor.py:186} INFO - Started process (PID=1616) to work on /home/airflow/.local/lib/python3.12/site-packages/airflow/example_dags/example_task_group_decorator.py
[2026-05-23T17:01:25.490+0000] {processor.py:914} INFO - Processing file /home/airflow/.local/lib/python3.12/site-packages/airflow/example_dags/example_task_group_decorator.py for tasks to queue
[2026-05-23T17:01:25.492+0000] {logging_mixin.py:190} INFO - [2026-05-23T17:01:25.492+0000] {dagbag.py:588} INFO - Filling up the DagBag from /home/airflow/.local/lib/python3.12/site-packages/airflow/example_dags/example_task_group_decorator.py
[2026-05-23T17:01:25.504+0000] {processor.py:925} INFO - DAG(s) 'example_task_group_decorator' retrieved from /home/airflow/.local/lib/python3.12/site-packages/airflow/example_dags/example_task_group_decorator.py
[2026-05-23T17:01:25.525+0000] {logging_mixin.py:190} INFO - [2026-05-23T17:01:25.525+0000] {dag.py:3239} INFO - Sync 1 DAGs
[2026-05-23T17:01:25.537+0000] {logging_mixin.py:190} INFO - [2026-05-23T17:01:25.537+0000] {dag.py:4180} INFO - Setting next_dagrun for example_task_group_decorator to None, run_after=None
[2026-05-23T17:01:25.552+0000] {processor.py:208} INFO - Processing /home/airflow/.local/lib/python3.12/site-packages/airflow/example_dags/example_task_group_decorator.py took 0.067 seconds
[2026-05-23T17:01:56.802+0000] {processor.py:186} INFO - Started process (PID=1681) to work on /home/airflow/.local/lib/python3.12/site-packages/airflow/example_dags/example_task_group_decorator.py
[2026-05-23T17:01:56.803+0000] {processor.py:914} INFO - Processing file /home/airflow/.local/lib/python3.12/site-packages/airflow/example_dags/example_task_group_decorator.py for tasks to queue
[2026-05-23T17:01:56.804+0000] {logging_mixin.py:190} INFO - [2026-05-23T17:01:56.804+0000] {dagbag.py:588} INFO - Filling up the DagBag from /home/airflow/.local/lib/python3.12/site-packages/airflow/example_dags/example_task_group_decorator.py
[2026-05-23T17:01:56.820+0000] {processor.py:925} INFO - DAG(s) 'example_task_group_decorator' retrieved from /home/airflow/.local/lib/python3.12/site-packages/airflow/example_dags/example_task_group_decorator.py
[2026-05-23T17:01:56.840+0000] {logging_mixin.py:190} INFO - [2026-05-23T17:01:56.840+0000] {dag.py:3239} INFO - Sync 1 DAGs
[2026-05-23T17:01:56.852+0000] {logging_mixin.py:190} INFO - [2026-05-23T17:01:56.852+0000] {dag.py:4180} INFO - Setting next_dagrun for example_task_group_decorator to None, run_after=None
[2026-05-23T17:01:56.867+0000] {processor.py:208} INFO - Processing /home/airflow/.local/lib/python3.12/site-packages/airflow/example_dags/example_task_group_decorator.py took 0.069 seconds
[2026-05-23T17:02:27.572+0000] {processor.py:186} INFO - Started process (PID=1746) to work on /home/airflow/.local/lib/python3.12/site-packages/airflow/example_dags/example_task_group_decorator.py
[2026-05-23T17:02:27.573+0000] {processor.py:914} INFO - Processing file /home/airflow/.local/lib/python3.12/site-packages/airflow/example_dags/example_task_group_decorator.py for tasks to queue
[2026-05-23T17:02:27.575+0000] {logging_mixin.py:190} INFO - [2026-05-23T17:02:27.574+0000] {dagbag.py:588} INFO - Filling up the DagBag from /home/airflow/.local/lib/python3.12/site-packages/airflow/example_dags/example_task_group_decorator.py
[2026-05-23T17:02:27.588+0000] {processor.py:925} INFO - DAG(s) 'example_task_group_decorator' retrieved from /home/airflow/.local/lib/python3.12/site-packages/airflow/example_dags/example_task_group_decorator.py
[2026-05-23T17:02:27.614+0000] {logging_mixin.py:190} INFO - [2026-05-23T17:02:27.614+0000] {dag.py:3239} INFO - Sync 1 DAGs
[2026-05-23T17:02:27.630+0000] {logging_mixin.py:190} INFO - [2026-05-23T17:02:27.630+0000] {dag.py:4180} INFO - Setting next_dagrun for example_task_group_decorator to None, run_after=None
[2026-05-23T17:02:27.647+0000] {processor.py:208} INFO - Processing /home/airflow/.local/lib/python3.12/site-packages/airflow/example_dags/example_task_group_decorator.py took 0.079 seconds
[2026-05-23T17:02:58.271+0000] {processor.py:186} INFO - Started process (PID=1811) to work on /home/airflow/.local/lib/python3.12/site-packages/airflow/example_dags/example_task_group_decorator.py
[2026-05-23T17:02:58.272+0000] {processor.py:914} INFO - Processing file /home/airflow/.local/lib/python3.12/site-packages/airflow/example_dags/example_task_group_decorator.py for tasks to queue
[2026-05-23T17:02:58.273+0000] {logging_mixin.py:190} INFO - [2026-05-23T17:02:58.273+0000] {dagbag.py:588} INFO - Filling up the DagBag from /home/airflow/.local/lib/python3.12/site-packages/airflow/example_dags/example_task_group_decorator.py
[2026-05-23T17:02:58.286+0000] {processor.py:925} INFO - DAG(s) 'example_task_group_decorator' retrieved from /home/airflow/.local/lib/python3.12/site-packages/airflow/example_dags/example_task_group_decorator.py
[2026-05-23T17:02:58.308+0000] {logging_mixin.py:190} INFO - [2026-05-23T17:02:58.308+0000] {dag.py:3239} INFO - Sync 1 DAGs
[2026-05-23T17:02:58.324+0000] {logging_mixin.py:190} INFO - [2026-05-23T17:02:58.324+0000] {dag.py:4180} INFO - Setting next_dagrun for example_task_group_decorator to None, run_after=None
[2026-05-23T17:02:58.343+0000] {processor.py:208} INFO - Processing /home/airflow/.local/lib/python3.12/site-packages/airflow/example_dags/example_task_group_decorator.py took 0.076 seconds
[2026-05-23T17:03:29.453+0000] {processor.py:186} INFO - Started process (PID=1883) to work on /home/airflow/.local/lib/python3.12/site-packages/airflow/example_dags/example_task_group_decorator.py
[2026-05-23T17:03:29.454+0000] {processor.py:914} INFO - Processing file /home/airflow/.local/lib/python3.12/site-packages/airflow/example_dags/example_task_group_decorator.py for tasks to queue
[2026-05-23T17:03:29.455+0000] {logging_mixin.py:190} INFO - [2026-05-23T17:03:29.455+0000] {dagbag.py:588} INFO - Filling up the DagBag from /home/airflow/.local/lib/python3.12/site-packages/airflow/example_dags/example_task_group_decorator.py
[2026-05-23T17:03:29.469+0000] {processor.py:925} INFO - DAG(s) 'example_task_group_decorator' retrieved from /home/airflow/.local/lib/python3.12/site-packages/airflow/example_dags/example_task_group_decorator.py
[2026-05-23T17:03:29.490+0000] {logging_mixin.py:190} INFO - [2026-05-23T17:03:29.490+0000] {dag.py:3239} INFO - Sync 1 DAGs
[2026-05-23T17:03:29.503+0000] {logging_mixin.py:190} INFO - [2026-05-23T17:03:29.503+0000] {dag.py:4180} INFO - Setting next_dagrun for example_task_group_decorator to None, run_after=None
[2026-05-23T17:03:29.518+0000] {processor.py:208} INFO - Processing /home/airflow/.local/lib/python3.12/site-packages/airflow/example_dags/example_task_group_decorator.py took 0.070 seconds
[2026-05-23T17:04:00.876+0000] {processor.py:186} INFO - Started process (PID=1948) to work on /home/airflow/.local/lib/python3.12/site-packages/airflow/example_dags/example_task_group_decorator.py
[2026-05-23T17:04:00.877+0000] {processor.py:914} INFO - Processing file /home/airflow/.local/lib/python3.12/site-packages/airflow/example_dags/example_task_group_decorator.py for tasks to queue
[2026-05-23T17:04:00.879+0000] {logging_mixin.py:190} INFO - [2026-05-23T17:04:00.878+0000] {dagbag.py:588} INFO - Filling up the DagBag from /home/airflow/.local/lib/python3.12/site-packages/airflow/example_dags/example_task_group_decorator.py
[2026-05-23T17:04:00.893+0000] {processor.py:925} INFO - DAG(s) 'example_task_group_decorator' retrieved from /home/airflow/.local/lib/python3.12/site-packages/airflow/example_dags/example_task_group_decorator.py
[2026-05-23T17:04:00.912+0000] {logging_mixin.py:190} INFO - [2026-05-23T17:04:00.912+0000] {dag.py:3239} INFO - Sync 1 DAGs
[2026-05-23T17:04:00.923+0000] {logging_mixin.py:190} INFO - [2026-05-23T17:04:00.923+0000] {dag.py:4180} INFO - Setting next_dagrun for example_task_group_decorator to None, run_after=None
[2026-05-23T17:04:00.936+0000] {processor.py:208} INFO - Processing /home/airflow/.local/lib/python3.12/site-packages/airflow/example_dags/example_task_group_decorator.py took 0.065 seconds
[2026-05-23T17:04:32.220+0000] {processor.py:186} INFO - Started process (PID=2013) to work on /home/airflow/.local/lib/python3.12/site-packages/airflow/example_dags/example_task_group_decorator.py
[2026-05-23T17:04:32.220+0000] {processor.py:914} INFO - Processing file /home/airflow/.local/lib/python3.12/site-packages/airflow/example_dags/example_task_group_decorator.py for tasks to queue
[2026-05-23T17:04:32.222+0000] {logging_mixin.py:190} INFO - [2026-05-23T17:04:32.222+0000] {dagbag.py:588} INFO - Filling up the DagBag from /home/airflow/.local/lib/python3.12/site-packages/airflow/example_dags/example_task_group_decorator.py
[2026-05-23T17:04:32.235+0000] {processor.py:925} INFO - DAG(s) 'example_task_group_decorator' retrieved from /home/airflow/.local/lib/python3.12/site-packages/airflow/example_dags/example_task_group_decorator.py
[2026-05-23T17:04:32.255+0000] {logging_mixin.py:190} INFO - [2026-05-23T17:04:32.255+0000] {dag.py:3239} INFO - Sync 1 DAGs
[2026-05-23T17:04:32.267+0000] {logging_mixin.py:190} INFO - [2026-05-23T17:04:32.267+0000] {dag.py:4180} INFO - Setting next_dagrun for example_task_group_decorator to None, run_after=None
[2026-05-23T17:04:32.282+0000] {processor.py:208} INFO - Processing /home/airflow/.local/lib/python3.12/site-packages/airflow/example_dags/example_task_group_decorator.py took 0.068 seconds
[2026-05-23T17:05:03.710+0000] {processor.py:186} INFO - Started process (PID=2079) to work on /home/airflow/.local/lib/python3.12/site-packages/airflow/example_dags/example_task_group_decorator.py
[2026-05-23T17:05:03.711+0000] {processor.py:914} INFO - Processing file /home/airflow/.local/lib/python3.12/site-packages/airflow/example_dags/example_task_group_decorator.py for tasks to queue
[2026-05-23T17:05:03.713+0000] {logging_mixin.py:190} INFO - [2026-05-23T17:05:03.713+0000] {dagbag.py:588} INFO - Filling up the DagBag from /home/airflow/.local/lib/python3.12/site-packages/airflow/example_dags/example_task_group_decorator.py
[2026-05-23T17:05:03.725+0000] {processor.py:925} INFO - DAG(s) 'example_task_group_decorator' retrieved from /home/airflow/.local/lib/python3.12/site-packages/airflow/example_dags/example_task_group_decorator.py
[2026-05-23T17:05:03.745+0000] {logging_mixin.py:190} INFO - [2026-05-23T17:05:03.745+0000] {dag.py:3239} INFO - Sync 1 DAGs
[2026-05-23T17:05:03.757+0000] {logging_mixin.py:190} INFO - [2026-05-23T17:05:03.757+0000] {dag.py:4180} INFO - Setting next_dagrun for example_task_group_decorator to None, run_after=None
[2026-05-23T17:05:03.770+0000] {processor.py:208} INFO - Processing /home/airflow/.local/lib/python3.12/site-packages/airflow/example_dags/example_task_group_decorator.py took 0.064 seconds
[2026-05-23T17:05:34.876+0000] {processor.py:186} INFO - Started process (PID=2144) to work on /home/airflow/.local/lib/python3.12/site-packages/airflow/example_dags/example_task_group_decorator.py
[2026-05-23T17:05:34.877+0000] {processor.py:914} INFO - Processing file /home/airflow/.local/lib/python3.12/site-packages/airflow/example_dags/example_task_group_decorator.py for tasks to queue
[2026-05-23T17:05:34.879+0000] {logging_mixin.py:190} INFO - [2026-05-23T17:05:34.878+0000] {dagbag.py:588} INFO - Filling up the DagBag from /home/airflow/.local/lib/python3.12/site-packages/airflow/example_dags/example_task_group_decorator.py
[2026-05-23T17:05:34.895+0000] {processor.py:925} INFO - DAG(s) 'example_task_group_decorator' retrieved from /home/airflow/.local/lib/python3.12/site-packages/airflow/example_dags/example_task_group_decorator.py
[2026-05-23T17:05:34.915+0000] {logging_mixin.py:190} INFO - [2026-05-23T17:05:34.914+0000] {dag.py:3239} INFO - Sync 1 DAGs
[2026-05-23T17:05:34.926+0000] {logging_mixin.py:190} INFO - [2026-05-23T17:05:34.926+0000] {dag.py:4180} INFO - Setting next_dagrun for example_task_group_decorator to None, run_after=None
[2026-05-23T17:05:34.939+0000] {processor.py:208} INFO - Processing /home/airflow/.local/lib/python3.12/site-packages/airflow/example_dags/example_task_group_decorator.py took 0.067 seconds
[2026-05-23T17:06:06.022+0000] {processor.py:186} INFO - Started process (PID=2209) to work on /home/airflow/.local/lib/python3.12/site-packages/airflow/example_dags/example_task_group_decorator.py
[2026-05-23T17:06:06.023+0000] {processor.py:914} INFO - Processing file /home/airflow/.local/lib/python3.12/site-packages/airflow/example_dags/example_task_group_decorator.py for tasks to queue
[2026-05-23T17:06:06.025+0000] {logging_mixin.py:190} INFO - [2026-05-23T17:06:06.025+0000] {dagbag.py:588} INFO - Filling up the DagBag from /home/airflow/.local/lib/python3.12/site-packages/airflow/example_dags/example_task_group_decorator.py
[2026-05-23T17:06:06.038+0000] {processor.py:925} INFO - DAG(s) 'example_task_group_decorator' retrieved from /home/airflow/.local/lib/python3.12/site-packages/airflow/example_dags/example_task_group_decorator.py
[2026-05-23T17:06:06.058+0000] {logging_mixin.py:190} INFO - [2026-05-23T17:06:06.058+0000] {dag.py:3239} INFO - Sync 1 DAGs
[2026-05-23T17:06:06.069+0000] {logging_mixin.py:190} INFO - [2026-05-23T17:06:06.069+0000] {dag.py:4180} INFO - Setting next_dagrun for example_task_group_decorator to None, run_after=None
[2026-05-23T17:06:06.083+0000] {processor.py:208} INFO - Processing /home/airflow/.local/lib/python3.12/site-packages/airflow/example_dags/example_task_group_decorator.py took 0.067 seconds
[2026-05-23T17:06:37.115+0000] {processor.py:186} INFO - Started process (PID=2274) to work on /home/airflow/.local/lib/python3.12/site-packages/airflow/example_dags/example_task_group_decorator.py
[2026-05-23T17:06:37.116+0000] {processor.py:914} INFO - Processing file /home/airflow/.local/lib/python3.12/site-packages/airflow/example_dags/example_task_group_decorator.py for tasks to queue
[2026-05-23T17:06:37.117+0000] {logging_mixin.py:190} INFO - [2026-05-23T17:06:37.117+0000] {dagbag.py:588} INFO - Filling up the DagBag from /home/airflow/.local/lib/python3.12/site-packages/airflow/example_dags/example_task_group_decorator.py
[2026-05-23T17:06:37.129+0000] {processor.py:925} INFO - DAG(s) 'example_task_group_decorator' retrieved from /home/airflow/.local/lib/python3.12/site-packages/airflow/example_dags/example_task_group_decorator.py
[2026-05-23T17:06:37.148+0000] {logging_mixin.py:190} INFO - [2026-05-23T17:06:37.148+0000] {dag.py:3239} INFO - Sync 1 DAGs
[2026-05-23T17:06:37.163+0000] {logging_mixin.py:190} INFO - [2026-05-23T17:06:37.163+0000] {dag.py:4180} INFO - Setting next_dagrun for example_task_group_decorator to None, run_after=None
[2026-05-23T17:06:37.177+0000] {processor.py:208} INFO - Processing /home/airflow/.local/lib/python3.12/site-packages/airflow/example_dags/example_task_group_decorator.py took 0.066 seconds
[2026-05-23T17:07:08.398+0000] {processor.py:186} INFO - Started process (PID=2339) to work on /home/airflow/.local/lib/python3.12/site-packages/airflow/example_dags/example_task_group_decorator.py
[2026-05-23T17:07:08.399+0000] {processor.py:914} INFO - Processing file /home/airflow/.local/lib/python3.12/site-packages/airflow/example_dags/example_task_group_decorator.py for tasks to queue
[2026-05-23T17:07:08.400+0000] {logging_mixin.py:190} INFO - [2026-05-23T17:07:08.400+0000] {dagbag.py:588} INFO - Filling up the DagBag from /home/airflow/.local/lib/python3.12/site-packages/airflow/example_dags/example_task_group_decorator.py
[2026-05-23T17:07:08.414+0000] {processor.py:925} INFO - DAG(s) 'example_task_group_decorator' retrieved from /home/airflow/.local/lib/python3.12/site-packages/airflow/example_dags/example_task_group_decorator.py
[2026-05-23T17:07:08.434+0000] {logging_mixin.py:190} INFO - [2026-05-23T17:07:08.434+0000] {dag.py:3239} INFO - Sync 1 DAGs
[2026-05-23T17:07:08.446+0000] {logging_mixin.py:190} INFO - [2026-05-23T17:07:08.446+0000] {dag.py:4180} INFO - Setting next_dagrun for example_task_group_decorator to None, run_after=None
[2026-05-23T17:07:08.461+0000] {processor.py:208} INFO - Processing /home/airflow/.local/lib/python3.12/site-packages/airflow/example_dags/example_task_group_decorator.py took 0.068 seconds
[2026-05-23T17:07:39.070+0000] {processor.py:186} INFO - Started process (PID=2404) to work on /home/airflow/.local/lib/python3.12/site-packages/airflow/example_dags/example_task_group_decorator.py
[2026-05-23T17:07:39.071+0000] {processor.py:914} INFO - Processing file /home/airflow/.local/lib/python3.12/site-packages/airflow/example_dags/example_task_group_decorator.py for tasks to queue
[2026-05-23T17:07:39.073+0000] {logging_mixin.py:190} INFO - [2026-05-23T17:07:39.073+0000] {dagbag.py:588} INFO - Filling up the DagBag from /home/airflow/.local/lib/python3.12/site-packages/airflow/example_dags/example_task_group_decorator.py
[2026-05-23T17:07:39.091+0000] {processor.py:925} INFO - DAG(s) 'example_task_group_decorator' retrieved from /home/airflow/.local/lib/python3.12/site-packages/airflow/example_dags/example_task_group_decorator.py
[2026-05-23T17:07:39.114+0000] {logging_mixin.py:190} INFO - [2026-05-23T17:07:39.114+0000] {dag.py:3239} INFO - Sync 1 DAGs
[2026-05-23T17:07:39.127+0000] {logging_mixin.py:190} INFO - [2026-05-23T17:07:39.127+0000] {dag.py:4180} INFO - Setting next_dagrun for example_task_group_decorator to None, run_after=None
[2026-05-23T17:07:39.141+0000] {processor.py:208} INFO - Processing /home/airflow/.local/lib/python3.12/site-packages/airflow/example_dags/example_task_group_decorator.py took 0.077 seconds
[2026-05-23T17:08:10.247+0000] {processor.py:186} INFO - Started process (PID=2469) to work on /home/airflow/.local/lib/python3.12/site-packages/airflow/example_dags/example_task_group_decorator.py
[2026-05-23T17:08:10.247+0000] {processor.py:914} INFO - Processing file /home/airflow/.local/lib/python3.12/site-packages/airflow/example_dags/example_task_group_decorator.py for tasks to queue
[2026-05-23T17:08:10.249+0000] {logging_mixin.py:190} INFO - [2026-05-23T17:08:10.249+0000] {dagbag.py:588} INFO - Filling up the DagBag from /home/airflow/.local/lib/python3.12/site-packages/airflow/example_dags/example_task_group_decorator.py
[2026-05-23T17:08:10.261+0000] {processor.py:925} INFO - DAG(s) 'example_task_group_decorator' retrieved from /home/airflow/.local/lib/python3.12/site-packages/airflow/example_dags/example_task_group_decorator.py
[2026-05-23T17:08:10.281+0000] {logging_mixin.py:190} INFO - [2026-05-23T17:08:10.281+0000] {dag.py:3239} INFO - Sync 1 DAGs
[2026-05-23T17:08:10.295+0000] {logging_mixin.py:190} INFO - [2026-05-23T17:08:10.295+0000] {dag.py:4180} INFO - Setting next_dagrun for example_task_group_decorator to None, run_after=None
[2026-05-23T17:08:10.308+0000] {processor.py:208} INFO - Processing /home/airflow/.local/lib/python3.12/site-packages/airflow/example_dags/example_task_group_decorator.py took 0.066 seconds
[2026-05-23T17:08:41.052+0000] {processor.py:186} INFO - Started process (PID=2534) to work on /home/airflow/.local/lib/python3.12/site-packages/airflow/example_dags/example_task_group_decorator.py
[2026-05-23T17:08:41.052+0000] {processor.py:914} INFO - Processing file /home/airflow/.local/lib/python3.12/site-packages/airflow/example_dags/example_task_group_decorator.py for tasks to queue
[2026-05-23T17:08:41.054+0000] {logging_mixin.py:190} INFO - [2026-05-23T17:08:41.054+0000] {dagbag.py:588} INFO - Filling up the DagBag from /home/airflow/.local/lib/python3.12/site-packages/airflow/example_dags/example_task_group_decorator.py
[2026-05-23T17:08:41.073+0000] {processor.py:925} INFO - DAG(s) 'example_task_group_decorator' retrieved from /home/airflow/.local/lib/python3.12/site-packages/airflow/example_dags/example_task_group_decorator.py
[2026-05-23T17:08:41.095+0000] {logging_mixin.py:190} INFO - [2026-05-23T17:08:41.094+0000] {dag.py:3239} INFO - Sync 1 DAGs
[2026-05-23T17:08:41.108+0000] {logging_mixin.py:190} INFO - [2026-05-23T17:08:41.108+0000] {dag.py:4180} INFO - Setting next_dagrun for example_task_group_decorator to None, run_after=None
[2026-05-23T17:08:41.124+0000] {processor.py:208} INFO - Processing /home/airflow/.local/lib/python3.12/site-packages/airflow/example_dags/example_task_group_decorator.py took 0.078 seconds
[2026-05-23T17:09:12.680+0000] {processor.py:186} INFO - Started process (PID=2599) to work on /home/airflow/.local/lib/python3.12/site-packages/airflow/example_dags/example_task_group_decorator.py
[2026-05-23T17:09:12.681+0000] {processor.py:914} INFO - Processing file /home/airflow/.local/lib/python3.12/site-packages/airflow/example_dags/example_task_group_decorator.py for tasks to queue
[2026-05-23T17:09:12.682+0000] {logging_mixin.py:190} INFO - [2026-05-23T17:09:12.682+0000] {dagbag.py:588} INFO - Filling up the DagBag from /home/airflow/.local/lib/python3.12/site-packages/airflow/example_dags/example_task_group_decorator.py
[2026-05-23T17:09:12.695+0000] {processor.py:925} INFO - DAG(s) 'example_task_group_decorator' retrieved from /home/airflow/.local/lib/python3.12/site-packages/airflow/example_dags/example_task_group_decorator.py
[2026-05-23T17:09:12.720+0000] {logging_mixin.py:190} INFO - [2026-05-23T17:09:12.720+0000] {dag.py:3239} INFO - Sync 1 DAGs
[2026-05-23T17:09:12.733+0000] {logging_mixin.py:190} INFO - [2026-05-23T17:09:12.732+0000] {dag.py:4180} INFO - Setting next_dagrun for example_task_group_decorator to None, run_after=None
[2026-05-23T17:09:12.746+0000] {processor.py:208} INFO - Processing /home/airflow/.local/lib/python3.12/site-packages/airflow/example_dags/example_task_group_decorator.py took 0.071 seconds
[2026-05-23T17:09:44.848+0000] {processor.py:186} INFO - Started process (PID=2664) to work on /home/airflow/.local/lib/python3.12/site-packages/airflow/example_dags/example_task_group_decorator.py
[2026-05-23T17:09:44.848+0000] {processor.py:914} INFO - Processing file /home/airflow/.local/lib/python3.12/site-packages/airflow/example_dags/example_task_group_decorator.py for tasks to queue
[2026-05-23T17:09:44.850+0000] {logging_mixin.py:190} INFO - [2026-05-23T17:09:44.850+0000] {dagbag.py:588} INFO - Filling up the DagBag from /home/airflow/.local/lib/python3.12/site-packages/airflow/example_dags/example_task_group_decorator.py
[2026-05-23T17:09:44.863+0000] {processor.py:925} INFO - DAG(s) 'example_task_group_decorator' retrieved from /home/airflow/.local/lib/python3.12/site-packages/airflow/example_dags/example_task_group_decorator.py
[2026-05-23T17:09:44.885+0000] {logging_mixin.py:190} INFO - [2026-05-23T17:09:44.884+0000] {dag.py:3239} INFO - Sync 1 DAGs
[2026-05-23T17:09:44.897+0000] {logging_mixin.py:190} INFO - [2026-05-23T17:09:44.897+0000] {dag.py:4180} INFO - Setting next_dagrun for example_task_group_decorator to None, run_after=None
[2026-05-23T17:09:44.912+0000] {processor.py:208} INFO - Processing /home/airflow/.local/lib/python3.12/site-packages/airflow/example_dags/example_task_group_decorator.py took 0.069 seconds
[2026-05-23T17:10:16.290+0000] {processor.py:186} INFO - Started process (PID=2730) to work on /home/airflow/.local/lib/python3.12/site-packages/airflow/example_dags/example_task_group_decorator.py
[2026-05-23T17:10:16.290+0000] {processor.py:914} INFO - Processing file /home/airflow/.local/lib/python3.12/site-packages/airflow/example_dags/example_task_group_decorator.py for tasks to queue
[2026-05-23T17:10:16.292+0000] {logging_mixin.py:190} INFO - [2026-05-23T17:10:16.292+0000] {dagbag.py:588} INFO - Filling up the DagBag from /home/airflow/.local/lib/python3.12/site-packages/airflow/example_dags/example_task_group_decorator.py
[2026-05-23T17:10:16.310+0000] {processor.py:925} INFO - DAG(s) 'example_task_group_decorator' retrieved from /home/airflow/.local/lib/python3.12/site-packages/airflow/example_dags/example_task_group_decorator.py
[2026-05-23T17:10:16.340+0000] {logging_mixin.py:190} INFO - [2026-05-23T17:10:16.340+0000] {dag.py:3239} INFO - Sync 1 DAGs
[2026-05-23T17:10:16.358+0000] {logging_mixin.py:190} INFO - [2026-05-23T17:10:16.358+0000] {dag.py:4180} INFO - Setting next_dagrun for example_task_group_decorator to None, run_after=None
[2026-05-23T17:10:16.377+0000] {processor.py:208} INFO - Processing /home/airflow/.local/lib/python3.12/site-packages/airflow/example_dags/example_task_group_decorator.py took 0.093 seconds
[2026-05-23T17:10:47.233+0000] {processor.py:186} INFO - Started process (PID=2795) to work on /home/airflow/.local/lib/python3.12/site-packages/airflow/example_dags/example_task_group_decorator.py
[2026-05-23T17:10:47.234+0000] {processor.py:914} INFO - Processing file /home/airflow/.local/lib/python3.12/site-packages/airflow/example_dags/example_task_group_decorator.py for tasks to queue
[2026-05-23T17:10:47.235+0000] {logging_mixin.py:190} INFO - [2026-05-23T17:10:47.235+0000] {dagbag.py:588} INFO - Filling up the DagBag from /home/airflow/.local/lib/python3.12/site-packages/airflow/example_dags/example_task_group_decorator.py
[2026-05-23T17:10:47.247+0000] {processor.py:925} INFO - DAG(s) 'example_task_group_decorator' retrieved from /home/airflow/.local/lib/python3.12/site-packages/airflow/example_dags/example_task_group_decorator.py
[2026-05-23T17:10:47.267+0000] {logging_mixin.py:190} INFO - [2026-05-23T17:10:47.266+0000] {dag.py:3239} INFO - Sync 1 DAGs
[2026-05-23T17:10:47.278+0000] {logging_mixin.py:190} INFO - [2026-05-23T17:10:47.278+0000] {dag.py:4180} INFO - Setting next_dagrun for example_task_group_decorator to None, run_after=None
[2026-05-23T17:10:47.291+0000] {processor.py:208} INFO - Processing /home/airflow/.local/lib/python3.12/site-packages/airflow/example_dags/example_task_group_decorator.py took 0.063 seconds
[2026-05-23T17:11:17.372+0000] {processor.py:186} INFO - Started process (PID=2859) to work on /home/airflow/.local/lib/python3.12/site-packages/airflow/example_dags/example_task_group_decorator.py
[2026-05-23T17:11:17.373+0000] {processor.py:914} INFO - Processing file /home/airflow/.local/lib/python3.12/site-packages/airflow/example_dags/example_task_group_decorator.py for tasks to queue
[2026-05-23T17:11:17.375+0000] {logging_mixin.py:190} INFO - [2026-05-23T17:11:17.375+0000] {dagbag.py:588} INFO - Filling up the DagBag from /home/airflow/.local/lib/python3.12/site-packages/airflow/example_dags/example_task_group_decorator.py
[2026-05-23T17:11:17.392+0000] {processor.py:925} INFO - DAG(s) 'example_task_group_decorator' retrieved from /home/airflow/.local/lib/python3.12/site-packages/airflow/example_dags/example_task_group_decorator.py
[2026-05-23T17:11:17.419+0000] {logging_mixin.py:190} INFO - [2026-05-23T17:11:17.419+0000] {dag.py:3239} INFO - Sync 1 DAGs
[2026-05-23T17:11:17.436+0000] {logging_mixin.py:190} INFO - [2026-05-23T17:11:17.436+0000] {dag.py:4180} INFO - Setting next_dagrun for example_task_group_decorator to None, run_after=None
[2026-05-23T17:11:17.456+0000] {processor.py:208} INFO - Processing /home/airflow/.local/lib/python3.12/site-packages/airflow/example_dags/example_task_group_decorator.py took 0.088 seconds
[2026-05-23T17:11:48.662+0000] {processor.py:186} INFO - Started process (PID=2924) to work on /home/airflow/.local/lib/python3.12/site-packages/airflow/example_dags/example_task_group_decorator.py
[2026-05-23T17:11:48.663+0000] {processor.py:914} INFO - Processing file /home/airflow/.local/lib/python3.12/site-packages/airflow/example_dags/example_task_group_decorator.py for tasks to queue
[2026-05-23T17:11:48.664+0000] {logging_mixin.py:190} INFO - [2026-05-23T17:11:48.664+0000] {dagbag.py:588} INFO - Filling up the DagBag from /home/airflow/.local/lib/python3.12/site-packages/airflow/example_dags/example_task_group_decorator.py
[2026-05-23T17:11:48.677+0000] {processor.py:925} INFO - DAG(s) 'example_task_group_decorator' retrieved from /home/airflow/.local/lib/python3.12/site-packages/airflow/example_dags/example_task_group_decorator.py
[2026-05-23T17:11:48.697+0000] {logging_mixin.py:190} INFO - [2026-05-23T17:11:48.697+0000] {dag.py:3239} INFO - Sync 1 DAGs
[2026-05-23T17:11:48.709+0000] {logging_mixin.py:190} INFO - [2026-05-23T17:11:48.708+0000] {dag.py:4180} INFO - Setting next_dagrun for example_task_group_decorator to None, run_after=None
[2026-05-23T17:11:48.722+0000] {processor.py:208} INFO - Processing /home/airflow/.local/lib/python3.12/site-packages/airflow/example_dags/example_task_group_decorator.py took 0.065 seconds
[2026-05-23T17:12:20.284+0000] {processor.py:186} INFO - Started process (PID=2990) to work on /home/airflow/.local/lib/python3.12/site-packages/airflow/example_dags/example_task_group_decorator.py
[2026-05-23T17:12:20.284+0000] {processor.py:914} INFO - Processing file /home/airflow/.local/lib/python3.12/site-packages/airflow/example_dags/example_task_group_decorator.py for tasks to queue
[2026-05-23T17:12:20.286+0000] {logging_mixin.py:190} INFO - [2026-05-23T17:12:20.286+0000] {dagbag.py:588} INFO - Filling up the DagBag from /home/airflow/.local/lib/python3.12/site-packages/airflow/example_dags/example_task_group_decorator.py
[2026-05-23T17:12:20.298+0000] {processor.py:925} INFO - DAG(s) 'example_task_group_decorator' retrieved from /home/airflow/.local/lib/python3.12/site-packages/airflow/example_dags/example_task_group_decorator.py
[2026-05-23T17:12:20.318+0000] {logging_mixin.py:190} INFO - [2026-05-23T17:12:20.318+0000] {dag.py:3239} INFO - Sync 1 DAGs
[2026-05-23T17:12:20.329+0000] {logging_mixin.py:190} INFO - [2026-05-23T17:12:20.329+0000] {dag.py:4180} INFO - Setting next_dagrun for example_task_group_decorator to None, run_after=None
[2026-05-23T17:12:20.342+0000] {processor.py:208} INFO - Processing /home/airflow/.local/lib/python3.12/site-packages/airflow/example_dags/example_task_group_decorator.py took 0.063 seconds
[2026-05-23T17:12:51.315+0000] {processor.py:186} INFO - Started process (PID=3054) to work on /home/airflow/.local/lib/python3.12/site-packages/airflow/example_dags/example_task_group_decorator.py
[2026-05-23T17:12:51.316+0000] {processor.py:914} INFO - Processing file /home/airflow/.local/lib/python3.12/site-packages/airflow/example_dags/example_task_group_decorator.py for tasks to queue
[2026-05-23T17:12:51.318+0000] {logging_mixin.py:190} INFO - [2026-05-23T17:12:51.318+0000] {dagbag.py:588} INFO - Filling up the DagBag from /home/airflow/.local/lib/python3.12/site-packages/airflow/example_dags/example_task_group_decorator.py
[2026-05-23T17:12:51.336+0000] {processor.py:925} INFO - DAG(s) 'example_task_group_decorator' retrieved from /home/airflow/.local/lib/python3.12/site-packages/airflow/example_dags/example_task_group_decorator.py
[2026-05-23T17:12:51.356+0000] {logging_mixin.py:190} INFO - [2026-05-23T17:12:51.356+0000] {dag.py:3239} INFO - Sync 1 DAGs
[2026-05-23T17:12:51.368+0000] {logging_mixin.py:190} INFO - [2026-05-23T17:12:51.368+0000] {dag.py:4180} INFO - Setting next_dagrun for example_task_group_decorator to None, run_after=None
[2026-05-23T17:12:51.382+0000] {processor.py:208} INFO - Processing /home/airflow/.local/lib/python3.12/site-packages/airflow/example_dags/example_task_group_decorator.py took 0.073 seconds
[2026-05-23T17:13:22.917+0000] {processor.py:186} INFO - Started process (PID=3120) to work on /home/airflow/.local/lib/python3.12/site-packages/airflow/example_dags/example_task_group_decorator.py
[2026-05-23T17:13:22.917+0000] {processor.py:914} INFO - Processing file /home/airflow/.local/lib/python3.12/site-packages/airflow/example_dags/example_task_group_decorator.py for tasks to queue
[2026-05-23T17:13:22.919+0000] {logging_mixin.py:190} INFO - [2026-05-23T17:13:22.919+0000] {dagbag.py:588} INFO - Filling up the DagBag from /home/airflow/.local/lib/python3.12/site-packages/airflow/example_dags/example_task_group_decorator.py
[2026-05-23T17:13:22.931+0000] {processor.py:925} INFO - DAG(s) 'example_task_group_decorator' retrieved from /home/airflow/.local/lib/python3.12/site-packages/airflow/example_dags/example_task_group_decorator.py
[2026-05-23T17:13:22.951+0000] {logging_mixin.py:190} INFO - [2026-05-23T17:13:22.951+0000] {dag.py:3239} INFO - Sync 1 DAGs
[2026-05-23T17:13:22.963+0000] {logging_mixin.py:190} INFO - [2026-05-23T17:13:22.963+0000] {dag.py:4180} INFO - Setting next_dagrun for example_task_group_decorator to None, run_after=None
[2026-05-23T17:13:22.976+0000] {processor.py:208} INFO - Processing /home/airflow/.local/lib/python3.12/site-packages/airflow/example_dags/example_task_group_decorator.py took 0.064 seconds
[2026-05-23T17:13:54.385+0000] {processor.py:186} INFO - Started process (PID=3185) to work on /home/airflow/.local/lib/python3.12/site-packages/airflow/example_dags/example_task_group_decorator.py
[2026-05-23T17:13:54.386+0000] {processor.py:914} INFO - Processing file /home/airflow/.local/lib/python3.12/site-packages/airflow/example_dags/example_task_group_decorator.py for tasks to queue
[2026-05-23T17:13:54.388+0000] {logging_mixin.py:190} INFO - [2026-05-23T17:13:54.387+0000] {dagbag.py:588} INFO - Filling up the DagBag from /home/airflow/.local/lib/python3.12/site-packages/airflow/example_dags/example_task_group_decorator.py
[2026-05-23T17:13:54.399+0000] {processor.py:925} INFO - DAG(s) 'example_task_group_decorator' retrieved from /home/airflow/.local/lib/python3.12/site-packages/airflow/example_dags/example_task_group_decorator.py
[2026-05-23T17:13:54.419+0000] {logging_mixin.py:190} INFO - [2026-05-23T17:13:54.418+0000] {dag.py:3239} INFO - Sync 1 DAGs
[2026-05-23T17:13:54.430+0000] {logging_mixin.py:190} INFO - [2026-05-23T17:13:54.430+0000] {dag.py:4180} INFO - Setting next_dagrun for example_task_group_decorator to None, run_after=None
[2026-05-23T17:13:54.445+0000] {processor.py:208} INFO - Processing /home/airflow/.local/lib/python3.12/site-packages/airflow/example_dags/example_task_group_decorator.py took 0.063 seconds
[2026-05-23T17:14:25.340+0000] {processor.py:186} INFO - Started process (PID=3248) to work on /home/airflow/.local/lib/python3.12/site-packages/airflow/example_dags/example_task_group_decorator.py
[2026-05-23T17:14:25.341+0000] {processor.py:914} INFO - Processing file /home/airflow/.local/lib/python3.12/site-packages/airflow/example_dags/example_task_group_decorator.py for tasks to queue
[2026-05-23T17:14:25.342+0000] {logging_mixin.py:190} INFO - [2026-05-23T17:14:25.342+0000] {dagbag.py:588} INFO - Filling up the DagBag from /home/airflow/.local/lib/python3.12/site-packages/airflow/example_dags/example_task_group_decorator.py
[2026-05-23T17:14:25.355+0000] {processor.py:925} INFO - DAG(s) 'example_task_group_decorator' retrieved from /home/airflow/.local/lib/python3.12/site-packages/airflow/example_dags/example_task_group_decorator.py
[2026-05-23T17:14:25.375+0000] {logging_mixin.py:190} INFO - [2026-05-23T17:14:25.375+0000] {dag.py:3239} INFO - Sync 1 DAGs
[2026-05-23T17:14:25.388+0000] {logging_mixin.py:190} INFO - [2026-05-23T17:14:25.387+0000] {dag.py:4180} INFO - Setting next_dagrun for example_task_group_decorator to None, run_after=None
[2026-05-23T17:14:25.405+0000] {processor.py:208} INFO - Processing /home/airflow/.local/lib/python3.12/site-packages/airflow/example_dags/example_task_group_decorator.py took 0.069 seconds
[2026-05-23T17:14:57.061+0000] {processor.py:186} INFO - Started process (PID=3314) to work on /home/airflow/.local/lib/python3.12/site-packages/airflow/example_dags/example_task_group_decorator.py
[2026-05-23T17:14:57.062+0000] {processor.py:914} INFO - Processing file /home/airflow/.local/lib/python3.12/site-packages/airflow/example_dags/example_task_group_decorator.py for tasks to queue
[2026-05-23T17:14:57.063+0000] {logging_mixin.py:190} INFO - [2026-05-23T17:14:57.063+0000] {dagbag.py:588} INFO - Filling up the DagBag from /home/airflow/.local/lib/python3.12/site-packages/airflow/example_dags/example_task_group_decorator.py
[2026-05-23T17:14:57.076+0000] {processor.py:925} INFO - DAG(s) 'example_task_group_decorator' retrieved from /home/airflow/.local/lib/python3.12/site-packages/airflow/example_dags/example_task_group_decorator.py
[2026-05-23T17:14:57.103+0000] {logging_mixin.py:190} INFO - [2026-05-23T17:14:57.102+0000] {dag.py:3239} INFO - Sync 1 DAGs
[2026-05-23T17:14:57.119+0000] {logging_mixin.py:190} INFO - [2026-05-23T17:14:57.118+0000] {dag.py:4180} INFO - Setting next_dagrun for example_task_group_decorator to None, run_after=None
[2026-05-23T17:14:57.136+0000] {processor.py:208} INFO - Processing /home/airflow/.local/lib/python3.12/site-packages/airflow/example_dags/example_task_group_decorator.py took 0.080 seconds
[2026-05-23T17:15:28.050+0000] {processor.py:186} INFO - Started process (PID=3378) to work on /home/airflow/.local/lib/python3.12/site-packages/airflow/example_dags/example_task_group_decorator.py
[2026-05-23T17:15:28.051+0000] {processor.py:914} INFO - Processing file /home/airflow/.local/lib/python3.12/site-packages/airflow/example_dags/example_task_group_decorator.py for tasks to queue
[2026-05-23T17:15:28.052+0000] {logging_mixin.py:190} INFO - [2026-05-23T17:15:28.052+0000] {dagbag.py:588} INFO - Filling up the DagBag from /home/airflow/.local/lib/python3.12/site-packages/airflow/example_dags/example_task_group_decorator.py
[2026-05-23T17:15:28.065+0000] {processor.py:925} INFO - DAG(s) 'example_task_group_decorator' retrieved from /home/airflow/.local/lib/python3.12/site-packages/airflow/example_dags/example_task_group_decorator.py
[2026-05-23T17:15:28.090+0000] {logging_mixin.py:190} INFO - [2026-05-23T17:15:28.090+0000] {dag.py:3239} INFO - Sync 1 DAGs
[2026-05-23T17:15:28.103+0000] {logging_mixin.py:190} INFO - [2026-05-23T17:15:28.102+0000] {dag.py:4180} INFO - Setting next_dagrun for example_task_group_decorator to None, run_after=None
[2026-05-23T17:15:28.116+0000] {processor.py:208} INFO - Processing /home/airflow/.local/lib/python3.12/site-packages/airflow/example_dags/example_task_group_decorator.py took 0.070 seconds
[2026-05-23T17:15:59.059+0000] {processor.py:186} INFO - Started process (PID=3443) to work on /home/airflow/.local/lib/python3.12/site-packages/airflow/example_dags/example_task_group_decorator.py
[2026-05-23T17:15:59.059+0000] {processor.py:914} INFO - Processing file /home/airflow/.local/lib/python3.12/site-packages/airflow/example_dags/example_task_group_decorator.py for tasks to queue
[2026-05-23T17:15:59.061+0000] {logging_mixin.py:190} INFO - [2026-05-23T17:15:59.061+0000] {dagbag.py:588} INFO - Filling up the DagBag from /home/airflow/.local/lib/python3.12/site-packages/airflow/example_dags/example_task_group_decorator.py
[2026-05-23T17:15:59.075+0000] {processor.py:925} INFO - DAG(s) 'example_task_group_decorator' retrieved from /home/airflow/.local/lib/python3.12/site-packages/airflow/example_dags/example_task_group_decorator.py
[2026-05-23T17:15:59.096+0000] {logging_mixin.py:190} INFO - [2026-05-23T17:15:59.096+0000] {dag.py:3239} INFO - Sync 1 DAGs
[2026-05-23T17:15:59.108+0000] {logging_mixin.py:190} INFO - [2026-05-23T17:15:59.108+0000] {dag.py:4180} INFO - Setting next_dagrun for example_task_group_decorator to None, run_after=None
[2026-05-23T17:15:59.122+0000] {processor.py:208} INFO - Processing /home/airflow/.local/lib/python3.12/site-packages/airflow/example_dags/example_task_group_decorator.py took 0.068 seconds
[2026-05-23T17:16:30.265+0000] {processor.py:186} INFO - Started process (PID=3514) to work on /home/airflow/.local/lib/python3.12/site-packages/airflow/example_dags/example_task_group_decorator.py
[2026-05-23T17:16:30.266+0000] {processor.py:914} INFO - Processing file /home/airflow/.local/lib/python3.12/site-packages/airflow/example_dags/example_task_group_decorator.py for tasks to queue
[2026-05-23T17:16:30.267+0000] {logging_mixin.py:190} INFO - [2026-05-23T17:16:30.267+0000] {dagbag.py:588} INFO - Filling up the DagBag from /home/airflow/.local/lib/python3.12/site-packages/airflow/example_dags/example_task_group_decorator.py
[2026-05-23T17:16:30.281+0000] {processor.py:925} INFO - DAG(s) 'example_task_group_decorator' retrieved from /home/airflow/.local/lib/python3.12/site-packages/airflow/example_dags/example_task_group_decorator.py
[2026-05-23T17:16:30.305+0000] {logging_mixin.py:190} INFO - [2026-05-23T17:16:30.305+0000] {dag.py:3239} INFO - Sync 1 DAGs
[2026-05-23T17:16:30.318+0000] {logging_mixin.py:190} INFO - [2026-05-23T17:16:30.317+0000] {dag.py:4180} INFO - Setting next_dagrun for example_task_group_decorator to None, run_after=None
[2026-05-23T17:16:30.332+0000] {processor.py:208} INFO - Processing /home/airflow/.local/lib/python3.12/site-packages/airflow/example_dags/example_task_group_decorator.py took 0.071 seconds
[2026-05-23T17:17:01.589+0000] {processor.py:186} INFO - Started process (PID=3579) to work on /home/airflow/.local/lib/python3.12/site-packages/airflow/example_dags/example_task_group_decorator.py
[2026-05-23T17:17:01.589+0000] {processor.py:914} INFO - Processing file /home/airflow/.local/lib/python3.12/site-packages/airflow/example_dags/example_task_group_decorator.py for tasks to queue
[2026-05-23T17:17:01.591+0000] {logging_mixin.py:190} INFO - [2026-05-23T17:17:01.591+0000] {dagbag.py:588} INFO - Filling up the DagBag from /home/airflow/.local/lib/python3.12/site-packages/airflow/example_dags/example_task_group_decorator.py
[2026-05-23T17:17:01.603+0000] {processor.py:925} INFO - DAG(s) 'example_task_group_decorator' retrieved from /home/airflow/.local/lib/python3.12/site-packages/airflow/example_dags/example_task_group_decorator.py
[2026-05-23T17:17:01.622+0000] {logging_mixin.py:190} INFO - [2026-05-23T17:17:01.622+0000] {dag.py:3239} INFO - Sync 1 DAGs
[2026-05-23T17:17:01.636+0000] {logging_mixin.py:190} INFO - [2026-05-23T17:17:01.635+0000] {dag.py:4180} INFO - Setting next_dagrun for example_task_group_decorator to None, run_after=None
[2026-05-23T17:17:01.650+0000] {processor.py:208} INFO - Processing /home/airflow/.local/lib/python3.12/site-packages/airflow/example_dags/example_task_group_decorator.py took 0.066 seconds
[2026-05-23T17:17:33.355+0000] {processor.py:186} INFO - Started process (PID=3644) to work on /home/airflow/.local/lib/python3.12/site-packages/airflow/example_dags/example_task_group_decorator.py
[2026-05-23T17:17:33.356+0000] {processor.py:914} INFO - Processing file /home/airflow/.local/lib/python3.12/site-packages/airflow/example_dags/example_task_group_decorator.py for tasks to queue
[2026-05-23T17:17:33.357+0000] {logging_mixin.py:190} INFO - [2026-05-23T17:17:33.357+0000] {dagbag.py:588} INFO - Filling up the DagBag from /home/airflow/.local/lib/python3.12/site-packages/airflow/example_dags/example_task_group_decorator.py
[2026-05-23T17:17:33.370+0000] {processor.py:925} INFO - DAG(s) 'example_task_group_decorator' retrieved from /home/airflow/.local/lib/python3.12/site-packages/airflow/example_dags/example_task_group_decorator.py
[2026-05-23T17:17:33.394+0000] {logging_mixin.py:190} INFO - [2026-05-23T17:17:33.394+0000] {dag.py:3239} INFO - Sync 1 DAGs
[2026-05-23T17:17:33.408+0000] {logging_mixin.py:190} INFO - [2026-05-23T17:17:33.408+0000] {dag.py:4180} INFO - Setting next_dagrun for example_task_group_decorator to None, run_after=None
[2026-05-23T17:17:33.422+0000] {processor.py:208} INFO - Processing /home/airflow/.local/lib/python3.12/site-packages/airflow/example_dags/example_task_group_decorator.py took 0.072 seconds
[2026-05-23T17:18:04.692+0000] {processor.py:186} INFO - Started process (PID=3710) to work on /home/airflow/.local/lib/python3.12/site-packages/airflow/example_dags/example_task_group_decorator.py
[2026-05-23T17:18:04.692+0000] {processor.py:914} INFO - Processing file /home/airflow/.local/lib/python3.12/site-packages/airflow/example_dags/example_task_group_decorator.py for tasks to queue
[2026-05-23T17:18:04.694+0000] {logging_mixin.py:190} INFO - [2026-05-23T17:18:04.694+0000] {dagbag.py:588} INFO - Filling up the DagBag from /home/airflow/.local/lib/python3.12/site-packages/airflow/example_dags/example_task_group_decorator.py
[2026-05-23T17:18:04.712+0000] {processor.py:925} INFO - DAG(s) 'example_task_group_decorator' retrieved from /home/airflow/.local/lib/python3.12/site-packages/airflow/example_dags/example_task_group_decorator.py
[2026-05-23T17:18:04.739+0000] {logging_mixin.py:190} INFO - [2026-05-23T17:18:04.739+0000] {dag.py:3239} INFO - Sync 1 DAGs
[2026-05-23T17:18:04.752+0000] {logging_mixin.py:190} INFO - [2026-05-23T17:18:04.752+0000] {dag.py:4180} INFO - Setting next_dagrun for example_task_group_decorator to None, run_after=None
[2026-05-23T17:18:04.768+0000] {processor.py:208} INFO - Processing /home/airflow/.local/lib/python3.12/site-packages/airflow/example_dags/example_task_group_decorator.py took 0.081 seconds
[2026-05-23T17:18:36.756+0000] {processor.py:186} INFO - Started process (PID=3776) to work on /home/airflow/.local/lib/python3.12/site-packages/airflow/example_dags/example_task_group_decorator.py
[2026-05-23T17:18:36.756+0000] {processor.py:914} INFO - Processing file /home/airflow/.local/lib/python3.12/site-packages/airflow/example_dags/example_task_group_decorator.py for tasks to queue
[2026-05-23T17:18:36.758+0000] {logging_mixin.py:190} INFO - [2026-05-23T17:18:36.757+0000] {dagbag.py:588} INFO - Filling up the DagBag from /home/airflow/.local/lib/python3.12/site-packages/airflow/example_dags/example_task_group_decorator.py
[2026-05-23T17:18:36.772+0000] {processor.py:925} INFO - DAG(s) 'example_task_group_decorator' retrieved from /home/airflow/.local/lib/python3.12/site-packages/airflow/example_dags/example_task_group_decorator.py
[2026-05-23T17:18:36.797+0000] {logging_mixin.py:190} INFO - [2026-05-23T17:18:36.797+0000] {dag.py:3239} INFO - Sync 1 DAGs
[2026-05-23T17:18:36.812+0000] {logging_mixin.py:190} INFO - [2026-05-23T17:18:36.812+0000] {dag.py:4180} INFO - Setting next_dagrun for example_task_group_decorator to None, run_after=None
[2026-05-23T17:18:36.826+0000] {processor.py:208} INFO - Processing /home/airflow/.local/lib/python3.12/site-packages/airflow/example_dags/example_task_group_decorator.py took 0.075 seconds
[2026-05-23T17:19:08.790+0000] {processor.py:186} INFO - Started process (PID=3842) to work on /home/airflow/.local/lib/python3.12/site-packages/airflow/example_dags/example_task_group_decorator.py
[2026-05-23T17:19:08.791+0000] {processor.py:914} INFO - Processing file /home/airflow/.local/lib/python3.12/site-packages/airflow/example_dags/example_task_group_decorator.py for tasks to queue
[2026-05-23T17:19:08.792+0000] {logging_mixin.py:190} INFO - [2026-05-23T17:19:08.792+0000] {dagbag.py:588} INFO - Filling up the DagBag from /home/airflow/.local/lib/python3.12/site-packages/airflow/example_dags/example_task_group_decorator.py
[2026-05-23T17:19:08.805+0000] {processor.py:925} INFO - DAG(s) 'example_task_group_decorator' retrieved from /home/airflow/.local/lib/python3.12/site-packages/airflow/example_dags/example_task_group_decorator.py
[2026-05-23T17:19:08.832+0000] {logging_mixin.py:190} INFO - [2026-05-23T17:19:08.832+0000] {dag.py:3239} INFO - Sync 1 DAGs
[2026-05-23T17:19:08.848+0000] {logging_mixin.py:190} INFO - [2026-05-23T17:19:08.848+0000] {dag.py:4180} INFO - Setting next_dagrun for example_task_group_decorator to None, run_after=None
[2026-05-23T17:19:08.874+0000] {processor.py:208} INFO - Processing /home/airflow/.local/lib/python3.12/site-packages/airflow/example_dags/example_task_group_decorator.py took 0.089 seconds
[2026-05-23T17:19:40.540+0000] {processor.py:186} INFO - Started process (PID=3907) to work on /home/airflow/.local/lib/python3.12/site-packages/airflow/example_dags/example_task_group_decorator.py
[2026-05-23T17:19:40.541+0000] {processor.py:914} INFO - Processing file /home/airflow/.local/lib/python3.12/site-packages/airflow/example_dags/example_task_group_decorator.py for tasks to queue
[2026-05-23T17:19:40.543+0000] {logging_mixin.py:190} INFO - [2026-05-23T17:19:40.543+0000] {dagbag.py:588} INFO - Filling up the DagBag from /home/airflow/.local/lib/python3.12/site-packages/airflow/example_dags/example_task_group_decorator.py
[2026-05-23T17:19:40.561+0000] {processor.py:925} INFO - DAG(s) 'example_task_group_decorator' retrieved from /home/airflow/.local/lib/python3.12/site-packages/airflow/example_dags/example_task_group_decorator.py
[2026-05-23T17:19:40.588+0000] {logging_mixin.py:190} INFO - [2026-05-23T17:19:40.588+0000] {dag.py:3239} INFO - Sync 1 DAGs
[2026-05-23T17:19:40.603+0000] {logging_mixin.py:190} INFO - [2026-05-23T17:19:40.602+0000] {dag.py:4180} INFO - Setting next_dagrun for example_task_group_decorator to None, run_after=None
[2026-05-23T17:19:40.616+0000] {processor.py:208} INFO - Processing /home/airflow/.local/lib/python3.12/site-packages/airflow/example_dags/example_task_group_decorator.py took 0.082 seconds
[2026-05-23T17:20:11.155+0000] {processor.py:186} INFO - Started process (PID=3972) to work on /home/airflow/.local/lib/python3.12/site-packages/airflow/example_dags/example_task_group_decorator.py
[2026-05-23T17:20:11.155+0000] {processor.py:914} INFO - Processing file /home/airflow/.local/lib/python3.12/site-packages/airflow/example_dags/example_task_group_decorator.py for tasks to queue
[2026-05-23T17:20:11.157+0000] {logging_mixin.py:190} INFO - [2026-05-23T17:20:11.157+0000] {dagbag.py:588} INFO - Filling up the DagBag from /home/airflow/.local/lib/python3.12/site-packages/airflow/example_dags/example_task_group_decorator.py
[2026-05-23T17:20:11.169+0000] {processor.py:925} INFO - DAG(s) 'example_task_group_decorator' retrieved from /home/airflow/.local/lib/python3.12/site-packages/airflow/example_dags/example_task_group_decorator.py
[2026-05-23T17:20:11.193+0000] {logging_mixin.py:190} INFO - [2026-05-23T17:20:11.193+0000] {dag.py:3239} INFO - Sync 1 DAGs
[2026-05-23T17:20:11.207+0000] {logging_mixin.py:190} INFO - [2026-05-23T17:20:11.207+0000] {dag.py:4180} INFO - Setting next_dagrun for example_task_group_decorator to None, run_after=None
[2026-05-23T17:20:11.221+0000] {processor.py:208} INFO - Processing /home/airflow/.local/lib/python3.12/site-packages/airflow/example_dags/example_task_group_decorator.py took 0.071 seconds
[2026-05-23T17:20:42.148+0000] {processor.py:186} INFO - Started process (PID=4037) to work on /home/airflow/.local/lib/python3.12/site-packages/airflow/example_dags/example_task_group_decorator.py
[2026-05-23T17:20:42.149+0000] {processor.py:914} INFO - Processing file /home/airflow/.local/lib/python3.12/site-packages/airflow/example_dags/example_task_group_decorator.py for tasks to queue
[2026-05-23T17:20:42.151+0000] {logging_mixin.py:190} INFO - [2026-05-23T17:20:42.151+0000] {dagbag.py:588} INFO - Filling up the DagBag from /home/airflow/.local/lib/python3.12/site-packages/airflow/example_dags/example_task_group_decorator.py
[2026-05-23T17:20:42.171+0000] {processor.py:925} INFO - DAG(s) 'example_task_group_decorator' retrieved from /home/airflow/.local/lib/python3.12/site-packages/airflow/example_dags/example_task_group_decorator.py
[2026-05-23T17:20:42.192+0000] {logging_mixin.py:190} INFO - [2026-05-23T17:20:42.192+0000] {dag.py:3239} INFO - Sync 1 DAGs
[2026-05-23T17:20:42.208+0000] {logging_mixin.py:190} INFO - [2026-05-23T17:20:42.207+0000] {dag.py:4180} INFO - Setting next_dagrun for example_task_group_decorator to None, run_after=None
[2026-05-23T17:20:42.223+0000] {processor.py:208} INFO - Processing /home/airflow/.local/lib/python3.12/site-packages/airflow/example_dags/example_task_group_decorator.py took 0.081 seconds
[2026-05-23T17:21:12.604+0000] {processor.py:186} INFO - Started process (PID=4102) to work on /home/airflow/.local/lib/python3.12/site-packages/airflow/example_dags/example_task_group_decorator.py
[2026-05-23T17:21:12.604+0000] {processor.py:914} INFO - Processing file /home/airflow/.local/lib/python3.12/site-packages/airflow/example_dags/example_task_group_decorator.py for tasks to queue
[2026-05-23T17:21:12.606+0000] {logging_mixin.py:190} INFO - [2026-05-23T17:21:12.605+0000] {dagbag.py:588} INFO - Filling up the DagBag from /home/airflow/.local/lib/python3.12/site-packages/airflow/example_dags/example_task_group_decorator.py
[2026-05-23T17:21:12.618+0000] {processor.py:925} INFO - DAG(s) 'example_task_group_decorator' retrieved from /home/airflow/.local/lib/python3.12/site-packages/airflow/example_dags/example_task_group_decorator.py
[2026-05-23T17:21:12.640+0000] {logging_mixin.py:190} INFO - [2026-05-23T17:21:12.640+0000] {dag.py:3239} INFO - Sync 1 DAGs
[2026-05-23T17:21:12.656+0000] {logging_mixin.py:190} INFO - [2026-05-23T17:21:12.655+0000] {dag.py:4180} INFO - Setting next_dagrun for example_task_group_decorator to None, run_after=None
[2026-05-23T17:21:12.670+0000] {processor.py:208} INFO - Processing /home/airflow/.local/lib/python3.12/site-packages/airflow/example_dags/example_task_group_decorator.py took 0.071 seconds
[2026-05-23T21:56:24.928+0000] {processor.py:186} INFO - Started process (PID=104) to work on /home/airflow/.local/lib/python3.12/site-packages/airflow/example_dags/example_task_group_decorator.py
[2026-05-23T21:56:24.930+0000] {processor.py:914} INFO - Processing file /home/airflow/.local/lib/python3.12/site-packages/airflow/example_dags/example_task_group_decorator.py for tasks to queue
[2026-05-23T21:56:24.933+0000] {logging_mixin.py:190} INFO - [2026-05-23T21:56:24.933+0000] {dagbag.py:588} INFO - Filling up the DagBag from /home/airflow/.local/lib/python3.12/site-packages/airflow/example_dags/example_task_group_decorator.py
[2026-05-23T21:56:24.949+0000] {processor.py:925} INFO - DAG(s) 'example_task_group_decorator' retrieved from /home/airflow/.local/lib/python3.12/site-packages/airflow/example_dags/example_task_group_decorator.py
[2026-05-23T21:56:24.986+0000] {logging_mixin.py:190} INFO - [2026-05-23T21:56:24.986+0000] {dag.py:3239} INFO - Sync 1 DAGs
[2026-05-23T21:56:25.010+0000] {logging_mixin.py:190} INFO - [2026-05-23T21:56:25.009+0000] {dag.py:4180} INFO - Setting next_dagrun for example_task_group_decorator to None, run_after=None
[2026-05-23T21:56:25.038+0000] {processor.py:208} INFO - Processing /home/airflow/.local/lib/python3.12/site-packages/airflow/example_dags/example_task_group_decorator.py took 0.117 seconds
