[2026-05-23T16:09:59.503+0000] {processor.py:186} INFO - Started process (PID=73) to work on /home/airflow/.local/lib/python3.12/site-packages/airflow/example_dags/example_xcomargs.py
[2026-05-23T16:09:59.504+0000] {processor.py:914} INFO - Processing file /home/airflow/.local/lib/python3.12/site-packages/airflow/example_dags/example_xcomargs.py for tasks to queue
[2026-05-23T16:09:59.507+0000] {logging_mixin.py:190} INFO - [2026-05-23T16:09:59.506+0000] {dagbag.py:588} INFO - Filling up the DagBag from /home/airflow/.local/lib/python3.12/site-packages/airflow/example_dags/example_xcomargs.py
[2026-05-23T16:09:59.524+0000] {processor.py:925} INFO - DAG(s) 'example_xcom_args_with_operators', 'example_xcom_args' retrieved from /home/airflow/.local/lib/python3.12/site-packages/airflow/example_dags/example_xcomargs.py
[2026-05-23T16:09:59.595+0000] {logging_mixin.py:190} INFO - [2026-05-23T16:09:59.594+0000] {dag.py:3239} INFO - Sync 2 DAGs
[2026-05-23T16:09:59.637+0000] {logging_mixin.py:190} INFO - [2026-05-23T16:09:59.636+0000] {dag.py:4180} INFO - Setting next_dagrun for example_xcom_args to None, run_after=None
[2026-05-23T16:09:59.648+0000] {logging_mixin.py:190} INFO - [2026-05-23T16:09:59.647+0000] {dag.py:4180} INFO - Setting next_dagrun for example_xcom_args_with_operators to None, run_after=None
[2026-05-23T16:09:59.673+0000] {processor.py:208} INFO - Processing /home/airflow/.local/lib/python3.12/site-packages/airflow/example_dags/example_xcomargs.py took 0.176 seconds
[2026-05-23T16:10:30.428+0000] {processor.py:186} INFO - Started process (PID=137) to work on /home/airflow/.local/lib/python3.12/site-packages/airflow/example_dags/example_xcomargs.py
[2026-05-23T16:10:30.428+0000] {processor.py:914} INFO - Processing file /home/airflow/.local/lib/python3.12/site-packages/airflow/example_dags/example_xcomargs.py for tasks to queue
[2026-05-23T16:10:30.430+0000] {logging_mixin.py:190} INFO - [2026-05-23T16:10:30.430+0000] {dagbag.py:588} INFO - Filling up the DagBag from /home/airflow/.local/lib/python3.12/site-packages/airflow/example_dags/example_xcomargs.py
[2026-05-23T16:10:30.438+0000] {processor.py:925} INFO - DAG(s) 'example_xcom_args_with_operators', 'example_xcom_args' retrieved from /home/airflow/.local/lib/python3.12/site-packages/airflow/example_dags/example_xcomargs.py
[2026-05-23T16:10:30.455+0000] {logging_mixin.py:190} INFO - [2026-05-23T16:10:30.455+0000] {dag.py:3239} INFO - Sync 2 DAGs
[2026-05-23T16:10:30.466+0000] {logging_mixin.py:190} INFO - [2026-05-23T16:10:30.466+0000] {dag.py:4180} INFO - Setting next_dagrun for example_xcom_args to None, run_after=None
[2026-05-23T16:10:30.469+0000] {logging_mixin.py:190} INFO - [2026-05-23T16:10:30.469+0000] {dag.py:4180} INFO - Setting next_dagrun for example_xcom_args_with_operators to None, run_after=None
[2026-05-23T16:10:30.482+0000] {processor.py:208} INFO - Processing /home/airflow/.local/lib/python3.12/site-packages/airflow/example_dags/example_xcomargs.py took 0.058 seconds
[2026-05-23T16:11:01.174+0000] {processor.py:186} INFO - Started process (PID=201) to work on /home/airflow/.local/lib/python3.12/site-packages/airflow/example_dags/example_xcomargs.py
[2026-05-23T16:11:01.174+0000] {processor.py:914} INFO - Processing file /home/airflow/.local/lib/python3.12/site-packages/airflow/example_dags/example_xcomargs.py for tasks to queue
[2026-05-23T16:11:01.176+0000] {logging_mixin.py:190} INFO - [2026-05-23T16:11:01.175+0000] {dagbag.py:588} INFO - Filling up the DagBag from /home/airflow/.local/lib/python3.12/site-packages/airflow/example_dags/example_xcomargs.py
[2026-05-23T16:11:01.185+0000] {processor.py:925} INFO - DAG(s) 'example_xcom_args', 'example_xcom_args_with_operators' retrieved from /home/airflow/.local/lib/python3.12/site-packages/airflow/example_dags/example_xcomargs.py
[2026-05-23T16:11:01.202+0000] {logging_mixin.py:190} INFO - [2026-05-23T16:11:01.202+0000] {dag.py:3239} INFO - Sync 2 DAGs
[2026-05-23T16:11:01.214+0000] {logging_mixin.py:190} INFO - [2026-05-23T16:11:01.214+0000] {dag.py:4180} INFO - Setting next_dagrun for example_xcom_args to None, run_after=None
[2026-05-23T16:11:01.217+0000] {logging_mixin.py:190} INFO - [2026-05-23T16:11:01.217+0000] {dag.py:4180} INFO - Setting next_dagrun for example_xcom_args_with_operators to None, run_after=None
[2026-05-23T16:11:01.228+0000] {processor.py:208} INFO - Processing /home/airflow/.local/lib/python3.12/site-packages/airflow/example_dags/example_xcomargs.py took 0.060 seconds
[2026-05-23T16:11:32.839+0000] {processor.py:186} INFO - Started process (PID=265) to work on /home/airflow/.local/lib/python3.12/site-packages/airflow/example_dags/example_xcomargs.py
[2026-05-23T16:11:32.840+0000] {processor.py:914} INFO - Processing file /home/airflow/.local/lib/python3.12/site-packages/airflow/example_dags/example_xcomargs.py for tasks to queue
[2026-05-23T16:11:32.842+0000] {logging_mixin.py:190} INFO - [2026-05-23T16:11:32.842+0000] {dagbag.py:588} INFO - Filling up the DagBag from /home/airflow/.local/lib/python3.12/site-packages/airflow/example_dags/example_xcomargs.py
[2026-05-23T16:11:32.854+0000] {processor.py:925} INFO - DAG(s) 'example_xcom_args_with_operators', 'example_xcom_args' retrieved from /home/airflow/.local/lib/python3.12/site-packages/airflow/example_dags/example_xcomargs.py
[2026-05-23T16:11:32.884+0000] {logging_mixin.py:190} INFO - [2026-05-23T16:11:32.884+0000] {dag.py:3239} INFO - Sync 2 DAGs
[2026-05-23T16:11:32.904+0000] {logging_mixin.py:190} INFO - [2026-05-23T16:11:32.904+0000] {dag.py:4180} INFO - Setting next_dagrun for example_xcom_args to None, run_after=None
[2026-05-23T16:11:32.909+0000] {logging_mixin.py:190} INFO - [2026-05-23T16:11:32.908+0000] {dag.py:4180} INFO - Setting next_dagrun for example_xcom_args_with_operators to None, run_after=None
[2026-05-23T16:11:32.927+0000] {processor.py:208} INFO - Processing /home/airflow/.local/lib/python3.12/site-packages/airflow/example_dags/example_xcomargs.py took 0.094 seconds
[2026-05-23T16:12:04.437+0000] {processor.py:186} INFO - Started process (PID=329) to work on /home/airflow/.local/lib/python3.12/site-packages/airflow/example_dags/example_xcomargs.py
[2026-05-23T16:12:04.437+0000] {processor.py:914} INFO - Processing file /home/airflow/.local/lib/python3.12/site-packages/airflow/example_dags/example_xcomargs.py for tasks to queue
[2026-05-23T16:12:04.442+0000] {logging_mixin.py:190} INFO - [2026-05-23T16:12:04.441+0000] {dagbag.py:588} INFO - Filling up the DagBag from /home/airflow/.local/lib/python3.12/site-packages/airflow/example_dags/example_xcomargs.py
[2026-05-23T16:12:04.453+0000] {processor.py:925} INFO - DAG(s) 'example_xcom_args_with_operators', 'example_xcom_args' retrieved from /home/airflow/.local/lib/python3.12/site-packages/airflow/example_dags/example_xcomargs.py
[2026-05-23T16:12:04.480+0000] {logging_mixin.py:190} INFO - [2026-05-23T16:12:04.479+0000] {dag.py:3239} INFO - Sync 2 DAGs
[2026-05-23T16:12:04.498+0000] {logging_mixin.py:190} INFO - [2026-05-23T16:12:04.498+0000] {dag.py:4180} INFO - Setting next_dagrun for example_xcom_args to None, run_after=None
[2026-05-23T16:12:04.502+0000] {logging_mixin.py:190} INFO - [2026-05-23T16:12:04.502+0000] {dag.py:4180} INFO - Setting next_dagrun for example_xcom_args_with_operators to None, run_after=None
[2026-05-23T16:12:04.517+0000] {processor.py:208} INFO - Processing /home/airflow/.local/lib/python3.12/site-packages/airflow/example_dags/example_xcomargs.py took 0.088 seconds
[2026-05-23T16:12:35.327+0000] {processor.py:186} INFO - Started process (PID=393) to work on /home/airflow/.local/lib/python3.12/site-packages/airflow/example_dags/example_xcomargs.py
[2026-05-23T16:12:35.328+0000] {processor.py:914} INFO - Processing file /home/airflow/.local/lib/python3.12/site-packages/airflow/example_dags/example_xcomargs.py for tasks to queue
[2026-05-23T16:12:35.329+0000] {logging_mixin.py:190} INFO - [2026-05-23T16:12:35.329+0000] {dagbag.py:588} INFO - Filling up the DagBag from /home/airflow/.local/lib/python3.12/site-packages/airflow/example_dags/example_xcomargs.py
[2026-05-23T16:12:35.338+0000] {processor.py:925} INFO - DAG(s) 'example_xcom_args_with_operators', 'example_xcom_args' retrieved from /home/airflow/.local/lib/python3.12/site-packages/airflow/example_dags/example_xcomargs.py
[2026-05-23T16:12:35.356+0000] {logging_mixin.py:190} INFO - [2026-05-23T16:12:35.356+0000] {dag.py:3239} INFO - Sync 2 DAGs
[2026-05-23T16:12:35.367+0000] {logging_mixin.py:190} INFO - [2026-05-23T16:12:35.367+0000] {dag.py:4180} INFO - Setting next_dagrun for example_xcom_args to None, run_after=None
[2026-05-23T16:12:35.370+0000] {logging_mixin.py:190} INFO - [2026-05-23T16:12:35.370+0000] {dag.py:4180} INFO - Setting next_dagrun for example_xcom_args_with_operators to None, run_after=None
[2026-05-23T16:12:35.383+0000] {processor.py:208} INFO - Processing /home/airflow/.local/lib/python3.12/site-packages/airflow/example_dags/example_xcomargs.py took 0.062 seconds
[2026-05-23T16:13:06.212+0000] {processor.py:186} INFO - Started process (PID=457) to work on /home/airflow/.local/lib/python3.12/site-packages/airflow/example_dags/example_xcomargs.py
[2026-05-23T16:13:06.212+0000] {processor.py:914} INFO - Processing file /home/airflow/.local/lib/python3.12/site-packages/airflow/example_dags/example_xcomargs.py for tasks to queue
[2026-05-23T16:13:06.213+0000] {logging_mixin.py:190} INFO - [2026-05-23T16:13:06.213+0000] {dagbag.py:588} INFO - Filling up the DagBag from /home/airflow/.local/lib/python3.12/site-packages/airflow/example_dags/example_xcomargs.py
[2026-05-23T16:13:06.221+0000] {processor.py:925} INFO - DAG(s) 'example_xcom_args_with_operators', 'example_xcom_args' retrieved from /home/airflow/.local/lib/python3.12/site-packages/airflow/example_dags/example_xcomargs.py
[2026-05-23T16:13:06.237+0000] {logging_mixin.py:190} INFO - [2026-05-23T16:13:06.237+0000] {dag.py:3239} INFO - Sync 2 DAGs
[2026-05-23T16:13:06.250+0000] {logging_mixin.py:190} INFO - [2026-05-23T16:13:06.250+0000] {dag.py:4180} INFO - Setting next_dagrun for example_xcom_args to None, run_after=None
[2026-05-23T16:13:06.252+0000] {logging_mixin.py:190} INFO - [2026-05-23T16:13:06.252+0000] {dag.py:4180} INFO - Setting next_dagrun for example_xcom_args_with_operators to None, run_after=None
[2026-05-23T16:13:06.263+0000] {processor.py:208} INFO - Processing /home/airflow/.local/lib/python3.12/site-packages/airflow/example_dags/example_xcomargs.py took 0.056 seconds
[2026-05-23T16:13:36.877+0000] {processor.py:186} INFO - Started process (PID=521) to work on /home/airflow/.local/lib/python3.12/site-packages/airflow/example_dags/example_xcomargs.py
[2026-05-23T16:13:36.878+0000] {processor.py:914} INFO - Processing file /home/airflow/.local/lib/python3.12/site-packages/airflow/example_dags/example_xcomargs.py for tasks to queue
[2026-05-23T16:13:36.879+0000] {logging_mixin.py:190} INFO - [2026-05-23T16:13:36.879+0000] {dagbag.py:588} INFO - Filling up the DagBag from /home/airflow/.local/lib/python3.12/site-packages/airflow/example_dags/example_xcomargs.py
[2026-05-23T16:13:36.887+0000] {processor.py:925} INFO - DAG(s) 'example_xcom_args', 'example_xcom_args_with_operators' retrieved from /home/airflow/.local/lib/python3.12/site-packages/airflow/example_dags/example_xcomargs.py
[2026-05-23T16:13:36.907+0000] {logging_mixin.py:190} INFO - [2026-05-23T16:13:36.907+0000] {dag.py:3239} INFO - Sync 2 DAGs
[2026-05-23T16:13:36.920+0000] {logging_mixin.py:190} INFO - [2026-05-23T16:13:36.920+0000] {dag.py:4180} INFO - Setting next_dagrun for example_xcom_args to None, run_after=None
[2026-05-23T16:13:36.923+0000] {logging_mixin.py:190} INFO - [2026-05-23T16:13:36.923+0000] {dag.py:4180} INFO - Setting next_dagrun for example_xcom_args_with_operators to None, run_after=None
[2026-05-23T16:13:36.934+0000] {processor.py:208} INFO - Processing /home/airflow/.local/lib/python3.12/site-packages/airflow/example_dags/example_xcomargs.py took 0.061 seconds
[2026-05-23T16:14:07.559+0000] {processor.py:186} INFO - Started process (PID=585) to work on /home/airflow/.local/lib/python3.12/site-packages/airflow/example_dags/example_xcomargs.py
[2026-05-23T16:14:07.559+0000] {processor.py:914} INFO - Processing file /home/airflow/.local/lib/python3.12/site-packages/airflow/example_dags/example_xcomargs.py for tasks to queue
[2026-05-23T16:14:07.561+0000] {logging_mixin.py:190} INFO - [2026-05-23T16:14:07.561+0000] {dagbag.py:588} INFO - Filling up the DagBag from /home/airflow/.local/lib/python3.12/site-packages/airflow/example_dags/example_xcomargs.py
[2026-05-23T16:14:07.570+0000] {processor.py:925} INFO - DAG(s) 'example_xcom_args', 'example_xcom_args_with_operators' retrieved from /home/airflow/.local/lib/python3.12/site-packages/airflow/example_dags/example_xcomargs.py
[2026-05-23T16:14:07.586+0000] {logging_mixin.py:190} INFO - [2026-05-23T16:14:07.586+0000] {dag.py:3239} INFO - Sync 2 DAGs
[2026-05-23T16:14:07.598+0000] {logging_mixin.py:190} INFO - [2026-05-23T16:14:07.597+0000] {dag.py:4180} INFO - Setting next_dagrun for example_xcom_args to None, run_after=None
[2026-05-23T16:14:07.601+0000] {logging_mixin.py:190} INFO - [2026-05-23T16:14:07.601+0000] {dag.py:4180} INFO - Setting next_dagrun for example_xcom_args_with_operators to None, run_after=None
[2026-05-23T16:14:07.614+0000] {processor.py:208} INFO - Processing /home/airflow/.local/lib/python3.12/site-packages/airflow/example_dags/example_xcomargs.py took 0.059 seconds
[2026-05-23T16:14:38.660+0000] {processor.py:186} INFO - Started process (PID=649) to work on /home/airflow/.local/lib/python3.12/site-packages/airflow/example_dags/example_xcomargs.py
[2026-05-23T16:14:38.661+0000] {processor.py:914} INFO - Processing file /home/airflow/.local/lib/python3.12/site-packages/airflow/example_dags/example_xcomargs.py for tasks to queue
[2026-05-23T16:14:38.662+0000] {logging_mixin.py:190} INFO - [2026-05-23T16:14:38.662+0000] {dagbag.py:588} INFO - Filling up the DagBag from /home/airflow/.local/lib/python3.12/site-packages/airflow/example_dags/example_xcomargs.py
[2026-05-23T16:14:38.670+0000] {processor.py:925} INFO - DAG(s) 'example_xcom_args_with_operators', 'example_xcom_args' retrieved from /home/airflow/.local/lib/python3.12/site-packages/airflow/example_dags/example_xcomargs.py
[2026-05-23T16:14:38.687+0000] {logging_mixin.py:190} INFO - [2026-05-23T16:14:38.687+0000] {dag.py:3239} INFO - Sync 2 DAGs
[2026-05-23T16:14:38.700+0000] {logging_mixin.py:190} INFO - [2026-05-23T16:14:38.700+0000] {dag.py:4180} INFO - Setting next_dagrun for example_xcom_args to None, run_after=None
[2026-05-23T16:14:38.703+0000] {logging_mixin.py:190} INFO - [2026-05-23T16:14:38.703+0000] {dag.py:4180} INFO - Setting next_dagrun for example_xcom_args_with_operators to None, run_after=None
[2026-05-23T16:14:38.716+0000] {processor.py:208} INFO - Processing /home/airflow/.local/lib/python3.12/site-packages/airflow/example_dags/example_xcomargs.py took 0.060 seconds
[2026-05-23T16:15:09.541+0000] {processor.py:186} INFO - Started process (PID=715) to work on /home/airflow/.local/lib/python3.12/site-packages/airflow/example_dags/example_xcomargs.py
[2026-05-23T16:15:09.542+0000] {processor.py:914} INFO - Processing file /home/airflow/.local/lib/python3.12/site-packages/airflow/example_dags/example_xcomargs.py for tasks to queue
[2026-05-23T16:15:09.543+0000] {logging_mixin.py:190} INFO - [2026-05-23T16:15:09.543+0000] {dagbag.py:588} INFO - Filling up the DagBag from /home/airflow/.local/lib/python3.12/site-packages/airflow/example_dags/example_xcomargs.py
[2026-05-23T16:15:09.551+0000] {processor.py:925} INFO - DAG(s) 'example_xcom_args', 'example_xcom_args_with_operators' retrieved from /home/airflow/.local/lib/python3.12/site-packages/airflow/example_dags/example_xcomargs.py
[2026-05-23T16:15:09.568+0000] {logging_mixin.py:190} INFO - [2026-05-23T16:15:09.568+0000] {dag.py:3239} INFO - Sync 2 DAGs
[2026-05-23T16:15:09.581+0000] {logging_mixin.py:190} INFO - [2026-05-23T16:15:09.580+0000] {dag.py:4180} INFO - Setting next_dagrun for example_xcom_args to None, run_after=None
[2026-05-23T16:15:09.583+0000] {logging_mixin.py:190} INFO - [2026-05-23T16:15:09.583+0000] {dag.py:4180} INFO - Setting next_dagrun for example_xcom_args_with_operators to None, run_after=None
[2026-05-23T16:15:09.595+0000] {processor.py:208} INFO - Processing /home/airflow/.local/lib/python3.12/site-packages/airflow/example_dags/example_xcomargs.py took 0.058 seconds
[2026-05-23T16:15:40.448+0000] {processor.py:186} INFO - Started process (PID=780) to work on /home/airflow/.local/lib/python3.12/site-packages/airflow/example_dags/example_xcomargs.py
[2026-05-23T16:15:40.449+0000] {processor.py:914} INFO - Processing file /home/airflow/.local/lib/python3.12/site-packages/airflow/example_dags/example_xcomargs.py for tasks to queue
[2026-05-23T16:15:40.450+0000] {logging_mixin.py:190} INFO - [2026-05-23T16:15:40.450+0000] {dagbag.py:588} INFO - Filling up the DagBag from /home/airflow/.local/lib/python3.12/site-packages/airflow/example_dags/example_xcomargs.py
[2026-05-23T16:15:40.458+0000] {processor.py:925} INFO - DAG(s) 'example_xcom_args', 'example_xcom_args_with_operators' retrieved from /home/airflow/.local/lib/python3.12/site-packages/airflow/example_dags/example_xcomargs.py
[2026-05-23T16:15:40.476+0000] {logging_mixin.py:190} INFO - [2026-05-23T16:15:40.476+0000] {dag.py:3239} INFO - Sync 2 DAGs
[2026-05-23T16:15:40.489+0000] {logging_mixin.py:190} INFO - [2026-05-23T16:15:40.489+0000] {dag.py:4180} INFO - Setting next_dagrun for example_xcom_args to None, run_after=None
[2026-05-23T16:15:40.492+0000] {logging_mixin.py:190} INFO - [2026-05-23T16:15:40.492+0000] {dag.py:4180} INFO - Setting next_dagrun for example_xcom_args_with_operators to None, run_after=None
[2026-05-23T16:15:40.504+0000] {processor.py:208} INFO - Processing /home/airflow/.local/lib/python3.12/site-packages/airflow/example_dags/example_xcomargs.py took 0.060 seconds
[2026-05-23T16:16:11.923+0000] {processor.py:186} INFO - Started process (PID=845) to work on /home/airflow/.local/lib/python3.12/site-packages/airflow/example_dags/example_xcomargs.py
[2026-05-23T16:16:11.923+0000] {processor.py:914} INFO - Processing file /home/airflow/.local/lib/python3.12/site-packages/airflow/example_dags/example_xcomargs.py for tasks to queue
[2026-05-23T16:16:11.925+0000] {logging_mixin.py:190} INFO - [2026-05-23T16:16:11.924+0000] {dagbag.py:588} INFO - Filling up the DagBag from /home/airflow/.local/lib/python3.12/site-packages/airflow/example_dags/example_xcomargs.py
[2026-05-23T16:16:11.932+0000] {processor.py:925} INFO - DAG(s) 'example_xcom_args_with_operators', 'example_xcom_args' retrieved from /home/airflow/.local/lib/python3.12/site-packages/airflow/example_dags/example_xcomargs.py
[2026-05-23T16:16:11.951+0000] {logging_mixin.py:190} INFO - [2026-05-23T16:16:11.950+0000] {dag.py:3239} INFO - Sync 2 DAGs
[2026-05-23T16:16:11.964+0000] {logging_mixin.py:190} INFO - [2026-05-23T16:16:11.963+0000] {dag.py:4180} INFO - Setting next_dagrun for example_xcom_args to None, run_after=None
[2026-05-23T16:16:11.967+0000] {logging_mixin.py:190} INFO - [2026-05-23T16:16:11.967+0000] {dag.py:4180} INFO - Setting next_dagrun for example_xcom_args_with_operators to None, run_after=None
[2026-05-23T16:16:11.979+0000] {processor.py:208} INFO - Processing /home/airflow/.local/lib/python3.12/site-packages/airflow/example_dags/example_xcomargs.py took 0.061 seconds
[2026-05-23T16:16:43.242+0000] {processor.py:186} INFO - Started process (PID=910) to work on /home/airflow/.local/lib/python3.12/site-packages/airflow/example_dags/example_xcomargs.py
[2026-05-23T16:16:43.243+0000] {processor.py:914} INFO - Processing file /home/airflow/.local/lib/python3.12/site-packages/airflow/example_dags/example_xcomargs.py for tasks to queue
[2026-05-23T16:16:43.245+0000] {logging_mixin.py:190} INFO - [2026-05-23T16:16:43.244+0000] {dagbag.py:588} INFO - Filling up the DagBag from /home/airflow/.local/lib/python3.12/site-packages/airflow/example_dags/example_xcomargs.py
[2026-05-23T16:16:43.252+0000] {processor.py:925} INFO - DAG(s) 'example_xcom_args_with_operators', 'example_xcom_args' retrieved from /home/airflow/.local/lib/python3.12/site-packages/airflow/example_dags/example_xcomargs.py
[2026-05-23T16:16:43.274+0000] {logging_mixin.py:190} INFO - [2026-05-23T16:16:43.274+0000] {dag.py:3239} INFO - Sync 2 DAGs
[2026-05-23T16:16:43.289+0000] {logging_mixin.py:190} INFO - [2026-05-23T16:16:43.288+0000] {dag.py:4180} INFO - Setting next_dagrun for example_xcom_args to None, run_after=None
[2026-05-23T16:16:43.292+0000] {logging_mixin.py:190} INFO - [2026-05-23T16:16:43.292+0000] {dag.py:4180} INFO - Setting next_dagrun for example_xcom_args_with_operators to None, run_after=None
[2026-05-23T16:16:43.305+0000] {processor.py:208} INFO - Processing /home/airflow/.local/lib/python3.12/site-packages/airflow/example_dags/example_xcomargs.py took 0.067 seconds
[2026-05-23T16:17:13.905+0000] {processor.py:186} INFO - Started process (PID=975) to work on /home/airflow/.local/lib/python3.12/site-packages/airflow/example_dags/example_xcomargs.py
[2026-05-23T16:17:13.906+0000] {processor.py:914} INFO - Processing file /home/airflow/.local/lib/python3.12/site-packages/airflow/example_dags/example_xcomargs.py for tasks to queue
[2026-05-23T16:17:13.907+0000] {logging_mixin.py:190} INFO - [2026-05-23T16:17:13.907+0000] {dagbag.py:588} INFO - Filling up the DagBag from /home/airflow/.local/lib/python3.12/site-packages/airflow/example_dags/example_xcomargs.py
[2026-05-23T16:17:13.915+0000] {processor.py:925} INFO - DAG(s) 'example_xcom_args_with_operators', 'example_xcom_args' retrieved from /home/airflow/.local/lib/python3.12/site-packages/airflow/example_dags/example_xcomargs.py
[2026-05-23T16:17:13.934+0000] {logging_mixin.py:190} INFO - [2026-05-23T16:17:13.934+0000] {dag.py:3239} INFO - Sync 2 DAGs
[2026-05-23T16:17:13.948+0000] {logging_mixin.py:190} INFO - [2026-05-23T16:17:13.948+0000] {dag.py:4180} INFO - Setting next_dagrun for example_xcom_args to None, run_after=None
[2026-05-23T16:17:13.951+0000] {logging_mixin.py:190} INFO - [2026-05-23T16:17:13.951+0000] {dag.py:4180} INFO - Setting next_dagrun for example_xcom_args_with_operators to None, run_after=None
[2026-05-23T16:17:13.964+0000] {processor.py:208} INFO - Processing /home/airflow/.local/lib/python3.12/site-packages/airflow/example_dags/example_xcomargs.py took 0.063 seconds
[2026-05-23T16:17:45.309+0000] {processor.py:186} INFO - Started process (PID=1040) to work on /home/airflow/.local/lib/python3.12/site-packages/airflow/example_dags/example_xcomargs.py
[2026-05-23T16:17:45.310+0000] {processor.py:914} INFO - Processing file /home/airflow/.local/lib/python3.12/site-packages/airflow/example_dags/example_xcomargs.py for tasks to queue
[2026-05-23T16:17:45.311+0000] {logging_mixin.py:190} INFO - [2026-05-23T16:17:45.311+0000] {dagbag.py:588} INFO - Filling up the DagBag from /home/airflow/.local/lib/python3.12/site-packages/airflow/example_dags/example_xcomargs.py
[2026-05-23T16:17:45.319+0000] {processor.py:925} INFO - DAG(s) 'example_xcom_args_with_operators', 'example_xcom_args' retrieved from /home/airflow/.local/lib/python3.12/site-packages/airflow/example_dags/example_xcomargs.py
[2026-05-23T16:17:45.335+0000] {logging_mixin.py:190} INFO - [2026-05-23T16:17:45.335+0000] {dag.py:3239} INFO - Sync 2 DAGs
[2026-05-23T16:17:45.347+0000] {logging_mixin.py:190} INFO - [2026-05-23T16:17:45.347+0000] {dag.py:4180} INFO - Setting next_dagrun for example_xcom_args to None, run_after=None
[2026-05-23T16:17:45.350+0000] {logging_mixin.py:190} INFO - [2026-05-23T16:17:45.350+0000] {dag.py:4180} INFO - Setting next_dagrun for example_xcom_args_with_operators to None, run_after=None
[2026-05-23T16:17:45.360+0000] {processor.py:208} INFO - Processing /home/airflow/.local/lib/python3.12/site-packages/airflow/example_dags/example_xcomargs.py took 0.055 seconds
[2026-05-23T16:18:16.568+0000] {processor.py:186} INFO - Started process (PID=1105) to work on /home/airflow/.local/lib/python3.12/site-packages/airflow/example_dags/example_xcomargs.py
[2026-05-23T16:18:16.569+0000] {processor.py:914} INFO - Processing file /home/airflow/.local/lib/python3.12/site-packages/airflow/example_dags/example_xcomargs.py for tasks to queue
[2026-05-23T16:18:16.571+0000] {logging_mixin.py:190} INFO - [2026-05-23T16:18:16.570+0000] {dagbag.py:588} INFO - Filling up the DagBag from /home/airflow/.local/lib/python3.12/site-packages/airflow/example_dags/example_xcomargs.py
[2026-05-23T16:18:16.581+0000] {processor.py:925} INFO - DAG(s) 'example_xcom_args', 'example_xcom_args_with_operators' retrieved from /home/airflow/.local/lib/python3.12/site-packages/airflow/example_dags/example_xcomargs.py
[2026-05-23T16:18:16.603+0000] {logging_mixin.py:190} INFO - [2026-05-23T16:18:16.602+0000] {dag.py:3239} INFO - Sync 2 DAGs
[2026-05-23T16:18:16.614+0000] {logging_mixin.py:190} INFO - [2026-05-23T16:18:16.614+0000] {dag.py:4180} INFO - Setting next_dagrun for example_xcom_args to None, run_after=None
[2026-05-23T16:18:16.617+0000] {logging_mixin.py:190} INFO - [2026-05-23T16:18:16.617+0000] {dag.py:4180} INFO - Setting next_dagrun for example_xcom_args_with_operators to None, run_after=None
[2026-05-23T16:18:16.631+0000] {processor.py:208} INFO - Processing /home/airflow/.local/lib/python3.12/site-packages/airflow/example_dags/example_xcomargs.py took 0.069 seconds
[2026-05-23T16:18:48.117+0000] {processor.py:186} INFO - Started process (PID=1170) to work on /home/airflow/.local/lib/python3.12/site-packages/airflow/example_dags/example_xcomargs.py
[2026-05-23T16:18:48.117+0000] {processor.py:914} INFO - Processing file /home/airflow/.local/lib/python3.12/site-packages/airflow/example_dags/example_xcomargs.py for tasks to queue
[2026-05-23T16:18:48.119+0000] {logging_mixin.py:190} INFO - [2026-05-23T16:18:48.119+0000] {dagbag.py:588} INFO - Filling up the DagBag from /home/airflow/.local/lib/python3.12/site-packages/airflow/example_dags/example_xcomargs.py
[2026-05-23T16:18:48.127+0000] {processor.py:925} INFO - DAG(s) 'example_xcom_args', 'example_xcom_args_with_operators' retrieved from /home/airflow/.local/lib/python3.12/site-packages/airflow/example_dags/example_xcomargs.py
[2026-05-23T16:18:48.145+0000] {logging_mixin.py:190} INFO - [2026-05-23T16:18:48.145+0000] {dag.py:3239} INFO - Sync 2 DAGs
[2026-05-23T16:18:48.157+0000] {logging_mixin.py:190} INFO - [2026-05-23T16:18:48.157+0000] {dag.py:4180} INFO - Setting next_dagrun for example_xcom_args to None, run_after=None
[2026-05-23T16:18:48.160+0000] {logging_mixin.py:190} INFO - [2026-05-23T16:18:48.160+0000] {dag.py:4180} INFO - Setting next_dagrun for example_xcom_args_with_operators to None, run_after=None
[2026-05-23T16:18:48.172+0000] {processor.py:208} INFO - Processing /home/airflow/.local/lib/python3.12/site-packages/airflow/example_dags/example_xcomargs.py took 0.059 seconds
[2026-05-23T16:19:19.480+0000] {processor.py:186} INFO - Started process (PID=1235) to work on /home/airflow/.local/lib/python3.12/site-packages/airflow/example_dags/example_xcomargs.py
[2026-05-23T16:19:19.481+0000] {processor.py:914} INFO - Processing file /home/airflow/.local/lib/python3.12/site-packages/airflow/example_dags/example_xcomargs.py for tasks to queue
[2026-05-23T16:19:19.482+0000] {logging_mixin.py:190} INFO - [2026-05-23T16:19:19.482+0000] {dagbag.py:588} INFO - Filling up the DagBag from /home/airflow/.local/lib/python3.12/site-packages/airflow/example_dags/example_xcomargs.py
[2026-05-23T16:19:19.490+0000] {processor.py:925} INFO - DAG(s) 'example_xcom_args', 'example_xcom_args_with_operators' retrieved from /home/airflow/.local/lib/python3.12/site-packages/airflow/example_dags/example_xcomargs.py
[2026-05-23T16:19:19.508+0000] {logging_mixin.py:190} INFO - [2026-05-23T16:19:19.508+0000] {dag.py:3239} INFO - Sync 2 DAGs
[2026-05-23T16:19:19.522+0000] {logging_mixin.py:190} INFO - [2026-05-23T16:19:19.522+0000] {dag.py:4180} INFO - Setting next_dagrun for example_xcom_args to None, run_after=None
[2026-05-23T16:19:19.526+0000] {logging_mixin.py:190} INFO - [2026-05-23T16:19:19.526+0000] {dag.py:4180} INFO - Setting next_dagrun for example_xcom_args_with_operators to None, run_after=None
[2026-05-23T16:19:19.538+0000] {processor.py:208} INFO - Processing /home/airflow/.local/lib/python3.12/site-packages/airflow/example_dags/example_xcomargs.py took 0.062 seconds
[2026-05-23T16:19:50.802+0000] {processor.py:186} INFO - Started process (PID=1300) to work on /home/airflow/.local/lib/python3.12/site-packages/airflow/example_dags/example_xcomargs.py
[2026-05-23T16:19:50.803+0000] {processor.py:914} INFO - Processing file /home/airflow/.local/lib/python3.12/site-packages/airflow/example_dags/example_xcomargs.py for tasks to queue
[2026-05-23T16:19:50.804+0000] {logging_mixin.py:190} INFO - [2026-05-23T16:19:50.804+0000] {dagbag.py:588} INFO - Filling up the DagBag from /home/airflow/.local/lib/python3.12/site-packages/airflow/example_dags/example_xcomargs.py
[2026-05-23T16:19:50.812+0000] {processor.py:925} INFO - DAG(s) 'example_xcom_args', 'example_xcom_args_with_operators' retrieved from /home/airflow/.local/lib/python3.12/site-packages/airflow/example_dags/example_xcomargs.py
[2026-05-23T16:19:50.829+0000] {logging_mixin.py:190} INFO - [2026-05-23T16:19:50.829+0000] {dag.py:3239} INFO - Sync 2 DAGs
[2026-05-23T16:19:50.840+0000] {logging_mixin.py:190} INFO - [2026-05-23T16:19:50.840+0000] {dag.py:4180} INFO - Setting next_dagrun for example_xcom_args to None, run_after=None
[2026-05-23T16:19:50.843+0000] {logging_mixin.py:190} INFO - [2026-05-23T16:19:50.843+0000] {dag.py:4180} INFO - Setting next_dagrun for example_xcom_args_with_operators to None, run_after=None
[2026-05-23T16:19:50.854+0000] {processor.py:208} INFO - Processing /home/airflow/.local/lib/python3.12/site-packages/airflow/example_dags/example_xcomargs.py took 0.056 seconds
[2026-05-23T16:20:22.251+0000] {processor.py:186} INFO - Started process (PID=1371) to work on /home/airflow/.local/lib/python3.12/site-packages/airflow/example_dags/example_xcomargs.py
[2026-05-23T16:20:22.252+0000] {processor.py:914} INFO - Processing file /home/airflow/.local/lib/python3.12/site-packages/airflow/example_dags/example_xcomargs.py for tasks to queue
[2026-05-23T16:20:22.253+0000] {logging_mixin.py:190} INFO - [2026-05-23T16:20:22.253+0000] {dagbag.py:588} INFO - Filling up the DagBag from /home/airflow/.local/lib/python3.12/site-packages/airflow/example_dags/example_xcomargs.py
[2026-05-23T16:20:22.261+0000] {processor.py:925} INFO - DAG(s) 'example_xcom_args_with_operators', 'example_xcom_args' retrieved from /home/airflow/.local/lib/python3.12/site-packages/airflow/example_dags/example_xcomargs.py
[2026-05-23T16:20:22.278+0000] {logging_mixin.py:190} INFO - [2026-05-23T16:20:22.278+0000] {dag.py:3239} INFO - Sync 2 DAGs
[2026-05-23T16:20:22.289+0000] {logging_mixin.py:190} INFO - [2026-05-23T16:20:22.289+0000] {dag.py:4180} INFO - Setting next_dagrun for example_xcom_args to None, run_after=None
[2026-05-23T16:20:22.292+0000] {logging_mixin.py:190} INFO - [2026-05-23T16:20:22.292+0000] {dag.py:4180} INFO - Setting next_dagrun for example_xcom_args_with_operators to None, run_after=None
[2026-05-23T16:20:22.303+0000] {processor.py:208} INFO - Processing /home/airflow/.local/lib/python3.12/site-packages/airflow/example_dags/example_xcomargs.py took 0.056 seconds
[2026-05-23T16:20:53.663+0000] {processor.py:186} INFO - Started process (PID=1436) to work on /home/airflow/.local/lib/python3.12/site-packages/airflow/example_dags/example_xcomargs.py
[2026-05-23T16:20:53.663+0000] {processor.py:914} INFO - Processing file /home/airflow/.local/lib/python3.12/site-packages/airflow/example_dags/example_xcomargs.py for tasks to queue
[2026-05-23T16:20:53.665+0000] {logging_mixin.py:190} INFO - [2026-05-23T16:20:53.664+0000] {dagbag.py:588} INFO - Filling up the DagBag from /home/airflow/.local/lib/python3.12/site-packages/airflow/example_dags/example_xcomargs.py
[2026-05-23T16:20:53.675+0000] {processor.py:925} INFO - DAG(s) 'example_xcom_args_with_operators', 'example_xcom_args' retrieved from /home/airflow/.local/lib/python3.12/site-packages/airflow/example_dags/example_xcomargs.py
[2026-05-23T16:20:53.700+0000] {logging_mixin.py:190} INFO - [2026-05-23T16:20:53.700+0000] {dag.py:3239} INFO - Sync 2 DAGs
[2026-05-23T16:20:53.717+0000] {logging_mixin.py:190} INFO - [2026-05-23T16:20:53.717+0000] {dag.py:4180} INFO - Setting next_dagrun for example_xcom_args to None, run_after=None
[2026-05-23T16:20:53.721+0000] {logging_mixin.py:190} INFO - [2026-05-23T16:20:53.721+0000] {dag.py:4180} INFO - Setting next_dagrun for example_xcom_args_with_operators to None, run_after=None
[2026-05-23T16:20:53.735+0000] {processor.py:208} INFO - Processing /home/airflow/.local/lib/python3.12/site-packages/airflow/example_dags/example_xcomargs.py took 0.076 seconds
[2026-05-23T16:21:24.943+0000] {processor.py:186} INFO - Started process (PID=1501) to work on /home/airflow/.local/lib/python3.12/site-packages/airflow/example_dags/example_xcomargs.py
[2026-05-23T16:21:24.943+0000] {processor.py:914} INFO - Processing file /home/airflow/.local/lib/python3.12/site-packages/airflow/example_dags/example_xcomargs.py for tasks to queue
[2026-05-23T16:21:24.946+0000] {logging_mixin.py:190} INFO - [2026-05-23T16:21:24.945+0000] {dagbag.py:588} INFO - Filling up the DagBag from /home/airflow/.local/lib/python3.12/site-packages/airflow/example_dags/example_xcomargs.py
[2026-05-23T16:21:24.958+0000] {processor.py:925} INFO - DAG(s) 'example_xcom_args_with_operators', 'example_xcom_args' retrieved from /home/airflow/.local/lib/python3.12/site-packages/airflow/example_dags/example_xcomargs.py
[2026-05-23T16:21:24.983+0000] {logging_mixin.py:190} INFO - [2026-05-23T16:21:24.982+0000] {dag.py:3239} INFO - Sync 2 DAGs
[2026-05-23T16:21:25.001+0000] {logging_mixin.py:190} INFO - [2026-05-23T16:21:25.001+0000] {dag.py:4180} INFO - Setting next_dagrun for example_xcom_args to None, run_after=None
[2026-05-23T16:21:25.008+0000] {logging_mixin.py:190} INFO - [2026-05-23T16:21:25.007+0000] {dag.py:4180} INFO - Setting next_dagrun for example_xcom_args_with_operators to None, run_after=None
[2026-05-23T16:21:25.023+0000] {processor.py:208} INFO - Processing /home/airflow/.local/lib/python3.12/site-packages/airflow/example_dags/example_xcomargs.py took 0.087 seconds
[2026-05-23T16:21:56.478+0000] {processor.py:186} INFO - Started process (PID=1566) to work on /home/airflow/.local/lib/python3.12/site-packages/airflow/example_dags/example_xcomargs.py
[2026-05-23T16:21:56.479+0000] {processor.py:914} INFO - Processing file /home/airflow/.local/lib/python3.12/site-packages/airflow/example_dags/example_xcomargs.py for tasks to queue
[2026-05-23T16:21:56.481+0000] {logging_mixin.py:190} INFO - [2026-05-23T16:21:56.481+0000] {dagbag.py:588} INFO - Filling up the DagBag from /home/airflow/.local/lib/python3.12/site-packages/airflow/example_dags/example_xcomargs.py
[2026-05-23T16:21:56.491+0000] {processor.py:925} INFO - DAG(s) 'example_xcom_args', 'example_xcom_args_with_operators' retrieved from /home/airflow/.local/lib/python3.12/site-packages/airflow/example_dags/example_xcomargs.py
[2026-05-23T16:21:56.515+0000] {logging_mixin.py:190} INFO - [2026-05-23T16:21:56.515+0000] {dag.py:3239} INFO - Sync 2 DAGs
[2026-05-23T16:21:56.532+0000] {logging_mixin.py:190} INFO - [2026-05-23T16:21:56.532+0000] {dag.py:4180} INFO - Setting next_dagrun for example_xcom_args to None, run_after=None
[2026-05-23T16:21:56.535+0000] {logging_mixin.py:190} INFO - [2026-05-23T16:21:56.535+0000] {dag.py:4180} INFO - Setting next_dagrun for example_xcom_args_with_operators to None, run_after=None
[2026-05-23T16:21:56.549+0000] {processor.py:208} INFO - Processing /home/airflow/.local/lib/python3.12/site-packages/airflow/example_dags/example_xcomargs.py took 0.077 seconds
[2026-05-23T16:22:27.672+0000] {processor.py:186} INFO - Started process (PID=1631) to work on /home/airflow/.local/lib/python3.12/site-packages/airflow/example_dags/example_xcomargs.py
[2026-05-23T16:22:27.672+0000] {processor.py:914} INFO - Processing file /home/airflow/.local/lib/python3.12/site-packages/airflow/example_dags/example_xcomargs.py for tasks to queue
[2026-05-23T16:22:27.674+0000] {logging_mixin.py:190} INFO - [2026-05-23T16:22:27.674+0000] {dagbag.py:588} INFO - Filling up the DagBag from /home/airflow/.local/lib/python3.12/site-packages/airflow/example_dags/example_xcomargs.py
[2026-05-23T16:22:27.681+0000] {processor.py:925} INFO - DAG(s) 'example_xcom_args_with_operators', 'example_xcom_args' retrieved from /home/airflow/.local/lib/python3.12/site-packages/airflow/example_dags/example_xcomargs.py
[2026-05-23T16:22:27.698+0000] {logging_mixin.py:190} INFO - [2026-05-23T16:22:27.698+0000] {dag.py:3239} INFO - Sync 2 DAGs
[2026-05-23T16:22:27.709+0000] {logging_mixin.py:190} INFO - [2026-05-23T16:22:27.709+0000] {dag.py:4180} INFO - Setting next_dagrun for example_xcom_args to None, run_after=None
[2026-05-23T16:22:27.712+0000] {logging_mixin.py:190} INFO - [2026-05-23T16:22:27.712+0000] {dag.py:4180} INFO - Setting next_dagrun for example_xcom_args_with_operators to None, run_after=None
[2026-05-23T16:22:27.723+0000] {processor.py:208} INFO - Processing /home/airflow/.local/lib/python3.12/site-packages/airflow/example_dags/example_xcomargs.py took 0.055 seconds
[2026-05-23T16:22:58.930+0000] {processor.py:186} INFO - Started process (PID=1696) to work on /home/airflow/.local/lib/python3.12/site-packages/airflow/example_dags/example_xcomargs.py
[2026-05-23T16:22:58.931+0000] {processor.py:914} INFO - Processing file /home/airflow/.local/lib/python3.12/site-packages/airflow/example_dags/example_xcomargs.py for tasks to queue
[2026-05-23T16:22:58.933+0000] {logging_mixin.py:190} INFO - [2026-05-23T16:22:58.933+0000] {dagbag.py:588} INFO - Filling up the DagBag from /home/airflow/.local/lib/python3.12/site-packages/airflow/example_dags/example_xcomargs.py
[2026-05-23T16:22:58.943+0000] {processor.py:925} INFO - DAG(s) 'example_xcom_args', 'example_xcom_args_with_operators' retrieved from /home/airflow/.local/lib/python3.12/site-packages/airflow/example_dags/example_xcomargs.py
[2026-05-23T16:22:58.967+0000] {logging_mixin.py:190} INFO - [2026-05-23T16:22:58.966+0000] {dag.py:3239} INFO - Sync 2 DAGs
[2026-05-23T16:22:58.983+0000] {logging_mixin.py:190} INFO - [2026-05-23T16:22:58.983+0000] {dag.py:4180} INFO - Setting next_dagrun for example_xcom_args to None, run_after=None
[2026-05-23T16:22:58.987+0000] {logging_mixin.py:190} INFO - [2026-05-23T16:22:58.987+0000] {dag.py:4180} INFO - Setting next_dagrun for example_xcom_args_with_operators to None, run_after=None
[2026-05-23T16:22:59.002+0000] {processor.py:208} INFO - Processing /home/airflow/.local/lib/python3.12/site-packages/airflow/example_dags/example_xcomargs.py took 0.078 seconds
[2026-05-23T16:23:29.483+0000] {processor.py:186} INFO - Started process (PID=1761) to work on /home/airflow/.local/lib/python3.12/site-packages/airflow/example_dags/example_xcomargs.py
[2026-05-23T16:23:29.483+0000] {processor.py:914} INFO - Processing file /home/airflow/.local/lib/python3.12/site-packages/airflow/example_dags/example_xcomargs.py for tasks to queue
[2026-05-23T16:23:29.485+0000] {logging_mixin.py:190} INFO - [2026-05-23T16:23:29.484+0000] {dagbag.py:588} INFO - Filling up the DagBag from /home/airflow/.local/lib/python3.12/site-packages/airflow/example_dags/example_xcomargs.py
[2026-05-23T16:23:29.492+0000] {processor.py:925} INFO - DAG(s) 'example_xcom_args_with_operators', 'example_xcom_args' retrieved from /home/airflow/.local/lib/python3.12/site-packages/airflow/example_dags/example_xcomargs.py
[2026-05-23T16:23:29.510+0000] {logging_mixin.py:190} INFO - [2026-05-23T16:23:29.510+0000] {dag.py:3239} INFO - Sync 2 DAGs
[2026-05-23T16:23:29.525+0000] {logging_mixin.py:190} INFO - [2026-05-23T16:23:29.525+0000] {dag.py:4180} INFO - Setting next_dagrun for example_xcom_args to None, run_after=None
[2026-05-23T16:23:29.529+0000] {logging_mixin.py:190} INFO - [2026-05-23T16:23:29.529+0000] {dag.py:4180} INFO - Setting next_dagrun for example_xcom_args_with_operators to None, run_after=None
[2026-05-23T16:23:29.542+0000] {processor.py:208} INFO - Processing /home/airflow/.local/lib/python3.12/site-packages/airflow/example_dags/example_xcomargs.py took 0.063 seconds
[2026-05-23T16:24:00.843+0000] {processor.py:186} INFO - Started process (PID=1826) to work on /home/airflow/.local/lib/python3.12/site-packages/airflow/example_dags/example_xcomargs.py
[2026-05-23T16:24:00.843+0000] {processor.py:914} INFO - Processing file /home/airflow/.local/lib/python3.12/site-packages/airflow/example_dags/example_xcomargs.py for tasks to queue
[2026-05-23T16:24:00.845+0000] {logging_mixin.py:190} INFO - [2026-05-23T16:24:00.844+0000] {dagbag.py:588} INFO - Filling up the DagBag from /home/airflow/.local/lib/python3.12/site-packages/airflow/example_dags/example_xcomargs.py
[2026-05-23T16:24:00.852+0000] {processor.py:925} INFO - DAG(s) 'example_xcom_args_with_operators', 'example_xcom_args' retrieved from /home/airflow/.local/lib/python3.12/site-packages/airflow/example_dags/example_xcomargs.py
[2026-05-23T16:24:00.870+0000] {logging_mixin.py:190} INFO - [2026-05-23T16:24:00.870+0000] {dag.py:3239} INFO - Sync 2 DAGs
[2026-05-23T16:24:00.881+0000] {logging_mixin.py:190} INFO - [2026-05-23T16:24:00.881+0000] {dag.py:4180} INFO - Setting next_dagrun for example_xcom_args to None, run_after=None
[2026-05-23T16:24:00.884+0000] {logging_mixin.py:190} INFO - [2026-05-23T16:24:00.884+0000] {dag.py:4180} INFO - Setting next_dagrun for example_xcom_args_with_operators to None, run_after=None
[2026-05-23T16:24:00.895+0000] {processor.py:208} INFO - Processing /home/airflow/.local/lib/python3.12/site-packages/airflow/example_dags/example_xcomargs.py took 0.057 seconds
[2026-05-23T16:24:31.486+0000] {processor.py:186} INFO - Started process (PID=1891) to work on /home/airflow/.local/lib/python3.12/site-packages/airflow/example_dags/example_xcomargs.py
[2026-05-23T16:24:31.487+0000] {processor.py:914} INFO - Processing file /home/airflow/.local/lib/python3.12/site-packages/airflow/example_dags/example_xcomargs.py for tasks to queue
[2026-05-23T16:24:31.488+0000] {logging_mixin.py:190} INFO - [2026-05-23T16:24:31.488+0000] {dagbag.py:588} INFO - Filling up the DagBag from /home/airflow/.local/lib/python3.12/site-packages/airflow/example_dags/example_xcomargs.py
[2026-05-23T16:24:31.496+0000] {processor.py:925} INFO - DAG(s) 'example_xcom_args_with_operators', 'example_xcom_args' retrieved from /home/airflow/.local/lib/python3.12/site-packages/airflow/example_dags/example_xcomargs.py
[2026-05-23T16:24:31.515+0000] {logging_mixin.py:190} INFO - [2026-05-23T16:24:31.515+0000] {dag.py:3239} INFO - Sync 2 DAGs
[2026-05-23T16:24:31.529+0000] {logging_mixin.py:190} INFO - [2026-05-23T16:24:31.529+0000] {dag.py:4180} INFO - Setting next_dagrun for example_xcom_args to None, run_after=None
[2026-05-23T16:24:31.532+0000] {logging_mixin.py:190} INFO - [2026-05-23T16:24:31.532+0000] {dag.py:4180} INFO - Setting next_dagrun for example_xcom_args_with_operators to None, run_after=None
[2026-05-23T16:24:31.544+0000] {processor.py:208} INFO - Processing /home/airflow/.local/lib/python3.12/site-packages/airflow/example_dags/example_xcomargs.py took 0.063 seconds
[2026-05-23T16:25:03.001+0000] {processor.py:186} INFO - Started process (PID=1955) to work on /home/airflow/.local/lib/python3.12/site-packages/airflow/example_dags/example_xcomargs.py
[2026-05-23T16:25:03.001+0000] {processor.py:914} INFO - Processing file /home/airflow/.local/lib/python3.12/site-packages/airflow/example_dags/example_xcomargs.py for tasks to queue
[2026-05-23T16:25:03.003+0000] {logging_mixin.py:190} INFO - [2026-05-23T16:25:03.003+0000] {dagbag.py:588} INFO - Filling up the DagBag from /home/airflow/.local/lib/python3.12/site-packages/airflow/example_dags/example_xcomargs.py
[2026-05-23T16:25:03.011+0000] {processor.py:925} INFO - DAG(s) 'example_xcom_args', 'example_xcom_args_with_operators' retrieved from /home/airflow/.local/lib/python3.12/site-packages/airflow/example_dags/example_xcomargs.py
[2026-05-23T16:25:03.029+0000] {logging_mixin.py:190} INFO - [2026-05-23T16:25:03.028+0000] {dag.py:3239} INFO - Sync 2 DAGs
[2026-05-23T16:25:03.040+0000] {logging_mixin.py:190} INFO - [2026-05-23T16:25:03.040+0000] {dag.py:4180} INFO - Setting next_dagrun for example_xcom_args to None, run_after=None
[2026-05-23T16:25:03.043+0000] {logging_mixin.py:190} INFO - [2026-05-23T16:25:03.042+0000] {dag.py:4180} INFO - Setting next_dagrun for example_xcom_args_with_operators to None, run_after=None
[2026-05-23T16:25:03.055+0000] {processor.py:208} INFO - Processing /home/airflow/.local/lib/python3.12/site-packages/airflow/example_dags/example_xcomargs.py took 0.059 seconds
[2026-05-23T16:25:34.576+0000] {processor.py:186} INFO - Started process (PID=2020) to work on /home/airflow/.local/lib/python3.12/site-packages/airflow/example_dags/example_xcomargs.py
[2026-05-23T16:25:34.577+0000] {processor.py:914} INFO - Processing file /home/airflow/.local/lib/python3.12/site-packages/airflow/example_dags/example_xcomargs.py for tasks to queue
[2026-05-23T16:25:34.578+0000] {logging_mixin.py:190} INFO - [2026-05-23T16:25:34.578+0000] {dagbag.py:588} INFO - Filling up the DagBag from /home/airflow/.local/lib/python3.12/site-packages/airflow/example_dags/example_xcomargs.py
[2026-05-23T16:25:34.586+0000] {processor.py:925} INFO - DAG(s) 'example_xcom_args_with_operators', 'example_xcom_args' retrieved from /home/airflow/.local/lib/python3.12/site-packages/airflow/example_dags/example_xcomargs.py
[2026-05-23T16:25:34.609+0000] {logging_mixin.py:190} INFO - [2026-05-23T16:25:34.608+0000] {dag.py:3239} INFO - Sync 2 DAGs
[2026-05-23T16:25:34.623+0000] {logging_mixin.py:190} INFO - [2026-05-23T16:25:34.623+0000] {dag.py:4180} INFO - Setting next_dagrun for example_xcom_args to None, run_after=None
[2026-05-23T16:25:34.627+0000] {logging_mixin.py:190} INFO - [2026-05-23T16:25:34.627+0000] {dag.py:4180} INFO - Setting next_dagrun for example_xcom_args_with_operators to None, run_after=None
[2026-05-23T16:25:34.640+0000] {processor.py:208} INFO - Processing /home/airflow/.local/lib/python3.12/site-packages/airflow/example_dags/example_xcomargs.py took 0.068 seconds
[2026-05-23T16:26:06.073+0000] {processor.py:186} INFO - Started process (PID=2085) to work on /home/airflow/.local/lib/python3.12/site-packages/airflow/example_dags/example_xcomargs.py
[2026-05-23T16:26:06.073+0000] {processor.py:914} INFO - Processing file /home/airflow/.local/lib/python3.12/site-packages/airflow/example_dags/example_xcomargs.py for tasks to queue
[2026-05-23T16:26:06.075+0000] {logging_mixin.py:190} INFO - [2026-05-23T16:26:06.075+0000] {dagbag.py:588} INFO - Filling up the DagBag from /home/airflow/.local/lib/python3.12/site-packages/airflow/example_dags/example_xcomargs.py
[2026-05-23T16:26:06.085+0000] {processor.py:925} INFO - DAG(s) 'example_xcom_args_with_operators', 'example_xcom_args' retrieved from /home/airflow/.local/lib/python3.12/site-packages/airflow/example_dags/example_xcomargs.py
[2026-05-23T16:26:06.107+0000] {logging_mixin.py:190} INFO - [2026-05-23T16:26:06.106+0000] {dag.py:3239} INFO - Sync 2 DAGs
[2026-05-23T16:26:06.123+0000] {logging_mixin.py:190} INFO - [2026-05-23T16:26:06.122+0000] {dag.py:4180} INFO - Setting next_dagrun for example_xcom_args to None, run_after=None
[2026-05-23T16:26:06.126+0000] {logging_mixin.py:190} INFO - [2026-05-23T16:26:06.126+0000] {dag.py:4180} INFO - Setting next_dagrun for example_xcom_args_with_operators to None, run_after=None
[2026-05-23T16:26:06.138+0000] {processor.py:208} INFO - Processing /home/airflow/.local/lib/python3.12/site-packages/airflow/example_dags/example_xcomargs.py took 0.069 seconds
[2026-05-23T16:26:37.398+0000] {processor.py:186} INFO - Started process (PID=2150) to work on /home/airflow/.local/lib/python3.12/site-packages/airflow/example_dags/example_xcomargs.py
[2026-05-23T16:26:37.399+0000] {processor.py:914} INFO - Processing file /home/airflow/.local/lib/python3.12/site-packages/airflow/example_dags/example_xcomargs.py for tasks to queue
[2026-05-23T16:26:37.401+0000] {logging_mixin.py:190} INFO - [2026-05-23T16:26:37.400+0000] {dagbag.py:588} INFO - Filling up the DagBag from /home/airflow/.local/lib/python3.12/site-packages/airflow/example_dags/example_xcomargs.py
[2026-05-23T16:26:37.410+0000] {processor.py:925} INFO - DAG(s) 'example_xcom_args_with_operators', 'example_xcom_args' retrieved from /home/airflow/.local/lib/python3.12/site-packages/airflow/example_dags/example_xcomargs.py
[2026-05-23T16:26:37.430+0000] {logging_mixin.py:190} INFO - [2026-05-23T16:26:37.429+0000] {dag.py:3239} INFO - Sync 2 DAGs
[2026-05-23T16:26:37.441+0000] {logging_mixin.py:190} INFO - [2026-05-23T16:26:37.440+0000] {dag.py:4180} INFO - Setting next_dagrun for example_xcom_args to None, run_after=None
[2026-05-23T16:26:37.443+0000] {logging_mixin.py:190} INFO - [2026-05-23T16:26:37.443+0000] {dag.py:4180} INFO - Setting next_dagrun for example_xcom_args_with_operators to None, run_after=None
[2026-05-23T16:26:37.456+0000] {processor.py:208} INFO - Processing /home/airflow/.local/lib/python3.12/site-packages/airflow/example_dags/example_xcomargs.py took 0.062 seconds
[2026-05-23T16:27:08.808+0000] {processor.py:186} INFO - Started process (PID=2215) to work on /home/airflow/.local/lib/python3.12/site-packages/airflow/example_dags/example_xcomargs.py
[2026-05-23T16:27:08.809+0000] {processor.py:914} INFO - Processing file /home/airflow/.local/lib/python3.12/site-packages/airflow/example_dags/example_xcomargs.py for tasks to queue
[2026-05-23T16:27:08.810+0000] {logging_mixin.py:190} INFO - [2026-05-23T16:27:08.810+0000] {dagbag.py:588} INFO - Filling up the DagBag from /home/airflow/.local/lib/python3.12/site-packages/airflow/example_dags/example_xcomargs.py
[2026-05-23T16:27:08.818+0000] {processor.py:925} INFO - DAG(s) 'example_xcom_args_with_operators', 'example_xcom_args' retrieved from /home/airflow/.local/lib/python3.12/site-packages/airflow/example_dags/example_xcomargs.py
[2026-05-23T16:27:08.836+0000] {logging_mixin.py:190} INFO - [2026-05-23T16:27:08.836+0000] {dag.py:3239} INFO - Sync 2 DAGs
[2026-05-23T16:27:08.847+0000] {logging_mixin.py:190} INFO - [2026-05-23T16:27:08.847+0000] {dag.py:4180} INFO - Setting next_dagrun for example_xcom_args to None, run_after=None
[2026-05-23T16:27:08.850+0000] {logging_mixin.py:190} INFO - [2026-05-23T16:27:08.850+0000] {dag.py:4180} INFO - Setting next_dagrun for example_xcom_args_with_operators to None, run_after=None
[2026-05-23T16:27:08.861+0000] {processor.py:208} INFO - Processing /home/airflow/.local/lib/python3.12/site-packages/airflow/example_dags/example_xcomargs.py took 0.058 seconds
[2026-05-23T16:27:40.235+0000] {processor.py:186} INFO - Started process (PID=2280) to work on /home/airflow/.local/lib/python3.12/site-packages/airflow/example_dags/example_xcomargs.py
[2026-05-23T16:27:40.236+0000] {processor.py:914} INFO - Processing file /home/airflow/.local/lib/python3.12/site-packages/airflow/example_dags/example_xcomargs.py for tasks to queue
[2026-05-23T16:27:40.237+0000] {logging_mixin.py:190} INFO - [2026-05-23T16:27:40.237+0000] {dagbag.py:588} INFO - Filling up the DagBag from /home/airflow/.local/lib/python3.12/site-packages/airflow/example_dags/example_xcomargs.py
[2026-05-23T16:27:40.245+0000] {processor.py:925} INFO - DAG(s) 'example_xcom_args_with_operators', 'example_xcom_args' retrieved from /home/airflow/.local/lib/python3.12/site-packages/airflow/example_dags/example_xcomargs.py
[2026-05-23T16:27:40.264+0000] {logging_mixin.py:190} INFO - [2026-05-23T16:27:40.263+0000] {dag.py:3239} INFO - Sync 2 DAGs
[2026-05-23T16:27:40.277+0000] {logging_mixin.py:190} INFO - [2026-05-23T16:27:40.277+0000] {dag.py:4180} INFO - Setting next_dagrun for example_xcom_args to None, run_after=None
[2026-05-23T16:27:40.280+0000] {logging_mixin.py:190} INFO - [2026-05-23T16:27:40.280+0000] {dag.py:4180} INFO - Setting next_dagrun for example_xcom_args_with_operators to None, run_after=None
[2026-05-23T16:27:40.292+0000] {processor.py:208} INFO - Processing /home/airflow/.local/lib/python3.12/site-packages/airflow/example_dags/example_xcomargs.py took 0.063 seconds
[2026-05-23T16:28:11.547+0000] {processor.py:186} INFO - Started process (PID=2345) to work on /home/airflow/.local/lib/python3.12/site-packages/airflow/example_dags/example_xcomargs.py
[2026-05-23T16:28:11.547+0000] {processor.py:914} INFO - Processing file /home/airflow/.local/lib/python3.12/site-packages/airflow/example_dags/example_xcomargs.py for tasks to queue
[2026-05-23T16:28:11.549+0000] {logging_mixin.py:190} INFO - [2026-05-23T16:28:11.549+0000] {dagbag.py:588} INFO - Filling up the DagBag from /home/airflow/.local/lib/python3.12/site-packages/airflow/example_dags/example_xcomargs.py
[2026-05-23T16:28:11.559+0000] {processor.py:925} INFO - DAG(s) 'example_xcom_args_with_operators', 'example_xcom_args' retrieved from /home/airflow/.local/lib/python3.12/site-packages/airflow/example_dags/example_xcomargs.py
[2026-05-23T16:28:11.585+0000] {logging_mixin.py:190} INFO - [2026-05-23T16:28:11.585+0000] {dag.py:3239} INFO - Sync 2 DAGs
[2026-05-23T16:28:11.603+0000] {logging_mixin.py:190} INFO - [2026-05-23T16:28:11.602+0000] {dag.py:4180} INFO - Setting next_dagrun for example_xcom_args to None, run_after=None
[2026-05-23T16:28:11.607+0000] {logging_mixin.py:190} INFO - [2026-05-23T16:28:11.607+0000] {dag.py:4180} INFO - Setting next_dagrun for example_xcom_args_with_operators to None, run_after=None
[2026-05-23T16:28:11.624+0000] {processor.py:208} INFO - Processing /home/airflow/.local/lib/python3.12/site-packages/airflow/example_dags/example_xcomargs.py took 0.082 seconds
[2026-05-23T16:28:42.647+0000] {processor.py:186} INFO - Started process (PID=2410) to work on /home/airflow/.local/lib/python3.12/site-packages/airflow/example_dags/example_xcomargs.py
[2026-05-23T16:28:42.648+0000] {processor.py:914} INFO - Processing file /home/airflow/.local/lib/python3.12/site-packages/airflow/example_dags/example_xcomargs.py for tasks to queue
[2026-05-23T16:28:42.650+0000] {logging_mixin.py:190} INFO - [2026-05-23T16:28:42.649+0000] {dagbag.py:588} INFO - Filling up the DagBag from /home/airflow/.local/lib/python3.12/site-packages/airflow/example_dags/example_xcomargs.py
[2026-05-23T16:28:42.660+0000] {processor.py:925} INFO - DAG(s) 'example_xcom_args_with_operators', 'example_xcom_args' retrieved from /home/airflow/.local/lib/python3.12/site-packages/airflow/example_dags/example_xcomargs.py
[2026-05-23T16:28:42.678+0000] {logging_mixin.py:190} INFO - [2026-05-23T16:28:42.678+0000] {dag.py:3239} INFO - Sync 2 DAGs
[2026-05-23T16:28:42.691+0000] {logging_mixin.py:190} INFO - [2026-05-23T16:28:42.691+0000] {dag.py:4180} INFO - Setting next_dagrun for example_xcom_args to None, run_after=None
[2026-05-23T16:28:42.694+0000] {logging_mixin.py:190} INFO - [2026-05-23T16:28:42.694+0000] {dag.py:4180} INFO - Setting next_dagrun for example_xcom_args_with_operators to None, run_after=None
[2026-05-23T16:28:42.705+0000] {processor.py:208} INFO - Processing /home/airflow/.local/lib/python3.12/site-packages/airflow/example_dags/example_xcomargs.py took 0.065 seconds
[2026-05-23T16:29:13.385+0000] {processor.py:186} INFO - Started process (PID=2475) to work on /home/airflow/.local/lib/python3.12/site-packages/airflow/example_dags/example_xcomargs.py
[2026-05-23T16:29:13.386+0000] {processor.py:914} INFO - Processing file /home/airflow/.local/lib/python3.12/site-packages/airflow/example_dags/example_xcomargs.py for tasks to queue
[2026-05-23T16:29:13.387+0000] {logging_mixin.py:190} INFO - [2026-05-23T16:29:13.387+0000] {dagbag.py:588} INFO - Filling up the DagBag from /home/airflow/.local/lib/python3.12/site-packages/airflow/example_dags/example_xcomargs.py
[2026-05-23T16:29:13.395+0000] {processor.py:925} INFO - DAG(s) 'example_xcom_args_with_operators', 'example_xcom_args' retrieved from /home/airflow/.local/lib/python3.12/site-packages/airflow/example_dags/example_xcomargs.py
[2026-05-23T16:29:13.412+0000] {logging_mixin.py:190} INFO - [2026-05-23T16:29:13.412+0000] {dag.py:3239} INFO - Sync 2 DAGs
[2026-05-23T16:29:13.423+0000] {logging_mixin.py:190} INFO - [2026-05-23T16:29:13.423+0000] {dag.py:4180} INFO - Setting next_dagrun for example_xcom_args to None, run_after=None
[2026-05-23T16:29:13.426+0000] {logging_mixin.py:190} INFO - [2026-05-23T16:29:13.426+0000] {dag.py:4180} INFO - Setting next_dagrun for example_xcom_args_with_operators to None, run_after=None
[2026-05-23T16:29:13.436+0000] {processor.py:208} INFO - Processing /home/airflow/.local/lib/python3.12/site-packages/airflow/example_dags/example_xcomargs.py took 0.056 seconds
[2026-05-23T16:29:44.530+0000] {processor.py:186} INFO - Started process (PID=2541) to work on /home/airflow/.local/lib/python3.12/site-packages/airflow/example_dags/example_xcomargs.py
[2026-05-23T16:29:44.531+0000] {processor.py:914} INFO - Processing file /home/airflow/.local/lib/python3.12/site-packages/airflow/example_dags/example_xcomargs.py for tasks to queue
[2026-05-23T16:29:44.533+0000] {logging_mixin.py:190} INFO - [2026-05-23T16:29:44.532+0000] {dagbag.py:588} INFO - Filling up the DagBag from /home/airflow/.local/lib/python3.12/site-packages/airflow/example_dags/example_xcomargs.py
[2026-05-23T16:29:44.542+0000] {processor.py:925} INFO - DAG(s) 'example_xcom_args', 'example_xcom_args_with_operators' retrieved from /home/airflow/.local/lib/python3.12/site-packages/airflow/example_dags/example_xcomargs.py
[2026-05-23T16:29:44.563+0000] {logging_mixin.py:190} INFO - [2026-05-23T16:29:44.563+0000] {dag.py:3239} INFO - Sync 2 DAGs
[2026-05-23T16:29:44.576+0000] {logging_mixin.py:190} INFO - [2026-05-23T16:29:44.575+0000] {dag.py:4180} INFO - Setting next_dagrun for example_xcom_args to None, run_after=None
[2026-05-23T16:29:44.578+0000] {logging_mixin.py:190} INFO - [2026-05-23T16:29:44.578+0000] {dag.py:4180} INFO - Setting next_dagrun for example_xcom_args_with_operators to None, run_after=None
[2026-05-23T16:29:44.590+0000] {processor.py:208} INFO - Processing /home/airflow/.local/lib/python3.12/site-packages/airflow/example_dags/example_xcomargs.py took 0.065 seconds
[2026-05-23T16:30:16.021+0000] {processor.py:186} INFO - Started process (PID=2606) to work on /home/airflow/.local/lib/python3.12/site-packages/airflow/example_dags/example_xcomargs.py
[2026-05-23T16:30:16.022+0000] {processor.py:914} INFO - Processing file /home/airflow/.local/lib/python3.12/site-packages/airflow/example_dags/example_xcomargs.py for tasks to queue
[2026-05-23T16:30:16.023+0000] {logging_mixin.py:190} INFO - [2026-05-23T16:30:16.023+0000] {dagbag.py:588} INFO - Filling up the DagBag from /home/airflow/.local/lib/python3.12/site-packages/airflow/example_dags/example_xcomargs.py
[2026-05-23T16:30:16.031+0000] {processor.py:925} INFO - DAG(s) 'example_xcom_args_with_operators', 'example_xcom_args' retrieved from /home/airflow/.local/lib/python3.12/site-packages/airflow/example_dags/example_xcomargs.py
[2026-05-23T16:30:16.054+0000] {logging_mixin.py:190} INFO - [2026-05-23T16:30:16.054+0000] {dag.py:3239} INFO - Sync 2 DAGs
[2026-05-23T16:30:16.071+0000] {logging_mixin.py:190} INFO - [2026-05-23T16:30:16.070+0000] {dag.py:4180} INFO - Setting next_dagrun for example_xcom_args to None, run_after=None
[2026-05-23T16:30:16.073+0000] {logging_mixin.py:190} INFO - [2026-05-23T16:30:16.073+0000] {dag.py:4180} INFO - Setting next_dagrun for example_xcom_args_with_operators to None, run_after=None
[2026-05-23T16:30:16.085+0000] {processor.py:208} INFO - Processing /home/airflow/.local/lib/python3.12/site-packages/airflow/example_dags/example_xcomargs.py took 0.068 seconds
[2026-05-23T16:30:47.256+0000] {processor.py:186} INFO - Started process (PID=2671) to work on /home/airflow/.local/lib/python3.12/site-packages/airflow/example_dags/example_xcomargs.py
[2026-05-23T16:30:47.257+0000] {processor.py:914} INFO - Processing file /home/airflow/.local/lib/python3.12/site-packages/airflow/example_dags/example_xcomargs.py for tasks to queue
[2026-05-23T16:30:47.259+0000] {logging_mixin.py:190} INFO - [2026-05-23T16:30:47.258+0000] {dagbag.py:588} INFO - Filling up the DagBag from /home/airflow/.local/lib/python3.12/site-packages/airflow/example_dags/example_xcomargs.py
[2026-05-23T16:30:47.270+0000] {processor.py:925} INFO - DAG(s) 'example_xcom_args_with_operators', 'example_xcom_args' retrieved from /home/airflow/.local/lib/python3.12/site-packages/airflow/example_dags/example_xcomargs.py
[2026-05-23T16:30:47.295+0000] {logging_mixin.py:190} INFO - [2026-05-23T16:30:47.295+0000] {dag.py:3239} INFO - Sync 2 DAGs
[2026-05-23T16:30:47.313+0000] {logging_mixin.py:190} INFO - [2026-05-23T16:30:47.312+0000] {dag.py:4180} INFO - Setting next_dagrun for example_xcom_args to None, run_after=None
[2026-05-23T16:30:47.317+0000] {logging_mixin.py:190} INFO - [2026-05-23T16:30:47.316+0000] {dag.py:4180} INFO - Setting next_dagrun for example_xcom_args_with_operators to None, run_after=None
[2026-05-23T16:30:47.334+0000] {processor.py:208} INFO - Processing /home/airflow/.local/lib/python3.12/site-packages/airflow/example_dags/example_xcomargs.py took 0.083 seconds
[2026-05-23T16:31:18.667+0000] {processor.py:186} INFO - Started process (PID=2736) to work on /home/airflow/.local/lib/python3.12/site-packages/airflow/example_dags/example_xcomargs.py
[2026-05-23T16:31:18.667+0000] {processor.py:914} INFO - Processing file /home/airflow/.local/lib/python3.12/site-packages/airflow/example_dags/example_xcomargs.py for tasks to queue
[2026-05-23T16:31:18.669+0000] {logging_mixin.py:190} INFO - [2026-05-23T16:31:18.668+0000] {dagbag.py:588} INFO - Filling up the DagBag from /home/airflow/.local/lib/python3.12/site-packages/airflow/example_dags/example_xcomargs.py
[2026-05-23T16:31:18.676+0000] {processor.py:925} INFO - DAG(s) 'example_xcom_args', 'example_xcom_args_with_operators' retrieved from /home/airflow/.local/lib/python3.12/site-packages/airflow/example_dags/example_xcomargs.py
[2026-05-23T16:31:18.694+0000] {logging_mixin.py:190} INFO - [2026-05-23T16:31:18.694+0000] {dag.py:3239} INFO - Sync 2 DAGs
[2026-05-23T16:31:18.705+0000] {logging_mixin.py:190} INFO - [2026-05-23T16:31:18.705+0000] {dag.py:4180} INFO - Setting next_dagrun for example_xcom_args to None, run_after=None
[2026-05-23T16:31:18.708+0000] {logging_mixin.py:190} INFO - [2026-05-23T16:31:18.708+0000] {dag.py:4180} INFO - Setting next_dagrun for example_xcom_args_with_operators to None, run_after=None
[2026-05-23T16:31:18.720+0000] {processor.py:208} INFO - Processing /home/airflow/.local/lib/python3.12/site-packages/airflow/example_dags/example_xcomargs.py took 0.057 seconds
[2026-05-23T16:31:49.991+0000] {processor.py:186} INFO - Started process (PID=2801) to work on /home/airflow/.local/lib/python3.12/site-packages/airflow/example_dags/example_xcomargs.py
[2026-05-23T16:31:49.992+0000] {processor.py:914} INFO - Processing file /home/airflow/.local/lib/python3.12/site-packages/airflow/example_dags/example_xcomargs.py for tasks to queue
[2026-05-23T16:31:49.994+0000] {logging_mixin.py:190} INFO - [2026-05-23T16:31:49.994+0000] {dagbag.py:588} INFO - Filling up the DagBag from /home/airflow/.local/lib/python3.12/site-packages/airflow/example_dags/example_xcomargs.py
[2026-05-23T16:31:50.005+0000] {processor.py:925} INFO - DAG(s) 'example_xcom_args_with_operators', 'example_xcom_args' retrieved from /home/airflow/.local/lib/python3.12/site-packages/airflow/example_dags/example_xcomargs.py
[2026-05-23T16:31:50.027+0000] {logging_mixin.py:190} INFO - [2026-05-23T16:31:50.027+0000] {dag.py:3239} INFO - Sync 2 DAGs
[2026-05-23T16:31:50.040+0000] {logging_mixin.py:190} INFO - [2026-05-23T16:31:50.040+0000] {dag.py:4180} INFO - Setting next_dagrun for example_xcom_args to None, run_after=None
[2026-05-23T16:31:50.043+0000] {logging_mixin.py:190} INFO - [2026-05-23T16:31:50.043+0000] {dag.py:4180} INFO - Setting next_dagrun for example_xcom_args_with_operators to None, run_after=None
[2026-05-23T16:31:50.056+0000] {processor.py:208} INFO - Processing /home/airflow/.local/lib/python3.12/site-packages/airflow/example_dags/example_xcomargs.py took 0.069 seconds
[2026-05-23T16:32:21.748+0000] {processor.py:186} INFO - Started process (PID=2866) to work on /home/airflow/.local/lib/python3.12/site-packages/airflow/example_dags/example_xcomargs.py
[2026-05-23T16:32:21.749+0000] {processor.py:914} INFO - Processing file /home/airflow/.local/lib/python3.12/site-packages/airflow/example_dags/example_xcomargs.py for tasks to queue
[2026-05-23T16:32:21.751+0000] {logging_mixin.py:190} INFO - [2026-05-23T16:32:21.751+0000] {dagbag.py:588} INFO - Filling up the DagBag from /home/airflow/.local/lib/python3.12/site-packages/airflow/example_dags/example_xcomargs.py
[2026-05-23T16:32:21.759+0000] {processor.py:925} INFO - DAG(s) 'example_xcom_args', 'example_xcom_args_with_operators' retrieved from /home/airflow/.local/lib/python3.12/site-packages/airflow/example_dags/example_xcomargs.py
[2026-05-23T16:32:21.781+0000] {logging_mixin.py:190} INFO - [2026-05-23T16:32:21.781+0000] {dag.py:3239} INFO - Sync 2 DAGs
[2026-05-23T16:32:21.795+0000] {logging_mixin.py:190} INFO - [2026-05-23T16:32:21.794+0000] {dag.py:4180} INFO - Setting next_dagrun for example_xcom_args to None, run_after=None
[2026-05-23T16:32:21.797+0000] {logging_mixin.py:190} INFO - [2026-05-23T16:32:21.797+0000] {dag.py:4180} INFO - Setting next_dagrun for example_xcom_args_with_operators to None, run_after=None
[2026-05-23T16:32:21.808+0000] {processor.py:208} INFO - Processing /home/airflow/.local/lib/python3.12/site-packages/airflow/example_dags/example_xcomargs.py took 0.066 seconds
[2026-05-23T16:32:52.972+0000] {processor.py:186} INFO - Started process (PID=2937) to work on /home/airflow/.local/lib/python3.12/site-packages/airflow/example_dags/example_xcomargs.py
[2026-05-23T16:32:52.972+0000] {processor.py:914} INFO - Processing file /home/airflow/.local/lib/python3.12/site-packages/airflow/example_dags/example_xcomargs.py for tasks to queue
[2026-05-23T16:32:52.974+0000] {logging_mixin.py:190} INFO - [2026-05-23T16:32:52.974+0000] {dagbag.py:588} INFO - Filling up the DagBag from /home/airflow/.local/lib/python3.12/site-packages/airflow/example_dags/example_xcomargs.py
[2026-05-23T16:32:52.982+0000] {processor.py:925} INFO - DAG(s) 'example_xcom_args_with_operators', 'example_xcom_args' retrieved from /home/airflow/.local/lib/python3.12/site-packages/airflow/example_dags/example_xcomargs.py
[2026-05-23T16:32:53.007+0000] {logging_mixin.py:190} INFO - [2026-05-23T16:32:53.006+0000] {dag.py:3239} INFO - Sync 2 DAGs
[2026-05-23T16:32:53.021+0000] {logging_mixin.py:190} INFO - [2026-05-23T16:32:53.020+0000] {dag.py:4180} INFO - Setting next_dagrun for example_xcom_args to None, run_after=None
[2026-05-23T16:32:53.023+0000] {logging_mixin.py:190} INFO - [2026-05-23T16:32:53.023+0000] {dag.py:4180} INFO - Setting next_dagrun for example_xcom_args_with_operators to None, run_after=None
[2026-05-23T16:32:53.035+0000] {processor.py:208} INFO - Processing /home/airflow/.local/lib/python3.12/site-packages/airflow/example_dags/example_xcomargs.py took 0.067 seconds
[2026-05-23T16:33:24.190+0000] {processor.py:186} INFO - Started process (PID=3003) to work on /home/airflow/.local/lib/python3.12/site-packages/airflow/example_dags/example_xcomargs.py
[2026-05-23T16:33:24.191+0000] {processor.py:914} INFO - Processing file /home/airflow/.local/lib/python3.12/site-packages/airflow/example_dags/example_xcomargs.py for tasks to queue
[2026-05-23T16:33:24.192+0000] {logging_mixin.py:190} INFO - [2026-05-23T16:33:24.192+0000] {dagbag.py:588} INFO - Filling up the DagBag from /home/airflow/.local/lib/python3.12/site-packages/airflow/example_dags/example_xcomargs.py
[2026-05-23T16:33:24.200+0000] {processor.py:925} INFO - DAG(s) 'example_xcom_args', 'example_xcom_args_with_operators' retrieved from /home/airflow/.local/lib/python3.12/site-packages/airflow/example_dags/example_xcomargs.py
[2026-05-23T16:33:24.222+0000] {logging_mixin.py:190} INFO - [2026-05-23T16:33:24.222+0000] {dag.py:3239} INFO - Sync 2 DAGs
[2026-05-23T16:33:24.239+0000] {logging_mixin.py:190} INFO - [2026-05-23T16:33:24.239+0000] {dag.py:4180} INFO - Setting next_dagrun for example_xcom_args to None, run_after=None
[2026-05-23T16:33:24.242+0000] {logging_mixin.py:190} INFO - [2026-05-23T16:33:24.242+0000] {dag.py:4180} INFO - Setting next_dagrun for example_xcom_args_with_operators to None, run_after=None
[2026-05-23T16:33:24.254+0000] {processor.py:208} INFO - Processing /home/airflow/.local/lib/python3.12/site-packages/airflow/example_dags/example_xcomargs.py took 0.068 seconds
[2026-05-23T16:33:55.604+0000] {processor.py:186} INFO - Started process (PID=3069) to work on /home/airflow/.local/lib/python3.12/site-packages/airflow/example_dags/example_xcomargs.py
[2026-05-23T16:33:55.605+0000] {processor.py:914} INFO - Processing file /home/airflow/.local/lib/python3.12/site-packages/airflow/example_dags/example_xcomargs.py for tasks to queue
[2026-05-23T16:33:55.606+0000] {logging_mixin.py:190} INFO - [2026-05-23T16:33:55.606+0000] {dagbag.py:588} INFO - Filling up the DagBag from /home/airflow/.local/lib/python3.12/site-packages/airflow/example_dags/example_xcomargs.py
[2026-05-23T16:33:55.614+0000] {processor.py:925} INFO - DAG(s) 'example_xcom_args_with_operators', 'example_xcom_args' retrieved from /home/airflow/.local/lib/python3.12/site-packages/airflow/example_dags/example_xcomargs.py
[2026-05-23T16:33:55.636+0000] {logging_mixin.py:190} INFO - [2026-05-23T16:33:55.636+0000] {dag.py:3239} INFO - Sync 2 DAGs
[2026-05-23T16:33:55.653+0000] {logging_mixin.py:190} INFO - [2026-05-23T16:33:55.653+0000] {dag.py:4180} INFO - Setting next_dagrun for example_xcom_args to None, run_after=None
[2026-05-23T16:33:55.657+0000] {logging_mixin.py:190} INFO - [2026-05-23T16:33:55.657+0000] {dag.py:4180} INFO - Setting next_dagrun for example_xcom_args_with_operators to None, run_after=None
[2026-05-23T16:33:55.671+0000] {processor.py:208} INFO - Processing /home/airflow/.local/lib/python3.12/site-packages/airflow/example_dags/example_xcomargs.py took 0.071 seconds
[2026-05-23T16:34:25.808+0000] {processor.py:186} INFO - Started process (PID=3133) to work on /home/airflow/.local/lib/python3.12/site-packages/airflow/example_dags/example_xcomargs.py
[2026-05-23T16:34:25.809+0000] {processor.py:914} INFO - Processing file /home/airflow/.local/lib/python3.12/site-packages/airflow/example_dags/example_xcomargs.py for tasks to queue
[2026-05-23T16:34:25.810+0000] {logging_mixin.py:190} INFO - [2026-05-23T16:34:25.810+0000] {dagbag.py:588} INFO - Filling up the DagBag from /home/airflow/.local/lib/python3.12/site-packages/airflow/example_dags/example_xcomargs.py
[2026-05-23T16:34:25.818+0000] {processor.py:925} INFO - DAG(s) 'example_xcom_args', 'example_xcom_args_with_operators' retrieved from /home/airflow/.local/lib/python3.12/site-packages/airflow/example_dags/example_xcomargs.py
[2026-05-23T16:34:25.835+0000] {logging_mixin.py:190} INFO - [2026-05-23T16:34:25.835+0000] {dag.py:3239} INFO - Sync 2 DAGs
[2026-05-23T16:34:25.847+0000] {logging_mixin.py:190} INFO - [2026-05-23T16:34:25.847+0000] {dag.py:4180} INFO - Setting next_dagrun for example_xcom_args to None, run_after=None
[2026-05-23T16:34:25.850+0000] {logging_mixin.py:190} INFO - [2026-05-23T16:34:25.850+0000] {dag.py:4180} INFO - Setting next_dagrun for example_xcom_args_with_operators to None, run_after=None
[2026-05-23T16:34:25.862+0000] {processor.py:208} INFO - Processing /home/airflow/.local/lib/python3.12/site-packages/airflow/example_dags/example_xcomargs.py took 0.058 seconds
[2026-05-23T16:34:57.456+0000] {processor.py:186} INFO - Started process (PID=3199) to work on /home/airflow/.local/lib/python3.12/site-packages/airflow/example_dags/example_xcomargs.py
[2026-05-23T16:34:57.457+0000] {processor.py:914} INFO - Processing file /home/airflow/.local/lib/python3.12/site-packages/airflow/example_dags/example_xcomargs.py for tasks to queue
[2026-05-23T16:34:57.461+0000] {logging_mixin.py:190} INFO - [2026-05-23T16:34:57.461+0000] {dagbag.py:588} INFO - Filling up the DagBag from /home/airflow/.local/lib/python3.12/site-packages/airflow/example_dags/example_xcomargs.py
[2026-05-23T16:34:57.479+0000] {processor.py:925} INFO - DAG(s) 'example_xcom_args_with_operators', 'example_xcom_args' retrieved from /home/airflow/.local/lib/python3.12/site-packages/airflow/example_dags/example_xcomargs.py
[2026-05-23T16:34:57.514+0000] {logging_mixin.py:190} INFO - [2026-05-23T16:34:57.514+0000] {dag.py:3239} INFO - Sync 2 DAGs
[2026-05-23T16:34:57.535+0000] {logging_mixin.py:190} INFO - [2026-05-23T16:34:57.535+0000] {dag.py:4180} INFO - Setting next_dagrun for example_xcom_args to None, run_after=None
[2026-05-23T16:34:57.539+0000] {logging_mixin.py:190} INFO - [2026-05-23T16:34:57.538+0000] {dag.py:4180} INFO - Setting next_dagrun for example_xcom_args_with_operators to None, run_after=None
[2026-05-23T16:34:57.554+0000] {processor.py:208} INFO - Processing /home/airflow/.local/lib/python3.12/site-packages/airflow/example_dags/example_xcomargs.py took 0.116 seconds
[2026-05-23T16:35:28.189+0000] {processor.py:186} INFO - Started process (PID=3263) to work on /home/airflow/.local/lib/python3.12/site-packages/airflow/example_dags/example_xcomargs.py
[2026-05-23T16:35:28.189+0000] {processor.py:914} INFO - Processing file /home/airflow/.local/lib/python3.12/site-packages/airflow/example_dags/example_xcomargs.py for tasks to queue
[2026-05-23T16:35:28.191+0000] {logging_mixin.py:190} INFO - [2026-05-23T16:35:28.190+0000] {dagbag.py:588} INFO - Filling up the DagBag from /home/airflow/.local/lib/python3.12/site-packages/airflow/example_dags/example_xcomargs.py
[2026-05-23T16:35:28.198+0000] {processor.py:925} INFO - DAG(s) 'example_xcom_args_with_operators', 'example_xcom_args' retrieved from /home/airflow/.local/lib/python3.12/site-packages/airflow/example_dags/example_xcomargs.py
[2026-05-23T16:35:28.220+0000] {logging_mixin.py:190} INFO - [2026-05-23T16:35:28.220+0000] {dag.py:3239} INFO - Sync 2 DAGs
[2026-05-23T16:35:28.236+0000] {logging_mixin.py:190} INFO - [2026-05-23T16:35:28.236+0000] {dag.py:4180} INFO - Setting next_dagrun for example_xcom_args to None, run_after=None
[2026-05-23T16:35:28.240+0000] {logging_mixin.py:190} INFO - [2026-05-23T16:35:28.240+0000] {dag.py:4180} INFO - Setting next_dagrun for example_xcom_args_with_operators to None, run_after=None
[2026-05-23T16:35:28.255+0000] {processor.py:208} INFO - Processing /home/airflow/.local/lib/python3.12/site-packages/airflow/example_dags/example_xcomargs.py took 0.070 seconds
[2026-05-23T16:35:59.745+0000] {processor.py:186} INFO - Started process (PID=3329) to work on /home/airflow/.local/lib/python3.12/site-packages/airflow/example_dags/example_xcomargs.py
[2026-05-23T16:35:59.746+0000] {processor.py:914} INFO - Processing file /home/airflow/.local/lib/python3.12/site-packages/airflow/example_dags/example_xcomargs.py for tasks to queue
[2026-05-23T16:35:59.748+0000] {logging_mixin.py:190} INFO - [2026-05-23T16:35:59.748+0000] {dagbag.py:588} INFO - Filling up the DagBag from /home/airflow/.local/lib/python3.12/site-packages/airflow/example_dags/example_xcomargs.py
[2026-05-23T16:35:59.756+0000] {processor.py:925} INFO - DAG(s) 'example_xcom_args', 'example_xcom_args_with_operators' retrieved from /home/airflow/.local/lib/python3.12/site-packages/airflow/example_dags/example_xcomargs.py
[2026-05-23T16:35:59.775+0000] {logging_mixin.py:190} INFO - [2026-05-23T16:35:59.775+0000] {dag.py:3239} INFO - Sync 2 DAGs
[2026-05-23T16:35:59.786+0000] {logging_mixin.py:190} INFO - [2026-05-23T16:35:59.786+0000] {dag.py:4180} INFO - Setting next_dagrun for example_xcom_args to None, run_after=None
[2026-05-23T16:35:59.789+0000] {logging_mixin.py:190} INFO - [2026-05-23T16:35:59.789+0000] {dag.py:4180} INFO - Setting next_dagrun for example_xcom_args_with_operators to None, run_after=None
[2026-05-23T16:35:59.802+0000] {processor.py:208} INFO - Processing /home/airflow/.local/lib/python3.12/site-packages/airflow/example_dags/example_xcomargs.py took 0.062 seconds
[2026-05-23T16:36:31.041+0000] {processor.py:186} INFO - Started process (PID=3394) to work on /home/airflow/.local/lib/python3.12/site-packages/airflow/example_dags/example_xcomargs.py
[2026-05-23T16:36:31.041+0000] {processor.py:914} INFO - Processing file /home/airflow/.local/lib/python3.12/site-packages/airflow/example_dags/example_xcomargs.py for tasks to queue
[2026-05-23T16:36:31.043+0000] {logging_mixin.py:190} INFO - [2026-05-23T16:36:31.043+0000] {dagbag.py:588} INFO - Filling up the DagBag from /home/airflow/.local/lib/python3.12/site-packages/airflow/example_dags/example_xcomargs.py
[2026-05-23T16:36:31.051+0000] {processor.py:925} INFO - DAG(s) 'example_xcom_args_with_operators', 'example_xcom_args' retrieved from /home/airflow/.local/lib/python3.12/site-packages/airflow/example_dags/example_xcomargs.py
[2026-05-23T16:36:31.068+0000] {logging_mixin.py:190} INFO - [2026-05-23T16:36:31.068+0000] {dag.py:3239} INFO - Sync 2 DAGs
[2026-05-23T16:36:31.079+0000] {logging_mixin.py:190} INFO - [2026-05-23T16:36:31.079+0000] {dag.py:4180} INFO - Setting next_dagrun for example_xcom_args to None, run_after=None
[2026-05-23T16:36:31.082+0000] {logging_mixin.py:190} INFO - [2026-05-23T16:36:31.082+0000] {dag.py:4180} INFO - Setting next_dagrun for example_xcom_args_with_operators to None, run_after=None
[2026-05-23T16:36:31.093+0000] {processor.py:208} INFO - Processing /home/airflow/.local/lib/python3.12/site-packages/airflow/example_dags/example_xcomargs.py took 0.057 seconds
[2026-05-23T16:37:02.106+0000] {processor.py:186} INFO - Started process (PID=3459) to work on /home/airflow/.local/lib/python3.12/site-packages/airflow/example_dags/example_xcomargs.py
[2026-05-23T16:37:02.107+0000] {processor.py:914} INFO - Processing file /home/airflow/.local/lib/python3.12/site-packages/airflow/example_dags/example_xcomargs.py for tasks to queue
[2026-05-23T16:37:02.109+0000] {logging_mixin.py:190} INFO - [2026-05-23T16:37:02.109+0000] {dagbag.py:588} INFO - Filling up the DagBag from /home/airflow/.local/lib/python3.12/site-packages/airflow/example_dags/example_xcomargs.py
[2026-05-23T16:37:02.117+0000] {processor.py:925} INFO - DAG(s) 'example_xcom_args_with_operators', 'example_xcom_args' retrieved from /home/airflow/.local/lib/python3.12/site-packages/airflow/example_dags/example_xcomargs.py
[2026-05-23T16:37:02.137+0000] {logging_mixin.py:190} INFO - [2026-05-23T16:37:02.137+0000] {dag.py:3239} INFO - Sync 2 DAGs
[2026-05-23T16:37:02.156+0000] {logging_mixin.py:190} INFO - [2026-05-23T16:37:02.155+0000] {dag.py:4180} INFO - Setting next_dagrun for example_xcom_args to None, run_after=None
[2026-05-23T16:37:02.160+0000] {logging_mixin.py:190} INFO - [2026-05-23T16:37:02.160+0000] {dag.py:4180} INFO - Setting next_dagrun for example_xcom_args_with_operators to None, run_after=None
[2026-05-23T16:37:02.175+0000] {processor.py:208} INFO - Processing /home/airflow/.local/lib/python3.12/site-packages/airflow/example_dags/example_xcomargs.py took 0.073 seconds
[2026-05-23T16:37:32.792+0000] {processor.py:186} INFO - Started process (PID=3524) to work on /home/airflow/.local/lib/python3.12/site-packages/airflow/example_dags/example_xcomargs.py
[2026-05-23T16:37:32.793+0000] {processor.py:914} INFO - Processing file /home/airflow/.local/lib/python3.12/site-packages/airflow/example_dags/example_xcomargs.py for tasks to queue
[2026-05-23T16:37:32.794+0000] {logging_mixin.py:190} INFO - [2026-05-23T16:37:32.794+0000] {dagbag.py:588} INFO - Filling up the DagBag from /home/airflow/.local/lib/python3.12/site-packages/airflow/example_dags/example_xcomargs.py
[2026-05-23T16:37:32.802+0000] {processor.py:925} INFO - DAG(s) 'example_xcom_args', 'example_xcom_args_with_operators' retrieved from /home/airflow/.local/lib/python3.12/site-packages/airflow/example_dags/example_xcomargs.py
[2026-05-23T16:37:32.820+0000] {logging_mixin.py:190} INFO - [2026-05-23T16:37:32.820+0000] {dag.py:3239} INFO - Sync 2 DAGs
[2026-05-23T16:37:32.831+0000] {logging_mixin.py:190} INFO - [2026-05-23T16:37:32.831+0000] {dag.py:4180} INFO - Setting next_dagrun for example_xcom_args to None, run_after=None
[2026-05-23T16:37:32.834+0000] {logging_mixin.py:190} INFO - [2026-05-23T16:37:32.834+0000] {dag.py:4180} INFO - Setting next_dagrun for example_xcom_args_with_operators to None, run_after=None
[2026-05-23T16:37:32.846+0000] {processor.py:208} INFO - Processing /home/airflow/.local/lib/python3.12/site-packages/airflow/example_dags/example_xcomargs.py took 0.060 seconds
[2026-05-23T16:38:04.046+0000] {processor.py:186} INFO - Started process (PID=3589) to work on /home/airflow/.local/lib/python3.12/site-packages/airflow/example_dags/example_xcomargs.py
[2026-05-23T16:38:04.046+0000] {processor.py:914} INFO - Processing file /home/airflow/.local/lib/python3.12/site-packages/airflow/example_dags/example_xcomargs.py for tasks to queue
[2026-05-23T16:38:04.048+0000] {logging_mixin.py:190} INFO - [2026-05-23T16:38:04.048+0000] {dagbag.py:588} INFO - Filling up the DagBag from /home/airflow/.local/lib/python3.12/site-packages/airflow/example_dags/example_xcomargs.py
[2026-05-23T16:38:04.060+0000] {processor.py:925} INFO - DAG(s) 'example_xcom_args', 'example_xcom_args_with_operators' retrieved from /home/airflow/.local/lib/python3.12/site-packages/airflow/example_dags/example_xcomargs.py
[2026-05-23T16:38:04.083+0000] {logging_mixin.py:190} INFO - [2026-05-23T16:38:04.083+0000] {dag.py:3239} INFO - Sync 2 DAGs
[2026-05-23T16:38:04.101+0000] {logging_mixin.py:190} INFO - [2026-05-23T16:38:04.101+0000] {dag.py:4180} INFO - Setting next_dagrun for example_xcom_args to None, run_after=None
[2026-05-23T16:38:04.105+0000] {logging_mixin.py:190} INFO - [2026-05-23T16:38:04.105+0000] {dag.py:4180} INFO - Setting next_dagrun for example_xcom_args_with_operators to None, run_after=None
[2026-05-23T16:38:04.120+0000] {processor.py:208} INFO - Processing /home/airflow/.local/lib/python3.12/site-packages/airflow/example_dags/example_xcomargs.py took 0.078 seconds
[2026-05-23T16:38:35.382+0000] {processor.py:186} INFO - Started process (PID=3654) to work on /home/airflow/.local/lib/python3.12/site-packages/airflow/example_dags/example_xcomargs.py
[2026-05-23T16:38:35.382+0000] {processor.py:914} INFO - Processing file /home/airflow/.local/lib/python3.12/site-packages/airflow/example_dags/example_xcomargs.py for tasks to queue
[2026-05-23T16:38:35.384+0000] {logging_mixin.py:190} INFO - [2026-05-23T16:38:35.383+0000] {dagbag.py:588} INFO - Filling up the DagBag from /home/airflow/.local/lib/python3.12/site-packages/airflow/example_dags/example_xcomargs.py
[2026-05-23T16:38:35.391+0000] {processor.py:925} INFO - DAG(s) 'example_xcom_args', 'example_xcom_args_with_operators' retrieved from /home/airflow/.local/lib/python3.12/site-packages/airflow/example_dags/example_xcomargs.py
[2026-05-23T16:38:35.408+0000] {logging_mixin.py:190} INFO - [2026-05-23T16:38:35.408+0000] {dag.py:3239} INFO - Sync 2 DAGs
[2026-05-23T16:38:35.420+0000] {logging_mixin.py:190} INFO - [2026-05-23T16:38:35.420+0000] {dag.py:4180} INFO - Setting next_dagrun for example_xcom_args to None, run_after=None
[2026-05-23T16:38:35.423+0000] {logging_mixin.py:190} INFO - [2026-05-23T16:38:35.423+0000] {dag.py:4180} INFO - Setting next_dagrun for example_xcom_args_with_operators to None, run_after=None
[2026-05-23T16:38:35.437+0000] {processor.py:208} INFO - Processing /home/airflow/.local/lib/python3.12/site-packages/airflow/example_dags/example_xcomargs.py took 0.060 seconds
[2026-05-23T16:39:05.675+0000] {processor.py:186} INFO - Started process (PID=3718) to work on /home/airflow/.local/lib/python3.12/site-packages/airflow/example_dags/example_xcomargs.py
[2026-05-23T16:39:05.676+0000] {processor.py:914} INFO - Processing file /home/airflow/.local/lib/python3.12/site-packages/airflow/example_dags/example_xcomargs.py for tasks to queue
[2026-05-23T16:39:05.678+0000] {logging_mixin.py:190} INFO - [2026-05-23T16:39:05.678+0000] {dagbag.py:588} INFO - Filling up the DagBag from /home/airflow/.local/lib/python3.12/site-packages/airflow/example_dags/example_xcomargs.py
[2026-05-23T16:39:05.688+0000] {processor.py:925} INFO - DAG(s) 'example_xcom_args_with_operators', 'example_xcom_args' retrieved from /home/airflow/.local/lib/python3.12/site-packages/airflow/example_dags/example_xcomargs.py
[2026-05-23T16:39:05.706+0000] {logging_mixin.py:190} INFO - [2026-05-23T16:39:05.706+0000] {dag.py:3239} INFO - Sync 2 DAGs
[2026-05-23T16:39:05.718+0000] {logging_mixin.py:190} INFO - [2026-05-23T16:39:05.718+0000] {dag.py:4180} INFO - Setting next_dagrun for example_xcom_args to None, run_after=None
[2026-05-23T16:39:05.721+0000] {logging_mixin.py:190} INFO - [2026-05-23T16:39:05.721+0000] {dag.py:4180} INFO - Setting next_dagrun for example_xcom_args_with_operators to None, run_after=None
[2026-05-23T16:39:05.734+0000] {processor.py:208} INFO - Processing /home/airflow/.local/lib/python3.12/site-packages/airflow/example_dags/example_xcomargs.py took 0.065 seconds
[2026-05-23T16:39:35.944+0000] {processor.py:186} INFO - Started process (PID=3782) to work on /home/airflow/.local/lib/python3.12/site-packages/airflow/example_dags/example_xcomargs.py
[2026-05-23T16:39:35.944+0000] {processor.py:914} INFO - Processing file /home/airflow/.local/lib/python3.12/site-packages/airflow/example_dags/example_xcomargs.py for tasks to queue
[2026-05-23T16:39:35.946+0000] {logging_mixin.py:190} INFO - [2026-05-23T16:39:35.946+0000] {dagbag.py:588} INFO - Filling up the DagBag from /home/airflow/.local/lib/python3.12/site-packages/airflow/example_dags/example_xcomargs.py
[2026-05-23T16:39:35.953+0000] {processor.py:925} INFO - DAG(s) 'example_xcom_args_with_operators', 'example_xcom_args' retrieved from /home/airflow/.local/lib/python3.12/site-packages/airflow/example_dags/example_xcomargs.py
[2026-05-23T16:39:35.971+0000] {logging_mixin.py:190} INFO - [2026-05-23T16:39:35.971+0000] {dag.py:3239} INFO - Sync 2 DAGs
[2026-05-23T16:39:35.983+0000] {logging_mixin.py:190} INFO - [2026-05-23T16:39:35.983+0000] {dag.py:4180} INFO - Setting next_dagrun for example_xcom_args to None, run_after=None
[2026-05-23T16:39:35.986+0000] {logging_mixin.py:190} INFO - [2026-05-23T16:39:35.986+0000] {dag.py:4180} INFO - Setting next_dagrun for example_xcom_args_with_operators to None, run_after=None
[2026-05-23T16:39:35.997+0000] {processor.py:208} INFO - Processing /home/airflow/.local/lib/python3.12/site-packages/airflow/example_dags/example_xcomargs.py took 0.058 seconds
[2026-05-23T16:40:06.249+0000] {processor.py:186} INFO - Started process (PID=3846) to work on /home/airflow/.local/lib/python3.12/site-packages/airflow/example_dags/example_xcomargs.py
[2026-05-23T16:40:06.250+0000] {processor.py:914} INFO - Processing file /home/airflow/.local/lib/python3.12/site-packages/airflow/example_dags/example_xcomargs.py for tasks to queue
[2026-05-23T16:40:06.252+0000] {logging_mixin.py:190} INFO - [2026-05-23T16:40:06.252+0000] {dagbag.py:588} INFO - Filling up the DagBag from /home/airflow/.local/lib/python3.12/site-packages/airflow/example_dags/example_xcomargs.py
[2026-05-23T16:40:06.261+0000] {processor.py:925} INFO - DAG(s) 'example_xcom_args_with_operators', 'example_xcom_args' retrieved from /home/airflow/.local/lib/python3.12/site-packages/airflow/example_dags/example_xcomargs.py
[2026-05-23T16:40:06.277+0000] {logging_mixin.py:190} INFO - [2026-05-23T16:40:06.277+0000] {dag.py:3239} INFO - Sync 2 DAGs
[2026-05-23T16:40:06.288+0000] {logging_mixin.py:190} INFO - [2026-05-23T16:40:06.288+0000] {dag.py:4180} INFO - Setting next_dagrun for example_xcom_args to None, run_after=None
[2026-05-23T16:40:06.291+0000] {logging_mixin.py:190} INFO - [2026-05-23T16:40:06.291+0000] {dag.py:4180} INFO - Setting next_dagrun for example_xcom_args_with_operators to None, run_after=None
[2026-05-23T16:40:06.303+0000] {processor.py:208} INFO - Processing /home/airflow/.local/lib/python3.12/site-packages/airflow/example_dags/example_xcomargs.py took 0.058 seconds
[2026-05-23T16:40:36.844+0000] {processor.py:186} INFO - Started process (PID=3912) to work on /home/airflow/.local/lib/python3.12/site-packages/airflow/example_dags/example_xcomargs.py
[2026-05-23T16:40:36.845+0000] {processor.py:914} INFO - Processing file /home/airflow/.local/lib/python3.12/site-packages/airflow/example_dags/example_xcomargs.py for tasks to queue
[2026-05-23T16:40:36.847+0000] {logging_mixin.py:190} INFO - [2026-05-23T16:40:36.847+0000] {dagbag.py:588} INFO - Filling up the DagBag from /home/airflow/.local/lib/python3.12/site-packages/airflow/example_dags/example_xcomargs.py
[2026-05-23T16:40:36.857+0000] {processor.py:925} INFO - DAG(s) 'example_xcom_args_with_operators', 'example_xcom_args' retrieved from /home/airflow/.local/lib/python3.12/site-packages/airflow/example_dags/example_xcomargs.py
[2026-05-23T16:40:36.880+0000] {logging_mixin.py:190} INFO - [2026-05-23T16:40:36.880+0000] {dag.py:3239} INFO - Sync 2 DAGs
[2026-05-23T16:40:36.897+0000] {logging_mixin.py:190} INFO - [2026-05-23T16:40:36.897+0000] {dag.py:4180} INFO - Setting next_dagrun for example_xcom_args to None, run_after=None
[2026-05-23T16:40:36.901+0000] {logging_mixin.py:190} INFO - [2026-05-23T16:40:36.901+0000] {dag.py:4180} INFO - Setting next_dagrun for example_xcom_args_with_operators to None, run_after=None
[2026-05-23T16:40:36.916+0000] {processor.py:208} INFO - Processing /home/airflow/.local/lib/python3.12/site-packages/airflow/example_dags/example_xcomargs.py took 0.077 seconds
[2026-05-23T16:41:07.036+0000] {processor.py:186} INFO - Started process (PID=3976) to work on /home/airflow/.local/lib/python3.12/site-packages/airflow/example_dags/example_xcomargs.py
[2026-05-23T16:41:07.037+0000] {processor.py:914} INFO - Processing file /home/airflow/.local/lib/python3.12/site-packages/airflow/example_dags/example_xcomargs.py for tasks to queue
[2026-05-23T16:41:07.039+0000] {logging_mixin.py:190} INFO - [2026-05-23T16:41:07.039+0000] {dagbag.py:588} INFO - Filling up the DagBag from /home/airflow/.local/lib/python3.12/site-packages/airflow/example_dags/example_xcomargs.py
[2026-05-23T16:41:07.048+0000] {processor.py:925} INFO - DAG(s) 'example_xcom_args_with_operators', 'example_xcom_args' retrieved from /home/airflow/.local/lib/python3.12/site-packages/airflow/example_dags/example_xcomargs.py
[2026-05-23T16:41:07.071+0000] {logging_mixin.py:190} INFO - [2026-05-23T16:41:07.071+0000] {dag.py:3239} INFO - Sync 2 DAGs
[2026-05-23T16:41:07.088+0000] {logging_mixin.py:190} INFO - [2026-05-23T16:41:07.088+0000] {dag.py:4180} INFO - Setting next_dagrun for example_xcom_args to None, run_after=None
[2026-05-23T16:41:07.092+0000] {logging_mixin.py:190} INFO - [2026-05-23T16:41:07.092+0000] {dag.py:4180} INFO - Setting next_dagrun for example_xcom_args_with_operators to None, run_after=None
[2026-05-23T16:41:07.107+0000] {processor.py:208} INFO - Processing /home/airflow/.local/lib/python3.12/site-packages/airflow/example_dags/example_xcomargs.py took 0.079 seconds
[2026-05-23T16:41:37.691+0000] {processor.py:186} INFO - Started process (PID=4042) to work on /home/airflow/.local/lib/python3.12/site-packages/airflow/example_dags/example_xcomargs.py
[2026-05-23T16:41:37.692+0000] {processor.py:914} INFO - Processing file /home/airflow/.local/lib/python3.12/site-packages/airflow/example_dags/example_xcomargs.py for tasks to queue
[2026-05-23T16:41:37.694+0000] {logging_mixin.py:190} INFO - [2026-05-23T16:41:37.694+0000] {dagbag.py:588} INFO - Filling up the DagBag from /home/airflow/.local/lib/python3.12/site-packages/airflow/example_dags/example_xcomargs.py
[2026-05-23T16:41:37.702+0000] {processor.py:925} INFO - DAG(s) 'example_xcom_args', 'example_xcom_args_with_operators' retrieved from /home/airflow/.local/lib/python3.12/site-packages/airflow/example_dags/example_xcomargs.py
[2026-05-23T16:41:37.722+0000] {logging_mixin.py:190} INFO - [2026-05-23T16:41:37.721+0000] {dag.py:3239} INFO - Sync 2 DAGs
[2026-05-23T16:41:37.735+0000] {logging_mixin.py:190} INFO - [2026-05-23T16:41:37.734+0000] {dag.py:4180} INFO - Setting next_dagrun for example_xcom_args to None, run_after=None
[2026-05-23T16:41:37.737+0000] {logging_mixin.py:190} INFO - [2026-05-23T16:41:37.737+0000] {dag.py:4180} INFO - Setting next_dagrun for example_xcom_args_with_operators to None, run_after=None
[2026-05-23T16:41:37.749+0000] {processor.py:208} INFO - Processing /home/airflow/.local/lib/python3.12/site-packages/airflow/example_dags/example_xcomargs.py took 0.063 seconds
[2026-05-23T16:42:07.773+0000] {processor.py:186} INFO - Started process (PID=4106) to work on /home/airflow/.local/lib/python3.12/site-packages/airflow/example_dags/example_xcomargs.py
[2026-05-23T16:42:07.773+0000] {processor.py:914} INFO - Processing file /home/airflow/.local/lib/python3.12/site-packages/airflow/example_dags/example_xcomargs.py for tasks to queue
[2026-05-23T16:42:07.775+0000] {logging_mixin.py:190} INFO - [2026-05-23T16:42:07.775+0000] {dagbag.py:588} INFO - Filling up the DagBag from /home/airflow/.local/lib/python3.12/site-packages/airflow/example_dags/example_xcomargs.py
[2026-05-23T16:42:07.783+0000] {processor.py:925} INFO - DAG(s) 'example_xcom_args_with_operators', 'example_xcom_args' retrieved from /home/airflow/.local/lib/python3.12/site-packages/airflow/example_dags/example_xcomargs.py
[2026-05-23T16:42:07.800+0000] {logging_mixin.py:190} INFO - [2026-05-23T16:42:07.799+0000] {dag.py:3239} INFO - Sync 2 DAGs
[2026-05-23T16:42:07.811+0000] {logging_mixin.py:190} INFO - [2026-05-23T16:42:07.811+0000] {dag.py:4180} INFO - Setting next_dagrun for example_xcom_args to None, run_after=None
[2026-05-23T16:42:07.814+0000] {logging_mixin.py:190} INFO - [2026-05-23T16:42:07.813+0000] {dag.py:4180} INFO - Setting next_dagrun for example_xcom_args_with_operators to None, run_after=None
[2026-05-23T16:42:07.824+0000] {processor.py:208} INFO - Processing /home/airflow/.local/lib/python3.12/site-packages/airflow/example_dags/example_xcomargs.py took 0.056 seconds
[2026-05-23T16:42:38.464+0000] {processor.py:186} INFO - Started process (PID=4171) to work on /home/airflow/.local/lib/python3.12/site-packages/airflow/example_dags/example_xcomargs.py
[2026-05-23T16:42:38.464+0000] {processor.py:914} INFO - Processing file /home/airflow/.local/lib/python3.12/site-packages/airflow/example_dags/example_xcomargs.py for tasks to queue
[2026-05-23T16:42:38.466+0000] {logging_mixin.py:190} INFO - [2026-05-23T16:42:38.466+0000] {dagbag.py:588} INFO - Filling up the DagBag from /home/airflow/.local/lib/python3.12/site-packages/airflow/example_dags/example_xcomargs.py
[2026-05-23T16:42:38.475+0000] {processor.py:925} INFO - DAG(s) 'example_xcom_args_with_operators', 'example_xcom_args' retrieved from /home/airflow/.local/lib/python3.12/site-packages/airflow/example_dags/example_xcomargs.py
[2026-05-23T16:42:38.495+0000] {logging_mixin.py:190} INFO - [2026-05-23T16:42:38.495+0000] {dag.py:3239} INFO - Sync 2 DAGs
[2026-05-23T16:42:38.697+0000] {logging_mixin.py:190} INFO - [2026-05-23T16:42:38.697+0000] {dag.py:4180} INFO - Setting next_dagrun for example_xcom_args to None, run_after=None
[2026-05-23T16:42:38.700+0000] {logging_mixin.py:190} INFO - [2026-05-23T16:42:38.700+0000] {dag.py:4180} INFO - Setting next_dagrun for example_xcom_args_with_operators to None, run_after=None
[2026-05-23T16:42:38.711+0000] {processor.py:208} INFO - Processing /home/airflow/.local/lib/python3.12/site-packages/airflow/example_dags/example_xcomargs.py took 0.253 seconds
[2026-05-23T16:43:08.836+0000] {processor.py:186} INFO - Started process (PID=4236) to work on /home/airflow/.local/lib/python3.12/site-packages/airflow/example_dags/example_xcomargs.py
[2026-05-23T16:43:08.837+0000] {processor.py:914} INFO - Processing file /home/airflow/.local/lib/python3.12/site-packages/airflow/example_dags/example_xcomargs.py for tasks to queue
[2026-05-23T16:43:08.839+0000] {logging_mixin.py:190} INFO - [2026-05-23T16:43:08.839+0000] {dagbag.py:588} INFO - Filling up the DagBag from /home/airflow/.local/lib/python3.12/site-packages/airflow/example_dags/example_xcomargs.py
[2026-05-23T16:43:08.849+0000] {processor.py:925} INFO - DAG(s) 'example_xcom_args_with_operators', 'example_xcom_args' retrieved from /home/airflow/.local/lib/python3.12/site-packages/airflow/example_dags/example_xcomargs.py
[2026-05-23T16:43:08.871+0000] {logging_mixin.py:190} INFO - [2026-05-23T16:43:08.871+0000] {dag.py:3239} INFO - Sync 2 DAGs
[2026-05-23T16:43:09.033+0000] {logging_mixin.py:190} INFO - [2026-05-23T16:43:09.033+0000] {dag.py:4180} INFO - Setting next_dagrun for example_xcom_args to None, run_after=None
[2026-05-23T16:43:09.036+0000] {logging_mixin.py:190} INFO - [2026-05-23T16:43:09.036+0000] {dag.py:4180} INFO - Setting next_dagrun for example_xcom_args_with_operators to None, run_after=None
[2026-05-23T16:43:09.048+0000] {processor.py:208} INFO - Processing /home/airflow/.local/lib/python3.12/site-packages/airflow/example_dags/example_xcomargs.py took 0.216 seconds
[2026-05-23T16:43:39.403+0000] {processor.py:186} INFO - Started process (PID=4301) to work on /home/airflow/.local/lib/python3.12/site-packages/airflow/example_dags/example_xcomargs.py
[2026-05-23T16:43:39.403+0000] {processor.py:914} INFO - Processing file /home/airflow/.local/lib/python3.12/site-packages/airflow/example_dags/example_xcomargs.py for tasks to queue
[2026-05-23T16:43:39.406+0000] {logging_mixin.py:190} INFO - [2026-05-23T16:43:39.406+0000] {dagbag.py:588} INFO - Filling up the DagBag from /home/airflow/.local/lib/python3.12/site-packages/airflow/example_dags/example_xcomargs.py
[2026-05-23T16:43:39.417+0000] {processor.py:925} INFO - DAG(s) 'example_xcom_args', 'example_xcom_args_with_operators' retrieved from /home/airflow/.local/lib/python3.12/site-packages/airflow/example_dags/example_xcomargs.py
[2026-05-23T16:43:39.441+0000] {logging_mixin.py:190} INFO - [2026-05-23T16:43:39.440+0000] {dag.py:3239} INFO - Sync 2 DAGs
[2026-05-23T16:43:39.458+0000] {logging_mixin.py:190} INFO - [2026-05-23T16:43:39.458+0000] {dag.py:4180} INFO - Setting next_dagrun for example_xcom_args to None, run_after=None
[2026-05-23T16:43:39.462+0000] {logging_mixin.py:190} INFO - [2026-05-23T16:43:39.462+0000] {dag.py:4180} INFO - Setting next_dagrun for example_xcom_args_with_operators to None, run_after=None
[2026-05-23T16:43:39.647+0000] {processor.py:208} INFO - Processing /home/airflow/.local/lib/python3.12/site-packages/airflow/example_dags/example_xcomargs.py took 0.251 seconds
[2026-05-23T16:44:10.636+0000] {processor.py:186} INFO - Started process (PID=4366) to work on /home/airflow/.local/lib/python3.12/site-packages/airflow/example_dags/example_xcomargs.py
[2026-05-23T16:44:10.637+0000] {processor.py:914} INFO - Processing file /home/airflow/.local/lib/python3.12/site-packages/airflow/example_dags/example_xcomargs.py for tasks to queue
[2026-05-23T16:44:10.638+0000] {logging_mixin.py:190} INFO - [2026-05-23T16:44:10.638+0000] {dagbag.py:588} INFO - Filling up the DagBag from /home/airflow/.local/lib/python3.12/site-packages/airflow/example_dags/example_xcomargs.py
[2026-05-23T16:44:10.647+0000] {processor.py:925} INFO - DAG(s) 'example_xcom_args_with_operators', 'example_xcom_args' retrieved from /home/airflow/.local/lib/python3.12/site-packages/airflow/example_dags/example_xcomargs.py
[2026-05-23T16:44:10.666+0000] {logging_mixin.py:190} INFO - [2026-05-23T16:44:10.666+0000] {dag.py:3239} INFO - Sync 2 DAGs
[2026-05-23T16:44:10.677+0000] {logging_mixin.py:190} INFO - [2026-05-23T16:44:10.677+0000] {dag.py:4180} INFO - Setting next_dagrun for example_xcom_args to None, run_after=None
[2026-05-23T16:44:10.680+0000] {logging_mixin.py:190} INFO - [2026-05-23T16:44:10.680+0000] {dag.py:4180} INFO - Setting next_dagrun for example_xcom_args_with_operators to None, run_after=None
[2026-05-23T16:44:10.693+0000] {processor.py:208} INFO - Processing /home/airflow/.local/lib/python3.12/site-packages/airflow/example_dags/example_xcomargs.py took 0.062 seconds
[2026-05-23T16:49:26.846+0000] {processor.py:186} INFO - Started process (PID=67) to work on /home/airflow/.local/lib/python3.12/site-packages/airflow/example_dags/example_xcomargs.py
[2026-05-23T16:49:26.900+0000] {processor.py:914} INFO - Processing file /home/airflow/.local/lib/python3.12/site-packages/airflow/example_dags/example_xcomargs.py for tasks to queue
[2026-05-23T16:49:26.902+0000] {logging_mixin.py:190} INFO - [2026-05-23T16:49:26.902+0000] {dagbag.py:588} INFO - Filling up the DagBag from /home/airflow/.local/lib/python3.12/site-packages/airflow/example_dags/example_xcomargs.py
[2026-05-23T16:49:26.914+0000] {processor.py:925} INFO - DAG(s) 'example_xcom_args_with_operators', 'example_xcom_args' retrieved from /home/airflow/.local/lib/python3.12/site-packages/airflow/example_dags/example_xcomargs.py
[2026-05-23T16:49:26.946+0000] {logging_mixin.py:190} INFO - [2026-05-23T16:49:26.946+0000] {dag.py:3239} INFO - Sync 2 DAGs
[2026-05-23T16:49:26.963+0000] {logging_mixin.py:190} INFO - [2026-05-23T16:49:26.963+0000] {dag.py:4180} INFO - Setting next_dagrun for example_xcom_args to None, run_after=None
[2026-05-23T16:49:26.970+0000] {logging_mixin.py:190} INFO - [2026-05-23T16:49:26.967+0000] {dag.py:4180} INFO - Setting next_dagrun for example_xcom_args_with_operators to None, run_after=None
[2026-05-23T16:49:27.000+0000] {processor.py:208} INFO - Processing /home/airflow/.local/lib/python3.12/site-packages/airflow/example_dags/example_xcomargs.py took 0.158 seconds
[2026-05-23T16:49:57.793+0000] {processor.py:186} INFO - Started process (PID=138) to work on /home/airflow/.local/lib/python3.12/site-packages/airflow/example_dags/example_xcomargs.py
[2026-05-23T16:49:57.793+0000] {processor.py:914} INFO - Processing file /home/airflow/.local/lib/python3.12/site-packages/airflow/example_dags/example_xcomargs.py for tasks to queue
[2026-05-23T16:49:57.795+0000] {logging_mixin.py:190} INFO - [2026-05-23T16:49:57.795+0000] {dagbag.py:588} INFO - Filling up the DagBag from /home/airflow/.local/lib/python3.12/site-packages/airflow/example_dags/example_xcomargs.py
[2026-05-23T16:49:57.804+0000] {processor.py:925} INFO - DAG(s) 'example_xcom_args_with_operators', 'example_xcom_args' retrieved from /home/airflow/.local/lib/python3.12/site-packages/airflow/example_dags/example_xcomargs.py
[2026-05-23T16:49:57.827+0000] {logging_mixin.py:190} INFO - [2026-05-23T16:49:57.826+0000] {dag.py:3239} INFO - Sync 2 DAGs
[2026-05-23T16:49:57.840+0000] {logging_mixin.py:190} INFO - [2026-05-23T16:49:57.839+0000] {dag.py:4180} INFO - Setting next_dagrun for example_xcom_args to None, run_after=None
[2026-05-23T16:49:57.843+0000] {logging_mixin.py:190} INFO - [2026-05-23T16:49:57.843+0000] {dag.py:4180} INFO - Setting next_dagrun for example_xcom_args_with_operators to None, run_after=None
[2026-05-23T16:49:57.855+0000] {processor.py:208} INFO - Processing /home/airflow/.local/lib/python3.12/site-packages/airflow/example_dags/example_xcomargs.py took 0.067 seconds
[2026-05-23T16:50:28.722+0000] {processor.py:186} INFO - Started process (PID=211) to work on /home/airflow/.local/lib/python3.12/site-packages/airflow/example_dags/example_xcomargs.py
[2026-05-23T16:50:28.723+0000] {processor.py:914} INFO - Processing file /home/airflow/.local/lib/python3.12/site-packages/airflow/example_dags/example_xcomargs.py for tasks to queue
[2026-05-23T16:50:28.725+0000] {logging_mixin.py:190} INFO - [2026-05-23T16:50:28.724+0000] {dagbag.py:588} INFO - Filling up the DagBag from /home/airflow/.local/lib/python3.12/site-packages/airflow/example_dags/example_xcomargs.py
[2026-05-23T16:50:28.736+0000] {processor.py:925} INFO - DAG(s) 'example_xcom_args', 'example_xcom_args_with_operators' retrieved from /home/airflow/.local/lib/python3.12/site-packages/airflow/example_dags/example_xcomargs.py
[2026-05-23T16:50:28.760+0000] {logging_mixin.py:190} INFO - [2026-05-23T16:50:28.760+0000] {dag.py:3239} INFO - Sync 2 DAGs
[2026-05-23T16:50:28.775+0000] {logging_mixin.py:190} INFO - [2026-05-23T16:50:28.775+0000] {dag.py:4180} INFO - Setting next_dagrun for example_xcom_args to None, run_after=None
[2026-05-23T16:50:28.779+0000] {logging_mixin.py:190} INFO - [2026-05-23T16:50:28.778+0000] {dag.py:4180} INFO - Setting next_dagrun for example_xcom_args_with_operators to None, run_after=None
[2026-05-23T16:50:28.794+0000] {processor.py:208} INFO - Processing /home/airflow/.local/lib/python3.12/site-packages/airflow/example_dags/example_xcomargs.py took 0.076 seconds
[2026-05-23T16:51:00.104+0000] {processor.py:186} INFO - Started process (PID=279) to work on /home/airflow/.local/lib/python3.12/site-packages/airflow/example_dags/example_xcomargs.py
[2026-05-23T16:51:00.105+0000] {processor.py:914} INFO - Processing file /home/airflow/.local/lib/python3.12/site-packages/airflow/example_dags/example_xcomargs.py for tasks to queue
[2026-05-23T16:51:00.107+0000] {logging_mixin.py:190} INFO - [2026-05-23T16:51:00.107+0000] {dagbag.py:588} INFO - Filling up the DagBag from /home/airflow/.local/lib/python3.12/site-packages/airflow/example_dags/example_xcomargs.py
[2026-05-23T16:51:00.115+0000] {processor.py:925} INFO - DAG(s) 'example_xcom_args_with_operators', 'example_xcom_args' retrieved from /home/airflow/.local/lib/python3.12/site-packages/airflow/example_dags/example_xcomargs.py
[2026-05-23T16:51:00.134+0000] {logging_mixin.py:190} INFO - [2026-05-23T16:51:00.133+0000] {dag.py:3239} INFO - Sync 2 DAGs
[2026-05-23T16:51:00.148+0000] {logging_mixin.py:190} INFO - [2026-05-23T16:51:00.148+0000] {dag.py:4180} INFO - Setting next_dagrun for example_xcom_args to None, run_after=None
[2026-05-23T16:51:00.152+0000] {logging_mixin.py:190} INFO - [2026-05-23T16:51:00.152+0000] {dag.py:4180} INFO - Setting next_dagrun for example_xcom_args_with_operators to None, run_after=None
[2026-05-23T16:51:00.167+0000] {processor.py:208} INFO - Processing /home/airflow/.local/lib/python3.12/site-packages/airflow/example_dags/example_xcomargs.py took 0.068 seconds
[2026-05-23T16:51:31.285+0000] {processor.py:186} INFO - Started process (PID=344) to work on /home/airflow/.local/lib/python3.12/site-packages/airflow/example_dags/example_xcomargs.py
[2026-05-23T16:51:31.285+0000] {processor.py:914} INFO - Processing file /home/airflow/.local/lib/python3.12/site-packages/airflow/example_dags/example_xcomargs.py for tasks to queue
[2026-05-23T16:51:31.287+0000] {logging_mixin.py:190} INFO - [2026-05-23T16:51:31.287+0000] {dagbag.py:588} INFO - Filling up the DagBag from /home/airflow/.local/lib/python3.12/site-packages/airflow/example_dags/example_xcomargs.py
[2026-05-23T16:51:31.295+0000] {processor.py:925} INFO - DAG(s) 'example_xcom_args_with_operators', 'example_xcom_args' retrieved from /home/airflow/.local/lib/python3.12/site-packages/airflow/example_dags/example_xcomargs.py
[2026-05-23T16:51:31.318+0000] {logging_mixin.py:190} INFO - [2026-05-23T16:51:31.317+0000] {dag.py:3239} INFO - Sync 2 DAGs
[2026-05-23T16:51:31.331+0000] {logging_mixin.py:190} INFO - [2026-05-23T16:51:31.331+0000] {dag.py:4180} INFO - Setting next_dagrun for example_xcom_args to None, run_after=None
[2026-05-23T16:51:31.335+0000] {logging_mixin.py:190} INFO - [2026-05-23T16:51:31.334+0000] {dag.py:4180} INFO - Setting next_dagrun for example_xcom_args_with_operators to None, run_after=None
[2026-05-23T16:51:31.347+0000] {processor.py:208} INFO - Processing /home/airflow/.local/lib/python3.12/site-packages/airflow/example_dags/example_xcomargs.py took 0.066 seconds
[2026-05-23T16:52:02.401+0000] {processor.py:186} INFO - Started process (PID=409) to work on /home/airflow/.local/lib/python3.12/site-packages/airflow/example_dags/example_xcomargs.py
[2026-05-23T16:52:02.401+0000] {processor.py:914} INFO - Processing file /home/airflow/.local/lib/python3.12/site-packages/airflow/example_dags/example_xcomargs.py for tasks to queue
[2026-05-23T16:52:02.403+0000] {logging_mixin.py:190} INFO - [2026-05-23T16:52:02.403+0000] {dagbag.py:588} INFO - Filling up the DagBag from /home/airflow/.local/lib/python3.12/site-packages/airflow/example_dags/example_xcomargs.py
[2026-05-23T16:52:02.411+0000] {processor.py:925} INFO - DAG(s) 'example_xcom_args', 'example_xcom_args_with_operators' retrieved from /home/airflow/.local/lib/python3.12/site-packages/airflow/example_dags/example_xcomargs.py
[2026-05-23T16:52:02.429+0000] {logging_mixin.py:190} INFO - [2026-05-23T16:52:02.429+0000] {dag.py:3239} INFO - Sync 2 DAGs
[2026-05-23T16:52:02.441+0000] {logging_mixin.py:190} INFO - [2026-05-23T16:52:02.441+0000] {dag.py:4180} INFO - Setting next_dagrun for example_xcom_args to None, run_after=None
[2026-05-23T16:52:02.444+0000] {logging_mixin.py:190} INFO - [2026-05-23T16:52:02.444+0000] {dag.py:4180} INFO - Setting next_dagrun for example_xcom_args_with_operators to None, run_after=None
[2026-05-23T16:52:02.456+0000] {processor.py:208} INFO - Processing /home/airflow/.local/lib/python3.12/site-packages/airflow/example_dags/example_xcomargs.py took 0.060 seconds
[2026-05-23T16:52:33.526+0000] {processor.py:186} INFO - Started process (PID=474) to work on /home/airflow/.local/lib/python3.12/site-packages/airflow/example_dags/example_xcomargs.py
[2026-05-23T16:52:33.526+0000] {processor.py:914} INFO - Processing file /home/airflow/.local/lib/python3.12/site-packages/airflow/example_dags/example_xcomargs.py for tasks to queue
[2026-05-23T16:52:33.528+0000] {logging_mixin.py:190} INFO - [2026-05-23T16:52:33.528+0000] {dagbag.py:588} INFO - Filling up the DagBag from /home/airflow/.local/lib/python3.12/site-packages/airflow/example_dags/example_xcomargs.py
[2026-05-23T16:52:33.540+0000] {processor.py:925} INFO - DAG(s) 'example_xcom_args', 'example_xcom_args_with_operators' retrieved from /home/airflow/.local/lib/python3.12/site-packages/airflow/example_dags/example_xcomargs.py
[2026-05-23T16:52:33.558+0000] {logging_mixin.py:190} INFO - [2026-05-23T16:52:33.558+0000] {dag.py:3239} INFO - Sync 2 DAGs
[2026-05-23T16:52:33.571+0000] {logging_mixin.py:190} INFO - [2026-05-23T16:52:33.571+0000] {dag.py:4180} INFO - Setting next_dagrun for example_xcom_args to None, run_after=None
[2026-05-23T16:52:33.574+0000] {logging_mixin.py:190} INFO - [2026-05-23T16:52:33.574+0000] {dag.py:4180} INFO - Setting next_dagrun for example_xcom_args_with_operators to None, run_after=None
[2026-05-23T16:52:33.589+0000] {processor.py:208} INFO - Processing /home/airflow/.local/lib/python3.12/site-packages/airflow/example_dags/example_xcomargs.py took 0.068 seconds
[2026-05-23T16:53:04.777+0000] {processor.py:186} INFO - Started process (PID=539) to work on /home/airflow/.local/lib/python3.12/site-packages/airflow/example_dags/example_xcomargs.py
[2026-05-23T16:53:04.777+0000] {processor.py:914} INFO - Processing file /home/airflow/.local/lib/python3.12/site-packages/airflow/example_dags/example_xcomargs.py for tasks to queue
[2026-05-23T16:53:04.779+0000] {logging_mixin.py:190} INFO - [2026-05-23T16:53:04.779+0000] {dagbag.py:588} INFO - Filling up the DagBag from /home/airflow/.local/lib/python3.12/site-packages/airflow/example_dags/example_xcomargs.py
[2026-05-23T16:53:04.787+0000] {processor.py:925} INFO - DAG(s) 'example_xcom_args_with_operators', 'example_xcom_args' retrieved from /home/airflow/.local/lib/python3.12/site-packages/airflow/example_dags/example_xcomargs.py
[2026-05-23T16:53:04.805+0000] {logging_mixin.py:190} INFO - [2026-05-23T16:53:04.805+0000] {dag.py:3239} INFO - Sync 2 DAGs
[2026-05-23T16:53:04.817+0000] {logging_mixin.py:190} INFO - [2026-05-23T16:53:04.817+0000] {dag.py:4180} INFO - Setting next_dagrun for example_xcom_args to None, run_after=None
[2026-05-23T16:53:04.820+0000] {logging_mixin.py:190} INFO - [2026-05-23T16:53:04.820+0000] {dag.py:4180} INFO - Setting next_dagrun for example_xcom_args_with_operators to None, run_after=None
[2026-05-23T16:53:04.832+0000] {processor.py:208} INFO - Processing /home/airflow/.local/lib/python3.12/site-packages/airflow/example_dags/example_xcomargs.py took 0.060 seconds
[2026-05-23T16:53:35.866+0000] {processor.py:186} INFO - Started process (PID=604) to work on /home/airflow/.local/lib/python3.12/site-packages/airflow/example_dags/example_xcomargs.py
[2026-05-23T16:53:35.867+0000] {processor.py:914} INFO - Processing file /home/airflow/.local/lib/python3.12/site-packages/airflow/example_dags/example_xcomargs.py for tasks to queue
[2026-05-23T16:53:35.869+0000] {logging_mixin.py:190} INFO - [2026-05-23T16:53:35.868+0000] {dagbag.py:588} INFO - Filling up the DagBag from /home/airflow/.local/lib/python3.12/site-packages/airflow/example_dags/example_xcomargs.py
[2026-05-23T16:53:35.876+0000] {processor.py:925} INFO - DAG(s) 'example_xcom_args', 'example_xcom_args_with_operators' retrieved from /home/airflow/.local/lib/python3.12/site-packages/airflow/example_dags/example_xcomargs.py
[2026-05-23T16:53:35.897+0000] {logging_mixin.py:190} INFO - [2026-05-23T16:53:35.897+0000] {dag.py:3239} INFO - Sync 2 DAGs
[2026-05-23T16:53:35.912+0000] {logging_mixin.py:190} INFO - [2026-05-23T16:53:35.912+0000] {dag.py:4180} INFO - Setting next_dagrun for example_xcom_args to None, run_after=None
[2026-05-23T16:53:35.915+0000] {logging_mixin.py:190} INFO - [2026-05-23T16:53:35.915+0000] {dag.py:4180} INFO - Setting next_dagrun for example_xcom_args_with_operators to None, run_after=None
[2026-05-23T16:53:35.928+0000] {processor.py:208} INFO - Processing /home/airflow/.local/lib/python3.12/site-packages/airflow/example_dags/example_xcomargs.py took 0.066 seconds
[2026-05-23T16:54:07.029+0000] {processor.py:186} INFO - Started process (PID=669) to work on /home/airflow/.local/lib/python3.12/site-packages/airflow/example_dags/example_xcomargs.py
[2026-05-23T16:54:07.030+0000] {processor.py:914} INFO - Processing file /home/airflow/.local/lib/python3.12/site-packages/airflow/example_dags/example_xcomargs.py for tasks to queue
[2026-05-23T16:54:07.031+0000] {logging_mixin.py:190} INFO - [2026-05-23T16:54:07.031+0000] {dagbag.py:588} INFO - Filling up the DagBag from /home/airflow/.local/lib/python3.12/site-packages/airflow/example_dags/example_xcomargs.py
[2026-05-23T16:54:07.040+0000] {processor.py:925} INFO - DAG(s) 'example_xcom_args', 'example_xcom_args_with_operators' retrieved from /home/airflow/.local/lib/python3.12/site-packages/airflow/example_dags/example_xcomargs.py
[2026-05-23T16:54:07.062+0000] {logging_mixin.py:190} INFO - [2026-05-23T16:54:07.062+0000] {dag.py:3239} INFO - Sync 2 DAGs
[2026-05-23T16:54:07.077+0000] {logging_mixin.py:190} INFO - [2026-05-23T16:54:07.077+0000] {dag.py:4180} INFO - Setting next_dagrun for example_xcom_args to None, run_after=None
[2026-05-23T16:54:07.081+0000] {logging_mixin.py:190} INFO - [2026-05-23T16:54:07.081+0000] {dag.py:4180} INFO - Setting next_dagrun for example_xcom_args_with_operators to None, run_after=None
[2026-05-23T16:54:07.095+0000] {processor.py:208} INFO - Processing /home/airflow/.local/lib/python3.12/site-packages/airflow/example_dags/example_xcomargs.py took 0.070 seconds
[2026-05-23T16:54:38.242+0000] {processor.py:186} INFO - Started process (PID=734) to work on /home/airflow/.local/lib/python3.12/site-packages/airflow/example_dags/example_xcomargs.py
[2026-05-23T16:54:38.243+0000] {processor.py:914} INFO - Processing file /home/airflow/.local/lib/python3.12/site-packages/airflow/example_dags/example_xcomargs.py for tasks to queue
[2026-05-23T16:54:38.245+0000] {logging_mixin.py:190} INFO - [2026-05-23T16:54:38.244+0000] {dagbag.py:588} INFO - Filling up the DagBag from /home/airflow/.local/lib/python3.12/site-packages/airflow/example_dags/example_xcomargs.py
[2026-05-23T16:54:38.253+0000] {processor.py:925} INFO - DAG(s) 'example_xcom_args_with_operators', 'example_xcom_args' retrieved from /home/airflow/.local/lib/python3.12/site-packages/airflow/example_dags/example_xcomargs.py
[2026-05-23T16:54:38.274+0000] {logging_mixin.py:190} INFO - [2026-05-23T16:54:38.274+0000] {dag.py:3239} INFO - Sync 2 DAGs
[2026-05-23T16:54:38.289+0000] {logging_mixin.py:190} INFO - [2026-05-23T16:54:38.289+0000] {dag.py:4180} INFO - Setting next_dagrun for example_xcom_args to None, run_after=None
[2026-05-23T16:54:38.293+0000] {logging_mixin.py:190} INFO - [2026-05-23T16:54:38.293+0000] {dag.py:4180} INFO - Setting next_dagrun for example_xcom_args_with_operators to None, run_after=None
[2026-05-23T16:54:38.305+0000] {processor.py:208} INFO - Processing /home/airflow/.local/lib/python3.12/site-packages/airflow/example_dags/example_xcomargs.py took 0.067 seconds
[2026-05-23T16:55:09.350+0000] {processor.py:186} INFO - Started process (PID=799) to work on /home/airflow/.local/lib/python3.12/site-packages/airflow/example_dags/example_xcomargs.py
[2026-05-23T16:55:09.351+0000] {processor.py:914} INFO - Processing file /home/airflow/.local/lib/python3.12/site-packages/airflow/example_dags/example_xcomargs.py for tasks to queue
[2026-05-23T16:55:09.353+0000] {logging_mixin.py:190} INFO - [2026-05-23T16:55:09.352+0000] {dagbag.py:588} INFO - Filling up the DagBag from /home/airflow/.local/lib/python3.12/site-packages/airflow/example_dags/example_xcomargs.py
[2026-05-23T16:55:09.364+0000] {processor.py:925} INFO - DAG(s) 'example_xcom_args_with_operators', 'example_xcom_args' retrieved from /home/airflow/.local/lib/python3.12/site-packages/airflow/example_dags/example_xcomargs.py
[2026-05-23T16:55:09.390+0000] {logging_mixin.py:190} INFO - [2026-05-23T16:55:09.390+0000] {dag.py:3239} INFO - Sync 2 DAGs
[2026-05-23T16:55:09.407+0000] {logging_mixin.py:190} INFO - [2026-05-23T16:55:09.407+0000] {dag.py:4180} INFO - Setting next_dagrun for example_xcom_args to None, run_after=None
[2026-05-23T16:55:09.412+0000] {logging_mixin.py:190} INFO - [2026-05-23T16:55:09.412+0000] {dag.py:4180} INFO - Setting next_dagrun for example_xcom_args_with_operators to None, run_after=None
[2026-05-23T16:55:09.428+0000] {processor.py:208} INFO - Processing /home/airflow/.local/lib/python3.12/site-packages/airflow/example_dags/example_xcomargs.py took 0.085 seconds
[2026-05-23T16:55:40.630+0000] {processor.py:186} INFO - Started process (PID=864) to work on /home/airflow/.local/lib/python3.12/site-packages/airflow/example_dags/example_xcomargs.py
[2026-05-23T16:55:40.631+0000] {processor.py:914} INFO - Processing file /home/airflow/.local/lib/python3.12/site-packages/airflow/example_dags/example_xcomargs.py for tasks to queue
[2026-05-23T16:55:40.633+0000] {logging_mixin.py:190} INFO - [2026-05-23T16:55:40.633+0000] {dagbag.py:588} INFO - Filling up the DagBag from /home/airflow/.local/lib/python3.12/site-packages/airflow/example_dags/example_xcomargs.py
[2026-05-23T16:55:40.643+0000] {processor.py:925} INFO - DAG(s) 'example_xcom_args', 'example_xcom_args_with_operators' retrieved from /home/airflow/.local/lib/python3.12/site-packages/airflow/example_dags/example_xcomargs.py
[2026-05-23T16:55:40.663+0000] {logging_mixin.py:190} INFO - [2026-05-23T16:55:40.662+0000] {dag.py:3239} INFO - Sync 2 DAGs
[2026-05-23T16:55:40.675+0000] {logging_mixin.py:190} INFO - [2026-05-23T16:55:40.675+0000] {dag.py:4180} INFO - Setting next_dagrun for example_xcom_args to None, run_after=None
[2026-05-23T16:55:40.678+0000] {logging_mixin.py:190} INFO - [2026-05-23T16:55:40.678+0000] {dag.py:4180} INFO - Setting next_dagrun for example_xcom_args_with_operators to None, run_after=None
[2026-05-23T16:55:40.690+0000] {processor.py:208} INFO - Processing /home/airflow/.local/lib/python3.12/site-packages/airflow/example_dags/example_xcomargs.py took 0.066 seconds
[2026-05-23T16:56:11.745+0000] {processor.py:186} INFO - Started process (PID=929) to work on /home/airflow/.local/lib/python3.12/site-packages/airflow/example_dags/example_xcomargs.py
[2026-05-23T16:56:11.746+0000] {processor.py:914} INFO - Processing file /home/airflow/.local/lib/python3.12/site-packages/airflow/example_dags/example_xcomargs.py for tasks to queue
[2026-05-23T16:56:11.747+0000] {logging_mixin.py:190} INFO - [2026-05-23T16:56:11.747+0000] {dagbag.py:588} INFO - Filling up the DagBag from /home/airflow/.local/lib/python3.12/site-packages/airflow/example_dags/example_xcomargs.py
[2026-05-23T16:56:11.757+0000] {processor.py:925} INFO - DAG(s) 'example_xcom_args_with_operators', 'example_xcom_args' retrieved from /home/airflow/.local/lib/python3.12/site-packages/airflow/example_dags/example_xcomargs.py
[2026-05-23T16:56:11.779+0000] {logging_mixin.py:190} INFO - [2026-05-23T16:56:11.778+0000] {dag.py:3239} INFO - Sync 2 DAGs
[2026-05-23T16:56:11.794+0000] {logging_mixin.py:190} INFO - [2026-05-23T16:56:11.794+0000] {dag.py:4180} INFO - Setting next_dagrun for example_xcom_args to None, run_after=None
[2026-05-23T16:56:11.798+0000] {logging_mixin.py:190} INFO - [2026-05-23T16:56:11.797+0000] {dag.py:4180} INFO - Setting next_dagrun for example_xcom_args_with_operators to None, run_after=None
[2026-05-23T16:56:11.811+0000] {processor.py:208} INFO - Processing /home/airflow/.local/lib/python3.12/site-packages/airflow/example_dags/example_xcomargs.py took 0.070 seconds
[2026-05-23T16:56:43.098+0000] {processor.py:186} INFO - Started process (PID=994) to work on /home/airflow/.local/lib/python3.12/site-packages/airflow/example_dags/example_xcomargs.py
[2026-05-23T16:56:43.099+0000] {processor.py:914} INFO - Processing file /home/airflow/.local/lib/python3.12/site-packages/airflow/example_dags/example_xcomargs.py for tasks to queue
[2026-05-23T16:56:43.100+0000] {logging_mixin.py:190} INFO - [2026-05-23T16:56:43.100+0000] {dagbag.py:588} INFO - Filling up the DagBag from /home/airflow/.local/lib/python3.12/site-packages/airflow/example_dags/example_xcomargs.py
[2026-05-23T16:56:43.108+0000] {processor.py:925} INFO - DAG(s) 'example_xcom_args', 'example_xcom_args_with_operators' retrieved from /home/airflow/.local/lib/python3.12/site-packages/airflow/example_dags/example_xcomargs.py
[2026-05-23T16:56:43.125+0000] {logging_mixin.py:190} INFO - [2026-05-23T16:56:43.125+0000] {dag.py:3239} INFO - Sync 2 DAGs
[2026-05-23T16:56:43.137+0000] {logging_mixin.py:190} INFO - [2026-05-23T16:56:43.137+0000] {dag.py:4180} INFO - Setting next_dagrun for example_xcom_args to None, run_after=None
[2026-05-23T16:56:43.139+0000] {logging_mixin.py:190} INFO - [2026-05-23T16:56:43.139+0000] {dag.py:4180} INFO - Setting next_dagrun for example_xcom_args_with_operators to None, run_after=None
[2026-05-23T16:56:43.152+0000] {processor.py:208} INFO - Processing /home/airflow/.local/lib/python3.12/site-packages/airflow/example_dags/example_xcomargs.py took 0.058 seconds
[2026-05-23T16:57:14.155+0000] {processor.py:186} INFO - Started process (PID=1059) to work on /home/airflow/.local/lib/python3.12/site-packages/airflow/example_dags/example_xcomargs.py
[2026-05-23T16:57:14.155+0000] {processor.py:914} INFO - Processing file /home/airflow/.local/lib/python3.12/site-packages/airflow/example_dags/example_xcomargs.py for tasks to queue
[2026-05-23T16:57:14.157+0000] {logging_mixin.py:190} INFO - [2026-05-23T16:57:14.157+0000] {dagbag.py:588} INFO - Filling up the DagBag from /home/airflow/.local/lib/python3.12/site-packages/airflow/example_dags/example_xcomargs.py
[2026-05-23T16:57:14.166+0000] {processor.py:925} INFO - DAG(s) 'example_xcom_args_with_operators', 'example_xcom_args' retrieved from /home/airflow/.local/lib/python3.12/site-packages/airflow/example_dags/example_xcomargs.py
[2026-05-23T16:57:14.184+0000] {logging_mixin.py:190} INFO - [2026-05-23T16:57:14.184+0000] {dag.py:3239} INFO - Sync 2 DAGs
[2026-05-23T16:57:14.197+0000] {logging_mixin.py:190} INFO - [2026-05-23T16:57:14.197+0000] {dag.py:4180} INFO - Setting next_dagrun for example_xcom_args to None, run_after=None
[2026-05-23T16:57:14.199+0000] {logging_mixin.py:190} INFO - [2026-05-23T16:57:14.199+0000] {dag.py:4180} INFO - Setting next_dagrun for example_xcom_args_with_operators to None, run_after=None
[2026-05-23T16:57:14.212+0000] {processor.py:208} INFO - Processing /home/airflow/.local/lib/python3.12/site-packages/airflow/example_dags/example_xcomargs.py took 0.062 seconds
[2026-05-23T16:57:45.614+0000] {processor.py:186} INFO - Started process (PID=1124) to work on /home/airflow/.local/lib/python3.12/site-packages/airflow/example_dags/example_xcomargs.py
[2026-05-23T16:57:45.615+0000] {processor.py:914} INFO - Processing file /home/airflow/.local/lib/python3.12/site-packages/airflow/example_dags/example_xcomargs.py for tasks to queue
[2026-05-23T16:57:45.617+0000] {logging_mixin.py:190} INFO - [2026-05-23T16:57:45.616+0000] {dagbag.py:588} INFO - Filling up the DagBag from /home/airflow/.local/lib/python3.12/site-packages/airflow/example_dags/example_xcomargs.py
[2026-05-23T16:57:45.624+0000] {processor.py:925} INFO - DAG(s) 'example_xcom_args', 'example_xcom_args_with_operators' retrieved from /home/airflow/.local/lib/python3.12/site-packages/airflow/example_dags/example_xcomargs.py
[2026-05-23T16:57:45.642+0000] {logging_mixin.py:190} INFO - [2026-05-23T16:57:45.641+0000] {dag.py:3239} INFO - Sync 2 DAGs
[2026-05-23T16:57:45.654+0000] {logging_mixin.py:190} INFO - [2026-05-23T16:57:45.654+0000] {dag.py:4180} INFO - Setting next_dagrun for example_xcom_args to None, run_after=None
[2026-05-23T16:57:45.656+0000] {logging_mixin.py:190} INFO - [2026-05-23T16:57:45.656+0000] {dag.py:4180} INFO - Setting next_dagrun for example_xcom_args_with_operators to None, run_after=None
[2026-05-23T16:57:45.667+0000] {processor.py:208} INFO - Processing /home/airflow/.local/lib/python3.12/site-packages/airflow/example_dags/example_xcomargs.py took 0.057 seconds
[2026-05-23T16:58:16.961+0000] {processor.py:186} INFO - Started process (PID=1189) to work on /home/airflow/.local/lib/python3.12/site-packages/airflow/example_dags/example_xcomargs.py
[2026-05-23T16:58:16.961+0000] {processor.py:914} INFO - Processing file /home/airflow/.local/lib/python3.12/site-packages/airflow/example_dags/example_xcomargs.py for tasks to queue
[2026-05-23T16:58:16.964+0000] {logging_mixin.py:190} INFO - [2026-05-23T16:58:16.963+0000] {dagbag.py:588} INFO - Filling up the DagBag from /home/airflow/.local/lib/python3.12/site-packages/airflow/example_dags/example_xcomargs.py
[2026-05-23T16:58:16.975+0000] {processor.py:925} INFO - DAG(s) 'example_xcom_args', 'example_xcom_args_with_operators' retrieved from /home/airflow/.local/lib/python3.12/site-packages/airflow/example_dags/example_xcomargs.py
[2026-05-23T16:58:17.000+0000] {logging_mixin.py:190} INFO - [2026-05-23T16:58:17.000+0000] {dag.py:3239} INFO - Sync 2 DAGs
[2026-05-23T16:58:17.018+0000] {logging_mixin.py:190} INFO - [2026-05-23T16:58:17.018+0000] {dag.py:4180} INFO - Setting next_dagrun for example_xcom_args to None, run_after=None
[2026-05-23T16:58:17.022+0000] {logging_mixin.py:190} INFO - [2026-05-23T16:58:17.021+0000] {dag.py:4180} INFO - Setting next_dagrun for example_xcom_args_with_operators to None, run_after=None
[2026-05-23T16:58:17.036+0000] {processor.py:208} INFO - Processing /home/airflow/.local/lib/python3.12/site-packages/airflow/example_dags/example_xcomargs.py took 0.082 seconds
[2026-05-23T16:58:48.002+0000] {processor.py:186} INFO - Started process (PID=1254) to work on /home/airflow/.local/lib/python3.12/site-packages/airflow/example_dags/example_xcomargs.py
[2026-05-23T16:58:48.003+0000] {processor.py:914} INFO - Processing file /home/airflow/.local/lib/python3.12/site-packages/airflow/example_dags/example_xcomargs.py for tasks to queue
[2026-05-23T16:58:48.005+0000] {logging_mixin.py:190} INFO - [2026-05-23T16:58:48.005+0000] {dagbag.py:588} INFO - Filling up the DagBag from /home/airflow/.local/lib/python3.12/site-packages/airflow/example_dags/example_xcomargs.py
[2026-05-23T16:58:48.015+0000] {processor.py:925} INFO - DAG(s) 'example_xcom_args', 'example_xcom_args_with_operators' retrieved from /home/airflow/.local/lib/python3.12/site-packages/airflow/example_dags/example_xcomargs.py
[2026-05-23T16:58:48.038+0000] {logging_mixin.py:190} INFO - [2026-05-23T16:58:48.038+0000] {dag.py:3239} INFO - Sync 2 DAGs
[2026-05-23T16:58:48.056+0000] {logging_mixin.py:190} INFO - [2026-05-23T16:58:48.055+0000] {dag.py:4180} INFO - Setting next_dagrun for example_xcom_args to None, run_after=None
[2026-05-23T16:58:48.061+0000] {logging_mixin.py:190} INFO - [2026-05-23T16:58:48.060+0000] {dag.py:4180} INFO - Setting next_dagrun for example_xcom_args_with_operators to None, run_after=None
[2026-05-23T16:58:48.076+0000] {processor.py:208} INFO - Processing /home/airflow/.local/lib/python3.12/site-packages/airflow/example_dags/example_xcomargs.py took 0.078 seconds
[2026-05-23T16:59:19.443+0000] {processor.py:186} INFO - Started process (PID=1319) to work on /home/airflow/.local/lib/python3.12/site-packages/airflow/example_dags/example_xcomargs.py
[2026-05-23T16:59:19.443+0000] {processor.py:914} INFO - Processing file /home/airflow/.local/lib/python3.12/site-packages/airflow/example_dags/example_xcomargs.py for tasks to queue
[2026-05-23T16:59:19.445+0000] {logging_mixin.py:190} INFO - [2026-05-23T16:59:19.444+0000] {dagbag.py:588} INFO - Filling up the DagBag from /home/airflow/.local/lib/python3.12/site-packages/airflow/example_dags/example_xcomargs.py
[2026-05-23T16:59:19.452+0000] {processor.py:925} INFO - DAG(s) 'example_xcom_args', 'example_xcom_args_with_operators' retrieved from /home/airflow/.local/lib/python3.12/site-packages/airflow/example_dags/example_xcomargs.py
[2026-05-23T16:59:19.471+0000] {logging_mixin.py:190} INFO - [2026-05-23T16:59:19.471+0000] {dag.py:3239} INFO - Sync 2 DAGs
[2026-05-23T16:59:19.494+0000] {logging_mixin.py:190} INFO - [2026-05-23T16:59:19.494+0000] {dag.py:4180} INFO - Setting next_dagrun for example_xcom_args to None, run_after=None
[2026-05-23T16:59:19.499+0000] {logging_mixin.py:190} INFO - [2026-05-23T16:59:19.499+0000] {dag.py:4180} INFO - Setting next_dagrun for example_xcom_args_with_operators to None, run_after=None
[2026-05-23T16:59:19.521+0000] {processor.py:208} INFO - Processing /home/airflow/.local/lib/python3.12/site-packages/airflow/example_dags/example_xcomargs.py took 0.083 seconds
[2026-05-23T16:59:50.379+0000] {processor.py:186} INFO - Started process (PID=1384) to work on /home/airflow/.local/lib/python3.12/site-packages/airflow/example_dags/example_xcomargs.py
[2026-05-23T16:59:50.380+0000] {processor.py:914} INFO - Processing file /home/airflow/.local/lib/python3.12/site-packages/airflow/example_dags/example_xcomargs.py for tasks to queue
[2026-05-23T16:59:50.381+0000] {logging_mixin.py:190} INFO - [2026-05-23T16:59:50.381+0000] {dagbag.py:588} INFO - Filling up the DagBag from /home/airflow/.local/lib/python3.12/site-packages/airflow/example_dags/example_xcomargs.py
[2026-05-23T16:59:50.390+0000] {processor.py:925} INFO - DAG(s) 'example_xcom_args_with_operators', 'example_xcom_args' retrieved from /home/airflow/.local/lib/python3.12/site-packages/airflow/example_dags/example_xcomargs.py
[2026-05-23T16:59:50.411+0000] {logging_mixin.py:190} INFO - [2026-05-23T16:59:50.411+0000] {dag.py:3239} INFO - Sync 2 DAGs
[2026-05-23T16:59:50.426+0000] {logging_mixin.py:190} INFO - [2026-05-23T16:59:50.426+0000] {dag.py:4180} INFO - Setting next_dagrun for example_xcom_args to None, run_after=None
[2026-05-23T16:59:50.429+0000] {logging_mixin.py:190} INFO - [2026-05-23T16:59:50.429+0000] {dag.py:4180} INFO - Setting next_dagrun for example_xcom_args_with_operators to None, run_after=None
[2026-05-23T16:59:50.442+0000] {processor.py:208} INFO - Processing /home/airflow/.local/lib/python3.12/site-packages/airflow/example_dags/example_xcomargs.py took 0.068 seconds
[2026-05-23T17:00:21.069+0000] {processor.py:186} INFO - Started process (PID=1450) to work on /home/airflow/.local/lib/python3.12/site-packages/airflow/example_dags/example_xcomargs.py
[2026-05-23T17:00:21.070+0000] {processor.py:914} INFO - Processing file /home/airflow/.local/lib/python3.12/site-packages/airflow/example_dags/example_xcomargs.py for tasks to queue
[2026-05-23T17:00:21.071+0000] {logging_mixin.py:190} INFO - [2026-05-23T17:00:21.071+0000] {dagbag.py:588} INFO - Filling up the DagBag from /home/airflow/.local/lib/python3.12/site-packages/airflow/example_dags/example_xcomargs.py
[2026-05-23T17:00:21.079+0000] {processor.py:925} INFO - DAG(s) 'example_xcom_args', 'example_xcom_args_with_operators' retrieved from /home/airflow/.local/lib/python3.12/site-packages/airflow/example_dags/example_xcomargs.py
[2026-05-23T17:00:21.096+0000] {logging_mixin.py:190} INFO - [2026-05-23T17:00:21.096+0000] {dag.py:3239} INFO - Sync 2 DAGs
[2026-05-23T17:00:21.109+0000] {logging_mixin.py:190} INFO - [2026-05-23T17:00:21.109+0000] {dag.py:4180} INFO - Setting next_dagrun for example_xcom_args to None, run_after=None
[2026-05-23T17:00:21.111+0000] {logging_mixin.py:190} INFO - [2026-05-23T17:00:21.111+0000] {dag.py:4180} INFO - Setting next_dagrun for example_xcom_args_with_operators to None, run_after=None
[2026-05-23T17:00:21.124+0000] {processor.py:208} INFO - Processing /home/airflow/.local/lib/python3.12/site-packages/airflow/example_dags/example_xcomargs.py took 0.059 seconds
[2026-05-23T17:00:52.135+0000] {processor.py:186} INFO - Started process (PID=1515) to work on /home/airflow/.local/lib/python3.12/site-packages/airflow/example_dags/example_xcomargs.py
[2026-05-23T17:00:52.136+0000] {processor.py:914} INFO - Processing file /home/airflow/.local/lib/python3.12/site-packages/airflow/example_dags/example_xcomargs.py for tasks to queue
[2026-05-23T17:00:52.138+0000] {logging_mixin.py:190} INFO - [2026-05-23T17:00:52.137+0000] {dagbag.py:588} INFO - Filling up the DagBag from /home/airflow/.local/lib/python3.12/site-packages/airflow/example_dags/example_xcomargs.py
[2026-05-23T17:00:52.145+0000] {processor.py:925} INFO - DAG(s) 'example_xcom_args', 'example_xcom_args_with_operators' retrieved from /home/airflow/.local/lib/python3.12/site-packages/airflow/example_dags/example_xcomargs.py
[2026-05-23T17:00:52.164+0000] {logging_mixin.py:190} INFO - [2026-05-23T17:00:52.164+0000] {dag.py:3239} INFO - Sync 2 DAGs
[2026-05-23T17:00:52.177+0000] {logging_mixin.py:190} INFO - [2026-05-23T17:00:52.177+0000] {dag.py:4180} INFO - Setting next_dagrun for example_xcom_args to None, run_after=None
[2026-05-23T17:00:52.181+0000] {logging_mixin.py:190} INFO - [2026-05-23T17:00:52.181+0000] {dag.py:4180} INFO - Setting next_dagrun for example_xcom_args_with_operators to None, run_after=None
[2026-05-23T17:00:52.194+0000] {processor.py:208} INFO - Processing /home/airflow/.local/lib/python3.12/site-packages/airflow/example_dags/example_xcomargs.py took 0.063 seconds
[2026-05-23T17:01:23.244+0000] {processor.py:186} INFO - Started process (PID=1580) to work on /home/airflow/.local/lib/python3.12/site-packages/airflow/example_dags/example_xcomargs.py
[2026-05-23T17:01:23.244+0000] {processor.py:914} INFO - Processing file /home/airflow/.local/lib/python3.12/site-packages/airflow/example_dags/example_xcomargs.py for tasks to queue
[2026-05-23T17:01:23.246+0000] {logging_mixin.py:190} INFO - [2026-05-23T17:01:23.246+0000] {dagbag.py:588} INFO - Filling up the DagBag from /home/airflow/.local/lib/python3.12/site-packages/airflow/example_dags/example_xcomargs.py
[2026-05-23T17:01:23.255+0000] {processor.py:925} INFO - DAG(s) 'example_xcom_args', 'example_xcom_args_with_operators' retrieved from /home/airflow/.local/lib/python3.12/site-packages/airflow/example_dags/example_xcomargs.py
[2026-05-23T17:01:23.276+0000] {logging_mixin.py:190} INFO - [2026-05-23T17:01:23.276+0000] {dag.py:3239} INFO - Sync 2 DAGs
[2026-05-23T17:01:23.287+0000] {logging_mixin.py:190} INFO - [2026-05-23T17:01:23.287+0000] {dag.py:4180} INFO - Setting next_dagrun for example_xcom_args to None, run_after=None
[2026-05-23T17:01:23.290+0000] {logging_mixin.py:190} INFO - [2026-05-23T17:01:23.290+0000] {dag.py:4180} INFO - Setting next_dagrun for example_xcom_args_with_operators to None, run_after=None
[2026-05-23T17:01:23.302+0000] {processor.py:208} INFO - Processing /home/airflow/.local/lib/python3.12/site-packages/airflow/example_dags/example_xcomargs.py took 0.063 seconds
[2026-05-23T17:01:54.446+0000] {processor.py:186} INFO - Started process (PID=1645) to work on /home/airflow/.local/lib/python3.12/site-packages/airflow/example_dags/example_xcomargs.py
[2026-05-23T17:01:54.446+0000] {processor.py:914} INFO - Processing file /home/airflow/.local/lib/python3.12/site-packages/airflow/example_dags/example_xcomargs.py for tasks to queue
[2026-05-23T17:01:54.448+0000] {logging_mixin.py:190} INFO - [2026-05-23T17:01:54.448+0000] {dagbag.py:588} INFO - Filling up the DagBag from /home/airflow/.local/lib/python3.12/site-packages/airflow/example_dags/example_xcomargs.py
[2026-05-23T17:01:54.456+0000] {processor.py:925} INFO - DAG(s) 'example_xcom_args_with_operators', 'example_xcom_args' retrieved from /home/airflow/.local/lib/python3.12/site-packages/airflow/example_dags/example_xcomargs.py
[2026-05-23T17:01:54.477+0000] {logging_mixin.py:190} INFO - [2026-05-23T17:01:54.477+0000] {dag.py:3239} INFO - Sync 2 DAGs
[2026-05-23T17:01:54.492+0000] {logging_mixin.py:190} INFO - [2026-05-23T17:01:54.492+0000] {dag.py:4180} INFO - Setting next_dagrun for example_xcom_args to None, run_after=None
[2026-05-23T17:01:54.496+0000] {logging_mixin.py:190} INFO - [2026-05-23T17:01:54.496+0000] {dag.py:4180} INFO - Setting next_dagrun for example_xcom_args_with_operators to None, run_after=None
[2026-05-23T17:01:54.509+0000] {processor.py:208} INFO - Processing /home/airflow/.local/lib/python3.12/site-packages/airflow/example_dags/example_xcomargs.py took 0.067 seconds
[2026-05-23T17:02:25.148+0000] {processor.py:186} INFO - Started process (PID=1710) to work on /home/airflow/.local/lib/python3.12/site-packages/airflow/example_dags/example_xcomargs.py
[2026-05-23T17:02:25.148+0000] {processor.py:914} INFO - Processing file /home/airflow/.local/lib/python3.12/site-packages/airflow/example_dags/example_xcomargs.py for tasks to queue
[2026-05-23T17:02:25.150+0000] {logging_mixin.py:190} INFO - [2026-05-23T17:02:25.150+0000] {dagbag.py:588} INFO - Filling up the DagBag from /home/airflow/.local/lib/python3.12/site-packages/airflow/example_dags/example_xcomargs.py
[2026-05-23T17:02:25.158+0000] {processor.py:925} INFO - DAG(s) 'example_xcom_args_with_operators', 'example_xcom_args' retrieved from /home/airflow/.local/lib/python3.12/site-packages/airflow/example_dags/example_xcomargs.py
[2026-05-23T17:02:25.176+0000] {logging_mixin.py:190} INFO - [2026-05-23T17:02:25.176+0000] {dag.py:3239} INFO - Sync 2 DAGs
[2026-05-23T17:02:25.187+0000] {logging_mixin.py:190} INFO - [2026-05-23T17:02:25.187+0000] {dag.py:4180} INFO - Setting next_dagrun for example_xcom_args to None, run_after=None
[2026-05-23T17:02:25.190+0000] {logging_mixin.py:190} INFO - [2026-05-23T17:02:25.190+0000] {dag.py:4180} INFO - Setting next_dagrun for example_xcom_args_with_operators to None, run_after=None
[2026-05-23T17:02:25.201+0000] {processor.py:208} INFO - Processing /home/airflow/.local/lib/python3.12/site-packages/airflow/example_dags/example_xcomargs.py took 0.058 seconds
[2026-05-23T17:02:55.786+0000] {processor.py:186} INFO - Started process (PID=1775) to work on /home/airflow/.local/lib/python3.12/site-packages/airflow/example_dags/example_xcomargs.py
[2026-05-23T17:02:55.787+0000] {processor.py:914} INFO - Processing file /home/airflow/.local/lib/python3.12/site-packages/airflow/example_dags/example_xcomargs.py for tasks to queue
[2026-05-23T17:02:55.788+0000] {logging_mixin.py:190} INFO - [2026-05-23T17:02:55.788+0000] {dagbag.py:588} INFO - Filling up the DagBag from /home/airflow/.local/lib/python3.12/site-packages/airflow/example_dags/example_xcomargs.py
[2026-05-23T17:02:55.796+0000] {processor.py:925} INFO - DAG(s) 'example_xcom_args', 'example_xcom_args_with_operators' retrieved from /home/airflow/.local/lib/python3.12/site-packages/airflow/example_dags/example_xcomargs.py
[2026-05-23T17:02:55.815+0000] {logging_mixin.py:190} INFO - [2026-05-23T17:02:55.815+0000] {dag.py:3239} INFO - Sync 2 DAGs
[2026-05-23T17:02:55.829+0000] {logging_mixin.py:190} INFO - [2026-05-23T17:02:55.828+0000] {dag.py:4180} INFO - Setting next_dagrun for example_xcom_args to None, run_after=None
[2026-05-23T17:02:55.832+0000] {logging_mixin.py:190} INFO - [2026-05-23T17:02:55.832+0000] {dag.py:4180} INFO - Setting next_dagrun for example_xcom_args_with_operators to None, run_after=None
[2026-05-23T17:02:55.844+0000] {processor.py:208} INFO - Processing /home/airflow/.local/lib/python3.12/site-packages/airflow/example_dags/example_xcomargs.py took 0.062 seconds
[2026-05-23T17:03:26.963+0000] {processor.py:186} INFO - Started process (PID=1841) to work on /home/airflow/.local/lib/python3.12/site-packages/airflow/example_dags/example_xcomargs.py
[2026-05-23T17:03:26.964+0000] {processor.py:914} INFO - Processing file /home/airflow/.local/lib/python3.12/site-packages/airflow/example_dags/example_xcomargs.py for tasks to queue
[2026-05-23T17:03:26.965+0000] {logging_mixin.py:190} INFO - [2026-05-23T17:03:26.965+0000] {dagbag.py:588} INFO - Filling up the DagBag from /home/airflow/.local/lib/python3.12/site-packages/airflow/example_dags/example_xcomargs.py
[2026-05-23T17:03:26.973+0000] {processor.py:925} INFO - DAG(s) 'example_xcom_args_with_operators', 'example_xcom_args' retrieved from /home/airflow/.local/lib/python3.12/site-packages/airflow/example_dags/example_xcomargs.py
[2026-05-23T17:03:26.991+0000] {logging_mixin.py:190} INFO - [2026-05-23T17:03:26.990+0000] {dag.py:3239} INFO - Sync 2 DAGs
[2026-05-23T17:03:27.011+0000] {logging_mixin.py:190} INFO - [2026-05-23T17:03:27.011+0000] {dag.py:4180} INFO - Setting next_dagrun for example_xcom_args to None, run_after=None
[2026-05-23T17:03:27.015+0000] {logging_mixin.py:190} INFO - [2026-05-23T17:03:27.015+0000] {dag.py:4180} INFO - Setting next_dagrun for example_xcom_args_with_operators to None, run_after=None
[2026-05-23T17:03:27.028+0000] {processor.py:208} INFO - Processing /home/airflow/.local/lib/python3.12/site-packages/airflow/example_dags/example_xcomargs.py took 0.069 seconds
[2026-05-23T17:03:57.630+0000] {processor.py:186} INFO - Started process (PID=1906) to work on /home/airflow/.local/lib/python3.12/site-packages/airflow/example_dags/example_xcomargs.py
[2026-05-23T17:03:57.630+0000] {processor.py:914} INFO - Processing file /home/airflow/.local/lib/python3.12/site-packages/airflow/example_dags/example_xcomargs.py for tasks to queue
[2026-05-23T17:03:57.632+0000] {logging_mixin.py:190} INFO - [2026-05-23T17:03:57.631+0000] {dagbag.py:588} INFO - Filling up the DagBag from /home/airflow/.local/lib/python3.12/site-packages/airflow/example_dags/example_xcomargs.py
[2026-05-23T17:03:57.641+0000] {processor.py:925} INFO - DAG(s) 'example_xcom_args', 'example_xcom_args_with_operators' retrieved from /home/airflow/.local/lib/python3.12/site-packages/airflow/example_dags/example_xcomargs.py
[2026-05-23T17:03:57.663+0000] {logging_mixin.py:190} INFO - [2026-05-23T17:03:57.663+0000] {dag.py:3239} INFO - Sync 2 DAGs
[2026-05-23T17:03:57.676+0000] {logging_mixin.py:190} INFO - [2026-05-23T17:03:57.676+0000] {dag.py:4180} INFO - Setting next_dagrun for example_xcom_args to None, run_after=None
[2026-05-23T17:03:57.679+0000] {logging_mixin.py:190} INFO - [2026-05-23T17:03:57.679+0000] {dag.py:4180} INFO - Setting next_dagrun for example_xcom_args_with_operators to None, run_after=None
[2026-05-23T17:03:57.693+0000] {processor.py:208} INFO - Processing /home/airflow/.local/lib/python3.12/site-packages/airflow/example_dags/example_xcomargs.py took 0.068 seconds
[2026-05-23T17:04:28.883+0000] {processor.py:186} INFO - Started process (PID=1977) to work on /home/airflow/.local/lib/python3.12/site-packages/airflow/example_dags/example_xcomargs.py
[2026-05-23T17:04:28.883+0000] {processor.py:914} INFO - Processing file /home/airflow/.local/lib/python3.12/site-packages/airflow/example_dags/example_xcomargs.py for tasks to queue
[2026-05-23T17:04:28.885+0000] {logging_mixin.py:190} INFO - [2026-05-23T17:04:28.884+0000] {dagbag.py:588} INFO - Filling up the DagBag from /home/airflow/.local/lib/python3.12/site-packages/airflow/example_dags/example_xcomargs.py
[2026-05-23T17:04:28.893+0000] {processor.py:925} INFO - DAG(s) 'example_xcom_args_with_operators', 'example_xcom_args' retrieved from /home/airflow/.local/lib/python3.12/site-packages/airflow/example_dags/example_xcomargs.py
[2026-05-23T17:04:28.914+0000] {logging_mixin.py:190} INFO - [2026-05-23T17:04:28.914+0000] {dag.py:3239} INFO - Sync 2 DAGs
[2026-05-23T17:04:28.929+0000] {logging_mixin.py:190} INFO - [2026-05-23T17:04:28.929+0000] {dag.py:4180} INFO - Setting next_dagrun for example_xcom_args to None, run_after=None
[2026-05-23T17:04:28.933+0000] {logging_mixin.py:190} INFO - [2026-05-23T17:04:28.933+0000] {dag.py:4180} INFO - Setting next_dagrun for example_xcom_args_with_operators to None, run_after=None
[2026-05-23T17:04:28.946+0000] {processor.py:208} INFO - Processing /home/airflow/.local/lib/python3.12/site-packages/airflow/example_dags/example_xcomargs.py took 0.068 seconds
[2026-05-23T17:05:00.172+0000] {processor.py:186} INFO - Started process (PID=2042) to work on /home/airflow/.local/lib/python3.12/site-packages/airflow/example_dags/example_xcomargs.py
[2026-05-23T17:05:00.172+0000] {processor.py:914} INFO - Processing file /home/airflow/.local/lib/python3.12/site-packages/airflow/example_dags/example_xcomargs.py for tasks to queue
[2026-05-23T17:05:00.174+0000] {logging_mixin.py:190} INFO - [2026-05-23T17:05:00.174+0000] {dagbag.py:588} INFO - Filling up the DagBag from /home/airflow/.local/lib/python3.12/site-packages/airflow/example_dags/example_xcomargs.py
[2026-05-23T17:05:00.182+0000] {processor.py:925} INFO - DAG(s) 'example_xcom_args', 'example_xcom_args_with_operators' retrieved from /home/airflow/.local/lib/python3.12/site-packages/airflow/example_dags/example_xcomargs.py
[2026-05-23T17:05:00.200+0000] {logging_mixin.py:190} INFO - [2026-05-23T17:05:00.200+0000] {dag.py:3239} INFO - Sync 2 DAGs
[2026-05-23T17:05:00.212+0000] {logging_mixin.py:190} INFO - [2026-05-23T17:05:00.212+0000] {dag.py:4180} INFO - Setting next_dagrun for example_xcom_args to None, run_after=None
[2026-05-23T17:05:00.215+0000] {logging_mixin.py:190} INFO - [2026-05-23T17:05:00.215+0000] {dag.py:4180} INFO - Setting next_dagrun for example_xcom_args_with_operators to None, run_after=None
[2026-05-23T17:05:00.227+0000] {processor.py:208} INFO - Processing /home/airflow/.local/lib/python3.12/site-packages/airflow/example_dags/example_xcomargs.py took 0.059 seconds
[2026-05-23T17:05:31.518+0000] {processor.py:186} INFO - Started process (PID=2107) to work on /home/airflow/.local/lib/python3.12/site-packages/airflow/example_dags/example_xcomargs.py
[2026-05-23T17:05:31.519+0000] {processor.py:914} INFO - Processing file /home/airflow/.local/lib/python3.12/site-packages/airflow/example_dags/example_xcomargs.py for tasks to queue
[2026-05-23T17:05:31.520+0000] {logging_mixin.py:190} INFO - [2026-05-23T17:05:31.520+0000] {dagbag.py:588} INFO - Filling up the DagBag from /home/airflow/.local/lib/python3.12/site-packages/airflow/example_dags/example_xcomargs.py
[2026-05-23T17:05:31.528+0000] {processor.py:925} INFO - DAG(s) 'example_xcom_args_with_operators', 'example_xcom_args' retrieved from /home/airflow/.local/lib/python3.12/site-packages/airflow/example_dags/example_xcomargs.py
[2026-05-23T17:05:31.549+0000] {logging_mixin.py:190} INFO - [2026-05-23T17:05:31.549+0000] {dag.py:3239} INFO - Sync 2 DAGs
[2026-05-23T17:05:31.566+0000] {logging_mixin.py:190} INFO - [2026-05-23T17:05:31.565+0000] {dag.py:4180} INFO - Setting next_dagrun for example_xcom_args to None, run_after=None
[2026-05-23T17:05:31.569+0000] {logging_mixin.py:190} INFO - [2026-05-23T17:05:31.569+0000] {dag.py:4180} INFO - Setting next_dagrun for example_xcom_args_with_operators to None, run_after=None
[2026-05-23T17:05:31.583+0000] {processor.py:208} INFO - Processing /home/airflow/.local/lib/python3.12/site-packages/airflow/example_dags/example_xcomargs.py took 0.069 seconds
[2026-05-23T17:06:02.754+0000] {processor.py:186} INFO - Started process (PID=2172) to work on /home/airflow/.local/lib/python3.12/site-packages/airflow/example_dags/example_xcomargs.py
[2026-05-23T17:06:02.754+0000] {processor.py:914} INFO - Processing file /home/airflow/.local/lib/python3.12/site-packages/airflow/example_dags/example_xcomargs.py for tasks to queue
[2026-05-23T17:06:02.756+0000] {logging_mixin.py:190} INFO - [2026-05-23T17:06:02.756+0000] {dagbag.py:588} INFO - Filling up the DagBag from /home/airflow/.local/lib/python3.12/site-packages/airflow/example_dags/example_xcomargs.py
[2026-05-23T17:06:02.764+0000] {processor.py:925} INFO - DAG(s) 'example_xcom_args_with_operators', 'example_xcom_args' retrieved from /home/airflow/.local/lib/python3.12/site-packages/airflow/example_dags/example_xcomargs.py
[2026-05-23T17:06:02.784+0000] {logging_mixin.py:190} INFO - [2026-05-23T17:06:02.784+0000] {dag.py:3239} INFO - Sync 2 DAGs
[2026-05-23T17:06:02.796+0000] {logging_mixin.py:190} INFO - [2026-05-23T17:06:02.796+0000] {dag.py:4180} INFO - Setting next_dagrun for example_xcom_args to None, run_after=None
[2026-05-23T17:06:02.799+0000] {logging_mixin.py:190} INFO - [2026-05-23T17:06:02.799+0000] {dag.py:4180} INFO - Setting next_dagrun for example_xcom_args_with_operators to None, run_after=None
[2026-05-23T17:06:02.810+0000] {processor.py:208} INFO - Processing /home/airflow/.local/lib/python3.12/site-packages/airflow/example_dags/example_xcomargs.py took 0.061 seconds
[2026-05-23T17:06:33.802+0000] {processor.py:186} INFO - Started process (PID=2237) to work on /home/airflow/.local/lib/python3.12/site-packages/airflow/example_dags/example_xcomargs.py
[2026-05-23T17:06:33.802+0000] {processor.py:914} INFO - Processing file /home/airflow/.local/lib/python3.12/site-packages/airflow/example_dags/example_xcomargs.py for tasks to queue
[2026-05-23T17:06:33.804+0000] {logging_mixin.py:190} INFO - [2026-05-23T17:06:33.804+0000] {dagbag.py:588} INFO - Filling up the DagBag from /home/airflow/.local/lib/python3.12/site-packages/airflow/example_dags/example_xcomargs.py
[2026-05-23T17:06:33.812+0000] {processor.py:925} INFO - DAG(s) 'example_xcom_args_with_operators', 'example_xcom_args' retrieved from /home/airflow/.local/lib/python3.12/site-packages/airflow/example_dags/example_xcomargs.py
[2026-05-23T17:06:33.833+0000] {logging_mixin.py:190} INFO - [2026-05-23T17:06:33.833+0000] {dag.py:3239} INFO - Sync 2 DAGs
[2026-05-23T17:06:33.847+0000] {logging_mixin.py:190} INFO - [2026-05-23T17:06:33.846+0000] {dag.py:4180} INFO - Setting next_dagrun for example_xcom_args to None, run_after=None
[2026-05-23T17:06:33.850+0000] {logging_mixin.py:190} INFO - [2026-05-23T17:06:33.850+0000] {dag.py:4180} INFO - Setting next_dagrun for example_xcom_args_with_operators to None, run_after=None
[2026-05-23T17:06:33.863+0000] {processor.py:208} INFO - Processing /home/airflow/.local/lib/python3.12/site-packages/airflow/example_dags/example_xcomargs.py took 0.066 seconds
[2026-05-23T17:07:05.160+0000] {processor.py:186} INFO - Started process (PID=2303) to work on /home/airflow/.local/lib/python3.12/site-packages/airflow/example_dags/example_xcomargs.py
[2026-05-23T17:07:05.161+0000] {processor.py:914} INFO - Processing file /home/airflow/.local/lib/python3.12/site-packages/airflow/example_dags/example_xcomargs.py for tasks to queue
[2026-05-23T17:07:05.163+0000] {logging_mixin.py:190} INFO - [2026-05-23T17:07:05.163+0000] {dagbag.py:588} INFO - Filling up the DagBag from /home/airflow/.local/lib/python3.12/site-packages/airflow/example_dags/example_xcomargs.py
[2026-05-23T17:07:05.171+0000] {processor.py:925} INFO - DAG(s) 'example_xcom_args_with_operators', 'example_xcom_args' retrieved from /home/airflow/.local/lib/python3.12/site-packages/airflow/example_dags/example_xcomargs.py
[2026-05-23T17:07:05.189+0000] {logging_mixin.py:190} INFO - [2026-05-23T17:07:05.189+0000] {dag.py:3239} INFO - Sync 2 DAGs
[2026-05-23T17:07:05.201+0000] {logging_mixin.py:190} INFO - [2026-05-23T17:07:05.201+0000] {dag.py:4180} INFO - Setting next_dagrun for example_xcom_args to None, run_after=None
[2026-05-23T17:07:05.204+0000] {logging_mixin.py:190} INFO - [2026-05-23T17:07:05.204+0000] {dag.py:4180} INFO - Setting next_dagrun for example_xcom_args_with_operators to None, run_after=None
[2026-05-23T17:07:05.215+0000] {processor.py:208} INFO - Processing /home/airflow/.local/lib/python3.12/site-packages/airflow/example_dags/example_xcomargs.py took 0.060 seconds
[2026-05-23T17:07:36.522+0000] {processor.py:186} INFO - Started process (PID=2368) to work on /home/airflow/.local/lib/python3.12/site-packages/airflow/example_dags/example_xcomargs.py
[2026-05-23T17:07:36.523+0000] {processor.py:914} INFO - Processing file /home/airflow/.local/lib/python3.12/site-packages/airflow/example_dags/example_xcomargs.py for tasks to queue
[2026-05-23T17:07:36.525+0000] {logging_mixin.py:190} INFO - [2026-05-23T17:07:36.524+0000] {dagbag.py:588} INFO - Filling up the DagBag from /home/airflow/.local/lib/python3.12/site-packages/airflow/example_dags/example_xcomargs.py
[2026-05-23T17:07:36.534+0000] {processor.py:925} INFO - DAG(s) 'example_xcom_args', 'example_xcom_args_with_operators' retrieved from /home/airflow/.local/lib/python3.12/site-packages/airflow/example_dags/example_xcomargs.py
[2026-05-23T17:07:36.559+0000] {logging_mixin.py:190} INFO - [2026-05-23T17:07:36.559+0000] {dag.py:3239} INFO - Sync 2 DAGs
[2026-05-23T17:07:36.577+0000] {logging_mixin.py:190} INFO - [2026-05-23T17:07:36.577+0000] {dag.py:4180} INFO - Setting next_dagrun for example_xcom_args to None, run_after=None
[2026-05-23T17:07:36.581+0000] {logging_mixin.py:190} INFO - [2026-05-23T17:07:36.581+0000] {dag.py:4180} INFO - Setting next_dagrun for example_xcom_args_with_operators to None, run_after=None
[2026-05-23T17:07:36.599+0000] {processor.py:208} INFO - Processing /home/airflow/.local/lib/python3.12/site-packages/airflow/example_dags/example_xcomargs.py took 0.084 seconds
[2026-05-23T17:08:07.730+0000] {processor.py:186} INFO - Started process (PID=2433) to work on /home/airflow/.local/lib/python3.12/site-packages/airflow/example_dags/example_xcomargs.py
[2026-05-23T17:08:07.731+0000] {processor.py:914} INFO - Processing file /home/airflow/.local/lib/python3.12/site-packages/airflow/example_dags/example_xcomargs.py for tasks to queue
[2026-05-23T17:08:07.732+0000] {logging_mixin.py:190} INFO - [2026-05-23T17:08:07.732+0000] {dagbag.py:588} INFO - Filling up the DagBag from /home/airflow/.local/lib/python3.12/site-packages/airflow/example_dags/example_xcomargs.py
[2026-05-23T17:08:07.740+0000] {processor.py:925} INFO - DAG(s) 'example_xcom_args_with_operators', 'example_xcom_args' retrieved from /home/airflow/.local/lib/python3.12/site-packages/airflow/example_dags/example_xcomargs.py
[2026-05-23T17:08:07.758+0000] {logging_mixin.py:190} INFO - [2026-05-23T17:08:07.758+0000] {dag.py:3239} INFO - Sync 2 DAGs
[2026-05-23T17:08:07.771+0000] {logging_mixin.py:190} INFO - [2026-05-23T17:08:07.771+0000] {dag.py:4180} INFO - Setting next_dagrun for example_xcom_args to None, run_after=None
[2026-05-23T17:08:07.775+0000] {logging_mixin.py:190} INFO - [2026-05-23T17:08:07.775+0000] {dag.py:4180} INFO - Setting next_dagrun for example_xcom_args_with_operators to None, run_after=None
[2026-05-23T17:08:07.787+0000] {processor.py:208} INFO - Processing /home/airflow/.local/lib/python3.12/site-packages/airflow/example_dags/example_xcomargs.py took 0.061 seconds
[2026-05-23T17:08:38.883+0000] {processor.py:186} INFO - Started process (PID=2498) to work on /home/airflow/.local/lib/python3.12/site-packages/airflow/example_dags/example_xcomargs.py
[2026-05-23T17:08:38.883+0000] {processor.py:914} INFO - Processing file /home/airflow/.local/lib/python3.12/site-packages/airflow/example_dags/example_xcomargs.py for tasks to queue
[2026-05-23T17:08:38.885+0000] {logging_mixin.py:190} INFO - [2026-05-23T17:08:38.885+0000] {dagbag.py:588} INFO - Filling up the DagBag from /home/airflow/.local/lib/python3.12/site-packages/airflow/example_dags/example_xcomargs.py
[2026-05-23T17:08:38.893+0000] {processor.py:925} INFO - DAG(s) 'example_xcom_args_with_operators', 'example_xcom_args' retrieved from /home/airflow/.local/lib/python3.12/site-packages/airflow/example_dags/example_xcomargs.py
[2026-05-23T17:08:38.915+0000] {logging_mixin.py:190} INFO - [2026-05-23T17:08:38.915+0000] {dag.py:3239} INFO - Sync 2 DAGs
[2026-05-23T17:08:38.928+0000] {logging_mixin.py:190} INFO - [2026-05-23T17:08:38.928+0000] {dag.py:4180} INFO - Setting next_dagrun for example_xcom_args to None, run_after=None
[2026-05-23T17:08:38.932+0000] {logging_mixin.py:190} INFO - [2026-05-23T17:08:38.932+0000] {dag.py:4180} INFO - Setting next_dagrun for example_xcom_args_with_operators to None, run_after=None
[2026-05-23T17:08:38.944+0000] {processor.py:208} INFO - Processing /home/airflow/.local/lib/python3.12/site-packages/airflow/example_dags/example_xcomargs.py took 0.066 seconds
[2026-05-23T17:09:10.348+0000] {processor.py:186} INFO - Started process (PID=2563) to work on /home/airflow/.local/lib/python3.12/site-packages/airflow/example_dags/example_xcomargs.py
[2026-05-23T17:09:10.349+0000] {processor.py:914} INFO - Processing file /home/airflow/.local/lib/python3.12/site-packages/airflow/example_dags/example_xcomargs.py for tasks to queue
[2026-05-23T17:09:10.351+0000] {logging_mixin.py:190} INFO - [2026-05-23T17:09:10.351+0000] {dagbag.py:588} INFO - Filling up the DagBag from /home/airflow/.local/lib/python3.12/site-packages/airflow/example_dags/example_xcomargs.py
[2026-05-23T17:09:10.362+0000] {processor.py:925} INFO - DAG(s) 'example_xcom_args_with_operators', 'example_xcom_args' retrieved from /home/airflow/.local/lib/python3.12/site-packages/airflow/example_dags/example_xcomargs.py
[2026-05-23T17:09:10.388+0000] {logging_mixin.py:190} INFO - [2026-05-23T17:09:10.387+0000] {dag.py:3239} INFO - Sync 2 DAGs
[2026-05-23T17:09:10.405+0000] {logging_mixin.py:190} INFO - [2026-05-23T17:09:10.405+0000] {dag.py:4180} INFO - Setting next_dagrun for example_xcom_args to None, run_after=None
[2026-05-23T17:09:10.408+0000] {logging_mixin.py:190} INFO - [2026-05-23T17:09:10.408+0000] {dag.py:4180} INFO - Setting next_dagrun for example_xcom_args_with_operators to None, run_after=None
[2026-05-23T17:09:10.421+0000] {processor.py:208} INFO - Processing /home/airflow/.local/lib/python3.12/site-packages/airflow/example_dags/example_xcomargs.py took 0.078 seconds
[2026-05-23T17:09:42.107+0000] {processor.py:186} INFO - Started process (PID=2628) to work on /home/airflow/.local/lib/python3.12/site-packages/airflow/example_dags/example_xcomargs.py
[2026-05-23T17:09:42.107+0000] {processor.py:914} INFO - Processing file /home/airflow/.local/lib/python3.12/site-packages/airflow/example_dags/example_xcomargs.py for tasks to queue
[2026-05-23T17:09:42.109+0000] {logging_mixin.py:190} INFO - [2026-05-23T17:09:42.109+0000] {dagbag.py:588} INFO - Filling up the DagBag from /home/airflow/.local/lib/python3.12/site-packages/airflow/example_dags/example_xcomargs.py
[2026-05-23T17:09:42.117+0000] {processor.py:925} INFO - DAG(s) 'example_xcom_args', 'example_xcom_args_with_operators' retrieved from /home/airflow/.local/lib/python3.12/site-packages/airflow/example_dags/example_xcomargs.py
[2026-05-23T17:09:42.137+0000] {logging_mixin.py:190} INFO - [2026-05-23T17:09:42.137+0000] {dag.py:3239} INFO - Sync 2 DAGs
[2026-05-23T17:09:42.149+0000] {logging_mixin.py:190} INFO - [2026-05-23T17:09:42.149+0000] {dag.py:4180} INFO - Setting next_dagrun for example_xcom_args to None, run_after=None
[2026-05-23T17:09:42.152+0000] {logging_mixin.py:190} INFO - [2026-05-23T17:09:42.152+0000] {dag.py:4180} INFO - Setting next_dagrun for example_xcom_args_with_operators to None, run_after=None
[2026-05-23T17:09:42.164+0000] {processor.py:208} INFO - Processing /home/airflow/.local/lib/python3.12/site-packages/airflow/example_dags/example_xcomargs.py took 0.063 seconds
[2026-05-23T17:10:13.108+0000] {processor.py:186} INFO - Started process (PID=2693) to work on /home/airflow/.local/lib/python3.12/site-packages/airflow/example_dags/example_xcomargs.py
[2026-05-23T17:10:13.109+0000] {processor.py:914} INFO - Processing file /home/airflow/.local/lib/python3.12/site-packages/airflow/example_dags/example_xcomargs.py for tasks to queue
[2026-05-23T17:10:13.110+0000] {logging_mixin.py:190} INFO - [2026-05-23T17:10:13.110+0000] {dagbag.py:588} INFO - Filling up the DagBag from /home/airflow/.local/lib/python3.12/site-packages/airflow/example_dags/example_xcomargs.py
[2026-05-23T17:10:13.119+0000] {processor.py:925} INFO - DAG(s) 'example_xcom_args', 'example_xcom_args_with_operators' retrieved from /home/airflow/.local/lib/python3.12/site-packages/airflow/example_dags/example_xcomargs.py
[2026-05-23T17:10:13.140+0000] {logging_mixin.py:190} INFO - [2026-05-23T17:10:13.140+0000] {dag.py:3239} INFO - Sync 2 DAGs
[2026-05-23T17:10:13.153+0000] {logging_mixin.py:190} INFO - [2026-05-23T17:10:13.153+0000] {dag.py:4180} INFO - Setting next_dagrun for example_xcom_args to None, run_after=None
[2026-05-23T17:10:13.156+0000] {logging_mixin.py:190} INFO - [2026-05-23T17:10:13.156+0000] {dag.py:4180} INFO - Setting next_dagrun for example_xcom_args_with_operators to None, run_after=None
[2026-05-23T17:10:13.167+0000] {processor.py:208} INFO - Processing /home/airflow/.local/lib/python3.12/site-packages/airflow/example_dags/example_xcomargs.py took 0.065 seconds
[2026-05-23T17:10:43.906+0000] {processor.py:186} INFO - Started process (PID=2758) to work on /home/airflow/.local/lib/python3.12/site-packages/airflow/example_dags/example_xcomargs.py
[2026-05-23T17:10:43.907+0000] {processor.py:914} INFO - Processing file /home/airflow/.local/lib/python3.12/site-packages/airflow/example_dags/example_xcomargs.py for tasks to queue
[2026-05-23T17:10:43.909+0000] {logging_mixin.py:190} INFO - [2026-05-23T17:10:43.908+0000] {dagbag.py:588} INFO - Filling up the DagBag from /home/airflow/.local/lib/python3.12/site-packages/airflow/example_dags/example_xcomargs.py
[2026-05-23T17:10:43.917+0000] {processor.py:925} INFO - DAG(s) 'example_xcom_args', 'example_xcom_args_with_operators' retrieved from /home/airflow/.local/lib/python3.12/site-packages/airflow/example_dags/example_xcomargs.py
[2026-05-23T17:10:43.939+0000] {logging_mixin.py:190} INFO - [2026-05-23T17:10:43.939+0000] {dag.py:3239} INFO - Sync 2 DAGs
[2026-05-23T17:10:43.954+0000] {logging_mixin.py:190} INFO - [2026-05-23T17:10:43.954+0000] {dag.py:4180} INFO - Setting next_dagrun for example_xcom_args to None, run_after=None
[2026-05-23T17:10:43.958+0000] {logging_mixin.py:190} INFO - [2026-05-23T17:10:43.958+0000] {dag.py:4180} INFO - Setting next_dagrun for example_xcom_args_with_operators to None, run_after=None
[2026-05-23T17:10:43.971+0000] {processor.py:208} INFO - Processing /home/airflow/.local/lib/python3.12/site-packages/airflow/example_dags/example_xcomargs.py took 0.069 seconds
[2026-05-23T17:11:15.165+0000] {processor.py:186} INFO - Started process (PID=2823) to work on /home/airflow/.local/lib/python3.12/site-packages/airflow/example_dags/example_xcomargs.py
[2026-05-23T17:11:15.166+0000] {processor.py:914} INFO - Processing file /home/airflow/.local/lib/python3.12/site-packages/airflow/example_dags/example_xcomargs.py for tasks to queue
[2026-05-23T17:11:15.168+0000] {logging_mixin.py:190} INFO - [2026-05-23T17:11:15.167+0000] {dagbag.py:588} INFO - Filling up the DagBag from /home/airflow/.local/lib/python3.12/site-packages/airflow/example_dags/example_xcomargs.py
[2026-05-23T17:11:15.177+0000] {processor.py:925} INFO - DAG(s) 'example_xcom_args', 'example_xcom_args_with_operators' retrieved from /home/airflow/.local/lib/python3.12/site-packages/airflow/example_dags/example_xcomargs.py
[2026-05-23T17:11:15.197+0000] {logging_mixin.py:190} INFO - [2026-05-23T17:11:15.196+0000] {dag.py:3239} INFO - Sync 2 DAGs
[2026-05-23T17:11:15.212+0000] {logging_mixin.py:190} INFO - [2026-05-23T17:11:15.211+0000] {dag.py:4180} INFO - Setting next_dagrun for example_xcom_args to None, run_after=None
[2026-05-23T17:11:15.215+0000] {logging_mixin.py:190} INFO - [2026-05-23T17:11:15.215+0000] {dag.py:4180} INFO - Setting next_dagrun for example_xcom_args_with_operators to None, run_after=None
[2026-05-23T17:11:15.229+0000] {processor.py:208} INFO - Processing /home/airflow/.local/lib/python3.12/site-packages/airflow/example_dags/example_xcomargs.py took 0.070 seconds
[2026-05-23T17:11:46.366+0000] {processor.py:186} INFO - Started process (PID=2888) to work on /home/airflow/.local/lib/python3.12/site-packages/airflow/example_dags/example_xcomargs.py
[2026-05-23T17:11:46.367+0000] {processor.py:914} INFO - Processing file /home/airflow/.local/lib/python3.12/site-packages/airflow/example_dags/example_xcomargs.py for tasks to queue
[2026-05-23T17:11:46.368+0000] {logging_mixin.py:190} INFO - [2026-05-23T17:11:46.368+0000] {dagbag.py:588} INFO - Filling up the DagBag from /home/airflow/.local/lib/python3.12/site-packages/airflow/example_dags/example_xcomargs.py
[2026-05-23T17:11:46.377+0000] {processor.py:925} INFO - DAG(s) 'example_xcom_args_with_operators', 'example_xcom_args' retrieved from /home/airflow/.local/lib/python3.12/site-packages/airflow/example_dags/example_xcomargs.py
[2026-05-23T17:11:46.394+0000] {logging_mixin.py:190} INFO - [2026-05-23T17:11:46.393+0000] {dag.py:3239} INFO - Sync 2 DAGs
[2026-05-23T17:11:46.406+0000] {logging_mixin.py:190} INFO - [2026-05-23T17:11:46.406+0000] {dag.py:4180} INFO - Setting next_dagrun for example_xcom_args to None, run_after=None
[2026-05-23T17:11:46.410+0000] {logging_mixin.py:190} INFO - [2026-05-23T17:11:46.410+0000] {dag.py:4180} INFO - Setting next_dagrun for example_xcom_args_with_operators to None, run_after=None
[2026-05-23T17:11:46.423+0000] {processor.py:208} INFO - Processing /home/airflow/.local/lib/python3.12/site-packages/airflow/example_dags/example_xcomargs.py took 0.061 seconds
[2026-05-23T17:12:17.915+0000] {processor.py:186} INFO - Started process (PID=2953) to work on /home/airflow/.local/lib/python3.12/site-packages/airflow/example_dags/example_xcomargs.py
[2026-05-23T17:12:17.916+0000] {processor.py:914} INFO - Processing file /home/airflow/.local/lib/python3.12/site-packages/airflow/example_dags/example_xcomargs.py for tasks to queue
[2026-05-23T17:12:17.919+0000] {logging_mixin.py:190} INFO - [2026-05-23T17:12:17.918+0000] {dagbag.py:588} INFO - Filling up the DagBag from /home/airflow/.local/lib/python3.12/site-packages/airflow/example_dags/example_xcomargs.py
[2026-05-23T17:12:17.930+0000] {processor.py:925} INFO - DAG(s) 'example_xcom_args_with_operators', 'example_xcom_args' retrieved from /home/airflow/.local/lib/python3.12/site-packages/airflow/example_dags/example_xcomargs.py
[2026-05-23T17:12:17.951+0000] {logging_mixin.py:190} INFO - [2026-05-23T17:12:17.951+0000] {dag.py:3239} INFO - Sync 2 DAGs
[2026-05-23T17:12:17.967+0000] {logging_mixin.py:190} INFO - [2026-05-23T17:12:17.967+0000] {dag.py:4180} INFO - Setting next_dagrun for example_xcom_args to None, run_after=None
[2026-05-23T17:12:17.971+0000] {logging_mixin.py:190} INFO - [2026-05-23T17:12:17.971+0000] {dag.py:4180} INFO - Setting next_dagrun for example_xcom_args_with_operators to None, run_after=None
[2026-05-23T17:12:17.983+0000] {processor.py:208} INFO - Processing /home/airflow/.local/lib/python3.12/site-packages/airflow/example_dags/example_xcomargs.py took 0.074 seconds
[2026-05-23T17:12:49.062+0000] {processor.py:186} INFO - Started process (PID=3018) to work on /home/airflow/.local/lib/python3.12/site-packages/airflow/example_dags/example_xcomargs.py
[2026-05-23T17:12:49.063+0000] {processor.py:914} INFO - Processing file /home/airflow/.local/lib/python3.12/site-packages/airflow/example_dags/example_xcomargs.py for tasks to queue
[2026-05-23T17:12:49.065+0000] {logging_mixin.py:190} INFO - [2026-05-23T17:12:49.064+0000] {dagbag.py:588} INFO - Filling up the DagBag from /home/airflow/.local/lib/python3.12/site-packages/airflow/example_dags/example_xcomargs.py
[2026-05-23T17:12:49.074+0000] {processor.py:925} INFO - DAG(s) 'example_xcom_args', 'example_xcom_args_with_operators' retrieved from /home/airflow/.local/lib/python3.12/site-packages/airflow/example_dags/example_xcomargs.py
[2026-05-23T17:12:49.092+0000] {logging_mixin.py:190} INFO - [2026-05-23T17:12:49.092+0000] {dag.py:3239} INFO - Sync 2 DAGs
[2026-05-23T17:12:49.105+0000] {logging_mixin.py:190} INFO - [2026-05-23T17:12:49.105+0000] {dag.py:4180} INFO - Setting next_dagrun for example_xcom_args to None, run_after=None
[2026-05-23T17:12:49.108+0000] {logging_mixin.py:190} INFO - [2026-05-23T17:12:49.108+0000] {dag.py:4180} INFO - Setting next_dagrun for example_xcom_args_with_operators to None, run_after=None
[2026-05-23T17:12:49.121+0000] {processor.py:208} INFO - Processing /home/airflow/.local/lib/python3.12/site-packages/airflow/example_dags/example_xcomargs.py took 0.064 seconds
[2026-05-23T17:13:20.481+0000] {processor.py:186} INFO - Started process (PID=3083) to work on /home/airflow/.local/lib/python3.12/site-packages/airflow/example_dags/example_xcomargs.py
[2026-05-23T17:13:20.482+0000] {processor.py:914} INFO - Processing file /home/airflow/.local/lib/python3.12/site-packages/airflow/example_dags/example_xcomargs.py for tasks to queue
[2026-05-23T17:13:20.484+0000] {logging_mixin.py:190} INFO - [2026-05-23T17:13:20.483+0000] {dagbag.py:588} INFO - Filling up the DagBag from /home/airflow/.local/lib/python3.12/site-packages/airflow/example_dags/example_xcomargs.py
[2026-05-23T17:13:20.492+0000] {processor.py:925} INFO - DAG(s) 'example_xcom_args_with_operators', 'example_xcom_args' retrieved from /home/airflow/.local/lib/python3.12/site-packages/airflow/example_dags/example_xcomargs.py
[2026-05-23T17:13:20.509+0000] {logging_mixin.py:190} INFO - [2026-05-23T17:13:20.508+0000] {dag.py:3239} INFO - Sync 2 DAGs
[2026-05-23T17:13:20.521+0000] {logging_mixin.py:190} INFO - [2026-05-23T17:13:20.521+0000] {dag.py:4180} INFO - Setting next_dagrun for example_xcom_args to None, run_after=None
[2026-05-23T17:13:20.524+0000] {logging_mixin.py:190} INFO - [2026-05-23T17:13:20.524+0000] {dag.py:4180} INFO - Setting next_dagrun for example_xcom_args_with_operators to None, run_after=None
[2026-05-23T17:13:20.537+0000] {processor.py:208} INFO - Processing /home/airflow/.local/lib/python3.12/site-packages/airflow/example_dags/example_xcomargs.py took 0.060 seconds
[2026-05-23T17:13:51.849+0000] {processor.py:186} INFO - Started process (PID=3148) to work on /home/airflow/.local/lib/python3.12/site-packages/airflow/example_dags/example_xcomargs.py
[2026-05-23T17:13:51.850+0000] {processor.py:914} INFO - Processing file /home/airflow/.local/lib/python3.12/site-packages/airflow/example_dags/example_xcomargs.py for tasks to queue
[2026-05-23T17:13:51.852+0000] {logging_mixin.py:190} INFO - [2026-05-23T17:13:51.851+0000] {dagbag.py:588} INFO - Filling up the DagBag from /home/airflow/.local/lib/python3.12/site-packages/airflow/example_dags/example_xcomargs.py
[2026-05-23T17:13:51.860+0000] {processor.py:925} INFO - DAG(s) 'example_xcom_args', 'example_xcom_args_with_operators' retrieved from /home/airflow/.local/lib/python3.12/site-packages/airflow/example_dags/example_xcomargs.py
[2026-05-23T17:13:51.881+0000] {logging_mixin.py:190} INFO - [2026-05-23T17:13:51.881+0000] {dag.py:3239} INFO - Sync 2 DAGs
[2026-05-23T17:13:51.896+0000] {logging_mixin.py:190} INFO - [2026-05-23T17:13:51.896+0000] {dag.py:4180} INFO - Setting next_dagrun for example_xcom_args to None, run_after=None
[2026-05-23T17:13:51.900+0000] {logging_mixin.py:190} INFO - [2026-05-23T17:13:51.900+0000] {dag.py:4180} INFO - Setting next_dagrun for example_xcom_args_with_operators to None, run_after=None
[2026-05-23T17:13:51.912+0000] {processor.py:208} INFO - Processing /home/airflow/.local/lib/python3.12/site-packages/airflow/example_dags/example_xcomargs.py took 0.067 seconds
[2026-05-23T17:14:23.128+0000] {processor.py:186} INFO - Started process (PID=3212) to work on /home/airflow/.local/lib/python3.12/site-packages/airflow/example_dags/example_xcomargs.py
[2026-05-23T17:14:23.128+0000] {processor.py:914} INFO - Processing file /home/airflow/.local/lib/python3.12/site-packages/airflow/example_dags/example_xcomargs.py for tasks to queue
[2026-05-23T17:14:23.130+0000] {logging_mixin.py:190} INFO - [2026-05-23T17:14:23.130+0000] {dagbag.py:588} INFO - Filling up the DagBag from /home/airflow/.local/lib/python3.12/site-packages/airflow/example_dags/example_xcomargs.py
[2026-05-23T17:14:23.138+0000] {processor.py:925} INFO - DAG(s) 'example_xcom_args', 'example_xcom_args_with_operators' retrieved from /home/airflow/.local/lib/python3.12/site-packages/airflow/example_dags/example_xcomargs.py
[2026-05-23T17:14:23.155+0000] {logging_mixin.py:190} INFO - [2026-05-23T17:14:23.155+0000] {dag.py:3239} INFO - Sync 2 DAGs
[2026-05-23T17:14:23.166+0000] {logging_mixin.py:190} INFO - [2026-05-23T17:14:23.166+0000] {dag.py:4180} INFO - Setting next_dagrun for example_xcom_args to None, run_after=None
[2026-05-23T17:14:23.169+0000] {logging_mixin.py:190} INFO - [2026-05-23T17:14:23.169+0000] {dag.py:4180} INFO - Setting next_dagrun for example_xcom_args_with_operators to None, run_after=None
[2026-05-23T17:14:23.181+0000] {processor.py:208} INFO - Processing /home/airflow/.local/lib/python3.12/site-packages/airflow/example_dags/example_xcomargs.py took 0.057 seconds
[2026-05-23T17:14:54.591+0000] {processor.py:186} INFO - Started process (PID=3277) to work on /home/airflow/.local/lib/python3.12/site-packages/airflow/example_dags/example_xcomargs.py
[2026-05-23T17:14:54.592+0000] {processor.py:914} INFO - Processing file /home/airflow/.local/lib/python3.12/site-packages/airflow/example_dags/example_xcomargs.py for tasks to queue
[2026-05-23T17:14:54.593+0000] {logging_mixin.py:190} INFO - [2026-05-23T17:14:54.593+0000] {dagbag.py:588} INFO - Filling up the DagBag from /home/airflow/.local/lib/python3.12/site-packages/airflow/example_dags/example_xcomargs.py
[2026-05-23T17:14:54.602+0000] {processor.py:925} INFO - DAG(s) 'example_xcom_args_with_operators', 'example_xcom_args' retrieved from /home/airflow/.local/lib/python3.12/site-packages/airflow/example_dags/example_xcomargs.py
[2026-05-23T17:14:54.624+0000] {logging_mixin.py:190} INFO - [2026-05-23T17:14:54.624+0000] {dag.py:3239} INFO - Sync 2 DAGs
[2026-05-23T17:14:54.640+0000] {logging_mixin.py:190} INFO - [2026-05-23T17:14:54.640+0000] {dag.py:4180} INFO - Setting next_dagrun for example_xcom_args to None, run_after=None
[2026-05-23T17:14:54.643+0000] {logging_mixin.py:190} INFO - [2026-05-23T17:14:54.643+0000] {dag.py:4180} INFO - Setting next_dagrun for example_xcom_args_with_operators to None, run_after=None
[2026-05-23T17:14:54.656+0000] {processor.py:208} INFO - Processing /home/airflow/.local/lib/python3.12/site-packages/airflow/example_dags/example_xcomargs.py took 0.069 seconds
[2026-05-23T17:15:25.774+0000] {processor.py:186} INFO - Started process (PID=3342) to work on /home/airflow/.local/lib/python3.12/site-packages/airflow/example_dags/example_xcomargs.py
[2026-05-23T17:15:25.775+0000] {processor.py:914} INFO - Processing file /home/airflow/.local/lib/python3.12/site-packages/airflow/example_dags/example_xcomargs.py for tasks to queue
[2026-05-23T17:15:25.776+0000] {logging_mixin.py:190} INFO - [2026-05-23T17:15:25.776+0000] {dagbag.py:588} INFO - Filling up the DagBag from /home/airflow/.local/lib/python3.12/site-packages/airflow/example_dags/example_xcomargs.py
[2026-05-23T17:15:25.785+0000] {processor.py:925} INFO - DAG(s) 'example_xcom_args_with_operators', 'example_xcom_args' retrieved from /home/airflow/.local/lib/python3.12/site-packages/airflow/example_dags/example_xcomargs.py
[2026-05-23T17:15:25.810+0000] {logging_mixin.py:190} INFO - [2026-05-23T17:15:25.810+0000] {dag.py:3239} INFO - Sync 2 DAGs
[2026-05-23T17:15:25.827+0000] {logging_mixin.py:190} INFO - [2026-05-23T17:15:25.827+0000] {dag.py:4180} INFO - Setting next_dagrun for example_xcom_args to None, run_after=None
[2026-05-23T17:15:25.830+0000] {logging_mixin.py:190} INFO - [2026-05-23T17:15:25.829+0000] {dag.py:4180} INFO - Setting next_dagrun for example_xcom_args_with_operators to None, run_after=None
[2026-05-23T17:15:25.842+0000] {processor.py:208} INFO - Processing /home/airflow/.local/lib/python3.12/site-packages/airflow/example_dags/example_xcomargs.py took 0.072 seconds
[2026-05-23T17:15:56.903+0000] {processor.py:186} INFO - Started process (PID=3407) to work on /home/airflow/.local/lib/python3.12/site-packages/airflow/example_dags/example_xcomargs.py
[2026-05-23T17:15:56.904+0000] {processor.py:914} INFO - Processing file /home/airflow/.local/lib/python3.12/site-packages/airflow/example_dags/example_xcomargs.py for tasks to queue
[2026-05-23T17:15:56.906+0000] {logging_mixin.py:190} INFO - [2026-05-23T17:15:56.906+0000] {dagbag.py:588} INFO - Filling up the DagBag from /home/airflow/.local/lib/python3.12/site-packages/airflow/example_dags/example_xcomargs.py
[2026-05-23T17:15:56.918+0000] {processor.py:925} INFO - DAG(s) 'example_xcom_args_with_operators', 'example_xcom_args' retrieved from /home/airflow/.local/lib/python3.12/site-packages/airflow/example_dags/example_xcomargs.py
[2026-05-23T17:15:56.944+0000] {logging_mixin.py:190} INFO - [2026-05-23T17:15:56.943+0000] {dag.py:3239} INFO - Sync 2 DAGs
[2026-05-23T17:15:56.959+0000] {logging_mixin.py:190} INFO - [2026-05-23T17:15:56.959+0000] {dag.py:4180} INFO - Setting next_dagrun for example_xcom_args to None, run_after=None
[2026-05-23T17:15:56.963+0000] {logging_mixin.py:190} INFO - [2026-05-23T17:15:56.962+0000] {dag.py:4180} INFO - Setting next_dagrun for example_xcom_args_with_operators to None, run_after=None
[2026-05-23T17:15:56.976+0000] {processor.py:208} INFO - Processing /home/airflow/.local/lib/python3.12/site-packages/airflow/example_dags/example_xcomargs.py took 0.078 seconds
[2026-05-23T17:16:28.033+0000] {processor.py:186} INFO - Started process (PID=3472) to work on /home/airflow/.local/lib/python3.12/site-packages/airflow/example_dags/example_xcomargs.py
[2026-05-23T17:16:28.034+0000] {processor.py:914} INFO - Processing file /home/airflow/.local/lib/python3.12/site-packages/airflow/example_dags/example_xcomargs.py for tasks to queue
[2026-05-23T17:16:28.036+0000] {logging_mixin.py:190} INFO - [2026-05-23T17:16:28.035+0000] {dagbag.py:588} INFO - Filling up the DagBag from /home/airflow/.local/lib/python3.12/site-packages/airflow/example_dags/example_xcomargs.py
[2026-05-23T17:16:28.044+0000] {processor.py:925} INFO - DAG(s) 'example_xcom_args', 'example_xcom_args_with_operators' retrieved from /home/airflow/.local/lib/python3.12/site-packages/airflow/example_dags/example_xcomargs.py
[2026-05-23T17:16:28.065+0000] {logging_mixin.py:190} INFO - [2026-05-23T17:16:28.065+0000] {dag.py:3239} INFO - Sync 2 DAGs
[2026-05-23T17:16:28.081+0000] {logging_mixin.py:190} INFO - [2026-05-23T17:16:28.081+0000] {dag.py:4180} INFO - Setting next_dagrun for example_xcom_args to None, run_after=None
[2026-05-23T17:16:28.084+0000] {logging_mixin.py:190} INFO - [2026-05-23T17:16:28.084+0000] {dag.py:4180} INFO - Setting next_dagrun for example_xcom_args_with_operators to None, run_after=None
[2026-05-23T17:16:28.098+0000] {processor.py:208} INFO - Processing /home/airflow/.local/lib/python3.12/site-packages/airflow/example_dags/example_xcomargs.py took 0.069 seconds
[2026-05-23T17:16:59.303+0000] {processor.py:186} INFO - Started process (PID=3537) to work on /home/airflow/.local/lib/python3.12/site-packages/airflow/example_dags/example_xcomargs.py
[2026-05-23T17:16:59.303+0000] {processor.py:914} INFO - Processing file /home/airflow/.local/lib/python3.12/site-packages/airflow/example_dags/example_xcomargs.py for tasks to queue
[2026-05-23T17:16:59.305+0000] {logging_mixin.py:190} INFO - [2026-05-23T17:16:59.305+0000] {dagbag.py:588} INFO - Filling up the DagBag from /home/airflow/.local/lib/python3.12/site-packages/airflow/example_dags/example_xcomargs.py
[2026-05-23T17:16:59.313+0000] {processor.py:925} INFO - DAG(s) 'example_xcom_args', 'example_xcom_args_with_operators' retrieved from /home/airflow/.local/lib/python3.12/site-packages/airflow/example_dags/example_xcomargs.py
[2026-05-23T17:16:59.331+0000] {logging_mixin.py:190} INFO - [2026-05-23T17:16:59.331+0000] {dag.py:3239} INFO - Sync 2 DAGs
[2026-05-23T17:16:59.347+0000] {logging_mixin.py:190} INFO - [2026-05-23T17:16:59.346+0000] {dag.py:4180} INFO - Setting next_dagrun for example_xcom_args to None, run_after=None
[2026-05-23T17:16:59.350+0000] {logging_mixin.py:190} INFO - [2026-05-23T17:16:59.350+0000] {dag.py:4180} INFO - Setting next_dagrun for example_xcom_args_with_operators to None, run_after=None
[2026-05-23T17:16:59.363+0000] {processor.py:208} INFO - Processing /home/airflow/.local/lib/python3.12/site-packages/airflow/example_dags/example_xcomargs.py took 0.064 seconds
[2026-05-23T17:17:30.919+0000] {processor.py:186} INFO - Started process (PID=3608) to work on /home/airflow/.local/lib/python3.12/site-packages/airflow/example_dags/example_xcomargs.py
[2026-05-23T17:17:30.920+0000] {processor.py:914} INFO - Processing file /home/airflow/.local/lib/python3.12/site-packages/airflow/example_dags/example_xcomargs.py for tasks to queue
[2026-05-23T17:17:30.922+0000] {logging_mixin.py:190} INFO - [2026-05-23T17:17:30.921+0000] {dagbag.py:588} INFO - Filling up the DagBag from /home/airflow/.local/lib/python3.12/site-packages/airflow/example_dags/example_xcomargs.py
[2026-05-23T17:17:30.934+0000] {processor.py:925} INFO - DAG(s) 'example_xcom_args_with_operators', 'example_xcom_args' retrieved from /home/airflow/.local/lib/python3.12/site-packages/airflow/example_dags/example_xcomargs.py
[2026-05-23T17:17:30.954+0000] {logging_mixin.py:190} INFO - [2026-05-23T17:17:30.953+0000] {dag.py:3239} INFO - Sync 2 DAGs
[2026-05-23T17:17:30.967+0000] {logging_mixin.py:190} INFO - [2026-05-23T17:17:30.967+0000] {dag.py:4180} INFO - Setting next_dagrun for example_xcom_args to None, run_after=None
[2026-05-23T17:17:30.971+0000] {logging_mixin.py:190} INFO - [2026-05-23T17:17:30.971+0000] {dag.py:4180} INFO - Setting next_dagrun for example_xcom_args_with_operators to None, run_after=None
[2026-05-23T17:17:30.985+0000] {processor.py:208} INFO - Processing /home/airflow/.local/lib/python3.12/site-packages/airflow/example_dags/example_xcomargs.py took 0.073 seconds
[2026-05-23T17:18:02.237+0000] {processor.py:186} INFO - Started process (PID=3673) to work on /home/airflow/.local/lib/python3.12/site-packages/airflow/example_dags/example_xcomargs.py
[2026-05-23T17:18:02.237+0000] {processor.py:914} INFO - Processing file /home/airflow/.local/lib/python3.12/site-packages/airflow/example_dags/example_xcomargs.py for tasks to queue
[2026-05-23T17:18:02.239+0000] {logging_mixin.py:190} INFO - [2026-05-23T17:18:02.239+0000] {dagbag.py:588} INFO - Filling up the DagBag from /home/airflow/.local/lib/python3.12/site-packages/airflow/example_dags/example_xcomargs.py
[2026-05-23T17:18:02.248+0000] {processor.py:925} INFO - DAG(s) 'example_xcom_args_with_operators', 'example_xcom_args' retrieved from /home/airflow/.local/lib/python3.12/site-packages/airflow/example_dags/example_xcomargs.py
[2026-05-23T17:18:02.269+0000] {logging_mixin.py:190} INFO - [2026-05-23T17:18:02.269+0000] {dag.py:3239} INFO - Sync 2 DAGs
[2026-05-23T17:18:02.284+0000] {logging_mixin.py:190} INFO - [2026-05-23T17:18:02.284+0000] {dag.py:4180} INFO - Setting next_dagrun for example_xcom_args to None, run_after=None
[2026-05-23T17:18:02.287+0000] {logging_mixin.py:190} INFO - [2026-05-23T17:18:02.287+0000] {dag.py:4180} INFO - Setting next_dagrun for example_xcom_args_with_operators to None, run_after=None
[2026-05-23T17:18:02.300+0000] {processor.py:208} INFO - Processing /home/airflow/.local/lib/python3.12/site-packages/airflow/example_dags/example_xcomargs.py took 0.068 seconds
[2026-05-23T17:18:33.812+0000] {processor.py:186} INFO - Started process (PID=3738) to work on /home/airflow/.local/lib/python3.12/site-packages/airflow/example_dags/example_xcomargs.py
[2026-05-23T17:18:33.813+0000] {processor.py:914} INFO - Processing file /home/airflow/.local/lib/python3.12/site-packages/airflow/example_dags/example_xcomargs.py for tasks to queue
[2026-05-23T17:18:33.814+0000] {logging_mixin.py:190} INFO - [2026-05-23T17:18:33.814+0000] {dagbag.py:588} INFO - Filling up the DagBag from /home/airflow/.local/lib/python3.12/site-packages/airflow/example_dags/example_xcomargs.py
[2026-05-23T17:18:33.823+0000] {processor.py:925} INFO - DAG(s) 'example_xcom_args_with_operators', 'example_xcom_args' retrieved from /home/airflow/.local/lib/python3.12/site-packages/airflow/example_dags/example_xcomargs.py
[2026-05-23T17:18:33.843+0000] {logging_mixin.py:190} INFO - [2026-05-23T17:18:33.843+0000] {dag.py:3239} INFO - Sync 2 DAGs
[2026-05-23T17:18:33.858+0000] {logging_mixin.py:190} INFO - [2026-05-23T17:18:33.858+0000] {dag.py:4180} INFO - Setting next_dagrun for example_xcom_args to None, run_after=None
[2026-05-23T17:18:33.862+0000] {logging_mixin.py:190} INFO - [2026-05-23T17:18:33.862+0000] {dag.py:4180} INFO - Setting next_dagrun for example_xcom_args_with_operators to None, run_after=None
[2026-05-23T17:18:33.874+0000] {processor.py:208} INFO - Processing /home/airflow/.local/lib/python3.12/site-packages/airflow/example_dags/example_xcomargs.py took 0.067 seconds
[2026-05-23T17:19:05.605+0000] {processor.py:186} INFO - Started process (PID=3804) to work on /home/airflow/.local/lib/python3.12/site-packages/airflow/example_dags/example_xcomargs.py
[2026-05-23T17:19:05.606+0000] {processor.py:914} INFO - Processing file /home/airflow/.local/lib/python3.12/site-packages/airflow/example_dags/example_xcomargs.py for tasks to queue
[2026-05-23T17:19:05.608+0000] {logging_mixin.py:190} INFO - [2026-05-23T17:19:05.607+0000] {dagbag.py:588} INFO - Filling up the DagBag from /home/airflow/.local/lib/python3.12/site-packages/airflow/example_dags/example_xcomargs.py
[2026-05-23T17:19:05.618+0000] {processor.py:925} INFO - DAG(s) 'example_xcom_args_with_operators', 'example_xcom_args' retrieved from /home/airflow/.local/lib/python3.12/site-packages/airflow/example_dags/example_xcomargs.py
[2026-05-23T17:19:05.642+0000] {logging_mixin.py:190} INFO - [2026-05-23T17:19:05.642+0000] {dag.py:3239} INFO - Sync 2 DAGs
[2026-05-23T17:19:05.658+0000] {logging_mixin.py:190} INFO - [2026-05-23T17:19:05.658+0000] {dag.py:4180} INFO - Setting next_dagrun for example_xcom_args to None, run_after=None
[2026-05-23T17:19:05.662+0000] {logging_mixin.py:190} INFO - [2026-05-23T17:19:05.662+0000] {dag.py:4180} INFO - Setting next_dagrun for example_xcom_args_with_operators to None, run_after=None
[2026-05-23T17:19:05.677+0000] {processor.py:208} INFO - Processing /home/airflow/.local/lib/python3.12/site-packages/airflow/example_dags/example_xcomargs.py took 0.079 seconds
[2026-05-23T17:19:36.374+0000] {processor.py:186} INFO - Started process (PID=3869) to work on /home/airflow/.local/lib/python3.12/site-packages/airflow/example_dags/example_xcomargs.py
[2026-05-23T17:19:36.375+0000] {processor.py:914} INFO - Processing file /home/airflow/.local/lib/python3.12/site-packages/airflow/example_dags/example_xcomargs.py for tasks to queue
[2026-05-23T17:19:36.376+0000] {logging_mixin.py:190} INFO - [2026-05-23T17:19:36.376+0000] {dagbag.py:588} INFO - Filling up the DagBag from /home/airflow/.local/lib/python3.12/site-packages/airflow/example_dags/example_xcomargs.py
[2026-05-23T17:19:36.384+0000] {processor.py:925} INFO - DAG(s) 'example_xcom_args_with_operators', 'example_xcom_args' retrieved from /home/airflow/.local/lib/python3.12/site-packages/airflow/example_dags/example_xcomargs.py
[2026-05-23T17:19:36.401+0000] {logging_mixin.py:190} INFO - [2026-05-23T17:19:36.401+0000] {dag.py:3239} INFO - Sync 2 DAGs
[2026-05-23T17:19:36.416+0000] {logging_mixin.py:190} INFO - [2026-05-23T17:19:36.415+0000] {dag.py:4180} INFO - Setting next_dagrun for example_xcom_args to None, run_after=None
[2026-05-23T17:19:36.418+0000] {logging_mixin.py:190} INFO - [2026-05-23T17:19:36.418+0000] {dag.py:4180} INFO - Setting next_dagrun for example_xcom_args_with_operators to None, run_after=None
[2026-05-23T17:19:36.430+0000] {processor.py:208} INFO - Processing /home/airflow/.local/lib/python3.12/site-packages/airflow/example_dags/example_xcomargs.py took 0.060 seconds
[2026-05-23T17:20:07.172+0000] {processor.py:186} INFO - Started process (PID=3934) to work on /home/airflow/.local/lib/python3.12/site-packages/airflow/example_dags/example_xcomargs.py
[2026-05-23T17:20:07.173+0000] {processor.py:914} INFO - Processing file /home/airflow/.local/lib/python3.12/site-packages/airflow/example_dags/example_xcomargs.py for tasks to queue
[2026-05-23T17:20:07.175+0000] {logging_mixin.py:190} INFO - [2026-05-23T17:20:07.174+0000] {dagbag.py:588} INFO - Filling up the DagBag from /home/airflow/.local/lib/python3.12/site-packages/airflow/example_dags/example_xcomargs.py
[2026-05-23T17:20:07.185+0000] {processor.py:925} INFO - DAG(s) 'example_xcom_args_with_operators', 'example_xcom_args' retrieved from /home/airflow/.local/lib/python3.12/site-packages/airflow/example_dags/example_xcomargs.py
[2026-05-23T17:20:07.205+0000] {logging_mixin.py:190} INFO - [2026-05-23T17:20:07.205+0000] {dag.py:3239} INFO - Sync 2 DAGs
[2026-05-23T17:20:07.218+0000] {logging_mixin.py:190} INFO - [2026-05-23T17:20:07.218+0000] {dag.py:4180} INFO - Setting next_dagrun for example_xcom_args to None, run_after=None
[2026-05-23T17:20:07.222+0000] {logging_mixin.py:190} INFO - [2026-05-23T17:20:07.221+0000] {dag.py:4180} INFO - Setting next_dagrun for example_xcom_args_with_operators to None, run_after=None
[2026-05-23T17:20:07.235+0000] {processor.py:208} INFO - Processing /home/airflow/.local/lib/python3.12/site-packages/airflow/example_dags/example_xcomargs.py took 0.069 seconds
[2026-05-23T17:20:37.865+0000] {processor.py:186} INFO - Started process (PID=3999) to work on /home/airflow/.local/lib/python3.12/site-packages/airflow/example_dags/example_xcomargs.py
[2026-05-23T17:20:37.865+0000] {processor.py:914} INFO - Processing file /home/airflow/.local/lib/python3.12/site-packages/airflow/example_dags/example_xcomargs.py for tasks to queue
[2026-05-23T17:20:37.867+0000] {logging_mixin.py:190} INFO - [2026-05-23T17:20:37.867+0000] {dagbag.py:588} INFO - Filling up the DagBag from /home/airflow/.local/lib/python3.12/site-packages/airflow/example_dags/example_xcomargs.py
[2026-05-23T17:20:37.875+0000] {processor.py:925} INFO - DAG(s) 'example_xcom_args', 'example_xcom_args_with_operators' retrieved from /home/airflow/.local/lib/python3.12/site-packages/airflow/example_dags/example_xcomargs.py
[2026-05-23T17:20:37.893+0000] {logging_mixin.py:190} INFO - [2026-05-23T17:20:37.892+0000] {dag.py:3239} INFO - Sync 2 DAGs
[2026-05-23T17:20:37.904+0000] {logging_mixin.py:190} INFO - [2026-05-23T17:20:37.904+0000] {dag.py:4180} INFO - Setting next_dagrun for example_xcom_args to None, run_after=None
[2026-05-23T17:20:37.907+0000] {logging_mixin.py:190} INFO - [2026-05-23T17:20:37.907+0000] {dag.py:4180} INFO - Setting next_dagrun for example_xcom_args_with_operators to None, run_after=None
[2026-05-23T17:20:37.918+0000] {processor.py:208} INFO - Processing /home/airflow/.local/lib/python3.12/site-packages/airflow/example_dags/example_xcomargs.py took 0.058 seconds
[2026-05-23T17:21:08.791+0000] {processor.py:186} INFO - Started process (PID=4064) to work on /home/airflow/.local/lib/python3.12/site-packages/airflow/example_dags/example_xcomargs.py
[2026-05-23T17:21:08.792+0000] {processor.py:914} INFO - Processing file /home/airflow/.local/lib/python3.12/site-packages/airflow/example_dags/example_xcomargs.py for tasks to queue
[2026-05-23T17:21:08.794+0000] {logging_mixin.py:190} INFO - [2026-05-23T17:21:08.793+0000] {dagbag.py:588} INFO - Filling up the DagBag from /home/airflow/.local/lib/python3.12/site-packages/airflow/example_dags/example_xcomargs.py
[2026-05-23T17:21:08.805+0000] {processor.py:925} INFO - DAG(s) 'example_xcom_args', 'example_xcom_args_with_operators' retrieved from /home/airflow/.local/lib/python3.12/site-packages/airflow/example_dags/example_xcomargs.py
[2026-05-23T17:21:08.831+0000] {logging_mixin.py:190} INFO - [2026-05-23T17:21:08.831+0000] {dag.py:3239} INFO - Sync 2 DAGs
[2026-05-23T17:21:08.850+0000] {logging_mixin.py:190} INFO - [2026-05-23T17:21:08.849+0000] {dag.py:4180} INFO - Setting next_dagrun for example_xcom_args to None, run_after=None
[2026-05-23T17:21:08.854+0000] {logging_mixin.py:190} INFO - [2026-05-23T17:21:08.854+0000] {dag.py:4180} INFO - Setting next_dagrun for example_xcom_args_with_operators to None, run_after=None
[2026-05-23T17:21:08.869+0000] {processor.py:208} INFO - Processing /home/airflow/.local/lib/python3.12/site-packages/airflow/example_dags/example_xcomargs.py took 0.084 seconds
[2026-05-23T17:21:40.182+0000] {processor.py:186} INFO - Started process (PID=4129) to work on /home/airflow/.local/lib/python3.12/site-packages/airflow/example_dags/example_xcomargs.py
[2026-05-23T17:21:40.184+0000] {processor.py:914} INFO - Processing file /home/airflow/.local/lib/python3.12/site-packages/airflow/example_dags/example_xcomargs.py for tasks to queue
[2026-05-23T17:21:40.188+0000] {logging_mixin.py:190} INFO - [2026-05-23T17:21:40.186+0000] {dagbag.py:588} INFO - Filling up the DagBag from /home/airflow/.local/lib/python3.12/site-packages/airflow/example_dags/example_xcomargs.py
[2026-05-23T17:21:40.199+0000] {processor.py:925} INFO - DAG(s) 'example_xcom_args_with_operators', 'example_xcom_args' retrieved from /home/airflow/.local/lib/python3.12/site-packages/airflow/example_dags/example_xcomargs.py
[2026-05-23T17:21:40.224+0000] {logging_mixin.py:190} INFO - [2026-05-23T17:21:40.223+0000] {dag.py:3239} INFO - Sync 2 DAGs
[2026-05-23T17:21:40.241+0000] {logging_mixin.py:190} INFO - [2026-05-23T17:21:40.241+0000] {dag.py:4180} INFO - Setting next_dagrun for example_xcom_args to None, run_after=None
[2026-05-23T17:21:40.245+0000] {logging_mixin.py:190} INFO - [2026-05-23T17:21:40.245+0000] {dag.py:4180} INFO - Setting next_dagrun for example_xcom_args_with_operators to None, run_after=None
[2026-05-23T17:21:40.259+0000] {processor.py:208} INFO - Processing /home/airflow/.local/lib/python3.12/site-packages/airflow/example_dags/example_xcomargs.py took 0.083 seconds
[2026-05-23T21:56:21.266+0000] {processor.py:186} INFO - Started process (PID=67) to work on /home/airflow/.local/lib/python3.12/site-packages/airflow/example_dags/example_xcomargs.py
[2026-05-23T21:56:21.267+0000] {processor.py:914} INFO - Processing file /home/airflow/.local/lib/python3.12/site-packages/airflow/example_dags/example_xcomargs.py for tasks to queue
[2026-05-23T21:56:21.270+0000] {logging_mixin.py:190} INFO - [2026-05-23T21:56:21.269+0000] {dagbag.py:588} INFO - Filling up the DagBag from /home/airflow/.local/lib/python3.12/site-packages/airflow/example_dags/example_xcomargs.py
[2026-05-23T21:56:21.279+0000] {processor.py:925} INFO - DAG(s) 'example_xcom_args', 'example_xcom_args_with_operators' retrieved from /home/airflow/.local/lib/python3.12/site-packages/airflow/example_dags/example_xcomargs.py
[2026-05-23T21:56:21.309+0000] {logging_mixin.py:190} INFO - [2026-05-23T21:56:21.309+0000] {dag.py:3239} INFO - Sync 2 DAGs
[2026-05-23T21:56:21.322+0000] {logging_mixin.py:190} INFO - [2026-05-23T21:56:21.322+0000] {dag.py:4180} INFO - Setting next_dagrun for example_xcom_args to None, run_after=None
[2026-05-23T21:56:21.326+0000] {logging_mixin.py:190} INFO - [2026-05-23T21:56:21.326+0000] {dag.py:4180} INFO - Setting next_dagrun for example_xcom_args_with_operators to None, run_after=None
[2026-05-23T21:56:21.340+0000] {processor.py:208} INFO - Processing /home/airflow/.local/lib/python3.12/site-packages/airflow/example_dags/example_xcomargs.py took 0.080 seconds
