[2026-05-23T16:10:03.227+0000] {processor.py:186} INFO - Started process (PID=102) to work on /home/airflow/.local/lib/python3.12/site-packages/airflow/example_dags/example_python_operator.py
[2026-05-23T16:10:03.228+0000] {processor.py:914} INFO - Processing file /home/airflow/.local/lib/python3.12/site-packages/airflow/example_dags/example_python_operator.py for tasks to queue
[2026-05-23T16:10:03.229+0000] {logging_mixin.py:190} INFO - [2026-05-23T16:10:03.229+0000] {dagbag.py:588} INFO - Filling up the DagBag from /home/airflow/.local/lib/python3.12/site-packages/airflow/example_dags/example_python_operator.py
[2026-05-23T16:10:03.239+0000] {processor.py:925} INFO - DAG(s) 'example_python_operator' retrieved from /home/airflow/.local/lib/python3.12/site-packages/airflow/example_dags/example_python_operator.py
[2026-05-23T16:10:03.352+0000] {logging_mixin.py:190} INFO - [2026-05-23T16:10:03.351+0000] {dag.py:3239} INFO - Sync 1 DAGs
[2026-05-23T16:10:03.366+0000] {logging_mixin.py:190} INFO - [2026-05-23T16:10:03.366+0000] {dag.py:4180} INFO - Setting next_dagrun for example_python_operator to None, run_after=None
[2026-05-23T16:10:03.381+0000] {processor.py:208} INFO - Processing /home/airflow/.local/lib/python3.12/site-packages/airflow/example_dags/example_python_operator.py took 0.158 seconds
[2026-05-23T16:10:33.959+0000] {processor.py:186} INFO - Started process (PID=166) to work on /home/airflow/.local/lib/python3.12/site-packages/airflow/example_dags/example_python_operator.py
[2026-05-23T16:10:33.960+0000] {processor.py:914} INFO - Processing file /home/airflow/.local/lib/python3.12/site-packages/airflow/example_dags/example_python_operator.py for tasks to queue
[2026-05-23T16:10:33.961+0000] {logging_mixin.py:190} INFO - [2026-05-23T16:10:33.961+0000] {dagbag.py:588} INFO - Filling up the DagBag from /home/airflow/.local/lib/python3.12/site-packages/airflow/example_dags/example_python_operator.py
[2026-05-23T16:10:33.971+0000] {processor.py:925} INFO - DAG(s) 'example_python_operator' retrieved from /home/airflow/.local/lib/python3.12/site-packages/airflow/example_dags/example_python_operator.py
[2026-05-23T16:10:33.988+0000] {logging_mixin.py:190} INFO - [2026-05-23T16:10:33.987+0000] {dag.py:3239} INFO - Sync 1 DAGs
[2026-05-23T16:10:33.999+0000] {logging_mixin.py:190} INFO - [2026-05-23T16:10:33.999+0000] {dag.py:4180} INFO - Setting next_dagrun for example_python_operator to None, run_after=None
[2026-05-23T16:10:34.012+0000] {processor.py:208} INFO - Processing /home/airflow/.local/lib/python3.12/site-packages/airflow/example_dags/example_python_operator.py took 0.057 seconds
[2026-05-23T16:11:04.561+0000] {processor.py:186} INFO - Started process (PID=230) to work on /home/airflow/.local/lib/python3.12/site-packages/airflow/example_dags/example_python_operator.py
[2026-05-23T16:11:04.561+0000] {processor.py:914} INFO - Processing file /home/airflow/.local/lib/python3.12/site-packages/airflow/example_dags/example_python_operator.py for tasks to queue
[2026-05-23T16:11:04.563+0000] {logging_mixin.py:190} INFO - [2026-05-23T16:11:04.563+0000] {dagbag.py:588} INFO - Filling up the DagBag from /home/airflow/.local/lib/python3.12/site-packages/airflow/example_dags/example_python_operator.py
[2026-05-23T16:11:04.572+0000] {processor.py:925} INFO - DAG(s) 'example_python_operator' retrieved from /home/airflow/.local/lib/python3.12/site-packages/airflow/example_dags/example_python_operator.py
[2026-05-23T16:11:04.593+0000] {logging_mixin.py:190} INFO - [2026-05-23T16:11:04.593+0000] {dag.py:3239} INFO - Sync 1 DAGs
[2026-05-23T16:11:04.608+0000] {logging_mixin.py:190} INFO - [2026-05-23T16:11:04.608+0000] {dag.py:4180} INFO - Setting next_dagrun for example_python_operator to None, run_after=None
[2026-05-23T16:11:04.623+0000] {processor.py:208} INFO - Processing /home/airflow/.local/lib/python3.12/site-packages/airflow/example_dags/example_python_operator.py took 0.067 seconds
[2026-05-23T16:11:34.859+0000] {processor.py:186} INFO - Started process (PID=294) to work on /home/airflow/.local/lib/python3.12/site-packages/airflow/example_dags/example_python_operator.py
[2026-05-23T16:11:34.860+0000] {processor.py:914} INFO - Processing file /home/airflow/.local/lib/python3.12/site-packages/airflow/example_dags/example_python_operator.py for tasks to queue
[2026-05-23T16:11:34.862+0000] {logging_mixin.py:190} INFO - [2026-05-23T16:11:34.862+0000] {dagbag.py:588} INFO - Filling up the DagBag from /home/airflow/.local/lib/python3.12/site-packages/airflow/example_dags/example_python_operator.py
[2026-05-23T16:11:34.878+0000] {processor.py:925} INFO - DAG(s) 'example_python_operator' retrieved from /home/airflow/.local/lib/python3.12/site-packages/airflow/example_dags/example_python_operator.py
[2026-05-23T16:11:34.915+0000] {logging_mixin.py:190} INFO - [2026-05-23T16:11:34.914+0000] {dag.py:3239} INFO - Sync 1 DAGs
[2026-05-23T16:11:34.932+0000] {logging_mixin.py:190} INFO - [2026-05-23T16:11:34.932+0000] {dag.py:4180} INFO - Setting next_dagrun for example_python_operator to None, run_after=None
[2026-05-23T16:11:34.951+0000] {processor.py:208} INFO - Processing /home/airflow/.local/lib/python3.12/site-packages/airflow/example_dags/example_python_operator.py took 0.097 seconds
[2026-05-23T16:12:07.008+0000] {processor.py:186} INFO - Started process (PID=357) to work on /home/airflow/.local/lib/python3.12/site-packages/airflow/example_dags/example_python_operator.py
[2026-05-23T16:12:07.008+0000] {processor.py:914} INFO - Processing file /home/airflow/.local/lib/python3.12/site-packages/airflow/example_dags/example_python_operator.py for tasks to queue
[2026-05-23T16:12:07.010+0000] {logging_mixin.py:190} INFO - [2026-05-23T16:12:07.009+0000] {dagbag.py:588} INFO - Filling up the DagBag from /home/airflow/.local/lib/python3.12/site-packages/airflow/example_dags/example_python_operator.py
[2026-05-23T16:12:07.023+0000] {processor.py:925} INFO - DAG(s) 'example_python_operator' retrieved from /home/airflow/.local/lib/python3.12/site-packages/airflow/example_dags/example_python_operator.py
[2026-05-23T16:12:07.046+0000] {logging_mixin.py:190} INFO - [2026-05-23T16:12:07.046+0000] {dag.py:3239} INFO - Sync 1 DAGs
[2026-05-23T16:12:07.061+0000] {logging_mixin.py:190} INFO - [2026-05-23T16:12:07.061+0000] {dag.py:4180} INFO - Setting next_dagrun for example_python_operator to None, run_after=None
[2026-05-23T16:12:07.078+0000] {processor.py:208} INFO - Processing /home/airflow/.local/lib/python3.12/site-packages/airflow/example_dags/example_python_operator.py took 0.076 seconds
[2026-05-23T16:12:38.754+0000] {processor.py:186} INFO - Started process (PID=421) to work on /home/airflow/.local/lib/python3.12/site-packages/airflow/example_dags/example_python_operator.py
[2026-05-23T16:12:38.755+0000] {processor.py:914} INFO - Processing file /home/airflow/.local/lib/python3.12/site-packages/airflow/example_dags/example_python_operator.py for tasks to queue
[2026-05-23T16:12:38.761+0000] {logging_mixin.py:190} INFO - [2026-05-23T16:12:38.761+0000] {dagbag.py:588} INFO - Filling up the DagBag from /home/airflow/.local/lib/python3.12/site-packages/airflow/example_dags/example_python_operator.py
[2026-05-23T16:12:38.775+0000] {processor.py:925} INFO - DAG(s) 'example_python_operator' retrieved from /home/airflow/.local/lib/python3.12/site-packages/airflow/example_dags/example_python_operator.py
[2026-05-23T16:12:38.800+0000] {logging_mixin.py:190} INFO - [2026-05-23T16:12:38.800+0000] {dag.py:3239} INFO - Sync 1 DAGs
[2026-05-23T16:12:38.818+0000] {logging_mixin.py:190} INFO - [2026-05-23T16:12:38.818+0000] {dag.py:4180} INFO - Setting next_dagrun for example_python_operator to None, run_after=None
[2026-05-23T16:12:38.837+0000] {processor.py:208} INFO - Processing /home/airflow/.local/lib/python3.12/site-packages/airflow/example_dags/example_python_operator.py took 0.089 seconds
[2026-05-23T16:13:09.143+0000] {processor.py:186} INFO - Started process (PID=485) to work on /home/airflow/.local/lib/python3.12/site-packages/airflow/example_dags/example_python_operator.py
[2026-05-23T16:13:09.144+0000] {processor.py:914} INFO - Processing file /home/airflow/.local/lib/python3.12/site-packages/airflow/example_dags/example_python_operator.py for tasks to queue
[2026-05-23T16:13:09.146+0000] {logging_mixin.py:190} INFO - [2026-05-23T16:13:09.145+0000] {dagbag.py:588} INFO - Filling up the DagBag from /home/airflow/.local/lib/python3.12/site-packages/airflow/example_dags/example_python_operator.py
[2026-05-23T16:13:09.155+0000] {processor.py:925} INFO - DAG(s) 'example_python_operator' retrieved from /home/airflow/.local/lib/python3.12/site-packages/airflow/example_dags/example_python_operator.py
[2026-05-23T16:13:09.172+0000] {logging_mixin.py:190} INFO - [2026-05-23T16:13:09.172+0000] {dag.py:3239} INFO - Sync 1 DAGs
[2026-05-23T16:13:09.188+0000] {logging_mixin.py:190} INFO - [2026-05-23T16:13:09.188+0000] {dag.py:4180} INFO - Setting next_dagrun for example_python_operator to None, run_after=None
[2026-05-23T16:13:09.207+0000] {processor.py:208} INFO - Processing /home/airflow/.local/lib/python3.12/site-packages/airflow/example_dags/example_python_operator.py took 0.068 seconds
[2026-05-23T16:13:39.864+0000] {processor.py:186} INFO - Started process (PID=549) to work on /home/airflow/.local/lib/python3.12/site-packages/airflow/example_dags/example_python_operator.py
[2026-05-23T16:13:39.864+0000] {processor.py:914} INFO - Processing file /home/airflow/.local/lib/python3.12/site-packages/airflow/example_dags/example_python_operator.py for tasks to queue
[2026-05-23T16:13:39.866+0000] {logging_mixin.py:190} INFO - [2026-05-23T16:13:39.866+0000] {dagbag.py:588} INFO - Filling up the DagBag from /home/airflow/.local/lib/python3.12/site-packages/airflow/example_dags/example_python_operator.py
[2026-05-23T16:13:39.877+0000] {processor.py:925} INFO - DAG(s) 'example_python_operator' retrieved from /home/airflow/.local/lib/python3.12/site-packages/airflow/example_dags/example_python_operator.py
[2026-05-23T16:13:39.897+0000] {logging_mixin.py:190} INFO - [2026-05-23T16:13:39.897+0000] {dag.py:3239} INFO - Sync 1 DAGs
[2026-05-23T16:13:39.912+0000] {logging_mixin.py:190} INFO - [2026-05-23T16:13:39.912+0000] {dag.py:4180} INFO - Setting next_dagrun for example_python_operator to None, run_after=None
[2026-05-23T16:13:39.929+0000] {processor.py:208} INFO - Processing /home/airflow/.local/lib/python3.12/site-packages/airflow/example_dags/example_python_operator.py took 0.069 seconds
[2026-05-23T16:14:10.462+0000] {processor.py:186} INFO - Started process (PID=613) to work on /home/airflow/.local/lib/python3.12/site-packages/airflow/example_dags/example_python_operator.py
[2026-05-23T16:14:10.463+0000] {processor.py:914} INFO - Processing file /home/airflow/.local/lib/python3.12/site-packages/airflow/example_dags/example_python_operator.py for tasks to queue
[2026-05-23T16:14:10.464+0000] {logging_mixin.py:190} INFO - [2026-05-23T16:14:10.464+0000] {dagbag.py:588} INFO - Filling up the DagBag from /home/airflow/.local/lib/python3.12/site-packages/airflow/example_dags/example_python_operator.py
[2026-05-23T16:14:10.474+0000] {processor.py:925} INFO - DAG(s) 'example_python_operator' retrieved from /home/airflow/.local/lib/python3.12/site-packages/airflow/example_dags/example_python_operator.py
[2026-05-23T16:14:10.494+0000] {logging_mixin.py:190} INFO - [2026-05-23T16:14:10.494+0000] {dag.py:3239} INFO - Sync 1 DAGs
[2026-05-23T16:14:10.506+0000] {logging_mixin.py:190} INFO - [2026-05-23T16:14:10.506+0000] {dag.py:4180} INFO - Setting next_dagrun for example_python_operator to None, run_after=None
[2026-05-23T16:14:10.520+0000] {processor.py:208} INFO - Processing /home/airflow/.local/lib/python3.12/site-packages/airflow/example_dags/example_python_operator.py took 0.062 seconds
[2026-05-23T16:14:41.548+0000] {processor.py:186} INFO - Started process (PID=677) to work on /home/airflow/.local/lib/python3.12/site-packages/airflow/example_dags/example_python_operator.py
[2026-05-23T16:14:41.549+0000] {processor.py:914} INFO - Processing file /home/airflow/.local/lib/python3.12/site-packages/airflow/example_dags/example_python_operator.py for tasks to queue
[2026-05-23T16:14:41.550+0000] {logging_mixin.py:190} INFO - [2026-05-23T16:14:41.550+0000] {dagbag.py:588} INFO - Filling up the DagBag from /home/airflow/.local/lib/python3.12/site-packages/airflow/example_dags/example_python_operator.py
[2026-05-23T16:14:41.560+0000] {processor.py:925} INFO - DAG(s) 'example_python_operator' retrieved from /home/airflow/.local/lib/python3.12/site-packages/airflow/example_dags/example_python_operator.py
[2026-05-23T16:14:41.581+0000] {logging_mixin.py:190} INFO - [2026-05-23T16:14:41.580+0000] {dag.py:3239} INFO - Sync 1 DAGs
[2026-05-23T16:14:41.595+0000] {logging_mixin.py:190} INFO - [2026-05-23T16:14:41.595+0000] {dag.py:4180} INFO - Setting next_dagrun for example_python_operator to None, run_after=None
[2026-05-23T16:14:41.608+0000] {processor.py:208} INFO - Processing /home/airflow/.local/lib/python3.12/site-packages/airflow/example_dags/example_python_operator.py took 0.064 seconds
[2026-05-23T16:15:12.605+0000] {processor.py:186} INFO - Started process (PID=743) to work on /home/airflow/.local/lib/python3.12/site-packages/airflow/example_dags/example_python_operator.py
[2026-05-23T16:15:12.605+0000] {processor.py:914} INFO - Processing file /home/airflow/.local/lib/python3.12/site-packages/airflow/example_dags/example_python_operator.py for tasks to queue
[2026-05-23T16:15:12.607+0000] {logging_mixin.py:190} INFO - [2026-05-23T16:15:12.607+0000] {dagbag.py:588} INFO - Filling up the DagBag from /home/airflow/.local/lib/python3.12/site-packages/airflow/example_dags/example_python_operator.py
[2026-05-23T16:15:12.616+0000] {processor.py:925} INFO - DAG(s) 'example_python_operator' retrieved from /home/airflow/.local/lib/python3.12/site-packages/airflow/example_dags/example_python_operator.py
[2026-05-23T16:15:12.636+0000] {logging_mixin.py:190} INFO - [2026-05-23T16:15:12.636+0000] {dag.py:3239} INFO - Sync 1 DAGs
[2026-05-23T16:15:12.647+0000] {logging_mixin.py:190} INFO - [2026-05-23T16:15:12.647+0000] {dag.py:4180} INFO - Setting next_dagrun for example_python_operator to None, run_after=None
[2026-05-23T16:15:12.662+0000] {processor.py:208} INFO - Processing /home/airflow/.local/lib/python3.12/site-packages/airflow/example_dags/example_python_operator.py took 0.063 seconds
[2026-05-23T16:15:43.424+0000] {processor.py:186} INFO - Started process (PID=808) to work on /home/airflow/.local/lib/python3.12/site-packages/airflow/example_dags/example_python_operator.py
[2026-05-23T16:15:43.424+0000] {processor.py:914} INFO - Processing file /home/airflow/.local/lib/python3.12/site-packages/airflow/example_dags/example_python_operator.py for tasks to queue
[2026-05-23T16:15:43.426+0000] {logging_mixin.py:190} INFO - [2026-05-23T16:15:43.426+0000] {dagbag.py:588} INFO - Filling up the DagBag from /home/airflow/.local/lib/python3.12/site-packages/airflow/example_dags/example_python_operator.py
[2026-05-23T16:15:43.435+0000] {processor.py:925} INFO - DAG(s) 'example_python_operator' retrieved from /home/airflow/.local/lib/python3.12/site-packages/airflow/example_dags/example_python_operator.py
[2026-05-23T16:15:43.457+0000] {logging_mixin.py:190} INFO - [2026-05-23T16:15:43.457+0000] {dag.py:3239} INFO - Sync 1 DAGs
[2026-05-23T16:15:43.475+0000] {logging_mixin.py:190} INFO - [2026-05-23T16:15:43.475+0000] {dag.py:4180} INFO - Setting next_dagrun for example_python_operator to None, run_after=None
[2026-05-23T16:15:43.494+0000] {processor.py:208} INFO - Processing /home/airflow/.local/lib/python3.12/site-packages/airflow/example_dags/example_python_operator.py took 0.074 seconds
[2026-05-23T16:16:14.816+0000] {processor.py:186} INFO - Started process (PID=873) to work on /home/airflow/.local/lib/python3.12/site-packages/airflow/example_dags/example_python_operator.py
[2026-05-23T16:16:14.816+0000] {processor.py:914} INFO - Processing file /home/airflow/.local/lib/python3.12/site-packages/airflow/example_dags/example_python_operator.py for tasks to queue
[2026-05-23T16:16:14.818+0000] {logging_mixin.py:190} INFO - [2026-05-23T16:16:14.817+0000] {dagbag.py:588} INFO - Filling up the DagBag from /home/airflow/.local/lib/python3.12/site-packages/airflow/example_dags/example_python_operator.py
[2026-05-23T16:16:14.827+0000] {processor.py:925} INFO - DAG(s) 'example_python_operator' retrieved from /home/airflow/.local/lib/python3.12/site-packages/airflow/example_dags/example_python_operator.py
[2026-05-23T16:16:14.848+0000] {logging_mixin.py:190} INFO - [2026-05-23T16:16:14.848+0000] {dag.py:3239} INFO - Sync 1 DAGs
[2026-05-23T16:16:14.863+0000] {logging_mixin.py:190} INFO - [2026-05-23T16:16:14.863+0000] {dag.py:4180} INFO - Setting next_dagrun for example_python_operator to None, run_after=None
[2026-05-23T16:16:14.881+0000] {processor.py:208} INFO - Processing /home/airflow/.local/lib/python3.12/site-packages/airflow/example_dags/example_python_operator.py took 0.070 seconds
[2026-05-23T16:16:46.220+0000] {processor.py:186} INFO - Started process (PID=938) to work on /home/airflow/.local/lib/python3.12/site-packages/airflow/example_dags/example_python_operator.py
[2026-05-23T16:16:46.220+0000] {processor.py:914} INFO - Processing file /home/airflow/.local/lib/python3.12/site-packages/airflow/example_dags/example_python_operator.py for tasks to queue
[2026-05-23T16:16:46.222+0000] {logging_mixin.py:190} INFO - [2026-05-23T16:16:46.222+0000] {dagbag.py:588} INFO - Filling up the DagBag from /home/airflow/.local/lib/python3.12/site-packages/airflow/example_dags/example_python_operator.py
[2026-05-23T16:16:46.234+0000] {processor.py:925} INFO - DAG(s) 'example_python_operator' retrieved from /home/airflow/.local/lib/python3.12/site-packages/airflow/example_dags/example_python_operator.py
[2026-05-23T16:16:46.255+0000] {logging_mixin.py:190} INFO - [2026-05-23T16:16:46.255+0000] {dag.py:3239} INFO - Sync 1 DAGs
[2026-05-23T16:16:46.267+0000] {logging_mixin.py:190} INFO - [2026-05-23T16:16:46.267+0000] {dag.py:4180} INFO - Setting next_dagrun for example_python_operator to None, run_after=None
[2026-05-23T16:16:46.280+0000] {processor.py:208} INFO - Processing /home/airflow/.local/lib/python3.12/site-packages/airflow/example_dags/example_python_operator.py took 0.064 seconds
[2026-05-23T16:17:16.897+0000] {processor.py:186} INFO - Started process (PID=1003) to work on /home/airflow/.local/lib/python3.12/site-packages/airflow/example_dags/example_python_operator.py
[2026-05-23T16:17:16.897+0000] {processor.py:914} INFO - Processing file /home/airflow/.local/lib/python3.12/site-packages/airflow/example_dags/example_python_operator.py for tasks to queue
[2026-05-23T16:17:16.899+0000] {logging_mixin.py:190} INFO - [2026-05-23T16:17:16.898+0000] {dagbag.py:588} INFO - Filling up the DagBag from /home/airflow/.local/lib/python3.12/site-packages/airflow/example_dags/example_python_operator.py
[2026-05-23T16:17:16.909+0000] {processor.py:925} INFO - DAG(s) 'example_python_operator' retrieved from /home/airflow/.local/lib/python3.12/site-packages/airflow/example_dags/example_python_operator.py
[2026-05-23T16:17:16.926+0000] {logging_mixin.py:190} INFO - [2026-05-23T16:17:16.926+0000] {dag.py:3239} INFO - Sync 1 DAGs
[2026-05-23T16:17:16.938+0000] {logging_mixin.py:190} INFO - [2026-05-23T16:17:16.938+0000] {dag.py:4180} INFO - Setting next_dagrun for example_python_operator to None, run_after=None
[2026-05-23T16:17:16.951+0000] {processor.py:208} INFO - Processing /home/airflow/.local/lib/python3.12/site-packages/airflow/example_dags/example_python_operator.py took 0.059 seconds
[2026-05-23T16:17:48.061+0000] {processor.py:186} INFO - Started process (PID=1068) to work on /home/airflow/.local/lib/python3.12/site-packages/airflow/example_dags/example_python_operator.py
[2026-05-23T16:17:48.062+0000] {processor.py:914} INFO - Processing file /home/airflow/.local/lib/python3.12/site-packages/airflow/example_dags/example_python_operator.py for tasks to queue
[2026-05-23T16:17:48.063+0000] {logging_mixin.py:190} INFO - [2026-05-23T16:17:48.063+0000] {dagbag.py:588} INFO - Filling up the DagBag from /home/airflow/.local/lib/python3.12/site-packages/airflow/example_dags/example_python_operator.py
[2026-05-23T16:17:48.073+0000] {processor.py:925} INFO - DAG(s) 'example_python_operator' retrieved from /home/airflow/.local/lib/python3.12/site-packages/airflow/example_dags/example_python_operator.py
[2026-05-23T16:17:48.094+0000] {logging_mixin.py:190} INFO - [2026-05-23T16:17:48.094+0000] {dag.py:3239} INFO - Sync 1 DAGs
[2026-05-23T16:17:48.108+0000] {logging_mixin.py:190} INFO - [2026-05-23T16:17:48.108+0000] {dag.py:4180} INFO - Setting next_dagrun for example_python_operator to None, run_after=None
[2026-05-23T16:17:48.121+0000] {processor.py:208} INFO - Processing /home/airflow/.local/lib/python3.12/site-packages/airflow/example_dags/example_python_operator.py took 0.064 seconds
[2026-05-23T16:18:19.659+0000] {processor.py:186} INFO - Started process (PID=1133) to work on /home/airflow/.local/lib/python3.12/site-packages/airflow/example_dags/example_python_operator.py
[2026-05-23T16:18:19.659+0000] {processor.py:914} INFO - Processing file /home/airflow/.local/lib/python3.12/site-packages/airflow/example_dags/example_python_operator.py for tasks to queue
[2026-05-23T16:18:19.661+0000] {logging_mixin.py:190} INFO - [2026-05-23T16:18:19.660+0000] {dagbag.py:588} INFO - Filling up the DagBag from /home/airflow/.local/lib/python3.12/site-packages/airflow/example_dags/example_python_operator.py
[2026-05-23T16:18:19.670+0000] {processor.py:925} INFO - DAG(s) 'example_python_operator' retrieved from /home/airflow/.local/lib/python3.12/site-packages/airflow/example_dags/example_python_operator.py
[2026-05-23T16:18:19.688+0000] {logging_mixin.py:190} INFO - [2026-05-23T16:18:19.687+0000] {dag.py:3239} INFO - Sync 1 DAGs
[2026-05-23T16:18:19.699+0000] {logging_mixin.py:190} INFO - [2026-05-23T16:18:19.699+0000] {dag.py:4180} INFO - Setting next_dagrun for example_python_operator to None, run_after=None
[2026-05-23T16:18:19.712+0000] {processor.py:208} INFO - Processing /home/airflow/.local/lib/python3.12/site-packages/airflow/example_dags/example_python_operator.py took 0.058 seconds
[2026-05-23T16:18:50.991+0000] {processor.py:186} INFO - Started process (PID=1204) to work on /home/airflow/.local/lib/python3.12/site-packages/airflow/example_dags/example_python_operator.py
[2026-05-23T16:18:50.991+0000] {processor.py:914} INFO - Processing file /home/airflow/.local/lib/python3.12/site-packages/airflow/example_dags/example_python_operator.py for tasks to queue
[2026-05-23T16:18:50.993+0000] {logging_mixin.py:190} INFO - [2026-05-23T16:18:50.993+0000] {dagbag.py:588} INFO - Filling up the DagBag from /home/airflow/.local/lib/python3.12/site-packages/airflow/example_dags/example_python_operator.py
[2026-05-23T16:18:51.002+0000] {processor.py:925} INFO - DAG(s) 'example_python_operator' retrieved from /home/airflow/.local/lib/python3.12/site-packages/airflow/example_dags/example_python_operator.py
[2026-05-23T16:18:51.022+0000] {logging_mixin.py:190} INFO - [2026-05-23T16:18:51.022+0000] {dag.py:3239} INFO - Sync 1 DAGs
[2026-05-23T16:18:51.035+0000] {logging_mixin.py:190} INFO - [2026-05-23T16:18:51.034+0000] {dag.py:4180} INFO - Setting next_dagrun for example_python_operator to None, run_after=None
[2026-05-23T16:18:51.048+0000] {processor.py:208} INFO - Processing /home/airflow/.local/lib/python3.12/site-packages/airflow/example_dags/example_python_operator.py took 0.061 seconds
[2026-05-23T16:19:22.340+0000] {processor.py:186} INFO - Started process (PID=1269) to work on /home/airflow/.local/lib/python3.12/site-packages/airflow/example_dags/example_python_operator.py
[2026-05-23T16:19:22.341+0000] {processor.py:914} INFO - Processing file /home/airflow/.local/lib/python3.12/site-packages/airflow/example_dags/example_python_operator.py for tasks to queue
[2026-05-23T16:19:22.342+0000] {logging_mixin.py:190} INFO - [2026-05-23T16:19:22.342+0000] {dagbag.py:588} INFO - Filling up the DagBag from /home/airflow/.local/lib/python3.12/site-packages/airflow/example_dags/example_python_operator.py
[2026-05-23T16:19:22.352+0000] {processor.py:925} INFO - DAG(s) 'example_python_operator' retrieved from /home/airflow/.local/lib/python3.12/site-packages/airflow/example_dags/example_python_operator.py
[2026-05-23T16:19:22.370+0000] {logging_mixin.py:190} INFO - [2026-05-23T16:19:22.370+0000] {dag.py:3239} INFO - Sync 1 DAGs
[2026-05-23T16:19:22.381+0000] {logging_mixin.py:190} INFO - [2026-05-23T16:19:22.381+0000] {dag.py:4180} INFO - Setting next_dagrun for example_python_operator to None, run_after=None
[2026-05-23T16:19:22.394+0000] {processor.py:208} INFO - Processing /home/airflow/.local/lib/python3.12/site-packages/airflow/example_dags/example_python_operator.py took 0.059 seconds
[2026-05-23T16:19:53.626+0000] {processor.py:186} INFO - Started process (PID=1334) to work on /home/airflow/.local/lib/python3.12/site-packages/airflow/example_dags/example_python_operator.py
[2026-05-23T16:19:53.627+0000] {processor.py:914} INFO - Processing file /home/airflow/.local/lib/python3.12/site-packages/airflow/example_dags/example_python_operator.py for tasks to queue
[2026-05-23T16:19:53.628+0000] {logging_mixin.py:190} INFO - [2026-05-23T16:19:53.628+0000] {dagbag.py:588} INFO - Filling up the DagBag from /home/airflow/.local/lib/python3.12/site-packages/airflow/example_dags/example_python_operator.py
[2026-05-23T16:19:53.637+0000] {processor.py:925} INFO - DAG(s) 'example_python_operator' retrieved from /home/airflow/.local/lib/python3.12/site-packages/airflow/example_dags/example_python_operator.py
[2026-05-23T16:19:53.659+0000] {logging_mixin.py:190} INFO - [2026-05-23T16:19:53.659+0000] {dag.py:3239} INFO - Sync 1 DAGs
[2026-05-23T16:19:53.675+0000] {logging_mixin.py:190} INFO - [2026-05-23T16:19:53.674+0000] {dag.py:4180} INFO - Setting next_dagrun for example_python_operator to None, run_after=None
[2026-05-23T16:19:53.691+0000] {processor.py:208} INFO - Processing /home/airflow/.local/lib/python3.12/site-packages/airflow/example_dags/example_python_operator.py took 0.070 seconds
[2026-05-23T16:20:25.190+0000] {processor.py:186} INFO - Started process (PID=1399) to work on /home/airflow/.local/lib/python3.12/site-packages/airflow/example_dags/example_python_operator.py
[2026-05-23T16:20:25.191+0000] {processor.py:914} INFO - Processing file /home/airflow/.local/lib/python3.12/site-packages/airflow/example_dags/example_python_operator.py for tasks to queue
[2026-05-23T16:20:25.192+0000] {logging_mixin.py:190} INFO - [2026-05-23T16:20:25.192+0000] {dagbag.py:588} INFO - Filling up the DagBag from /home/airflow/.local/lib/python3.12/site-packages/airflow/example_dags/example_python_operator.py
[2026-05-23T16:20:25.201+0000] {processor.py:925} INFO - DAG(s) 'example_python_operator' retrieved from /home/airflow/.local/lib/python3.12/site-packages/airflow/example_dags/example_python_operator.py
[2026-05-23T16:20:25.218+0000] {logging_mixin.py:190} INFO - [2026-05-23T16:20:25.218+0000] {dag.py:3239} INFO - Sync 1 DAGs
[2026-05-23T16:20:25.230+0000] {logging_mixin.py:190} INFO - [2026-05-23T16:20:25.230+0000] {dag.py:4180} INFO - Setting next_dagrun for example_python_operator to None, run_after=None
[2026-05-23T16:20:25.243+0000] {processor.py:208} INFO - Processing /home/airflow/.local/lib/python3.12/site-packages/airflow/example_dags/example_python_operator.py took 0.058 seconds
[2026-05-23T16:20:56.403+0000] {processor.py:186} INFO - Started process (PID=1464) to work on /home/airflow/.local/lib/python3.12/site-packages/airflow/example_dags/example_python_operator.py
[2026-05-23T16:20:56.404+0000] {processor.py:914} INFO - Processing file /home/airflow/.local/lib/python3.12/site-packages/airflow/example_dags/example_python_operator.py for tasks to queue
[2026-05-23T16:20:56.405+0000] {logging_mixin.py:190} INFO - [2026-05-23T16:20:56.405+0000] {dagbag.py:588} INFO - Filling up the DagBag from /home/airflow/.local/lib/python3.12/site-packages/airflow/example_dags/example_python_operator.py
[2026-05-23T16:20:56.418+0000] {processor.py:925} INFO - DAG(s) 'example_python_operator' retrieved from /home/airflow/.local/lib/python3.12/site-packages/airflow/example_dags/example_python_operator.py
[2026-05-23T16:20:56.437+0000] {logging_mixin.py:190} INFO - [2026-05-23T16:20:56.436+0000] {dag.py:3239} INFO - Sync 1 DAGs
[2026-05-23T16:20:56.448+0000] {logging_mixin.py:190} INFO - [2026-05-23T16:20:56.448+0000] {dag.py:4180} INFO - Setting next_dagrun for example_python_operator to None, run_after=None
[2026-05-23T16:20:56.461+0000] {processor.py:208} INFO - Processing /home/airflow/.local/lib/python3.12/site-packages/airflow/example_dags/example_python_operator.py took 0.062 seconds
[2026-05-23T16:21:27.864+0000] {processor.py:186} INFO - Started process (PID=1529) to work on /home/airflow/.local/lib/python3.12/site-packages/airflow/example_dags/example_python_operator.py
[2026-05-23T16:21:27.864+0000] {processor.py:914} INFO - Processing file /home/airflow/.local/lib/python3.12/site-packages/airflow/example_dags/example_python_operator.py for tasks to queue
[2026-05-23T16:21:27.866+0000] {logging_mixin.py:190} INFO - [2026-05-23T16:21:27.865+0000] {dagbag.py:588} INFO - Filling up the DagBag from /home/airflow/.local/lib/python3.12/site-packages/airflow/example_dags/example_python_operator.py
[2026-05-23T16:21:27.875+0000] {processor.py:925} INFO - DAG(s) 'example_python_operator' retrieved from /home/airflow/.local/lib/python3.12/site-packages/airflow/example_dags/example_python_operator.py
[2026-05-23T16:21:27.896+0000] {logging_mixin.py:190} INFO - [2026-05-23T16:21:27.896+0000] {dag.py:3239} INFO - Sync 1 DAGs
[2026-05-23T16:21:27.910+0000] {logging_mixin.py:190} INFO - [2026-05-23T16:21:27.909+0000] {dag.py:4180} INFO - Setting next_dagrun for example_python_operator to None, run_after=None
[2026-05-23T16:21:27.923+0000] {processor.py:208} INFO - Processing /home/airflow/.local/lib/python3.12/site-packages/airflow/example_dags/example_python_operator.py took 0.063 seconds
[2026-05-23T16:21:58.683+0000] {processor.py:186} INFO - Started process (PID=1594) to work on /home/airflow/.local/lib/python3.12/site-packages/airflow/example_dags/example_python_operator.py
[2026-05-23T16:21:58.684+0000] {processor.py:914} INFO - Processing file /home/airflow/.local/lib/python3.12/site-packages/airflow/example_dags/example_python_operator.py for tasks to queue
[2026-05-23T16:21:58.685+0000] {logging_mixin.py:190} INFO - [2026-05-23T16:21:58.685+0000] {dagbag.py:588} INFO - Filling up the DagBag from /home/airflow/.local/lib/python3.12/site-packages/airflow/example_dags/example_python_operator.py
[2026-05-23T16:21:58.696+0000] {processor.py:925} INFO - DAG(s) 'example_python_operator' retrieved from /home/airflow/.local/lib/python3.12/site-packages/airflow/example_dags/example_python_operator.py
[2026-05-23T16:21:58.718+0000] {logging_mixin.py:190} INFO - [2026-05-23T16:21:58.718+0000] {dag.py:3239} INFO - Sync 1 DAGs
[2026-05-23T16:21:58.737+0000] {logging_mixin.py:190} INFO - [2026-05-23T16:21:58.736+0000] {dag.py:4180} INFO - Setting next_dagrun for example_python_operator to None, run_after=None
[2026-05-23T16:21:58.758+0000] {processor.py:208} INFO - Processing /home/airflow/.local/lib/python3.12/site-packages/airflow/example_dags/example_python_operator.py took 0.081 seconds
[2026-05-23T16:22:29.678+0000] {processor.py:186} INFO - Started process (PID=1659) to work on /home/airflow/.local/lib/python3.12/site-packages/airflow/example_dags/example_python_operator.py
[2026-05-23T16:22:29.678+0000] {processor.py:914} INFO - Processing file /home/airflow/.local/lib/python3.12/site-packages/airflow/example_dags/example_python_operator.py for tasks to queue
[2026-05-23T16:22:29.680+0000] {logging_mixin.py:190} INFO - [2026-05-23T16:22:29.680+0000] {dagbag.py:588} INFO - Filling up the DagBag from /home/airflow/.local/lib/python3.12/site-packages/airflow/example_dags/example_python_operator.py
[2026-05-23T16:22:29.691+0000] {processor.py:925} INFO - DAG(s) 'example_python_operator' retrieved from /home/airflow/.local/lib/python3.12/site-packages/airflow/example_dags/example_python_operator.py
[2026-05-23T16:22:29.714+0000] {logging_mixin.py:190} INFO - [2026-05-23T16:22:29.714+0000] {dag.py:3239} INFO - Sync 1 DAGs
[2026-05-23T16:22:29.730+0000] {logging_mixin.py:190} INFO - [2026-05-23T16:22:29.730+0000] {dag.py:4180} INFO - Setting next_dagrun for example_python_operator to None, run_after=None
[2026-05-23T16:22:29.748+0000] {processor.py:208} INFO - Processing /home/airflow/.local/lib/python3.12/site-packages/airflow/example_dags/example_python_operator.py took 0.075 seconds
[2026-05-23T16:23:00.880+0000] {processor.py:186} INFO - Started process (PID=1724) to work on /home/airflow/.local/lib/python3.12/site-packages/airflow/example_dags/example_python_operator.py
[2026-05-23T16:23:00.881+0000] {processor.py:914} INFO - Processing file /home/airflow/.local/lib/python3.12/site-packages/airflow/example_dags/example_python_operator.py for tasks to queue
[2026-05-23T16:23:00.882+0000] {logging_mixin.py:190} INFO - [2026-05-23T16:23:00.882+0000] {dagbag.py:588} INFO - Filling up the DagBag from /home/airflow/.local/lib/python3.12/site-packages/airflow/example_dags/example_python_operator.py
[2026-05-23T16:23:00.891+0000] {processor.py:925} INFO - DAG(s) 'example_python_operator' retrieved from /home/airflow/.local/lib/python3.12/site-packages/airflow/example_dags/example_python_operator.py
[2026-05-23T16:23:00.912+0000] {logging_mixin.py:190} INFO - [2026-05-23T16:23:00.912+0000] {dag.py:3239} INFO - Sync 1 DAGs
[2026-05-23T16:23:00.924+0000] {logging_mixin.py:190} INFO - [2026-05-23T16:23:00.924+0000] {dag.py:4180} INFO - Setting next_dagrun for example_python_operator to None, run_after=None
[2026-05-23T16:23:00.938+0000] {processor.py:208} INFO - Processing /home/airflow/.local/lib/python3.12/site-packages/airflow/example_dags/example_python_operator.py took 0.063 seconds
[2026-05-23T16:23:31.798+0000] {processor.py:186} INFO - Started process (PID=1789) to work on /home/airflow/.local/lib/python3.12/site-packages/airflow/example_dags/example_python_operator.py
[2026-05-23T16:23:31.798+0000] {processor.py:914} INFO - Processing file /home/airflow/.local/lib/python3.12/site-packages/airflow/example_dags/example_python_operator.py for tasks to queue
[2026-05-23T16:23:31.800+0000] {logging_mixin.py:190} INFO - [2026-05-23T16:23:31.800+0000] {dagbag.py:588} INFO - Filling up the DagBag from /home/airflow/.local/lib/python3.12/site-packages/airflow/example_dags/example_python_operator.py
[2026-05-23T16:23:31.812+0000] {processor.py:925} INFO - DAG(s) 'example_python_operator' retrieved from /home/airflow/.local/lib/python3.12/site-packages/airflow/example_dags/example_python_operator.py
[2026-05-23T16:23:31.837+0000] {logging_mixin.py:190} INFO - [2026-05-23T16:23:31.837+0000] {dag.py:3239} INFO - Sync 1 DAGs
[2026-05-23T16:23:31.849+0000] {logging_mixin.py:190} INFO - [2026-05-23T16:23:31.849+0000] {dag.py:4180} INFO - Setting next_dagrun for example_python_operator to None, run_after=None
[2026-05-23T16:23:31.866+0000] {processor.py:208} INFO - Processing /home/airflow/.local/lib/python3.12/site-packages/airflow/example_dags/example_python_operator.py took 0.075 seconds
[2026-05-23T16:24:02.734+0000] {processor.py:186} INFO - Started process (PID=1854) to work on /home/airflow/.local/lib/python3.12/site-packages/airflow/example_dags/example_python_operator.py
[2026-05-23T16:24:02.735+0000] {processor.py:914} INFO - Processing file /home/airflow/.local/lib/python3.12/site-packages/airflow/example_dags/example_python_operator.py for tasks to queue
[2026-05-23T16:24:02.737+0000] {logging_mixin.py:190} INFO - [2026-05-23T16:24:02.736+0000] {dagbag.py:588} INFO - Filling up the DagBag from /home/airflow/.local/lib/python3.12/site-packages/airflow/example_dags/example_python_operator.py
[2026-05-23T16:24:02.750+0000] {processor.py:925} INFO - DAG(s) 'example_python_operator' retrieved from /home/airflow/.local/lib/python3.12/site-packages/airflow/example_dags/example_python_operator.py
[2026-05-23T16:24:02.775+0000] {logging_mixin.py:190} INFO - [2026-05-23T16:24:02.774+0000] {dag.py:3239} INFO - Sync 1 DAGs
[2026-05-23T16:24:02.791+0000] {logging_mixin.py:190} INFO - [2026-05-23T16:24:02.791+0000] {dag.py:4180} INFO - Setting next_dagrun for example_python_operator to None, run_after=None
[2026-05-23T16:24:02.805+0000] {processor.py:208} INFO - Processing /home/airflow/.local/lib/python3.12/site-packages/airflow/example_dags/example_python_operator.py took 0.077 seconds
[2026-05-23T16:24:33.472+0000] {processor.py:186} INFO - Started process (PID=1919) to work on /home/airflow/.local/lib/python3.12/site-packages/airflow/example_dags/example_python_operator.py
[2026-05-23T16:24:33.472+0000] {processor.py:914} INFO - Processing file /home/airflow/.local/lib/python3.12/site-packages/airflow/example_dags/example_python_operator.py for tasks to queue
[2026-05-23T16:24:33.474+0000] {logging_mixin.py:190} INFO - [2026-05-23T16:24:33.473+0000] {dagbag.py:588} INFO - Filling up the DagBag from /home/airflow/.local/lib/python3.12/site-packages/airflow/example_dags/example_python_operator.py
[2026-05-23T16:24:33.484+0000] {processor.py:925} INFO - DAG(s) 'example_python_operator' retrieved from /home/airflow/.local/lib/python3.12/site-packages/airflow/example_dags/example_python_operator.py
[2026-05-23T16:24:33.500+0000] {logging_mixin.py:190} INFO - [2026-05-23T16:24:33.500+0000] {dag.py:3239} INFO - Sync 1 DAGs
[2026-05-23T16:24:33.511+0000] {logging_mixin.py:190} INFO - [2026-05-23T16:24:33.511+0000] {dag.py:4180} INFO - Setting next_dagrun for example_python_operator to None, run_after=None
[2026-05-23T16:24:33.524+0000] {processor.py:208} INFO - Processing /home/airflow/.local/lib/python3.12/site-packages/airflow/example_dags/example_python_operator.py took 0.056 seconds
[2026-05-23T16:25:04.908+0000] {processor.py:186} INFO - Started process (PID=1983) to work on /home/airflow/.local/lib/python3.12/site-packages/airflow/example_dags/example_python_operator.py
[2026-05-23T16:25:04.908+0000] {processor.py:914} INFO - Processing file /home/airflow/.local/lib/python3.12/site-packages/airflow/example_dags/example_python_operator.py for tasks to queue
[2026-05-23T16:25:04.910+0000] {logging_mixin.py:190} INFO - [2026-05-23T16:25:04.909+0000] {dagbag.py:588} INFO - Filling up the DagBag from /home/airflow/.local/lib/python3.12/site-packages/airflow/example_dags/example_python_operator.py
[2026-05-23T16:25:04.919+0000] {processor.py:925} INFO - DAG(s) 'example_python_operator' retrieved from /home/airflow/.local/lib/python3.12/site-packages/airflow/example_dags/example_python_operator.py
[2026-05-23T16:25:04.935+0000] {logging_mixin.py:190} INFO - [2026-05-23T16:25:04.935+0000] {dag.py:3239} INFO - Sync 1 DAGs
[2026-05-23T16:25:04.946+0000] {logging_mixin.py:190} INFO - [2026-05-23T16:25:04.946+0000] {dag.py:4180} INFO - Setting next_dagrun for example_python_operator to None, run_after=None
[2026-05-23T16:25:04.959+0000] {processor.py:208} INFO - Processing /home/airflow/.local/lib/python3.12/site-packages/airflow/example_dags/example_python_operator.py took 0.056 seconds
[2026-05-23T16:25:36.421+0000] {processor.py:186} INFO - Started process (PID=2048) to work on /home/airflow/.local/lib/python3.12/site-packages/airflow/example_dags/example_python_operator.py
[2026-05-23T16:25:36.422+0000] {processor.py:914} INFO - Processing file /home/airflow/.local/lib/python3.12/site-packages/airflow/example_dags/example_python_operator.py for tasks to queue
[2026-05-23T16:25:36.424+0000] {logging_mixin.py:190} INFO - [2026-05-23T16:25:36.424+0000] {dagbag.py:588} INFO - Filling up the DagBag from /home/airflow/.local/lib/python3.12/site-packages/airflow/example_dags/example_python_operator.py
[2026-05-23T16:25:36.434+0000] {processor.py:925} INFO - DAG(s) 'example_python_operator' retrieved from /home/airflow/.local/lib/python3.12/site-packages/airflow/example_dags/example_python_operator.py
[2026-05-23T16:25:36.451+0000] {logging_mixin.py:190} INFO - [2026-05-23T16:25:36.451+0000] {dag.py:3239} INFO - Sync 1 DAGs
[2026-05-23T16:25:36.463+0000] {logging_mixin.py:190} INFO - [2026-05-23T16:25:36.462+0000] {dag.py:4180} INFO - Setting next_dagrun for example_python_operator to None, run_after=None
[2026-05-23T16:25:36.476+0000] {processor.py:208} INFO - Processing /home/airflow/.local/lib/python3.12/site-packages/airflow/example_dags/example_python_operator.py took 0.060 seconds
[2026-05-23T16:26:07.798+0000] {processor.py:186} INFO - Started process (PID=2113) to work on /home/airflow/.local/lib/python3.12/site-packages/airflow/example_dags/example_python_operator.py
[2026-05-23T16:26:07.798+0000] {processor.py:914} INFO - Processing file /home/airflow/.local/lib/python3.12/site-packages/airflow/example_dags/example_python_operator.py for tasks to queue
[2026-05-23T16:26:07.800+0000] {logging_mixin.py:190} INFO - [2026-05-23T16:26:07.800+0000] {dagbag.py:588} INFO - Filling up the DagBag from /home/airflow/.local/lib/python3.12/site-packages/airflow/example_dags/example_python_operator.py
[2026-05-23T16:26:07.809+0000] {processor.py:925} INFO - DAG(s) 'example_python_operator' retrieved from /home/airflow/.local/lib/python3.12/site-packages/airflow/example_dags/example_python_operator.py
[2026-05-23T16:26:07.826+0000] {logging_mixin.py:190} INFO - [2026-05-23T16:26:07.826+0000] {dag.py:3239} INFO - Sync 1 DAGs
[2026-05-23T16:26:07.839+0000] {logging_mixin.py:190} INFO - [2026-05-23T16:26:07.839+0000] {dag.py:4180} INFO - Setting next_dagrun for example_python_operator to None, run_after=None
[2026-05-23T16:26:07.852+0000] {processor.py:208} INFO - Processing /home/airflow/.local/lib/python3.12/site-packages/airflow/example_dags/example_python_operator.py took 0.059 seconds
[2026-05-23T16:26:39.325+0000] {processor.py:186} INFO - Started process (PID=2178) to work on /home/airflow/.local/lib/python3.12/site-packages/airflow/example_dags/example_python_operator.py
[2026-05-23T16:26:39.325+0000] {processor.py:914} INFO - Processing file /home/airflow/.local/lib/python3.12/site-packages/airflow/example_dags/example_python_operator.py for tasks to queue
[2026-05-23T16:26:39.327+0000] {logging_mixin.py:190} INFO - [2026-05-23T16:26:39.327+0000] {dagbag.py:588} INFO - Filling up the DagBag from /home/airflow/.local/lib/python3.12/site-packages/airflow/example_dags/example_python_operator.py
[2026-05-23T16:26:39.337+0000] {processor.py:925} INFO - DAG(s) 'example_python_operator' retrieved from /home/airflow/.local/lib/python3.12/site-packages/airflow/example_dags/example_python_operator.py
[2026-05-23T16:26:39.353+0000] {logging_mixin.py:190} INFO - [2026-05-23T16:26:39.353+0000] {dag.py:3239} INFO - Sync 1 DAGs
[2026-05-23T16:26:39.364+0000] {logging_mixin.py:190} INFO - [2026-05-23T16:26:39.364+0000] {dag.py:4180} INFO - Setting next_dagrun for example_python_operator to None, run_after=None
[2026-05-23T16:26:39.378+0000] {processor.py:208} INFO - Processing /home/airflow/.local/lib/python3.12/site-packages/airflow/example_dags/example_python_operator.py took 0.057 seconds
[2026-05-23T16:27:10.720+0000] {processor.py:186} INFO - Started process (PID=2243) to work on /home/airflow/.local/lib/python3.12/site-packages/airflow/example_dags/example_python_operator.py
[2026-05-23T16:27:10.721+0000] {processor.py:914} INFO - Processing file /home/airflow/.local/lib/python3.12/site-packages/airflow/example_dags/example_python_operator.py for tasks to queue
[2026-05-23T16:27:10.722+0000] {logging_mixin.py:190} INFO - [2026-05-23T16:27:10.722+0000] {dagbag.py:588} INFO - Filling up the DagBag from /home/airflow/.local/lib/python3.12/site-packages/airflow/example_dags/example_python_operator.py
[2026-05-23T16:27:10.733+0000] {processor.py:925} INFO - DAG(s) 'example_python_operator' retrieved from /home/airflow/.local/lib/python3.12/site-packages/airflow/example_dags/example_python_operator.py
[2026-05-23T16:27:10.753+0000] {logging_mixin.py:190} INFO - [2026-05-23T16:27:10.753+0000] {dag.py:3239} INFO - Sync 1 DAGs
[2026-05-23T16:27:10.764+0000] {logging_mixin.py:190} INFO - [2026-05-23T16:27:10.764+0000] {dag.py:4180} INFO - Setting next_dagrun for example_python_operator to None, run_after=None
[2026-05-23T16:27:10.777+0000] {processor.py:208} INFO - Processing /home/airflow/.local/lib/python3.12/site-packages/airflow/example_dags/example_python_operator.py took 0.061 seconds
[2026-05-23T16:27:42.166+0000] {processor.py:186} INFO - Started process (PID=2309) to work on /home/airflow/.local/lib/python3.12/site-packages/airflow/example_dags/example_python_operator.py
[2026-05-23T16:27:42.166+0000] {processor.py:914} INFO - Processing file /home/airflow/.local/lib/python3.12/site-packages/airflow/example_dags/example_python_operator.py for tasks to queue
[2026-05-23T16:27:42.168+0000] {logging_mixin.py:190} INFO - [2026-05-23T16:27:42.167+0000] {dagbag.py:588} INFO - Filling up the DagBag from /home/airflow/.local/lib/python3.12/site-packages/airflow/example_dags/example_python_operator.py
[2026-05-23T16:27:42.177+0000] {processor.py:925} INFO - DAG(s) 'example_python_operator' retrieved from /home/airflow/.local/lib/python3.12/site-packages/airflow/example_dags/example_python_operator.py
[2026-05-23T16:27:42.195+0000] {logging_mixin.py:190} INFO - [2026-05-23T16:27:42.195+0000] {dag.py:3239} INFO - Sync 1 DAGs
[2026-05-23T16:27:42.208+0000] {logging_mixin.py:190} INFO - [2026-05-23T16:27:42.207+0000] {dag.py:4180} INFO - Setting next_dagrun for example_python_operator to None, run_after=None
[2026-05-23T16:27:42.222+0000] {processor.py:208} INFO - Processing /home/airflow/.local/lib/python3.12/site-packages/airflow/example_dags/example_python_operator.py took 0.060 seconds
[2026-05-23T16:28:13.581+0000] {processor.py:186} INFO - Started process (PID=2374) to work on /home/airflow/.local/lib/python3.12/site-packages/airflow/example_dags/example_python_operator.py
[2026-05-23T16:28:13.581+0000] {processor.py:914} INFO - Processing file /home/airflow/.local/lib/python3.12/site-packages/airflow/example_dags/example_python_operator.py for tasks to queue
[2026-05-23T16:28:13.583+0000] {logging_mixin.py:190} INFO - [2026-05-23T16:28:13.582+0000] {dagbag.py:588} INFO - Filling up the DagBag from /home/airflow/.local/lib/python3.12/site-packages/airflow/example_dags/example_python_operator.py
[2026-05-23T16:28:13.594+0000] {processor.py:925} INFO - DAG(s) 'example_python_operator' retrieved from /home/airflow/.local/lib/python3.12/site-packages/airflow/example_dags/example_python_operator.py
[2026-05-23T16:28:13.618+0000] {logging_mixin.py:190} INFO - [2026-05-23T16:28:13.617+0000] {dag.py:3239} INFO - Sync 1 DAGs
[2026-05-23T16:28:13.635+0000] {logging_mixin.py:190} INFO - [2026-05-23T16:28:13.634+0000] {dag.py:4180} INFO - Setting next_dagrun for example_python_operator to None, run_after=None
[2026-05-23T16:28:13.657+0000] {processor.py:208} INFO - Processing /home/airflow/.local/lib/python3.12/site-packages/airflow/example_dags/example_python_operator.py took 0.081 seconds
[2026-05-23T16:28:44.713+0000] {processor.py:186} INFO - Started process (PID=2439) to work on /home/airflow/.local/lib/python3.12/site-packages/airflow/example_dags/example_python_operator.py
[2026-05-23T16:28:44.714+0000] {processor.py:914} INFO - Processing file /home/airflow/.local/lib/python3.12/site-packages/airflow/example_dags/example_python_operator.py for tasks to queue
[2026-05-23T16:28:44.715+0000] {logging_mixin.py:190} INFO - [2026-05-23T16:28:44.715+0000] {dagbag.py:588} INFO - Filling up the DagBag from /home/airflow/.local/lib/python3.12/site-packages/airflow/example_dags/example_python_operator.py
[2026-05-23T16:28:44.725+0000] {processor.py:925} INFO - DAG(s) 'example_python_operator' retrieved from /home/airflow/.local/lib/python3.12/site-packages/airflow/example_dags/example_python_operator.py
[2026-05-23T16:28:44.745+0000] {logging_mixin.py:190} INFO - [2026-05-23T16:28:44.745+0000] {dag.py:3239} INFO - Sync 1 DAGs
[2026-05-23T16:28:44.758+0000] {logging_mixin.py:190} INFO - [2026-05-23T16:28:44.757+0000] {dag.py:4180} INFO - Setting next_dagrun for example_python_operator to None, run_after=None
[2026-05-23T16:28:44.774+0000] {processor.py:208} INFO - Processing /home/airflow/.local/lib/python3.12/site-packages/airflow/example_dags/example_python_operator.py took 0.065 seconds
[2026-05-23T16:29:15.654+0000] {processor.py:186} INFO - Started process (PID=2504) to work on /home/airflow/.local/lib/python3.12/site-packages/airflow/example_dags/example_python_operator.py
[2026-05-23T16:29:15.654+0000] {processor.py:914} INFO - Processing file /home/airflow/.local/lib/python3.12/site-packages/airflow/example_dags/example_python_operator.py for tasks to queue
[2026-05-23T16:29:15.656+0000] {logging_mixin.py:190} INFO - [2026-05-23T16:29:15.656+0000] {dagbag.py:588} INFO - Filling up the DagBag from /home/airflow/.local/lib/python3.12/site-packages/airflow/example_dags/example_python_operator.py
[2026-05-23T16:29:15.665+0000] {processor.py:925} INFO - DAG(s) 'example_python_operator' retrieved from /home/airflow/.local/lib/python3.12/site-packages/airflow/example_dags/example_python_operator.py
[2026-05-23T16:29:15.684+0000] {logging_mixin.py:190} INFO - [2026-05-23T16:29:15.684+0000] {dag.py:3239} INFO - Sync 1 DAGs
[2026-05-23T16:29:15.695+0000] {logging_mixin.py:190} INFO - [2026-05-23T16:29:15.694+0000] {dag.py:4180} INFO - Setting next_dagrun for example_python_operator to None, run_after=None
[2026-05-23T16:29:15.707+0000] {processor.py:208} INFO - Processing /home/airflow/.local/lib/python3.12/site-packages/airflow/example_dags/example_python_operator.py took 0.061 seconds
[2026-05-23T16:29:46.375+0000] {processor.py:186} INFO - Started process (PID=2569) to work on /home/airflow/.local/lib/python3.12/site-packages/airflow/example_dags/example_python_operator.py
[2026-05-23T16:29:46.376+0000] {processor.py:914} INFO - Processing file /home/airflow/.local/lib/python3.12/site-packages/airflow/example_dags/example_python_operator.py for tasks to queue
[2026-05-23T16:29:46.378+0000] {logging_mixin.py:190} INFO - [2026-05-23T16:29:46.378+0000] {dagbag.py:588} INFO - Filling up the DagBag from /home/airflow/.local/lib/python3.12/site-packages/airflow/example_dags/example_python_operator.py
[2026-05-23T16:29:46.392+0000] {processor.py:925} INFO - DAG(s) 'example_python_operator' retrieved from /home/airflow/.local/lib/python3.12/site-packages/airflow/example_dags/example_python_operator.py
[2026-05-23T16:29:46.416+0000] {logging_mixin.py:190} INFO - [2026-05-23T16:29:46.416+0000] {dag.py:3239} INFO - Sync 1 DAGs
[2026-05-23T16:29:46.432+0000] {logging_mixin.py:190} INFO - [2026-05-23T16:29:46.432+0000] {dag.py:4180} INFO - Setting next_dagrun for example_python_operator to None, run_after=None
[2026-05-23T16:29:46.449+0000] {processor.py:208} INFO - Processing /home/airflow/.local/lib/python3.12/site-packages/airflow/example_dags/example_python_operator.py took 0.081 seconds
[2026-05-23T16:30:18.261+0000] {processor.py:186} INFO - Started process (PID=2635) to work on /home/airflow/.local/lib/python3.12/site-packages/airflow/example_dags/example_python_operator.py
[2026-05-23T16:30:18.262+0000] {processor.py:914} INFO - Processing file /home/airflow/.local/lib/python3.12/site-packages/airflow/example_dags/example_python_operator.py for tasks to queue
[2026-05-23T16:30:18.263+0000] {logging_mixin.py:190} INFO - [2026-05-23T16:30:18.263+0000] {dagbag.py:588} INFO - Filling up the DagBag from /home/airflow/.local/lib/python3.12/site-packages/airflow/example_dags/example_python_operator.py
[2026-05-23T16:30:18.275+0000] {processor.py:925} INFO - DAG(s) 'example_python_operator' retrieved from /home/airflow/.local/lib/python3.12/site-packages/airflow/example_dags/example_python_operator.py
[2026-05-23T16:30:18.292+0000] {logging_mixin.py:190} INFO - [2026-05-23T16:30:18.291+0000] {dag.py:3239} INFO - Sync 1 DAGs
[2026-05-23T16:30:18.303+0000] {logging_mixin.py:190} INFO - [2026-05-23T16:30:18.303+0000] {dag.py:4180} INFO - Setting next_dagrun for example_python_operator to None, run_after=None
[2026-05-23T16:30:18.317+0000] {processor.py:208} INFO - Processing /home/airflow/.local/lib/python3.12/site-packages/airflow/example_dags/example_python_operator.py took 0.062 seconds
[2026-05-23T16:30:49.248+0000] {processor.py:186} INFO - Started process (PID=2700) to work on /home/airflow/.local/lib/python3.12/site-packages/airflow/example_dags/example_python_operator.py
[2026-05-23T16:30:49.249+0000] {processor.py:914} INFO - Processing file /home/airflow/.local/lib/python3.12/site-packages/airflow/example_dags/example_python_operator.py for tasks to queue
[2026-05-23T16:30:49.251+0000] {logging_mixin.py:190} INFO - [2026-05-23T16:30:49.251+0000] {dagbag.py:588} INFO - Filling up the DagBag from /home/airflow/.local/lib/python3.12/site-packages/airflow/example_dags/example_python_operator.py
[2026-05-23T16:30:49.263+0000] {processor.py:925} INFO - DAG(s) 'example_python_operator' retrieved from /home/airflow/.local/lib/python3.12/site-packages/airflow/example_dags/example_python_operator.py
[2026-05-23T16:30:49.282+0000] {logging_mixin.py:190} INFO - [2026-05-23T16:30:49.282+0000] {dag.py:3239} INFO - Sync 1 DAGs
[2026-05-23T16:30:49.294+0000] {logging_mixin.py:190} INFO - [2026-05-23T16:30:49.294+0000] {dag.py:4180} INFO - Setting next_dagrun for example_python_operator to None, run_after=None
[2026-05-23T16:30:49.308+0000] {processor.py:208} INFO - Processing /home/airflow/.local/lib/python3.12/site-packages/airflow/example_dags/example_python_operator.py took 0.066 seconds
[2026-05-23T16:31:20.905+0000] {processor.py:186} INFO - Started process (PID=2765) to work on /home/airflow/.local/lib/python3.12/site-packages/airflow/example_dags/example_python_operator.py
[2026-05-23T16:31:20.906+0000] {processor.py:914} INFO - Processing file /home/airflow/.local/lib/python3.12/site-packages/airflow/example_dags/example_python_operator.py for tasks to queue
[2026-05-23T16:31:20.907+0000] {logging_mixin.py:190} INFO - [2026-05-23T16:31:20.907+0000] {dagbag.py:588} INFO - Filling up the DagBag from /home/airflow/.local/lib/python3.12/site-packages/airflow/example_dags/example_python_operator.py
[2026-05-23T16:31:20.917+0000] {processor.py:925} INFO - DAG(s) 'example_python_operator' retrieved from /home/airflow/.local/lib/python3.12/site-packages/airflow/example_dags/example_python_operator.py
[2026-05-23T16:31:20.934+0000] {logging_mixin.py:190} INFO - [2026-05-23T16:31:20.934+0000] {dag.py:3239} INFO - Sync 1 DAGs
[2026-05-23T16:31:20.945+0000] {logging_mixin.py:190} INFO - [2026-05-23T16:31:20.945+0000] {dag.py:4180} INFO - Setting next_dagrun for example_python_operator to None, run_after=None
[2026-05-23T16:31:20.959+0000] {processor.py:208} INFO - Processing /home/airflow/.local/lib/python3.12/site-packages/airflow/example_dags/example_python_operator.py took 0.059 seconds
[2026-05-23T16:31:52.043+0000] {processor.py:186} INFO - Started process (PID=2830) to work on /home/airflow/.local/lib/python3.12/site-packages/airflow/example_dags/example_python_operator.py
[2026-05-23T16:31:52.046+0000] {processor.py:914} INFO - Processing file /home/airflow/.local/lib/python3.12/site-packages/airflow/example_dags/example_python_operator.py for tasks to queue
[2026-05-23T16:31:52.048+0000] {logging_mixin.py:190} INFO - [2026-05-23T16:31:52.048+0000] {dagbag.py:588} INFO - Filling up the DagBag from /home/airflow/.local/lib/python3.12/site-packages/airflow/example_dags/example_python_operator.py
[2026-05-23T16:31:52.061+0000] {processor.py:925} INFO - DAG(s) 'example_python_operator' retrieved from /home/airflow/.local/lib/python3.12/site-packages/airflow/example_dags/example_python_operator.py
[2026-05-23T16:31:52.083+0000] {logging_mixin.py:190} INFO - [2026-05-23T16:31:52.083+0000] {dag.py:3239} INFO - Sync 1 DAGs
[2026-05-23T16:31:52.095+0000] {logging_mixin.py:190} INFO - [2026-05-23T16:31:52.095+0000] {dag.py:4180} INFO - Setting next_dagrun for example_python_operator to None, run_after=None
[2026-05-23T16:31:52.108+0000] {processor.py:208} INFO - Processing /home/airflow/.local/lib/python3.12/site-packages/airflow/example_dags/example_python_operator.py took 0.071 seconds
[2026-05-23T16:32:24.359+0000] {processor.py:186} INFO - Started process (PID=2902) to work on /home/airflow/.local/lib/python3.12/site-packages/airflow/example_dags/example_python_operator.py
[2026-05-23T16:32:24.360+0000] {processor.py:914} INFO - Processing file /home/airflow/.local/lib/python3.12/site-packages/airflow/example_dags/example_python_operator.py for tasks to queue
[2026-05-23T16:32:24.362+0000] {logging_mixin.py:190} INFO - [2026-05-23T16:32:24.362+0000] {dagbag.py:588} INFO - Filling up the DagBag from /home/airflow/.local/lib/python3.12/site-packages/airflow/example_dags/example_python_operator.py
[2026-05-23T16:32:24.372+0000] {processor.py:925} INFO - DAG(s) 'example_python_operator' retrieved from /home/airflow/.local/lib/python3.12/site-packages/airflow/example_dags/example_python_operator.py
[2026-05-23T16:32:24.389+0000] {logging_mixin.py:190} INFO - [2026-05-23T16:32:24.388+0000] {dag.py:3239} INFO - Sync 1 DAGs
[2026-05-23T16:32:24.400+0000] {logging_mixin.py:190} INFO - [2026-05-23T16:32:24.400+0000] {dag.py:4180} INFO - Setting next_dagrun for example_python_operator to None, run_after=None
[2026-05-23T16:32:24.412+0000] {processor.py:208} INFO - Processing /home/airflow/.local/lib/python3.12/site-packages/airflow/example_dags/example_python_operator.py took 0.060 seconds
[2026-05-23T16:32:55.637+0000] {processor.py:186} INFO - Started process (PID=2967) to work on /home/airflow/.local/lib/python3.12/site-packages/airflow/example_dags/example_python_operator.py
[2026-05-23T16:32:55.637+0000] {processor.py:914} INFO - Processing file /home/airflow/.local/lib/python3.12/site-packages/airflow/example_dags/example_python_operator.py for tasks to queue
[2026-05-23T16:32:55.639+0000] {logging_mixin.py:190} INFO - [2026-05-23T16:32:55.639+0000] {dagbag.py:588} INFO - Filling up the DagBag from /home/airflow/.local/lib/python3.12/site-packages/airflow/example_dags/example_python_operator.py
[2026-05-23T16:32:55.648+0000] {processor.py:925} INFO - DAG(s) 'example_python_operator' retrieved from /home/airflow/.local/lib/python3.12/site-packages/airflow/example_dags/example_python_operator.py
[2026-05-23T16:32:55.666+0000] {logging_mixin.py:190} INFO - [2026-05-23T16:32:55.666+0000] {dag.py:3239} INFO - Sync 1 DAGs
[2026-05-23T16:32:55.679+0000] {logging_mixin.py:190} INFO - [2026-05-23T16:32:55.678+0000] {dag.py:4180} INFO - Setting next_dagrun for example_python_operator to None, run_after=None
[2026-05-23T16:32:55.694+0000] {processor.py:208} INFO - Processing /home/airflow/.local/lib/python3.12/site-packages/airflow/example_dags/example_python_operator.py took 0.062 seconds
[2026-05-23T16:33:26.456+0000] {processor.py:186} INFO - Started process (PID=3032) to work on /home/airflow/.local/lib/python3.12/site-packages/airflow/example_dags/example_python_operator.py
[2026-05-23T16:33:26.457+0000] {processor.py:914} INFO - Processing file /home/airflow/.local/lib/python3.12/site-packages/airflow/example_dags/example_python_operator.py for tasks to queue
[2026-05-23T16:33:26.458+0000] {logging_mixin.py:190} INFO - [2026-05-23T16:33:26.458+0000] {dagbag.py:588} INFO - Filling up the DagBag from /home/airflow/.local/lib/python3.12/site-packages/airflow/example_dags/example_python_operator.py
[2026-05-23T16:33:26.470+0000] {processor.py:925} INFO - DAG(s) 'example_python_operator' retrieved from /home/airflow/.local/lib/python3.12/site-packages/airflow/example_dags/example_python_operator.py
[2026-05-23T16:33:26.496+0000] {logging_mixin.py:190} INFO - [2026-05-23T16:33:26.495+0000] {dag.py:3239} INFO - Sync 1 DAGs
[2026-05-23T16:33:26.517+0000] {logging_mixin.py:190} INFO - [2026-05-23T16:33:26.517+0000] {dag.py:4180} INFO - Setting next_dagrun for example_python_operator to None, run_after=None
[2026-05-23T16:33:26.539+0000] {processor.py:208} INFO - Processing /home/airflow/.local/lib/python3.12/site-packages/airflow/example_dags/example_python_operator.py took 0.088 seconds
[2026-05-23T16:33:57.560+0000] {processor.py:186} INFO - Started process (PID=3097) to work on /home/airflow/.local/lib/python3.12/site-packages/airflow/example_dags/example_python_operator.py
[2026-05-23T16:33:57.560+0000] {processor.py:914} INFO - Processing file /home/airflow/.local/lib/python3.12/site-packages/airflow/example_dags/example_python_operator.py for tasks to queue
[2026-05-23T16:33:57.562+0000] {logging_mixin.py:190} INFO - [2026-05-23T16:33:57.562+0000] {dagbag.py:588} INFO - Filling up the DagBag from /home/airflow/.local/lib/python3.12/site-packages/airflow/example_dags/example_python_operator.py
[2026-05-23T16:33:57.573+0000] {processor.py:925} INFO - DAG(s) 'example_python_operator' retrieved from /home/airflow/.local/lib/python3.12/site-packages/airflow/example_dags/example_python_operator.py
[2026-05-23T16:33:57.591+0000] {logging_mixin.py:190} INFO - [2026-05-23T16:33:57.591+0000] {dag.py:3239} INFO - Sync 1 DAGs
[2026-05-23T16:33:57.606+0000] {logging_mixin.py:190} INFO - [2026-05-23T16:33:57.605+0000] {dag.py:4180} INFO - Setting next_dagrun for example_python_operator to None, run_after=None
[2026-05-23T16:33:57.621+0000] {processor.py:208} INFO - Processing /home/airflow/.local/lib/python3.12/site-packages/airflow/example_dags/example_python_operator.py took 0.067 seconds
[2026-05-23T16:34:28.069+0000] {processor.py:186} INFO - Started process (PID=3162) to work on /home/airflow/.local/lib/python3.12/site-packages/airflow/example_dags/example_python_operator.py
[2026-05-23T16:34:28.070+0000] {processor.py:914} INFO - Processing file /home/airflow/.local/lib/python3.12/site-packages/airflow/example_dags/example_python_operator.py for tasks to queue
[2026-05-23T16:34:28.071+0000] {logging_mixin.py:190} INFO - [2026-05-23T16:34:28.071+0000] {dagbag.py:588} INFO - Filling up the DagBag from /home/airflow/.local/lib/python3.12/site-packages/airflow/example_dags/example_python_operator.py
[2026-05-23T16:34:28.080+0000] {processor.py:925} INFO - DAG(s) 'example_python_operator' retrieved from /home/airflow/.local/lib/python3.12/site-packages/airflow/example_dags/example_python_operator.py
[2026-05-23T16:34:28.101+0000] {logging_mixin.py:190} INFO - [2026-05-23T16:34:28.100+0000] {dag.py:3239} INFO - Sync 1 DAGs
[2026-05-23T16:34:28.113+0000] {logging_mixin.py:190} INFO - [2026-05-23T16:34:28.112+0000] {dag.py:4180} INFO - Setting next_dagrun for example_python_operator to None, run_after=None
[2026-05-23T16:34:28.126+0000] {processor.py:208} INFO - Processing /home/airflow/.local/lib/python3.12/site-packages/airflow/example_dags/example_python_operator.py took 0.061 seconds
[2026-05-23T16:34:59.697+0000] {processor.py:186} INFO - Started process (PID=3227) to work on /home/airflow/.local/lib/python3.12/site-packages/airflow/example_dags/example_python_operator.py
[2026-05-23T16:34:59.698+0000] {processor.py:914} INFO - Processing file /home/airflow/.local/lib/python3.12/site-packages/airflow/example_dags/example_python_operator.py for tasks to queue
[2026-05-23T16:34:59.700+0000] {logging_mixin.py:190} INFO - [2026-05-23T16:34:59.699+0000] {dagbag.py:588} INFO - Filling up the DagBag from /home/airflow/.local/lib/python3.12/site-packages/airflow/example_dags/example_python_operator.py
[2026-05-23T16:34:59.711+0000] {processor.py:925} INFO - DAG(s) 'example_python_operator' retrieved from /home/airflow/.local/lib/python3.12/site-packages/airflow/example_dags/example_python_operator.py
[2026-05-23T16:34:59.728+0000] {logging_mixin.py:190} INFO - [2026-05-23T16:34:59.728+0000] {dag.py:3239} INFO - Sync 1 DAGs
[2026-05-23T16:34:59.739+0000] {logging_mixin.py:190} INFO - [2026-05-23T16:34:59.739+0000] {dag.py:4180} INFO - Setting next_dagrun for example_python_operator to None, run_after=None
[2026-05-23T16:34:59.756+0000] {processor.py:208} INFO - Processing /home/airflow/.local/lib/python3.12/site-packages/airflow/example_dags/example_python_operator.py took 0.064 seconds
[2026-05-23T16:35:30.843+0000] {processor.py:186} INFO - Started process (PID=3292) to work on /home/airflow/.local/lib/python3.12/site-packages/airflow/example_dags/example_python_operator.py
[2026-05-23T16:35:30.844+0000] {processor.py:914} INFO - Processing file /home/airflow/.local/lib/python3.12/site-packages/airflow/example_dags/example_python_operator.py for tasks to queue
[2026-05-23T16:35:30.846+0000] {logging_mixin.py:190} INFO - [2026-05-23T16:35:30.846+0000] {dagbag.py:588} INFO - Filling up the DagBag from /home/airflow/.local/lib/python3.12/site-packages/airflow/example_dags/example_python_operator.py
[2026-05-23T16:35:30.858+0000] {processor.py:925} INFO - DAG(s) 'example_python_operator' retrieved from /home/airflow/.local/lib/python3.12/site-packages/airflow/example_dags/example_python_operator.py
[2026-05-23T16:35:30.883+0000] {logging_mixin.py:190} INFO - [2026-05-23T16:35:30.883+0000] {dag.py:3239} INFO - Sync 1 DAGs
[2026-05-23T16:35:30.902+0000] {logging_mixin.py:190} INFO - [2026-05-23T16:35:30.902+0000] {dag.py:4180} INFO - Setting next_dagrun for example_python_operator to None, run_after=None
[2026-05-23T16:35:30.920+0000] {processor.py:208} INFO - Processing /home/airflow/.local/lib/python3.12/site-packages/airflow/example_dags/example_python_operator.py took 0.082 seconds
[2026-05-23T16:36:01.849+0000] {processor.py:186} INFO - Started process (PID=3357) to work on /home/airflow/.local/lib/python3.12/site-packages/airflow/example_dags/example_python_operator.py
[2026-05-23T16:36:01.850+0000] {processor.py:914} INFO - Processing file /home/airflow/.local/lib/python3.12/site-packages/airflow/example_dags/example_python_operator.py for tasks to queue
[2026-05-23T16:36:01.851+0000] {logging_mixin.py:190} INFO - [2026-05-23T16:36:01.851+0000] {dagbag.py:588} INFO - Filling up the DagBag from /home/airflow/.local/lib/python3.12/site-packages/airflow/example_dags/example_python_operator.py
[2026-05-23T16:36:01.862+0000] {processor.py:925} INFO - DAG(s) 'example_python_operator' retrieved from /home/airflow/.local/lib/python3.12/site-packages/airflow/example_dags/example_python_operator.py
[2026-05-23T16:36:01.882+0000] {logging_mixin.py:190} INFO - [2026-05-23T16:36:01.882+0000] {dag.py:3239} INFO - Sync 1 DAGs
[2026-05-23T16:36:01.894+0000] {logging_mixin.py:190} INFO - [2026-05-23T16:36:01.894+0000] {dag.py:4180} INFO - Setting next_dagrun for example_python_operator to None, run_after=None
[2026-05-23T16:36:01.910+0000] {processor.py:208} INFO - Processing /home/airflow/.local/lib/python3.12/site-packages/airflow/example_dags/example_python_operator.py took 0.066 seconds
[2026-05-23T16:36:33.137+0000] {processor.py:186} INFO - Started process (PID=3422) to work on /home/airflow/.local/lib/python3.12/site-packages/airflow/example_dags/example_python_operator.py
[2026-05-23T16:36:33.138+0000] {processor.py:914} INFO - Processing file /home/airflow/.local/lib/python3.12/site-packages/airflow/example_dags/example_python_operator.py for tasks to queue
[2026-05-23T16:36:33.140+0000] {logging_mixin.py:190} INFO - [2026-05-23T16:36:33.139+0000] {dagbag.py:588} INFO - Filling up the DagBag from /home/airflow/.local/lib/python3.12/site-packages/airflow/example_dags/example_python_operator.py
[2026-05-23T16:36:33.150+0000] {processor.py:925} INFO - DAG(s) 'example_python_operator' retrieved from /home/airflow/.local/lib/python3.12/site-packages/airflow/example_dags/example_python_operator.py
[2026-05-23T16:36:33.167+0000] {logging_mixin.py:190} INFO - [2026-05-23T16:36:33.167+0000] {dag.py:3239} INFO - Sync 1 DAGs
[2026-05-23T16:36:33.177+0000] {logging_mixin.py:190} INFO - [2026-05-23T16:36:33.177+0000] {dag.py:4180} INFO - Setting next_dagrun for example_python_operator to None, run_after=None
[2026-05-23T16:36:33.191+0000] {processor.py:208} INFO - Processing /home/airflow/.local/lib/python3.12/site-packages/airflow/example_dags/example_python_operator.py took 0.058 seconds
[2026-05-23T16:37:04.115+0000] {processor.py:186} INFO - Started process (PID=3487) to work on /home/airflow/.local/lib/python3.12/site-packages/airflow/example_dags/example_python_operator.py
[2026-05-23T16:37:04.116+0000] {processor.py:914} INFO - Processing file /home/airflow/.local/lib/python3.12/site-packages/airflow/example_dags/example_python_operator.py for tasks to queue
[2026-05-23T16:37:04.118+0000] {logging_mixin.py:190} INFO - [2026-05-23T16:37:04.118+0000] {dagbag.py:588} INFO - Filling up the DagBag from /home/airflow/.local/lib/python3.12/site-packages/airflow/example_dags/example_python_operator.py
[2026-05-23T16:37:04.130+0000] {processor.py:925} INFO - DAG(s) 'example_python_operator' retrieved from /home/airflow/.local/lib/python3.12/site-packages/airflow/example_dags/example_python_operator.py
[2026-05-23T16:37:04.146+0000] {logging_mixin.py:190} INFO - [2026-05-23T16:37:04.146+0000] {dag.py:3239} INFO - Sync 1 DAGs
[2026-05-23T16:37:04.157+0000] {logging_mixin.py:190} INFO - [2026-05-23T16:37:04.157+0000] {dag.py:4180} INFO - Setting next_dagrun for example_python_operator to None, run_after=None
[2026-05-23T16:37:04.171+0000] {processor.py:208} INFO - Processing /home/airflow/.local/lib/python3.12/site-packages/airflow/example_dags/example_python_operator.py took 0.062 seconds
[2026-05-23T16:37:34.906+0000] {processor.py:186} INFO - Started process (PID=3552) to work on /home/airflow/.local/lib/python3.12/site-packages/airflow/example_dags/example_python_operator.py
[2026-05-23T16:37:34.906+0000] {processor.py:914} INFO - Processing file /home/airflow/.local/lib/python3.12/site-packages/airflow/example_dags/example_python_operator.py for tasks to queue
[2026-05-23T16:37:34.908+0000] {logging_mixin.py:190} INFO - [2026-05-23T16:37:34.907+0000] {dagbag.py:588} INFO - Filling up the DagBag from /home/airflow/.local/lib/python3.12/site-packages/airflow/example_dags/example_python_operator.py
[2026-05-23T16:37:34.917+0000] {processor.py:925} INFO - DAG(s) 'example_python_operator' retrieved from /home/airflow/.local/lib/python3.12/site-packages/airflow/example_dags/example_python_operator.py
[2026-05-23T16:37:34.934+0000] {logging_mixin.py:190} INFO - [2026-05-23T16:37:34.934+0000] {dag.py:3239} INFO - Sync 1 DAGs
[2026-05-23T16:37:34.946+0000] {logging_mixin.py:190} INFO - [2026-05-23T16:37:34.946+0000] {dag.py:4180} INFO - Setting next_dagrun for example_python_operator to None, run_after=None
[2026-05-23T16:37:34.963+0000] {processor.py:208} INFO - Processing /home/airflow/.local/lib/python3.12/site-packages/airflow/example_dags/example_python_operator.py took 0.061 seconds
[2026-05-23T16:38:06.162+0000] {processor.py:186} INFO - Started process (PID=3617) to work on /home/airflow/.local/lib/python3.12/site-packages/airflow/example_dags/example_python_operator.py
[2026-05-23T16:38:06.163+0000] {processor.py:914} INFO - Processing file /home/airflow/.local/lib/python3.12/site-packages/airflow/example_dags/example_python_operator.py for tasks to queue
[2026-05-23T16:38:06.165+0000] {logging_mixin.py:190} INFO - [2026-05-23T16:38:06.165+0000] {dagbag.py:588} INFO - Filling up the DagBag from /home/airflow/.local/lib/python3.12/site-packages/airflow/example_dags/example_python_operator.py
[2026-05-23T16:38:06.178+0000] {processor.py:925} INFO - DAG(s) 'example_python_operator' retrieved from /home/airflow/.local/lib/python3.12/site-packages/airflow/example_dags/example_python_operator.py
[2026-05-23T16:38:06.198+0000] {logging_mixin.py:190} INFO - [2026-05-23T16:38:06.197+0000] {dag.py:3239} INFO - Sync 1 DAGs
[2026-05-23T16:38:06.210+0000] {logging_mixin.py:190} INFO - [2026-05-23T16:38:06.210+0000] {dag.py:4180} INFO - Setting next_dagrun for example_python_operator to None, run_after=None
[2026-05-23T16:38:06.223+0000] {processor.py:208} INFO - Processing /home/airflow/.local/lib/python3.12/site-packages/airflow/example_dags/example_python_operator.py took 0.068 seconds
[2026-05-23T16:38:37.310+0000] {processor.py:186} INFO - Started process (PID=3682) to work on /home/airflow/.local/lib/python3.12/site-packages/airflow/example_dags/example_python_operator.py
[2026-05-23T16:38:37.310+0000] {processor.py:914} INFO - Processing file /home/airflow/.local/lib/python3.12/site-packages/airflow/example_dags/example_python_operator.py for tasks to queue
[2026-05-23T16:38:37.312+0000] {logging_mixin.py:190} INFO - [2026-05-23T16:38:37.312+0000] {dagbag.py:588} INFO - Filling up the DagBag from /home/airflow/.local/lib/python3.12/site-packages/airflow/example_dags/example_python_operator.py
[2026-05-23T16:38:37.321+0000] {processor.py:925} INFO - DAG(s) 'example_python_operator' retrieved from /home/airflow/.local/lib/python3.12/site-packages/airflow/example_dags/example_python_operator.py
[2026-05-23T16:38:37.338+0000] {logging_mixin.py:190} INFO - [2026-05-23T16:38:37.338+0000] {dag.py:3239} INFO - Sync 1 DAGs
[2026-05-23T16:38:37.352+0000] {logging_mixin.py:190} INFO - [2026-05-23T16:38:37.352+0000] {dag.py:4180} INFO - Setting next_dagrun for example_python_operator to None, run_after=None
[2026-05-23T16:38:37.368+0000] {processor.py:208} INFO - Processing /home/airflow/.local/lib/python3.12/site-packages/airflow/example_dags/example_python_operator.py took 0.062 seconds
[2026-05-23T16:39:07.973+0000] {processor.py:186} INFO - Started process (PID=3747) to work on /home/airflow/.local/lib/python3.12/site-packages/airflow/example_dags/example_python_operator.py
[2026-05-23T16:39:07.974+0000] {processor.py:914} INFO - Processing file /home/airflow/.local/lib/python3.12/site-packages/airflow/example_dags/example_python_operator.py for tasks to queue
[2026-05-23T16:39:07.975+0000] {logging_mixin.py:190} INFO - [2026-05-23T16:39:07.975+0000] {dagbag.py:588} INFO - Filling up the DagBag from /home/airflow/.local/lib/python3.12/site-packages/airflow/example_dags/example_python_operator.py
[2026-05-23T16:39:07.985+0000] {processor.py:925} INFO - DAG(s) 'example_python_operator' retrieved from /home/airflow/.local/lib/python3.12/site-packages/airflow/example_dags/example_python_operator.py
[2026-05-23T16:39:08.002+0000] {logging_mixin.py:190} INFO - [2026-05-23T16:39:08.002+0000] {dag.py:3239} INFO - Sync 1 DAGs
[2026-05-23T16:39:08.013+0000] {logging_mixin.py:190} INFO - [2026-05-23T16:39:08.013+0000] {dag.py:4180} INFO - Setting next_dagrun for example_python_operator to None, run_after=None
[2026-05-23T16:39:08.026+0000] {processor.py:208} INFO - Processing /home/airflow/.local/lib/python3.12/site-packages/airflow/example_dags/example_python_operator.py took 0.057 seconds
[2026-05-23T16:39:38.345+0000] {processor.py:186} INFO - Started process (PID=3811) to work on /home/airflow/.local/lib/python3.12/site-packages/airflow/example_dags/example_python_operator.py
[2026-05-23T16:39:38.346+0000] {processor.py:914} INFO - Processing file /home/airflow/.local/lib/python3.12/site-packages/airflow/example_dags/example_python_operator.py for tasks to queue
[2026-05-23T16:39:38.348+0000] {logging_mixin.py:190} INFO - [2026-05-23T16:39:38.348+0000] {dagbag.py:588} INFO - Filling up the DagBag from /home/airflow/.local/lib/python3.12/site-packages/airflow/example_dags/example_python_operator.py
[2026-05-23T16:39:38.358+0000] {processor.py:925} INFO - DAG(s) 'example_python_operator' retrieved from /home/airflow/.local/lib/python3.12/site-packages/airflow/example_dags/example_python_operator.py
[2026-05-23T16:39:38.375+0000] {logging_mixin.py:190} INFO - [2026-05-23T16:39:38.375+0000] {dag.py:3239} INFO - Sync 1 DAGs
[2026-05-23T16:39:38.386+0000] {logging_mixin.py:190} INFO - [2026-05-23T16:39:38.386+0000] {dag.py:4180} INFO - Setting next_dagrun for example_python_operator to None, run_after=None
[2026-05-23T16:39:38.400+0000] {processor.py:208} INFO - Processing /home/airflow/.local/lib/python3.12/site-packages/airflow/example_dags/example_python_operator.py took 0.061 seconds
[2026-05-23T16:40:09.234+0000] {processor.py:186} INFO - Started process (PID=3875) to work on /home/airflow/.local/lib/python3.12/site-packages/airflow/example_dags/example_python_operator.py
[2026-05-23T16:40:09.235+0000] {processor.py:914} INFO - Processing file /home/airflow/.local/lib/python3.12/site-packages/airflow/example_dags/example_python_operator.py for tasks to queue
[2026-05-23T16:40:09.236+0000] {logging_mixin.py:190} INFO - [2026-05-23T16:40:09.236+0000] {dagbag.py:588} INFO - Filling up the DagBag from /home/airflow/.local/lib/python3.12/site-packages/airflow/example_dags/example_python_operator.py
[2026-05-23T16:40:09.246+0000] {processor.py:925} INFO - DAG(s) 'example_python_operator' retrieved from /home/airflow/.local/lib/python3.12/site-packages/airflow/example_dags/example_python_operator.py
[2026-05-23T16:40:09.262+0000] {logging_mixin.py:190} INFO - [2026-05-23T16:40:09.262+0000] {dag.py:3239} INFO - Sync 1 DAGs
[2026-05-23T16:40:09.274+0000] {logging_mixin.py:190} INFO - [2026-05-23T16:40:09.274+0000] {dag.py:4180} INFO - Setting next_dagrun for example_python_operator to None, run_after=None
[2026-05-23T16:40:09.287+0000] {processor.py:208} INFO - Processing /home/airflow/.local/lib/python3.12/site-packages/airflow/example_dags/example_python_operator.py took 0.057 seconds
[2026-05-23T16:40:40.174+0000] {processor.py:186} INFO - Started process (PID=3940) to work on /home/airflow/.local/lib/python3.12/site-packages/airflow/example_dags/example_python_operator.py
[2026-05-23T16:40:40.175+0000] {processor.py:914} INFO - Processing file /home/airflow/.local/lib/python3.12/site-packages/airflow/example_dags/example_python_operator.py for tasks to queue
[2026-05-23T16:40:40.176+0000] {logging_mixin.py:190} INFO - [2026-05-23T16:40:40.176+0000] {dagbag.py:588} INFO - Filling up the DagBag from /home/airflow/.local/lib/python3.12/site-packages/airflow/example_dags/example_python_operator.py
[2026-05-23T16:40:40.186+0000] {processor.py:925} INFO - DAG(s) 'example_python_operator' retrieved from /home/airflow/.local/lib/python3.12/site-packages/airflow/example_dags/example_python_operator.py
[2026-05-23T16:40:40.202+0000] {logging_mixin.py:190} INFO - [2026-05-23T16:40:40.202+0000] {dag.py:3239} INFO - Sync 1 DAGs
[2026-05-23T16:40:40.216+0000] {logging_mixin.py:190} INFO - [2026-05-23T16:40:40.216+0000] {dag.py:4180} INFO - Setting next_dagrun for example_python_operator to None, run_after=None
[2026-05-23T16:40:40.231+0000] {processor.py:208} INFO - Processing /home/airflow/.local/lib/python3.12/site-packages/airflow/example_dags/example_python_operator.py took 0.061 seconds
[2026-05-23T16:41:11.470+0000] {processor.py:186} INFO - Started process (PID=4005) to work on /home/airflow/.local/lib/python3.12/site-packages/airflow/example_dags/example_python_operator.py
[2026-05-23T16:41:11.471+0000] {processor.py:914} INFO - Processing file /home/airflow/.local/lib/python3.12/site-packages/airflow/example_dags/example_python_operator.py for tasks to queue
[2026-05-23T16:41:11.473+0000] {logging_mixin.py:190} INFO - [2026-05-23T16:41:11.473+0000] {dagbag.py:588} INFO - Filling up the DagBag from /home/airflow/.local/lib/python3.12/site-packages/airflow/example_dags/example_python_operator.py
[2026-05-23T16:41:11.485+0000] {processor.py:925} INFO - DAG(s) 'example_python_operator' retrieved from /home/airflow/.local/lib/python3.12/site-packages/airflow/example_dags/example_python_operator.py
[2026-05-23T16:41:11.507+0000] {logging_mixin.py:190} INFO - [2026-05-23T16:41:11.506+0000] {dag.py:3239} INFO - Sync 1 DAGs
[2026-05-23T16:41:11.663+0000] {logging_mixin.py:190} INFO - [2026-05-23T16:41:11.663+0000] {dag.py:4180} INFO - Setting next_dagrun for example_python_operator to None, run_after=None
[2026-05-23T16:41:11.679+0000] {processor.py:208} INFO - Processing /home/airflow/.local/lib/python3.12/site-packages/airflow/example_dags/example_python_operator.py took 0.215 seconds
[2026-05-23T16:41:42.298+0000] {processor.py:186} INFO - Started process (PID=4070) to work on /home/airflow/.local/lib/python3.12/site-packages/airflow/example_dags/example_python_operator.py
[2026-05-23T16:41:42.298+0000] {processor.py:914} INFO - Processing file /home/airflow/.local/lib/python3.12/site-packages/airflow/example_dags/example_python_operator.py for tasks to queue
[2026-05-23T16:41:42.300+0000] {logging_mixin.py:190} INFO - [2026-05-23T16:41:42.300+0000] {dagbag.py:588} INFO - Filling up the DagBag from /home/airflow/.local/lib/python3.12/site-packages/airflow/example_dags/example_python_operator.py
[2026-05-23T16:41:42.310+0000] {processor.py:925} INFO - DAG(s) 'example_python_operator' retrieved from /home/airflow/.local/lib/python3.12/site-packages/airflow/example_dags/example_python_operator.py
[2026-05-23T16:41:42.327+0000] {logging_mixin.py:190} INFO - [2026-05-23T16:41:42.327+0000] {dag.py:3239} INFO - Sync 1 DAGs
[2026-05-23T16:41:42.338+0000] {logging_mixin.py:190} INFO - [2026-05-23T16:41:42.338+0000] {dag.py:4180} INFO - Setting next_dagrun for example_python_operator to None, run_after=None
[2026-05-23T16:41:42.352+0000] {processor.py:208} INFO - Processing /home/airflow/.local/lib/python3.12/site-packages/airflow/example_dags/example_python_operator.py took 0.059 seconds
[2026-05-23T16:42:12.991+0000] {processor.py:186} INFO - Started process (PID=4134) to work on /home/airflow/.local/lib/python3.12/site-packages/airflow/example_dags/example_python_operator.py
[2026-05-23T16:42:12.991+0000] {processor.py:914} INFO - Processing file /home/airflow/.local/lib/python3.12/site-packages/airflow/example_dags/example_python_operator.py for tasks to queue
[2026-05-23T16:42:12.993+0000] {logging_mixin.py:190} INFO - [2026-05-23T16:42:12.992+0000] {dagbag.py:588} INFO - Filling up the DagBag from /home/airflow/.local/lib/python3.12/site-packages/airflow/example_dags/example_python_operator.py
[2026-05-23T16:42:13.002+0000] {processor.py:925} INFO - DAG(s) 'example_python_operator' retrieved from /home/airflow/.local/lib/python3.12/site-packages/airflow/example_dags/example_python_operator.py
[2026-05-23T16:42:13.023+0000] {logging_mixin.py:190} INFO - [2026-05-23T16:42:13.023+0000] {dag.py:3239} INFO - Sync 1 DAGs
[2026-05-23T16:42:13.041+0000] {logging_mixin.py:190} INFO - [2026-05-23T16:42:13.041+0000] {dag.py:4180} INFO - Setting next_dagrun for example_python_operator to None, run_after=None
[2026-05-23T16:42:13.059+0000] {processor.py:208} INFO - Processing /home/airflow/.local/lib/python3.12/site-packages/airflow/example_dags/example_python_operator.py took 0.073 seconds
[2026-05-23T16:42:43.883+0000] {processor.py:186} INFO - Started process (PID=4200) to work on /home/airflow/.local/lib/python3.12/site-packages/airflow/example_dags/example_python_operator.py
[2026-05-23T16:42:43.884+0000] {processor.py:914} INFO - Processing file /home/airflow/.local/lib/python3.12/site-packages/airflow/example_dags/example_python_operator.py for tasks to queue
[2026-05-23T16:42:43.885+0000] {logging_mixin.py:190} INFO - [2026-05-23T16:42:43.885+0000] {dagbag.py:588} INFO - Filling up the DagBag from /home/airflow/.local/lib/python3.12/site-packages/airflow/example_dags/example_python_operator.py
[2026-05-23T16:42:43.894+0000] {processor.py:925} INFO - DAG(s) 'example_python_operator' retrieved from /home/airflow/.local/lib/python3.12/site-packages/airflow/example_dags/example_python_operator.py
[2026-05-23T16:42:43.911+0000] {logging_mixin.py:190} INFO - [2026-05-23T16:42:43.911+0000] {dag.py:3239} INFO - Sync 1 DAGs
[2026-05-23T16:42:43.922+0000] {logging_mixin.py:190} INFO - [2026-05-23T16:42:43.922+0000] {dag.py:4180} INFO - Setting next_dagrun for example_python_operator to None, run_after=None
[2026-05-23T16:42:43.935+0000] {processor.py:208} INFO - Processing /home/airflow/.local/lib/python3.12/site-packages/airflow/example_dags/example_python_operator.py took 0.056 seconds
[2026-05-23T16:43:15.413+0000] {processor.py:186} INFO - Started process (PID=4265) to work on /home/airflow/.local/lib/python3.12/site-packages/airflow/example_dags/example_python_operator.py
[2026-05-23T16:43:15.414+0000] {processor.py:914} INFO - Processing file /home/airflow/.local/lib/python3.12/site-packages/airflow/example_dags/example_python_operator.py for tasks to queue
[2026-05-23T16:43:15.416+0000] {logging_mixin.py:190} INFO - [2026-05-23T16:43:15.415+0000] {dagbag.py:588} INFO - Filling up the DagBag from /home/airflow/.local/lib/python3.12/site-packages/airflow/example_dags/example_python_operator.py
[2026-05-23T16:43:15.425+0000] {processor.py:925} INFO - DAG(s) 'example_python_operator' retrieved from /home/airflow/.local/lib/python3.12/site-packages/airflow/example_dags/example_python_operator.py
[2026-05-23T16:43:15.442+0000] {logging_mixin.py:190} INFO - [2026-05-23T16:43:15.442+0000] {dag.py:3239} INFO - Sync 1 DAGs
[2026-05-23T16:43:15.455+0000] {logging_mixin.py:190} INFO - [2026-05-23T16:43:15.455+0000] {dag.py:4180} INFO - Setting next_dagrun for example_python_operator to None, run_after=None
[2026-05-23T16:43:15.468+0000] {processor.py:208} INFO - Processing /home/airflow/.local/lib/python3.12/site-packages/airflow/example_dags/example_python_operator.py took 0.059 seconds
[2026-05-23T16:43:47.959+0000] {processor.py:186} INFO - Started process (PID=4333) to work on /home/airflow/.local/lib/python3.12/site-packages/airflow/example_dags/example_python_operator.py
[2026-05-23T16:43:47.960+0000] {processor.py:914} INFO - Processing file /home/airflow/.local/lib/python3.12/site-packages/airflow/example_dags/example_python_operator.py for tasks to queue
[2026-05-23T16:43:47.962+0000] {logging_mixin.py:190} INFO - [2026-05-23T16:43:47.961+0000] {dagbag.py:588} INFO - Filling up the DagBag from /home/airflow/.local/lib/python3.12/site-packages/airflow/example_dags/example_python_operator.py
[2026-05-23T16:43:48.120+0000] {processor.py:925} INFO - DAG(s) 'example_python_operator' retrieved from /home/airflow/.local/lib/python3.12/site-packages/airflow/example_dags/example_python_operator.py
[2026-05-23T16:43:48.139+0000] {logging_mixin.py:190} INFO - [2026-05-23T16:43:48.138+0000] {dag.py:3239} INFO - Sync 1 DAGs
[2026-05-23T16:43:48.152+0000] {logging_mixin.py:190} INFO - [2026-05-23T16:43:48.151+0000] {dag.py:4180} INFO - Setting next_dagrun for example_python_operator to None, run_after=None
[2026-05-23T16:43:48.166+0000] {processor.py:208} INFO - Processing /home/airflow/.local/lib/python3.12/site-packages/airflow/example_dags/example_python_operator.py took 0.212 seconds
[2026-05-23T16:44:18.900+0000] {processor.py:186} INFO - Started process (PID=4398) to work on /home/airflow/.local/lib/python3.12/site-packages/airflow/example_dags/example_python_operator.py
[2026-05-23T16:44:18.901+0000] {processor.py:914} INFO - Processing file /home/airflow/.local/lib/python3.12/site-packages/airflow/example_dags/example_python_operator.py for tasks to queue
[2026-05-23T16:44:18.903+0000] {logging_mixin.py:190} INFO - [2026-05-23T16:44:18.903+0000] {dagbag.py:588} INFO - Filling up the DagBag from /home/airflow/.local/lib/python3.12/site-packages/airflow/example_dags/example_python_operator.py
[2026-05-23T16:44:18.916+0000] {processor.py:925} INFO - DAG(s) 'example_python_operator' retrieved from /home/airflow/.local/lib/python3.12/site-packages/airflow/example_dags/example_python_operator.py
[2026-05-23T16:44:18.934+0000] {logging_mixin.py:190} INFO - [2026-05-23T16:44:18.934+0000] {dag.py:3239} INFO - Sync 1 DAGs
[2026-05-23T16:44:18.947+0000] {logging_mixin.py:190} INFO - [2026-05-23T16:44:18.947+0000] {dag.py:4180} INFO - Setting next_dagrun for example_python_operator to None, run_after=None
[2026-05-23T16:44:18.963+0000] {processor.py:208} INFO - Processing /home/airflow/.local/lib/python3.12/site-packages/airflow/example_dags/example_python_operator.py took 0.069 seconds
[2026-05-23T16:49:30.927+0000] {processor.py:186} INFO - Started process (PID=102) to work on /home/airflow/.local/lib/python3.12/site-packages/airflow/example_dags/example_python_operator.py
[2026-05-23T16:49:30.929+0000] {processor.py:914} INFO - Processing file /home/airflow/.local/lib/python3.12/site-packages/airflow/example_dags/example_python_operator.py for tasks to queue
[2026-05-23T16:49:30.932+0000] {logging_mixin.py:190} INFO - [2026-05-23T16:49:30.932+0000] {dagbag.py:588} INFO - Filling up the DagBag from /home/airflow/.local/lib/python3.12/site-packages/airflow/example_dags/example_python_operator.py
[2026-05-23T16:49:30.945+0000] {processor.py:925} INFO - DAG(s) 'example_python_operator' retrieved from /home/airflow/.local/lib/python3.12/site-packages/airflow/example_dags/example_python_operator.py
[2026-05-23T16:49:31.114+0000] {logging_mixin.py:190} INFO - [2026-05-23T16:49:31.114+0000] {dag.py:3239} INFO - Sync 1 DAGs
[2026-05-23T16:49:31.132+0000] {logging_mixin.py:190} INFO - [2026-05-23T16:49:31.132+0000] {dag.py:4180} INFO - Setting next_dagrun for example_python_operator to None, run_after=None
[2026-05-23T16:49:31.149+0000] {processor.py:208} INFO - Processing /home/airflow/.local/lib/python3.12/site-packages/airflow/example_dags/example_python_operator.py took 0.229 seconds
[2026-05-23T16:50:01.799+0000] {processor.py:186} INFO - Started process (PID=167) to work on /home/airflow/.local/lib/python3.12/site-packages/airflow/example_dags/example_python_operator.py
[2026-05-23T16:50:01.800+0000] {processor.py:914} INFO - Processing file /home/airflow/.local/lib/python3.12/site-packages/airflow/example_dags/example_python_operator.py for tasks to queue
[2026-05-23T16:50:01.803+0000] {logging_mixin.py:190} INFO - [2026-05-23T16:50:01.802+0000] {dagbag.py:588} INFO - Filling up the DagBag from /home/airflow/.local/lib/python3.12/site-packages/airflow/example_dags/example_python_operator.py
[2026-05-23T16:50:01.818+0000] {processor.py:925} INFO - DAG(s) 'example_python_operator' retrieved from /home/airflow/.local/lib/python3.12/site-packages/airflow/example_dags/example_python_operator.py
[2026-05-23T16:50:01.849+0000] {logging_mixin.py:190} INFO - [2026-05-23T16:50:01.849+0000] {dag.py:3239} INFO - Sync 1 DAGs
[2026-05-23T16:50:01.861+0000] {logging_mixin.py:190} INFO - [2026-05-23T16:50:01.861+0000] {dag.py:4180} INFO - Setting next_dagrun for example_python_operator to None, run_after=None
[2026-05-23T16:50:01.877+0000] {processor.py:208} INFO - Processing /home/airflow/.local/lib/python3.12/site-packages/airflow/example_dags/example_python_operator.py took 0.086 seconds
[2026-05-23T16:50:32.750+0000] {processor.py:186} INFO - Started process (PID=240) to work on /home/airflow/.local/lib/python3.12/site-packages/airflow/example_dags/example_python_operator.py
[2026-05-23T16:50:32.750+0000] {processor.py:914} INFO - Processing file /home/airflow/.local/lib/python3.12/site-packages/airflow/example_dags/example_python_operator.py for tasks to queue
[2026-05-23T16:50:32.752+0000] {logging_mixin.py:190} INFO - [2026-05-23T16:50:32.752+0000] {dagbag.py:588} INFO - Filling up the DagBag from /home/airflow/.local/lib/python3.12/site-packages/airflow/example_dags/example_python_operator.py
[2026-05-23T16:50:32.763+0000] {processor.py:925} INFO - DAG(s) 'example_python_operator' retrieved from /home/airflow/.local/lib/python3.12/site-packages/airflow/example_dags/example_python_operator.py
[2026-05-23T16:50:32.779+0000] {logging_mixin.py:190} INFO - [2026-05-23T16:50:32.779+0000] {dag.py:3239} INFO - Sync 1 DAGs
[2026-05-23T16:50:32.791+0000] {logging_mixin.py:190} INFO - [2026-05-23T16:50:32.791+0000] {dag.py:4180} INFO - Setting next_dagrun for example_python_operator to None, run_after=None
[2026-05-23T16:50:32.806+0000] {processor.py:208} INFO - Processing /home/airflow/.local/lib/python3.12/site-packages/airflow/example_dags/example_python_operator.py took 0.060 seconds
[2026-05-23T16:51:03.041+0000] {processor.py:186} INFO - Started process (PID=307) to work on /home/airflow/.local/lib/python3.12/site-packages/airflow/example_dags/example_python_operator.py
[2026-05-23T16:51:03.042+0000] {processor.py:914} INFO - Processing file /home/airflow/.local/lib/python3.12/site-packages/airflow/example_dags/example_python_operator.py for tasks to queue
[2026-05-23T16:51:03.044+0000] {logging_mixin.py:190} INFO - [2026-05-23T16:51:03.043+0000] {dagbag.py:588} INFO - Filling up the DagBag from /home/airflow/.local/lib/python3.12/site-packages/airflow/example_dags/example_python_operator.py
[2026-05-23T16:51:03.056+0000] {processor.py:925} INFO - DAG(s) 'example_python_operator' retrieved from /home/airflow/.local/lib/python3.12/site-packages/airflow/example_dags/example_python_operator.py
[2026-05-23T16:51:03.073+0000] {logging_mixin.py:190} INFO - [2026-05-23T16:51:03.073+0000] {dag.py:3239} INFO - Sync 1 DAGs
[2026-05-23T16:51:03.085+0000] {logging_mixin.py:190} INFO - [2026-05-23T16:51:03.084+0000] {dag.py:4180} INFO - Setting next_dagrun for example_python_operator to None, run_after=None
[2026-05-23T16:51:03.098+0000] {processor.py:208} INFO - Processing /home/airflow/.local/lib/python3.12/site-packages/airflow/example_dags/example_python_operator.py took 0.061 seconds
[2026-05-23T16:51:34.194+0000] {processor.py:186} INFO - Started process (PID=372) to work on /home/airflow/.local/lib/python3.12/site-packages/airflow/example_dags/example_python_operator.py
[2026-05-23T16:51:34.194+0000] {processor.py:914} INFO - Processing file /home/airflow/.local/lib/python3.12/site-packages/airflow/example_dags/example_python_operator.py for tasks to queue
[2026-05-23T16:51:34.196+0000] {logging_mixin.py:190} INFO - [2026-05-23T16:51:34.196+0000] {dagbag.py:588} INFO - Filling up the DagBag from /home/airflow/.local/lib/python3.12/site-packages/airflow/example_dags/example_python_operator.py
[2026-05-23T16:51:34.205+0000] {processor.py:925} INFO - DAG(s) 'example_python_operator' retrieved from /home/airflow/.local/lib/python3.12/site-packages/airflow/example_dags/example_python_operator.py
[2026-05-23T16:51:34.223+0000] {logging_mixin.py:190} INFO - [2026-05-23T16:51:34.223+0000] {dag.py:3239} INFO - Sync 1 DAGs
[2026-05-23T16:51:34.234+0000] {logging_mixin.py:190} INFO - [2026-05-23T16:51:34.234+0000] {dag.py:4180} INFO - Setting next_dagrun for example_python_operator to None, run_after=None
[2026-05-23T16:51:34.248+0000] {processor.py:208} INFO - Processing /home/airflow/.local/lib/python3.12/site-packages/airflow/example_dags/example_python_operator.py took 0.058 seconds
[2026-05-23T16:52:05.237+0000] {processor.py:186} INFO - Started process (PID=437) to work on /home/airflow/.local/lib/python3.12/site-packages/airflow/example_dags/example_python_operator.py
[2026-05-23T16:52:05.238+0000] {processor.py:914} INFO - Processing file /home/airflow/.local/lib/python3.12/site-packages/airflow/example_dags/example_python_operator.py for tasks to queue
[2026-05-23T16:52:05.240+0000] {logging_mixin.py:190} INFO - [2026-05-23T16:52:05.240+0000] {dagbag.py:588} INFO - Filling up the DagBag from /home/airflow/.local/lib/python3.12/site-packages/airflow/example_dags/example_python_operator.py
[2026-05-23T16:52:05.249+0000] {processor.py:925} INFO - DAG(s) 'example_python_operator' retrieved from /home/airflow/.local/lib/python3.12/site-packages/airflow/example_dags/example_python_operator.py
[2026-05-23T16:52:05.266+0000] {logging_mixin.py:190} INFO - [2026-05-23T16:52:05.266+0000] {dag.py:3239} INFO - Sync 1 DAGs
[2026-05-23T16:52:05.278+0000] {logging_mixin.py:190} INFO - [2026-05-23T16:52:05.278+0000] {dag.py:4180} INFO - Setting next_dagrun for example_python_operator to None, run_after=None
[2026-05-23T16:52:05.291+0000] {processor.py:208} INFO - Processing /home/airflow/.local/lib/python3.12/site-packages/airflow/example_dags/example_python_operator.py took 0.058 seconds
[2026-05-23T16:52:36.358+0000] {processor.py:186} INFO - Started process (PID=502) to work on /home/airflow/.local/lib/python3.12/site-packages/airflow/example_dags/example_python_operator.py
[2026-05-23T16:52:36.359+0000] {processor.py:914} INFO - Processing file /home/airflow/.local/lib/python3.12/site-packages/airflow/example_dags/example_python_operator.py for tasks to queue
[2026-05-23T16:52:36.360+0000] {logging_mixin.py:190} INFO - [2026-05-23T16:52:36.360+0000] {dagbag.py:588} INFO - Filling up the DagBag from /home/airflow/.local/lib/python3.12/site-packages/airflow/example_dags/example_python_operator.py
[2026-05-23T16:52:36.370+0000] {processor.py:925} INFO - DAG(s) 'example_python_operator' retrieved from /home/airflow/.local/lib/python3.12/site-packages/airflow/example_dags/example_python_operator.py
[2026-05-23T16:52:36.387+0000] {logging_mixin.py:190} INFO - [2026-05-23T16:52:36.387+0000] {dag.py:3239} INFO - Sync 1 DAGs
[2026-05-23T16:52:36.398+0000] {logging_mixin.py:190} INFO - [2026-05-23T16:52:36.398+0000] {dag.py:4180} INFO - Setting next_dagrun for example_python_operator to None, run_after=None
[2026-05-23T16:52:36.411+0000] {processor.py:208} INFO - Processing /home/airflow/.local/lib/python3.12/site-packages/airflow/example_dags/example_python_operator.py took 0.058 seconds
[2026-05-23T16:53:07.708+0000] {processor.py:186} INFO - Started process (PID=567) to work on /home/airflow/.local/lib/python3.12/site-packages/airflow/example_dags/example_python_operator.py
[2026-05-23T16:53:07.709+0000] {processor.py:914} INFO - Processing file /home/airflow/.local/lib/python3.12/site-packages/airflow/example_dags/example_python_operator.py for tasks to queue
[2026-05-23T16:53:07.710+0000] {logging_mixin.py:190} INFO - [2026-05-23T16:53:07.710+0000] {dagbag.py:588} INFO - Filling up the DagBag from /home/airflow/.local/lib/python3.12/site-packages/airflow/example_dags/example_python_operator.py
[2026-05-23T16:53:07.721+0000] {processor.py:925} INFO - DAG(s) 'example_python_operator' retrieved from /home/airflow/.local/lib/python3.12/site-packages/airflow/example_dags/example_python_operator.py
[2026-05-23T16:53:07.741+0000] {logging_mixin.py:190} INFO - [2026-05-23T16:53:07.741+0000] {dag.py:3239} INFO - Sync 1 DAGs
[2026-05-23T16:53:07.753+0000] {logging_mixin.py:190} INFO - [2026-05-23T16:53:07.753+0000] {dag.py:4180} INFO - Setting next_dagrun for example_python_operator to None, run_after=None
[2026-05-23T16:53:07.768+0000] {processor.py:208} INFO - Processing /home/airflow/.local/lib/python3.12/site-packages/airflow/example_dags/example_python_operator.py took 0.064 seconds
[2026-05-23T16:53:38.890+0000] {processor.py:186} INFO - Started process (PID=633) to work on /home/airflow/.local/lib/python3.12/site-packages/airflow/example_dags/example_python_operator.py
[2026-05-23T16:53:38.890+0000] {processor.py:914} INFO - Processing file /home/airflow/.local/lib/python3.12/site-packages/airflow/example_dags/example_python_operator.py for tasks to queue
[2026-05-23T16:53:38.892+0000] {logging_mixin.py:190} INFO - [2026-05-23T16:53:38.892+0000] {dagbag.py:588} INFO - Filling up the DagBag from /home/airflow/.local/lib/python3.12/site-packages/airflow/example_dags/example_python_operator.py
[2026-05-23T16:53:38.901+0000] {processor.py:925} INFO - DAG(s) 'example_python_operator' retrieved from /home/airflow/.local/lib/python3.12/site-packages/airflow/example_dags/example_python_operator.py
[2026-05-23T16:53:38.918+0000] {logging_mixin.py:190} INFO - [2026-05-23T16:53:38.918+0000] {dag.py:3239} INFO - Sync 1 DAGs
[2026-05-23T16:53:38.929+0000] {logging_mixin.py:190} INFO - [2026-05-23T16:53:38.929+0000] {dag.py:4180} INFO - Setting next_dagrun for example_python_operator to None, run_after=None
[2026-05-23T16:53:38.943+0000] {processor.py:208} INFO - Processing /home/airflow/.local/lib/python3.12/site-packages/airflow/example_dags/example_python_operator.py took 0.058 seconds
[2026-05-23T16:54:09.932+0000] {processor.py:186} INFO - Started process (PID=698) to work on /home/airflow/.local/lib/python3.12/site-packages/airflow/example_dags/example_python_operator.py
[2026-05-23T16:54:09.933+0000] {processor.py:914} INFO - Processing file /home/airflow/.local/lib/python3.12/site-packages/airflow/example_dags/example_python_operator.py for tasks to queue
[2026-05-23T16:54:09.935+0000] {logging_mixin.py:190} INFO - [2026-05-23T16:54:09.935+0000] {dagbag.py:588} INFO - Filling up the DagBag from /home/airflow/.local/lib/python3.12/site-packages/airflow/example_dags/example_python_operator.py
[2026-05-23T16:54:09.950+0000] {processor.py:925} INFO - DAG(s) 'example_python_operator' retrieved from /home/airflow/.local/lib/python3.12/site-packages/airflow/example_dags/example_python_operator.py
[2026-05-23T16:54:09.977+0000] {logging_mixin.py:190} INFO - [2026-05-23T16:54:09.977+0000] {dag.py:3239} INFO - Sync 1 DAGs
[2026-05-23T16:54:09.999+0000] {logging_mixin.py:190} INFO - [2026-05-23T16:54:09.999+0000] {dag.py:4180} INFO - Setting next_dagrun for example_python_operator to None, run_after=None
[2026-05-23T16:54:10.019+0000] {processor.py:208} INFO - Processing /home/airflow/.local/lib/python3.12/site-packages/airflow/example_dags/example_python_operator.py took 0.095 seconds
[2026-05-23T16:54:41.075+0000] {processor.py:186} INFO - Started process (PID=763) to work on /home/airflow/.local/lib/python3.12/site-packages/airflow/example_dags/example_python_operator.py
[2026-05-23T16:54:41.076+0000] {processor.py:914} INFO - Processing file /home/airflow/.local/lib/python3.12/site-packages/airflow/example_dags/example_python_operator.py for tasks to queue
[2026-05-23T16:54:41.077+0000] {logging_mixin.py:190} INFO - [2026-05-23T16:54:41.077+0000] {dagbag.py:588} INFO - Filling up the DagBag from /home/airflow/.local/lib/python3.12/site-packages/airflow/example_dags/example_python_operator.py
[2026-05-23T16:54:41.087+0000] {processor.py:925} INFO - DAG(s) 'example_python_operator' retrieved from /home/airflow/.local/lib/python3.12/site-packages/airflow/example_dags/example_python_operator.py
[2026-05-23T16:54:41.109+0000] {logging_mixin.py:190} INFO - [2026-05-23T16:54:41.109+0000] {dag.py:3239} INFO - Sync 1 DAGs
[2026-05-23T16:54:41.124+0000] {logging_mixin.py:190} INFO - [2026-05-23T16:54:41.124+0000] {dag.py:4180} INFO - Setting next_dagrun for example_python_operator to None, run_after=None
[2026-05-23T16:54:41.139+0000] {processor.py:208} INFO - Processing /home/airflow/.local/lib/python3.12/site-packages/airflow/example_dags/example_python_operator.py took 0.069 seconds
[2026-05-23T16:55:12.249+0000] {processor.py:186} INFO - Started process (PID=827) to work on /home/airflow/.local/lib/python3.12/site-packages/airflow/example_dags/example_python_operator.py
[2026-05-23T16:55:12.250+0000] {processor.py:914} INFO - Processing file /home/airflow/.local/lib/python3.12/site-packages/airflow/example_dags/example_python_operator.py for tasks to queue
[2026-05-23T16:55:12.251+0000] {logging_mixin.py:190} INFO - [2026-05-23T16:55:12.251+0000] {dagbag.py:588} INFO - Filling up the DagBag from /home/airflow/.local/lib/python3.12/site-packages/airflow/example_dags/example_python_operator.py
[2026-05-23T16:55:12.261+0000] {processor.py:925} INFO - DAG(s) 'example_python_operator' retrieved from /home/airflow/.local/lib/python3.12/site-packages/airflow/example_dags/example_python_operator.py
[2026-05-23T16:55:12.282+0000] {logging_mixin.py:190} INFO - [2026-05-23T16:55:12.282+0000] {dag.py:3239} INFO - Sync 1 DAGs
[2026-05-23T16:55:12.297+0000] {logging_mixin.py:190} INFO - [2026-05-23T16:55:12.296+0000] {dag.py:4180} INFO - Setting next_dagrun for example_python_operator to None, run_after=None
[2026-05-23T16:55:12.311+0000] {processor.py:208} INFO - Processing /home/airflow/.local/lib/python3.12/site-packages/airflow/example_dags/example_python_operator.py took 0.067 seconds
[2026-05-23T16:55:43.494+0000] {processor.py:186} INFO - Started process (PID=892) to work on /home/airflow/.local/lib/python3.12/site-packages/airflow/example_dags/example_python_operator.py
[2026-05-23T16:55:43.495+0000] {processor.py:914} INFO - Processing file /home/airflow/.local/lib/python3.12/site-packages/airflow/example_dags/example_python_operator.py for tasks to queue
[2026-05-23T16:55:43.496+0000] {logging_mixin.py:190} INFO - [2026-05-23T16:55:43.496+0000] {dagbag.py:588} INFO - Filling up the DagBag from /home/airflow/.local/lib/python3.12/site-packages/airflow/example_dags/example_python_operator.py
[2026-05-23T16:55:43.506+0000] {processor.py:925} INFO - DAG(s) 'example_python_operator' retrieved from /home/airflow/.local/lib/python3.12/site-packages/airflow/example_dags/example_python_operator.py
[2026-05-23T16:55:43.525+0000] {logging_mixin.py:190} INFO - [2026-05-23T16:55:43.525+0000] {dag.py:3239} INFO - Sync 1 DAGs
[2026-05-23T16:55:43.538+0000] {logging_mixin.py:190} INFO - [2026-05-23T16:55:43.538+0000] {dag.py:4180} INFO - Setting next_dagrun for example_python_operator to None, run_after=None
[2026-05-23T16:55:43.552+0000] {processor.py:208} INFO - Processing /home/airflow/.local/lib/python3.12/site-packages/airflow/example_dags/example_python_operator.py took 0.062 seconds
[2026-05-23T16:56:14.744+0000] {processor.py:186} INFO - Started process (PID=958) to work on /home/airflow/.local/lib/python3.12/site-packages/airflow/example_dags/example_python_operator.py
[2026-05-23T16:56:14.745+0000] {processor.py:914} INFO - Processing file /home/airflow/.local/lib/python3.12/site-packages/airflow/example_dags/example_python_operator.py for tasks to queue
[2026-05-23T16:56:14.746+0000] {logging_mixin.py:190} INFO - [2026-05-23T16:56:14.746+0000] {dagbag.py:588} INFO - Filling up the DagBag from /home/airflow/.local/lib/python3.12/site-packages/airflow/example_dags/example_python_operator.py
[2026-05-23T16:56:14.755+0000] {processor.py:925} INFO - DAG(s) 'example_python_operator' retrieved from /home/airflow/.local/lib/python3.12/site-packages/airflow/example_dags/example_python_operator.py
[2026-05-23T16:56:14.772+0000] {logging_mixin.py:190} INFO - [2026-05-23T16:56:14.772+0000] {dag.py:3239} INFO - Sync 1 DAGs
[2026-05-23T16:56:14.783+0000] {logging_mixin.py:190} INFO - [2026-05-23T16:56:14.783+0000] {dag.py:4180} INFO - Setting next_dagrun for example_python_operator to None, run_after=None
[2026-05-23T16:56:14.796+0000] {processor.py:208} INFO - Processing /home/airflow/.local/lib/python3.12/site-packages/airflow/example_dags/example_python_operator.py took 0.057 seconds
[2026-05-23T16:56:45.904+0000] {processor.py:186} INFO - Started process (PID=1022) to work on /home/airflow/.local/lib/python3.12/site-packages/airflow/example_dags/example_python_operator.py
[2026-05-23T16:56:45.904+0000] {processor.py:914} INFO - Processing file /home/airflow/.local/lib/python3.12/site-packages/airflow/example_dags/example_python_operator.py for tasks to queue
[2026-05-23T16:56:45.906+0000] {logging_mixin.py:190} INFO - [2026-05-23T16:56:45.906+0000] {dagbag.py:588} INFO - Filling up the DagBag from /home/airflow/.local/lib/python3.12/site-packages/airflow/example_dags/example_python_operator.py
[2026-05-23T16:56:45.916+0000] {processor.py:925} INFO - DAG(s) 'example_python_operator' retrieved from /home/airflow/.local/lib/python3.12/site-packages/airflow/example_dags/example_python_operator.py
[2026-05-23T16:56:45.933+0000] {logging_mixin.py:190} INFO - [2026-05-23T16:56:45.932+0000] {dag.py:3239} INFO - Sync 1 DAGs
[2026-05-23T16:56:45.944+0000] {logging_mixin.py:190} INFO - [2026-05-23T16:56:45.944+0000] {dag.py:4180} INFO - Setting next_dagrun for example_python_operator to None, run_after=None
[2026-05-23T16:56:45.957+0000] {processor.py:208} INFO - Processing /home/airflow/.local/lib/python3.12/site-packages/airflow/example_dags/example_python_operator.py took 0.058 seconds
[2026-05-23T16:57:17.016+0000] {processor.py:186} INFO - Started process (PID=1087) to work on /home/airflow/.local/lib/python3.12/site-packages/airflow/example_dags/example_python_operator.py
[2026-05-23T16:57:17.016+0000] {processor.py:914} INFO - Processing file /home/airflow/.local/lib/python3.12/site-packages/airflow/example_dags/example_python_operator.py for tasks to queue
[2026-05-23T16:57:17.018+0000] {logging_mixin.py:190} INFO - [2026-05-23T16:57:17.018+0000] {dagbag.py:588} INFO - Filling up the DagBag from /home/airflow/.local/lib/python3.12/site-packages/airflow/example_dags/example_python_operator.py
[2026-05-23T16:57:17.030+0000] {processor.py:925} INFO - DAG(s) 'example_python_operator' retrieved from /home/airflow/.local/lib/python3.12/site-packages/airflow/example_dags/example_python_operator.py
[2026-05-23T16:57:17.052+0000] {logging_mixin.py:190} INFO - [2026-05-23T16:57:17.051+0000] {dag.py:3239} INFO - Sync 1 DAGs
[2026-05-23T16:57:17.065+0000] {logging_mixin.py:190} INFO - [2026-05-23T16:57:17.065+0000] {dag.py:4180} INFO - Setting next_dagrun for example_python_operator to None, run_after=None
[2026-05-23T16:57:17.080+0000] {processor.py:208} INFO - Processing /home/airflow/.local/lib/python3.12/site-packages/airflow/example_dags/example_python_operator.py took 0.070 seconds
[2026-05-23T16:57:48.385+0000] {processor.py:186} INFO - Started process (PID=1152) to work on /home/airflow/.local/lib/python3.12/site-packages/airflow/example_dags/example_python_operator.py
[2026-05-23T16:57:48.386+0000] {processor.py:914} INFO - Processing file /home/airflow/.local/lib/python3.12/site-packages/airflow/example_dags/example_python_operator.py for tasks to queue
[2026-05-23T16:57:48.387+0000] {logging_mixin.py:190} INFO - [2026-05-23T16:57:48.387+0000] {dagbag.py:588} INFO - Filling up the DagBag from /home/airflow/.local/lib/python3.12/site-packages/airflow/example_dags/example_python_operator.py
[2026-05-23T16:57:48.397+0000] {processor.py:925} INFO - DAG(s) 'example_python_operator' retrieved from /home/airflow/.local/lib/python3.12/site-packages/airflow/example_dags/example_python_operator.py
[2026-05-23T16:57:48.415+0000] {logging_mixin.py:190} INFO - [2026-05-23T16:57:48.415+0000] {dag.py:3239} INFO - Sync 1 DAGs
[2026-05-23T16:57:48.426+0000] {logging_mixin.py:190} INFO - [2026-05-23T16:57:48.426+0000] {dag.py:4180} INFO - Setting next_dagrun for example_python_operator to None, run_after=None
[2026-05-23T16:57:48.439+0000] {processor.py:208} INFO - Processing /home/airflow/.local/lib/python3.12/site-packages/airflow/example_dags/example_python_operator.py took 0.059 seconds
[2026-05-23T16:58:19.474+0000] {processor.py:186} INFO - Started process (PID=1217) to work on /home/airflow/.local/lib/python3.12/site-packages/airflow/example_dags/example_python_operator.py
[2026-05-23T16:58:19.475+0000] {processor.py:914} INFO - Processing file /home/airflow/.local/lib/python3.12/site-packages/airflow/example_dags/example_python_operator.py for tasks to queue
[2026-05-23T16:58:19.477+0000] {logging_mixin.py:190} INFO - [2026-05-23T16:58:19.476+0000] {dagbag.py:588} INFO - Filling up the DagBag from /home/airflow/.local/lib/python3.12/site-packages/airflow/example_dags/example_python_operator.py
[2026-05-23T16:58:19.486+0000] {processor.py:925} INFO - DAG(s) 'example_python_operator' retrieved from /home/airflow/.local/lib/python3.12/site-packages/airflow/example_dags/example_python_operator.py
[2026-05-23T16:58:19.509+0000] {logging_mixin.py:190} INFO - [2026-05-23T16:58:19.509+0000] {dag.py:3239} INFO - Sync 1 DAGs
[2026-05-23T16:58:19.524+0000] {logging_mixin.py:190} INFO - [2026-05-23T16:58:19.524+0000] {dag.py:4180} INFO - Setting next_dagrun for example_python_operator to None, run_after=None
[2026-05-23T16:58:19.540+0000] {processor.py:208} INFO - Processing /home/airflow/.local/lib/python3.12/site-packages/airflow/example_dags/example_python_operator.py took 0.070 seconds
[2026-05-23T16:58:50.851+0000] {processor.py:186} INFO - Started process (PID=1283) to work on /home/airflow/.local/lib/python3.12/site-packages/airflow/example_dags/example_python_operator.py
[2026-05-23T16:58:50.851+0000] {processor.py:914} INFO - Processing file /home/airflow/.local/lib/python3.12/site-packages/airflow/example_dags/example_python_operator.py for tasks to queue
[2026-05-23T16:58:50.853+0000] {logging_mixin.py:190} INFO - [2026-05-23T16:58:50.853+0000] {dagbag.py:588} INFO - Filling up the DagBag from /home/airflow/.local/lib/python3.12/site-packages/airflow/example_dags/example_python_operator.py
[2026-05-23T16:58:50.867+0000] {processor.py:925} INFO - DAG(s) 'example_python_operator' retrieved from /home/airflow/.local/lib/python3.12/site-packages/airflow/example_dags/example_python_operator.py
[2026-05-23T16:58:50.892+0000] {logging_mixin.py:190} INFO - [2026-05-23T16:58:50.891+0000] {dag.py:3239} INFO - Sync 1 DAGs
[2026-05-23T16:58:50.908+0000] {logging_mixin.py:190} INFO - [2026-05-23T16:58:50.907+0000] {dag.py:4180} INFO - Setting next_dagrun for example_python_operator to None, run_after=None
[2026-05-23T16:58:50.926+0000] {processor.py:208} INFO - Processing /home/airflow/.local/lib/python3.12/site-packages/airflow/example_dags/example_python_operator.py took 0.081 seconds
[2026-05-23T16:59:21.621+0000] {processor.py:186} INFO - Started process (PID=1348) to work on /home/airflow/.local/lib/python3.12/site-packages/airflow/example_dags/example_python_operator.py
[2026-05-23T16:59:21.622+0000] {processor.py:914} INFO - Processing file /home/airflow/.local/lib/python3.12/site-packages/airflow/example_dags/example_python_operator.py for tasks to queue
[2026-05-23T16:59:21.623+0000] {logging_mixin.py:190} INFO - [2026-05-23T16:59:21.623+0000] {dagbag.py:588} INFO - Filling up the DagBag from /home/airflow/.local/lib/python3.12/site-packages/airflow/example_dags/example_python_operator.py
[2026-05-23T16:59:21.633+0000] {processor.py:925} INFO - DAG(s) 'example_python_operator' retrieved from /home/airflow/.local/lib/python3.12/site-packages/airflow/example_dags/example_python_operator.py
[2026-05-23T16:59:21.652+0000] {logging_mixin.py:190} INFO - [2026-05-23T16:59:21.652+0000] {dag.py:3239} INFO - Sync 1 DAGs
[2026-05-23T16:59:21.664+0000] {logging_mixin.py:190} INFO - [2026-05-23T16:59:21.664+0000] {dag.py:4180} INFO - Setting next_dagrun for example_python_operator to None, run_after=None
[2026-05-23T16:59:21.678+0000] {processor.py:208} INFO - Processing /home/airflow/.local/lib/python3.12/site-packages/airflow/example_dags/example_python_operator.py took 0.062 seconds
[2026-05-23T16:59:52.210+0000] {processor.py:186} INFO - Started process (PID=1413) to work on /home/airflow/.local/lib/python3.12/site-packages/airflow/example_dags/example_python_operator.py
[2026-05-23T16:59:52.211+0000] {processor.py:914} INFO - Processing file /home/airflow/.local/lib/python3.12/site-packages/airflow/example_dags/example_python_operator.py for tasks to queue
[2026-05-23T16:59:52.212+0000] {logging_mixin.py:190} INFO - [2026-05-23T16:59:52.212+0000] {dagbag.py:588} INFO - Filling up the DagBag from /home/airflow/.local/lib/python3.12/site-packages/airflow/example_dags/example_python_operator.py
[2026-05-23T16:59:52.222+0000] {processor.py:925} INFO - DAG(s) 'example_python_operator' retrieved from /home/airflow/.local/lib/python3.12/site-packages/airflow/example_dags/example_python_operator.py
[2026-05-23T16:59:52.239+0000] {logging_mixin.py:190} INFO - [2026-05-23T16:59:52.239+0000] {dag.py:3239} INFO - Sync 1 DAGs
[2026-05-23T16:59:52.251+0000] {logging_mixin.py:190} INFO - [2026-05-23T16:59:52.251+0000] {dag.py:4180} INFO - Setting next_dagrun for example_python_operator to None, run_after=None
[2026-05-23T16:59:52.265+0000] {processor.py:208} INFO - Processing /home/airflow/.local/lib/python3.12/site-packages/airflow/example_dags/example_python_operator.py took 0.059 seconds
[2026-05-23T17:00:22.417+0000] {processor.py:186} INFO - Started process (PID=1477) to work on /home/airflow/.local/lib/python3.12/site-packages/airflow/example_dags/example_python_operator.py
[2026-05-23T17:00:22.418+0000] {processor.py:914} INFO - Processing file /home/airflow/.local/lib/python3.12/site-packages/airflow/example_dags/example_python_operator.py for tasks to queue
[2026-05-23T17:00:22.419+0000] {logging_mixin.py:190} INFO - [2026-05-23T17:00:22.419+0000] {dagbag.py:588} INFO - Filling up the DagBag from /home/airflow/.local/lib/python3.12/site-packages/airflow/example_dags/example_python_operator.py
[2026-05-23T17:00:22.429+0000] {processor.py:925} INFO - DAG(s) 'example_python_operator' retrieved from /home/airflow/.local/lib/python3.12/site-packages/airflow/example_dags/example_python_operator.py
[2026-05-23T17:00:22.447+0000] {logging_mixin.py:190} INFO - [2026-05-23T17:00:22.447+0000] {dag.py:3239} INFO - Sync 1 DAGs
[2026-05-23T17:00:22.461+0000] {logging_mixin.py:190} INFO - [2026-05-23T17:00:22.460+0000] {dag.py:4180} INFO - Setting next_dagrun for example_python_operator to None, run_after=None
[2026-05-23T17:00:22.476+0000] {processor.py:208} INFO - Processing /home/airflow/.local/lib/python3.12/site-packages/airflow/example_dags/example_python_operator.py took 0.063 seconds
[2026-05-23T17:00:53.968+0000] {processor.py:186} INFO - Started process (PID=1543) to work on /home/airflow/.local/lib/python3.12/site-packages/airflow/example_dags/example_python_operator.py
[2026-05-23T17:00:53.969+0000] {processor.py:914} INFO - Processing file /home/airflow/.local/lib/python3.12/site-packages/airflow/example_dags/example_python_operator.py for tasks to queue
[2026-05-23T17:00:53.971+0000] {logging_mixin.py:190} INFO - [2026-05-23T17:00:53.970+0000] {dagbag.py:588} INFO - Filling up the DagBag from /home/airflow/.local/lib/python3.12/site-packages/airflow/example_dags/example_python_operator.py
[2026-05-23T17:00:53.981+0000] {processor.py:925} INFO - DAG(s) 'example_python_operator' retrieved from /home/airflow/.local/lib/python3.12/site-packages/airflow/example_dags/example_python_operator.py
[2026-05-23T17:00:53.998+0000] {logging_mixin.py:190} INFO - [2026-05-23T17:00:53.997+0000] {dag.py:3239} INFO - Sync 1 DAGs
[2026-05-23T17:00:54.009+0000] {logging_mixin.py:190} INFO - [2026-05-23T17:00:54.009+0000] {dag.py:4180} INFO - Setting next_dagrun for example_python_operator to None, run_after=None
[2026-05-23T17:00:54.023+0000] {processor.py:208} INFO - Processing /home/airflow/.local/lib/python3.12/site-packages/airflow/example_dags/example_python_operator.py took 0.060 seconds
[2026-05-23T17:01:25.044+0000] {processor.py:186} INFO - Started process (PID=1608) to work on /home/airflow/.local/lib/python3.12/site-packages/airflow/example_dags/example_python_operator.py
[2026-05-23T17:01:25.045+0000] {processor.py:914} INFO - Processing file /home/airflow/.local/lib/python3.12/site-packages/airflow/example_dags/example_python_operator.py for tasks to queue
[2026-05-23T17:01:25.047+0000] {logging_mixin.py:190} INFO - [2026-05-23T17:01:25.046+0000] {dagbag.py:588} INFO - Filling up the DagBag from /home/airflow/.local/lib/python3.12/site-packages/airflow/example_dags/example_python_operator.py
[2026-05-23T17:01:25.058+0000] {processor.py:925} INFO - DAG(s) 'example_python_operator' retrieved from /home/airflow/.local/lib/python3.12/site-packages/airflow/example_dags/example_python_operator.py
[2026-05-23T17:01:25.076+0000] {logging_mixin.py:190} INFO - [2026-05-23T17:01:25.076+0000] {dag.py:3239} INFO - Sync 1 DAGs
[2026-05-23T17:01:25.087+0000] {logging_mixin.py:190} INFO - [2026-05-23T17:01:25.087+0000] {dag.py:4180} INFO - Setting next_dagrun for example_python_operator to None, run_after=None
[2026-05-23T17:01:25.101+0000] {processor.py:208} INFO - Processing /home/airflow/.local/lib/python3.12/site-packages/airflow/example_dags/example_python_operator.py took 0.061 seconds
[2026-05-23T17:01:56.410+0000] {processor.py:186} INFO - Started process (PID=1673) to work on /home/airflow/.local/lib/python3.12/site-packages/airflow/example_dags/example_python_operator.py
[2026-05-23T17:01:56.411+0000] {processor.py:914} INFO - Processing file /home/airflow/.local/lib/python3.12/site-packages/airflow/example_dags/example_python_operator.py for tasks to queue
[2026-05-23T17:01:56.412+0000] {logging_mixin.py:190} INFO - [2026-05-23T17:01:56.412+0000] {dagbag.py:588} INFO - Filling up the DagBag from /home/airflow/.local/lib/python3.12/site-packages/airflow/example_dags/example_python_operator.py
[2026-05-23T17:01:56.422+0000] {processor.py:925} INFO - DAG(s) 'example_python_operator' retrieved from /home/airflow/.local/lib/python3.12/site-packages/airflow/example_dags/example_python_operator.py
[2026-05-23T17:01:56.439+0000] {logging_mixin.py:190} INFO - [2026-05-23T17:01:56.439+0000] {dag.py:3239} INFO - Sync 1 DAGs
[2026-05-23T17:01:56.450+0000] {logging_mixin.py:190} INFO - [2026-05-23T17:01:56.450+0000] {dag.py:4180} INFO - Setting next_dagrun for example_python_operator to None, run_after=None
[2026-05-23T17:01:56.463+0000] {processor.py:208} INFO - Processing /home/airflow/.local/lib/python3.12/site-packages/airflow/example_dags/example_python_operator.py took 0.057 seconds
[2026-05-23T17:02:27.106+0000] {processor.py:186} INFO - Started process (PID=1738) to work on /home/airflow/.local/lib/python3.12/site-packages/airflow/example_dags/example_python_operator.py
[2026-05-23T17:02:27.107+0000] {processor.py:914} INFO - Processing file /home/airflow/.local/lib/python3.12/site-packages/airflow/example_dags/example_python_operator.py for tasks to queue
[2026-05-23T17:02:27.109+0000] {logging_mixin.py:190} INFO - [2026-05-23T17:02:27.108+0000] {dagbag.py:588} INFO - Filling up the DagBag from /home/airflow/.local/lib/python3.12/site-packages/airflow/example_dags/example_python_operator.py
[2026-05-23T17:02:27.118+0000] {processor.py:925} INFO - DAG(s) 'example_python_operator' retrieved from /home/airflow/.local/lib/python3.12/site-packages/airflow/example_dags/example_python_operator.py
[2026-05-23T17:02:27.138+0000] {logging_mixin.py:190} INFO - [2026-05-23T17:02:27.138+0000] {dag.py:3239} INFO - Sync 1 DAGs
[2026-05-23T17:02:27.150+0000] {logging_mixin.py:190} INFO - [2026-05-23T17:02:27.150+0000] {dag.py:4180} INFO - Setting next_dagrun for example_python_operator to None, run_after=None
[2026-05-23T17:02:27.164+0000] {processor.py:208} INFO - Processing /home/airflow/.local/lib/python3.12/site-packages/airflow/example_dags/example_python_operator.py took 0.062 seconds
[2026-05-23T17:02:57.863+0000] {processor.py:186} INFO - Started process (PID=1803) to work on /home/airflow/.local/lib/python3.12/site-packages/airflow/example_dags/example_python_operator.py
[2026-05-23T17:02:57.864+0000] {processor.py:914} INFO - Processing file /home/airflow/.local/lib/python3.12/site-packages/airflow/example_dags/example_python_operator.py for tasks to queue
[2026-05-23T17:02:57.865+0000] {logging_mixin.py:190} INFO - [2026-05-23T17:02:57.865+0000] {dagbag.py:588} INFO - Filling up the DagBag from /home/airflow/.local/lib/python3.12/site-packages/airflow/example_dags/example_python_operator.py
[2026-05-23T17:02:57.875+0000] {processor.py:925} INFO - DAG(s) 'example_python_operator' retrieved from /home/airflow/.local/lib/python3.12/site-packages/airflow/example_dags/example_python_operator.py
[2026-05-23T17:02:57.895+0000] {logging_mixin.py:190} INFO - [2026-05-23T17:02:57.895+0000] {dag.py:3239} INFO - Sync 1 DAGs
[2026-05-23T17:02:57.908+0000] {logging_mixin.py:190} INFO - [2026-05-23T17:02:57.908+0000] {dag.py:4180} INFO - Setting next_dagrun for example_python_operator to None, run_after=None
[2026-05-23T17:02:57.924+0000] {processor.py:208} INFO - Processing /home/airflow/.local/lib/python3.12/site-packages/airflow/example_dags/example_python_operator.py took 0.066 seconds
[2026-05-23T17:03:29.114+0000] {processor.py:186} INFO - Started process (PID=1875) to work on /home/airflow/.local/lib/python3.12/site-packages/airflow/example_dags/example_python_operator.py
[2026-05-23T17:03:29.115+0000] {processor.py:914} INFO - Processing file /home/airflow/.local/lib/python3.12/site-packages/airflow/example_dags/example_python_operator.py for tasks to queue
[2026-05-23T17:03:29.117+0000] {logging_mixin.py:190} INFO - [2026-05-23T17:03:29.117+0000] {dagbag.py:588} INFO - Filling up the DagBag from /home/airflow/.local/lib/python3.12/site-packages/airflow/example_dags/example_python_operator.py
[2026-05-23T17:03:29.129+0000] {processor.py:925} INFO - DAG(s) 'example_python_operator' retrieved from /home/airflow/.local/lib/python3.12/site-packages/airflow/example_dags/example_python_operator.py
[2026-05-23T17:03:29.146+0000] {logging_mixin.py:190} INFO - [2026-05-23T17:03:29.146+0000] {dag.py:3239} INFO - Sync 1 DAGs
[2026-05-23T17:03:29.158+0000] {logging_mixin.py:190} INFO - [2026-05-23T17:03:29.157+0000] {dag.py:4180} INFO - Setting next_dagrun for example_python_operator to None, run_after=None
[2026-05-23T17:03:29.174+0000] {processor.py:208} INFO - Processing /home/airflow/.local/lib/python3.12/site-packages/airflow/example_dags/example_python_operator.py took 0.067 seconds
[2026-05-23T17:04:00.540+0000] {processor.py:186} INFO - Started process (PID=1940) to work on /home/airflow/.local/lib/python3.12/site-packages/airflow/example_dags/example_python_operator.py
[2026-05-23T17:04:00.541+0000] {processor.py:914} INFO - Processing file /home/airflow/.local/lib/python3.12/site-packages/airflow/example_dags/example_python_operator.py for tasks to queue
[2026-05-23T17:04:00.543+0000] {logging_mixin.py:190} INFO - [2026-05-23T17:04:00.543+0000] {dagbag.py:588} INFO - Filling up the DagBag from /home/airflow/.local/lib/python3.12/site-packages/airflow/example_dags/example_python_operator.py
[2026-05-23T17:04:00.557+0000] {processor.py:925} INFO - DAG(s) 'example_python_operator' retrieved from /home/airflow/.local/lib/python3.12/site-packages/airflow/example_dags/example_python_operator.py
[2026-05-23T17:04:00.583+0000] {logging_mixin.py:190} INFO - [2026-05-23T17:04:00.582+0000] {dag.py:3239} INFO - Sync 1 DAGs
[2026-05-23T17:04:00.598+0000] {logging_mixin.py:190} INFO - [2026-05-23T17:04:00.598+0000] {dag.py:4180} INFO - Setting next_dagrun for example_python_operator to None, run_after=None
[2026-05-23T17:04:00.613+0000] {processor.py:208} INFO - Processing /home/airflow/.local/lib/python3.12/site-packages/airflow/example_dags/example_python_operator.py took 0.079 seconds
[2026-05-23T17:04:31.797+0000] {processor.py:186} INFO - Started process (PID=2005) to work on /home/airflow/.local/lib/python3.12/site-packages/airflow/example_dags/example_python_operator.py
[2026-05-23T17:04:31.798+0000] {processor.py:914} INFO - Processing file /home/airflow/.local/lib/python3.12/site-packages/airflow/example_dags/example_python_operator.py for tasks to queue
[2026-05-23T17:04:31.801+0000] {logging_mixin.py:190} INFO - [2026-05-23T17:04:31.800+0000] {dagbag.py:588} INFO - Filling up the DagBag from /home/airflow/.local/lib/python3.12/site-packages/airflow/example_dags/example_python_operator.py
[2026-05-23T17:04:31.815+0000] {processor.py:925} INFO - DAG(s) 'example_python_operator' retrieved from /home/airflow/.local/lib/python3.12/site-packages/airflow/example_dags/example_python_operator.py
[2026-05-23T17:04:31.835+0000] {logging_mixin.py:190} INFO - [2026-05-23T17:04:31.835+0000] {dag.py:3239} INFO - Sync 1 DAGs
[2026-05-23T17:04:31.848+0000] {logging_mixin.py:190} INFO - [2026-05-23T17:04:31.847+0000] {dag.py:4180} INFO - Setting next_dagrun for example_python_operator to None, run_after=None
[2026-05-23T17:04:31.860+0000] {processor.py:208} INFO - Processing /home/airflow/.local/lib/python3.12/site-packages/airflow/example_dags/example_python_operator.py took 0.069 seconds
[2026-05-23T17:05:03.235+0000] {processor.py:186} INFO - Started process (PID=2071) to work on /home/airflow/.local/lib/python3.12/site-packages/airflow/example_dags/example_python_operator.py
[2026-05-23T17:05:03.236+0000] {processor.py:914} INFO - Processing file /home/airflow/.local/lib/python3.12/site-packages/airflow/example_dags/example_python_operator.py for tasks to queue
[2026-05-23T17:05:03.238+0000] {logging_mixin.py:190} INFO - [2026-05-23T17:05:03.237+0000] {dagbag.py:588} INFO - Filling up the DagBag from /home/airflow/.local/lib/python3.12/site-packages/airflow/example_dags/example_python_operator.py
[2026-05-23T17:05:03.248+0000] {processor.py:925} INFO - DAG(s) 'example_python_operator' retrieved from /home/airflow/.local/lib/python3.12/site-packages/airflow/example_dags/example_python_operator.py
[2026-05-23T17:05:03.269+0000] {logging_mixin.py:190} INFO - [2026-05-23T17:05:03.269+0000] {dag.py:3239} INFO - Sync 1 DAGs
[2026-05-23T17:05:03.281+0000] {logging_mixin.py:190} INFO - [2026-05-23T17:05:03.281+0000] {dag.py:4180} INFO - Setting next_dagrun for example_python_operator to None, run_after=None
[2026-05-23T17:05:03.296+0000] {processor.py:208} INFO - Processing /home/airflow/.local/lib/python3.12/site-packages/airflow/example_dags/example_python_operator.py took 0.066 seconds
[2026-05-23T17:05:34.547+0000] {processor.py:186} INFO - Started process (PID=2136) to work on /home/airflow/.local/lib/python3.12/site-packages/airflow/example_dags/example_python_operator.py
[2026-05-23T17:05:34.547+0000] {processor.py:914} INFO - Processing file /home/airflow/.local/lib/python3.12/site-packages/airflow/example_dags/example_python_operator.py for tasks to queue
[2026-05-23T17:05:34.549+0000] {logging_mixin.py:190} INFO - [2026-05-23T17:05:34.549+0000] {dagbag.py:588} INFO - Filling up the DagBag from /home/airflow/.local/lib/python3.12/site-packages/airflow/example_dags/example_python_operator.py
[2026-05-23T17:05:34.561+0000] {processor.py:925} INFO - DAG(s) 'example_python_operator' retrieved from /home/airflow/.local/lib/python3.12/site-packages/airflow/example_dags/example_python_operator.py
[2026-05-23T17:05:34.578+0000] {logging_mixin.py:190} INFO - [2026-05-23T17:05:34.578+0000] {dag.py:3239} INFO - Sync 1 DAGs
[2026-05-23T17:05:34.593+0000] {logging_mixin.py:190} INFO - [2026-05-23T17:05:34.593+0000] {dag.py:4180} INFO - Setting next_dagrun for example_python_operator to None, run_after=None
[2026-05-23T17:05:34.609+0000] {processor.py:208} INFO - Processing /home/airflow/.local/lib/python3.12/site-packages/airflow/example_dags/example_python_operator.py took 0.067 seconds
[2026-05-23T17:06:05.616+0000] {processor.py:186} INFO - Started process (PID=2201) to work on /home/airflow/.local/lib/python3.12/site-packages/airflow/example_dags/example_python_operator.py
[2026-05-23T17:06:05.617+0000] {processor.py:914} INFO - Processing file /home/airflow/.local/lib/python3.12/site-packages/airflow/example_dags/example_python_operator.py for tasks to queue
[2026-05-23T17:06:05.618+0000] {logging_mixin.py:190} INFO - [2026-05-23T17:06:05.618+0000] {dagbag.py:588} INFO - Filling up the DagBag from /home/airflow/.local/lib/python3.12/site-packages/airflow/example_dags/example_python_operator.py
[2026-05-23T17:06:05.627+0000] {processor.py:925} INFO - DAG(s) 'example_python_operator' retrieved from /home/airflow/.local/lib/python3.12/site-packages/airflow/example_dags/example_python_operator.py
[2026-05-23T17:06:05.645+0000] {logging_mixin.py:190} INFO - [2026-05-23T17:06:05.645+0000] {dag.py:3239} INFO - Sync 1 DAGs
[2026-05-23T17:06:05.656+0000] {logging_mixin.py:190} INFO - [2026-05-23T17:06:05.656+0000] {dag.py:4180} INFO - Setting next_dagrun for example_python_operator to None, run_after=None
[2026-05-23T17:06:05.670+0000] {processor.py:208} INFO - Processing /home/airflow/.local/lib/python3.12/site-packages/airflow/example_dags/example_python_operator.py took 0.059 seconds
[2026-05-23T17:06:36.722+0000] {processor.py:186} INFO - Started process (PID=2266) to work on /home/airflow/.local/lib/python3.12/site-packages/airflow/example_dags/example_python_operator.py
[2026-05-23T17:06:36.722+0000] {processor.py:914} INFO - Processing file /home/airflow/.local/lib/python3.12/site-packages/airflow/example_dags/example_python_operator.py for tasks to queue
[2026-05-23T17:06:36.725+0000] {logging_mixin.py:190} INFO - [2026-05-23T17:06:36.724+0000] {dagbag.py:588} INFO - Filling up the DagBag from /home/airflow/.local/lib/python3.12/site-packages/airflow/example_dags/example_python_operator.py
[2026-05-23T17:06:36.736+0000] {processor.py:925} INFO - DAG(s) 'example_python_operator' retrieved from /home/airflow/.local/lib/python3.12/site-packages/airflow/example_dags/example_python_operator.py
[2026-05-23T17:06:36.754+0000] {logging_mixin.py:190} INFO - [2026-05-23T17:06:36.753+0000] {dag.py:3239} INFO - Sync 1 DAGs
[2026-05-23T17:06:36.766+0000] {logging_mixin.py:190} INFO - [2026-05-23T17:06:36.766+0000] {dag.py:4180} INFO - Setting next_dagrun for example_python_operator to None, run_after=None
[2026-05-23T17:06:36.779+0000] {processor.py:208} INFO - Processing /home/airflow/.local/lib/python3.12/site-packages/airflow/example_dags/example_python_operator.py took 0.063 seconds
[2026-05-23T17:07:07.995+0000] {processor.py:186} INFO - Started process (PID=2331) to work on /home/airflow/.local/lib/python3.12/site-packages/airflow/example_dags/example_python_operator.py
[2026-05-23T17:07:07.995+0000] {processor.py:914} INFO - Processing file /home/airflow/.local/lib/python3.12/site-packages/airflow/example_dags/example_python_operator.py for tasks to queue
[2026-05-23T17:07:07.997+0000] {logging_mixin.py:190} INFO - [2026-05-23T17:07:07.997+0000] {dagbag.py:588} INFO - Filling up the DagBag from /home/airflow/.local/lib/python3.12/site-packages/airflow/example_dags/example_python_operator.py
[2026-05-23T17:07:08.006+0000] {processor.py:925} INFO - DAG(s) 'example_python_operator' retrieved from /home/airflow/.local/lib/python3.12/site-packages/airflow/example_dags/example_python_operator.py
[2026-05-23T17:07:08.024+0000] {logging_mixin.py:190} INFO - [2026-05-23T17:07:08.023+0000] {dag.py:3239} INFO - Sync 1 DAGs
[2026-05-23T17:07:08.034+0000] {logging_mixin.py:190} INFO - [2026-05-23T17:07:08.034+0000] {dag.py:4180} INFO - Setting next_dagrun for example_python_operator to None, run_after=None
[2026-05-23T17:07:08.048+0000] {processor.py:208} INFO - Processing /home/airflow/.local/lib/python3.12/site-packages/airflow/example_dags/example_python_operator.py took 0.057 seconds
[2026-05-23T17:07:38.734+0000] {processor.py:186} INFO - Started process (PID=2396) to work on /home/airflow/.local/lib/python3.12/site-packages/airflow/example_dags/example_python_operator.py
[2026-05-23T17:07:38.735+0000] {processor.py:914} INFO - Processing file /home/airflow/.local/lib/python3.12/site-packages/airflow/example_dags/example_python_operator.py for tasks to queue
[2026-05-23T17:07:38.736+0000] {logging_mixin.py:190} INFO - [2026-05-23T17:07:38.736+0000] {dagbag.py:588} INFO - Filling up the DagBag from /home/airflow/.local/lib/python3.12/site-packages/airflow/example_dags/example_python_operator.py
[2026-05-23T17:07:38.746+0000] {processor.py:925} INFO - DAG(s) 'example_python_operator' retrieved from /home/airflow/.local/lib/python3.12/site-packages/airflow/example_dags/example_python_operator.py
[2026-05-23T17:07:38.764+0000] {logging_mixin.py:190} INFO - [2026-05-23T17:07:38.764+0000] {dag.py:3239} INFO - Sync 1 DAGs
[2026-05-23T17:07:38.776+0000] {logging_mixin.py:190} INFO - [2026-05-23T17:07:38.776+0000] {dag.py:4180} INFO - Setting next_dagrun for example_python_operator to None, run_after=None
[2026-05-23T17:07:38.789+0000] {processor.py:208} INFO - Processing /home/airflow/.local/lib/python3.12/site-packages/airflow/example_dags/example_python_operator.py took 0.060 seconds
[2026-05-23T17:08:09.821+0000] {processor.py:186} INFO - Started process (PID=2461) to work on /home/airflow/.local/lib/python3.12/site-packages/airflow/example_dags/example_python_operator.py
[2026-05-23T17:08:09.821+0000] {processor.py:914} INFO - Processing file /home/airflow/.local/lib/python3.12/site-packages/airflow/example_dags/example_python_operator.py for tasks to queue
[2026-05-23T17:08:09.823+0000] {logging_mixin.py:190} INFO - [2026-05-23T17:08:09.823+0000] {dagbag.py:588} INFO - Filling up the DagBag from /home/airflow/.local/lib/python3.12/site-packages/airflow/example_dags/example_python_operator.py
[2026-05-23T17:08:09.832+0000] {processor.py:925} INFO - DAG(s) 'example_python_operator' retrieved from /home/airflow/.local/lib/python3.12/site-packages/airflow/example_dags/example_python_operator.py
[2026-05-23T17:08:09.851+0000] {logging_mixin.py:190} INFO - [2026-05-23T17:08:09.851+0000] {dag.py:3239} INFO - Sync 1 DAGs
[2026-05-23T17:08:09.862+0000] {logging_mixin.py:190} INFO - [2026-05-23T17:08:09.862+0000] {dag.py:4180} INFO - Setting next_dagrun for example_python_operator to None, run_after=None
[2026-05-23T17:08:09.876+0000] {processor.py:208} INFO - Processing /home/airflow/.local/lib/python3.12/site-packages/airflow/example_dags/example_python_operator.py took 0.060 seconds
[2026-05-23T17:08:40.721+0000] {processor.py:186} INFO - Started process (PID=2526) to work on /home/airflow/.local/lib/python3.12/site-packages/airflow/example_dags/example_python_operator.py
[2026-05-23T17:08:40.722+0000] {processor.py:914} INFO - Processing file /home/airflow/.local/lib/python3.12/site-packages/airflow/example_dags/example_python_operator.py for tasks to queue
[2026-05-23T17:08:40.723+0000] {logging_mixin.py:190} INFO - [2026-05-23T17:08:40.723+0000] {dagbag.py:588} INFO - Filling up the DagBag from /home/airflow/.local/lib/python3.12/site-packages/airflow/example_dags/example_python_operator.py
[2026-05-23T17:08:40.734+0000] {processor.py:925} INFO - DAG(s) 'example_python_operator' retrieved from /home/airflow/.local/lib/python3.12/site-packages/airflow/example_dags/example_python_operator.py
[2026-05-23T17:08:40.753+0000] {logging_mixin.py:190} INFO - [2026-05-23T17:08:40.753+0000] {dag.py:3239} INFO - Sync 1 DAGs
[2026-05-23T17:08:40.767+0000] {logging_mixin.py:190} INFO - [2026-05-23T17:08:40.767+0000] {dag.py:4180} INFO - Setting next_dagrun for example_python_operator to None, run_after=None
[2026-05-23T17:08:40.781+0000] {processor.py:208} INFO - Processing /home/airflow/.local/lib/python3.12/site-packages/airflow/example_dags/example_python_operator.py took 0.064 seconds
[2026-05-23T17:09:12.359+0000] {processor.py:186} INFO - Started process (PID=2591) to work on /home/airflow/.local/lib/python3.12/site-packages/airflow/example_dags/example_python_operator.py
[2026-05-23T17:09:12.359+0000] {processor.py:914} INFO - Processing file /home/airflow/.local/lib/python3.12/site-packages/airflow/example_dags/example_python_operator.py for tasks to queue
[2026-05-23T17:09:12.361+0000] {logging_mixin.py:190} INFO - [2026-05-23T17:09:12.361+0000] {dagbag.py:588} INFO - Filling up the DagBag from /home/airflow/.local/lib/python3.12/site-packages/airflow/example_dags/example_python_operator.py
[2026-05-23T17:09:12.371+0000] {processor.py:925} INFO - DAG(s) 'example_python_operator' retrieved from /home/airflow/.local/lib/python3.12/site-packages/airflow/example_dags/example_python_operator.py
[2026-05-23T17:09:12.387+0000] {logging_mixin.py:190} INFO - [2026-05-23T17:09:12.387+0000] {dag.py:3239} INFO - Sync 1 DAGs
[2026-05-23T17:09:12.399+0000] {logging_mixin.py:190} INFO - [2026-05-23T17:09:12.398+0000] {dag.py:4180} INFO - Setting next_dagrun for example_python_operator to None, run_after=None
[2026-05-23T17:09:12.412+0000] {processor.py:208} INFO - Processing /home/airflow/.local/lib/python3.12/site-packages/airflow/example_dags/example_python_operator.py took 0.058 seconds
[2026-05-23T17:09:44.374+0000] {processor.py:186} INFO - Started process (PID=2656) to work on /home/airflow/.local/lib/python3.12/site-packages/airflow/example_dags/example_python_operator.py
[2026-05-23T17:09:44.375+0000] {processor.py:914} INFO - Processing file /home/airflow/.local/lib/python3.12/site-packages/airflow/example_dags/example_python_operator.py for tasks to queue
[2026-05-23T17:09:44.377+0000] {logging_mixin.py:190} INFO - [2026-05-23T17:09:44.376+0000] {dagbag.py:588} INFO - Filling up the DagBag from /home/airflow/.local/lib/python3.12/site-packages/airflow/example_dags/example_python_operator.py
[2026-05-23T17:09:44.390+0000] {processor.py:925} INFO - DAG(s) 'example_python_operator' retrieved from /home/airflow/.local/lib/python3.12/site-packages/airflow/example_dags/example_python_operator.py
[2026-05-23T17:09:44.414+0000] {logging_mixin.py:190} INFO - [2026-05-23T17:09:44.414+0000] {dag.py:3239} INFO - Sync 1 DAGs
[2026-05-23T17:09:44.431+0000] {logging_mixin.py:190} INFO - [2026-05-23T17:09:44.430+0000] {dag.py:4180} INFO - Setting next_dagrun for example_python_operator to None, run_after=None
[2026-05-23T17:09:44.457+0000] {processor.py:208} INFO - Processing /home/airflow/.local/lib/python3.12/site-packages/airflow/example_dags/example_python_operator.py took 0.088 seconds
[2026-05-23T17:10:15.109+0000] {processor.py:186} INFO - Started process (PID=2721) to work on /home/airflow/.local/lib/python3.12/site-packages/airflow/example_dags/example_python_operator.py
[2026-05-23T17:10:15.109+0000] {processor.py:914} INFO - Processing file /home/airflow/.local/lib/python3.12/site-packages/airflow/example_dags/example_python_operator.py for tasks to queue
[2026-05-23T17:10:15.111+0000] {logging_mixin.py:190} INFO - [2026-05-23T17:10:15.111+0000] {dagbag.py:588} INFO - Filling up the DagBag from /home/airflow/.local/lib/python3.12/site-packages/airflow/example_dags/example_python_operator.py
[2026-05-23T17:10:15.124+0000] {processor.py:925} INFO - DAG(s) 'example_python_operator' retrieved from /home/airflow/.local/lib/python3.12/site-packages/airflow/example_dags/example_python_operator.py
[2026-05-23T17:10:15.142+0000] {logging_mixin.py:190} INFO - [2026-05-23T17:10:15.141+0000] {dag.py:3239} INFO - Sync 1 DAGs
[2026-05-23T17:10:15.155+0000] {logging_mixin.py:190} INFO - [2026-05-23T17:10:15.155+0000] {dag.py:4180} INFO - Setting next_dagrun for example_python_operator to None, run_after=None
[2026-05-23T17:10:15.169+0000] {processor.py:208} INFO - Processing /home/airflow/.local/lib/python3.12/site-packages/airflow/example_dags/example_python_operator.py took 0.067 seconds
[2026-05-23T17:10:45.851+0000] {processor.py:186} INFO - Started process (PID=2786) to work on /home/airflow/.local/lib/python3.12/site-packages/airflow/example_dags/example_python_operator.py
[2026-05-23T17:10:45.851+0000] {processor.py:914} INFO - Processing file /home/airflow/.local/lib/python3.12/site-packages/airflow/example_dags/example_python_operator.py for tasks to queue
[2026-05-23T17:10:45.853+0000] {logging_mixin.py:190} INFO - [2026-05-23T17:10:45.853+0000] {dagbag.py:588} INFO - Filling up the DagBag from /home/airflow/.local/lib/python3.12/site-packages/airflow/example_dags/example_python_operator.py
[2026-05-23T17:10:45.863+0000] {processor.py:925} INFO - DAG(s) 'example_python_operator' retrieved from /home/airflow/.local/lib/python3.12/site-packages/airflow/example_dags/example_python_operator.py
[2026-05-23T17:10:45.880+0000] {logging_mixin.py:190} INFO - [2026-05-23T17:10:45.880+0000] {dag.py:3239} INFO - Sync 1 DAGs
[2026-05-23T17:10:45.891+0000] {logging_mixin.py:190} INFO - [2026-05-23T17:10:45.891+0000] {dag.py:4180} INFO - Setting next_dagrun for example_python_operator to None, run_after=None
[2026-05-23T17:10:45.907+0000] {processor.py:208} INFO - Processing /home/airflow/.local/lib/python3.12/site-packages/airflow/example_dags/example_python_operator.py took 0.061 seconds
[2026-05-23T17:11:17.047+0000] {processor.py:186} INFO - Started process (PID=2851) to work on /home/airflow/.local/lib/python3.12/site-packages/airflow/example_dags/example_python_operator.py
[2026-05-23T17:11:17.048+0000] {processor.py:914} INFO - Processing file /home/airflow/.local/lib/python3.12/site-packages/airflow/example_dags/example_python_operator.py for tasks to queue
[2026-05-23T17:11:17.050+0000] {logging_mixin.py:190} INFO - [2026-05-23T17:11:17.049+0000] {dagbag.py:588} INFO - Filling up the DagBag from /home/airflow/.local/lib/python3.12/site-packages/airflow/example_dags/example_python_operator.py
[2026-05-23T17:11:17.059+0000] {processor.py:925} INFO - DAG(s) 'example_python_operator' retrieved from /home/airflow/.local/lib/python3.12/site-packages/airflow/example_dags/example_python_operator.py
[2026-05-23T17:11:17.077+0000] {logging_mixin.py:190} INFO - [2026-05-23T17:11:17.076+0000] {dag.py:3239} INFO - Sync 1 DAGs
[2026-05-23T17:11:17.088+0000] {logging_mixin.py:190} INFO - [2026-05-23T17:11:17.088+0000] {dag.py:4180} INFO - Setting next_dagrun for example_python_operator to None, run_after=None
[2026-05-23T17:11:17.102+0000] {processor.py:208} INFO - Processing /home/airflow/.local/lib/python3.12/site-packages/airflow/example_dags/example_python_operator.py took 0.059 seconds
[2026-05-23T17:11:48.294+0000] {processor.py:186} INFO - Started process (PID=2916) to work on /home/airflow/.local/lib/python3.12/site-packages/airflow/example_dags/example_python_operator.py
[2026-05-23T17:11:48.295+0000] {processor.py:914} INFO - Processing file /home/airflow/.local/lib/python3.12/site-packages/airflow/example_dags/example_python_operator.py for tasks to queue
[2026-05-23T17:11:48.296+0000] {logging_mixin.py:190} INFO - [2026-05-23T17:11:48.296+0000] {dagbag.py:588} INFO - Filling up the DagBag from /home/airflow/.local/lib/python3.12/site-packages/airflow/example_dags/example_python_operator.py
[2026-05-23T17:11:48.306+0000] {processor.py:925} INFO - DAG(s) 'example_python_operator' retrieved from /home/airflow/.local/lib/python3.12/site-packages/airflow/example_dags/example_python_operator.py
[2026-05-23T17:11:48.323+0000] {logging_mixin.py:190} INFO - [2026-05-23T17:11:48.323+0000] {dag.py:3239} INFO - Sync 1 DAGs
[2026-05-23T17:11:48.336+0000] {logging_mixin.py:190} INFO - [2026-05-23T17:11:48.335+0000] {dag.py:4180} INFO - Setting next_dagrun for example_python_operator to None, run_after=None
[2026-05-23T17:11:48.350+0000] {processor.py:208} INFO - Processing /home/airflow/.local/lib/python3.12/site-packages/airflow/example_dags/example_python_operator.py took 0.060 seconds
[2026-05-23T17:12:19.764+0000] {processor.py:186} INFO - Started process (PID=2981) to work on /home/airflow/.local/lib/python3.12/site-packages/airflow/example_dags/example_python_operator.py
[2026-05-23T17:12:19.765+0000] {processor.py:914} INFO - Processing file /home/airflow/.local/lib/python3.12/site-packages/airflow/example_dags/example_python_operator.py for tasks to queue
[2026-05-23T17:12:19.766+0000] {logging_mixin.py:190} INFO - [2026-05-23T17:12:19.766+0000] {dagbag.py:588} INFO - Filling up the DagBag from /home/airflow/.local/lib/python3.12/site-packages/airflow/example_dags/example_python_operator.py
[2026-05-23T17:12:19.776+0000] {processor.py:925} INFO - DAG(s) 'example_python_operator' retrieved from /home/airflow/.local/lib/python3.12/site-packages/airflow/example_dags/example_python_operator.py
[2026-05-23T17:12:19.793+0000] {logging_mixin.py:190} INFO - [2026-05-23T17:12:19.792+0000] {dag.py:3239} INFO - Sync 1 DAGs
[2026-05-23T17:12:19.804+0000] {logging_mixin.py:190} INFO - [2026-05-23T17:12:19.804+0000] {dag.py:4180} INFO - Setting next_dagrun for example_python_operator to None, run_after=None
[2026-05-23T17:12:19.817+0000] {processor.py:208} INFO - Processing /home/airflow/.local/lib/python3.12/site-packages/airflow/example_dags/example_python_operator.py took 0.057 seconds
[2026-05-23T17:12:50.961+0000] {processor.py:186} INFO - Started process (PID=3046) to work on /home/airflow/.local/lib/python3.12/site-packages/airflow/example_dags/example_python_operator.py
[2026-05-23T17:12:50.962+0000] {processor.py:914} INFO - Processing file /home/airflow/.local/lib/python3.12/site-packages/airflow/example_dags/example_python_operator.py for tasks to queue
[2026-05-23T17:12:50.963+0000] {logging_mixin.py:190} INFO - [2026-05-23T17:12:50.963+0000] {dagbag.py:588} INFO - Filling up the DagBag from /home/airflow/.local/lib/python3.12/site-packages/airflow/example_dags/example_python_operator.py
[2026-05-23T17:12:50.975+0000] {processor.py:925} INFO - DAG(s) 'example_python_operator' retrieved from /home/airflow/.local/lib/python3.12/site-packages/airflow/example_dags/example_python_operator.py
[2026-05-23T17:12:50.992+0000] {logging_mixin.py:190} INFO - [2026-05-23T17:12:50.992+0000] {dag.py:3239} INFO - Sync 1 DAGs
[2026-05-23T17:12:51.003+0000] {logging_mixin.py:190} INFO - [2026-05-23T17:12:51.003+0000] {dag.py:4180} INFO - Setting next_dagrun for example_python_operator to None, run_after=None
[2026-05-23T17:12:51.016+0000] {processor.py:208} INFO - Processing /home/airflow/.local/lib/python3.12/site-packages/airflow/example_dags/example_python_operator.py took 0.059 seconds
[2026-05-23T17:13:22.277+0000] {processor.py:186} INFO - Started process (PID=3111) to work on /home/airflow/.local/lib/python3.12/site-packages/airflow/example_dags/example_python_operator.py
[2026-05-23T17:13:22.278+0000] {processor.py:914} INFO - Processing file /home/airflow/.local/lib/python3.12/site-packages/airflow/example_dags/example_python_operator.py for tasks to queue
[2026-05-23T17:13:22.279+0000] {logging_mixin.py:190} INFO - [2026-05-23T17:13:22.279+0000] {dagbag.py:588} INFO - Filling up the DagBag from /home/airflow/.local/lib/python3.12/site-packages/airflow/example_dags/example_python_operator.py
[2026-05-23T17:13:22.292+0000] {processor.py:925} INFO - DAG(s) 'example_python_operator' retrieved from /home/airflow/.local/lib/python3.12/site-packages/airflow/example_dags/example_python_operator.py
[2026-05-23T17:13:22.312+0000] {logging_mixin.py:190} INFO - [2026-05-23T17:13:22.312+0000] {dag.py:3239} INFO - Sync 1 DAGs
[2026-05-23T17:13:22.323+0000] {logging_mixin.py:190} INFO - [2026-05-23T17:13:22.323+0000] {dag.py:4180} INFO - Setting next_dagrun for example_python_operator to None, run_after=None
[2026-05-23T17:13:22.337+0000] {processor.py:208} INFO - Processing /home/airflow/.local/lib/python3.12/site-packages/airflow/example_dags/example_python_operator.py took 0.065 seconds
[2026-05-23T17:13:53.816+0000] {processor.py:186} INFO - Started process (PID=3176) to work on /home/airflow/.local/lib/python3.12/site-packages/airflow/example_dags/example_python_operator.py
[2026-05-23T17:13:53.816+0000] {processor.py:914} INFO - Processing file /home/airflow/.local/lib/python3.12/site-packages/airflow/example_dags/example_python_operator.py for tasks to queue
[2026-05-23T17:13:53.818+0000] {logging_mixin.py:190} INFO - [2026-05-23T17:13:53.818+0000] {dagbag.py:588} INFO - Filling up the DagBag from /home/airflow/.local/lib/python3.12/site-packages/airflow/example_dags/example_python_operator.py
[2026-05-23T17:13:53.829+0000] {processor.py:925} INFO - DAG(s) 'example_python_operator' retrieved from /home/airflow/.local/lib/python3.12/site-packages/airflow/example_dags/example_python_operator.py
[2026-05-23T17:13:53.847+0000] {logging_mixin.py:190} INFO - [2026-05-23T17:13:53.847+0000] {dag.py:3239} INFO - Sync 1 DAGs
[2026-05-23T17:13:53.859+0000] {logging_mixin.py:190} INFO - [2026-05-23T17:13:53.859+0000] {dag.py:4180} INFO - Setting next_dagrun for example_python_operator to None, run_after=None
[2026-05-23T17:13:53.873+0000] {processor.py:208} INFO - Processing /home/airflow/.local/lib/python3.12/site-packages/airflow/example_dags/example_python_operator.py took 0.062 seconds
[2026-05-23T17:14:24.935+0000] {processor.py:186} INFO - Started process (PID=3240) to work on /home/airflow/.local/lib/python3.12/site-packages/airflow/example_dags/example_python_operator.py
[2026-05-23T17:14:24.935+0000] {processor.py:914} INFO - Processing file /home/airflow/.local/lib/python3.12/site-packages/airflow/example_dags/example_python_operator.py for tasks to queue
[2026-05-23T17:14:24.937+0000] {logging_mixin.py:190} INFO - [2026-05-23T17:14:24.937+0000] {dagbag.py:588} INFO - Filling up the DagBag from /home/airflow/.local/lib/python3.12/site-packages/airflow/example_dags/example_python_operator.py
[2026-05-23T17:14:24.949+0000] {processor.py:925} INFO - DAG(s) 'example_python_operator' retrieved from /home/airflow/.local/lib/python3.12/site-packages/airflow/example_dags/example_python_operator.py
[2026-05-23T17:14:24.970+0000] {logging_mixin.py:190} INFO - [2026-05-23T17:14:24.970+0000] {dag.py:3239} INFO - Sync 1 DAGs
[2026-05-23T17:14:24.981+0000] {logging_mixin.py:190} INFO - [2026-05-23T17:14:24.981+0000] {dag.py:4180} INFO - Setting next_dagrun for example_python_operator to None, run_after=None
[2026-05-23T17:14:24.996+0000] {processor.py:208} INFO - Processing /home/airflow/.local/lib/python3.12/site-packages/airflow/example_dags/example_python_operator.py took 0.067 seconds
[2026-05-23T17:14:56.551+0000] {processor.py:186} INFO - Started process (PID=3305) to work on /home/airflow/.local/lib/python3.12/site-packages/airflow/example_dags/example_python_operator.py
[2026-05-23T17:14:56.551+0000] {processor.py:914} INFO - Processing file /home/airflow/.local/lib/python3.12/site-packages/airflow/example_dags/example_python_operator.py for tasks to queue
[2026-05-23T17:14:56.553+0000] {logging_mixin.py:190} INFO - [2026-05-23T17:14:56.553+0000] {dagbag.py:588} INFO - Filling up the DagBag from /home/airflow/.local/lib/python3.12/site-packages/airflow/example_dags/example_python_operator.py
[2026-05-23T17:14:56.563+0000] {processor.py:925} INFO - DAG(s) 'example_python_operator' retrieved from /home/airflow/.local/lib/python3.12/site-packages/airflow/example_dags/example_python_operator.py
[2026-05-23T17:14:56.583+0000] {logging_mixin.py:190} INFO - [2026-05-23T17:14:56.583+0000] {dag.py:3239} INFO - Sync 1 DAGs
[2026-05-23T17:14:56.596+0000] {logging_mixin.py:190} INFO - [2026-05-23T17:14:56.595+0000] {dag.py:4180} INFO - Setting next_dagrun for example_python_operator to None, run_after=None
[2026-05-23T17:14:56.609+0000] {processor.py:208} INFO - Processing /home/airflow/.local/lib/python3.12/site-packages/airflow/example_dags/example_python_operator.py took 0.063 seconds
[2026-05-23T17:15:27.723+0000] {processor.py:186} INFO - Started process (PID=3370) to work on /home/airflow/.local/lib/python3.12/site-packages/airflow/example_dags/example_python_operator.py
[2026-05-23T17:15:27.724+0000] {processor.py:914} INFO - Processing file /home/airflow/.local/lib/python3.12/site-packages/airflow/example_dags/example_python_operator.py for tasks to queue
[2026-05-23T17:15:27.726+0000] {logging_mixin.py:190} INFO - [2026-05-23T17:15:27.725+0000] {dagbag.py:588} INFO - Filling up the DagBag from /home/airflow/.local/lib/python3.12/site-packages/airflow/example_dags/example_python_operator.py
[2026-05-23T17:15:27.735+0000] {processor.py:925} INFO - DAG(s) 'example_python_operator' retrieved from /home/airflow/.local/lib/python3.12/site-packages/airflow/example_dags/example_python_operator.py
[2026-05-23T17:15:27.756+0000] {logging_mixin.py:190} INFO - [2026-05-23T17:15:27.756+0000] {dag.py:3239} INFO - Sync 1 DAGs
[2026-05-23T17:15:27.770+0000] {logging_mixin.py:190} INFO - [2026-05-23T17:15:27.770+0000] {dag.py:4180} INFO - Setting next_dagrun for example_python_operator to None, run_after=None
[2026-05-23T17:15:27.786+0000] {processor.py:208} INFO - Processing /home/airflow/.local/lib/python3.12/site-packages/airflow/example_dags/example_python_operator.py took 0.067 seconds
[2026-05-23T17:15:58.747+0000] {processor.py:186} INFO - Started process (PID=3435) to work on /home/airflow/.local/lib/python3.12/site-packages/airflow/example_dags/example_python_operator.py
[2026-05-23T17:15:58.748+0000] {processor.py:914} INFO - Processing file /home/airflow/.local/lib/python3.12/site-packages/airflow/example_dags/example_python_operator.py for tasks to queue
[2026-05-23T17:15:58.750+0000] {logging_mixin.py:190} INFO - [2026-05-23T17:15:58.749+0000] {dagbag.py:588} INFO - Filling up the DagBag from /home/airflow/.local/lib/python3.12/site-packages/airflow/example_dags/example_python_operator.py
[2026-05-23T17:15:58.761+0000] {processor.py:925} INFO - DAG(s) 'example_python_operator' retrieved from /home/airflow/.local/lib/python3.12/site-packages/airflow/example_dags/example_python_operator.py
[2026-05-23T17:15:58.778+0000] {logging_mixin.py:190} INFO - [2026-05-23T17:15:58.778+0000] {dag.py:3239} INFO - Sync 1 DAGs
[2026-05-23T17:15:58.790+0000] {logging_mixin.py:190} INFO - [2026-05-23T17:15:58.790+0000] {dag.py:4180} INFO - Setting next_dagrun for example_python_operator to None, run_after=None
[2026-05-23T17:15:58.803+0000] {processor.py:208} INFO - Processing /home/airflow/.local/lib/python3.12/site-packages/airflow/example_dags/example_python_operator.py took 0.061 seconds
[2026-05-23T17:16:29.918+0000] {processor.py:186} INFO - Started process (PID=3506) to work on /home/airflow/.local/lib/python3.12/site-packages/airflow/example_dags/example_python_operator.py
[2026-05-23T17:16:29.918+0000] {processor.py:914} INFO - Processing file /home/airflow/.local/lib/python3.12/site-packages/airflow/example_dags/example_python_operator.py for tasks to queue
[2026-05-23T17:16:29.920+0000] {logging_mixin.py:190} INFO - [2026-05-23T17:16:29.919+0000] {dagbag.py:588} INFO - Filling up the DagBag from /home/airflow/.local/lib/python3.12/site-packages/airflow/example_dags/example_python_operator.py
[2026-05-23T17:16:29.932+0000] {processor.py:925} INFO - DAG(s) 'example_python_operator' retrieved from /home/airflow/.local/lib/python3.12/site-packages/airflow/example_dags/example_python_operator.py
[2026-05-23T17:16:29.955+0000] {logging_mixin.py:190} INFO - [2026-05-23T17:16:29.955+0000] {dag.py:3239} INFO - Sync 1 DAGs
[2026-05-23T17:16:29.971+0000] {logging_mixin.py:190} INFO - [2026-05-23T17:16:29.971+0000] {dag.py:4180} INFO - Setting next_dagrun for example_python_operator to None, run_after=None
[2026-05-23T17:16:29.988+0000] {processor.py:208} INFO - Processing /home/airflow/.local/lib/python3.12/site-packages/airflow/example_dags/example_python_operator.py took 0.075 seconds
[2026-05-23T17:17:01.236+0000] {processor.py:186} INFO - Started process (PID=3571) to work on /home/airflow/.local/lib/python3.12/site-packages/airflow/example_dags/example_python_operator.py
[2026-05-23T17:17:01.236+0000] {processor.py:914} INFO - Processing file /home/airflow/.local/lib/python3.12/site-packages/airflow/example_dags/example_python_operator.py for tasks to queue
[2026-05-23T17:17:01.238+0000] {logging_mixin.py:190} INFO - [2026-05-23T17:17:01.237+0000] {dagbag.py:588} INFO - Filling up the DagBag from /home/airflow/.local/lib/python3.12/site-packages/airflow/example_dags/example_python_operator.py
[2026-05-23T17:17:01.250+0000] {processor.py:925} INFO - DAG(s) 'example_python_operator' retrieved from /home/airflow/.local/lib/python3.12/site-packages/airflow/example_dags/example_python_operator.py
[2026-05-23T17:17:01.268+0000] {logging_mixin.py:190} INFO - [2026-05-23T17:17:01.268+0000] {dag.py:3239} INFO - Sync 1 DAGs
[2026-05-23T17:17:01.280+0000] {logging_mixin.py:190} INFO - [2026-05-23T17:17:01.280+0000] {dag.py:4180} INFO - Setting next_dagrun for example_python_operator to None, run_after=None
[2026-05-23T17:17:01.293+0000] {processor.py:208} INFO - Processing /home/airflow/.local/lib/python3.12/site-packages/airflow/example_dags/example_python_operator.py took 0.062 seconds
[2026-05-23T17:17:32.934+0000] {processor.py:186} INFO - Started process (PID=3636) to work on /home/airflow/.local/lib/python3.12/site-packages/airflow/example_dags/example_python_operator.py
[2026-05-23T17:17:32.935+0000] {processor.py:914} INFO - Processing file /home/airflow/.local/lib/python3.12/site-packages/airflow/example_dags/example_python_operator.py for tasks to queue
[2026-05-23T17:17:32.936+0000] {logging_mixin.py:190} INFO - [2026-05-23T17:17:32.936+0000] {dagbag.py:588} INFO - Filling up the DagBag from /home/airflow/.local/lib/python3.12/site-packages/airflow/example_dags/example_python_operator.py
[2026-05-23T17:17:32.946+0000] {processor.py:925} INFO - DAG(s) 'example_python_operator' retrieved from /home/airflow/.local/lib/python3.12/site-packages/airflow/example_dags/example_python_operator.py
[2026-05-23T17:17:32.963+0000] {logging_mixin.py:190} INFO - [2026-05-23T17:17:32.963+0000] {dag.py:3239} INFO - Sync 1 DAGs
[2026-05-23T17:17:32.975+0000] {logging_mixin.py:190} INFO - [2026-05-23T17:17:32.975+0000] {dag.py:4180} INFO - Setting next_dagrun for example_python_operator to None, run_after=None
[2026-05-23T17:17:32.992+0000] {processor.py:208} INFO - Processing /home/airflow/.local/lib/python3.12/site-packages/airflow/example_dags/example_python_operator.py took 0.062 seconds
[2026-05-23T17:18:04.277+0000] {processor.py:186} INFO - Started process (PID=3702) to work on /home/airflow/.local/lib/python3.12/site-packages/airflow/example_dags/example_python_operator.py
[2026-05-23T17:18:04.277+0000] {processor.py:914} INFO - Processing file /home/airflow/.local/lib/python3.12/site-packages/airflow/example_dags/example_python_operator.py for tasks to queue
[2026-05-23T17:18:04.279+0000] {logging_mixin.py:190} INFO - [2026-05-23T17:18:04.279+0000] {dagbag.py:588} INFO - Filling up the DagBag from /home/airflow/.local/lib/python3.12/site-packages/airflow/example_dags/example_python_operator.py
[2026-05-23T17:18:04.289+0000] {processor.py:925} INFO - DAG(s) 'example_python_operator' retrieved from /home/airflow/.local/lib/python3.12/site-packages/airflow/example_dags/example_python_operator.py
[2026-05-23T17:18:04.307+0000] {logging_mixin.py:190} INFO - [2026-05-23T17:18:04.307+0000] {dag.py:3239} INFO - Sync 1 DAGs
[2026-05-23T17:18:04.319+0000] {logging_mixin.py:190} INFO - [2026-05-23T17:18:04.319+0000] {dag.py:4180} INFO - Setting next_dagrun for example_python_operator to None, run_after=None
[2026-05-23T17:18:04.334+0000] {processor.py:208} INFO - Processing /home/airflow/.local/lib/python3.12/site-packages/airflow/example_dags/example_python_operator.py took 0.062 seconds
[2026-05-23T17:18:35.712+0000] {processor.py:186} INFO - Started process (PID=3767) to work on /home/airflow/.local/lib/python3.12/site-packages/airflow/example_dags/example_python_operator.py
[2026-05-23T17:18:35.712+0000] {processor.py:914} INFO - Processing file /home/airflow/.local/lib/python3.12/site-packages/airflow/example_dags/example_python_operator.py for tasks to queue
[2026-05-23T17:18:35.714+0000] {logging_mixin.py:190} INFO - [2026-05-23T17:18:35.714+0000] {dagbag.py:588} INFO - Filling up the DagBag from /home/airflow/.local/lib/python3.12/site-packages/airflow/example_dags/example_python_operator.py
[2026-05-23T17:18:35.723+0000] {processor.py:925} INFO - DAG(s) 'example_python_operator' retrieved from /home/airflow/.local/lib/python3.12/site-packages/airflow/example_dags/example_python_operator.py
[2026-05-23T17:18:35.740+0000] {logging_mixin.py:190} INFO - [2026-05-23T17:18:35.740+0000] {dag.py:3239} INFO - Sync 1 DAGs
[2026-05-23T17:18:35.751+0000] {logging_mixin.py:190} INFO - [2026-05-23T17:18:35.751+0000] {dag.py:4180} INFO - Setting next_dagrun for example_python_operator to None, run_after=None
[2026-05-23T17:18:35.768+0000] {processor.py:208} INFO - Processing /home/airflow/.local/lib/python3.12/site-packages/airflow/example_dags/example_python_operator.py took 0.061 seconds
[2026-05-23T17:19:07.825+0000] {processor.py:186} INFO - Started process (PID=3832) to work on /home/airflow/.local/lib/python3.12/site-packages/airflow/example_dags/example_python_operator.py
[2026-05-23T17:19:07.825+0000] {processor.py:914} INFO - Processing file /home/airflow/.local/lib/python3.12/site-packages/airflow/example_dags/example_python_operator.py for tasks to queue
[2026-05-23T17:19:07.827+0000] {logging_mixin.py:190} INFO - [2026-05-23T17:19:07.827+0000] {dagbag.py:588} INFO - Filling up the DagBag from /home/airflow/.local/lib/python3.12/site-packages/airflow/example_dags/example_python_operator.py
[2026-05-23T17:19:07.845+0000] {processor.py:925} INFO - DAG(s) 'example_python_operator' retrieved from /home/airflow/.local/lib/python3.12/site-packages/airflow/example_dags/example_python_operator.py
[2026-05-23T17:19:07.893+0000] {logging_mixin.py:190} INFO - [2026-05-23T17:19:07.893+0000] {dag.py:3239} INFO - Sync 1 DAGs
[2026-05-23T17:19:07.915+0000] {logging_mixin.py:190} INFO - [2026-05-23T17:19:07.915+0000] {dag.py:4180} INFO - Setting next_dagrun for example_python_operator to None, run_after=None
[2026-05-23T17:19:07.934+0000] {processor.py:208} INFO - Processing /home/airflow/.local/lib/python3.12/site-packages/airflow/example_dags/example_python_operator.py took 0.115 seconds
[2026-05-23T17:19:39.476+0000] {processor.py:186} INFO - Started process (PID=3897) to work on /home/airflow/.local/lib/python3.12/site-packages/airflow/example_dags/example_python_operator.py
[2026-05-23T17:19:39.477+0000] {processor.py:914} INFO - Processing file /home/airflow/.local/lib/python3.12/site-packages/airflow/example_dags/example_python_operator.py for tasks to queue
[2026-05-23T17:19:39.478+0000] {logging_mixin.py:190} INFO - [2026-05-23T17:19:39.478+0000] {dagbag.py:588} INFO - Filling up the DagBag from /home/airflow/.local/lib/python3.12/site-packages/airflow/example_dags/example_python_operator.py
[2026-05-23T17:19:39.488+0000] {processor.py:925} INFO - DAG(s) 'example_python_operator' retrieved from /home/airflow/.local/lib/python3.12/site-packages/airflow/example_dags/example_python_operator.py
[2026-05-23T17:19:39.505+0000] {logging_mixin.py:190} INFO - [2026-05-23T17:19:39.505+0000] {dag.py:3239} INFO - Sync 1 DAGs
[2026-05-23T17:19:39.517+0000] {logging_mixin.py:190} INFO - [2026-05-23T17:19:39.516+0000] {dag.py:4180} INFO - Setting next_dagrun for example_python_operator to None, run_after=None
[2026-05-23T17:19:39.531+0000] {processor.py:208} INFO - Processing /home/airflow/.local/lib/python3.12/site-packages/airflow/example_dags/example_python_operator.py took 0.059 seconds
[2026-05-23T17:20:10.303+0000] {processor.py:186} INFO - Started process (PID=3962) to work on /home/airflow/.local/lib/python3.12/site-packages/airflow/example_dags/example_python_operator.py
[2026-05-23T17:20:10.304+0000] {processor.py:914} INFO - Processing file /home/airflow/.local/lib/python3.12/site-packages/airflow/example_dags/example_python_operator.py for tasks to queue
[2026-05-23T17:20:10.305+0000] {logging_mixin.py:190} INFO - [2026-05-23T17:20:10.305+0000] {dagbag.py:588} INFO - Filling up the DagBag from /home/airflow/.local/lib/python3.12/site-packages/airflow/example_dags/example_python_operator.py
[2026-05-23T17:20:10.315+0000] {processor.py:925} INFO - DAG(s) 'example_python_operator' retrieved from /home/airflow/.local/lib/python3.12/site-packages/airflow/example_dags/example_python_operator.py
[2026-05-23T17:20:10.332+0000] {logging_mixin.py:190} INFO - [2026-05-23T17:20:10.332+0000] {dag.py:3239} INFO - Sync 1 DAGs
[2026-05-23T17:20:10.343+0000] {logging_mixin.py:190} INFO - [2026-05-23T17:20:10.343+0000] {dag.py:4180} INFO - Setting next_dagrun for example_python_operator to None, run_after=None
[2026-05-23T17:20:10.356+0000] {processor.py:208} INFO - Processing /home/airflow/.local/lib/python3.12/site-packages/airflow/example_dags/example_python_operator.py took 0.057 seconds
[2026-05-23T17:20:41.188+0000] {processor.py:186} INFO - Started process (PID=4027) to work on /home/airflow/.local/lib/python3.12/site-packages/airflow/example_dags/example_python_operator.py
[2026-05-23T17:20:41.188+0000] {processor.py:914} INFO - Processing file /home/airflow/.local/lib/python3.12/site-packages/airflow/example_dags/example_python_operator.py for tasks to queue
[2026-05-23T17:20:41.190+0000] {logging_mixin.py:190} INFO - [2026-05-23T17:20:41.190+0000] {dagbag.py:588} INFO - Filling up the DagBag from /home/airflow/.local/lib/python3.12/site-packages/airflow/example_dags/example_python_operator.py
[2026-05-23T17:20:41.201+0000] {processor.py:925} INFO - DAG(s) 'example_python_operator' retrieved from /home/airflow/.local/lib/python3.12/site-packages/airflow/example_dags/example_python_operator.py
[2026-05-23T17:20:41.218+0000] {logging_mixin.py:190} INFO - [2026-05-23T17:20:41.218+0000] {dag.py:3239} INFO - Sync 1 DAGs
[2026-05-23T17:20:41.230+0000] {logging_mixin.py:190} INFO - [2026-05-23T17:20:41.230+0000] {dag.py:4180} INFO - Setting next_dagrun for example_python_operator to None, run_after=None
[2026-05-23T17:20:41.243+0000] {processor.py:208} INFO - Processing /home/airflow/.local/lib/python3.12/site-packages/airflow/example_dags/example_python_operator.py took 0.060 seconds
[2026-05-23T17:21:11.942+0000] {processor.py:186} INFO - Started process (PID=4093) to work on /home/airflow/.local/lib/python3.12/site-packages/airflow/example_dags/example_python_operator.py
[2026-05-23T17:21:11.943+0000] {processor.py:914} INFO - Processing file /home/airflow/.local/lib/python3.12/site-packages/airflow/example_dags/example_python_operator.py for tasks to queue
[2026-05-23T17:21:11.944+0000] {logging_mixin.py:190} INFO - [2026-05-23T17:21:11.944+0000] {dagbag.py:588} INFO - Filling up the DagBag from /home/airflow/.local/lib/python3.12/site-packages/airflow/example_dags/example_python_operator.py
[2026-05-23T17:21:11.954+0000] {processor.py:925} INFO - DAG(s) 'example_python_operator' retrieved from /home/airflow/.local/lib/python3.12/site-packages/airflow/example_dags/example_python_operator.py
[2026-05-23T17:21:11.972+0000] {logging_mixin.py:190} INFO - [2026-05-23T17:21:11.972+0000] {dag.py:3239} INFO - Sync 1 DAGs
[2026-05-23T17:21:11.985+0000] {logging_mixin.py:190} INFO - [2026-05-23T17:21:11.984+0000] {dag.py:4180} INFO - Setting next_dagrun for example_python_operator to None, run_after=None
[2026-05-23T17:21:11.998+0000] {processor.py:208} INFO - Processing /home/airflow/.local/lib/python3.12/site-packages/airflow/example_dags/example_python_operator.py took 0.061 seconds
[2026-05-23T21:56:24.205+0000] {processor.py:186} INFO - Started process (PID=96) to work on /home/airflow/.local/lib/python3.12/site-packages/airflow/example_dags/example_python_operator.py
[2026-05-23T21:56:24.229+0000] {processor.py:914} INFO - Processing file /home/airflow/.local/lib/python3.12/site-packages/airflow/example_dags/example_python_operator.py for tasks to queue
[2026-05-23T21:56:24.231+0000] {logging_mixin.py:190} INFO - [2026-05-23T21:56:24.231+0000] {dagbag.py:588} INFO - Filling up the DagBag from /home/airflow/.local/lib/python3.12/site-packages/airflow/example_dags/example_python_operator.py
[2026-05-23T21:56:24.244+0000] {processor.py:925} INFO - DAG(s) 'example_python_operator' retrieved from /home/airflow/.local/lib/python3.12/site-packages/airflow/example_dags/example_python_operator.py
[2026-05-23T21:56:24.350+0000] {logging_mixin.py:190} INFO - [2026-05-23T21:56:24.350+0000] {dag.py:3239} INFO - Sync 1 DAGs
[2026-05-23T21:56:24.364+0000] {logging_mixin.py:190} INFO - [2026-05-23T21:56:24.364+0000] {dag.py:4180} INFO - Setting next_dagrun for example_python_operator to None, run_after=None
[2026-05-23T21:56:24.390+0000] {processor.py:208} INFO - Processing /home/airflow/.local/lib/python3.12/site-packages/airflow/example_dags/example_python_operator.py took 0.191 seconds
