[2026-05-23T16:10:03.499+0000] {processor.py:186} INFO - Started process (PID=106) to work on /home/airflow/.local/lib/python3.12/site-packages/airflow/example_dags/example_skip_dag.py
[2026-05-23T16:10:03.499+0000] {processor.py:914} INFO - Processing file /home/airflow/.local/lib/python3.12/site-packages/airflow/example_dags/example_skip_dag.py for tasks to queue
[2026-05-23T16:10:03.501+0000] {logging_mixin.py:190} INFO - [2026-05-23T16:10:03.501+0000] {dagbag.py:588} INFO - Filling up the DagBag from /home/airflow/.local/lib/python3.12/site-packages/airflow/example_dags/example_skip_dag.py
[2026-05-23T16:10:03.507+0000] {processor.py:925} INFO - DAG(s) 'example_skip_dag' retrieved from /home/airflow/.local/lib/python3.12/site-packages/airflow/example_dags/example_skip_dag.py
[2026-05-23T16:10:03.530+0000] {logging_mixin.py:190} INFO - [2026-05-23T16:10:03.530+0000] {dag.py:3239} INFO - Sync 1 DAGs
[2026-05-23T16:10:03.564+0000] {logging_mixin.py:190} INFO - [2026-05-23T16:10:03.564+0000] {dag.py:4180} INFO - Setting next_dagrun for example_skip_dag to 2026-05-22 00:00:00+00:00, run_after=2026-05-23 00:00:00+00:00
[2026-05-23T16:10:03.582+0000] {processor.py:208} INFO - Processing /home/airflow/.local/lib/python3.12/site-packages/airflow/example_dags/example_skip_dag.py took 0.087 seconds
[2026-05-23T16:10:34.106+0000] {processor.py:186} INFO - Started process (PID=170) to work on /home/airflow/.local/lib/python3.12/site-packages/airflow/example_dags/example_skip_dag.py
[2026-05-23T16:10:34.106+0000] {processor.py:914} INFO - Processing file /home/airflow/.local/lib/python3.12/site-packages/airflow/example_dags/example_skip_dag.py for tasks to queue
[2026-05-23T16:10:34.108+0000] {logging_mixin.py:190} INFO - [2026-05-23T16:10:34.108+0000] {dagbag.py:588} INFO - Filling up the DagBag from /home/airflow/.local/lib/python3.12/site-packages/airflow/example_dags/example_skip_dag.py
[2026-05-23T16:10:34.114+0000] {processor.py:925} INFO - DAG(s) 'example_skip_dag' retrieved from /home/airflow/.local/lib/python3.12/site-packages/airflow/example_dags/example_skip_dag.py
[2026-05-23T16:10:34.129+0000] {logging_mixin.py:190} INFO - [2026-05-23T16:10:34.129+0000] {dag.py:3239} INFO - Sync 1 DAGs
[2026-05-23T16:10:34.147+0000] {logging_mixin.py:190} INFO - [2026-05-23T16:10:34.147+0000] {dag.py:4180} INFO - Setting next_dagrun for example_skip_dag to 2026-05-22 00:00:00+00:00, run_after=2026-05-23 00:00:00+00:00
[2026-05-23T16:10:34.160+0000] {processor.py:208} INFO - Processing /home/airflow/.local/lib/python3.12/site-packages/airflow/example_dags/example_skip_dag.py took 0.058 seconds
[2026-05-23T16:11:04.728+0000] {processor.py:186} INFO - Started process (PID=234) to work on /home/airflow/.local/lib/python3.12/site-packages/airflow/example_dags/example_skip_dag.py
[2026-05-23T16:11:04.729+0000] {processor.py:914} INFO - Processing file /home/airflow/.local/lib/python3.12/site-packages/airflow/example_dags/example_skip_dag.py for tasks to queue
[2026-05-23T16:11:04.730+0000] {logging_mixin.py:190} INFO - [2026-05-23T16:11:04.730+0000] {dagbag.py:588} INFO - Filling up the DagBag from /home/airflow/.local/lib/python3.12/site-packages/airflow/example_dags/example_skip_dag.py
[2026-05-23T16:11:04.737+0000] {processor.py:925} INFO - DAG(s) 'example_skip_dag' retrieved from /home/airflow/.local/lib/python3.12/site-packages/airflow/example_dags/example_skip_dag.py
[2026-05-23T16:11:04.754+0000] {logging_mixin.py:190} INFO - [2026-05-23T16:11:04.754+0000] {dag.py:3239} INFO - Sync 1 DAGs
[2026-05-23T16:11:04.772+0000] {logging_mixin.py:190} INFO - [2026-05-23T16:11:04.772+0000] {dag.py:4180} INFO - Setting next_dagrun for example_skip_dag to 2026-05-22 00:00:00+00:00, run_after=2026-05-23 00:00:00+00:00
[2026-05-23T16:11:04.784+0000] {processor.py:208} INFO - Processing /home/airflow/.local/lib/python3.12/site-packages/airflow/example_dags/example_skip_dag.py took 0.060 seconds
[2026-05-23T16:11:35.250+0000] {processor.py:186} INFO - Started process (PID=298) to work on /home/airflow/.local/lib/python3.12/site-packages/airflow/example_dags/example_skip_dag.py
[2026-05-23T16:11:35.250+0000] {processor.py:914} INFO - Processing file /home/airflow/.local/lib/python3.12/site-packages/airflow/example_dags/example_skip_dag.py for tasks to queue
[2026-05-23T16:11:35.252+0000] {logging_mixin.py:190} INFO - [2026-05-23T16:11:35.251+0000] {dagbag.py:588} INFO - Filling up the DagBag from /home/airflow/.local/lib/python3.12/site-packages/airflow/example_dags/example_skip_dag.py
[2026-05-23T16:11:35.259+0000] {processor.py:925} INFO - DAG(s) 'example_skip_dag' retrieved from /home/airflow/.local/lib/python3.12/site-packages/airflow/example_dags/example_skip_dag.py
[2026-05-23T16:11:35.279+0000] {logging_mixin.py:190} INFO - [2026-05-23T16:11:35.279+0000] {dag.py:3239} INFO - Sync 1 DAGs
[2026-05-23T16:11:35.302+0000] {logging_mixin.py:190} INFO - [2026-05-23T16:11:35.302+0000] {dag.py:4180} INFO - Setting next_dagrun for example_skip_dag to 2026-05-22 00:00:00+00:00, run_after=2026-05-23 00:00:00+00:00
[2026-05-23T16:11:35.318+0000] {processor.py:208} INFO - Processing /home/airflow/.local/lib/python3.12/site-packages/airflow/example_dags/example_skip_dag.py took 0.073 seconds
[2026-05-23T16:12:07.397+0000] {processor.py:186} INFO - Started process (PID=362) to work on /home/airflow/.local/lib/python3.12/site-packages/airflow/example_dags/example_skip_dag.py
[2026-05-23T16:12:07.397+0000] {processor.py:914} INFO - Processing file /home/airflow/.local/lib/python3.12/site-packages/airflow/example_dags/example_skip_dag.py for tasks to queue
[2026-05-23T16:12:07.399+0000] {logging_mixin.py:190} INFO - [2026-05-23T16:12:07.399+0000] {dagbag.py:588} INFO - Filling up the DagBag from /home/airflow/.local/lib/python3.12/site-packages/airflow/example_dags/example_skip_dag.py
[2026-05-23T16:12:07.405+0000] {processor.py:925} INFO - DAG(s) 'example_skip_dag' retrieved from /home/airflow/.local/lib/python3.12/site-packages/airflow/example_dags/example_skip_dag.py
[2026-05-23T16:12:07.422+0000] {logging_mixin.py:190} INFO - [2026-05-23T16:12:07.422+0000] {dag.py:3239} INFO - Sync 1 DAGs
[2026-05-23T16:12:07.439+0000] {logging_mixin.py:190} INFO - [2026-05-23T16:12:07.439+0000] {dag.py:4180} INFO - Setting next_dagrun for example_skip_dag to 2026-05-22 00:00:00+00:00, run_after=2026-05-23 00:00:00+00:00
[2026-05-23T16:12:07.452+0000] {processor.py:208} INFO - Processing /home/airflow/.local/lib/python3.12/site-packages/airflow/example_dags/example_skip_dag.py took 0.062 seconds
[2026-05-23T16:12:39.119+0000] {processor.py:186} INFO - Started process (PID=426) to work on /home/airflow/.local/lib/python3.12/site-packages/airflow/example_dags/example_skip_dag.py
[2026-05-23T16:12:39.120+0000] {processor.py:914} INFO - Processing file /home/airflow/.local/lib/python3.12/site-packages/airflow/example_dags/example_skip_dag.py for tasks to queue
[2026-05-23T16:12:39.122+0000] {logging_mixin.py:190} INFO - [2026-05-23T16:12:39.122+0000] {dagbag.py:588} INFO - Filling up the DagBag from /home/airflow/.local/lib/python3.12/site-packages/airflow/example_dags/example_skip_dag.py
[2026-05-23T16:12:39.131+0000] {processor.py:925} INFO - DAG(s) 'example_skip_dag' retrieved from /home/airflow/.local/lib/python3.12/site-packages/airflow/example_dags/example_skip_dag.py
[2026-05-23T16:12:39.154+0000] {logging_mixin.py:190} INFO - [2026-05-23T16:12:39.154+0000] {dag.py:3239} INFO - Sync 1 DAGs
[2026-05-23T16:12:39.180+0000] {logging_mixin.py:190} INFO - [2026-05-23T16:12:39.180+0000] {dag.py:4180} INFO - Setting next_dagrun for example_skip_dag to 2026-05-22 00:00:00+00:00, run_after=2026-05-23 00:00:00+00:00
[2026-05-23T16:12:39.198+0000] {processor.py:208} INFO - Processing /home/airflow/.local/lib/python3.12/site-packages/airflow/example_dags/example_skip_dag.py took 0.085 seconds
[2026-05-23T16:13:09.391+0000] {processor.py:186} INFO - Started process (PID=489) to work on /home/airflow/.local/lib/python3.12/site-packages/airflow/example_dags/example_skip_dag.py
[2026-05-23T16:13:09.392+0000] {processor.py:914} INFO - Processing file /home/airflow/.local/lib/python3.12/site-packages/airflow/example_dags/example_skip_dag.py for tasks to queue
[2026-05-23T16:13:09.394+0000] {logging_mixin.py:190} INFO - [2026-05-23T16:13:09.393+0000] {dagbag.py:588} INFO - Filling up the DagBag from /home/airflow/.local/lib/python3.12/site-packages/airflow/example_dags/example_skip_dag.py
[2026-05-23T16:13:09.402+0000] {processor.py:925} INFO - DAG(s) 'example_skip_dag' retrieved from /home/airflow/.local/lib/python3.12/site-packages/airflow/example_dags/example_skip_dag.py
[2026-05-23T16:13:09.423+0000] {logging_mixin.py:190} INFO - [2026-05-23T16:13:09.422+0000] {dag.py:3239} INFO - Sync 1 DAGs
[2026-05-23T16:13:09.449+0000] {logging_mixin.py:190} INFO - [2026-05-23T16:13:09.449+0000] {dag.py:4180} INFO - Setting next_dagrun for example_skip_dag to 2026-05-22 00:00:00+00:00, run_after=2026-05-23 00:00:00+00:00
[2026-05-23T16:13:09.463+0000] {processor.py:208} INFO - Processing /home/airflow/.local/lib/python3.12/site-packages/airflow/example_dags/example_skip_dag.py took 0.076 seconds
[2026-05-23T16:13:40.067+0000] {processor.py:186} INFO - Started process (PID=553) to work on /home/airflow/.local/lib/python3.12/site-packages/airflow/example_dags/example_skip_dag.py
[2026-05-23T16:13:40.067+0000] {processor.py:914} INFO - Processing file /home/airflow/.local/lib/python3.12/site-packages/airflow/example_dags/example_skip_dag.py for tasks to queue
[2026-05-23T16:13:40.069+0000] {logging_mixin.py:190} INFO - [2026-05-23T16:13:40.068+0000] {dagbag.py:588} INFO - Filling up the DagBag from /home/airflow/.local/lib/python3.12/site-packages/airflow/example_dags/example_skip_dag.py
[2026-05-23T16:13:40.075+0000] {processor.py:925} INFO - DAG(s) 'example_skip_dag' retrieved from /home/airflow/.local/lib/python3.12/site-packages/airflow/example_dags/example_skip_dag.py
[2026-05-23T16:13:40.095+0000] {logging_mixin.py:190} INFO - [2026-05-23T16:13:40.095+0000] {dag.py:3239} INFO - Sync 1 DAGs
[2026-05-23T16:13:40.117+0000] {logging_mixin.py:190} INFO - [2026-05-23T16:13:40.116+0000] {dag.py:4180} INFO - Setting next_dagrun for example_skip_dag to 2026-05-22 00:00:00+00:00, run_after=2026-05-23 00:00:00+00:00
[2026-05-23T16:13:40.129+0000] {processor.py:208} INFO - Processing /home/airflow/.local/lib/python3.12/site-packages/airflow/example_dags/example_skip_dag.py took 0.067 seconds
[2026-05-23T16:14:10.640+0000] {processor.py:186} INFO - Started process (PID=617) to work on /home/airflow/.local/lib/python3.12/site-packages/airflow/example_dags/example_skip_dag.py
[2026-05-23T16:14:10.640+0000] {processor.py:914} INFO - Processing file /home/airflow/.local/lib/python3.12/site-packages/airflow/example_dags/example_skip_dag.py for tasks to queue
[2026-05-23T16:14:10.642+0000] {logging_mixin.py:190} INFO - [2026-05-23T16:14:10.642+0000] {dagbag.py:588} INFO - Filling up the DagBag from /home/airflow/.local/lib/python3.12/site-packages/airflow/example_dags/example_skip_dag.py
[2026-05-23T16:14:10.648+0000] {processor.py:925} INFO - DAG(s) 'example_skip_dag' retrieved from /home/airflow/.local/lib/python3.12/site-packages/airflow/example_dags/example_skip_dag.py
[2026-05-23T16:14:10.667+0000] {logging_mixin.py:190} INFO - [2026-05-23T16:14:10.667+0000] {dag.py:3239} INFO - Sync 1 DAGs
[2026-05-23T16:14:10.685+0000] {logging_mixin.py:190} INFO - [2026-05-23T16:14:10.685+0000] {dag.py:4180} INFO - Setting next_dagrun for example_skip_dag to 2026-05-22 00:00:00+00:00, run_after=2026-05-23 00:00:00+00:00
[2026-05-23T16:14:10.698+0000] {processor.py:208} INFO - Processing /home/airflow/.local/lib/python3.12/site-packages/airflow/example_dags/example_skip_dag.py took 0.064 seconds
[2026-05-23T16:14:41.714+0000] {processor.py:186} INFO - Started process (PID=681) to work on /home/airflow/.local/lib/python3.12/site-packages/airflow/example_dags/example_skip_dag.py
[2026-05-23T16:14:41.715+0000] {processor.py:914} INFO - Processing file /home/airflow/.local/lib/python3.12/site-packages/airflow/example_dags/example_skip_dag.py for tasks to queue
[2026-05-23T16:14:41.717+0000] {logging_mixin.py:190} INFO - [2026-05-23T16:14:41.716+0000] {dagbag.py:588} INFO - Filling up the DagBag from /home/airflow/.local/lib/python3.12/site-packages/airflow/example_dags/example_skip_dag.py
[2026-05-23T16:14:41.723+0000] {processor.py:925} INFO - DAG(s) 'example_skip_dag' retrieved from /home/airflow/.local/lib/python3.12/site-packages/airflow/example_dags/example_skip_dag.py
[2026-05-23T16:14:41.740+0000] {logging_mixin.py:190} INFO - [2026-05-23T16:14:41.740+0000] {dag.py:3239} INFO - Sync 1 DAGs
[2026-05-23T16:14:41.760+0000] {logging_mixin.py:190} INFO - [2026-05-23T16:14:41.760+0000] {dag.py:4180} INFO - Setting next_dagrun for example_skip_dag to 2026-05-22 00:00:00+00:00, run_after=2026-05-23 00:00:00+00:00
[2026-05-23T16:14:41.776+0000] {processor.py:208} INFO - Processing /home/airflow/.local/lib/python3.12/site-packages/airflow/example_dags/example_skip_dag.py took 0.066 seconds
[2026-05-23T16:15:12.760+0000] {processor.py:186} INFO - Started process (PID=747) to work on /home/airflow/.local/lib/python3.12/site-packages/airflow/example_dags/example_skip_dag.py
[2026-05-23T16:15:12.760+0000] {processor.py:914} INFO - Processing file /home/airflow/.local/lib/python3.12/site-packages/airflow/example_dags/example_skip_dag.py for tasks to queue
[2026-05-23T16:15:12.762+0000] {logging_mixin.py:190} INFO - [2026-05-23T16:15:12.761+0000] {dagbag.py:588} INFO - Filling up the DagBag from /home/airflow/.local/lib/python3.12/site-packages/airflow/example_dags/example_skip_dag.py
[2026-05-23T16:15:12.767+0000] {processor.py:925} INFO - DAG(s) 'example_skip_dag' retrieved from /home/airflow/.local/lib/python3.12/site-packages/airflow/example_dags/example_skip_dag.py
[2026-05-23T16:15:12.783+0000] {logging_mixin.py:190} INFO - [2026-05-23T16:15:12.783+0000] {dag.py:3239} INFO - Sync 1 DAGs
[2026-05-23T16:15:12.799+0000] {logging_mixin.py:190} INFO - [2026-05-23T16:15:12.799+0000] {dag.py:4180} INFO - Setting next_dagrun for example_skip_dag to 2026-05-22 00:00:00+00:00, run_after=2026-05-23 00:00:00+00:00
[2026-05-23T16:15:12.812+0000] {processor.py:208} INFO - Processing /home/airflow/.local/lib/python3.12/site-packages/airflow/example_dags/example_skip_dag.py took 0.057 seconds
[2026-05-23T16:15:43.633+0000] {processor.py:186} INFO - Started process (PID=812) to work on /home/airflow/.local/lib/python3.12/site-packages/airflow/example_dags/example_skip_dag.py
[2026-05-23T16:15:43.634+0000] {processor.py:914} INFO - Processing file /home/airflow/.local/lib/python3.12/site-packages/airflow/example_dags/example_skip_dag.py for tasks to queue
[2026-05-23T16:15:43.635+0000] {logging_mixin.py:190} INFO - [2026-05-23T16:15:43.635+0000] {dagbag.py:588} INFO - Filling up the DagBag from /home/airflow/.local/lib/python3.12/site-packages/airflow/example_dags/example_skip_dag.py
[2026-05-23T16:15:43.642+0000] {processor.py:925} INFO - DAG(s) 'example_skip_dag' retrieved from /home/airflow/.local/lib/python3.12/site-packages/airflow/example_dags/example_skip_dag.py
[2026-05-23T16:15:43.659+0000] {logging_mixin.py:190} INFO - [2026-05-23T16:15:43.659+0000] {dag.py:3239} INFO - Sync 1 DAGs
[2026-05-23T16:15:43.679+0000] {logging_mixin.py:190} INFO - [2026-05-23T16:15:43.679+0000] {dag.py:4180} INFO - Setting next_dagrun for example_skip_dag to 2026-05-22 00:00:00+00:00, run_after=2026-05-23 00:00:00+00:00
[2026-05-23T16:15:43.694+0000] {processor.py:208} INFO - Processing /home/airflow/.local/lib/python3.12/site-packages/airflow/example_dags/example_skip_dag.py took 0.065 seconds
[2026-05-23T16:16:15.002+0000] {processor.py:186} INFO - Started process (PID=877) to work on /home/airflow/.local/lib/python3.12/site-packages/airflow/example_dags/example_skip_dag.py
[2026-05-23T16:16:15.002+0000] {processor.py:914} INFO - Processing file /home/airflow/.local/lib/python3.12/site-packages/airflow/example_dags/example_skip_dag.py for tasks to queue
[2026-05-23T16:16:15.004+0000] {logging_mixin.py:190} INFO - [2026-05-23T16:16:15.003+0000] {dagbag.py:588} INFO - Filling up the DagBag from /home/airflow/.local/lib/python3.12/site-packages/airflow/example_dags/example_skip_dag.py
[2026-05-23T16:16:15.010+0000] {processor.py:925} INFO - DAG(s) 'example_skip_dag' retrieved from /home/airflow/.local/lib/python3.12/site-packages/airflow/example_dags/example_skip_dag.py
[2026-05-23T16:16:15.027+0000] {logging_mixin.py:190} INFO - [2026-05-23T16:16:15.027+0000] {dag.py:3239} INFO - Sync 1 DAGs
[2026-05-23T16:16:15.046+0000] {logging_mixin.py:190} INFO - [2026-05-23T16:16:15.046+0000] {dag.py:4180} INFO - Setting next_dagrun for example_skip_dag to 2026-05-22 00:00:00+00:00, run_after=2026-05-23 00:00:00+00:00
[2026-05-23T16:16:15.059+0000] {processor.py:208} INFO - Processing /home/airflow/.local/lib/python3.12/site-packages/airflow/example_dags/example_skip_dag.py took 0.061 seconds
[2026-05-23T16:16:46.446+0000] {processor.py:186} INFO - Started process (PID=942) to work on /home/airflow/.local/lib/python3.12/site-packages/airflow/example_dags/example_skip_dag.py
[2026-05-23T16:16:46.447+0000] {processor.py:914} INFO - Processing file /home/airflow/.local/lib/python3.12/site-packages/airflow/example_dags/example_skip_dag.py for tasks to queue
[2026-05-23T16:16:46.448+0000] {logging_mixin.py:190} INFO - [2026-05-23T16:16:46.448+0000] {dagbag.py:588} INFO - Filling up the DagBag from /home/airflow/.local/lib/python3.12/site-packages/airflow/example_dags/example_skip_dag.py
[2026-05-23T16:16:46.454+0000] {processor.py:925} INFO - DAG(s) 'example_skip_dag' retrieved from /home/airflow/.local/lib/python3.12/site-packages/airflow/example_dags/example_skip_dag.py
[2026-05-23T16:16:46.470+0000] {logging_mixin.py:190} INFO - [2026-05-23T16:16:46.470+0000] {dag.py:3239} INFO - Sync 1 DAGs
[2026-05-23T16:16:46.487+0000] {logging_mixin.py:190} INFO - [2026-05-23T16:16:46.486+0000] {dag.py:4180} INFO - Setting next_dagrun for example_skip_dag to 2026-05-22 00:00:00+00:00, run_after=2026-05-23 00:00:00+00:00
[2026-05-23T16:16:46.499+0000] {processor.py:208} INFO - Processing /home/airflow/.local/lib/python3.12/site-packages/airflow/example_dags/example_skip_dag.py took 0.057 seconds
[2026-05-23T16:17:17.061+0000] {processor.py:186} INFO - Started process (PID=1007) to work on /home/airflow/.local/lib/python3.12/site-packages/airflow/example_dags/example_skip_dag.py
[2026-05-23T16:17:17.062+0000] {processor.py:914} INFO - Processing file /home/airflow/.local/lib/python3.12/site-packages/airflow/example_dags/example_skip_dag.py for tasks to queue
[2026-05-23T16:17:17.063+0000] {logging_mixin.py:190} INFO - [2026-05-23T16:17:17.063+0000] {dagbag.py:588} INFO - Filling up the DagBag from /home/airflow/.local/lib/python3.12/site-packages/airflow/example_dags/example_skip_dag.py
[2026-05-23T16:17:17.070+0000] {processor.py:925} INFO - DAG(s) 'example_skip_dag' retrieved from /home/airflow/.local/lib/python3.12/site-packages/airflow/example_dags/example_skip_dag.py
[2026-05-23T16:17:17.086+0000] {logging_mixin.py:190} INFO - [2026-05-23T16:17:17.086+0000] {dag.py:3239} INFO - Sync 1 DAGs
[2026-05-23T16:17:17.104+0000] {logging_mixin.py:190} INFO - [2026-05-23T16:17:17.104+0000] {dag.py:4180} INFO - Setting next_dagrun for example_skip_dag to 2026-05-22 00:00:00+00:00, run_after=2026-05-23 00:00:00+00:00
[2026-05-23T16:17:17.117+0000] {processor.py:208} INFO - Processing /home/airflow/.local/lib/python3.12/site-packages/airflow/example_dags/example_skip_dag.py took 0.061 seconds
[2026-05-23T16:17:48.239+0000] {processor.py:186} INFO - Started process (PID=1072) to work on /home/airflow/.local/lib/python3.12/site-packages/airflow/example_dags/example_skip_dag.py
[2026-05-23T16:17:48.240+0000] {processor.py:914} INFO - Processing file /home/airflow/.local/lib/python3.12/site-packages/airflow/example_dags/example_skip_dag.py for tasks to queue
[2026-05-23T16:17:48.242+0000] {logging_mixin.py:190} INFO - [2026-05-23T16:17:48.241+0000] {dagbag.py:588} INFO - Filling up the DagBag from /home/airflow/.local/lib/python3.12/site-packages/airflow/example_dags/example_skip_dag.py
[2026-05-23T16:17:48.250+0000] {processor.py:925} INFO - DAG(s) 'example_skip_dag' retrieved from /home/airflow/.local/lib/python3.12/site-packages/airflow/example_dags/example_skip_dag.py
[2026-05-23T16:17:48.270+0000] {logging_mixin.py:190} INFO - [2026-05-23T16:17:48.270+0000] {dag.py:3239} INFO - Sync 1 DAGs
[2026-05-23T16:17:48.295+0000] {logging_mixin.py:190} INFO - [2026-05-23T16:17:48.295+0000] {dag.py:4180} INFO - Setting next_dagrun for example_skip_dag to 2026-05-22 00:00:00+00:00, run_after=2026-05-23 00:00:00+00:00
[2026-05-23T16:17:48.314+0000] {processor.py:208} INFO - Processing /home/airflow/.local/lib/python3.12/site-packages/airflow/example_dags/example_skip_dag.py took 0.079 seconds
[2026-05-23T16:18:19.818+0000] {processor.py:186} INFO - Started process (PID=1137) to work on /home/airflow/.local/lib/python3.12/site-packages/airflow/example_dags/example_skip_dag.py
[2026-05-23T16:18:19.818+0000] {processor.py:914} INFO - Processing file /home/airflow/.local/lib/python3.12/site-packages/airflow/example_dags/example_skip_dag.py for tasks to queue
[2026-05-23T16:18:19.820+0000] {logging_mixin.py:190} INFO - [2026-05-23T16:18:19.819+0000] {dagbag.py:588} INFO - Filling up the DagBag from /home/airflow/.local/lib/python3.12/site-packages/airflow/example_dags/example_skip_dag.py
[2026-05-23T16:18:19.826+0000] {processor.py:925} INFO - DAG(s) 'example_skip_dag' retrieved from /home/airflow/.local/lib/python3.12/site-packages/airflow/example_dags/example_skip_dag.py
[2026-05-23T16:18:19.847+0000] {logging_mixin.py:190} INFO - [2026-05-23T16:18:19.847+0000] {dag.py:3239} INFO - Sync 1 DAGs
[2026-05-23T16:18:19.873+0000] {logging_mixin.py:190} INFO - [2026-05-23T16:18:19.872+0000] {dag.py:4180} INFO - Setting next_dagrun for example_skip_dag to 2026-05-22 00:00:00+00:00, run_after=2026-05-23 00:00:00+00:00
[2026-05-23T16:18:19.890+0000] {processor.py:208} INFO - Processing /home/airflow/.local/lib/python3.12/site-packages/airflow/example_dags/example_skip_dag.py took 0.077 seconds
[2026-05-23T16:18:51.163+0000] {processor.py:186} INFO - Started process (PID=1208) to work on /home/airflow/.local/lib/python3.12/site-packages/airflow/example_dags/example_skip_dag.py
[2026-05-23T16:18:51.164+0000] {processor.py:914} INFO - Processing file /home/airflow/.local/lib/python3.12/site-packages/airflow/example_dags/example_skip_dag.py for tasks to queue
[2026-05-23T16:18:51.165+0000] {logging_mixin.py:190} INFO - [2026-05-23T16:18:51.165+0000] {dagbag.py:588} INFO - Filling up the DagBag from /home/airflow/.local/lib/python3.12/site-packages/airflow/example_dags/example_skip_dag.py
[2026-05-23T16:18:51.174+0000] {processor.py:925} INFO - DAG(s) 'example_skip_dag' retrieved from /home/airflow/.local/lib/python3.12/site-packages/airflow/example_dags/example_skip_dag.py
[2026-05-23T16:18:51.194+0000] {logging_mixin.py:190} INFO - [2026-05-23T16:18:51.194+0000] {dag.py:3239} INFO - Sync 1 DAGs
[2026-05-23T16:18:51.215+0000] {logging_mixin.py:190} INFO - [2026-05-23T16:18:51.214+0000] {dag.py:4180} INFO - Setting next_dagrun for example_skip_dag to 2026-05-22 00:00:00+00:00, run_after=2026-05-23 00:00:00+00:00
[2026-05-23T16:18:51.228+0000] {processor.py:208} INFO - Processing /home/airflow/.local/lib/python3.12/site-packages/airflow/example_dags/example_skip_dag.py took 0.073 seconds
[2026-05-23T16:19:22.533+0000] {processor.py:186} INFO - Started process (PID=1273) to work on /home/airflow/.local/lib/python3.12/site-packages/airflow/example_dags/example_skip_dag.py
[2026-05-23T16:19:22.534+0000] {processor.py:914} INFO - Processing file /home/airflow/.local/lib/python3.12/site-packages/airflow/example_dags/example_skip_dag.py for tasks to queue
[2026-05-23T16:19:22.536+0000] {logging_mixin.py:190} INFO - [2026-05-23T16:19:22.536+0000] {dagbag.py:588} INFO - Filling up the DagBag from /home/airflow/.local/lib/python3.12/site-packages/airflow/example_dags/example_skip_dag.py
[2026-05-23T16:19:22.544+0000] {processor.py:925} INFO - DAG(s) 'example_skip_dag' retrieved from /home/airflow/.local/lib/python3.12/site-packages/airflow/example_dags/example_skip_dag.py
[2026-05-23T16:19:22.563+0000] {logging_mixin.py:190} INFO - [2026-05-23T16:19:22.562+0000] {dag.py:3239} INFO - Sync 1 DAGs
[2026-05-23T16:19:22.581+0000] {logging_mixin.py:190} INFO - [2026-05-23T16:19:22.581+0000] {dag.py:4180} INFO - Setting next_dagrun for example_skip_dag to 2026-05-22 00:00:00+00:00, run_after=2026-05-23 00:00:00+00:00
[2026-05-23T16:19:22.594+0000] {processor.py:208} INFO - Processing /home/airflow/.local/lib/python3.12/site-packages/airflow/example_dags/example_skip_dag.py took 0.067 seconds
[2026-05-23T16:19:53.871+0000] {processor.py:186} INFO - Started process (PID=1338) to work on /home/airflow/.local/lib/python3.12/site-packages/airflow/example_dags/example_skip_dag.py
[2026-05-23T16:19:53.872+0000] {processor.py:914} INFO - Processing file /home/airflow/.local/lib/python3.12/site-packages/airflow/example_dags/example_skip_dag.py for tasks to queue
[2026-05-23T16:19:53.874+0000] {logging_mixin.py:190} INFO - [2026-05-23T16:19:53.873+0000] {dagbag.py:588} INFO - Filling up the DagBag from /home/airflow/.local/lib/python3.12/site-packages/airflow/example_dags/example_skip_dag.py
[2026-05-23T16:19:53.880+0000] {processor.py:925} INFO - DAG(s) 'example_skip_dag' retrieved from /home/airflow/.local/lib/python3.12/site-packages/airflow/example_dags/example_skip_dag.py
[2026-05-23T16:19:53.896+0000] {logging_mixin.py:190} INFO - [2026-05-23T16:19:53.896+0000] {dag.py:3239} INFO - Sync 1 DAGs
[2026-05-23T16:19:53.914+0000] {logging_mixin.py:190} INFO - [2026-05-23T16:19:53.913+0000] {dag.py:4180} INFO - Setting next_dagrun for example_skip_dag to 2026-05-22 00:00:00+00:00, run_after=2026-05-23 00:00:00+00:00
[2026-05-23T16:19:53.926+0000] {processor.py:208} INFO - Processing /home/airflow/.local/lib/python3.12/site-packages/airflow/example_dags/example_skip_dag.py took 0.059 seconds
[2026-05-23T16:20:25.347+0000] {processor.py:186} INFO - Started process (PID=1403) to work on /home/airflow/.local/lib/python3.12/site-packages/airflow/example_dags/example_skip_dag.py
[2026-05-23T16:20:25.348+0000] {processor.py:914} INFO - Processing file /home/airflow/.local/lib/python3.12/site-packages/airflow/example_dags/example_skip_dag.py for tasks to queue
[2026-05-23T16:20:25.349+0000] {logging_mixin.py:190} INFO - [2026-05-23T16:20:25.349+0000] {dagbag.py:588} INFO - Filling up the DagBag from /home/airflow/.local/lib/python3.12/site-packages/airflow/example_dags/example_skip_dag.py
[2026-05-23T16:20:25.356+0000] {processor.py:925} INFO - DAG(s) 'example_skip_dag' retrieved from /home/airflow/.local/lib/python3.12/site-packages/airflow/example_dags/example_skip_dag.py
[2026-05-23T16:20:25.372+0000] {logging_mixin.py:190} INFO - [2026-05-23T16:20:25.372+0000] {dag.py:3239} INFO - Sync 1 DAGs
[2026-05-23T16:20:25.393+0000] {logging_mixin.py:190} INFO - [2026-05-23T16:20:25.393+0000] {dag.py:4180} INFO - Setting next_dagrun for example_skip_dag to 2026-05-22 00:00:00+00:00, run_after=2026-05-23 00:00:00+00:00
[2026-05-23T16:20:25.407+0000] {processor.py:208} INFO - Processing /home/airflow/.local/lib/python3.12/site-packages/airflow/example_dags/example_skip_dag.py took 0.065 seconds
[2026-05-23T16:20:56.570+0000] {processor.py:186} INFO - Started process (PID=1468) to work on /home/airflow/.local/lib/python3.12/site-packages/airflow/example_dags/example_skip_dag.py
[2026-05-23T16:20:56.570+0000] {processor.py:914} INFO - Processing file /home/airflow/.local/lib/python3.12/site-packages/airflow/example_dags/example_skip_dag.py for tasks to queue
[2026-05-23T16:20:56.572+0000] {logging_mixin.py:190} INFO - [2026-05-23T16:20:56.572+0000] {dagbag.py:588} INFO - Filling up the DagBag from /home/airflow/.local/lib/python3.12/site-packages/airflow/example_dags/example_skip_dag.py
[2026-05-23T16:20:56.581+0000] {processor.py:925} INFO - DAG(s) 'example_skip_dag' retrieved from /home/airflow/.local/lib/python3.12/site-packages/airflow/example_dags/example_skip_dag.py
[2026-05-23T16:20:56.597+0000] {logging_mixin.py:190} INFO - [2026-05-23T16:20:56.597+0000] {dag.py:3239} INFO - Sync 1 DAGs
[2026-05-23T16:20:56.615+0000] {logging_mixin.py:190} INFO - [2026-05-23T16:20:56.615+0000] {dag.py:4180} INFO - Setting next_dagrun for example_skip_dag to 2026-05-22 00:00:00+00:00, run_after=2026-05-23 00:00:00+00:00
[2026-05-23T16:20:56.627+0000] {processor.py:208} INFO - Processing /home/airflow/.local/lib/python3.12/site-packages/airflow/example_dags/example_skip_dag.py took 0.064 seconds
[2026-05-23T16:21:28.022+0000] {processor.py:186} INFO - Started process (PID=1533) to work on /home/airflow/.local/lib/python3.12/site-packages/airflow/example_dags/example_skip_dag.py
[2026-05-23T16:21:28.023+0000] {processor.py:914} INFO - Processing file /home/airflow/.local/lib/python3.12/site-packages/airflow/example_dags/example_skip_dag.py for tasks to queue
[2026-05-23T16:21:28.024+0000] {logging_mixin.py:190} INFO - [2026-05-23T16:21:28.024+0000] {dagbag.py:588} INFO - Filling up the DagBag from /home/airflow/.local/lib/python3.12/site-packages/airflow/example_dags/example_skip_dag.py
[2026-05-23T16:21:28.030+0000] {processor.py:925} INFO - DAG(s) 'example_skip_dag' retrieved from /home/airflow/.local/lib/python3.12/site-packages/airflow/example_dags/example_skip_dag.py
[2026-05-23T16:21:28.049+0000] {logging_mixin.py:190} INFO - [2026-05-23T16:21:28.049+0000] {dag.py:3239} INFO - Sync 1 DAGs
[2026-05-23T16:21:28.070+0000] {logging_mixin.py:190} INFO - [2026-05-23T16:21:28.070+0000] {dag.py:4180} INFO - Setting next_dagrun for example_skip_dag to 2026-05-22 00:00:00+00:00, run_after=2026-05-23 00:00:00+00:00
[2026-05-23T16:21:28.085+0000] {processor.py:208} INFO - Processing /home/airflow/.local/lib/python3.12/site-packages/airflow/example_dags/example_skip_dag.py took 0.067 seconds
[2026-05-23T16:21:58.872+0000] {processor.py:186} INFO - Started process (PID=1598) to work on /home/airflow/.local/lib/python3.12/site-packages/airflow/example_dags/example_skip_dag.py
[2026-05-23T16:21:58.872+0000] {processor.py:914} INFO - Processing file /home/airflow/.local/lib/python3.12/site-packages/airflow/example_dags/example_skip_dag.py for tasks to queue
[2026-05-23T16:21:58.874+0000] {logging_mixin.py:190} INFO - [2026-05-23T16:21:58.874+0000] {dagbag.py:588} INFO - Filling up the DagBag from /home/airflow/.local/lib/python3.12/site-packages/airflow/example_dags/example_skip_dag.py
[2026-05-23T16:21:58.881+0000] {processor.py:925} INFO - DAG(s) 'example_skip_dag' retrieved from /home/airflow/.local/lib/python3.12/site-packages/airflow/example_dags/example_skip_dag.py
[2026-05-23T16:21:58.902+0000] {logging_mixin.py:190} INFO - [2026-05-23T16:21:58.902+0000] {dag.py:3239} INFO - Sync 1 DAGs
[2026-05-23T16:21:58.921+0000] {logging_mixin.py:190} INFO - [2026-05-23T16:21:58.921+0000] {dag.py:4180} INFO - Setting next_dagrun for example_skip_dag to 2026-05-22 00:00:00+00:00, run_after=2026-05-23 00:00:00+00:00
[2026-05-23T16:21:58.940+0000] {processor.py:208} INFO - Processing /home/airflow/.local/lib/python3.12/site-packages/airflow/example_dags/example_skip_dag.py took 0.073 seconds
[2026-05-23T16:22:29.913+0000] {processor.py:186} INFO - Started process (PID=1663) to work on /home/airflow/.local/lib/python3.12/site-packages/airflow/example_dags/example_skip_dag.py
[2026-05-23T16:22:29.914+0000] {processor.py:914} INFO - Processing file /home/airflow/.local/lib/python3.12/site-packages/airflow/example_dags/example_skip_dag.py for tasks to queue
[2026-05-23T16:22:29.915+0000] {logging_mixin.py:190} INFO - [2026-05-23T16:22:29.915+0000] {dagbag.py:588} INFO - Filling up the DagBag from /home/airflow/.local/lib/python3.12/site-packages/airflow/example_dags/example_skip_dag.py
[2026-05-23T16:22:29.922+0000] {processor.py:925} INFO - DAG(s) 'example_skip_dag' retrieved from /home/airflow/.local/lib/python3.12/site-packages/airflow/example_dags/example_skip_dag.py
[2026-05-23T16:22:29.940+0000] {logging_mixin.py:190} INFO - [2026-05-23T16:22:29.940+0000] {dag.py:3239} INFO - Sync 1 DAGs
[2026-05-23T16:22:29.962+0000] {logging_mixin.py:190} INFO - [2026-05-23T16:22:29.962+0000] {dag.py:4180} INFO - Setting next_dagrun for example_skip_dag to 2026-05-22 00:00:00+00:00, run_after=2026-05-23 00:00:00+00:00
[2026-05-23T16:22:29.976+0000] {processor.py:208} INFO - Processing /home/airflow/.local/lib/python3.12/site-packages/airflow/example_dags/example_skip_dag.py took 0.068 seconds
[2026-05-23T16:23:01.102+0000] {processor.py:186} INFO - Started process (PID=1728) to work on /home/airflow/.local/lib/python3.12/site-packages/airflow/example_dags/example_skip_dag.py
[2026-05-23T16:23:01.102+0000] {processor.py:914} INFO - Processing file /home/airflow/.local/lib/python3.12/site-packages/airflow/example_dags/example_skip_dag.py for tasks to queue
[2026-05-23T16:23:01.104+0000] {logging_mixin.py:190} INFO - [2026-05-23T16:23:01.103+0000] {dagbag.py:588} INFO - Filling up the DagBag from /home/airflow/.local/lib/python3.12/site-packages/airflow/example_dags/example_skip_dag.py
[2026-05-23T16:23:01.110+0000] {processor.py:925} INFO - DAG(s) 'example_skip_dag' retrieved from /home/airflow/.local/lib/python3.12/site-packages/airflow/example_dags/example_skip_dag.py
[2026-05-23T16:23:01.125+0000] {logging_mixin.py:190} INFO - [2026-05-23T16:23:01.125+0000] {dag.py:3239} INFO - Sync 1 DAGs
[2026-05-23T16:23:01.142+0000] {logging_mixin.py:190} INFO - [2026-05-23T16:23:01.142+0000] {dag.py:4180} INFO - Setting next_dagrun for example_skip_dag to 2026-05-22 00:00:00+00:00, run_after=2026-05-23 00:00:00+00:00
[2026-05-23T16:23:01.155+0000] {processor.py:208} INFO - Processing /home/airflow/.local/lib/python3.12/site-packages/airflow/example_dags/example_skip_dag.py took 0.057 seconds
[2026-05-23T16:23:31.998+0000] {processor.py:186} INFO - Started process (PID=1793) to work on /home/airflow/.local/lib/python3.12/site-packages/airflow/example_dags/example_skip_dag.py
[2026-05-23T16:23:31.998+0000] {processor.py:914} INFO - Processing file /home/airflow/.local/lib/python3.12/site-packages/airflow/example_dags/example_skip_dag.py for tasks to queue
[2026-05-23T16:23:32.000+0000] {logging_mixin.py:190} INFO - [2026-05-23T16:23:32.000+0000] {dagbag.py:588} INFO - Filling up the DagBag from /home/airflow/.local/lib/python3.12/site-packages/airflow/example_dags/example_skip_dag.py
[2026-05-23T16:23:32.007+0000] {processor.py:925} INFO - DAG(s) 'example_skip_dag' retrieved from /home/airflow/.local/lib/python3.12/site-packages/airflow/example_dags/example_skip_dag.py
[2026-05-23T16:23:32.028+0000] {logging_mixin.py:190} INFO - [2026-05-23T16:23:32.028+0000] {dag.py:3239} INFO - Sync 1 DAGs
[2026-05-23T16:23:32.056+0000] {logging_mixin.py:190} INFO - [2026-05-23T16:23:32.056+0000] {dag.py:4180} INFO - Setting next_dagrun for example_skip_dag to 2026-05-22 00:00:00+00:00, run_after=2026-05-23 00:00:00+00:00
[2026-05-23T16:23:32.075+0000] {processor.py:208} INFO - Processing /home/airflow/.local/lib/python3.12/site-packages/airflow/example_dags/example_skip_dag.py took 0.082 seconds
[2026-05-23T16:24:02.981+0000] {processor.py:186} INFO - Started process (PID=1858) to work on /home/airflow/.local/lib/python3.12/site-packages/airflow/example_dags/example_skip_dag.py
[2026-05-23T16:24:02.982+0000] {processor.py:914} INFO - Processing file /home/airflow/.local/lib/python3.12/site-packages/airflow/example_dags/example_skip_dag.py for tasks to queue
[2026-05-23T16:24:02.983+0000] {logging_mixin.py:190} INFO - [2026-05-23T16:24:02.983+0000] {dagbag.py:588} INFO - Filling up the DagBag from /home/airflow/.local/lib/python3.12/site-packages/airflow/example_dags/example_skip_dag.py
[2026-05-23T16:24:02.991+0000] {processor.py:925} INFO - DAG(s) 'example_skip_dag' retrieved from /home/airflow/.local/lib/python3.12/site-packages/airflow/example_dags/example_skip_dag.py
[2026-05-23T16:24:03.010+0000] {logging_mixin.py:190} INFO - [2026-05-23T16:24:03.010+0000] {dag.py:3239} INFO - Sync 1 DAGs
[2026-05-23T16:24:03.027+0000] {logging_mixin.py:190} INFO - [2026-05-23T16:24:03.027+0000] {dag.py:4180} INFO - Setting next_dagrun for example_skip_dag to 2026-05-22 00:00:00+00:00, run_after=2026-05-23 00:00:00+00:00
[2026-05-23T16:24:03.042+0000] {processor.py:208} INFO - Processing /home/airflow/.local/lib/python3.12/site-packages/airflow/example_dags/example_skip_dag.py took 0.065 seconds
[2026-05-23T16:24:33.649+0000] {processor.py:186} INFO - Started process (PID=1923) to work on /home/airflow/.local/lib/python3.12/site-packages/airflow/example_dags/example_skip_dag.py
[2026-05-23T16:24:33.650+0000] {processor.py:914} INFO - Processing file /home/airflow/.local/lib/python3.12/site-packages/airflow/example_dags/example_skip_dag.py for tasks to queue
[2026-05-23T16:24:33.651+0000] {logging_mixin.py:190} INFO - [2026-05-23T16:24:33.651+0000] {dagbag.py:588} INFO - Filling up the DagBag from /home/airflow/.local/lib/python3.12/site-packages/airflow/example_dags/example_skip_dag.py
[2026-05-23T16:24:33.657+0000] {processor.py:925} INFO - DAG(s) 'example_skip_dag' retrieved from /home/airflow/.local/lib/python3.12/site-packages/airflow/example_dags/example_skip_dag.py
[2026-05-23T16:24:33.673+0000] {logging_mixin.py:190} INFO - [2026-05-23T16:24:33.673+0000] {dag.py:3239} INFO - Sync 1 DAGs
[2026-05-23T16:24:33.694+0000] {logging_mixin.py:190} INFO - [2026-05-23T16:24:33.694+0000] {dag.py:4180} INFO - Setting next_dagrun for example_skip_dag to 2026-05-22 00:00:00+00:00, run_after=2026-05-23 00:00:00+00:00
[2026-05-23T16:24:33.707+0000] {processor.py:208} INFO - Processing /home/airflow/.local/lib/python3.12/site-packages/airflow/example_dags/example_skip_dag.py took 0.062 seconds
[2026-05-23T16:25:05.124+0000] {processor.py:186} INFO - Started process (PID=1987) to work on /home/airflow/.local/lib/python3.12/site-packages/airflow/example_dags/example_skip_dag.py
[2026-05-23T16:25:05.124+0000] {processor.py:914} INFO - Processing file /home/airflow/.local/lib/python3.12/site-packages/airflow/example_dags/example_skip_dag.py for tasks to queue
[2026-05-23T16:25:05.126+0000] {logging_mixin.py:190} INFO - [2026-05-23T16:25:05.126+0000] {dagbag.py:588} INFO - Filling up the DagBag from /home/airflow/.local/lib/python3.12/site-packages/airflow/example_dags/example_skip_dag.py
[2026-05-23T16:25:05.132+0000] {processor.py:925} INFO - DAG(s) 'example_skip_dag' retrieved from /home/airflow/.local/lib/python3.12/site-packages/airflow/example_dags/example_skip_dag.py
[2026-05-23T16:25:05.147+0000] {logging_mixin.py:190} INFO - [2026-05-23T16:25:05.147+0000] {dag.py:3239} INFO - Sync 1 DAGs
[2026-05-23T16:25:05.165+0000] {logging_mixin.py:190} INFO - [2026-05-23T16:25:05.165+0000] {dag.py:4180} INFO - Setting next_dagrun for example_skip_dag to 2026-05-22 00:00:00+00:00, run_after=2026-05-23 00:00:00+00:00
[2026-05-23T16:25:05.177+0000] {processor.py:208} INFO - Processing /home/airflow/.local/lib/python3.12/site-packages/airflow/example_dags/example_skip_dag.py took 0.058 seconds
[2026-05-23T16:25:36.574+0000] {processor.py:186} INFO - Started process (PID=2052) to work on /home/airflow/.local/lib/python3.12/site-packages/airflow/example_dags/example_skip_dag.py
[2026-05-23T16:25:36.575+0000] {processor.py:914} INFO - Processing file /home/airflow/.local/lib/python3.12/site-packages/airflow/example_dags/example_skip_dag.py for tasks to queue
[2026-05-23T16:25:36.576+0000] {logging_mixin.py:190} INFO - [2026-05-23T16:25:36.576+0000] {dagbag.py:588} INFO - Filling up the DagBag from /home/airflow/.local/lib/python3.12/site-packages/airflow/example_dags/example_skip_dag.py
[2026-05-23T16:25:36.582+0000] {processor.py:925} INFO - DAG(s) 'example_skip_dag' retrieved from /home/airflow/.local/lib/python3.12/site-packages/airflow/example_dags/example_skip_dag.py
[2026-05-23T16:25:36.603+0000] {logging_mixin.py:190} INFO - [2026-05-23T16:25:36.603+0000] {dag.py:3239} INFO - Sync 1 DAGs
[2026-05-23T16:25:36.624+0000] {logging_mixin.py:190} INFO - [2026-05-23T16:25:36.624+0000] {dag.py:4180} INFO - Setting next_dagrun for example_skip_dag to 2026-05-22 00:00:00+00:00, run_after=2026-05-23 00:00:00+00:00
[2026-05-23T16:25:36.637+0000] {processor.py:208} INFO - Processing /home/airflow/.local/lib/python3.12/site-packages/airflow/example_dags/example_skip_dag.py took 0.067 seconds
[2026-05-23T16:26:08.015+0000] {processor.py:186} INFO - Started process (PID=2117) to work on /home/airflow/.local/lib/python3.12/site-packages/airflow/example_dags/example_skip_dag.py
[2026-05-23T16:26:08.015+0000] {processor.py:914} INFO - Processing file /home/airflow/.local/lib/python3.12/site-packages/airflow/example_dags/example_skip_dag.py for tasks to queue
[2026-05-23T16:26:08.017+0000] {logging_mixin.py:190} INFO - [2026-05-23T16:26:08.017+0000] {dagbag.py:588} INFO - Filling up the DagBag from /home/airflow/.local/lib/python3.12/site-packages/airflow/example_dags/example_skip_dag.py
[2026-05-23T16:26:08.023+0000] {processor.py:925} INFO - DAG(s) 'example_skip_dag' retrieved from /home/airflow/.local/lib/python3.12/site-packages/airflow/example_dags/example_skip_dag.py
[2026-05-23T16:26:08.039+0000] {logging_mixin.py:190} INFO - [2026-05-23T16:26:08.039+0000] {dag.py:3239} INFO - Sync 1 DAGs
[2026-05-23T16:26:08.057+0000] {logging_mixin.py:190} INFO - [2026-05-23T16:26:08.057+0000] {dag.py:4180} INFO - Setting next_dagrun for example_skip_dag to 2026-05-22 00:00:00+00:00, run_after=2026-05-23 00:00:00+00:00
[2026-05-23T16:26:08.071+0000] {processor.py:208} INFO - Processing /home/airflow/.local/lib/python3.12/site-packages/airflow/example_dags/example_skip_dag.py took 0.061 seconds
[2026-05-23T16:26:39.512+0000] {processor.py:186} INFO - Started process (PID=2182) to work on /home/airflow/.local/lib/python3.12/site-packages/airflow/example_dags/example_skip_dag.py
[2026-05-23T16:26:39.512+0000] {processor.py:914} INFO - Processing file /home/airflow/.local/lib/python3.12/site-packages/airflow/example_dags/example_skip_dag.py for tasks to queue
[2026-05-23T16:26:39.514+0000] {logging_mixin.py:190} INFO - [2026-05-23T16:26:39.513+0000] {dagbag.py:588} INFO - Filling up the DagBag from /home/airflow/.local/lib/python3.12/site-packages/airflow/example_dags/example_skip_dag.py
[2026-05-23T16:26:39.519+0000] {processor.py:925} INFO - DAG(s) 'example_skip_dag' retrieved from /home/airflow/.local/lib/python3.12/site-packages/airflow/example_dags/example_skip_dag.py
[2026-05-23T16:26:39.535+0000] {logging_mixin.py:190} INFO - [2026-05-23T16:26:39.535+0000] {dag.py:3239} INFO - Sync 1 DAGs
[2026-05-23T16:26:39.554+0000] {logging_mixin.py:190} INFO - [2026-05-23T16:26:39.554+0000] {dag.py:4180} INFO - Setting next_dagrun for example_skip_dag to 2026-05-22 00:00:00+00:00, run_after=2026-05-23 00:00:00+00:00
[2026-05-23T16:26:39.567+0000] {processor.py:208} INFO - Processing /home/airflow/.local/lib/python3.12/site-packages/airflow/example_dags/example_skip_dag.py took 0.060 seconds
[2026-05-23T16:27:10.961+0000] {processor.py:186} INFO - Started process (PID=2248) to work on /home/airflow/.local/lib/python3.12/site-packages/airflow/example_dags/example_skip_dag.py
[2026-05-23T16:27:10.962+0000] {processor.py:914} INFO - Processing file /home/airflow/.local/lib/python3.12/site-packages/airflow/example_dags/example_skip_dag.py for tasks to queue
[2026-05-23T16:27:10.963+0000] {logging_mixin.py:190} INFO - [2026-05-23T16:27:10.963+0000] {dagbag.py:588} INFO - Filling up the DagBag from /home/airflow/.local/lib/python3.12/site-packages/airflow/example_dags/example_skip_dag.py
[2026-05-23T16:27:10.969+0000] {processor.py:925} INFO - DAG(s) 'example_skip_dag' retrieved from /home/airflow/.local/lib/python3.12/site-packages/airflow/example_dags/example_skip_dag.py
[2026-05-23T16:27:10.988+0000] {logging_mixin.py:190} INFO - [2026-05-23T16:27:10.988+0000] {dag.py:3239} INFO - Sync 1 DAGs
[2026-05-23T16:27:11.008+0000] {logging_mixin.py:190} INFO - [2026-05-23T16:27:11.008+0000] {dag.py:4180} INFO - Setting next_dagrun for example_skip_dag to 2026-05-22 00:00:00+00:00, run_after=2026-05-23 00:00:00+00:00
[2026-05-23T16:27:11.022+0000] {processor.py:208} INFO - Processing /home/airflow/.local/lib/python3.12/site-packages/airflow/example_dags/example_skip_dag.py took 0.065 seconds
[2026-05-23T16:27:42.329+0000] {processor.py:186} INFO - Started process (PID=2313) to work on /home/airflow/.local/lib/python3.12/site-packages/airflow/example_dags/example_skip_dag.py
[2026-05-23T16:27:42.330+0000] {processor.py:914} INFO - Processing file /home/airflow/.local/lib/python3.12/site-packages/airflow/example_dags/example_skip_dag.py for tasks to queue
[2026-05-23T16:27:42.332+0000] {logging_mixin.py:190} INFO - [2026-05-23T16:27:42.331+0000] {dagbag.py:588} INFO - Filling up the DagBag from /home/airflow/.local/lib/python3.12/site-packages/airflow/example_dags/example_skip_dag.py
[2026-05-23T16:27:42.338+0000] {processor.py:925} INFO - DAG(s) 'example_skip_dag' retrieved from /home/airflow/.local/lib/python3.12/site-packages/airflow/example_dags/example_skip_dag.py
[2026-05-23T16:27:42.356+0000] {logging_mixin.py:190} INFO - [2026-05-23T16:27:42.355+0000] {dag.py:3239} INFO - Sync 1 DAGs
[2026-05-23T16:27:42.374+0000] {logging_mixin.py:190} INFO - [2026-05-23T16:27:42.374+0000] {dag.py:4180} INFO - Setting next_dagrun for example_skip_dag to 2026-05-22 00:00:00+00:00, run_after=2026-05-23 00:00:00+00:00
[2026-05-23T16:27:42.388+0000] {processor.py:208} INFO - Processing /home/airflow/.local/lib/python3.12/site-packages/airflow/example_dags/example_skip_dag.py took 0.064 seconds
[2026-05-23T16:28:13.779+0000] {processor.py:186} INFO - Started process (PID=2378) to work on /home/airflow/.local/lib/python3.12/site-packages/airflow/example_dags/example_skip_dag.py
[2026-05-23T16:28:13.780+0000] {processor.py:914} INFO - Processing file /home/airflow/.local/lib/python3.12/site-packages/airflow/example_dags/example_skip_dag.py for tasks to queue
[2026-05-23T16:28:13.782+0000] {logging_mixin.py:190} INFO - [2026-05-23T16:28:13.781+0000] {dagbag.py:588} INFO - Filling up the DagBag from /home/airflow/.local/lib/python3.12/site-packages/airflow/example_dags/example_skip_dag.py
[2026-05-23T16:28:13.791+0000] {processor.py:925} INFO - DAG(s) 'example_skip_dag' retrieved from /home/airflow/.local/lib/python3.12/site-packages/airflow/example_dags/example_skip_dag.py
[2026-05-23T16:28:13.812+0000] {logging_mixin.py:190} INFO - [2026-05-23T16:28:13.812+0000] {dag.py:3239} INFO - Sync 1 DAGs
[2026-05-23T16:28:13.836+0000] {logging_mixin.py:190} INFO - [2026-05-23T16:28:13.835+0000] {dag.py:4180} INFO - Setting next_dagrun for example_skip_dag to 2026-05-22 00:00:00+00:00, run_after=2026-05-23 00:00:00+00:00
[2026-05-23T16:28:13.850+0000] {processor.py:208} INFO - Processing /home/airflow/.local/lib/python3.12/site-packages/airflow/example_dags/example_skip_dag.py took 0.075 seconds
[2026-05-23T16:28:44.894+0000] {processor.py:186} INFO - Started process (PID=2443) to work on /home/airflow/.local/lib/python3.12/site-packages/airflow/example_dags/example_skip_dag.py
[2026-05-23T16:28:44.895+0000] {processor.py:914} INFO - Processing file /home/airflow/.local/lib/python3.12/site-packages/airflow/example_dags/example_skip_dag.py for tasks to queue
[2026-05-23T16:28:44.896+0000] {logging_mixin.py:190} INFO - [2026-05-23T16:28:44.896+0000] {dagbag.py:588} INFO - Filling up the DagBag from /home/airflow/.local/lib/python3.12/site-packages/airflow/example_dags/example_skip_dag.py
[2026-05-23T16:28:44.903+0000] {processor.py:925} INFO - DAG(s) 'example_skip_dag' retrieved from /home/airflow/.local/lib/python3.12/site-packages/airflow/example_dags/example_skip_dag.py
[2026-05-23T16:28:44.919+0000] {logging_mixin.py:190} INFO - [2026-05-23T16:28:44.919+0000] {dag.py:3239} INFO - Sync 1 DAGs
[2026-05-23T16:28:44.939+0000] {logging_mixin.py:190} INFO - [2026-05-23T16:28:44.939+0000] {dag.py:4180} INFO - Setting next_dagrun for example_skip_dag to 2026-05-22 00:00:00+00:00, run_after=2026-05-23 00:00:00+00:00
[2026-05-23T16:28:44.952+0000] {processor.py:208} INFO - Processing /home/airflow/.local/lib/python3.12/site-packages/airflow/example_dags/example_skip_dag.py took 0.062 seconds
[2026-05-23T16:29:15.895+0000] {processor.py:186} INFO - Started process (PID=2508) to work on /home/airflow/.local/lib/python3.12/site-packages/airflow/example_dags/example_skip_dag.py
[2026-05-23T16:29:15.896+0000] {processor.py:914} INFO - Processing file /home/airflow/.local/lib/python3.12/site-packages/airflow/example_dags/example_skip_dag.py for tasks to queue
[2026-05-23T16:29:15.898+0000] {logging_mixin.py:190} INFO - [2026-05-23T16:29:15.897+0000] {dagbag.py:588} INFO - Filling up the DagBag from /home/airflow/.local/lib/python3.12/site-packages/airflow/example_dags/example_skip_dag.py
[2026-05-23T16:29:15.905+0000] {processor.py:925} INFO - DAG(s) 'example_skip_dag' retrieved from /home/airflow/.local/lib/python3.12/site-packages/airflow/example_dags/example_skip_dag.py
[2026-05-23T16:29:15.926+0000] {logging_mixin.py:190} INFO - [2026-05-23T16:29:15.925+0000] {dag.py:3239} INFO - Sync 1 DAGs
[2026-05-23T16:29:15.950+0000] {logging_mixin.py:190} INFO - [2026-05-23T16:29:15.950+0000] {dag.py:4180} INFO - Setting next_dagrun for example_skip_dag to 2026-05-22 00:00:00+00:00, run_after=2026-05-23 00:00:00+00:00
[2026-05-23T16:29:15.966+0000] {processor.py:208} INFO - Processing /home/airflow/.local/lib/python3.12/site-packages/airflow/example_dags/example_skip_dag.py took 0.076 seconds
[2026-05-23T16:29:46.679+0000] {processor.py:186} INFO - Started process (PID=2574) to work on /home/airflow/.local/lib/python3.12/site-packages/airflow/example_dags/example_skip_dag.py
[2026-05-23T16:29:46.680+0000] {processor.py:914} INFO - Processing file /home/airflow/.local/lib/python3.12/site-packages/airflow/example_dags/example_skip_dag.py for tasks to queue
[2026-05-23T16:29:46.681+0000] {logging_mixin.py:190} INFO - [2026-05-23T16:29:46.681+0000] {dagbag.py:588} INFO - Filling up the DagBag from /home/airflow/.local/lib/python3.12/site-packages/airflow/example_dags/example_skip_dag.py
[2026-05-23T16:29:46.687+0000] {processor.py:925} INFO - DAG(s) 'example_skip_dag' retrieved from /home/airflow/.local/lib/python3.12/site-packages/airflow/example_dags/example_skip_dag.py
[2026-05-23T16:29:46.703+0000] {logging_mixin.py:190} INFO - [2026-05-23T16:29:46.703+0000] {dag.py:3239} INFO - Sync 1 DAGs
[2026-05-23T16:29:46.721+0000] {logging_mixin.py:190} INFO - [2026-05-23T16:29:46.720+0000] {dag.py:4180} INFO - Setting next_dagrun for example_skip_dag to 2026-05-22 00:00:00+00:00, run_after=2026-05-23 00:00:00+00:00
[2026-05-23T16:29:46.733+0000] {processor.py:208} INFO - Processing /home/airflow/.local/lib/python3.12/site-packages/airflow/example_dags/example_skip_dag.py took 0.059 seconds
[2026-05-23T16:30:18.418+0000] {processor.py:186} INFO - Started process (PID=2639) to work on /home/airflow/.local/lib/python3.12/site-packages/airflow/example_dags/example_skip_dag.py
[2026-05-23T16:30:18.419+0000] {processor.py:914} INFO - Processing file /home/airflow/.local/lib/python3.12/site-packages/airflow/example_dags/example_skip_dag.py for tasks to queue
[2026-05-23T16:30:18.420+0000] {logging_mixin.py:190} INFO - [2026-05-23T16:30:18.420+0000] {dagbag.py:588} INFO - Filling up the DagBag from /home/airflow/.local/lib/python3.12/site-packages/airflow/example_dags/example_skip_dag.py
[2026-05-23T16:30:18.426+0000] {processor.py:925} INFO - DAG(s) 'example_skip_dag' retrieved from /home/airflow/.local/lib/python3.12/site-packages/airflow/example_dags/example_skip_dag.py
[2026-05-23T16:30:18.445+0000] {logging_mixin.py:190} INFO - [2026-05-23T16:30:18.445+0000] {dag.py:3239} INFO - Sync 1 DAGs
[2026-05-23T16:30:18.464+0000] {logging_mixin.py:190} INFO - [2026-05-23T16:30:18.464+0000] {dag.py:4180} INFO - Setting next_dagrun for example_skip_dag to 2026-05-22 00:00:00+00:00, run_after=2026-05-23 00:00:00+00:00
[2026-05-23T16:30:18.479+0000] {processor.py:208} INFO - Processing /home/airflow/.local/lib/python3.12/site-packages/airflow/example_dags/example_skip_dag.py took 0.065 seconds
[2026-05-23T16:30:49.410+0000] {processor.py:186} INFO - Started process (PID=2704) to work on /home/airflow/.local/lib/python3.12/site-packages/airflow/example_dags/example_skip_dag.py
[2026-05-23T16:30:49.410+0000] {processor.py:914} INFO - Processing file /home/airflow/.local/lib/python3.12/site-packages/airflow/example_dags/example_skip_dag.py for tasks to queue
[2026-05-23T16:30:49.412+0000] {logging_mixin.py:190} INFO - [2026-05-23T16:30:49.412+0000] {dagbag.py:588} INFO - Filling up the DagBag from /home/airflow/.local/lib/python3.12/site-packages/airflow/example_dags/example_skip_dag.py
[2026-05-23T16:30:49.418+0000] {processor.py:925} INFO - DAG(s) 'example_skip_dag' retrieved from /home/airflow/.local/lib/python3.12/site-packages/airflow/example_dags/example_skip_dag.py
[2026-05-23T16:30:49.435+0000] {logging_mixin.py:190} INFO - [2026-05-23T16:30:49.435+0000] {dag.py:3239} INFO - Sync 1 DAGs
[2026-05-23T16:30:49.454+0000] {logging_mixin.py:190} INFO - [2026-05-23T16:30:49.454+0000] {dag.py:4180} INFO - Setting next_dagrun for example_skip_dag to 2026-05-22 00:00:00+00:00, run_after=2026-05-23 00:00:00+00:00
[2026-05-23T16:30:49.469+0000] {processor.py:208} INFO - Processing /home/airflow/.local/lib/python3.12/site-packages/airflow/example_dags/example_skip_dag.py took 0.063 seconds
[2026-05-23T16:31:21.124+0000] {processor.py:186} INFO - Started process (PID=2769) to work on /home/airflow/.local/lib/python3.12/site-packages/airflow/example_dags/example_skip_dag.py
[2026-05-23T16:31:21.125+0000] {processor.py:914} INFO - Processing file /home/airflow/.local/lib/python3.12/site-packages/airflow/example_dags/example_skip_dag.py for tasks to queue
[2026-05-23T16:31:21.126+0000] {logging_mixin.py:190} INFO - [2026-05-23T16:31:21.126+0000] {dagbag.py:588} INFO - Filling up the DagBag from /home/airflow/.local/lib/python3.12/site-packages/airflow/example_dags/example_skip_dag.py
[2026-05-23T16:31:21.132+0000] {processor.py:925} INFO - DAG(s) 'example_skip_dag' retrieved from /home/airflow/.local/lib/python3.12/site-packages/airflow/example_dags/example_skip_dag.py
[2026-05-23T16:31:21.147+0000] {logging_mixin.py:190} INFO - [2026-05-23T16:31:21.147+0000] {dag.py:3239} INFO - Sync 1 DAGs
[2026-05-23T16:31:21.164+0000] {logging_mixin.py:190} INFO - [2026-05-23T16:31:21.164+0000] {dag.py:4180} INFO - Setting next_dagrun for example_skip_dag to 2026-05-22 00:00:00+00:00, run_after=2026-05-23 00:00:00+00:00
[2026-05-23T16:31:21.178+0000] {processor.py:208} INFO - Processing /home/airflow/.local/lib/python3.12/site-packages/airflow/example_dags/example_skip_dag.py took 0.058 seconds
[2026-05-23T16:31:52.209+0000] {processor.py:186} INFO - Started process (PID=2834) to work on /home/airflow/.local/lib/python3.12/site-packages/airflow/example_dags/example_skip_dag.py
[2026-05-23T16:31:52.210+0000] {processor.py:914} INFO - Processing file /home/airflow/.local/lib/python3.12/site-packages/airflow/example_dags/example_skip_dag.py for tasks to queue
[2026-05-23T16:31:52.212+0000] {logging_mixin.py:190} INFO - [2026-05-23T16:31:52.211+0000] {dagbag.py:588} INFO - Filling up the DagBag from /home/airflow/.local/lib/python3.12/site-packages/airflow/example_dags/example_skip_dag.py
[2026-05-23T16:31:52.218+0000] {processor.py:925} INFO - DAG(s) 'example_skip_dag' retrieved from /home/airflow/.local/lib/python3.12/site-packages/airflow/example_dags/example_skip_dag.py
[2026-05-23T16:31:52.234+0000] {logging_mixin.py:190} INFO - [2026-05-23T16:31:52.233+0000] {dag.py:3239} INFO - Sync 1 DAGs
[2026-05-23T16:31:52.257+0000] {logging_mixin.py:190} INFO - [2026-05-23T16:31:52.257+0000] {dag.py:4180} INFO - Setting next_dagrun for example_skip_dag to 2026-05-22 00:00:00+00:00, run_after=2026-05-23 00:00:00+00:00
[2026-05-23T16:31:52.271+0000] {processor.py:208} INFO - Processing /home/airflow/.local/lib/python3.12/site-packages/airflow/example_dags/example_skip_dag.py took 0.066 seconds
[2026-05-23T16:32:24.580+0000] {processor.py:186} INFO - Started process (PID=2906) to work on /home/airflow/.local/lib/python3.12/site-packages/airflow/example_dags/example_skip_dag.py
[2026-05-23T16:32:24.581+0000] {processor.py:914} INFO - Processing file /home/airflow/.local/lib/python3.12/site-packages/airflow/example_dags/example_skip_dag.py for tasks to queue
[2026-05-23T16:32:24.582+0000] {logging_mixin.py:190} INFO - [2026-05-23T16:32:24.582+0000] {dagbag.py:588} INFO - Filling up the DagBag from /home/airflow/.local/lib/python3.12/site-packages/airflow/example_dags/example_skip_dag.py
[2026-05-23T16:32:24.588+0000] {processor.py:925} INFO - DAG(s) 'example_skip_dag' retrieved from /home/airflow/.local/lib/python3.12/site-packages/airflow/example_dags/example_skip_dag.py
[2026-05-23T16:32:24.604+0000] {logging_mixin.py:190} INFO - [2026-05-23T16:32:24.604+0000] {dag.py:3239} INFO - Sync 1 DAGs
[2026-05-23T16:32:24.621+0000] {logging_mixin.py:190} INFO - [2026-05-23T16:32:24.621+0000] {dag.py:4180} INFO - Setting next_dagrun for example_skip_dag to 2026-05-22 00:00:00+00:00, run_after=2026-05-23 00:00:00+00:00
[2026-05-23T16:32:24.633+0000] {processor.py:208} INFO - Processing /home/airflow/.local/lib/python3.12/site-packages/airflow/example_dags/example_skip_dag.py took 0.058 seconds
[2026-05-23T16:32:55.884+0000] {processor.py:186} INFO - Started process (PID=2971) to work on /home/airflow/.local/lib/python3.12/site-packages/airflow/example_dags/example_skip_dag.py
[2026-05-23T16:32:55.885+0000] {processor.py:914} INFO - Processing file /home/airflow/.local/lib/python3.12/site-packages/airflow/example_dags/example_skip_dag.py for tasks to queue
[2026-05-23T16:32:55.887+0000] {logging_mixin.py:190} INFO - [2026-05-23T16:32:55.886+0000] {dagbag.py:588} INFO - Filling up the DagBag from /home/airflow/.local/lib/python3.12/site-packages/airflow/example_dags/example_skip_dag.py
[2026-05-23T16:32:55.893+0000] {processor.py:925} INFO - DAG(s) 'example_skip_dag' retrieved from /home/airflow/.local/lib/python3.12/site-packages/airflow/example_dags/example_skip_dag.py
[2026-05-23T16:32:55.911+0000] {logging_mixin.py:190} INFO - [2026-05-23T16:32:55.910+0000] {dag.py:3239} INFO - Sync 1 DAGs
[2026-05-23T16:32:55.930+0000] {logging_mixin.py:190} INFO - [2026-05-23T16:32:55.930+0000] {dag.py:4180} INFO - Setting next_dagrun for example_skip_dag to 2026-05-22 00:00:00+00:00, run_after=2026-05-23 00:00:00+00:00
[2026-05-23T16:32:55.946+0000] {processor.py:208} INFO - Processing /home/airflow/.local/lib/python3.12/site-packages/airflow/example_dags/example_skip_dag.py took 0.067 seconds
[2026-05-23T16:33:26.693+0000] {processor.py:186} INFO - Started process (PID=3036) to work on /home/airflow/.local/lib/python3.12/site-packages/airflow/example_dags/example_skip_dag.py
[2026-05-23T16:33:26.694+0000] {processor.py:914} INFO - Processing file /home/airflow/.local/lib/python3.12/site-packages/airflow/example_dags/example_skip_dag.py for tasks to queue
[2026-05-23T16:33:26.696+0000] {logging_mixin.py:190} INFO - [2026-05-23T16:33:26.696+0000] {dagbag.py:588} INFO - Filling up the DagBag from /home/airflow/.local/lib/python3.12/site-packages/airflow/example_dags/example_skip_dag.py
[2026-05-23T16:33:26.705+0000] {processor.py:925} INFO - DAG(s) 'example_skip_dag' retrieved from /home/airflow/.local/lib/python3.12/site-packages/airflow/example_dags/example_skip_dag.py
[2026-05-23T16:33:26.730+0000] {logging_mixin.py:190} INFO - [2026-05-23T16:33:26.729+0000] {dag.py:3239} INFO - Sync 1 DAGs
[2026-05-23T16:33:26.757+0000] {logging_mixin.py:190} INFO - [2026-05-23T16:33:26.757+0000] {dag.py:4180} INFO - Setting next_dagrun for example_skip_dag to 2026-05-22 00:00:00+00:00, run_after=2026-05-23 00:00:00+00:00
[2026-05-23T16:33:26.775+0000] {processor.py:208} INFO - Processing /home/airflow/.local/lib/python3.12/site-packages/airflow/example_dags/example_skip_dag.py took 0.089 seconds
[2026-05-23T16:33:57.733+0000] {processor.py:186} INFO - Started process (PID=3101) to work on /home/airflow/.local/lib/python3.12/site-packages/airflow/example_dags/example_skip_dag.py
[2026-05-23T16:33:57.734+0000] {processor.py:914} INFO - Processing file /home/airflow/.local/lib/python3.12/site-packages/airflow/example_dags/example_skip_dag.py for tasks to queue
[2026-05-23T16:33:57.735+0000] {logging_mixin.py:190} INFO - [2026-05-23T16:33:57.735+0000] {dagbag.py:588} INFO - Filling up the DagBag from /home/airflow/.local/lib/python3.12/site-packages/airflow/example_dags/example_skip_dag.py
[2026-05-23T16:33:57.742+0000] {processor.py:925} INFO - DAG(s) 'example_skip_dag' retrieved from /home/airflow/.local/lib/python3.12/site-packages/airflow/example_dags/example_skip_dag.py
[2026-05-23T16:33:57.761+0000] {logging_mixin.py:190} INFO - [2026-05-23T16:33:57.761+0000] {dag.py:3239} INFO - Sync 1 DAGs
[2026-05-23T16:33:57.788+0000] {logging_mixin.py:190} INFO - [2026-05-23T16:33:57.788+0000] {dag.py:4180} INFO - Setting next_dagrun for example_skip_dag to 2026-05-22 00:00:00+00:00, run_after=2026-05-23 00:00:00+00:00
[2026-05-23T16:33:57.811+0000] {processor.py:208} INFO - Processing /home/airflow/.local/lib/python3.12/site-packages/airflow/example_dags/example_skip_dag.py took 0.083 seconds
[2026-05-23T16:34:28.403+0000] {processor.py:186} INFO - Started process (PID=3166) to work on /home/airflow/.local/lib/python3.12/site-packages/airflow/example_dags/example_skip_dag.py
[2026-05-23T16:34:28.404+0000] {processor.py:914} INFO - Processing file /home/airflow/.local/lib/python3.12/site-packages/airflow/example_dags/example_skip_dag.py for tasks to queue
[2026-05-23T16:34:28.405+0000] {logging_mixin.py:190} INFO - [2026-05-23T16:34:28.405+0000] {dagbag.py:588} INFO - Filling up the DagBag from /home/airflow/.local/lib/python3.12/site-packages/airflow/example_dags/example_skip_dag.py
[2026-05-23T16:34:28.411+0000] {processor.py:925} INFO - DAG(s) 'example_skip_dag' retrieved from /home/airflow/.local/lib/python3.12/site-packages/airflow/example_dags/example_skip_dag.py
[2026-05-23T16:34:28.427+0000] {logging_mixin.py:190} INFO - [2026-05-23T16:34:28.427+0000] {dag.py:3239} INFO - Sync 1 DAGs
[2026-05-23T16:34:28.445+0000] {logging_mixin.py:190} INFO - [2026-05-23T16:34:28.444+0000] {dag.py:4180} INFO - Setting next_dagrun for example_skip_dag to 2026-05-22 00:00:00+00:00, run_after=2026-05-23 00:00:00+00:00
[2026-05-23T16:34:28.457+0000] {processor.py:208} INFO - Processing /home/airflow/.local/lib/python3.12/site-packages/airflow/example_dags/example_skip_dag.py took 0.059 seconds
[2026-05-23T16:34:59.884+0000] {processor.py:186} INFO - Started process (PID=3231) to work on /home/airflow/.local/lib/python3.12/site-packages/airflow/example_dags/example_skip_dag.py
[2026-05-23T16:34:59.885+0000] {processor.py:914} INFO - Processing file /home/airflow/.local/lib/python3.12/site-packages/airflow/example_dags/example_skip_dag.py for tasks to queue
[2026-05-23T16:34:59.886+0000] {logging_mixin.py:190} INFO - [2026-05-23T16:34:59.886+0000] {dagbag.py:588} INFO - Filling up the DagBag from /home/airflow/.local/lib/python3.12/site-packages/airflow/example_dags/example_skip_dag.py
[2026-05-23T16:34:59.893+0000] {processor.py:925} INFO - DAG(s) 'example_skip_dag' retrieved from /home/airflow/.local/lib/python3.12/site-packages/airflow/example_dags/example_skip_dag.py
[2026-05-23T16:34:59.915+0000] {logging_mixin.py:190} INFO - [2026-05-23T16:34:59.915+0000] {dag.py:3239} INFO - Sync 1 DAGs
[2026-05-23T16:34:59.938+0000] {logging_mixin.py:190} INFO - [2026-05-23T16:34:59.938+0000] {dag.py:4180} INFO - Setting next_dagrun for example_skip_dag to 2026-05-22 00:00:00+00:00, run_after=2026-05-23 00:00:00+00:00
[2026-05-23T16:34:59.953+0000] {processor.py:208} INFO - Processing /home/airflow/.local/lib/python3.12/site-packages/airflow/example_dags/example_skip_dag.py took 0.074 seconds
[2026-05-23T16:35:31.038+0000] {processor.py:186} INFO - Started process (PID=3296) to work on /home/airflow/.local/lib/python3.12/site-packages/airflow/example_dags/example_skip_dag.py
[2026-05-23T16:35:31.039+0000] {processor.py:914} INFO - Processing file /home/airflow/.local/lib/python3.12/site-packages/airflow/example_dags/example_skip_dag.py for tasks to queue
[2026-05-23T16:35:31.041+0000] {logging_mixin.py:190} INFO - [2026-05-23T16:35:31.041+0000] {dagbag.py:588} INFO - Filling up the DagBag from /home/airflow/.local/lib/python3.12/site-packages/airflow/example_dags/example_skip_dag.py
[2026-05-23T16:35:31.049+0000] {processor.py:925} INFO - DAG(s) 'example_skip_dag' retrieved from /home/airflow/.local/lib/python3.12/site-packages/airflow/example_dags/example_skip_dag.py
[2026-05-23T16:35:31.072+0000] {logging_mixin.py:190} INFO - [2026-05-23T16:35:31.072+0000] {dag.py:3239} INFO - Sync 1 DAGs
[2026-05-23T16:35:31.100+0000] {logging_mixin.py:190} INFO - [2026-05-23T16:35:31.100+0000] {dag.py:4180} INFO - Setting next_dagrun for example_skip_dag to 2026-05-22 00:00:00+00:00, run_after=2026-05-23 00:00:00+00:00
[2026-05-23T16:35:31.115+0000] {processor.py:208} INFO - Processing /home/airflow/.local/lib/python3.12/site-packages/airflow/example_dags/example_skip_dag.py took 0.083 seconds
[2026-05-23T16:36:02.031+0000] {processor.py:186} INFO - Started process (PID=3361) to work on /home/airflow/.local/lib/python3.12/site-packages/airflow/example_dags/example_skip_dag.py
[2026-05-23T16:36:02.032+0000] {processor.py:914} INFO - Processing file /home/airflow/.local/lib/python3.12/site-packages/airflow/example_dags/example_skip_dag.py for tasks to queue
[2026-05-23T16:36:02.033+0000] {logging_mixin.py:190} INFO - [2026-05-23T16:36:02.033+0000] {dagbag.py:588} INFO - Filling up the DagBag from /home/airflow/.local/lib/python3.12/site-packages/airflow/example_dags/example_skip_dag.py
[2026-05-23T16:36:02.041+0000] {processor.py:925} INFO - DAG(s) 'example_skip_dag' retrieved from /home/airflow/.local/lib/python3.12/site-packages/airflow/example_dags/example_skip_dag.py
[2026-05-23T16:36:02.068+0000] {logging_mixin.py:190} INFO - [2026-05-23T16:36:02.068+0000] {dag.py:3239} INFO - Sync 1 DAGs
[2026-05-23T16:36:02.095+0000] {logging_mixin.py:190} INFO - [2026-05-23T16:36:02.094+0000] {dag.py:4180} INFO - Setting next_dagrun for example_skip_dag to 2026-05-22 00:00:00+00:00, run_after=2026-05-23 00:00:00+00:00
[2026-05-23T16:36:02.110+0000] {processor.py:208} INFO - Processing /home/airflow/.local/lib/python3.12/site-packages/airflow/example_dags/example_skip_dag.py took 0.085 seconds
[2026-05-23T16:36:33.316+0000] {processor.py:186} INFO - Started process (PID=3426) to work on /home/airflow/.local/lib/python3.12/site-packages/airflow/example_dags/example_skip_dag.py
[2026-05-23T16:36:33.317+0000] {processor.py:914} INFO - Processing file /home/airflow/.local/lib/python3.12/site-packages/airflow/example_dags/example_skip_dag.py for tasks to queue
[2026-05-23T16:36:33.319+0000] {logging_mixin.py:190} INFO - [2026-05-23T16:36:33.318+0000] {dagbag.py:588} INFO - Filling up the DagBag from /home/airflow/.local/lib/python3.12/site-packages/airflow/example_dags/example_skip_dag.py
[2026-05-23T16:36:33.329+0000] {processor.py:925} INFO - DAG(s) 'example_skip_dag' retrieved from /home/airflow/.local/lib/python3.12/site-packages/airflow/example_dags/example_skip_dag.py
[2026-05-23T16:36:33.351+0000] {logging_mixin.py:190} INFO - [2026-05-23T16:36:33.350+0000] {dag.py:3239} INFO - Sync 1 DAGs
[2026-05-23T16:36:33.376+0000] {logging_mixin.py:190} INFO - [2026-05-23T16:36:33.376+0000] {dag.py:4180} INFO - Setting next_dagrun for example_skip_dag to 2026-05-22 00:00:00+00:00, run_after=2026-05-23 00:00:00+00:00
[2026-05-23T16:36:33.393+0000] {processor.py:208} INFO - Processing /home/airflow/.local/lib/python3.12/site-packages/airflow/example_dags/example_skip_dag.py took 0.082 seconds
[2026-05-23T16:37:04.344+0000] {processor.py:186} INFO - Started process (PID=3491) to work on /home/airflow/.local/lib/python3.12/site-packages/airflow/example_dags/example_skip_dag.py
[2026-05-23T16:37:04.344+0000] {processor.py:914} INFO - Processing file /home/airflow/.local/lib/python3.12/site-packages/airflow/example_dags/example_skip_dag.py for tasks to queue
[2026-05-23T16:37:04.346+0000] {logging_mixin.py:190} INFO - [2026-05-23T16:37:04.345+0000] {dagbag.py:588} INFO - Filling up the DagBag from /home/airflow/.local/lib/python3.12/site-packages/airflow/example_dags/example_skip_dag.py
[2026-05-23T16:37:04.351+0000] {processor.py:925} INFO - DAG(s) 'example_skip_dag' retrieved from /home/airflow/.local/lib/python3.12/site-packages/airflow/example_dags/example_skip_dag.py
[2026-05-23T16:37:04.370+0000] {logging_mixin.py:190} INFO - [2026-05-23T16:37:04.369+0000] {dag.py:3239} INFO - Sync 1 DAGs
[2026-05-23T16:37:04.388+0000] {logging_mixin.py:190} INFO - [2026-05-23T16:37:04.388+0000] {dag.py:4180} INFO - Setting next_dagrun for example_skip_dag to 2026-05-22 00:00:00+00:00, run_after=2026-05-23 00:00:00+00:00
[2026-05-23T16:37:04.403+0000] {processor.py:208} INFO - Processing /home/airflow/.local/lib/python3.12/site-packages/airflow/example_dags/example_skip_dag.py took 0.063 seconds
[2026-05-23T16:37:35.065+0000] {processor.py:186} INFO - Started process (PID=3556) to work on /home/airflow/.local/lib/python3.12/site-packages/airflow/example_dags/example_skip_dag.py
[2026-05-23T16:37:35.066+0000] {processor.py:914} INFO - Processing file /home/airflow/.local/lib/python3.12/site-packages/airflow/example_dags/example_skip_dag.py for tasks to queue
[2026-05-23T16:37:35.068+0000] {logging_mixin.py:190} INFO - [2026-05-23T16:37:35.068+0000] {dagbag.py:588} INFO - Filling up the DagBag from /home/airflow/.local/lib/python3.12/site-packages/airflow/example_dags/example_skip_dag.py
[2026-05-23T16:37:35.075+0000] {processor.py:925} INFO - DAG(s) 'example_skip_dag' retrieved from /home/airflow/.local/lib/python3.12/site-packages/airflow/example_dags/example_skip_dag.py
[2026-05-23T16:37:35.094+0000] {logging_mixin.py:190} INFO - [2026-05-23T16:37:35.094+0000] {dag.py:3239} INFO - Sync 1 DAGs
[2026-05-23T16:37:35.119+0000] {logging_mixin.py:190} INFO - [2026-05-23T16:37:35.119+0000] {dag.py:4180} INFO - Setting next_dagrun for example_skip_dag to 2026-05-22 00:00:00+00:00, run_after=2026-05-23 00:00:00+00:00
[2026-05-23T16:37:35.138+0000] {processor.py:208} INFO - Processing /home/airflow/.local/lib/python3.12/site-packages/airflow/example_dags/example_skip_dag.py took 0.077 seconds
[2026-05-23T16:38:06.501+0000] {processor.py:186} INFO - Started process (PID=3621) to work on /home/airflow/.local/lib/python3.12/site-packages/airflow/example_dags/example_skip_dag.py
[2026-05-23T16:38:06.501+0000] {processor.py:914} INFO - Processing file /home/airflow/.local/lib/python3.12/site-packages/airflow/example_dags/example_skip_dag.py for tasks to queue
[2026-05-23T16:38:06.503+0000] {logging_mixin.py:190} INFO - [2026-05-23T16:38:06.503+0000] {dagbag.py:588} INFO - Filling up the DagBag from /home/airflow/.local/lib/python3.12/site-packages/airflow/example_dags/example_skip_dag.py
[2026-05-23T16:38:06.511+0000] {processor.py:925} INFO - DAG(s) 'example_skip_dag' retrieved from /home/airflow/.local/lib/python3.12/site-packages/airflow/example_dags/example_skip_dag.py
[2026-05-23T16:38:06.533+0000] {logging_mixin.py:190} INFO - [2026-05-23T16:38:06.532+0000] {dag.py:3239} INFO - Sync 1 DAGs
[2026-05-23T16:38:06.558+0000] {logging_mixin.py:190} INFO - [2026-05-23T16:38:06.558+0000] {dag.py:4180} INFO - Setting next_dagrun for example_skip_dag to 2026-05-22 00:00:00+00:00, run_after=2026-05-23 00:00:00+00:00
[2026-05-23T16:38:06.576+0000] {processor.py:208} INFO - Processing /home/airflow/.local/lib/python3.12/site-packages/airflow/example_dags/example_skip_dag.py took 0.080 seconds
[2026-05-23T16:38:37.600+0000] {processor.py:186} INFO - Started process (PID=3686) to work on /home/airflow/.local/lib/python3.12/site-packages/airflow/example_dags/example_skip_dag.py
[2026-05-23T16:38:37.600+0000] {processor.py:914} INFO - Processing file /home/airflow/.local/lib/python3.12/site-packages/airflow/example_dags/example_skip_dag.py for tasks to queue
[2026-05-23T16:38:37.602+0000] {logging_mixin.py:190} INFO - [2026-05-23T16:38:37.602+0000] {dagbag.py:588} INFO - Filling up the DagBag from /home/airflow/.local/lib/python3.12/site-packages/airflow/example_dags/example_skip_dag.py
[2026-05-23T16:38:37.608+0000] {processor.py:925} INFO - DAG(s) 'example_skip_dag' retrieved from /home/airflow/.local/lib/python3.12/site-packages/airflow/example_dags/example_skip_dag.py
[2026-05-23T16:38:37.624+0000] {logging_mixin.py:190} INFO - [2026-05-23T16:38:37.624+0000] {dag.py:3239} INFO - Sync 1 DAGs
[2026-05-23T16:38:37.644+0000] {logging_mixin.py:190} INFO - [2026-05-23T16:38:37.644+0000] {dag.py:4180} INFO - Setting next_dagrun for example_skip_dag to 2026-05-22 00:00:00+00:00, run_after=2026-05-23 00:00:00+00:00
[2026-05-23T16:38:37.661+0000] {processor.py:208} INFO - Processing /home/airflow/.local/lib/python3.12/site-packages/airflow/example_dags/example_skip_dag.py took 0.065 seconds
[2026-05-23T16:39:08.282+0000] {processor.py:186} INFO - Started process (PID=3751) to work on /home/airflow/.local/lib/python3.12/site-packages/airflow/example_dags/example_skip_dag.py
[2026-05-23T16:39:08.282+0000] {processor.py:914} INFO - Processing file /home/airflow/.local/lib/python3.12/site-packages/airflow/example_dags/example_skip_dag.py for tasks to queue
[2026-05-23T16:39:08.284+0000] {logging_mixin.py:190} INFO - [2026-05-23T16:39:08.284+0000] {dagbag.py:588} INFO - Filling up the DagBag from /home/airflow/.local/lib/python3.12/site-packages/airflow/example_dags/example_skip_dag.py
[2026-05-23T16:39:08.290+0000] {processor.py:925} INFO - DAG(s) 'example_skip_dag' retrieved from /home/airflow/.local/lib/python3.12/site-packages/airflow/example_dags/example_skip_dag.py
[2026-05-23T16:39:08.308+0000] {logging_mixin.py:190} INFO - [2026-05-23T16:39:08.308+0000] {dag.py:3239} INFO - Sync 1 DAGs
[2026-05-23T16:39:08.332+0000] {logging_mixin.py:190} INFO - [2026-05-23T16:39:08.332+0000] {dag.py:4180} INFO - Setting next_dagrun for example_skip_dag to 2026-05-22 00:00:00+00:00, run_after=2026-05-23 00:00:00+00:00
[2026-05-23T16:39:08.346+0000] {processor.py:208} INFO - Processing /home/airflow/.local/lib/python3.12/site-packages/airflow/example_dags/example_skip_dag.py took 0.069 seconds
[2026-05-23T16:39:39.009+0000] {processor.py:186} INFO - Started process (PID=3816) to work on /home/airflow/.local/lib/python3.12/site-packages/airflow/example_dags/example_skip_dag.py
[2026-05-23T16:39:39.010+0000] {processor.py:914} INFO - Processing file /home/airflow/.local/lib/python3.12/site-packages/airflow/example_dags/example_skip_dag.py for tasks to queue
[2026-05-23T16:39:39.011+0000] {logging_mixin.py:190} INFO - [2026-05-23T16:39:39.011+0000] {dagbag.py:588} INFO - Filling up the DagBag from /home/airflow/.local/lib/python3.12/site-packages/airflow/example_dags/example_skip_dag.py
[2026-05-23T16:39:39.017+0000] {processor.py:925} INFO - DAG(s) 'example_skip_dag' retrieved from /home/airflow/.local/lib/python3.12/site-packages/airflow/example_dags/example_skip_dag.py
[2026-05-23T16:39:39.033+0000] {logging_mixin.py:190} INFO - [2026-05-23T16:39:39.033+0000] {dag.py:3239} INFO - Sync 1 DAGs
[2026-05-23T16:39:39.050+0000] {logging_mixin.py:190} INFO - [2026-05-23T16:39:39.050+0000] {dag.py:4180} INFO - Setting next_dagrun for example_skip_dag to 2026-05-22 00:00:00+00:00, run_after=2026-05-23 00:00:00+00:00
[2026-05-23T16:39:39.063+0000] {processor.py:208} INFO - Processing /home/airflow/.local/lib/python3.12/site-packages/airflow/example_dags/example_skip_dag.py took 0.058 seconds
[2026-05-23T16:40:10.062+0000] {processor.py:186} INFO - Started process (PID=3881) to work on /home/airflow/.local/lib/python3.12/site-packages/airflow/example_dags/example_skip_dag.py
[2026-05-23T16:40:10.063+0000] {processor.py:914} INFO - Processing file /home/airflow/.local/lib/python3.12/site-packages/airflow/example_dags/example_skip_dag.py for tasks to queue
[2026-05-23T16:40:10.065+0000] {logging_mixin.py:190} INFO - [2026-05-23T16:40:10.064+0000] {dagbag.py:588} INFO - Filling up the DagBag from /home/airflow/.local/lib/python3.12/site-packages/airflow/example_dags/example_skip_dag.py
[2026-05-23T16:40:10.073+0000] {processor.py:925} INFO - DAG(s) 'example_skip_dag' retrieved from /home/airflow/.local/lib/python3.12/site-packages/airflow/example_dags/example_skip_dag.py
[2026-05-23T16:40:10.097+0000] {logging_mixin.py:190} INFO - [2026-05-23T16:40:10.097+0000] {dag.py:3239} INFO - Sync 1 DAGs
[2026-05-23T16:40:10.124+0000] {logging_mixin.py:190} INFO - [2026-05-23T16:40:10.124+0000] {dag.py:4180} INFO - Setting next_dagrun for example_skip_dag to 2026-05-22 00:00:00+00:00, run_after=2026-05-23 00:00:00+00:00
[2026-05-23T16:40:10.137+0000] {processor.py:208} INFO - Processing /home/airflow/.local/lib/python3.12/site-packages/airflow/example_dags/example_skip_dag.py took 0.082 seconds
[2026-05-23T16:40:41.014+0000] {processor.py:186} INFO - Started process (PID=3946) to work on /home/airflow/.local/lib/python3.12/site-packages/airflow/example_dags/example_skip_dag.py
[2026-05-23T16:40:41.015+0000] {processor.py:914} INFO - Processing file /home/airflow/.local/lib/python3.12/site-packages/airflow/example_dags/example_skip_dag.py for tasks to queue
[2026-05-23T16:40:41.016+0000] {logging_mixin.py:190} INFO - [2026-05-23T16:40:41.016+0000] {dagbag.py:588} INFO - Filling up the DagBag from /home/airflow/.local/lib/python3.12/site-packages/airflow/example_dags/example_skip_dag.py
[2026-05-23T16:40:41.023+0000] {processor.py:925} INFO - DAG(s) 'example_skip_dag' retrieved from /home/airflow/.local/lib/python3.12/site-packages/airflow/example_dags/example_skip_dag.py
[2026-05-23T16:40:41.039+0000] {logging_mixin.py:190} INFO - [2026-05-23T16:40:41.039+0000] {dag.py:3239} INFO - Sync 1 DAGs
[2026-05-23T16:40:41.062+0000] {logging_mixin.py:190} INFO - [2026-05-23T16:40:41.062+0000] {dag.py:4180} INFO - Setting next_dagrun for example_skip_dag to 2026-05-22 00:00:00+00:00, run_after=2026-05-23 00:00:00+00:00
[2026-05-23T16:40:41.075+0000] {processor.py:208} INFO - Processing /home/airflow/.local/lib/python3.12/site-packages/airflow/example_dags/example_skip_dag.py took 0.067 seconds
[2026-05-23T16:41:12.534+0000] {processor.py:186} INFO - Started process (PID=4011) to work on /home/airflow/.local/lib/python3.12/site-packages/airflow/example_dags/example_skip_dag.py
[2026-05-23T16:41:12.535+0000] {processor.py:914} INFO - Processing file /home/airflow/.local/lib/python3.12/site-packages/airflow/example_dags/example_skip_dag.py for tasks to queue
[2026-05-23T16:41:12.536+0000] {logging_mixin.py:190} INFO - [2026-05-23T16:41:12.536+0000] {dagbag.py:588} INFO - Filling up the DagBag from /home/airflow/.local/lib/python3.12/site-packages/airflow/example_dags/example_skip_dag.py
[2026-05-23T16:41:12.542+0000] {processor.py:925} INFO - DAG(s) 'example_skip_dag' retrieved from /home/airflow/.local/lib/python3.12/site-packages/airflow/example_dags/example_skip_dag.py
[2026-05-23T16:41:12.564+0000] {logging_mixin.py:190} INFO - [2026-05-23T16:41:12.564+0000] {dag.py:3239} INFO - Sync 1 DAGs
[2026-05-23T16:41:12.731+0000] {logging_mixin.py:190} INFO - [2026-05-23T16:41:12.730+0000] {dag.py:4180} INFO - Setting next_dagrun for example_skip_dag to 2026-05-22 00:00:00+00:00, run_after=2026-05-23 00:00:00+00:00
[2026-05-23T16:41:12.744+0000] {processor.py:208} INFO - Processing /home/airflow/.local/lib/python3.12/site-packages/airflow/example_dags/example_skip_dag.py took 0.214 seconds
[2026-05-23T16:41:43.192+0000] {processor.py:186} INFO - Started process (PID=4076) to work on /home/airflow/.local/lib/python3.12/site-packages/airflow/example_dags/example_skip_dag.py
[2026-05-23T16:41:43.193+0000] {processor.py:914} INFO - Processing file /home/airflow/.local/lib/python3.12/site-packages/airflow/example_dags/example_skip_dag.py for tasks to queue
[2026-05-23T16:41:43.194+0000] {logging_mixin.py:190} INFO - [2026-05-23T16:41:43.194+0000] {dagbag.py:588} INFO - Filling up the DagBag from /home/airflow/.local/lib/python3.12/site-packages/airflow/example_dags/example_skip_dag.py
[2026-05-23T16:41:43.200+0000] {processor.py:925} INFO - DAG(s) 'example_skip_dag' retrieved from /home/airflow/.local/lib/python3.12/site-packages/airflow/example_dags/example_skip_dag.py
[2026-05-23T16:41:43.218+0000] {logging_mixin.py:190} INFO - [2026-05-23T16:41:43.218+0000] {dag.py:3239} INFO - Sync 1 DAGs
[2026-05-23T16:41:43.238+0000] {logging_mixin.py:190} INFO - [2026-05-23T16:41:43.238+0000] {dag.py:4180} INFO - Setting next_dagrun for example_skip_dag to 2026-05-22 00:00:00+00:00, run_after=2026-05-23 00:00:00+00:00
[2026-05-23T16:41:43.402+0000] {processor.py:208} INFO - Processing /home/airflow/.local/lib/python3.12/site-packages/airflow/example_dags/example_skip_dag.py took 0.215 seconds
[2026-05-23T16:42:13.966+0000] {processor.py:186} INFO - Started process (PID=4141) to work on /home/airflow/.local/lib/python3.12/site-packages/airflow/example_dags/example_skip_dag.py
[2026-05-23T16:42:13.966+0000] {processor.py:914} INFO - Processing file /home/airflow/.local/lib/python3.12/site-packages/airflow/example_dags/example_skip_dag.py for tasks to queue
[2026-05-23T16:42:13.968+0000] {logging_mixin.py:190} INFO - [2026-05-23T16:42:13.968+0000] {dagbag.py:588} INFO - Filling up the DagBag from /home/airflow/.local/lib/python3.12/site-packages/airflow/example_dags/example_skip_dag.py
[2026-05-23T16:42:13.974+0000] {processor.py:925} INFO - DAG(s) 'example_skip_dag' retrieved from /home/airflow/.local/lib/python3.12/site-packages/airflow/example_dags/example_skip_dag.py
[2026-05-23T16:42:13.991+0000] {logging_mixin.py:190} INFO - [2026-05-23T16:42:13.991+0000] {dag.py:3239} INFO - Sync 1 DAGs
[2026-05-23T16:42:14.009+0000] {logging_mixin.py:190} INFO - [2026-05-23T16:42:14.009+0000] {dag.py:4180} INFO - Setting next_dagrun for example_skip_dag to 2026-05-22 00:00:00+00:00, run_after=2026-05-23 00:00:00+00:00
[2026-05-23T16:42:14.026+0000] {processor.py:208} INFO - Processing /home/airflow/.local/lib/python3.12/site-packages/airflow/example_dags/example_skip_dag.py took 0.066 seconds
[2026-05-23T16:42:44.676+0000] {processor.py:186} INFO - Started process (PID=4206) to work on /home/airflow/.local/lib/python3.12/site-packages/airflow/example_dags/example_skip_dag.py
[2026-05-23T16:42:44.677+0000] {processor.py:914} INFO - Processing file /home/airflow/.local/lib/python3.12/site-packages/airflow/example_dags/example_skip_dag.py for tasks to queue
[2026-05-23T16:42:44.678+0000] {logging_mixin.py:190} INFO - [2026-05-23T16:42:44.678+0000] {dagbag.py:588} INFO - Filling up the DagBag from /home/airflow/.local/lib/python3.12/site-packages/airflow/example_dags/example_skip_dag.py
[2026-05-23T16:42:44.684+0000] {processor.py:925} INFO - DAG(s) 'example_skip_dag' retrieved from /home/airflow/.local/lib/python3.12/site-packages/airflow/example_dags/example_skip_dag.py
[2026-05-23T16:42:44.700+0000] {logging_mixin.py:190} INFO - [2026-05-23T16:42:44.700+0000] {dag.py:3239} INFO - Sync 1 DAGs
[2026-05-23T16:42:44.719+0000] {logging_mixin.py:190} INFO - [2026-05-23T16:42:44.718+0000] {dag.py:4180} INFO - Setting next_dagrun for example_skip_dag to 2026-05-22 00:00:00+00:00, run_after=2026-05-23 00:00:00+00:00
[2026-05-23T16:42:44.735+0000] {processor.py:208} INFO - Processing /home/airflow/.local/lib/python3.12/site-packages/airflow/example_dags/example_skip_dag.py took 0.063 seconds
[2026-05-23T16:43:16.261+0000] {processor.py:186} INFO - Started process (PID=4272) to work on /home/airflow/.local/lib/python3.12/site-packages/airflow/example_dags/example_skip_dag.py
[2026-05-23T16:43:16.261+0000] {processor.py:914} INFO - Processing file /home/airflow/.local/lib/python3.12/site-packages/airflow/example_dags/example_skip_dag.py for tasks to queue
[2026-05-23T16:43:16.263+0000] {logging_mixin.py:190} INFO - [2026-05-23T16:43:16.262+0000] {dagbag.py:588} INFO - Filling up the DagBag from /home/airflow/.local/lib/python3.12/site-packages/airflow/example_dags/example_skip_dag.py
[2026-05-23T16:43:16.269+0000] {processor.py:925} INFO - DAG(s) 'example_skip_dag' retrieved from /home/airflow/.local/lib/python3.12/site-packages/airflow/example_dags/example_skip_dag.py
[2026-05-23T16:43:16.284+0000] {logging_mixin.py:190} INFO - [2026-05-23T16:43:16.284+0000] {dag.py:3239} INFO - Sync 1 DAGs
[2026-05-23T16:43:16.303+0000] {logging_mixin.py:190} INFO - [2026-05-23T16:43:16.303+0000] {dag.py:4180} INFO - Setting next_dagrun for example_skip_dag to 2026-05-22 00:00:00+00:00, run_after=2026-05-23 00:00:00+00:00
[2026-05-23T16:43:16.315+0000] {processor.py:208} INFO - Processing /home/airflow/.local/lib/python3.12/site-packages/airflow/example_dags/example_skip_dag.py took 0.059 seconds
[2026-05-23T16:43:48.435+0000] {processor.py:186} INFO - Started process (PID=4337) to work on /home/airflow/.local/lib/python3.12/site-packages/airflow/example_dags/example_skip_dag.py
[2026-05-23T16:43:48.436+0000] {processor.py:914} INFO - Processing file /home/airflow/.local/lib/python3.12/site-packages/airflow/example_dags/example_skip_dag.py for tasks to queue
[2026-05-23T16:43:48.438+0000] {logging_mixin.py:190} INFO - [2026-05-23T16:43:48.438+0000] {dagbag.py:588} INFO - Filling up the DagBag from /home/airflow/.local/lib/python3.12/site-packages/airflow/example_dags/example_skip_dag.py
[2026-05-23T16:43:48.603+0000] {processor.py:925} INFO - DAG(s) 'example_skip_dag' retrieved from /home/airflow/.local/lib/python3.12/site-packages/airflow/example_dags/example_skip_dag.py
[2026-05-23T16:43:48.617+0000] {logging_mixin.py:190} INFO - [2026-05-23T16:43:48.617+0000] {dag.py:3239} INFO - Sync 1 DAGs
[2026-05-23T16:43:48.636+0000] {logging_mixin.py:190} INFO - [2026-05-23T16:43:48.636+0000] {dag.py:4180} INFO - Setting next_dagrun for example_skip_dag to 2026-05-22 00:00:00+00:00, run_after=2026-05-23 00:00:00+00:00
[2026-05-23T16:43:48.649+0000] {processor.py:208} INFO - Processing /home/airflow/.local/lib/python3.12/site-packages/airflow/example_dags/example_skip_dag.py took 0.219 seconds
[2026-05-23T16:44:19.160+0000] {processor.py:186} INFO - Started process (PID=4402) to work on /home/airflow/.local/lib/python3.12/site-packages/airflow/example_dags/example_skip_dag.py
[2026-05-23T16:44:19.161+0000] {processor.py:914} INFO - Processing file /home/airflow/.local/lib/python3.12/site-packages/airflow/example_dags/example_skip_dag.py for tasks to queue
[2026-05-23T16:44:19.163+0000] {logging_mixin.py:190} INFO - [2026-05-23T16:44:19.163+0000] {dagbag.py:588} INFO - Filling up the DagBag from /home/airflow/.local/lib/python3.12/site-packages/airflow/example_dags/example_skip_dag.py
[2026-05-23T16:44:19.171+0000] {processor.py:925} INFO - DAG(s) 'example_skip_dag' retrieved from /home/airflow/.local/lib/python3.12/site-packages/airflow/example_dags/example_skip_dag.py
[2026-05-23T16:44:19.187+0000] {logging_mixin.py:190} INFO - [2026-05-23T16:44:19.187+0000] {dag.py:3239} INFO - Sync 1 DAGs
[2026-05-23T16:44:19.205+0000] {logging_mixin.py:190} INFO - [2026-05-23T16:44:19.205+0000] {dag.py:4180} INFO - Setting next_dagrun for example_skip_dag to 2026-05-22 00:00:00+00:00, run_after=2026-05-23 00:00:00+00:00
[2026-05-23T16:44:19.219+0000] {processor.py:208} INFO - Processing /home/airflow/.local/lib/python3.12/site-packages/airflow/example_dags/example_skip_dag.py took 0.065 seconds
[2026-05-23T16:49:31.613+0000] {processor.py:186} INFO - Started process (PID=106) to work on /home/airflow/.local/lib/python3.12/site-packages/airflow/example_dags/example_skip_dag.py
[2026-05-23T16:49:31.615+0000] {processor.py:914} INFO - Processing file /home/airflow/.local/lib/python3.12/site-packages/airflow/example_dags/example_skip_dag.py for tasks to queue
[2026-05-23T16:49:31.617+0000] {logging_mixin.py:190} INFO - [2026-05-23T16:49:31.617+0000] {dagbag.py:588} INFO - Filling up the DagBag from /home/airflow/.local/lib/python3.12/site-packages/airflow/example_dags/example_skip_dag.py
[2026-05-23T16:49:31.628+0000] {processor.py:925} INFO - DAG(s) 'example_skip_dag' retrieved from /home/airflow/.local/lib/python3.12/site-packages/airflow/example_dags/example_skip_dag.py
[2026-05-23T16:49:31.656+0000] {logging_mixin.py:190} INFO - [2026-05-23T16:49:31.656+0000] {dag.py:3239} INFO - Sync 1 DAGs
[2026-05-23T16:49:31.685+0000] {logging_mixin.py:190} INFO - [2026-05-23T16:49:31.685+0000] {dag.py:4180} INFO - Setting next_dagrun for example_skip_dag to 2026-05-22 00:00:00+00:00, run_after=2026-05-23 00:00:00+00:00
[2026-05-23T16:49:31.704+0000] {processor.py:208} INFO - Processing /home/airflow/.local/lib/python3.12/site-packages/airflow/example_dags/example_skip_dag.py took 0.097 seconds
[2026-05-23T16:50:02.191+0000] {processor.py:186} INFO - Started process (PID=171) to work on /home/airflow/.local/lib/python3.12/site-packages/airflow/example_dags/example_skip_dag.py
[2026-05-23T16:50:02.192+0000] {processor.py:914} INFO - Processing file /home/airflow/.local/lib/python3.12/site-packages/airflow/example_dags/example_skip_dag.py for tasks to queue
[2026-05-23T16:50:02.194+0000] {logging_mixin.py:190} INFO - [2026-05-23T16:50:02.194+0000] {dagbag.py:588} INFO - Filling up the DagBag from /home/airflow/.local/lib/python3.12/site-packages/airflow/example_dags/example_skip_dag.py
[2026-05-23T16:50:02.203+0000] {processor.py:925} INFO - DAG(s) 'example_skip_dag' retrieved from /home/airflow/.local/lib/python3.12/site-packages/airflow/example_dags/example_skip_dag.py
[2026-05-23T16:50:02.225+0000] {logging_mixin.py:190} INFO - [2026-05-23T16:50:02.224+0000] {dag.py:3239} INFO - Sync 1 DAGs
[2026-05-23T16:50:02.248+0000] {logging_mixin.py:190} INFO - [2026-05-23T16:50:02.247+0000] {dag.py:4180} INFO - Setting next_dagrun for example_skip_dag to 2026-05-22 00:00:00+00:00, run_after=2026-05-23 00:00:00+00:00
[2026-05-23T16:50:02.266+0000] {processor.py:208} INFO - Processing /home/airflow/.local/lib/python3.12/site-packages/airflow/example_dags/example_skip_dag.py took 0.081 seconds
[2026-05-23T16:50:33.061+0000] {processor.py:186} INFO - Started process (PID=244) to work on /home/airflow/.local/lib/python3.12/site-packages/airflow/example_dags/example_skip_dag.py
[2026-05-23T16:50:33.061+0000] {processor.py:914} INFO - Processing file /home/airflow/.local/lib/python3.12/site-packages/airflow/example_dags/example_skip_dag.py for tasks to queue
[2026-05-23T16:50:33.063+0000] {logging_mixin.py:190} INFO - [2026-05-23T16:50:33.063+0000] {dagbag.py:588} INFO - Filling up the DagBag from /home/airflow/.local/lib/python3.12/site-packages/airflow/example_dags/example_skip_dag.py
[2026-05-23T16:50:33.069+0000] {processor.py:925} INFO - DAG(s) 'example_skip_dag' retrieved from /home/airflow/.local/lib/python3.12/site-packages/airflow/example_dags/example_skip_dag.py
[2026-05-23T16:50:33.087+0000] {logging_mixin.py:190} INFO - [2026-05-23T16:50:33.087+0000] {dag.py:3239} INFO - Sync 1 DAGs
[2026-05-23T16:50:33.106+0000] {logging_mixin.py:190} INFO - [2026-05-23T16:50:33.106+0000] {dag.py:4180} INFO - Setting next_dagrun for example_skip_dag to 2026-05-22 00:00:00+00:00, run_after=2026-05-23 00:00:00+00:00
[2026-05-23T16:50:33.120+0000] {processor.py:208} INFO - Processing /home/airflow/.local/lib/python3.12/site-packages/airflow/example_dags/example_skip_dag.py took 0.063 seconds
[2026-05-23T16:51:03.231+0000] {processor.py:186} INFO - Started process (PID=311) to work on /home/airflow/.local/lib/python3.12/site-packages/airflow/example_dags/example_skip_dag.py
[2026-05-23T16:51:03.231+0000] {processor.py:914} INFO - Processing file /home/airflow/.local/lib/python3.12/site-packages/airflow/example_dags/example_skip_dag.py for tasks to queue
[2026-05-23T16:51:03.233+0000] {logging_mixin.py:190} INFO - [2026-05-23T16:51:03.233+0000] {dagbag.py:588} INFO - Filling up the DagBag from /home/airflow/.local/lib/python3.12/site-packages/airflow/example_dags/example_skip_dag.py
[2026-05-23T16:51:03.239+0000] {processor.py:925} INFO - DAG(s) 'example_skip_dag' retrieved from /home/airflow/.local/lib/python3.12/site-packages/airflow/example_dags/example_skip_dag.py
[2026-05-23T16:51:03.256+0000] {logging_mixin.py:190} INFO - [2026-05-23T16:51:03.255+0000] {dag.py:3239} INFO - Sync 1 DAGs
[2026-05-23T16:51:03.279+0000] {logging_mixin.py:190} INFO - [2026-05-23T16:51:03.278+0000] {dag.py:4180} INFO - Setting next_dagrun for example_skip_dag to 2026-05-22 00:00:00+00:00, run_after=2026-05-23 00:00:00+00:00
[2026-05-23T16:51:03.295+0000] {processor.py:208} INFO - Processing /home/airflow/.local/lib/python3.12/site-packages/airflow/example_dags/example_skip_dag.py took 0.069 seconds
[2026-05-23T16:51:34.505+0000] {processor.py:186} INFO - Started process (PID=377) to work on /home/airflow/.local/lib/python3.12/site-packages/airflow/example_dags/example_skip_dag.py
[2026-05-23T16:51:34.506+0000] {processor.py:914} INFO - Processing file /home/airflow/.local/lib/python3.12/site-packages/airflow/example_dags/example_skip_dag.py for tasks to queue
[2026-05-23T16:51:34.507+0000] {logging_mixin.py:190} INFO - [2026-05-23T16:51:34.507+0000] {dagbag.py:588} INFO - Filling up the DagBag from /home/airflow/.local/lib/python3.12/site-packages/airflow/example_dags/example_skip_dag.py
[2026-05-23T16:51:34.514+0000] {processor.py:925} INFO - DAG(s) 'example_skip_dag' retrieved from /home/airflow/.local/lib/python3.12/site-packages/airflow/example_dags/example_skip_dag.py
[2026-05-23T16:51:34.535+0000] {logging_mixin.py:190} INFO - [2026-05-23T16:51:34.535+0000] {dag.py:3239} INFO - Sync 1 DAGs
[2026-05-23T16:51:34.560+0000] {logging_mixin.py:190} INFO - [2026-05-23T16:51:34.560+0000] {dag.py:4180} INFO - Setting next_dagrun for example_skip_dag to 2026-05-22 00:00:00+00:00, run_after=2026-05-23 00:00:00+00:00
[2026-05-23T16:51:34.573+0000] {processor.py:208} INFO - Processing /home/airflow/.local/lib/python3.12/site-packages/airflow/example_dags/example_skip_dag.py took 0.072 seconds
[2026-05-23T16:52:05.537+0000] {processor.py:186} INFO - Started process (PID=442) to work on /home/airflow/.local/lib/python3.12/site-packages/airflow/example_dags/example_skip_dag.py
[2026-05-23T16:52:05.537+0000] {processor.py:914} INFO - Processing file /home/airflow/.local/lib/python3.12/site-packages/airflow/example_dags/example_skip_dag.py for tasks to queue
[2026-05-23T16:52:05.539+0000] {logging_mixin.py:190} INFO - [2026-05-23T16:52:05.539+0000] {dagbag.py:588} INFO - Filling up the DagBag from /home/airflow/.local/lib/python3.12/site-packages/airflow/example_dags/example_skip_dag.py
[2026-05-23T16:52:05.545+0000] {processor.py:925} INFO - DAG(s) 'example_skip_dag' retrieved from /home/airflow/.local/lib/python3.12/site-packages/airflow/example_dags/example_skip_dag.py
[2026-05-23T16:52:05.561+0000] {logging_mixin.py:190} INFO - [2026-05-23T16:52:05.561+0000] {dag.py:3239} INFO - Sync 1 DAGs
[2026-05-23T16:52:05.579+0000] {logging_mixin.py:190} INFO - [2026-05-23T16:52:05.579+0000] {dag.py:4180} INFO - Setting next_dagrun for example_skip_dag to 2026-05-22 00:00:00+00:00, run_after=2026-05-23 00:00:00+00:00
[2026-05-23T16:52:05.595+0000] {processor.py:208} INFO - Processing /home/airflow/.local/lib/python3.12/site-packages/airflow/example_dags/example_skip_dag.py took 0.062 seconds
[2026-05-23T16:52:36.696+0000] {processor.py:186} INFO - Started process (PID=507) to work on /home/airflow/.local/lib/python3.12/site-packages/airflow/example_dags/example_skip_dag.py
[2026-05-23T16:52:36.697+0000] {processor.py:914} INFO - Processing file /home/airflow/.local/lib/python3.12/site-packages/airflow/example_dags/example_skip_dag.py for tasks to queue
[2026-05-23T16:52:36.699+0000] {logging_mixin.py:190} INFO - [2026-05-23T16:52:36.699+0000] {dagbag.py:588} INFO - Filling up the DagBag from /home/airflow/.local/lib/python3.12/site-packages/airflow/example_dags/example_skip_dag.py
[2026-05-23T16:52:36.705+0000] {processor.py:925} INFO - DAG(s) 'example_skip_dag' retrieved from /home/airflow/.local/lib/python3.12/site-packages/airflow/example_dags/example_skip_dag.py
[2026-05-23T16:52:36.732+0000] {logging_mixin.py:190} INFO - [2026-05-23T16:52:36.731+0000] {dag.py:3239} INFO - Sync 1 DAGs
[2026-05-23T16:52:36.759+0000] {logging_mixin.py:190} INFO - [2026-05-23T16:52:36.759+0000] {dag.py:4180} INFO - Setting next_dagrun for example_skip_dag to 2026-05-22 00:00:00+00:00, run_after=2026-05-23 00:00:00+00:00
[2026-05-23T16:52:36.776+0000] {processor.py:208} INFO - Processing /home/airflow/.local/lib/python3.12/site-packages/airflow/example_dags/example_skip_dag.py took 0.085 seconds
[2026-05-23T16:53:07.976+0000] {processor.py:186} INFO - Started process (PID=572) to work on /home/airflow/.local/lib/python3.12/site-packages/airflow/example_dags/example_skip_dag.py
[2026-05-23T16:53:07.976+0000] {processor.py:914} INFO - Processing file /home/airflow/.local/lib/python3.12/site-packages/airflow/example_dags/example_skip_dag.py for tasks to queue
[2026-05-23T16:53:07.978+0000] {logging_mixin.py:190} INFO - [2026-05-23T16:53:07.978+0000] {dagbag.py:588} INFO - Filling up the DagBag from /home/airflow/.local/lib/python3.12/site-packages/airflow/example_dags/example_skip_dag.py
[2026-05-23T16:53:07.984+0000] {processor.py:925} INFO - DAG(s) 'example_skip_dag' retrieved from /home/airflow/.local/lib/python3.12/site-packages/airflow/example_dags/example_skip_dag.py
[2026-05-23T16:53:08.000+0000] {logging_mixin.py:190} INFO - [2026-05-23T16:53:08.000+0000] {dag.py:3239} INFO - Sync 1 DAGs
[2026-05-23T16:53:08.018+0000] {logging_mixin.py:190} INFO - [2026-05-23T16:53:08.017+0000] {dag.py:4180} INFO - Setting next_dagrun for example_skip_dag to 2026-05-22 00:00:00+00:00, run_after=2026-05-23 00:00:00+00:00
[2026-05-23T16:53:08.032+0000] {processor.py:208} INFO - Processing /home/airflow/.local/lib/python3.12/site-packages/airflow/example_dags/example_skip_dag.py took 0.060 seconds
[2026-05-23T16:53:39.204+0000] {processor.py:186} INFO - Started process (PID=637) to work on /home/airflow/.local/lib/python3.12/site-packages/airflow/example_dags/example_skip_dag.py
[2026-05-23T16:53:39.205+0000] {processor.py:914} INFO - Processing file /home/airflow/.local/lib/python3.12/site-packages/airflow/example_dags/example_skip_dag.py for tasks to queue
[2026-05-23T16:53:39.206+0000] {logging_mixin.py:190} INFO - [2026-05-23T16:53:39.206+0000] {dagbag.py:588} INFO - Filling up the DagBag from /home/airflow/.local/lib/python3.12/site-packages/airflow/example_dags/example_skip_dag.py
[2026-05-23T16:53:39.212+0000] {processor.py:925} INFO - DAG(s) 'example_skip_dag' retrieved from /home/airflow/.local/lib/python3.12/site-packages/airflow/example_dags/example_skip_dag.py
[2026-05-23T16:53:39.229+0000] {logging_mixin.py:190} INFO - [2026-05-23T16:53:39.229+0000] {dag.py:3239} INFO - Sync 1 DAGs
[2026-05-23T16:53:39.247+0000] {logging_mixin.py:190} INFO - [2026-05-23T16:53:39.247+0000] {dag.py:4180} INFO - Setting next_dagrun for example_skip_dag to 2026-05-22 00:00:00+00:00, run_after=2026-05-23 00:00:00+00:00
[2026-05-23T16:53:39.260+0000] {processor.py:208} INFO - Processing /home/airflow/.local/lib/python3.12/site-packages/airflow/example_dags/example_skip_dag.py took 0.061 seconds
[2026-05-23T16:54:10.274+0000] {processor.py:186} INFO - Started process (PID=702) to work on /home/airflow/.local/lib/python3.12/site-packages/airflow/example_dags/example_skip_dag.py
[2026-05-23T16:54:10.275+0000] {processor.py:914} INFO - Processing file /home/airflow/.local/lib/python3.12/site-packages/airflow/example_dags/example_skip_dag.py for tasks to queue
[2026-05-23T16:54:10.277+0000] {logging_mixin.py:190} INFO - [2026-05-23T16:54:10.276+0000] {dagbag.py:588} INFO - Filling up the DagBag from /home/airflow/.local/lib/python3.12/site-packages/airflow/example_dags/example_skip_dag.py
[2026-05-23T16:54:10.283+0000] {processor.py:925} INFO - DAG(s) 'example_skip_dag' retrieved from /home/airflow/.local/lib/python3.12/site-packages/airflow/example_dags/example_skip_dag.py
[2026-05-23T16:54:10.300+0000] {logging_mixin.py:190} INFO - [2026-05-23T16:54:10.300+0000] {dag.py:3239} INFO - Sync 1 DAGs
[2026-05-23T16:54:10.318+0000] {logging_mixin.py:190} INFO - [2026-05-23T16:54:10.317+0000] {dag.py:4180} INFO - Setting next_dagrun for example_skip_dag to 2026-05-22 00:00:00+00:00, run_after=2026-05-23 00:00:00+00:00
[2026-05-23T16:54:10.331+0000] {processor.py:208} INFO - Processing /home/airflow/.local/lib/python3.12/site-packages/airflow/example_dags/example_skip_dag.py took 0.062 seconds
[2026-05-23T16:54:41.408+0000] {processor.py:186} INFO - Started process (PID=767) to work on /home/airflow/.local/lib/python3.12/site-packages/airflow/example_dags/example_skip_dag.py
[2026-05-23T16:54:41.409+0000] {processor.py:914} INFO - Processing file /home/airflow/.local/lib/python3.12/site-packages/airflow/example_dags/example_skip_dag.py for tasks to queue
[2026-05-23T16:54:41.410+0000] {logging_mixin.py:190} INFO - [2026-05-23T16:54:41.410+0000] {dagbag.py:588} INFO - Filling up the DagBag from /home/airflow/.local/lib/python3.12/site-packages/airflow/example_dags/example_skip_dag.py
[2026-05-23T16:54:41.417+0000] {processor.py:925} INFO - DAG(s) 'example_skip_dag' retrieved from /home/airflow/.local/lib/python3.12/site-packages/airflow/example_dags/example_skip_dag.py
[2026-05-23T16:54:41.435+0000] {logging_mixin.py:190} INFO - [2026-05-23T16:54:41.435+0000] {dag.py:3239} INFO - Sync 1 DAGs
[2026-05-23T16:54:41.454+0000] {logging_mixin.py:190} INFO - [2026-05-23T16:54:41.454+0000] {dag.py:4180} INFO - Setting next_dagrun for example_skip_dag to 2026-05-22 00:00:00+00:00, run_after=2026-05-23 00:00:00+00:00
[2026-05-23T16:54:41.468+0000] {processor.py:208} INFO - Processing /home/airflow/.local/lib/python3.12/site-packages/airflow/example_dags/example_skip_dag.py took 0.065 seconds
[2026-05-23T16:55:12.573+0000] {processor.py:186} INFO - Started process (PID=832) to work on /home/airflow/.local/lib/python3.12/site-packages/airflow/example_dags/example_skip_dag.py
[2026-05-23T16:55:12.573+0000] {processor.py:914} INFO - Processing file /home/airflow/.local/lib/python3.12/site-packages/airflow/example_dags/example_skip_dag.py for tasks to queue
[2026-05-23T16:55:12.575+0000] {logging_mixin.py:190} INFO - [2026-05-23T16:55:12.575+0000] {dagbag.py:588} INFO - Filling up the DagBag from /home/airflow/.local/lib/python3.12/site-packages/airflow/example_dags/example_skip_dag.py
[2026-05-23T16:55:12.581+0000] {processor.py:925} INFO - DAG(s) 'example_skip_dag' retrieved from /home/airflow/.local/lib/python3.12/site-packages/airflow/example_dags/example_skip_dag.py
[2026-05-23T16:55:12.598+0000] {logging_mixin.py:190} INFO - [2026-05-23T16:55:12.597+0000] {dag.py:3239} INFO - Sync 1 DAGs
[2026-05-23T16:55:12.616+0000] {logging_mixin.py:190} INFO - [2026-05-23T16:55:12.616+0000] {dag.py:4180} INFO - Setting next_dagrun for example_skip_dag to 2026-05-22 00:00:00+00:00, run_after=2026-05-23 00:00:00+00:00
[2026-05-23T16:55:12.630+0000] {processor.py:208} INFO - Processing /home/airflow/.local/lib/python3.12/site-packages/airflow/example_dags/example_skip_dag.py took 0.062 seconds
[2026-05-23T16:55:43.801+0000] {processor.py:186} INFO - Started process (PID=897) to work on /home/airflow/.local/lib/python3.12/site-packages/airflow/example_dags/example_skip_dag.py
[2026-05-23T16:55:43.802+0000] {processor.py:914} INFO - Processing file /home/airflow/.local/lib/python3.12/site-packages/airflow/example_dags/example_skip_dag.py for tasks to queue
[2026-05-23T16:55:43.805+0000] {logging_mixin.py:190} INFO - [2026-05-23T16:55:43.805+0000] {dagbag.py:588} INFO - Filling up the DagBag from /home/airflow/.local/lib/python3.12/site-packages/airflow/example_dags/example_skip_dag.py
[2026-05-23T16:55:43.815+0000] {processor.py:925} INFO - DAG(s) 'example_skip_dag' retrieved from /home/airflow/.local/lib/python3.12/site-packages/airflow/example_dags/example_skip_dag.py
[2026-05-23T16:55:43.838+0000] {logging_mixin.py:190} INFO - [2026-05-23T16:55:43.838+0000] {dag.py:3239} INFO - Sync 1 DAGs
[2026-05-23T16:55:43.863+0000] {logging_mixin.py:190} INFO - [2026-05-23T16:55:43.863+0000] {dag.py:4180} INFO - Setting next_dagrun for example_skip_dag to 2026-05-22 00:00:00+00:00, run_after=2026-05-23 00:00:00+00:00
[2026-05-23T16:55:43.884+0000] {processor.py:208} INFO - Processing /home/airflow/.local/lib/python3.12/site-packages/airflow/example_dags/example_skip_dag.py took 0.092 seconds
[2026-05-23T16:56:15.054+0000] {processor.py:186} INFO - Started process (PID=962) to work on /home/airflow/.local/lib/python3.12/site-packages/airflow/example_dags/example_skip_dag.py
[2026-05-23T16:56:15.055+0000] {processor.py:914} INFO - Processing file /home/airflow/.local/lib/python3.12/site-packages/airflow/example_dags/example_skip_dag.py for tasks to queue
[2026-05-23T16:56:15.056+0000] {logging_mixin.py:190} INFO - [2026-05-23T16:56:15.056+0000] {dagbag.py:588} INFO - Filling up the DagBag from /home/airflow/.local/lib/python3.12/site-packages/airflow/example_dags/example_skip_dag.py
[2026-05-23T16:56:15.062+0000] {processor.py:925} INFO - DAG(s) 'example_skip_dag' retrieved from /home/airflow/.local/lib/python3.12/site-packages/airflow/example_dags/example_skip_dag.py
[2026-05-23T16:56:15.080+0000] {logging_mixin.py:190} INFO - [2026-05-23T16:56:15.080+0000] {dag.py:3239} INFO - Sync 1 DAGs
[2026-05-23T16:56:15.102+0000] {logging_mixin.py:190} INFO - [2026-05-23T16:56:15.102+0000] {dag.py:4180} INFO - Setting next_dagrun for example_skip_dag to 2026-05-22 00:00:00+00:00, run_after=2026-05-23 00:00:00+00:00
[2026-05-23T16:56:15.117+0000] {processor.py:208} INFO - Processing /home/airflow/.local/lib/python3.12/site-packages/airflow/example_dags/example_skip_dag.py took 0.068 seconds
[2026-05-23T16:56:46.251+0000] {processor.py:186} INFO - Started process (PID=1027) to work on /home/airflow/.local/lib/python3.12/site-packages/airflow/example_dags/example_skip_dag.py
[2026-05-23T16:56:46.251+0000] {processor.py:914} INFO - Processing file /home/airflow/.local/lib/python3.12/site-packages/airflow/example_dags/example_skip_dag.py for tasks to queue
[2026-05-23T16:56:46.253+0000] {logging_mixin.py:190} INFO - [2026-05-23T16:56:46.253+0000] {dagbag.py:588} INFO - Filling up the DagBag from /home/airflow/.local/lib/python3.12/site-packages/airflow/example_dags/example_skip_dag.py
[2026-05-23T16:56:46.259+0000] {processor.py:925} INFO - DAG(s) 'example_skip_dag' retrieved from /home/airflow/.local/lib/python3.12/site-packages/airflow/example_dags/example_skip_dag.py
[2026-05-23T16:56:46.280+0000] {logging_mixin.py:190} INFO - [2026-05-23T16:56:46.279+0000] {dag.py:3239} INFO - Sync 1 DAGs
[2026-05-23T16:56:46.303+0000] {logging_mixin.py:190} INFO - [2026-05-23T16:56:46.302+0000] {dag.py:4180} INFO - Setting next_dagrun for example_skip_dag to 2026-05-22 00:00:00+00:00, run_after=2026-05-23 00:00:00+00:00
[2026-05-23T16:56:46.322+0000] {processor.py:208} INFO - Processing /home/airflow/.local/lib/python3.12/site-packages/airflow/example_dags/example_skip_dag.py took 0.076 seconds
[2026-05-23T16:57:17.343+0000] {processor.py:186} INFO - Started process (PID=1092) to work on /home/airflow/.local/lib/python3.12/site-packages/airflow/example_dags/example_skip_dag.py
[2026-05-23T16:57:17.344+0000] {processor.py:914} INFO - Processing file /home/airflow/.local/lib/python3.12/site-packages/airflow/example_dags/example_skip_dag.py for tasks to queue
[2026-05-23T16:57:17.346+0000] {logging_mixin.py:190} INFO - [2026-05-23T16:57:17.345+0000] {dagbag.py:588} INFO - Filling up the DagBag from /home/airflow/.local/lib/python3.12/site-packages/airflow/example_dags/example_skip_dag.py
[2026-05-23T16:57:17.352+0000] {processor.py:925} INFO - DAG(s) 'example_skip_dag' retrieved from /home/airflow/.local/lib/python3.12/site-packages/airflow/example_dags/example_skip_dag.py
[2026-05-23T16:57:17.373+0000] {logging_mixin.py:190} INFO - [2026-05-23T16:57:17.372+0000] {dag.py:3239} INFO - Sync 1 DAGs
[2026-05-23T16:57:17.393+0000] {logging_mixin.py:190} INFO - [2026-05-23T16:57:17.393+0000] {dag.py:4180} INFO - Setting next_dagrun for example_skip_dag to 2026-05-22 00:00:00+00:00, run_after=2026-05-23 00:00:00+00:00
[2026-05-23T16:57:17.406+0000] {processor.py:208} INFO - Processing /home/airflow/.local/lib/python3.12/site-packages/airflow/example_dags/example_skip_dag.py took 0.067 seconds
[2026-05-23T16:57:48.543+0000] {processor.py:186} INFO - Started process (PID=1156) to work on /home/airflow/.local/lib/python3.12/site-packages/airflow/example_dags/example_skip_dag.py
[2026-05-23T16:57:48.544+0000] {processor.py:914} INFO - Processing file /home/airflow/.local/lib/python3.12/site-packages/airflow/example_dags/example_skip_dag.py for tasks to queue
[2026-05-23T16:57:48.546+0000] {logging_mixin.py:190} INFO - [2026-05-23T16:57:48.546+0000] {dagbag.py:588} INFO - Filling up the DagBag from /home/airflow/.local/lib/python3.12/site-packages/airflow/example_dags/example_skip_dag.py
[2026-05-23T16:57:48.555+0000] {processor.py:925} INFO - DAG(s) 'example_skip_dag' retrieved from /home/airflow/.local/lib/python3.12/site-packages/airflow/example_dags/example_skip_dag.py
[2026-05-23T16:57:48.576+0000] {logging_mixin.py:190} INFO - [2026-05-23T16:57:48.575+0000] {dag.py:3239} INFO - Sync 1 DAGs
[2026-05-23T16:57:48.598+0000] {logging_mixin.py:190} INFO - [2026-05-23T16:57:48.597+0000] {dag.py:4180} INFO - Setting next_dagrun for example_skip_dag to 2026-05-22 00:00:00+00:00, run_after=2026-05-23 00:00:00+00:00
[2026-05-23T16:57:48.616+0000] {processor.py:208} INFO - Processing /home/airflow/.local/lib/python3.12/site-packages/airflow/example_dags/example_skip_dag.py took 0.079 seconds
[2026-05-23T16:58:19.713+0000] {processor.py:186} INFO - Started process (PID=1221) to work on /home/airflow/.local/lib/python3.12/site-packages/airflow/example_dags/example_skip_dag.py
[2026-05-23T16:58:19.714+0000] {processor.py:914} INFO - Processing file /home/airflow/.local/lib/python3.12/site-packages/airflow/example_dags/example_skip_dag.py for tasks to queue
[2026-05-23T16:58:19.716+0000] {logging_mixin.py:190} INFO - [2026-05-23T16:58:19.716+0000] {dagbag.py:588} INFO - Filling up the DagBag from /home/airflow/.local/lib/python3.12/site-packages/airflow/example_dags/example_skip_dag.py
[2026-05-23T16:58:19.724+0000] {processor.py:925} INFO - DAG(s) 'example_skip_dag' retrieved from /home/airflow/.local/lib/python3.12/site-packages/airflow/example_dags/example_skip_dag.py
[2026-05-23T16:58:19.747+0000] {logging_mixin.py:190} INFO - [2026-05-23T16:58:19.747+0000] {dag.py:3239} INFO - Sync 1 DAGs
[2026-05-23T16:58:19.766+0000] {logging_mixin.py:190} INFO - [2026-05-23T16:58:19.765+0000] {dag.py:4180} INFO - Setting next_dagrun for example_skip_dag to 2026-05-22 00:00:00+00:00, run_after=2026-05-23 00:00:00+00:00
[2026-05-23T16:58:19.778+0000] {processor.py:208} INFO - Processing /home/airflow/.local/lib/python3.12/site-packages/airflow/example_dags/example_skip_dag.py took 0.071 seconds
[2026-05-23T16:58:51.047+0000] {processor.py:186} INFO - Started process (PID=1287) to work on /home/airflow/.local/lib/python3.12/site-packages/airflow/example_dags/example_skip_dag.py
[2026-05-23T16:58:51.047+0000] {processor.py:914} INFO - Processing file /home/airflow/.local/lib/python3.12/site-packages/airflow/example_dags/example_skip_dag.py for tasks to queue
[2026-05-23T16:58:51.049+0000] {logging_mixin.py:190} INFO - [2026-05-23T16:58:51.049+0000] {dagbag.py:588} INFO - Filling up the DagBag from /home/airflow/.local/lib/python3.12/site-packages/airflow/example_dags/example_skip_dag.py
[2026-05-23T16:58:51.055+0000] {processor.py:925} INFO - DAG(s) 'example_skip_dag' retrieved from /home/airflow/.local/lib/python3.12/site-packages/airflow/example_dags/example_skip_dag.py
[2026-05-23T16:58:51.073+0000] {logging_mixin.py:190} INFO - [2026-05-23T16:58:51.073+0000] {dag.py:3239} INFO - Sync 1 DAGs
[2026-05-23T16:58:51.093+0000] {logging_mixin.py:190} INFO - [2026-05-23T16:58:51.092+0000] {dag.py:4180} INFO - Setting next_dagrun for example_skip_dag to 2026-05-22 00:00:00+00:00, run_after=2026-05-23 00:00:00+00:00
[2026-05-23T16:58:51.107+0000] {processor.py:208} INFO - Processing /home/airflow/.local/lib/python3.12/site-packages/airflow/example_dags/example_skip_dag.py took 0.066 seconds
[2026-05-23T16:59:21.852+0000] {processor.py:186} INFO - Started process (PID=1352) to work on /home/airflow/.local/lib/python3.12/site-packages/airflow/example_dags/example_skip_dag.py
[2026-05-23T16:59:21.853+0000] {processor.py:914} INFO - Processing file /home/airflow/.local/lib/python3.12/site-packages/airflow/example_dags/example_skip_dag.py for tasks to queue
[2026-05-23T16:59:21.855+0000] {logging_mixin.py:190} INFO - [2026-05-23T16:59:21.855+0000] {dagbag.py:588} INFO - Filling up the DagBag from /home/airflow/.local/lib/python3.12/site-packages/airflow/example_dags/example_skip_dag.py
[2026-05-23T16:59:21.864+0000] {processor.py:925} INFO - DAG(s) 'example_skip_dag' retrieved from /home/airflow/.local/lib/python3.12/site-packages/airflow/example_dags/example_skip_dag.py
[2026-05-23T16:59:21.892+0000] {logging_mixin.py:190} INFO - [2026-05-23T16:59:21.892+0000] {dag.py:3239} INFO - Sync 1 DAGs
[2026-05-23T16:59:21.919+0000] {logging_mixin.py:190} INFO - [2026-05-23T16:59:21.919+0000] {dag.py:4180} INFO - Setting next_dagrun for example_skip_dag to 2026-05-22 00:00:00+00:00, run_after=2026-05-23 00:00:00+00:00
[2026-05-23T16:59:21.935+0000] {processor.py:208} INFO - Processing /home/airflow/.local/lib/python3.12/site-packages/airflow/example_dags/example_skip_dag.py took 0.090 seconds
[2026-05-23T16:59:52.535+0000] {processor.py:186} INFO - Started process (PID=1417) to work on /home/airflow/.local/lib/python3.12/site-packages/airflow/example_dags/example_skip_dag.py
[2026-05-23T16:59:52.536+0000] {processor.py:914} INFO - Processing file /home/airflow/.local/lib/python3.12/site-packages/airflow/example_dags/example_skip_dag.py for tasks to queue
[2026-05-23T16:59:52.539+0000] {logging_mixin.py:190} INFO - [2026-05-23T16:59:52.538+0000] {dagbag.py:588} INFO - Filling up the DagBag from /home/airflow/.local/lib/python3.12/site-packages/airflow/example_dags/example_skip_dag.py
[2026-05-23T16:59:52.545+0000] {processor.py:925} INFO - DAG(s) 'example_skip_dag' retrieved from /home/airflow/.local/lib/python3.12/site-packages/airflow/example_dags/example_skip_dag.py
[2026-05-23T16:59:52.564+0000] {logging_mixin.py:190} INFO - [2026-05-23T16:59:52.564+0000] {dag.py:3239} INFO - Sync 1 DAGs
[2026-05-23T16:59:52.584+0000] {logging_mixin.py:190} INFO - [2026-05-23T16:59:52.584+0000] {dag.py:4180} INFO - Setting next_dagrun for example_skip_dag to 2026-05-22 00:00:00+00:00, run_after=2026-05-23 00:00:00+00:00
[2026-05-23T16:59:52.598+0000] {processor.py:208} INFO - Processing /home/airflow/.local/lib/python3.12/site-packages/airflow/example_dags/example_skip_dag.py took 0.068 seconds
[2026-05-23T17:00:22.907+0000] {processor.py:186} INFO - Started process (PID=1482) to work on /home/airflow/.local/lib/python3.12/site-packages/airflow/example_dags/example_skip_dag.py
[2026-05-23T17:00:22.908+0000] {processor.py:914} INFO - Processing file /home/airflow/.local/lib/python3.12/site-packages/airflow/example_dags/example_skip_dag.py for tasks to queue
[2026-05-23T17:00:22.910+0000] {logging_mixin.py:190} INFO - [2026-05-23T17:00:22.910+0000] {dagbag.py:588} INFO - Filling up the DagBag from /home/airflow/.local/lib/python3.12/site-packages/airflow/example_dags/example_skip_dag.py
[2026-05-23T17:00:22.919+0000] {processor.py:925} INFO - DAG(s) 'example_skip_dag' retrieved from /home/airflow/.local/lib/python3.12/site-packages/airflow/example_dags/example_skip_dag.py
[2026-05-23T17:00:22.945+0000] {logging_mixin.py:190} INFO - [2026-05-23T17:00:22.945+0000] {dag.py:3239} INFO - Sync 1 DAGs
[2026-05-23T17:00:22.976+0000] {logging_mixin.py:190} INFO - [2026-05-23T17:00:22.975+0000] {dag.py:4180} INFO - Setting next_dagrun for example_skip_dag to 2026-05-22 00:00:00+00:00, run_after=2026-05-23 00:00:00+00:00
[2026-05-23T17:00:22.994+0000] {processor.py:208} INFO - Processing /home/airflow/.local/lib/python3.12/site-packages/airflow/example_dags/example_skip_dag.py took 0.093 seconds
[2026-05-23T17:00:54.143+0000] {processor.py:186} INFO - Started process (PID=1547) to work on /home/airflow/.local/lib/python3.12/site-packages/airflow/example_dags/example_skip_dag.py
[2026-05-23T17:00:54.144+0000] {processor.py:914} INFO - Processing file /home/airflow/.local/lib/python3.12/site-packages/airflow/example_dags/example_skip_dag.py for tasks to queue
[2026-05-23T17:00:54.145+0000] {logging_mixin.py:190} INFO - [2026-05-23T17:00:54.145+0000] {dagbag.py:588} INFO - Filling up the DagBag from /home/airflow/.local/lib/python3.12/site-packages/airflow/example_dags/example_skip_dag.py
[2026-05-23T17:00:54.151+0000] {processor.py:925} INFO - DAG(s) 'example_skip_dag' retrieved from /home/airflow/.local/lib/python3.12/site-packages/airflow/example_dags/example_skip_dag.py
[2026-05-23T17:00:54.167+0000] {logging_mixin.py:190} INFO - [2026-05-23T17:00:54.167+0000] {dag.py:3239} INFO - Sync 1 DAGs
[2026-05-23T17:00:54.185+0000] {logging_mixin.py:190} INFO - [2026-05-23T17:00:54.185+0000] {dag.py:4180} INFO - Setting next_dagrun for example_skip_dag to 2026-05-22 00:00:00+00:00, run_after=2026-05-23 00:00:00+00:00
[2026-05-23T17:00:54.199+0000] {processor.py:208} INFO - Processing /home/airflow/.local/lib/python3.12/site-packages/airflow/example_dags/example_skip_dag.py took 0.060 seconds
[2026-05-23T17:01:25.264+0000] {processor.py:186} INFO - Started process (PID=1612) to work on /home/airflow/.local/lib/python3.12/site-packages/airflow/example_dags/example_skip_dag.py
[2026-05-23T17:01:25.265+0000] {processor.py:914} INFO - Processing file /home/airflow/.local/lib/python3.12/site-packages/airflow/example_dags/example_skip_dag.py for tasks to queue
[2026-05-23T17:01:25.266+0000] {logging_mixin.py:190} INFO - [2026-05-23T17:01:25.266+0000] {dagbag.py:588} INFO - Filling up the DagBag from /home/airflow/.local/lib/python3.12/site-packages/airflow/example_dags/example_skip_dag.py
[2026-05-23T17:01:25.273+0000] {processor.py:925} INFO - DAG(s) 'example_skip_dag' retrieved from /home/airflow/.local/lib/python3.12/site-packages/airflow/example_dags/example_skip_dag.py
[2026-05-23T17:01:25.290+0000] {logging_mixin.py:190} INFO - [2026-05-23T17:01:25.290+0000] {dag.py:3239} INFO - Sync 1 DAGs
[2026-05-23T17:01:25.309+0000] {logging_mixin.py:190} INFO - [2026-05-23T17:01:25.308+0000] {dag.py:4180} INFO - Setting next_dagrun for example_skip_dag to 2026-05-22 00:00:00+00:00, run_after=2026-05-23 00:00:00+00:00
[2026-05-23T17:01:25.322+0000] {processor.py:208} INFO - Processing /home/airflow/.local/lib/python3.12/site-packages/airflow/example_dags/example_skip_dag.py took 0.062 seconds
[2026-05-23T17:01:56.646+0000] {processor.py:186} INFO - Started process (PID=1677) to work on /home/airflow/.local/lib/python3.12/site-packages/airflow/example_dags/example_skip_dag.py
[2026-05-23T17:01:56.647+0000] {processor.py:914} INFO - Processing file /home/airflow/.local/lib/python3.12/site-packages/airflow/example_dags/example_skip_dag.py for tasks to queue
[2026-05-23T17:01:56.649+0000] {logging_mixin.py:190} INFO - [2026-05-23T17:01:56.648+0000] {dagbag.py:588} INFO - Filling up the DagBag from /home/airflow/.local/lib/python3.12/site-packages/airflow/example_dags/example_skip_dag.py
[2026-05-23T17:01:56.655+0000] {processor.py:925} INFO - DAG(s) 'example_skip_dag' retrieved from /home/airflow/.local/lib/python3.12/site-packages/airflow/example_dags/example_skip_dag.py
[2026-05-23T17:01:56.675+0000] {logging_mixin.py:190} INFO - [2026-05-23T17:01:56.674+0000] {dag.py:3239} INFO - Sync 1 DAGs
[2026-05-23T17:01:56.694+0000] {logging_mixin.py:190} INFO - [2026-05-23T17:01:56.694+0000] {dag.py:4180} INFO - Setting next_dagrun for example_skip_dag to 2026-05-22 00:00:00+00:00, run_after=2026-05-23 00:00:00+00:00
[2026-05-23T17:01:56.708+0000] {processor.py:208} INFO - Processing /home/airflow/.local/lib/python3.12/site-packages/airflow/example_dags/example_skip_dag.py took 0.066 seconds
[2026-05-23T17:02:27.337+0000] {processor.py:186} INFO - Started process (PID=1742) to work on /home/airflow/.local/lib/python3.12/site-packages/airflow/example_dags/example_skip_dag.py
[2026-05-23T17:02:27.337+0000] {processor.py:914} INFO - Processing file /home/airflow/.local/lib/python3.12/site-packages/airflow/example_dags/example_skip_dag.py for tasks to queue
[2026-05-23T17:02:27.339+0000] {logging_mixin.py:190} INFO - [2026-05-23T17:02:27.338+0000] {dagbag.py:588} INFO - Filling up the DagBag from /home/airflow/.local/lib/python3.12/site-packages/airflow/example_dags/example_skip_dag.py
[2026-05-23T17:02:27.345+0000] {processor.py:925} INFO - DAG(s) 'example_skip_dag' retrieved from /home/airflow/.local/lib/python3.12/site-packages/airflow/example_dags/example_skip_dag.py
[2026-05-23T17:02:27.361+0000] {logging_mixin.py:190} INFO - [2026-05-23T17:02:27.360+0000] {dag.py:3239} INFO - Sync 1 DAGs
[2026-05-23T17:02:27.378+0000] {logging_mixin.py:190} INFO - [2026-05-23T17:02:27.378+0000] {dag.py:4180} INFO - Setting next_dagrun for example_skip_dag to 2026-05-22 00:00:00+00:00, run_after=2026-05-23 00:00:00+00:00
[2026-05-23T17:02:27.392+0000] {processor.py:208} INFO - Processing /home/airflow/.local/lib/python3.12/site-packages/airflow/example_dags/example_skip_dag.py took 0.060 seconds
[2026-05-23T17:02:58.029+0000] {processor.py:186} INFO - Started process (PID=1807) to work on /home/airflow/.local/lib/python3.12/site-packages/airflow/example_dags/example_skip_dag.py
[2026-05-23T17:02:58.029+0000] {processor.py:914} INFO - Processing file /home/airflow/.local/lib/python3.12/site-packages/airflow/example_dags/example_skip_dag.py for tasks to queue
[2026-05-23T17:02:58.031+0000] {logging_mixin.py:190} INFO - [2026-05-23T17:02:58.031+0000] {dagbag.py:588} INFO - Filling up the DagBag from /home/airflow/.local/lib/python3.12/site-packages/airflow/example_dags/example_skip_dag.py
[2026-05-23T17:02:58.037+0000] {processor.py:925} INFO - DAG(s) 'example_skip_dag' retrieved from /home/airflow/.local/lib/python3.12/site-packages/airflow/example_dags/example_skip_dag.py
[2026-05-23T17:02:58.057+0000] {logging_mixin.py:190} INFO - [2026-05-23T17:02:58.057+0000] {dag.py:3239} INFO - Sync 1 DAGs
[2026-05-23T17:02:58.075+0000] {logging_mixin.py:190} INFO - [2026-05-23T17:02:58.075+0000] {dag.py:4180} INFO - Setting next_dagrun for example_skip_dag to 2026-05-22 00:00:00+00:00, run_after=2026-05-23 00:00:00+00:00
[2026-05-23T17:02:58.089+0000] {processor.py:208} INFO - Processing /home/airflow/.local/lib/python3.12/site-packages/airflow/example_dags/example_skip_dag.py took 0.065 seconds
[2026-05-23T17:03:29.281+0000] {processor.py:186} INFO - Started process (PID=1879) to work on /home/airflow/.local/lib/python3.12/site-packages/airflow/example_dags/example_skip_dag.py
[2026-05-23T17:03:29.281+0000] {processor.py:914} INFO - Processing file /home/airflow/.local/lib/python3.12/site-packages/airflow/example_dags/example_skip_dag.py for tasks to queue
[2026-05-23T17:03:29.283+0000] {logging_mixin.py:190} INFO - [2026-05-23T17:03:29.283+0000] {dagbag.py:588} INFO - Filling up the DagBag from /home/airflow/.local/lib/python3.12/site-packages/airflow/example_dags/example_skip_dag.py
[2026-05-23T17:03:29.290+0000] {processor.py:925} INFO - DAG(s) 'example_skip_dag' retrieved from /home/airflow/.local/lib/python3.12/site-packages/airflow/example_dags/example_skip_dag.py
[2026-05-23T17:03:29.307+0000] {logging_mixin.py:190} INFO - [2026-05-23T17:03:29.307+0000] {dag.py:3239} INFO - Sync 1 DAGs
[2026-05-23T17:03:29.328+0000] {logging_mixin.py:190} INFO - [2026-05-23T17:03:29.327+0000] {dag.py:4180} INFO - Setting next_dagrun for example_skip_dag to 2026-05-22 00:00:00+00:00, run_after=2026-05-23 00:00:00+00:00
[2026-05-23T17:03:29.344+0000] {processor.py:208} INFO - Processing /home/airflow/.local/lib/python3.12/site-packages/airflow/example_dags/example_skip_dag.py took 0.068 seconds
[2026-05-23T17:04:00.716+0000] {processor.py:186} INFO - Started process (PID=1944) to work on /home/airflow/.local/lib/python3.12/site-packages/airflow/example_dags/example_skip_dag.py
[2026-05-23T17:04:00.717+0000] {processor.py:914} INFO - Processing file /home/airflow/.local/lib/python3.12/site-packages/airflow/example_dags/example_skip_dag.py for tasks to queue
[2026-05-23T17:04:00.718+0000] {logging_mixin.py:190} INFO - [2026-05-23T17:04:00.718+0000] {dagbag.py:588} INFO - Filling up the DagBag from /home/airflow/.local/lib/python3.12/site-packages/airflow/example_dags/example_skip_dag.py
[2026-05-23T17:04:00.726+0000] {processor.py:925} INFO - DAG(s) 'example_skip_dag' retrieved from /home/airflow/.local/lib/python3.12/site-packages/airflow/example_dags/example_skip_dag.py
[2026-05-23T17:04:00.743+0000] {logging_mixin.py:190} INFO - [2026-05-23T17:04:00.742+0000] {dag.py:3239} INFO - Sync 1 DAGs
[2026-05-23T17:04:00.761+0000] {logging_mixin.py:190} INFO - [2026-05-23T17:04:00.761+0000] {dag.py:4180} INFO - Setting next_dagrun for example_skip_dag to 2026-05-22 00:00:00+00:00, run_after=2026-05-23 00:00:00+00:00
[2026-05-23T17:04:00.774+0000] {processor.py:208} INFO - Processing /home/airflow/.local/lib/python3.12/site-packages/airflow/example_dags/example_skip_dag.py took 0.063 seconds
[2026-05-23T17:04:32.052+0000] {processor.py:186} INFO - Started process (PID=2009) to work on /home/airflow/.local/lib/python3.12/site-packages/airflow/example_dags/example_skip_dag.py
[2026-05-23T17:04:32.052+0000] {processor.py:914} INFO - Processing file /home/airflow/.local/lib/python3.12/site-packages/airflow/example_dags/example_skip_dag.py for tasks to queue
[2026-05-23T17:04:32.054+0000] {logging_mixin.py:190} INFO - [2026-05-23T17:04:32.054+0000] {dagbag.py:588} INFO - Filling up the DagBag from /home/airflow/.local/lib/python3.12/site-packages/airflow/example_dags/example_skip_dag.py
[2026-05-23T17:04:32.060+0000] {processor.py:925} INFO - DAG(s) 'example_skip_dag' retrieved from /home/airflow/.local/lib/python3.12/site-packages/airflow/example_dags/example_skip_dag.py
[2026-05-23T17:04:32.080+0000] {logging_mixin.py:190} INFO - [2026-05-23T17:04:32.080+0000] {dag.py:3239} INFO - Sync 1 DAGs
[2026-05-23T17:04:32.101+0000] {logging_mixin.py:190} INFO - [2026-05-23T17:04:32.101+0000] {dag.py:4180} INFO - Setting next_dagrun for example_skip_dag to 2026-05-22 00:00:00+00:00, run_after=2026-05-23 00:00:00+00:00
[2026-05-23T17:04:32.115+0000] {processor.py:208} INFO - Processing /home/airflow/.local/lib/python3.12/site-packages/airflow/example_dags/example_skip_dag.py took 0.068 seconds
[2026-05-23T17:05:03.475+0000] {processor.py:186} INFO - Started process (PID=2075) to work on /home/airflow/.local/lib/python3.12/site-packages/airflow/example_dags/example_skip_dag.py
[2026-05-23T17:05:03.476+0000] {processor.py:914} INFO - Processing file /home/airflow/.local/lib/python3.12/site-packages/airflow/example_dags/example_skip_dag.py for tasks to queue
[2026-05-23T17:05:03.478+0000] {logging_mixin.py:190} INFO - [2026-05-23T17:05:03.477+0000] {dagbag.py:588} INFO - Filling up the DagBag from /home/airflow/.local/lib/python3.12/site-packages/airflow/example_dags/example_skip_dag.py
[2026-05-23T17:05:03.484+0000] {processor.py:925} INFO - DAG(s) 'example_skip_dag' retrieved from /home/airflow/.local/lib/python3.12/site-packages/airflow/example_dags/example_skip_dag.py
[2026-05-23T17:05:03.500+0000] {logging_mixin.py:190} INFO - [2026-05-23T17:05:03.500+0000] {dag.py:3239} INFO - Sync 1 DAGs
[2026-05-23T17:05:03.518+0000] {logging_mixin.py:190} INFO - [2026-05-23T17:05:03.518+0000] {dag.py:4180} INFO - Setting next_dagrun for example_skip_dag to 2026-05-22 00:00:00+00:00, run_after=2026-05-23 00:00:00+00:00
[2026-05-23T17:05:03.531+0000] {processor.py:208} INFO - Processing /home/airflow/.local/lib/python3.12/site-packages/airflow/example_dags/example_skip_dag.py took 0.060 seconds
[2026-05-23T17:05:34.711+0000] {processor.py:186} INFO - Started process (PID=2140) to work on /home/airflow/.local/lib/python3.12/site-packages/airflow/example_dags/example_skip_dag.py
[2026-05-23T17:05:34.712+0000] {processor.py:914} INFO - Processing file /home/airflow/.local/lib/python3.12/site-packages/airflow/example_dags/example_skip_dag.py for tasks to queue
[2026-05-23T17:05:34.714+0000] {logging_mixin.py:190} INFO - [2026-05-23T17:05:34.714+0000] {dagbag.py:588} INFO - Filling up the DagBag from /home/airflow/.local/lib/python3.12/site-packages/airflow/example_dags/example_skip_dag.py
[2026-05-23T17:05:34.720+0000] {processor.py:925} INFO - DAG(s) 'example_skip_dag' retrieved from /home/airflow/.local/lib/python3.12/site-packages/airflow/example_dags/example_skip_dag.py
[2026-05-23T17:05:34.736+0000] {logging_mixin.py:190} INFO - [2026-05-23T17:05:34.736+0000] {dag.py:3239} INFO - Sync 1 DAGs
[2026-05-23T17:05:34.756+0000] {logging_mixin.py:190} INFO - [2026-05-23T17:05:34.755+0000] {dag.py:4180} INFO - Setting next_dagrun for example_skip_dag to 2026-05-22 00:00:00+00:00, run_after=2026-05-23 00:00:00+00:00
[2026-05-23T17:05:34.769+0000] {processor.py:208} INFO - Processing /home/airflow/.local/lib/python3.12/site-packages/airflow/example_dags/example_skip_dag.py took 0.063 seconds
[2026-05-23T17:06:05.768+0000] {processor.py:186} INFO - Started process (PID=2205) to work on /home/airflow/.local/lib/python3.12/site-packages/airflow/example_dags/example_skip_dag.py
[2026-05-23T17:06:05.769+0000] {processor.py:914} INFO - Processing file /home/airflow/.local/lib/python3.12/site-packages/airflow/example_dags/example_skip_dag.py for tasks to queue
[2026-05-23T17:06:05.771+0000] {logging_mixin.py:190} INFO - [2026-05-23T17:06:05.771+0000] {dagbag.py:588} INFO - Filling up the DagBag from /home/airflow/.local/lib/python3.12/site-packages/airflow/example_dags/example_skip_dag.py
[2026-05-23T17:06:05.779+0000] {processor.py:925} INFO - DAG(s) 'example_skip_dag' retrieved from /home/airflow/.local/lib/python3.12/site-packages/airflow/example_dags/example_skip_dag.py
[2026-05-23T17:06:05.796+0000] {logging_mixin.py:190} INFO - [2026-05-23T17:06:05.796+0000] {dag.py:3239} INFO - Sync 1 DAGs
[2026-05-23T17:06:05.817+0000] {logging_mixin.py:190} INFO - [2026-05-23T17:06:05.816+0000] {dag.py:4180} INFO - Setting next_dagrun for example_skip_dag to 2026-05-22 00:00:00+00:00, run_after=2026-05-23 00:00:00+00:00
[2026-05-23T17:06:05.832+0000] {processor.py:208} INFO - Processing /home/airflow/.local/lib/python3.12/site-packages/airflow/example_dags/example_skip_dag.py took 0.068 seconds
[2026-05-23T17:06:36.880+0000] {processor.py:186} INFO - Started process (PID=2270) to work on /home/airflow/.local/lib/python3.12/site-packages/airflow/example_dags/example_skip_dag.py
[2026-05-23T17:06:36.880+0000] {processor.py:914} INFO - Processing file /home/airflow/.local/lib/python3.12/site-packages/airflow/example_dags/example_skip_dag.py for tasks to queue
[2026-05-23T17:06:36.882+0000] {logging_mixin.py:190} INFO - [2026-05-23T17:06:36.882+0000] {dagbag.py:588} INFO - Filling up the DagBag from /home/airflow/.local/lib/python3.12/site-packages/airflow/example_dags/example_skip_dag.py
[2026-05-23T17:06:36.888+0000] {processor.py:925} INFO - DAG(s) 'example_skip_dag' retrieved from /home/airflow/.local/lib/python3.12/site-packages/airflow/example_dags/example_skip_dag.py
[2026-05-23T17:06:36.907+0000] {logging_mixin.py:190} INFO - [2026-05-23T17:06:36.907+0000] {dag.py:3239} INFO - Sync 1 DAGs
[2026-05-23T17:06:36.930+0000] {logging_mixin.py:190} INFO - [2026-05-23T17:06:36.930+0000] {dag.py:4180} INFO - Setting next_dagrun for example_skip_dag to 2026-05-22 00:00:00+00:00, run_after=2026-05-23 00:00:00+00:00
[2026-05-23T17:06:36.946+0000] {processor.py:208} INFO - Processing /home/airflow/.local/lib/python3.12/site-packages/airflow/example_dags/example_skip_dag.py took 0.071 seconds
[2026-05-23T17:07:08.239+0000] {processor.py:186} INFO - Started process (PID=2335) to work on /home/airflow/.local/lib/python3.12/site-packages/airflow/example_dags/example_skip_dag.py
[2026-05-23T17:07:08.240+0000] {processor.py:914} INFO - Processing file /home/airflow/.local/lib/python3.12/site-packages/airflow/example_dags/example_skip_dag.py for tasks to queue
[2026-05-23T17:07:08.241+0000] {logging_mixin.py:190} INFO - [2026-05-23T17:07:08.241+0000] {dagbag.py:588} INFO - Filling up the DagBag from /home/airflow/.local/lib/python3.12/site-packages/airflow/example_dags/example_skip_dag.py
[2026-05-23T17:07:08.248+0000] {processor.py:925} INFO - DAG(s) 'example_skip_dag' retrieved from /home/airflow/.local/lib/python3.12/site-packages/airflow/example_dags/example_skip_dag.py
[2026-05-23T17:07:08.267+0000] {logging_mixin.py:190} INFO - [2026-05-23T17:07:08.267+0000] {dag.py:3239} INFO - Sync 1 DAGs
[2026-05-23T17:07:08.288+0000] {logging_mixin.py:190} INFO - [2026-05-23T17:07:08.287+0000] {dag.py:4180} INFO - Setting next_dagrun for example_skip_dag to 2026-05-22 00:00:00+00:00, run_after=2026-05-23 00:00:00+00:00
[2026-05-23T17:07:08.302+0000] {processor.py:208} INFO - Processing /home/airflow/.local/lib/python3.12/site-packages/airflow/example_dags/example_skip_dag.py took 0.067 seconds
[2026-05-23T17:07:38.896+0000] {processor.py:186} INFO - Started process (PID=2400) to work on /home/airflow/.local/lib/python3.12/site-packages/airflow/example_dags/example_skip_dag.py
[2026-05-23T17:07:38.897+0000] {processor.py:914} INFO - Processing file /home/airflow/.local/lib/python3.12/site-packages/airflow/example_dags/example_skip_dag.py for tasks to queue
[2026-05-23T17:07:38.899+0000] {logging_mixin.py:190} INFO - [2026-05-23T17:07:38.898+0000] {dagbag.py:588} INFO - Filling up the DagBag from /home/airflow/.local/lib/python3.12/site-packages/airflow/example_dags/example_skip_dag.py
[2026-05-23T17:07:38.906+0000] {processor.py:925} INFO - DAG(s) 'example_skip_dag' retrieved from /home/airflow/.local/lib/python3.12/site-packages/airflow/example_dags/example_skip_dag.py
[2026-05-23T17:07:38.927+0000] {logging_mixin.py:190} INFO - [2026-05-23T17:07:38.927+0000] {dag.py:3239} INFO - Sync 1 DAGs
[2026-05-23T17:07:38.949+0000] {logging_mixin.py:190} INFO - [2026-05-23T17:07:38.949+0000] {dag.py:4180} INFO - Setting next_dagrun for example_skip_dag to 2026-05-22 00:00:00+00:00, run_after=2026-05-23 00:00:00+00:00
[2026-05-23T17:07:38.964+0000] {processor.py:208} INFO - Processing /home/airflow/.local/lib/python3.12/site-packages/airflow/example_dags/example_skip_dag.py took 0.074 seconds
[2026-05-23T17:08:10.055+0000] {processor.py:186} INFO - Started process (PID=2465) to work on /home/airflow/.local/lib/python3.12/site-packages/airflow/example_dags/example_skip_dag.py
[2026-05-23T17:08:10.055+0000] {processor.py:914} INFO - Processing file /home/airflow/.local/lib/python3.12/site-packages/airflow/example_dags/example_skip_dag.py for tasks to queue
[2026-05-23T17:08:10.057+0000] {logging_mixin.py:190} INFO - [2026-05-23T17:08:10.056+0000] {dagbag.py:588} INFO - Filling up the DagBag from /home/airflow/.local/lib/python3.12/site-packages/airflow/example_dags/example_skip_dag.py
[2026-05-23T17:08:10.063+0000] {processor.py:925} INFO - DAG(s) 'example_skip_dag' retrieved from /home/airflow/.local/lib/python3.12/site-packages/airflow/example_dags/example_skip_dag.py
[2026-05-23T17:08:10.086+0000] {logging_mixin.py:190} INFO - [2026-05-23T17:08:10.086+0000] {dag.py:3239} INFO - Sync 1 DAGs
[2026-05-23T17:08:10.110+0000] {logging_mixin.py:190} INFO - [2026-05-23T17:08:10.110+0000] {dag.py:4180} INFO - Setting next_dagrun for example_skip_dag to 2026-05-22 00:00:00+00:00, run_after=2026-05-23 00:00:00+00:00
[2026-05-23T17:08:10.126+0000] {processor.py:208} INFO - Processing /home/airflow/.local/lib/python3.12/site-packages/airflow/example_dags/example_skip_dag.py took 0.075 seconds
[2026-05-23T17:08:40.886+0000] {processor.py:186} INFO - Started process (PID=2530) to work on /home/airflow/.local/lib/python3.12/site-packages/airflow/example_dags/example_skip_dag.py
[2026-05-23T17:08:40.887+0000] {processor.py:914} INFO - Processing file /home/airflow/.local/lib/python3.12/site-packages/airflow/example_dags/example_skip_dag.py for tasks to queue
[2026-05-23T17:08:40.888+0000] {logging_mixin.py:190} INFO - [2026-05-23T17:08:40.888+0000] {dagbag.py:588} INFO - Filling up the DagBag from /home/airflow/.local/lib/python3.12/site-packages/airflow/example_dags/example_skip_dag.py
[2026-05-23T17:08:40.894+0000] {processor.py:925} INFO - DAG(s) 'example_skip_dag' retrieved from /home/airflow/.local/lib/python3.12/site-packages/airflow/example_dags/example_skip_dag.py
[2026-05-23T17:08:40.913+0000] {logging_mixin.py:190} INFO - [2026-05-23T17:08:40.913+0000] {dag.py:3239} INFO - Sync 1 DAGs
[2026-05-23T17:08:40.933+0000] {logging_mixin.py:190} INFO - [2026-05-23T17:08:40.932+0000] {dag.py:4180} INFO - Setting next_dagrun for example_skip_dag to 2026-05-22 00:00:00+00:00, run_after=2026-05-23 00:00:00+00:00
[2026-05-23T17:08:40.946+0000] {processor.py:208} INFO - Processing /home/airflow/.local/lib/python3.12/site-packages/airflow/example_dags/example_skip_dag.py took 0.064 seconds
[2026-05-23T17:09:12.521+0000] {processor.py:186} INFO - Started process (PID=2595) to work on /home/airflow/.local/lib/python3.12/site-packages/airflow/example_dags/example_skip_dag.py
[2026-05-23T17:09:12.521+0000] {processor.py:914} INFO - Processing file /home/airflow/.local/lib/python3.12/site-packages/airflow/example_dags/example_skip_dag.py for tasks to queue
[2026-05-23T17:09:12.523+0000] {logging_mixin.py:190} INFO - [2026-05-23T17:09:12.523+0000] {dagbag.py:588} INFO - Filling up the DagBag from /home/airflow/.local/lib/python3.12/site-packages/airflow/example_dags/example_skip_dag.py
[2026-05-23T17:09:12.530+0000] {processor.py:925} INFO - DAG(s) 'example_skip_dag' retrieved from /home/airflow/.local/lib/python3.12/site-packages/airflow/example_dags/example_skip_dag.py
[2026-05-23T17:09:12.547+0000] {logging_mixin.py:190} INFO - [2026-05-23T17:09:12.547+0000] {dag.py:3239} INFO - Sync 1 DAGs
[2026-05-23T17:09:12.566+0000] {logging_mixin.py:190} INFO - [2026-05-23T17:09:12.565+0000] {dag.py:4180} INFO - Setting next_dagrun for example_skip_dag to 2026-05-22 00:00:00+00:00, run_after=2026-05-23 00:00:00+00:00
[2026-05-23T17:09:12.579+0000] {processor.py:208} INFO - Processing /home/airflow/.local/lib/python3.12/site-packages/airflow/example_dags/example_skip_dag.py took 0.064 seconds
[2026-05-23T17:09:44.614+0000] {processor.py:186} INFO - Started process (PID=2660) to work on /home/airflow/.local/lib/python3.12/site-packages/airflow/example_dags/example_skip_dag.py
[2026-05-23T17:09:44.615+0000] {processor.py:914} INFO - Processing file /home/airflow/.local/lib/python3.12/site-packages/airflow/example_dags/example_skip_dag.py for tasks to queue
[2026-05-23T17:09:44.617+0000] {logging_mixin.py:190} INFO - [2026-05-23T17:09:44.616+0000] {dagbag.py:588} INFO - Filling up the DagBag from /home/airflow/.local/lib/python3.12/site-packages/airflow/example_dags/example_skip_dag.py
[2026-05-23T17:09:44.623+0000] {processor.py:925} INFO - DAG(s) 'example_skip_dag' retrieved from /home/airflow/.local/lib/python3.12/site-packages/airflow/example_dags/example_skip_dag.py
[2026-05-23T17:09:44.641+0000] {logging_mixin.py:190} INFO - [2026-05-23T17:09:44.641+0000] {dag.py:3239} INFO - Sync 1 DAGs
[2026-05-23T17:09:44.666+0000] {logging_mixin.py:190} INFO - [2026-05-23T17:09:44.666+0000] {dag.py:4180} INFO - Setting next_dagrun for example_skip_dag to 2026-05-22 00:00:00+00:00, run_after=2026-05-23 00:00:00+00:00
[2026-05-23T17:09:44.683+0000] {processor.py:208} INFO - Processing /home/airflow/.local/lib/python3.12/site-packages/airflow/example_dags/example_skip_dag.py took 0.073 seconds
[2026-05-23T17:10:15.391+0000] {processor.py:186} INFO - Started process (PID=2725) to work on /home/airflow/.local/lib/python3.12/site-packages/airflow/example_dags/example_skip_dag.py
[2026-05-23T17:10:15.392+0000] {processor.py:914} INFO - Processing file /home/airflow/.local/lib/python3.12/site-packages/airflow/example_dags/example_skip_dag.py for tasks to queue
[2026-05-23T17:10:15.394+0000] {logging_mixin.py:190} INFO - [2026-05-23T17:10:15.394+0000] {dagbag.py:588} INFO - Filling up the DagBag from /home/airflow/.local/lib/python3.12/site-packages/airflow/example_dags/example_skip_dag.py
[2026-05-23T17:10:15.404+0000] {processor.py:925} INFO - DAG(s) 'example_skip_dag' retrieved from /home/airflow/.local/lib/python3.12/site-packages/airflow/example_dags/example_skip_dag.py
[2026-05-23T17:10:15.429+0000] {logging_mixin.py:190} INFO - [2026-05-23T17:10:15.429+0000] {dag.py:3239} INFO - Sync 1 DAGs
[2026-05-23T17:10:15.458+0000] {logging_mixin.py:190} INFO - [2026-05-23T17:10:15.458+0000] {dag.py:4180} INFO - Setting next_dagrun for example_skip_dag to 2026-05-22 00:00:00+00:00, run_after=2026-05-23 00:00:00+00:00
[2026-05-23T17:10:15.474+0000] {processor.py:208} INFO - Processing /home/airflow/.local/lib/python3.12/site-packages/airflow/example_dags/example_skip_dag.py took 0.089 seconds
[2026-05-23T17:10:46.014+0000] {processor.py:186} INFO - Started process (PID=2790) to work on /home/airflow/.local/lib/python3.12/site-packages/airflow/example_dags/example_skip_dag.py
[2026-05-23T17:10:46.014+0000] {processor.py:914} INFO - Processing file /home/airflow/.local/lib/python3.12/site-packages/airflow/example_dags/example_skip_dag.py for tasks to queue
[2026-05-23T17:10:46.016+0000] {logging_mixin.py:190} INFO - [2026-05-23T17:10:46.016+0000] {dagbag.py:588} INFO - Filling up the DagBag from /home/airflow/.local/lib/python3.12/site-packages/airflow/example_dags/example_skip_dag.py
[2026-05-23T17:10:46.023+0000] {processor.py:925} INFO - DAG(s) 'example_skip_dag' retrieved from /home/airflow/.local/lib/python3.12/site-packages/airflow/example_dags/example_skip_dag.py
[2026-05-23T17:10:46.042+0000] {logging_mixin.py:190} INFO - [2026-05-23T17:10:46.042+0000] {dag.py:3239} INFO - Sync 1 DAGs
[2026-05-23T17:10:46.062+0000] {logging_mixin.py:190} INFO - [2026-05-23T17:10:46.062+0000] {dag.py:4180} INFO - Setting next_dagrun for example_skip_dag to 2026-05-22 00:00:00+00:00, run_after=2026-05-23 00:00:00+00:00
[2026-05-23T17:10:46.077+0000] {processor.py:208} INFO - Processing /home/airflow/.local/lib/python3.12/site-packages/airflow/example_dags/example_skip_dag.py took 0.068 seconds
[2026-05-23T17:11:17.203+0000] {processor.py:186} INFO - Started process (PID=2855) to work on /home/airflow/.local/lib/python3.12/site-packages/airflow/example_dags/example_skip_dag.py
[2026-05-23T17:11:17.204+0000] {processor.py:914} INFO - Processing file /home/airflow/.local/lib/python3.12/site-packages/airflow/example_dags/example_skip_dag.py for tasks to queue
[2026-05-23T17:11:17.206+0000] {logging_mixin.py:190} INFO - [2026-05-23T17:11:17.206+0000] {dagbag.py:588} INFO - Filling up the DagBag from /home/airflow/.local/lib/python3.12/site-packages/airflow/example_dags/example_skip_dag.py
[2026-05-23T17:11:17.213+0000] {processor.py:925} INFO - DAG(s) 'example_skip_dag' retrieved from /home/airflow/.local/lib/python3.12/site-packages/airflow/example_dags/example_skip_dag.py
[2026-05-23T17:11:17.229+0000] {logging_mixin.py:190} INFO - [2026-05-23T17:11:17.229+0000] {dag.py:3239} INFO - Sync 1 DAGs
[2026-05-23T17:11:17.249+0000] {logging_mixin.py:190} INFO - [2026-05-23T17:11:17.249+0000] {dag.py:4180} INFO - Setting next_dagrun for example_skip_dag to 2026-05-22 00:00:00+00:00, run_after=2026-05-23 00:00:00+00:00
[2026-05-23T17:11:17.265+0000] {processor.py:208} INFO - Processing /home/airflow/.local/lib/python3.12/site-packages/airflow/example_dags/example_skip_dag.py took 0.067 seconds
[2026-05-23T17:11:48.504+0000] {processor.py:186} INFO - Started process (PID=2920) to work on /home/airflow/.local/lib/python3.12/site-packages/airflow/example_dags/example_skip_dag.py
[2026-05-23T17:11:48.505+0000] {processor.py:914} INFO - Processing file /home/airflow/.local/lib/python3.12/site-packages/airflow/example_dags/example_skip_dag.py for tasks to queue
[2026-05-23T17:11:48.507+0000] {logging_mixin.py:190} INFO - [2026-05-23T17:11:48.507+0000] {dagbag.py:588} INFO - Filling up the DagBag from /home/airflow/.local/lib/python3.12/site-packages/airflow/example_dags/example_skip_dag.py
[2026-05-23T17:11:48.515+0000] {processor.py:925} INFO - DAG(s) 'example_skip_dag' retrieved from /home/airflow/.local/lib/python3.12/site-packages/airflow/example_dags/example_skip_dag.py
[2026-05-23T17:11:48.532+0000] {logging_mixin.py:190} INFO - [2026-05-23T17:11:48.532+0000] {dag.py:3239} INFO - Sync 1 DAGs
[2026-05-23T17:11:48.552+0000] {logging_mixin.py:190} INFO - [2026-05-23T17:11:48.551+0000] {dag.py:4180} INFO - Setting next_dagrun for example_skip_dag to 2026-05-22 00:00:00+00:00, run_after=2026-05-23 00:00:00+00:00
[2026-05-23T17:11:48.564+0000] {processor.py:208} INFO - Processing /home/airflow/.local/lib/python3.12/site-packages/airflow/example_dags/example_skip_dag.py took 0.067 seconds
[2026-05-23T17:12:19.948+0000] {processor.py:186} INFO - Started process (PID=2985) to work on /home/airflow/.local/lib/python3.12/site-packages/airflow/example_dags/example_skip_dag.py
[2026-05-23T17:12:19.949+0000] {processor.py:914} INFO - Processing file /home/airflow/.local/lib/python3.12/site-packages/airflow/example_dags/example_skip_dag.py for tasks to queue
[2026-05-23T17:12:19.951+0000] {logging_mixin.py:190} INFO - [2026-05-23T17:12:19.951+0000] {dagbag.py:588} INFO - Filling up the DagBag from /home/airflow/.local/lib/python3.12/site-packages/airflow/example_dags/example_skip_dag.py
[2026-05-23T17:12:19.957+0000] {processor.py:925} INFO - DAG(s) 'example_skip_dag' retrieved from /home/airflow/.local/lib/python3.12/site-packages/airflow/example_dags/example_skip_dag.py
[2026-05-23T17:12:19.977+0000] {logging_mixin.py:190} INFO - [2026-05-23T17:12:19.977+0000] {dag.py:3239} INFO - Sync 1 DAGs
[2026-05-23T17:12:19.998+0000] {logging_mixin.py:190} INFO - [2026-05-23T17:12:19.997+0000] {dag.py:4180} INFO - Setting next_dagrun for example_skip_dag to 2026-05-22 00:00:00+00:00, run_after=2026-05-23 00:00:00+00:00
[2026-05-23T17:12:20.011+0000] {processor.py:208} INFO - Processing /home/airflow/.local/lib/python3.12/site-packages/airflow/example_dags/example_skip_dag.py took 0.066 seconds
[2026-05-23T17:12:51.148+0000] {processor.py:186} INFO - Started process (PID=3050) to work on /home/airflow/.local/lib/python3.12/site-packages/airflow/example_dags/example_skip_dag.py
[2026-05-23T17:12:51.149+0000] {processor.py:914} INFO - Processing file /home/airflow/.local/lib/python3.12/site-packages/airflow/example_dags/example_skip_dag.py for tasks to queue
[2026-05-23T17:12:51.150+0000] {logging_mixin.py:190} INFO - [2026-05-23T17:12:51.150+0000] {dagbag.py:588} INFO - Filling up the DagBag from /home/airflow/.local/lib/python3.12/site-packages/airflow/example_dags/example_skip_dag.py
[2026-05-23T17:12:51.157+0000] {processor.py:925} INFO - DAG(s) 'example_skip_dag' retrieved from /home/airflow/.local/lib/python3.12/site-packages/airflow/example_dags/example_skip_dag.py
[2026-05-23T17:12:51.176+0000] {logging_mixin.py:190} INFO - [2026-05-23T17:12:51.175+0000] {dag.py:3239} INFO - Sync 1 DAGs
[2026-05-23T17:12:51.195+0000] {logging_mixin.py:190} INFO - [2026-05-23T17:12:51.195+0000] {dag.py:4180} INFO - Setting next_dagrun for example_skip_dag to 2026-05-22 00:00:00+00:00, run_after=2026-05-23 00:00:00+00:00
[2026-05-23T17:12:51.209+0000] {processor.py:208} INFO - Processing /home/airflow/.local/lib/python3.12/site-packages/airflow/example_dags/example_skip_dag.py took 0.066 seconds
[2026-05-23T17:13:22.592+0000] {processor.py:186} INFO - Started process (PID=3116) to work on /home/airflow/.local/lib/python3.12/site-packages/airflow/example_dags/example_skip_dag.py
[2026-05-23T17:13:22.592+0000] {processor.py:914} INFO - Processing file /home/airflow/.local/lib/python3.12/site-packages/airflow/example_dags/example_skip_dag.py for tasks to queue
[2026-05-23T17:13:22.594+0000] {logging_mixin.py:190} INFO - [2026-05-23T17:13:22.594+0000] {dagbag.py:588} INFO - Filling up the DagBag from /home/airflow/.local/lib/python3.12/site-packages/airflow/example_dags/example_skip_dag.py
[2026-05-23T17:13:22.601+0000] {processor.py:925} INFO - DAG(s) 'example_skip_dag' retrieved from /home/airflow/.local/lib/python3.12/site-packages/airflow/example_dags/example_skip_dag.py
[2026-05-23T17:13:22.621+0000] {logging_mixin.py:190} INFO - [2026-05-23T17:13:22.620+0000] {dag.py:3239} INFO - Sync 1 DAGs
[2026-05-23T17:13:22.639+0000] {logging_mixin.py:190} INFO - [2026-05-23T17:13:22.639+0000] {dag.py:4180} INFO - Setting next_dagrun for example_skip_dag to 2026-05-22 00:00:00+00:00, run_after=2026-05-23 00:00:00+00:00
[2026-05-23T17:13:22.653+0000] {processor.py:208} INFO - Processing /home/airflow/.local/lib/python3.12/site-packages/airflow/example_dags/example_skip_dag.py took 0.066 seconds
[2026-05-23T17:13:54.061+0000] {processor.py:186} INFO - Started process (PID=3181) to work on /home/airflow/.local/lib/python3.12/site-packages/airflow/example_dags/example_skip_dag.py
[2026-05-23T17:13:54.062+0000] {processor.py:914} INFO - Processing file /home/airflow/.local/lib/python3.12/site-packages/airflow/example_dags/example_skip_dag.py for tasks to queue
[2026-05-23T17:13:54.063+0000] {logging_mixin.py:190} INFO - [2026-05-23T17:13:54.063+0000] {dagbag.py:588} INFO - Filling up the DagBag from /home/airflow/.local/lib/python3.12/site-packages/airflow/example_dags/example_skip_dag.py
[2026-05-23T17:13:54.070+0000] {processor.py:925} INFO - DAG(s) 'example_skip_dag' retrieved from /home/airflow/.local/lib/python3.12/site-packages/airflow/example_dags/example_skip_dag.py
[2026-05-23T17:13:54.086+0000] {logging_mixin.py:190} INFO - [2026-05-23T17:13:54.086+0000] {dag.py:3239} INFO - Sync 1 DAGs
[2026-05-23T17:13:54.105+0000] {logging_mixin.py:190} INFO - [2026-05-23T17:13:54.105+0000] {dag.py:4180} INFO - Setting next_dagrun for example_skip_dag to 2026-05-22 00:00:00+00:00, run_after=2026-05-23 00:00:00+00:00
[2026-05-23T17:13:54.118+0000] {processor.py:208} INFO - Processing /home/airflow/.local/lib/python3.12/site-packages/airflow/example_dags/example_skip_dag.py took 0.062 seconds
[2026-05-23T17:14:25.172+0000] {processor.py:186} INFO - Started process (PID=3244) to work on /home/airflow/.local/lib/python3.12/site-packages/airflow/example_dags/example_skip_dag.py
[2026-05-23T17:14:25.173+0000] {processor.py:914} INFO - Processing file /home/airflow/.local/lib/python3.12/site-packages/airflow/example_dags/example_skip_dag.py for tasks to queue
[2026-05-23T17:14:25.174+0000] {logging_mixin.py:190} INFO - [2026-05-23T17:14:25.174+0000] {dagbag.py:588} INFO - Filling up the DagBag from /home/airflow/.local/lib/python3.12/site-packages/airflow/example_dags/example_skip_dag.py
[2026-05-23T17:14:25.180+0000] {processor.py:925} INFO - DAG(s) 'example_skip_dag' retrieved from /home/airflow/.local/lib/python3.12/site-packages/airflow/example_dags/example_skip_dag.py
[2026-05-23T17:14:25.200+0000] {logging_mixin.py:190} INFO - [2026-05-23T17:14:25.200+0000] {dag.py:3239} INFO - Sync 1 DAGs
[2026-05-23T17:14:25.225+0000] {logging_mixin.py:190} INFO - [2026-05-23T17:14:25.225+0000] {dag.py:4180} INFO - Setting next_dagrun for example_skip_dag to 2026-05-22 00:00:00+00:00, run_after=2026-05-23 00:00:00+00:00
[2026-05-23T17:14:25.241+0000] {processor.py:208} INFO - Processing /home/airflow/.local/lib/python3.12/site-packages/airflow/example_dags/example_skip_dag.py took 0.073 seconds
[2026-05-23T17:14:56.725+0000] {processor.py:186} INFO - Started process (PID=3309) to work on /home/airflow/.local/lib/python3.12/site-packages/airflow/example_dags/example_skip_dag.py
[2026-05-23T17:14:56.725+0000] {processor.py:914} INFO - Processing file /home/airflow/.local/lib/python3.12/site-packages/airflow/example_dags/example_skip_dag.py for tasks to queue
[2026-05-23T17:14:56.727+0000] {logging_mixin.py:190} INFO - [2026-05-23T17:14:56.727+0000] {dagbag.py:588} INFO - Filling up the DagBag from /home/airflow/.local/lib/python3.12/site-packages/airflow/example_dags/example_skip_dag.py
[2026-05-23T17:14:56.736+0000] {processor.py:925} INFO - DAG(s) 'example_skip_dag' retrieved from /home/airflow/.local/lib/python3.12/site-packages/airflow/example_dags/example_skip_dag.py
[2026-05-23T17:14:56.753+0000] {logging_mixin.py:190} INFO - [2026-05-23T17:14:56.753+0000] {dag.py:3239} INFO - Sync 1 DAGs
[2026-05-23T17:14:56.771+0000] {logging_mixin.py:190} INFO - [2026-05-23T17:14:56.771+0000] {dag.py:4180} INFO - Setting next_dagrun for example_skip_dag to 2026-05-22 00:00:00+00:00, run_after=2026-05-23 00:00:00+00:00
[2026-05-23T17:14:56.784+0000] {processor.py:208} INFO - Processing /home/airflow/.local/lib/python3.12/site-packages/airflow/example_dags/example_skip_dag.py took 0.064 seconds
[2026-05-23T17:15:27.890+0000] {processor.py:186} INFO - Started process (PID=3374) to work on /home/airflow/.local/lib/python3.12/site-packages/airflow/example_dags/example_skip_dag.py
[2026-05-23T17:15:27.891+0000] {processor.py:914} INFO - Processing file /home/airflow/.local/lib/python3.12/site-packages/airflow/example_dags/example_skip_dag.py for tasks to queue
[2026-05-23T17:15:27.893+0000] {logging_mixin.py:190} INFO - [2026-05-23T17:15:27.893+0000] {dagbag.py:588} INFO - Filling up the DagBag from /home/airflow/.local/lib/python3.12/site-packages/airflow/example_dags/example_skip_dag.py
[2026-05-23T17:15:27.900+0000] {processor.py:925} INFO - DAG(s) 'example_skip_dag' retrieved from /home/airflow/.local/lib/python3.12/site-packages/airflow/example_dags/example_skip_dag.py
[2026-05-23T17:15:27.916+0000] {logging_mixin.py:190} INFO - [2026-05-23T17:15:27.916+0000] {dag.py:3239} INFO - Sync 1 DAGs
[2026-05-23T17:15:27.936+0000] {logging_mixin.py:190} INFO - [2026-05-23T17:15:27.936+0000] {dag.py:4180} INFO - Setting next_dagrun for example_skip_dag to 2026-05-22 00:00:00+00:00, run_after=2026-05-23 00:00:00+00:00
[2026-05-23T17:15:27.950+0000] {processor.py:208} INFO - Processing /home/airflow/.local/lib/python3.12/site-packages/airflow/example_dags/example_skip_dag.py took 0.065 seconds
[2026-05-23T17:15:58.903+0000] {processor.py:186} INFO - Started process (PID=3439) to work on /home/airflow/.local/lib/python3.12/site-packages/airflow/example_dags/example_skip_dag.py
[2026-05-23T17:15:58.903+0000] {processor.py:914} INFO - Processing file /home/airflow/.local/lib/python3.12/site-packages/airflow/example_dags/example_skip_dag.py for tasks to queue
[2026-05-23T17:15:58.905+0000] {logging_mixin.py:190} INFO - [2026-05-23T17:15:58.905+0000] {dagbag.py:588} INFO - Filling up the DagBag from /home/airflow/.local/lib/python3.12/site-packages/airflow/example_dags/example_skip_dag.py
[2026-05-23T17:15:58.912+0000] {processor.py:925} INFO - DAG(s) 'example_skip_dag' retrieved from /home/airflow/.local/lib/python3.12/site-packages/airflow/example_dags/example_skip_dag.py
[2026-05-23T17:15:58.929+0000] {logging_mixin.py:190} INFO - [2026-05-23T17:15:58.929+0000] {dag.py:3239} INFO - Sync 1 DAGs
[2026-05-23T17:15:58.947+0000] {logging_mixin.py:190} INFO - [2026-05-23T17:15:58.947+0000] {dag.py:4180} INFO - Setting next_dagrun for example_skip_dag to 2026-05-22 00:00:00+00:00, run_after=2026-05-23 00:00:00+00:00
[2026-05-23T17:15:58.960+0000] {processor.py:208} INFO - Processing /home/airflow/.local/lib/python3.12/site-packages/airflow/example_dags/example_skip_dag.py took 0.062 seconds
[2026-05-23T17:16:30.095+0000] {processor.py:186} INFO - Started process (PID=3510) to work on /home/airflow/.local/lib/python3.12/site-packages/airflow/example_dags/example_skip_dag.py
[2026-05-23T17:16:30.095+0000] {processor.py:914} INFO - Processing file /home/airflow/.local/lib/python3.12/site-packages/airflow/example_dags/example_skip_dag.py for tasks to queue
[2026-05-23T17:16:30.097+0000] {logging_mixin.py:190} INFO - [2026-05-23T17:16:30.097+0000] {dagbag.py:588} INFO - Filling up the DagBag from /home/airflow/.local/lib/python3.12/site-packages/airflow/example_dags/example_skip_dag.py
[2026-05-23T17:16:30.103+0000] {processor.py:925} INFO - DAG(s) 'example_skip_dag' retrieved from /home/airflow/.local/lib/python3.12/site-packages/airflow/example_dags/example_skip_dag.py
[2026-05-23T17:16:30.123+0000] {logging_mixin.py:190} INFO - [2026-05-23T17:16:30.122+0000] {dag.py:3239} INFO - Sync 1 DAGs
[2026-05-23T17:16:30.142+0000] {logging_mixin.py:190} INFO - [2026-05-23T17:16:30.142+0000] {dag.py:4180} INFO - Setting next_dagrun for example_skip_dag to 2026-05-22 00:00:00+00:00, run_after=2026-05-23 00:00:00+00:00
[2026-05-23T17:16:30.156+0000] {processor.py:208} INFO - Processing /home/airflow/.local/lib/python3.12/site-packages/airflow/example_dags/example_skip_dag.py took 0.066 seconds
[2026-05-23T17:17:01.433+0000] {processor.py:186} INFO - Started process (PID=3575) to work on /home/airflow/.local/lib/python3.12/site-packages/airflow/example_dags/example_skip_dag.py
[2026-05-23T17:17:01.433+0000] {processor.py:914} INFO - Processing file /home/airflow/.local/lib/python3.12/site-packages/airflow/example_dags/example_skip_dag.py for tasks to queue
[2026-05-23T17:17:01.435+0000] {logging_mixin.py:190} INFO - [2026-05-23T17:17:01.435+0000] {dagbag.py:588} INFO - Filling up the DagBag from /home/airflow/.local/lib/python3.12/site-packages/airflow/example_dags/example_skip_dag.py
[2026-05-23T17:17:01.441+0000] {processor.py:925} INFO - DAG(s) 'example_skip_dag' retrieved from /home/airflow/.local/lib/python3.12/site-packages/airflow/example_dags/example_skip_dag.py
[2026-05-23T17:17:01.457+0000] {logging_mixin.py:190} INFO - [2026-05-23T17:17:01.457+0000] {dag.py:3239} INFO - Sync 1 DAGs
[2026-05-23T17:17:01.475+0000] {logging_mixin.py:190} INFO - [2026-05-23T17:17:01.475+0000] {dag.py:4180} INFO - Setting next_dagrun for example_skip_dag to 2026-05-22 00:00:00+00:00, run_after=2026-05-23 00:00:00+00:00
[2026-05-23T17:17:01.488+0000] {processor.py:208} INFO - Processing /home/airflow/.local/lib/python3.12/site-packages/airflow/example_dags/example_skip_dag.py took 0.060 seconds
[2026-05-23T17:17:33.180+0000] {processor.py:186} INFO - Started process (PID=3640) to work on /home/airflow/.local/lib/python3.12/site-packages/airflow/example_dags/example_skip_dag.py
[2026-05-23T17:17:33.181+0000] {processor.py:914} INFO - Processing file /home/airflow/.local/lib/python3.12/site-packages/airflow/example_dags/example_skip_dag.py for tasks to queue
[2026-05-23T17:17:33.183+0000] {logging_mixin.py:190} INFO - [2026-05-23T17:17:33.182+0000] {dagbag.py:588} INFO - Filling up the DagBag from /home/airflow/.local/lib/python3.12/site-packages/airflow/example_dags/example_skip_dag.py
[2026-05-23T17:17:33.190+0000] {processor.py:925} INFO - DAG(s) 'example_skip_dag' retrieved from /home/airflow/.local/lib/python3.12/site-packages/airflow/example_dags/example_skip_dag.py
[2026-05-23T17:17:33.209+0000] {logging_mixin.py:190} INFO - [2026-05-23T17:17:33.208+0000] {dag.py:3239} INFO - Sync 1 DAGs
[2026-05-23T17:17:33.231+0000] {logging_mixin.py:190} INFO - [2026-05-23T17:17:33.231+0000] {dag.py:4180} INFO - Setting next_dagrun for example_skip_dag to 2026-05-22 00:00:00+00:00, run_after=2026-05-23 00:00:00+00:00
[2026-05-23T17:17:33.246+0000] {processor.py:208} INFO - Processing /home/airflow/.local/lib/python3.12/site-packages/airflow/example_dags/example_skip_dag.py took 0.070 seconds
[2026-05-23T17:18:04.516+0000] {processor.py:186} INFO - Started process (PID=3706) to work on /home/airflow/.local/lib/python3.12/site-packages/airflow/example_dags/example_skip_dag.py
[2026-05-23T17:18:04.516+0000] {processor.py:914} INFO - Processing file /home/airflow/.local/lib/python3.12/site-packages/airflow/example_dags/example_skip_dag.py for tasks to queue
[2026-05-23T17:18:04.518+0000] {logging_mixin.py:190} INFO - [2026-05-23T17:18:04.518+0000] {dagbag.py:588} INFO - Filling up the DagBag from /home/airflow/.local/lib/python3.12/site-packages/airflow/example_dags/example_skip_dag.py
[2026-05-23T17:18:04.524+0000] {processor.py:925} INFO - DAG(s) 'example_skip_dag' retrieved from /home/airflow/.local/lib/python3.12/site-packages/airflow/example_dags/example_skip_dag.py
[2026-05-23T17:18:04.541+0000] {logging_mixin.py:190} INFO - [2026-05-23T17:18:04.541+0000] {dag.py:3239} INFO - Sync 1 DAGs
[2026-05-23T17:18:04.559+0000] {logging_mixin.py:190} INFO - [2026-05-23T17:18:04.559+0000] {dag.py:4180} INFO - Setting next_dagrun for example_skip_dag to 2026-05-22 00:00:00+00:00, run_after=2026-05-23 00:00:00+00:00
[2026-05-23T17:18:04.572+0000] {processor.py:208} INFO - Processing /home/airflow/.local/lib/python3.12/site-packages/airflow/example_dags/example_skip_dag.py took 0.061 seconds
[2026-05-23T17:18:36.585+0000] {processor.py:186} INFO - Started process (PID=3772) to work on /home/airflow/.local/lib/python3.12/site-packages/airflow/example_dags/example_skip_dag.py
[2026-05-23T17:18:36.588+0000] {processor.py:914} INFO - Processing file /home/airflow/.local/lib/python3.12/site-packages/airflow/example_dags/example_skip_dag.py for tasks to queue
[2026-05-23T17:18:36.590+0000] {logging_mixin.py:190} INFO - [2026-05-23T17:18:36.590+0000] {dagbag.py:588} INFO - Filling up the DagBag from /home/airflow/.local/lib/python3.12/site-packages/airflow/example_dags/example_skip_dag.py
[2026-05-23T17:18:36.599+0000] {processor.py:925} INFO - DAG(s) 'example_skip_dag' retrieved from /home/airflow/.local/lib/python3.12/site-packages/airflow/example_dags/example_skip_dag.py
[2026-05-23T17:18:36.621+0000] {logging_mixin.py:190} INFO - [2026-05-23T17:18:36.621+0000] {dag.py:3239} INFO - Sync 1 DAGs
[2026-05-23T17:18:36.645+0000] {logging_mixin.py:190} INFO - [2026-05-23T17:18:36.645+0000] {dag.py:4180} INFO - Setting next_dagrun for example_skip_dag to 2026-05-22 00:00:00+00:00, run_after=2026-05-23 00:00:00+00:00
[2026-05-23T17:18:36.661+0000] {processor.py:208} INFO - Processing /home/airflow/.local/lib/python3.12/site-packages/airflow/example_dags/example_skip_dag.py took 0.082 seconds
[2026-05-23T17:19:08.617+0000] {processor.py:186} INFO - Started process (PID=3838) to work on /home/airflow/.local/lib/python3.12/site-packages/airflow/example_dags/example_skip_dag.py
[2026-05-23T17:19:08.618+0000] {processor.py:914} INFO - Processing file /home/airflow/.local/lib/python3.12/site-packages/airflow/example_dags/example_skip_dag.py for tasks to queue
[2026-05-23T17:19:08.620+0000] {logging_mixin.py:190} INFO - [2026-05-23T17:19:08.620+0000] {dagbag.py:588} INFO - Filling up the DagBag from /home/airflow/.local/lib/python3.12/site-packages/airflow/example_dags/example_skip_dag.py
[2026-05-23T17:19:08.627+0000] {processor.py:925} INFO - DAG(s) 'example_skip_dag' retrieved from /home/airflow/.local/lib/python3.12/site-packages/airflow/example_dags/example_skip_dag.py
[2026-05-23T17:19:08.654+0000] {logging_mixin.py:190} INFO - [2026-05-23T17:19:08.653+0000] {dag.py:3239} INFO - Sync 1 DAGs
[2026-05-23T17:19:08.678+0000] {logging_mixin.py:190} INFO - [2026-05-23T17:19:08.678+0000] {dag.py:4180} INFO - Setting next_dagrun for example_skip_dag to 2026-05-22 00:00:00+00:00, run_after=2026-05-23 00:00:00+00:00
[2026-05-23T17:19:08.692+0000] {processor.py:208} INFO - Processing /home/airflow/.local/lib/python3.12/site-packages/airflow/example_dags/example_skip_dag.py took 0.081 seconds
[2026-05-23T17:19:40.344+0000] {processor.py:186} INFO - Started process (PID=3903) to work on /home/airflow/.local/lib/python3.12/site-packages/airflow/example_dags/example_skip_dag.py
[2026-05-23T17:19:40.344+0000] {processor.py:914} INFO - Processing file /home/airflow/.local/lib/python3.12/site-packages/airflow/example_dags/example_skip_dag.py for tasks to queue
[2026-05-23T17:19:40.346+0000] {logging_mixin.py:190} INFO - [2026-05-23T17:19:40.346+0000] {dagbag.py:588} INFO - Filling up the DagBag from /home/airflow/.local/lib/python3.12/site-packages/airflow/example_dags/example_skip_dag.py
[2026-05-23T17:19:40.352+0000] {processor.py:925} INFO - DAG(s) 'example_skip_dag' retrieved from /home/airflow/.local/lib/python3.12/site-packages/airflow/example_dags/example_skip_dag.py
[2026-05-23T17:19:40.372+0000] {logging_mixin.py:190} INFO - [2026-05-23T17:19:40.372+0000] {dag.py:3239} INFO - Sync 1 DAGs
[2026-05-23T17:19:40.391+0000] {logging_mixin.py:190} INFO - [2026-05-23T17:19:40.391+0000] {dag.py:4180} INFO - Setting next_dagrun for example_skip_dag to 2026-05-22 00:00:00+00:00, run_after=2026-05-23 00:00:00+00:00
[2026-05-23T17:19:40.404+0000] {processor.py:208} INFO - Processing /home/airflow/.local/lib/python3.12/site-packages/airflow/example_dags/example_skip_dag.py took 0.065 seconds
[2026-05-23T17:20:10.994+0000] {processor.py:186} INFO - Started process (PID=3968) to work on /home/airflow/.local/lib/python3.12/site-packages/airflow/example_dags/example_skip_dag.py
[2026-05-23T17:20:10.995+0000] {processor.py:914} INFO - Processing file /home/airflow/.local/lib/python3.12/site-packages/airflow/example_dags/example_skip_dag.py for tasks to queue
[2026-05-23T17:20:10.996+0000] {logging_mixin.py:190} INFO - [2026-05-23T17:20:10.996+0000] {dagbag.py:588} INFO - Filling up the DagBag from /home/airflow/.local/lib/python3.12/site-packages/airflow/example_dags/example_skip_dag.py
[2026-05-23T17:20:11.002+0000] {processor.py:925} INFO - DAG(s) 'example_skip_dag' retrieved from /home/airflow/.local/lib/python3.12/site-packages/airflow/example_dags/example_skip_dag.py
[2026-05-23T17:20:11.019+0000] {logging_mixin.py:190} INFO - [2026-05-23T17:20:11.019+0000] {dag.py:3239} INFO - Sync 1 DAGs
[2026-05-23T17:20:11.037+0000] {logging_mixin.py:190} INFO - [2026-05-23T17:20:11.037+0000] {dag.py:4180} INFO - Setting next_dagrun for example_skip_dag to 2026-05-22 00:00:00+00:00, run_after=2026-05-23 00:00:00+00:00
[2026-05-23T17:20:11.051+0000] {processor.py:208} INFO - Processing /home/airflow/.local/lib/python3.12/site-packages/airflow/example_dags/example_skip_dag.py took 0.063 seconds
[2026-05-23T17:20:41.889+0000] {processor.py:186} INFO - Started process (PID=4033) to work on /home/airflow/.local/lib/python3.12/site-packages/airflow/example_dags/example_skip_dag.py
[2026-05-23T17:20:41.890+0000] {processor.py:914} INFO - Processing file /home/airflow/.local/lib/python3.12/site-packages/airflow/example_dags/example_skip_dag.py for tasks to queue
[2026-05-23T17:20:41.892+0000] {logging_mixin.py:190} INFO - [2026-05-23T17:20:41.891+0000] {dagbag.py:588} INFO - Filling up the DagBag from /home/airflow/.local/lib/python3.12/site-packages/airflow/example_dags/example_skip_dag.py
[2026-05-23T17:20:41.898+0000] {processor.py:925} INFO - DAG(s) 'example_skip_dag' retrieved from /home/airflow/.local/lib/python3.12/site-packages/airflow/example_dags/example_skip_dag.py
[2026-05-23T17:20:41.914+0000] {logging_mixin.py:190} INFO - [2026-05-23T17:20:41.914+0000] {dag.py:3239} INFO - Sync 1 DAGs
[2026-05-23T17:20:41.938+0000] {logging_mixin.py:190} INFO - [2026-05-23T17:20:41.938+0000] {dag.py:4180} INFO - Setting next_dagrun for example_skip_dag to 2026-05-22 00:00:00+00:00, run_after=2026-05-23 00:00:00+00:00
[2026-05-23T17:20:41.956+0000] {processor.py:208} INFO - Processing /home/airflow/.local/lib/python3.12/site-packages/airflow/example_dags/example_skip_dag.py took 0.071 seconds
[2026-05-23T17:21:12.283+0000] {processor.py:186} INFO - Started process (PID=4098) to work on /home/airflow/.local/lib/python3.12/site-packages/airflow/example_dags/example_skip_dag.py
[2026-05-23T17:21:12.284+0000] {processor.py:914} INFO - Processing file /home/airflow/.local/lib/python3.12/site-packages/airflow/example_dags/example_skip_dag.py for tasks to queue
[2026-05-23T17:21:12.285+0000] {logging_mixin.py:190} INFO - [2026-05-23T17:21:12.285+0000] {dagbag.py:588} INFO - Filling up the DagBag from /home/airflow/.local/lib/python3.12/site-packages/airflow/example_dags/example_skip_dag.py
[2026-05-23T17:21:12.292+0000] {processor.py:925} INFO - DAG(s) 'example_skip_dag' retrieved from /home/airflow/.local/lib/python3.12/site-packages/airflow/example_dags/example_skip_dag.py
[2026-05-23T17:21:12.309+0000] {logging_mixin.py:190} INFO - [2026-05-23T17:21:12.308+0000] {dag.py:3239} INFO - Sync 1 DAGs
[2026-05-23T17:21:12.327+0000] {logging_mixin.py:190} INFO - [2026-05-23T17:21:12.326+0000] {dag.py:4180} INFO - Setting next_dagrun for example_skip_dag to 2026-05-22 00:00:00+00:00, run_after=2026-05-23 00:00:00+00:00
[2026-05-23T17:21:12.343+0000] {processor.py:208} INFO - Processing /home/airflow/.local/lib/python3.12/site-packages/airflow/example_dags/example_skip_dag.py took 0.064 seconds
[2026-05-23T21:56:24.745+0000] {processor.py:186} INFO - Started process (PID=100) to work on /home/airflow/.local/lib/python3.12/site-packages/airflow/example_dags/example_skip_dag.py
[2026-05-23T21:56:24.747+0000] {processor.py:914} INFO - Processing file /home/airflow/.local/lib/python3.12/site-packages/airflow/example_dags/example_skip_dag.py for tasks to queue
[2026-05-23T21:56:24.749+0000] {logging_mixin.py:190} INFO - [2026-05-23T21:56:24.749+0000] {dagbag.py:588} INFO - Filling up the DagBag from /home/airflow/.local/lib/python3.12/site-packages/airflow/example_dags/example_skip_dag.py
[2026-05-23T21:56:24.758+0000] {processor.py:925} INFO - DAG(s) 'example_skip_dag' retrieved from /home/airflow/.local/lib/python3.12/site-packages/airflow/example_dags/example_skip_dag.py
[2026-05-23T21:56:24.778+0000] {logging_mixin.py:190} INFO - [2026-05-23T21:56:24.778+0000] {dag.py:3239} INFO - Sync 1 DAGs
[2026-05-23T21:56:24.798+0000] {logging_mixin.py:190} INFO - [2026-05-23T21:56:24.798+0000] {dag.py:4180} INFO - Setting next_dagrun for example_skip_dag to 2026-05-22 00:00:00+00:00, run_after=2026-05-23 00:00:00+00:00
[2026-05-23T21:56:24.814+0000] {processor.py:208} INFO - Processing /home/airflow/.local/lib/python3.12/site-packages/airflow/example_dags/example_skip_dag.py took 0.074 seconds
