[2026-05-23T16:10:00.405+0000] {processor.py:186} INFO - Started process (PID=83) to work on /home/airflow/.local/lib/python3.12/site-packages/airflow/example_dags/tutorial_taskflow_api.py
[2026-05-23T16:10:00.406+0000] {processor.py:914} INFO - Processing file /home/airflow/.local/lib/python3.12/site-packages/airflow/example_dags/tutorial_taskflow_api.py for tasks to queue
[2026-05-23T16:10:00.408+0000] {logging_mixin.py:190} INFO - [2026-05-23T16:10:00.407+0000] {dagbag.py:588} INFO - Filling up the DagBag from /home/airflow/.local/lib/python3.12/site-packages/airflow/example_dags/tutorial_taskflow_api.py
[2026-05-23T16:10:00.416+0000] {processor.py:925} INFO - DAG(s) 'tutorial_taskflow_api' retrieved from /home/airflow/.local/lib/python3.12/site-packages/airflow/example_dags/tutorial_taskflow_api.py
[2026-05-23T16:10:00.444+0000] {logging_mixin.py:190} INFO - [2026-05-23T16:10:00.443+0000] {dag.py:3239} INFO - Sync 1 DAGs
[2026-05-23T16:10:00.461+0000] {logging_mixin.py:190} INFO - [2026-05-23T16:10:00.461+0000] {dag.py:4180} INFO - Setting next_dagrun for tutorial_taskflow_api to None, run_after=None
[2026-05-23T16:10:00.481+0000] {processor.py:208} INFO - Processing /home/airflow/.local/lib/python3.12/site-packages/airflow/example_dags/tutorial_taskflow_api.py took 0.083 seconds
[2026-05-23T16:10:30.922+0000] {processor.py:186} INFO - Started process (PID=147) to work on /home/airflow/.local/lib/python3.12/site-packages/airflow/example_dags/tutorial_taskflow_api.py
[2026-05-23T16:10:30.922+0000] {processor.py:914} INFO - Processing file /home/airflow/.local/lib/python3.12/site-packages/airflow/example_dags/tutorial_taskflow_api.py for tasks to queue
[2026-05-23T16:10:30.924+0000] {logging_mixin.py:190} INFO - [2026-05-23T16:10:30.923+0000] {dagbag.py:588} INFO - Filling up the DagBag from /home/airflow/.local/lib/python3.12/site-packages/airflow/example_dags/tutorial_taskflow_api.py
[2026-05-23T16:10:30.929+0000] {processor.py:925} INFO - DAG(s) 'tutorial_taskflow_api' retrieved from /home/airflow/.local/lib/python3.12/site-packages/airflow/example_dags/tutorial_taskflow_api.py
[2026-05-23T16:10:30.946+0000] {logging_mixin.py:190} INFO - [2026-05-23T16:10:30.946+0000] {dag.py:3239} INFO - Sync 1 DAGs
[2026-05-23T16:10:30.961+0000] {logging_mixin.py:190} INFO - [2026-05-23T16:10:30.960+0000] {dag.py:4180} INFO - Setting next_dagrun for tutorial_taskflow_api to None, run_after=None
[2026-05-23T16:10:30.975+0000] {processor.py:208} INFO - Processing /home/airflow/.local/lib/python3.12/site-packages/airflow/example_dags/tutorial_taskflow_api.py took 0.058 seconds
[2026-05-23T16:11:01.621+0000] {processor.py:186} INFO - Started process (PID=211) to work on /home/airflow/.local/lib/python3.12/site-packages/airflow/example_dags/tutorial_taskflow_api.py
[2026-05-23T16:11:01.622+0000] {processor.py:914} INFO - Processing file /home/airflow/.local/lib/python3.12/site-packages/airflow/example_dags/tutorial_taskflow_api.py for tasks to queue
[2026-05-23T16:11:01.623+0000] {logging_mixin.py:190} INFO - [2026-05-23T16:11:01.623+0000] {dagbag.py:588} INFO - Filling up the DagBag from /home/airflow/.local/lib/python3.12/site-packages/airflow/example_dags/tutorial_taskflow_api.py
[2026-05-23T16:11:01.631+0000] {processor.py:925} INFO - DAG(s) 'tutorial_taskflow_api' retrieved from /home/airflow/.local/lib/python3.12/site-packages/airflow/example_dags/tutorial_taskflow_api.py
[2026-05-23T16:11:01.648+0000] {logging_mixin.py:190} INFO - [2026-05-23T16:11:01.648+0000] {dag.py:3239} INFO - Sync 1 DAGs
[2026-05-23T16:11:01.661+0000] {logging_mixin.py:190} INFO - [2026-05-23T16:11:01.661+0000] {dag.py:4180} INFO - Setting next_dagrun for tutorial_taskflow_api to None, run_after=None
[2026-05-23T16:11:01.676+0000] {processor.py:208} INFO - Processing /home/airflow/.local/lib/python3.12/site-packages/airflow/example_dags/tutorial_taskflow_api.py took 0.059 seconds
[2026-05-23T16:11:33.446+0000] {processor.py:186} INFO - Started process (PID=275) to work on /home/airflow/.local/lib/python3.12/site-packages/airflow/example_dags/tutorial_taskflow_api.py
[2026-05-23T16:11:33.447+0000] {processor.py:914} INFO - Processing file /home/airflow/.local/lib/python3.12/site-packages/airflow/example_dags/tutorial_taskflow_api.py for tasks to queue
[2026-05-23T16:11:33.448+0000] {logging_mixin.py:190} INFO - [2026-05-23T16:11:33.448+0000] {dagbag.py:588} INFO - Filling up the DagBag from /home/airflow/.local/lib/python3.12/site-packages/airflow/example_dags/tutorial_taskflow_api.py
[2026-05-23T16:11:33.454+0000] {processor.py:925} INFO - DAG(s) 'tutorial_taskflow_api' retrieved from /home/airflow/.local/lib/python3.12/site-packages/airflow/example_dags/tutorial_taskflow_api.py
[2026-05-23T16:11:33.468+0000] {logging_mixin.py:190} INFO - [2026-05-23T16:11:33.468+0000] {dag.py:3239} INFO - Sync 1 DAGs
[2026-05-23T16:11:33.479+0000] {logging_mixin.py:190} INFO - [2026-05-23T16:11:33.479+0000] {dag.py:4180} INFO - Setting next_dagrun for tutorial_taskflow_api to None, run_after=None
[2026-05-23T16:11:33.491+0000] {processor.py:208} INFO - Processing /home/airflow/.local/lib/python3.12/site-packages/airflow/example_dags/tutorial_taskflow_api.py took 0.049 seconds
[2026-05-23T16:12:05.253+0000] {processor.py:186} INFO - Started process (PID=339) to work on /home/airflow/.local/lib/python3.12/site-packages/airflow/example_dags/tutorial_taskflow_api.py
[2026-05-23T16:12:05.254+0000] {processor.py:914} INFO - Processing file /home/airflow/.local/lib/python3.12/site-packages/airflow/example_dags/tutorial_taskflow_api.py for tasks to queue
[2026-05-23T16:12:05.256+0000] {logging_mixin.py:190} INFO - [2026-05-23T16:12:05.256+0000] {dagbag.py:588} INFO - Filling up the DagBag from /home/airflow/.local/lib/python3.12/site-packages/airflow/example_dags/tutorial_taskflow_api.py
[2026-05-23T16:12:05.265+0000] {processor.py:925} INFO - DAG(s) 'tutorial_taskflow_api' retrieved from /home/airflow/.local/lib/python3.12/site-packages/airflow/example_dags/tutorial_taskflow_api.py
[2026-05-23T16:12:05.287+0000] {logging_mixin.py:190} INFO - [2026-05-23T16:12:05.287+0000] {dag.py:3239} INFO - Sync 1 DAGs
[2026-05-23T16:12:05.305+0000] {logging_mixin.py:190} INFO - [2026-05-23T16:12:05.305+0000] {dag.py:4180} INFO - Setting next_dagrun for tutorial_taskflow_api to None, run_after=None
[2026-05-23T16:12:05.326+0000] {processor.py:208} INFO - Processing /home/airflow/.local/lib/python3.12/site-packages/airflow/example_dags/tutorial_taskflow_api.py took 0.080 seconds
[2026-05-23T16:12:35.856+0000] {processor.py:186} INFO - Started process (PID=403) to work on /home/airflow/.local/lib/python3.12/site-packages/airflow/example_dags/tutorial_taskflow_api.py
[2026-05-23T16:12:35.857+0000] {processor.py:914} INFO - Processing file /home/airflow/.local/lib/python3.12/site-packages/airflow/example_dags/tutorial_taskflow_api.py for tasks to queue
[2026-05-23T16:12:35.859+0000] {logging_mixin.py:190} INFO - [2026-05-23T16:12:35.859+0000] {dagbag.py:588} INFO - Filling up the DagBag from /home/airflow/.local/lib/python3.12/site-packages/airflow/example_dags/tutorial_taskflow_api.py
[2026-05-23T16:12:35.868+0000] {processor.py:925} INFO - DAG(s) 'tutorial_taskflow_api' retrieved from /home/airflow/.local/lib/python3.12/site-packages/airflow/example_dags/tutorial_taskflow_api.py
[2026-05-23T16:12:35.886+0000] {logging_mixin.py:190} INFO - [2026-05-23T16:12:35.886+0000] {dag.py:3239} INFO - Sync 1 DAGs
[2026-05-23T16:12:35.898+0000] {logging_mixin.py:190} INFO - [2026-05-23T16:12:35.898+0000] {dag.py:4180} INFO - Setting next_dagrun for tutorial_taskflow_api to None, run_after=None
[2026-05-23T16:12:35.912+0000] {processor.py:208} INFO - Processing /home/airflow/.local/lib/python3.12/site-packages/airflow/example_dags/tutorial_taskflow_api.py took 0.062 seconds
[2026-05-23T16:13:06.766+0000] {processor.py:186} INFO - Started process (PID=467) to work on /home/airflow/.local/lib/python3.12/site-packages/airflow/example_dags/tutorial_taskflow_api.py
[2026-05-23T16:13:06.767+0000] {processor.py:914} INFO - Processing file /home/airflow/.local/lib/python3.12/site-packages/airflow/example_dags/tutorial_taskflow_api.py for tasks to queue
[2026-05-23T16:13:06.768+0000] {logging_mixin.py:190} INFO - [2026-05-23T16:13:06.768+0000] {dagbag.py:588} INFO - Filling up the DagBag from /home/airflow/.local/lib/python3.12/site-packages/airflow/example_dags/tutorial_taskflow_api.py
[2026-05-23T16:13:06.774+0000] {processor.py:925} INFO - DAG(s) 'tutorial_taskflow_api' retrieved from /home/airflow/.local/lib/python3.12/site-packages/airflow/example_dags/tutorial_taskflow_api.py
[2026-05-23T16:13:06.792+0000] {logging_mixin.py:190} INFO - [2026-05-23T16:13:06.792+0000] {dag.py:3239} INFO - Sync 1 DAGs
[2026-05-23T16:13:06.810+0000] {logging_mixin.py:190} INFO - [2026-05-23T16:13:06.809+0000] {dag.py:4180} INFO - Setting next_dagrun for tutorial_taskflow_api to None, run_after=None
[2026-05-23T16:13:06.826+0000] {processor.py:208} INFO - Processing /home/airflow/.local/lib/python3.12/site-packages/airflow/example_dags/tutorial_taskflow_api.py took 0.064 seconds
[2026-05-23T16:13:37.437+0000] {processor.py:186} INFO - Started process (PID=531) to work on /home/airflow/.local/lib/python3.12/site-packages/airflow/example_dags/tutorial_taskflow_api.py
[2026-05-23T16:13:37.437+0000] {processor.py:914} INFO - Processing file /home/airflow/.local/lib/python3.12/site-packages/airflow/example_dags/tutorial_taskflow_api.py for tasks to queue
[2026-05-23T16:13:37.439+0000] {logging_mixin.py:190} INFO - [2026-05-23T16:13:37.438+0000] {dagbag.py:588} INFO - Filling up the DagBag from /home/airflow/.local/lib/python3.12/site-packages/airflow/example_dags/tutorial_taskflow_api.py
[2026-05-23T16:13:37.445+0000] {processor.py:925} INFO - DAG(s) 'tutorial_taskflow_api' retrieved from /home/airflow/.local/lib/python3.12/site-packages/airflow/example_dags/tutorial_taskflow_api.py
[2026-05-23T16:13:37.460+0000] {logging_mixin.py:190} INFO - [2026-05-23T16:13:37.459+0000] {dag.py:3239} INFO - Sync 1 DAGs
[2026-05-23T16:13:37.471+0000] {logging_mixin.py:190} INFO - [2026-05-23T16:13:37.471+0000] {dag.py:4180} INFO - Setting next_dagrun for tutorial_taskflow_api to None, run_after=None
[2026-05-23T16:13:37.485+0000] {processor.py:208} INFO - Processing /home/airflow/.local/lib/python3.12/site-packages/airflow/example_dags/tutorial_taskflow_api.py took 0.052 seconds
[2026-05-23T16:14:08.128+0000] {processor.py:186} INFO - Started process (PID=595) to work on /home/airflow/.local/lib/python3.12/site-packages/airflow/example_dags/tutorial_taskflow_api.py
[2026-05-23T16:14:08.128+0000] {processor.py:914} INFO - Processing file /home/airflow/.local/lib/python3.12/site-packages/airflow/example_dags/tutorial_taskflow_api.py for tasks to queue
[2026-05-23T16:14:08.130+0000] {logging_mixin.py:190} INFO - [2026-05-23T16:14:08.130+0000] {dagbag.py:588} INFO - Filling up the DagBag from /home/airflow/.local/lib/python3.12/site-packages/airflow/example_dags/tutorial_taskflow_api.py
[2026-05-23T16:14:08.139+0000] {processor.py:925} INFO - DAG(s) 'tutorial_taskflow_api' retrieved from /home/airflow/.local/lib/python3.12/site-packages/airflow/example_dags/tutorial_taskflow_api.py
[2026-05-23T16:14:08.160+0000] {logging_mixin.py:190} INFO - [2026-05-23T16:14:08.159+0000] {dag.py:3239} INFO - Sync 1 DAGs
[2026-05-23T16:14:08.170+0000] {logging_mixin.py:190} INFO - [2026-05-23T16:14:08.170+0000] {dag.py:4180} INFO - Setting next_dagrun for tutorial_taskflow_api to None, run_after=None
[2026-05-23T16:14:08.184+0000] {processor.py:208} INFO - Processing /home/airflow/.local/lib/python3.12/site-packages/airflow/example_dags/tutorial_taskflow_api.py took 0.063 seconds
[2026-05-23T16:14:39.211+0000] {processor.py:186} INFO - Started process (PID=659) to work on /home/airflow/.local/lib/python3.12/site-packages/airflow/example_dags/tutorial_taskflow_api.py
[2026-05-23T16:14:39.211+0000] {processor.py:914} INFO - Processing file /home/airflow/.local/lib/python3.12/site-packages/airflow/example_dags/tutorial_taskflow_api.py for tasks to queue
[2026-05-23T16:14:39.213+0000] {logging_mixin.py:190} INFO - [2026-05-23T16:14:39.213+0000] {dagbag.py:588} INFO - Filling up the DagBag from /home/airflow/.local/lib/python3.12/site-packages/airflow/example_dags/tutorial_taskflow_api.py
[2026-05-23T16:14:39.219+0000] {processor.py:925} INFO - DAG(s) 'tutorial_taskflow_api' retrieved from /home/airflow/.local/lib/python3.12/site-packages/airflow/example_dags/tutorial_taskflow_api.py
[2026-05-23T16:14:39.237+0000] {logging_mixin.py:190} INFO - [2026-05-23T16:14:39.237+0000] {dag.py:3239} INFO - Sync 1 DAGs
[2026-05-23T16:14:39.252+0000] {logging_mixin.py:190} INFO - [2026-05-23T16:14:39.252+0000] {dag.py:4180} INFO - Setting next_dagrun for tutorial_taskflow_api to None, run_after=None
[2026-05-23T16:14:39.268+0000] {processor.py:208} INFO - Processing /home/airflow/.local/lib/python3.12/site-packages/airflow/example_dags/tutorial_taskflow_api.py took 0.061 seconds
[2026-05-23T16:15:10.089+0000] {processor.py:186} INFO - Started process (PID=725) to work on /home/airflow/.local/lib/python3.12/site-packages/airflow/example_dags/tutorial_taskflow_api.py
[2026-05-23T16:15:10.090+0000] {processor.py:914} INFO - Processing file /home/airflow/.local/lib/python3.12/site-packages/airflow/example_dags/tutorial_taskflow_api.py for tasks to queue
[2026-05-23T16:15:10.091+0000] {logging_mixin.py:190} INFO - [2026-05-23T16:15:10.091+0000] {dagbag.py:588} INFO - Filling up the DagBag from /home/airflow/.local/lib/python3.12/site-packages/airflow/example_dags/tutorial_taskflow_api.py
[2026-05-23T16:15:10.097+0000] {processor.py:925} INFO - DAG(s) 'tutorial_taskflow_api' retrieved from /home/airflow/.local/lib/python3.12/site-packages/airflow/example_dags/tutorial_taskflow_api.py
[2026-05-23T16:15:10.112+0000] {logging_mixin.py:190} INFO - [2026-05-23T16:15:10.112+0000] {dag.py:3239} INFO - Sync 1 DAGs
[2026-05-23T16:15:10.123+0000] {logging_mixin.py:190} INFO - [2026-05-23T16:15:10.123+0000] {dag.py:4180} INFO - Setting next_dagrun for tutorial_taskflow_api to None, run_after=None
[2026-05-23T16:15:10.136+0000] {processor.py:208} INFO - Processing /home/airflow/.local/lib/python3.12/site-packages/airflow/example_dags/tutorial_taskflow_api.py took 0.051 seconds
[2026-05-23T16:15:41.064+0000] {processor.py:186} INFO - Started process (PID=790) to work on /home/airflow/.local/lib/python3.12/site-packages/airflow/example_dags/tutorial_taskflow_api.py
[2026-05-23T16:15:41.065+0000] {processor.py:914} INFO - Processing file /home/airflow/.local/lib/python3.12/site-packages/airflow/example_dags/tutorial_taskflow_api.py for tasks to queue
[2026-05-23T16:15:41.066+0000] {logging_mixin.py:190} INFO - [2026-05-23T16:15:41.066+0000] {dagbag.py:588} INFO - Filling up the DagBag from /home/airflow/.local/lib/python3.12/site-packages/airflow/example_dags/tutorial_taskflow_api.py
[2026-05-23T16:15:41.072+0000] {processor.py:925} INFO - DAG(s) 'tutorial_taskflow_api' retrieved from /home/airflow/.local/lib/python3.12/site-packages/airflow/example_dags/tutorial_taskflow_api.py
[2026-05-23T16:15:41.088+0000] {logging_mixin.py:190} INFO - [2026-05-23T16:15:41.087+0000] {dag.py:3239} INFO - Sync 1 DAGs
[2026-05-23T16:15:41.102+0000] {logging_mixin.py:190} INFO - [2026-05-23T16:15:41.102+0000] {dag.py:4180} INFO - Setting next_dagrun for tutorial_taskflow_api to None, run_after=None
[2026-05-23T16:15:41.117+0000] {processor.py:208} INFO - Processing /home/airflow/.local/lib/python3.12/site-packages/airflow/example_dags/tutorial_taskflow_api.py took 0.057 seconds
[2026-05-23T16:16:12.463+0000] {processor.py:186} INFO - Started process (PID=855) to work on /home/airflow/.local/lib/python3.12/site-packages/airflow/example_dags/tutorial_taskflow_api.py
[2026-05-23T16:16:12.464+0000] {processor.py:914} INFO - Processing file /home/airflow/.local/lib/python3.12/site-packages/airflow/example_dags/tutorial_taskflow_api.py for tasks to queue
[2026-05-23T16:16:12.465+0000] {logging_mixin.py:190} INFO - [2026-05-23T16:16:12.465+0000] {dagbag.py:588} INFO - Filling up the DagBag from /home/airflow/.local/lib/python3.12/site-packages/airflow/example_dags/tutorial_taskflow_api.py
[2026-05-23T16:16:12.471+0000] {processor.py:925} INFO - DAG(s) 'tutorial_taskflow_api' retrieved from /home/airflow/.local/lib/python3.12/site-packages/airflow/example_dags/tutorial_taskflow_api.py
[2026-05-23T16:16:12.485+0000] {logging_mixin.py:190} INFO - [2026-05-23T16:16:12.485+0000] {dag.py:3239} INFO - Sync 1 DAGs
[2026-05-23T16:16:12.496+0000] {logging_mixin.py:190} INFO - [2026-05-23T16:16:12.495+0000] {dag.py:4180} INFO - Setting next_dagrun for tutorial_taskflow_api to None, run_after=None
[2026-05-23T16:16:12.508+0000] {processor.py:208} INFO - Processing /home/airflow/.local/lib/python3.12/site-packages/airflow/example_dags/tutorial_taskflow_api.py took 0.049 seconds
[2026-05-23T16:16:43.829+0000] {processor.py:186} INFO - Started process (PID=920) to work on /home/airflow/.local/lib/python3.12/site-packages/airflow/example_dags/tutorial_taskflow_api.py
[2026-05-23T16:16:43.830+0000] {processor.py:914} INFO - Processing file /home/airflow/.local/lib/python3.12/site-packages/airflow/example_dags/tutorial_taskflow_api.py for tasks to queue
[2026-05-23T16:16:43.832+0000] {logging_mixin.py:190} INFO - [2026-05-23T16:16:43.831+0000] {dagbag.py:588} INFO - Filling up the DagBag from /home/airflow/.local/lib/python3.12/site-packages/airflow/example_dags/tutorial_taskflow_api.py
[2026-05-23T16:16:43.838+0000] {processor.py:925} INFO - DAG(s) 'tutorial_taskflow_api' retrieved from /home/airflow/.local/lib/python3.12/site-packages/airflow/example_dags/tutorial_taskflow_api.py
[2026-05-23T16:16:43.852+0000] {logging_mixin.py:190} INFO - [2026-05-23T16:16:43.852+0000] {dag.py:3239} INFO - Sync 1 DAGs
[2026-05-23T16:16:43.863+0000] {logging_mixin.py:190} INFO - [2026-05-23T16:16:43.863+0000] {dag.py:4180} INFO - Setting next_dagrun for tutorial_taskflow_api to None, run_after=None
[2026-05-23T16:16:43.876+0000] {processor.py:208} INFO - Processing /home/airflow/.local/lib/python3.12/site-packages/airflow/example_dags/tutorial_taskflow_api.py took 0.051 seconds
[2026-05-23T16:17:14.473+0000] {processor.py:186} INFO - Started process (PID=985) to work on /home/airflow/.local/lib/python3.12/site-packages/airflow/example_dags/tutorial_taskflow_api.py
[2026-05-23T16:17:14.474+0000] {processor.py:914} INFO - Processing file /home/airflow/.local/lib/python3.12/site-packages/airflow/example_dags/tutorial_taskflow_api.py for tasks to queue
[2026-05-23T16:17:14.475+0000] {logging_mixin.py:190} INFO - [2026-05-23T16:17:14.475+0000] {dagbag.py:588} INFO - Filling up the DagBag from /home/airflow/.local/lib/python3.12/site-packages/airflow/example_dags/tutorial_taskflow_api.py
[2026-05-23T16:17:14.482+0000] {processor.py:925} INFO - DAG(s) 'tutorial_taskflow_api' retrieved from /home/airflow/.local/lib/python3.12/site-packages/airflow/example_dags/tutorial_taskflow_api.py
[2026-05-23T16:17:14.498+0000] {logging_mixin.py:190} INFO - [2026-05-23T16:17:14.498+0000] {dag.py:3239} INFO - Sync 1 DAGs
[2026-05-23T16:17:14.510+0000] {logging_mixin.py:190} INFO - [2026-05-23T16:17:14.510+0000] {dag.py:4180} INFO - Setting next_dagrun for tutorial_taskflow_api to None, run_after=None
[2026-05-23T16:17:14.526+0000] {processor.py:208} INFO - Processing /home/airflow/.local/lib/python3.12/site-packages/airflow/example_dags/tutorial_taskflow_api.py took 0.057 seconds
[2026-05-23T16:17:45.761+0000] {processor.py:186} INFO - Started process (PID=1050) to work on /home/airflow/.local/lib/python3.12/site-packages/airflow/example_dags/tutorial_taskflow_api.py
[2026-05-23T16:17:45.762+0000] {processor.py:914} INFO - Processing file /home/airflow/.local/lib/python3.12/site-packages/airflow/example_dags/tutorial_taskflow_api.py for tasks to queue
[2026-05-23T16:17:45.763+0000] {logging_mixin.py:190} INFO - [2026-05-23T16:17:45.763+0000] {dagbag.py:588} INFO - Filling up the DagBag from /home/airflow/.local/lib/python3.12/site-packages/airflow/example_dags/tutorial_taskflow_api.py
[2026-05-23T16:17:45.770+0000] {processor.py:925} INFO - DAG(s) 'tutorial_taskflow_api' retrieved from /home/airflow/.local/lib/python3.12/site-packages/airflow/example_dags/tutorial_taskflow_api.py
[2026-05-23T16:17:45.784+0000] {logging_mixin.py:190} INFO - [2026-05-23T16:17:45.784+0000] {dag.py:3239} INFO - Sync 1 DAGs
[2026-05-23T16:17:45.798+0000] {logging_mixin.py:190} INFO - [2026-05-23T16:17:45.798+0000] {dag.py:4180} INFO - Setting next_dagrun for tutorial_taskflow_api to None, run_after=None
[2026-05-23T16:17:45.814+0000] {processor.py:208} INFO - Processing /home/airflow/.local/lib/python3.12/site-packages/airflow/example_dags/tutorial_taskflow_api.py took 0.057 seconds
[2026-05-23T16:18:17.169+0000] {processor.py:186} INFO - Started process (PID=1115) to work on /home/airflow/.local/lib/python3.12/site-packages/airflow/example_dags/tutorial_taskflow_api.py
[2026-05-23T16:18:17.170+0000] {processor.py:914} INFO - Processing file /home/airflow/.local/lib/python3.12/site-packages/airflow/example_dags/tutorial_taskflow_api.py for tasks to queue
[2026-05-23T16:18:17.171+0000] {logging_mixin.py:190} INFO - [2026-05-23T16:18:17.171+0000] {dagbag.py:588} INFO - Filling up the DagBag from /home/airflow/.local/lib/python3.12/site-packages/airflow/example_dags/tutorial_taskflow_api.py
[2026-05-23T16:18:17.178+0000] {processor.py:925} INFO - DAG(s) 'tutorial_taskflow_api' retrieved from /home/airflow/.local/lib/python3.12/site-packages/airflow/example_dags/tutorial_taskflow_api.py
[2026-05-23T16:18:17.192+0000] {logging_mixin.py:190} INFO - [2026-05-23T16:18:17.191+0000] {dag.py:3239} INFO - Sync 1 DAGs
[2026-05-23T16:18:17.202+0000] {logging_mixin.py:190} INFO - [2026-05-23T16:18:17.202+0000] {dag.py:4180} INFO - Setting next_dagrun for tutorial_taskflow_api to None, run_after=None
[2026-05-23T16:18:17.215+0000] {processor.py:208} INFO - Processing /home/airflow/.local/lib/python3.12/site-packages/airflow/example_dags/tutorial_taskflow_api.py took 0.049 seconds
[2026-05-23T16:18:48.662+0000] {processor.py:186} INFO - Started process (PID=1180) to work on /home/airflow/.local/lib/python3.12/site-packages/airflow/example_dags/tutorial_taskflow_api.py
[2026-05-23T16:18:48.662+0000] {processor.py:914} INFO - Processing file /home/airflow/.local/lib/python3.12/site-packages/airflow/example_dags/tutorial_taskflow_api.py for tasks to queue
[2026-05-23T16:18:48.664+0000] {logging_mixin.py:190} INFO - [2026-05-23T16:18:48.663+0000] {dagbag.py:588} INFO - Filling up the DagBag from /home/airflow/.local/lib/python3.12/site-packages/airflow/example_dags/tutorial_taskflow_api.py
[2026-05-23T16:18:48.670+0000] {processor.py:925} INFO - DAG(s) 'tutorial_taskflow_api' retrieved from /home/airflow/.local/lib/python3.12/site-packages/airflow/example_dags/tutorial_taskflow_api.py
[2026-05-23T16:18:48.687+0000] {logging_mixin.py:190} INFO - [2026-05-23T16:18:48.687+0000] {dag.py:3239} INFO - Sync 1 DAGs
[2026-05-23T16:18:48.702+0000] {logging_mixin.py:190} INFO - [2026-05-23T16:18:48.701+0000] {dag.py:4180} INFO - Setting next_dagrun for tutorial_taskflow_api to None, run_after=None
[2026-05-23T16:18:48.716+0000] {processor.py:208} INFO - Processing /home/airflow/.local/lib/python3.12/site-packages/airflow/example_dags/tutorial_taskflow_api.py took 0.058 seconds
[2026-05-23T16:19:20.063+0000] {processor.py:186} INFO - Started process (PID=1245) to work on /home/airflow/.local/lib/python3.12/site-packages/airflow/example_dags/tutorial_taskflow_api.py
[2026-05-23T16:19:20.064+0000] {processor.py:914} INFO - Processing file /home/airflow/.local/lib/python3.12/site-packages/airflow/example_dags/tutorial_taskflow_api.py for tasks to queue
[2026-05-23T16:19:20.066+0000] {logging_mixin.py:190} INFO - [2026-05-23T16:19:20.065+0000] {dagbag.py:588} INFO - Filling up the DagBag from /home/airflow/.local/lib/python3.12/site-packages/airflow/example_dags/tutorial_taskflow_api.py
[2026-05-23T16:19:20.072+0000] {processor.py:925} INFO - DAG(s) 'tutorial_taskflow_api' retrieved from /home/airflow/.local/lib/python3.12/site-packages/airflow/example_dags/tutorial_taskflow_api.py
[2026-05-23T16:19:20.090+0000] {logging_mixin.py:190} INFO - [2026-05-23T16:19:20.090+0000] {dag.py:3239} INFO - Sync 1 DAGs
[2026-05-23T16:19:20.106+0000] {logging_mixin.py:190} INFO - [2026-05-23T16:19:20.106+0000] {dag.py:4180} INFO - Setting next_dagrun for tutorial_taskflow_api to None, run_after=None
[2026-05-23T16:19:20.124+0000] {processor.py:208} INFO - Processing /home/airflow/.local/lib/python3.12/site-packages/airflow/example_dags/tutorial_taskflow_api.py took 0.064 seconds
[2026-05-23T16:19:51.300+0000] {processor.py:186} INFO - Started process (PID=1316) to work on /home/airflow/.local/lib/python3.12/site-packages/airflow/example_dags/tutorial_taskflow_api.py
[2026-05-23T16:19:51.301+0000] {processor.py:914} INFO - Processing file /home/airflow/.local/lib/python3.12/site-packages/airflow/example_dags/tutorial_taskflow_api.py for tasks to queue
[2026-05-23T16:19:51.303+0000] {logging_mixin.py:190} INFO - [2026-05-23T16:19:51.302+0000] {dagbag.py:588} INFO - Filling up the DagBag from /home/airflow/.local/lib/python3.12/site-packages/airflow/example_dags/tutorial_taskflow_api.py
[2026-05-23T16:19:51.309+0000] {processor.py:925} INFO - DAG(s) 'tutorial_taskflow_api' retrieved from /home/airflow/.local/lib/python3.12/site-packages/airflow/example_dags/tutorial_taskflow_api.py
[2026-05-23T16:19:51.323+0000] {logging_mixin.py:190} INFO - [2026-05-23T16:19:51.323+0000] {dag.py:3239} INFO - Sync 1 DAGs
[2026-05-23T16:19:51.334+0000] {logging_mixin.py:190} INFO - [2026-05-23T16:19:51.334+0000] {dag.py:4180} INFO - Setting next_dagrun for tutorial_taskflow_api to None, run_after=None
[2026-05-23T16:19:51.347+0000] {processor.py:208} INFO - Processing /home/airflow/.local/lib/python3.12/site-packages/airflow/example_dags/tutorial_taskflow_api.py took 0.053 seconds
[2026-05-23T16:20:22.810+0000] {processor.py:186} INFO - Started process (PID=1381) to work on /home/airflow/.local/lib/python3.12/site-packages/airflow/example_dags/tutorial_taskflow_api.py
[2026-05-23T16:20:22.810+0000] {processor.py:914} INFO - Processing file /home/airflow/.local/lib/python3.12/site-packages/airflow/example_dags/tutorial_taskflow_api.py for tasks to queue
[2026-05-23T16:20:22.812+0000] {logging_mixin.py:190} INFO - [2026-05-23T16:20:22.811+0000] {dagbag.py:588} INFO - Filling up the DagBag from /home/airflow/.local/lib/python3.12/site-packages/airflow/example_dags/tutorial_taskflow_api.py
[2026-05-23T16:20:22.818+0000] {processor.py:925} INFO - DAG(s) 'tutorial_taskflow_api' retrieved from /home/airflow/.local/lib/python3.12/site-packages/airflow/example_dags/tutorial_taskflow_api.py
[2026-05-23T16:20:22.839+0000] {logging_mixin.py:190} INFO - [2026-05-23T16:20:22.838+0000] {dag.py:3239} INFO - Sync 1 DAGs
[2026-05-23T16:20:22.855+0000] {logging_mixin.py:190} INFO - [2026-05-23T16:20:22.854+0000] {dag.py:4180} INFO - Setting next_dagrun for tutorial_taskflow_api to None, run_after=None
[2026-05-23T16:20:22.871+0000] {processor.py:208} INFO - Processing /home/airflow/.local/lib/python3.12/site-packages/airflow/example_dags/tutorial_taskflow_api.py took 0.066 seconds
[2026-05-23T16:20:54.149+0000] {processor.py:186} INFO - Started process (PID=1446) to work on /home/airflow/.local/lib/python3.12/site-packages/airflow/example_dags/tutorial_taskflow_api.py
[2026-05-23T16:20:54.150+0000] {processor.py:914} INFO - Processing file /home/airflow/.local/lib/python3.12/site-packages/airflow/example_dags/tutorial_taskflow_api.py for tasks to queue
[2026-05-23T16:20:54.151+0000] {logging_mixin.py:190} INFO - [2026-05-23T16:20:54.151+0000] {dagbag.py:588} INFO - Filling up the DagBag from /home/airflow/.local/lib/python3.12/site-packages/airflow/example_dags/tutorial_taskflow_api.py
[2026-05-23T16:20:54.158+0000] {processor.py:925} INFO - DAG(s) 'tutorial_taskflow_api' retrieved from /home/airflow/.local/lib/python3.12/site-packages/airflow/example_dags/tutorial_taskflow_api.py
[2026-05-23T16:20:54.172+0000] {logging_mixin.py:190} INFO - [2026-05-23T16:20:54.172+0000] {dag.py:3239} INFO - Sync 1 DAGs
[2026-05-23T16:20:54.184+0000] {logging_mixin.py:190} INFO - [2026-05-23T16:20:54.184+0000] {dag.py:4180} INFO - Setting next_dagrun for tutorial_taskflow_api to None, run_after=None
[2026-05-23T16:20:54.197+0000] {processor.py:208} INFO - Processing /home/airflow/.local/lib/python3.12/site-packages/airflow/example_dags/tutorial_taskflow_api.py took 0.053 seconds
[2026-05-23T16:21:25.538+0000] {processor.py:186} INFO - Started process (PID=1511) to work on /home/airflow/.local/lib/python3.12/site-packages/airflow/example_dags/tutorial_taskflow_api.py
[2026-05-23T16:21:25.538+0000] {processor.py:914} INFO - Processing file /home/airflow/.local/lib/python3.12/site-packages/airflow/example_dags/tutorial_taskflow_api.py for tasks to queue
[2026-05-23T16:21:25.540+0000] {logging_mixin.py:190} INFO - [2026-05-23T16:21:25.540+0000] {dagbag.py:588} INFO - Filling up the DagBag from /home/airflow/.local/lib/python3.12/site-packages/airflow/example_dags/tutorial_taskflow_api.py
[2026-05-23T16:21:25.546+0000] {processor.py:925} INFO - DAG(s) 'tutorial_taskflow_api' retrieved from /home/airflow/.local/lib/python3.12/site-packages/airflow/example_dags/tutorial_taskflow_api.py
[2026-05-23T16:21:25.563+0000] {logging_mixin.py:190} INFO - [2026-05-23T16:21:25.562+0000] {dag.py:3239} INFO - Sync 1 DAGs
[2026-05-23T16:21:25.574+0000] {logging_mixin.py:190} INFO - [2026-05-23T16:21:25.574+0000] {dag.py:4180} INFO - Setting next_dagrun for tutorial_taskflow_api to None, run_after=None
[2026-05-23T16:21:25.586+0000] {processor.py:208} INFO - Processing /home/airflow/.local/lib/python3.12/site-packages/airflow/example_dags/tutorial_taskflow_api.py took 0.053 seconds
[2026-05-23T16:21:57.045+0000] {processor.py:186} INFO - Started process (PID=1576) to work on /home/airflow/.local/lib/python3.12/site-packages/airflow/example_dags/tutorial_taskflow_api.py
[2026-05-23T16:21:57.046+0000] {processor.py:914} INFO - Processing file /home/airflow/.local/lib/python3.12/site-packages/airflow/example_dags/tutorial_taskflow_api.py for tasks to queue
[2026-05-23T16:21:57.048+0000] {logging_mixin.py:190} INFO - [2026-05-23T16:21:57.047+0000] {dagbag.py:588} INFO - Filling up the DagBag from /home/airflow/.local/lib/python3.12/site-packages/airflow/example_dags/tutorial_taskflow_api.py
[2026-05-23T16:21:57.054+0000] {processor.py:925} INFO - DAG(s) 'tutorial_taskflow_api' retrieved from /home/airflow/.local/lib/python3.12/site-packages/airflow/example_dags/tutorial_taskflow_api.py
[2026-05-23T16:21:57.070+0000] {logging_mixin.py:190} INFO - [2026-05-23T16:21:57.070+0000] {dag.py:3239} INFO - Sync 1 DAGs
[2026-05-23T16:21:57.082+0000] {logging_mixin.py:190} INFO - [2026-05-23T16:21:57.082+0000] {dag.py:4180} INFO - Setting next_dagrun for tutorial_taskflow_api to None, run_after=None
[2026-05-23T16:21:57.096+0000] {processor.py:208} INFO - Processing /home/airflow/.local/lib/python3.12/site-packages/airflow/example_dags/tutorial_taskflow_api.py took 0.055 seconds
[2026-05-23T16:22:28.163+0000] {processor.py:186} INFO - Started process (PID=1641) to work on /home/airflow/.local/lib/python3.12/site-packages/airflow/example_dags/tutorial_taskflow_api.py
[2026-05-23T16:22:28.163+0000] {processor.py:914} INFO - Processing file /home/airflow/.local/lib/python3.12/site-packages/airflow/example_dags/tutorial_taskflow_api.py for tasks to queue
[2026-05-23T16:22:28.165+0000] {logging_mixin.py:190} INFO - [2026-05-23T16:22:28.165+0000] {dagbag.py:588} INFO - Filling up the DagBag from /home/airflow/.local/lib/python3.12/site-packages/airflow/example_dags/tutorial_taskflow_api.py
[2026-05-23T16:22:28.173+0000] {processor.py:925} INFO - DAG(s) 'tutorial_taskflow_api' retrieved from /home/airflow/.local/lib/python3.12/site-packages/airflow/example_dags/tutorial_taskflow_api.py
[2026-05-23T16:22:28.188+0000] {logging_mixin.py:190} INFO - [2026-05-23T16:22:28.188+0000] {dag.py:3239} INFO - Sync 1 DAGs
[2026-05-23T16:22:28.205+0000] {logging_mixin.py:190} INFO - [2026-05-23T16:22:28.205+0000] {dag.py:4180} INFO - Setting next_dagrun for tutorial_taskflow_api to None, run_after=None
[2026-05-23T16:22:28.224+0000] {processor.py:208} INFO - Processing /home/airflow/.local/lib/python3.12/site-packages/airflow/example_dags/tutorial_taskflow_api.py took 0.066 seconds
[2026-05-23T16:22:59.519+0000] {processor.py:186} INFO - Started process (PID=1706) to work on /home/airflow/.local/lib/python3.12/site-packages/airflow/example_dags/tutorial_taskflow_api.py
[2026-05-23T16:22:59.520+0000] {processor.py:914} INFO - Processing file /home/airflow/.local/lib/python3.12/site-packages/airflow/example_dags/tutorial_taskflow_api.py for tasks to queue
[2026-05-23T16:22:59.521+0000] {logging_mixin.py:190} INFO - [2026-05-23T16:22:59.521+0000] {dagbag.py:588} INFO - Filling up the DagBag from /home/airflow/.local/lib/python3.12/site-packages/airflow/example_dags/tutorial_taskflow_api.py
[2026-05-23T16:22:59.530+0000] {processor.py:925} INFO - DAG(s) 'tutorial_taskflow_api' retrieved from /home/airflow/.local/lib/python3.12/site-packages/airflow/example_dags/tutorial_taskflow_api.py
[2026-05-23T16:22:59.545+0000] {logging_mixin.py:190} INFO - [2026-05-23T16:22:59.545+0000] {dag.py:3239} INFO - Sync 1 DAGs
[2026-05-23T16:22:59.558+0000] {logging_mixin.py:190} INFO - [2026-05-23T16:22:59.558+0000] {dag.py:4180} INFO - Setting next_dagrun for tutorial_taskflow_api to None, run_after=None
[2026-05-23T16:22:59.571+0000] {processor.py:208} INFO - Processing /home/airflow/.local/lib/python3.12/site-packages/airflow/example_dags/tutorial_taskflow_api.py took 0.056 seconds
[2026-05-23T16:23:30.111+0000] {processor.py:186} INFO - Started process (PID=1771) to work on /home/airflow/.local/lib/python3.12/site-packages/airflow/example_dags/tutorial_taskflow_api.py
[2026-05-23T16:23:30.112+0000] {processor.py:914} INFO - Processing file /home/airflow/.local/lib/python3.12/site-packages/airflow/example_dags/tutorial_taskflow_api.py for tasks to queue
[2026-05-23T16:23:30.114+0000] {logging_mixin.py:190} INFO - [2026-05-23T16:23:30.113+0000] {dagbag.py:588} INFO - Filling up the DagBag from /home/airflow/.local/lib/python3.12/site-packages/airflow/example_dags/tutorial_taskflow_api.py
[2026-05-23T16:23:30.122+0000] {processor.py:925} INFO - DAG(s) 'tutorial_taskflow_api' retrieved from /home/airflow/.local/lib/python3.12/site-packages/airflow/example_dags/tutorial_taskflow_api.py
[2026-05-23T16:23:30.141+0000] {logging_mixin.py:190} INFO - [2026-05-23T16:23:30.141+0000] {dag.py:3239} INFO - Sync 1 DAGs
[2026-05-23T16:23:30.156+0000] {logging_mixin.py:190} INFO - [2026-05-23T16:23:30.155+0000] {dag.py:4180} INFO - Setting next_dagrun for tutorial_taskflow_api to None, run_after=None
[2026-05-23T16:23:30.171+0000] {processor.py:208} INFO - Processing /home/airflow/.local/lib/python3.12/site-packages/airflow/example_dags/tutorial_taskflow_api.py took 0.066 seconds
[2026-05-23T16:24:01.338+0000] {processor.py:186} INFO - Started process (PID=1836) to work on /home/airflow/.local/lib/python3.12/site-packages/airflow/example_dags/tutorial_taskflow_api.py
[2026-05-23T16:24:01.338+0000] {processor.py:914} INFO - Processing file /home/airflow/.local/lib/python3.12/site-packages/airflow/example_dags/tutorial_taskflow_api.py for tasks to queue
[2026-05-23T16:24:01.340+0000] {logging_mixin.py:190} INFO - [2026-05-23T16:24:01.339+0000] {dagbag.py:588} INFO - Filling up the DagBag from /home/airflow/.local/lib/python3.12/site-packages/airflow/example_dags/tutorial_taskflow_api.py
[2026-05-23T16:24:01.346+0000] {processor.py:925} INFO - DAG(s) 'tutorial_taskflow_api' retrieved from /home/airflow/.local/lib/python3.12/site-packages/airflow/example_dags/tutorial_taskflow_api.py
[2026-05-23T16:24:01.363+0000] {logging_mixin.py:190} INFO - [2026-05-23T16:24:01.362+0000] {dag.py:3239} INFO - Sync 1 DAGs
[2026-05-23T16:24:01.377+0000] {logging_mixin.py:190} INFO - [2026-05-23T16:24:01.377+0000] {dag.py:4180} INFO - Setting next_dagrun for tutorial_taskflow_api to None, run_after=None
[2026-05-23T16:24:01.393+0000] {processor.py:208} INFO - Processing /home/airflow/.local/lib/python3.12/site-packages/airflow/example_dags/tutorial_taskflow_api.py took 0.060 seconds
[2026-05-23T16:24:32.000+0000] {processor.py:186} INFO - Started process (PID=1901) to work on /home/airflow/.local/lib/python3.12/site-packages/airflow/example_dags/tutorial_taskflow_api.py
[2026-05-23T16:24:32.001+0000] {processor.py:914} INFO - Processing file /home/airflow/.local/lib/python3.12/site-packages/airflow/example_dags/tutorial_taskflow_api.py for tasks to queue
[2026-05-23T16:24:32.002+0000] {logging_mixin.py:190} INFO - [2026-05-23T16:24:32.002+0000] {dagbag.py:588} INFO - Filling up the DagBag from /home/airflow/.local/lib/python3.12/site-packages/airflow/example_dags/tutorial_taskflow_api.py
[2026-05-23T16:24:32.009+0000] {processor.py:925} INFO - DAG(s) 'tutorial_taskflow_api' retrieved from /home/airflow/.local/lib/python3.12/site-packages/airflow/example_dags/tutorial_taskflow_api.py
[2026-05-23T16:24:32.022+0000] {logging_mixin.py:190} INFO - [2026-05-23T16:24:32.022+0000] {dag.py:3239} INFO - Sync 1 DAGs
[2026-05-23T16:24:32.033+0000] {logging_mixin.py:190} INFO - [2026-05-23T16:24:32.033+0000] {dag.py:4180} INFO - Setting next_dagrun for tutorial_taskflow_api to None, run_after=None
[2026-05-23T16:24:32.045+0000] {processor.py:208} INFO - Processing /home/airflow/.local/lib/python3.12/site-packages/airflow/example_dags/tutorial_taskflow_api.py took 0.049 seconds
[2026-05-23T16:25:03.492+0000] {processor.py:186} INFO - Started process (PID=1965) to work on /home/airflow/.local/lib/python3.12/site-packages/airflow/example_dags/tutorial_taskflow_api.py
[2026-05-23T16:25:03.493+0000] {processor.py:914} INFO - Processing file /home/airflow/.local/lib/python3.12/site-packages/airflow/example_dags/tutorial_taskflow_api.py for tasks to queue
[2026-05-23T16:25:03.494+0000] {logging_mixin.py:190} INFO - [2026-05-23T16:25:03.494+0000] {dagbag.py:588} INFO - Filling up the DagBag from /home/airflow/.local/lib/python3.12/site-packages/airflow/example_dags/tutorial_taskflow_api.py
[2026-05-23T16:25:03.500+0000] {processor.py:925} INFO - DAG(s) 'tutorial_taskflow_api' retrieved from /home/airflow/.local/lib/python3.12/site-packages/airflow/example_dags/tutorial_taskflow_api.py
[2026-05-23T16:25:03.515+0000] {logging_mixin.py:190} INFO - [2026-05-23T16:25:03.515+0000] {dag.py:3239} INFO - Sync 1 DAGs
[2026-05-23T16:25:03.527+0000] {logging_mixin.py:190} INFO - [2026-05-23T16:25:03.527+0000] {dag.py:4180} INFO - Setting next_dagrun for tutorial_taskflow_api to None, run_after=None
[2026-05-23T16:25:03.541+0000] {processor.py:208} INFO - Processing /home/airflow/.local/lib/python3.12/site-packages/airflow/example_dags/tutorial_taskflow_api.py took 0.053 seconds
[2026-05-23T16:25:35.114+0000] {processor.py:186} INFO - Started process (PID=2030) to work on /home/airflow/.local/lib/python3.12/site-packages/airflow/example_dags/tutorial_taskflow_api.py
[2026-05-23T16:25:35.114+0000] {processor.py:914} INFO - Processing file /home/airflow/.local/lib/python3.12/site-packages/airflow/example_dags/tutorial_taskflow_api.py for tasks to queue
[2026-05-23T16:25:35.116+0000] {logging_mixin.py:190} INFO - [2026-05-23T16:25:35.116+0000] {dagbag.py:588} INFO - Filling up the DagBag from /home/airflow/.local/lib/python3.12/site-packages/airflow/example_dags/tutorial_taskflow_api.py
[2026-05-23T16:25:35.122+0000] {processor.py:925} INFO - DAG(s) 'tutorial_taskflow_api' retrieved from /home/airflow/.local/lib/python3.12/site-packages/airflow/example_dags/tutorial_taskflow_api.py
[2026-05-23T16:25:35.136+0000] {logging_mixin.py:190} INFO - [2026-05-23T16:25:35.136+0000] {dag.py:3239} INFO - Sync 1 DAGs
[2026-05-23T16:25:35.147+0000] {logging_mixin.py:190} INFO - [2026-05-23T16:25:35.147+0000] {dag.py:4180} INFO - Setting next_dagrun for tutorial_taskflow_api to None, run_after=None
[2026-05-23T16:25:35.160+0000] {processor.py:208} INFO - Processing /home/airflow/.local/lib/python3.12/site-packages/airflow/example_dags/tutorial_taskflow_api.py took 0.050 seconds
[2026-05-23T16:26:06.555+0000] {processor.py:186} INFO - Started process (PID=2095) to work on /home/airflow/.local/lib/python3.12/site-packages/airflow/example_dags/tutorial_taskflow_api.py
[2026-05-23T16:26:06.555+0000] {processor.py:914} INFO - Processing file /home/airflow/.local/lib/python3.12/site-packages/airflow/example_dags/tutorial_taskflow_api.py for tasks to queue
[2026-05-23T16:26:06.557+0000] {logging_mixin.py:190} INFO - [2026-05-23T16:26:06.557+0000] {dagbag.py:588} INFO - Filling up the DagBag from /home/airflow/.local/lib/python3.12/site-packages/airflow/example_dags/tutorial_taskflow_api.py
[2026-05-23T16:26:06.564+0000] {processor.py:925} INFO - DAG(s) 'tutorial_taskflow_api' retrieved from /home/airflow/.local/lib/python3.12/site-packages/airflow/example_dags/tutorial_taskflow_api.py
[2026-05-23T16:26:06.578+0000] {logging_mixin.py:190} INFO - [2026-05-23T16:26:06.577+0000] {dag.py:3239} INFO - Sync 1 DAGs
[2026-05-23T16:26:06.589+0000] {logging_mixin.py:190} INFO - [2026-05-23T16:26:06.589+0000] {dag.py:4180} INFO - Setting next_dagrun for tutorial_taskflow_api to None, run_after=None
[2026-05-23T16:26:06.603+0000] {processor.py:208} INFO - Processing /home/airflow/.local/lib/python3.12/site-packages/airflow/example_dags/tutorial_taskflow_api.py took 0.053 seconds
[2026-05-23T16:26:37.886+0000] {processor.py:186} INFO - Started process (PID=2160) to work on /home/airflow/.local/lib/python3.12/site-packages/airflow/example_dags/tutorial_taskflow_api.py
[2026-05-23T16:26:37.886+0000] {processor.py:914} INFO - Processing file /home/airflow/.local/lib/python3.12/site-packages/airflow/example_dags/tutorial_taskflow_api.py for tasks to queue
[2026-05-23T16:26:37.888+0000] {logging_mixin.py:190} INFO - [2026-05-23T16:26:37.888+0000] {dagbag.py:588} INFO - Filling up the DagBag from /home/airflow/.local/lib/python3.12/site-packages/airflow/example_dags/tutorial_taskflow_api.py
[2026-05-23T16:26:37.895+0000] {processor.py:925} INFO - DAG(s) 'tutorial_taskflow_api' retrieved from /home/airflow/.local/lib/python3.12/site-packages/airflow/example_dags/tutorial_taskflow_api.py
[2026-05-23T16:26:37.909+0000] {logging_mixin.py:190} INFO - [2026-05-23T16:26:37.909+0000] {dag.py:3239} INFO - Sync 1 DAGs
[2026-05-23T16:26:37.920+0000] {logging_mixin.py:190} INFO - [2026-05-23T16:26:37.920+0000] {dag.py:4180} INFO - Setting next_dagrun for tutorial_taskflow_api to None, run_after=None
[2026-05-23T16:26:37.933+0000] {processor.py:208} INFO - Processing /home/airflow/.local/lib/python3.12/site-packages/airflow/example_dags/tutorial_taskflow_api.py took 0.052 seconds
[2026-05-23T16:27:09.320+0000] {processor.py:186} INFO - Started process (PID=2225) to work on /home/airflow/.local/lib/python3.12/site-packages/airflow/example_dags/tutorial_taskflow_api.py
[2026-05-23T16:27:09.320+0000] {processor.py:914} INFO - Processing file /home/airflow/.local/lib/python3.12/site-packages/airflow/example_dags/tutorial_taskflow_api.py for tasks to queue
[2026-05-23T16:27:09.322+0000] {logging_mixin.py:190} INFO - [2026-05-23T16:27:09.322+0000] {dagbag.py:588} INFO - Filling up the DagBag from /home/airflow/.local/lib/python3.12/site-packages/airflow/example_dags/tutorial_taskflow_api.py
[2026-05-23T16:27:09.328+0000] {processor.py:925} INFO - DAG(s) 'tutorial_taskflow_api' retrieved from /home/airflow/.local/lib/python3.12/site-packages/airflow/example_dags/tutorial_taskflow_api.py
[2026-05-23T16:27:09.343+0000] {logging_mixin.py:190} INFO - [2026-05-23T16:27:09.343+0000] {dag.py:3239} INFO - Sync 1 DAGs
[2026-05-23T16:27:09.354+0000] {logging_mixin.py:190} INFO - [2026-05-23T16:27:09.354+0000] {dag.py:4180} INFO - Setting next_dagrun for tutorial_taskflow_api to None, run_after=None
[2026-05-23T16:27:09.367+0000] {processor.py:208} INFO - Processing /home/airflow/.local/lib/python3.12/site-packages/airflow/example_dags/tutorial_taskflow_api.py took 0.051 seconds
[2026-05-23T16:27:40.741+0000] {processor.py:186} INFO - Started process (PID=2290) to work on /home/airflow/.local/lib/python3.12/site-packages/airflow/example_dags/tutorial_taskflow_api.py
[2026-05-23T16:27:40.742+0000] {processor.py:914} INFO - Processing file /home/airflow/.local/lib/python3.12/site-packages/airflow/example_dags/tutorial_taskflow_api.py for tasks to queue
[2026-05-23T16:27:40.744+0000] {logging_mixin.py:190} INFO - [2026-05-23T16:27:40.744+0000] {dagbag.py:588} INFO - Filling up the DagBag from /home/airflow/.local/lib/python3.12/site-packages/airflow/example_dags/tutorial_taskflow_api.py
[2026-05-23T16:27:40.756+0000] {processor.py:925} INFO - DAG(s) 'tutorial_taskflow_api' retrieved from /home/airflow/.local/lib/python3.12/site-packages/airflow/example_dags/tutorial_taskflow_api.py
[2026-05-23T16:27:40.783+0000] {logging_mixin.py:190} INFO - [2026-05-23T16:27:40.782+0000] {dag.py:3239} INFO - Sync 1 DAGs
[2026-05-23T16:27:40.802+0000] {logging_mixin.py:190} INFO - [2026-05-23T16:27:40.802+0000] {dag.py:4180} INFO - Setting next_dagrun for tutorial_taskflow_api to None, run_after=None
[2026-05-23T16:27:40.823+0000] {processor.py:208} INFO - Processing /home/airflow/.local/lib/python3.12/site-packages/airflow/example_dags/tutorial_taskflow_api.py took 0.088 seconds
[2026-05-23T16:28:12.173+0000] {processor.py:186} INFO - Started process (PID=2356) to work on /home/airflow/.local/lib/python3.12/site-packages/airflow/example_dags/tutorial_taskflow_api.py
[2026-05-23T16:28:12.174+0000] {processor.py:914} INFO - Processing file /home/airflow/.local/lib/python3.12/site-packages/airflow/example_dags/tutorial_taskflow_api.py for tasks to queue
[2026-05-23T16:28:12.175+0000] {logging_mixin.py:190} INFO - [2026-05-23T16:28:12.175+0000] {dagbag.py:588} INFO - Filling up the DagBag from /home/airflow/.local/lib/python3.12/site-packages/airflow/example_dags/tutorial_taskflow_api.py
[2026-05-23T16:28:12.182+0000] {processor.py:925} INFO - DAG(s) 'tutorial_taskflow_api' retrieved from /home/airflow/.local/lib/python3.12/site-packages/airflow/example_dags/tutorial_taskflow_api.py
[2026-05-23T16:28:12.198+0000] {logging_mixin.py:190} INFO - [2026-05-23T16:28:12.198+0000] {dag.py:3239} INFO - Sync 1 DAGs
[2026-05-23T16:28:12.210+0000] {logging_mixin.py:190} INFO - [2026-05-23T16:28:12.210+0000] {dag.py:4180} INFO - Setting next_dagrun for tutorial_taskflow_api to None, run_after=None
[2026-05-23T16:28:12.228+0000] {processor.py:208} INFO - Processing /home/airflow/.local/lib/python3.12/site-packages/airflow/example_dags/tutorial_taskflow_api.py took 0.059 seconds
[2026-05-23T16:28:43.250+0000] {processor.py:186} INFO - Started process (PID=2421) to work on /home/airflow/.local/lib/python3.12/site-packages/airflow/example_dags/tutorial_taskflow_api.py
[2026-05-23T16:28:43.251+0000] {processor.py:914} INFO - Processing file /home/airflow/.local/lib/python3.12/site-packages/airflow/example_dags/tutorial_taskflow_api.py for tasks to queue
[2026-05-23T16:28:43.253+0000] {logging_mixin.py:190} INFO - [2026-05-23T16:28:43.253+0000] {dagbag.py:588} INFO - Filling up the DagBag from /home/airflow/.local/lib/python3.12/site-packages/airflow/example_dags/tutorial_taskflow_api.py
[2026-05-23T16:28:43.261+0000] {processor.py:925} INFO - DAG(s) 'tutorial_taskflow_api' retrieved from /home/airflow/.local/lib/python3.12/site-packages/airflow/example_dags/tutorial_taskflow_api.py
[2026-05-23T16:28:43.278+0000] {logging_mixin.py:190} INFO - [2026-05-23T16:28:43.277+0000] {dag.py:3239} INFO - Sync 1 DAGs
[2026-05-23T16:28:43.291+0000] {logging_mixin.py:190} INFO - [2026-05-23T16:28:43.290+0000] {dag.py:4180} INFO - Setting next_dagrun for tutorial_taskflow_api to None, run_after=None
[2026-05-23T16:28:43.305+0000] {processor.py:208} INFO - Processing /home/airflow/.local/lib/python3.12/site-packages/airflow/example_dags/tutorial_taskflow_api.py took 0.060 seconds
[2026-05-23T16:29:13.911+0000] {processor.py:186} INFO - Started process (PID=2486) to work on /home/airflow/.local/lib/python3.12/site-packages/airflow/example_dags/tutorial_taskflow_api.py
[2026-05-23T16:29:13.911+0000] {processor.py:914} INFO - Processing file /home/airflow/.local/lib/python3.12/site-packages/airflow/example_dags/tutorial_taskflow_api.py for tasks to queue
[2026-05-23T16:29:13.913+0000] {logging_mixin.py:190} INFO - [2026-05-23T16:29:13.913+0000] {dagbag.py:588} INFO - Filling up the DagBag from /home/airflow/.local/lib/python3.12/site-packages/airflow/example_dags/tutorial_taskflow_api.py
[2026-05-23T16:29:13.919+0000] {processor.py:925} INFO - DAG(s) 'tutorial_taskflow_api' retrieved from /home/airflow/.local/lib/python3.12/site-packages/airflow/example_dags/tutorial_taskflow_api.py
[2026-05-23T16:29:13.936+0000] {logging_mixin.py:190} INFO - [2026-05-23T16:29:13.936+0000] {dag.py:3239} INFO - Sync 1 DAGs
[2026-05-23T16:29:13.953+0000] {logging_mixin.py:190} INFO - [2026-05-23T16:29:13.953+0000] {dag.py:4180} INFO - Setting next_dagrun for tutorial_taskflow_api to None, run_after=None
[2026-05-23T16:29:13.968+0000] {processor.py:208} INFO - Processing /home/airflow/.local/lib/python3.12/site-packages/airflow/example_dags/tutorial_taskflow_api.py took 0.062 seconds
[2026-05-23T16:29:45.014+0000] {processor.py:186} INFO - Started process (PID=2551) to work on /home/airflow/.local/lib/python3.12/site-packages/airflow/example_dags/tutorial_taskflow_api.py
[2026-05-23T16:29:45.014+0000] {processor.py:914} INFO - Processing file /home/airflow/.local/lib/python3.12/site-packages/airflow/example_dags/tutorial_taskflow_api.py for tasks to queue
[2026-05-23T16:29:45.016+0000] {logging_mixin.py:190} INFO - [2026-05-23T16:29:45.016+0000] {dagbag.py:588} INFO - Filling up the DagBag from /home/airflow/.local/lib/python3.12/site-packages/airflow/example_dags/tutorial_taskflow_api.py
[2026-05-23T16:29:45.022+0000] {processor.py:925} INFO - DAG(s) 'tutorial_taskflow_api' retrieved from /home/airflow/.local/lib/python3.12/site-packages/airflow/example_dags/tutorial_taskflow_api.py
[2026-05-23T16:29:45.037+0000] {logging_mixin.py:190} INFO - [2026-05-23T16:29:45.037+0000] {dag.py:3239} INFO - Sync 1 DAGs
[2026-05-23T16:29:45.050+0000] {logging_mixin.py:190} INFO - [2026-05-23T16:29:45.050+0000] {dag.py:4180} INFO - Setting next_dagrun for tutorial_taskflow_api to None, run_after=None
[2026-05-23T16:29:45.065+0000] {processor.py:208} INFO - Processing /home/airflow/.local/lib/python3.12/site-packages/airflow/example_dags/tutorial_taskflow_api.py took 0.055 seconds
[2026-05-23T16:30:16.539+0000] {processor.py:186} INFO - Started process (PID=2616) to work on /home/airflow/.local/lib/python3.12/site-packages/airflow/example_dags/tutorial_taskflow_api.py
[2026-05-23T16:30:16.539+0000] {processor.py:914} INFO - Processing file /home/airflow/.local/lib/python3.12/site-packages/airflow/example_dags/tutorial_taskflow_api.py for tasks to queue
[2026-05-23T16:30:16.541+0000] {logging_mixin.py:190} INFO - [2026-05-23T16:30:16.541+0000] {dagbag.py:588} INFO - Filling up the DagBag from /home/airflow/.local/lib/python3.12/site-packages/airflow/example_dags/tutorial_taskflow_api.py
[2026-05-23T16:30:16.549+0000] {processor.py:925} INFO - DAG(s) 'tutorial_taskflow_api' retrieved from /home/airflow/.local/lib/python3.12/site-packages/airflow/example_dags/tutorial_taskflow_api.py
[2026-05-23T16:30:16.565+0000] {logging_mixin.py:190} INFO - [2026-05-23T16:30:16.565+0000] {dag.py:3239} INFO - Sync 1 DAGs
[2026-05-23T16:30:16.576+0000] {logging_mixin.py:190} INFO - [2026-05-23T16:30:16.576+0000] {dag.py:4180} INFO - Setting next_dagrun for tutorial_taskflow_api to None, run_after=None
[2026-05-23T16:30:16.588+0000] {processor.py:208} INFO - Processing /home/airflow/.local/lib/python3.12/site-packages/airflow/example_dags/tutorial_taskflow_api.py took 0.054 seconds
[2026-05-23T16:30:47.767+0000] {processor.py:186} INFO - Started process (PID=2682) to work on /home/airflow/.local/lib/python3.12/site-packages/airflow/example_dags/tutorial_taskflow_api.py
[2026-05-23T16:30:47.768+0000] {processor.py:914} INFO - Processing file /home/airflow/.local/lib/python3.12/site-packages/airflow/example_dags/tutorial_taskflow_api.py for tasks to queue
[2026-05-23T16:30:47.769+0000] {logging_mixin.py:190} INFO - [2026-05-23T16:30:47.769+0000] {dagbag.py:588} INFO - Filling up the DagBag from /home/airflow/.local/lib/python3.12/site-packages/airflow/example_dags/tutorial_taskflow_api.py
[2026-05-23T16:30:47.775+0000] {processor.py:925} INFO - DAG(s) 'tutorial_taskflow_api' retrieved from /home/airflow/.local/lib/python3.12/site-packages/airflow/example_dags/tutorial_taskflow_api.py
[2026-05-23T16:30:47.793+0000] {logging_mixin.py:190} INFO - [2026-05-23T16:30:47.793+0000] {dag.py:3239} INFO - Sync 1 DAGs
[2026-05-23T16:30:47.809+0000] {logging_mixin.py:190} INFO - [2026-05-23T16:30:47.809+0000] {dag.py:4180} INFO - Setting next_dagrun for tutorial_taskflow_api to None, run_after=None
[2026-05-23T16:30:47.825+0000] {processor.py:208} INFO - Processing /home/airflow/.local/lib/python3.12/site-packages/airflow/example_dags/tutorial_taskflow_api.py took 0.062 seconds
[2026-05-23T16:31:19.210+0000] {processor.py:186} INFO - Started process (PID=2746) to work on /home/airflow/.local/lib/python3.12/site-packages/airflow/example_dags/tutorial_taskflow_api.py
[2026-05-23T16:31:19.211+0000] {processor.py:914} INFO - Processing file /home/airflow/.local/lib/python3.12/site-packages/airflow/example_dags/tutorial_taskflow_api.py for tasks to queue
[2026-05-23T16:31:19.212+0000] {logging_mixin.py:190} INFO - [2026-05-23T16:31:19.212+0000] {dagbag.py:588} INFO - Filling up the DagBag from /home/airflow/.local/lib/python3.12/site-packages/airflow/example_dags/tutorial_taskflow_api.py
[2026-05-23T16:31:19.221+0000] {processor.py:925} INFO - DAG(s) 'tutorial_taskflow_api' retrieved from /home/airflow/.local/lib/python3.12/site-packages/airflow/example_dags/tutorial_taskflow_api.py
[2026-05-23T16:31:19.239+0000] {logging_mixin.py:190} INFO - [2026-05-23T16:31:19.238+0000] {dag.py:3239} INFO - Sync 1 DAGs
[2026-05-23T16:31:19.254+0000] {logging_mixin.py:190} INFO - [2026-05-23T16:31:19.254+0000] {dag.py:4180} INFO - Setting next_dagrun for tutorial_taskflow_api to None, run_after=None
[2026-05-23T16:31:19.268+0000] {processor.py:208} INFO - Processing /home/airflow/.local/lib/python3.12/site-packages/airflow/example_dags/tutorial_taskflow_api.py took 0.064 seconds
[2026-05-23T16:31:50.477+0000] {processor.py:186} INFO - Started process (PID=2811) to work on /home/airflow/.local/lib/python3.12/site-packages/airflow/example_dags/tutorial_taskflow_api.py
[2026-05-23T16:31:50.477+0000] {processor.py:914} INFO - Processing file /home/airflow/.local/lib/python3.12/site-packages/airflow/example_dags/tutorial_taskflow_api.py for tasks to queue
[2026-05-23T16:31:50.479+0000] {logging_mixin.py:190} INFO - [2026-05-23T16:31:50.479+0000] {dagbag.py:588} INFO - Filling up the DagBag from /home/airflow/.local/lib/python3.12/site-packages/airflow/example_dags/tutorial_taskflow_api.py
[2026-05-23T16:31:50.486+0000] {processor.py:925} INFO - DAG(s) 'tutorial_taskflow_api' retrieved from /home/airflow/.local/lib/python3.12/site-packages/airflow/example_dags/tutorial_taskflow_api.py
[2026-05-23T16:31:50.505+0000] {logging_mixin.py:190} INFO - [2026-05-23T16:31:50.505+0000] {dag.py:3239} INFO - Sync 1 DAGs
[2026-05-23T16:31:50.520+0000] {logging_mixin.py:190} INFO - [2026-05-23T16:31:50.520+0000] {dag.py:4180} INFO - Setting next_dagrun for tutorial_taskflow_api to None, run_after=None
[2026-05-23T16:31:50.536+0000] {processor.py:208} INFO - Processing /home/airflow/.local/lib/python3.12/site-packages/airflow/example_dags/tutorial_taskflow_api.py took 0.064 seconds
[2026-05-23T16:32:22.402+0000] {processor.py:186} INFO - Started process (PID=2882) to work on /home/airflow/.local/lib/python3.12/site-packages/airflow/example_dags/tutorial_taskflow_api.py
[2026-05-23T16:32:22.402+0000] {processor.py:914} INFO - Processing file /home/airflow/.local/lib/python3.12/site-packages/airflow/example_dags/tutorial_taskflow_api.py for tasks to queue
[2026-05-23T16:32:22.404+0000] {logging_mixin.py:190} INFO - [2026-05-23T16:32:22.404+0000] {dagbag.py:588} INFO - Filling up the DagBag from /home/airflow/.local/lib/python3.12/site-packages/airflow/example_dags/tutorial_taskflow_api.py
[2026-05-23T16:32:22.410+0000] {processor.py:925} INFO - DAG(s) 'tutorial_taskflow_api' retrieved from /home/airflow/.local/lib/python3.12/site-packages/airflow/example_dags/tutorial_taskflow_api.py
[2026-05-23T16:32:22.424+0000] {logging_mixin.py:190} INFO - [2026-05-23T16:32:22.424+0000] {dag.py:3239} INFO - Sync 1 DAGs
[2026-05-23T16:32:22.439+0000] {logging_mixin.py:190} INFO - [2026-05-23T16:32:22.439+0000] {dag.py:4180} INFO - Setting next_dagrun for tutorial_taskflow_api to None, run_after=None
[2026-05-23T16:32:22.452+0000] {processor.py:208} INFO - Processing /home/airflow/.local/lib/python3.12/site-packages/airflow/example_dags/tutorial_taskflow_api.py took 0.055 seconds
[2026-05-23T16:32:53.940+0000] {processor.py:186} INFO - Started process (PID=2949) to work on /home/airflow/.local/lib/python3.12/site-packages/airflow/example_dags/tutorial_taskflow_api.py
[2026-05-23T16:32:53.940+0000] {processor.py:914} INFO - Processing file /home/airflow/.local/lib/python3.12/site-packages/airflow/example_dags/tutorial_taskflow_api.py for tasks to queue
[2026-05-23T16:32:53.942+0000] {logging_mixin.py:190} INFO - [2026-05-23T16:32:53.942+0000] {dagbag.py:588} INFO - Filling up the DagBag from /home/airflow/.local/lib/python3.12/site-packages/airflow/example_dags/tutorial_taskflow_api.py
[2026-05-23T16:32:53.948+0000] {processor.py:925} INFO - DAG(s) 'tutorial_taskflow_api' retrieved from /home/airflow/.local/lib/python3.12/site-packages/airflow/example_dags/tutorial_taskflow_api.py
[2026-05-23T16:32:53.966+0000] {logging_mixin.py:190} INFO - [2026-05-23T16:32:53.966+0000] {dag.py:3239} INFO - Sync 1 DAGs
[2026-05-23T16:32:53.978+0000] {logging_mixin.py:190} INFO - [2026-05-23T16:32:53.978+0000] {dag.py:4180} INFO - Setting next_dagrun for tutorial_taskflow_api to None, run_after=None
[2026-05-23T16:32:53.993+0000] {processor.py:208} INFO - Processing /home/airflow/.local/lib/python3.12/site-packages/airflow/example_dags/tutorial_taskflow_api.py took 0.057 seconds
[2026-05-23T16:33:24.790+0000] {processor.py:186} INFO - Started process (PID=3014) to work on /home/airflow/.local/lib/python3.12/site-packages/airflow/example_dags/tutorial_taskflow_api.py
[2026-05-23T16:33:24.790+0000] {processor.py:914} INFO - Processing file /home/airflow/.local/lib/python3.12/site-packages/airflow/example_dags/tutorial_taskflow_api.py for tasks to queue
[2026-05-23T16:33:24.792+0000] {logging_mixin.py:190} INFO - [2026-05-23T16:33:24.792+0000] {dagbag.py:588} INFO - Filling up the DagBag from /home/airflow/.local/lib/python3.12/site-packages/airflow/example_dags/tutorial_taskflow_api.py
[2026-05-23T16:33:24.799+0000] {processor.py:925} INFO - DAG(s) 'tutorial_taskflow_api' retrieved from /home/airflow/.local/lib/python3.12/site-packages/airflow/example_dags/tutorial_taskflow_api.py
[2026-05-23T16:33:24.814+0000] {logging_mixin.py:190} INFO - [2026-05-23T16:33:24.814+0000] {dag.py:3239} INFO - Sync 1 DAGs
[2026-05-23T16:33:24.827+0000] {logging_mixin.py:190} INFO - [2026-05-23T16:33:24.827+0000] {dag.py:4180} INFO - Setting next_dagrun for tutorial_taskflow_api to None, run_after=None
[2026-05-23T16:33:24.840+0000] {processor.py:208} INFO - Processing /home/airflow/.local/lib/python3.12/site-packages/airflow/example_dags/tutorial_taskflow_api.py took 0.055 seconds
[2026-05-23T16:33:56.133+0000] {processor.py:186} INFO - Started process (PID=3079) to work on /home/airflow/.local/lib/python3.12/site-packages/airflow/example_dags/tutorial_taskflow_api.py
[2026-05-23T16:33:56.134+0000] {processor.py:914} INFO - Processing file /home/airflow/.local/lib/python3.12/site-packages/airflow/example_dags/tutorial_taskflow_api.py for tasks to queue
[2026-05-23T16:33:56.136+0000] {logging_mixin.py:190} INFO - [2026-05-23T16:33:56.135+0000] {dagbag.py:588} INFO - Filling up the DagBag from /home/airflow/.local/lib/python3.12/site-packages/airflow/example_dags/tutorial_taskflow_api.py
[2026-05-23T16:33:56.144+0000] {processor.py:925} INFO - DAG(s) 'tutorial_taskflow_api' retrieved from /home/airflow/.local/lib/python3.12/site-packages/airflow/example_dags/tutorial_taskflow_api.py
[2026-05-23T16:33:56.160+0000] {logging_mixin.py:190} INFO - [2026-05-23T16:33:56.160+0000] {dag.py:3239} INFO - Sync 1 DAGs
[2026-05-23T16:33:56.174+0000] {logging_mixin.py:190} INFO - [2026-05-23T16:33:56.174+0000] {dag.py:4180} INFO - Setting next_dagrun for tutorial_taskflow_api to None, run_after=None
[2026-05-23T16:33:56.188+0000] {processor.py:208} INFO - Processing /home/airflow/.local/lib/python3.12/site-packages/airflow/example_dags/tutorial_taskflow_api.py took 0.060 seconds
[2026-05-23T16:34:26.847+0000] {processor.py:186} INFO - Started process (PID=3144) to work on /home/airflow/.local/lib/python3.12/site-packages/airflow/example_dags/tutorial_taskflow_api.py
[2026-05-23T16:34:26.848+0000] {processor.py:914} INFO - Processing file /home/airflow/.local/lib/python3.12/site-packages/airflow/example_dags/tutorial_taskflow_api.py for tasks to queue
[2026-05-23T16:34:26.849+0000] {logging_mixin.py:190} INFO - [2026-05-23T16:34:26.849+0000] {dagbag.py:588} INFO - Filling up the DagBag from /home/airflow/.local/lib/python3.12/site-packages/airflow/example_dags/tutorial_taskflow_api.py
[2026-05-23T16:34:26.855+0000] {processor.py:925} INFO - DAG(s) 'tutorial_taskflow_api' retrieved from /home/airflow/.local/lib/python3.12/site-packages/airflow/example_dags/tutorial_taskflow_api.py
[2026-05-23T16:34:26.872+0000] {logging_mixin.py:190} INFO - [2026-05-23T16:34:26.872+0000] {dag.py:3239} INFO - Sync 1 DAGs
[2026-05-23T16:34:26.886+0000] {logging_mixin.py:190} INFO - [2026-05-23T16:34:26.886+0000] {dag.py:4180} INFO - Setting next_dagrun for tutorial_taskflow_api to None, run_after=None
[2026-05-23T16:34:26.900+0000] {processor.py:208} INFO - Processing /home/airflow/.local/lib/python3.12/site-packages/airflow/example_dags/tutorial_taskflow_api.py took 0.058 seconds
[2026-05-23T16:34:58.290+0000] {processor.py:186} INFO - Started process (PID=3209) to work on /home/airflow/.local/lib/python3.12/site-packages/airflow/example_dags/tutorial_taskflow_api.py
[2026-05-23T16:34:58.290+0000] {processor.py:914} INFO - Processing file /home/airflow/.local/lib/python3.12/site-packages/airflow/example_dags/tutorial_taskflow_api.py for tasks to queue
[2026-05-23T16:34:58.292+0000] {logging_mixin.py:190} INFO - [2026-05-23T16:34:58.292+0000] {dagbag.py:588} INFO - Filling up the DagBag from /home/airflow/.local/lib/python3.12/site-packages/airflow/example_dags/tutorial_taskflow_api.py
[2026-05-23T16:34:58.298+0000] {processor.py:925} INFO - DAG(s) 'tutorial_taskflow_api' retrieved from /home/airflow/.local/lib/python3.12/site-packages/airflow/example_dags/tutorial_taskflow_api.py
[2026-05-23T16:34:58.314+0000] {logging_mixin.py:190} INFO - [2026-05-23T16:34:58.314+0000] {dag.py:3239} INFO - Sync 1 DAGs
[2026-05-23T16:34:58.330+0000] {logging_mixin.py:190} INFO - [2026-05-23T16:34:58.330+0000] {dag.py:4180} INFO - Setting next_dagrun for tutorial_taskflow_api to None, run_after=None
[2026-05-23T16:34:58.347+0000] {processor.py:208} INFO - Processing /home/airflow/.local/lib/python3.12/site-packages/airflow/example_dags/tutorial_taskflow_api.py took 0.062 seconds
[2026-05-23T16:35:29.221+0000] {processor.py:186} INFO - Started process (PID=3274) to work on /home/airflow/.local/lib/python3.12/site-packages/airflow/example_dags/tutorial_taskflow_api.py
[2026-05-23T16:35:29.222+0000] {processor.py:914} INFO - Processing file /home/airflow/.local/lib/python3.12/site-packages/airflow/example_dags/tutorial_taskflow_api.py for tasks to queue
[2026-05-23T16:35:29.225+0000] {logging_mixin.py:190} INFO - [2026-05-23T16:35:29.225+0000] {dagbag.py:588} INFO - Filling up the DagBag from /home/airflow/.local/lib/python3.12/site-packages/airflow/example_dags/tutorial_taskflow_api.py
[2026-05-23T16:35:29.236+0000] {processor.py:925} INFO - DAG(s) 'tutorial_taskflow_api' retrieved from /home/airflow/.local/lib/python3.12/site-packages/airflow/example_dags/tutorial_taskflow_api.py
[2026-05-23T16:35:29.263+0000] {logging_mixin.py:190} INFO - [2026-05-23T16:35:29.263+0000] {dag.py:3239} INFO - Sync 1 DAGs
[2026-05-23T16:35:29.280+0000] {logging_mixin.py:190} INFO - [2026-05-23T16:35:29.280+0000] {dag.py:4180} INFO - Setting next_dagrun for tutorial_taskflow_api to None, run_after=None
[2026-05-23T16:35:29.296+0000] {processor.py:208} INFO - Processing /home/airflow/.local/lib/python3.12/site-packages/airflow/example_dags/tutorial_taskflow_api.py took 0.082 seconds
[2026-05-23T16:36:00.374+0000] {processor.py:186} INFO - Started process (PID=3339) to work on /home/airflow/.local/lib/python3.12/site-packages/airflow/example_dags/tutorial_taskflow_api.py
[2026-05-23T16:36:00.374+0000] {processor.py:914} INFO - Processing file /home/airflow/.local/lib/python3.12/site-packages/airflow/example_dags/tutorial_taskflow_api.py for tasks to queue
[2026-05-23T16:36:00.376+0000] {logging_mixin.py:190} INFO - [2026-05-23T16:36:00.376+0000] {dagbag.py:588} INFO - Filling up the DagBag from /home/airflow/.local/lib/python3.12/site-packages/airflow/example_dags/tutorial_taskflow_api.py
[2026-05-23T16:36:00.382+0000] {processor.py:925} INFO - DAG(s) 'tutorial_taskflow_api' retrieved from /home/airflow/.local/lib/python3.12/site-packages/airflow/example_dags/tutorial_taskflow_api.py
[2026-05-23T16:36:00.398+0000] {logging_mixin.py:190} INFO - [2026-05-23T16:36:00.398+0000] {dag.py:3239} INFO - Sync 1 DAGs
[2026-05-23T16:36:00.410+0000] {logging_mixin.py:190} INFO - [2026-05-23T16:36:00.410+0000] {dag.py:4180} INFO - Setting next_dagrun for tutorial_taskflow_api to None, run_after=None
[2026-05-23T16:36:00.426+0000] {processor.py:208} INFO - Processing /home/airflow/.local/lib/python3.12/site-packages/airflow/example_dags/tutorial_taskflow_api.py took 0.057 seconds
[2026-05-23T16:36:31.696+0000] {processor.py:186} INFO - Started process (PID=3404) to work on /home/airflow/.local/lib/python3.12/site-packages/airflow/example_dags/tutorial_taskflow_api.py
[2026-05-23T16:36:31.697+0000] {processor.py:914} INFO - Processing file /home/airflow/.local/lib/python3.12/site-packages/airflow/example_dags/tutorial_taskflow_api.py for tasks to queue
[2026-05-23T16:36:31.699+0000] {logging_mixin.py:190} INFO - [2026-05-23T16:36:31.699+0000] {dagbag.py:588} INFO - Filling up the DagBag from /home/airflow/.local/lib/python3.12/site-packages/airflow/example_dags/tutorial_taskflow_api.py
[2026-05-23T16:36:31.706+0000] {processor.py:925} INFO - DAG(s) 'tutorial_taskflow_api' retrieved from /home/airflow/.local/lib/python3.12/site-packages/airflow/example_dags/tutorial_taskflow_api.py
[2026-05-23T16:36:31.722+0000] {logging_mixin.py:190} INFO - [2026-05-23T16:36:31.722+0000] {dag.py:3239} INFO - Sync 1 DAGs
[2026-05-23T16:36:31.735+0000] {logging_mixin.py:190} INFO - [2026-05-23T16:36:31.735+0000] {dag.py:4180} INFO - Setting next_dagrun for tutorial_taskflow_api to None, run_after=None
[2026-05-23T16:36:31.750+0000] {processor.py:208} INFO - Processing /home/airflow/.local/lib/python3.12/site-packages/airflow/example_dags/tutorial_taskflow_api.py took 0.060 seconds
[2026-05-23T16:37:02.742+0000] {processor.py:186} INFO - Started process (PID=3469) to work on /home/airflow/.local/lib/python3.12/site-packages/airflow/example_dags/tutorial_taskflow_api.py
[2026-05-23T16:37:02.742+0000] {processor.py:914} INFO - Processing file /home/airflow/.local/lib/python3.12/site-packages/airflow/example_dags/tutorial_taskflow_api.py for tasks to queue
[2026-05-23T16:37:02.744+0000] {logging_mixin.py:190} INFO - [2026-05-23T16:37:02.744+0000] {dagbag.py:588} INFO - Filling up the DagBag from /home/airflow/.local/lib/python3.12/site-packages/airflow/example_dags/tutorial_taskflow_api.py
[2026-05-23T16:37:02.753+0000] {processor.py:925} INFO - DAG(s) 'tutorial_taskflow_api' retrieved from /home/airflow/.local/lib/python3.12/site-packages/airflow/example_dags/tutorial_taskflow_api.py
[2026-05-23T16:37:02.769+0000] {logging_mixin.py:190} INFO - [2026-05-23T16:37:02.769+0000] {dag.py:3239} INFO - Sync 1 DAGs
[2026-05-23T16:37:02.782+0000] {logging_mixin.py:190} INFO - [2026-05-23T16:37:02.781+0000] {dag.py:4180} INFO - Setting next_dagrun for tutorial_taskflow_api to None, run_after=None
[2026-05-23T16:37:02.797+0000] {processor.py:208} INFO - Processing /home/airflow/.local/lib/python3.12/site-packages/airflow/example_dags/tutorial_taskflow_api.py took 0.059 seconds
[2026-05-23T16:37:33.467+0000] {processor.py:186} INFO - Started process (PID=3534) to work on /home/airflow/.local/lib/python3.12/site-packages/airflow/example_dags/tutorial_taskflow_api.py
[2026-05-23T16:37:33.468+0000] {processor.py:914} INFO - Processing file /home/airflow/.local/lib/python3.12/site-packages/airflow/example_dags/tutorial_taskflow_api.py for tasks to queue
[2026-05-23T16:37:33.469+0000] {logging_mixin.py:190} INFO - [2026-05-23T16:37:33.469+0000] {dagbag.py:588} INFO - Filling up the DagBag from /home/airflow/.local/lib/python3.12/site-packages/airflow/example_dags/tutorial_taskflow_api.py
[2026-05-23T16:37:33.475+0000] {processor.py:925} INFO - DAG(s) 'tutorial_taskflow_api' retrieved from /home/airflow/.local/lib/python3.12/site-packages/airflow/example_dags/tutorial_taskflow_api.py
[2026-05-23T16:37:33.489+0000] {logging_mixin.py:190} INFO - [2026-05-23T16:37:33.489+0000] {dag.py:3239} INFO - Sync 1 DAGs
[2026-05-23T16:37:33.500+0000] {logging_mixin.py:190} INFO - [2026-05-23T16:37:33.500+0000] {dag.py:4180} INFO - Setting next_dagrun for tutorial_taskflow_api to None, run_after=None
[2026-05-23T16:37:33.513+0000] {processor.py:208} INFO - Processing /home/airflow/.local/lib/python3.12/site-packages/airflow/example_dags/tutorial_taskflow_api.py took 0.050 seconds
[2026-05-23T16:38:04.722+0000] {processor.py:186} INFO - Started process (PID=3599) to work on /home/airflow/.local/lib/python3.12/site-packages/airflow/example_dags/tutorial_taskflow_api.py
[2026-05-23T16:38:04.723+0000] {processor.py:914} INFO - Processing file /home/airflow/.local/lib/python3.12/site-packages/airflow/example_dags/tutorial_taskflow_api.py for tasks to queue
[2026-05-23T16:38:04.724+0000] {logging_mixin.py:190} INFO - [2026-05-23T16:38:04.724+0000] {dagbag.py:588} INFO - Filling up the DagBag from /home/airflow/.local/lib/python3.12/site-packages/airflow/example_dags/tutorial_taskflow_api.py
[2026-05-23T16:38:04.731+0000] {processor.py:925} INFO - DAG(s) 'tutorial_taskflow_api' retrieved from /home/airflow/.local/lib/python3.12/site-packages/airflow/example_dags/tutorial_taskflow_api.py
[2026-05-23T16:38:04.747+0000] {logging_mixin.py:190} INFO - [2026-05-23T16:38:04.747+0000] {dag.py:3239} INFO - Sync 1 DAGs
[2026-05-23T16:38:04.763+0000] {logging_mixin.py:190} INFO - [2026-05-23T16:38:04.763+0000] {dag.py:4180} INFO - Setting next_dagrun for tutorial_taskflow_api to None, run_after=None
[2026-05-23T16:38:04.776+0000] {processor.py:208} INFO - Processing /home/airflow/.local/lib/python3.12/site-packages/airflow/example_dags/tutorial_taskflow_api.py took 0.060 seconds
[2026-05-23T16:38:36.002+0000] {processor.py:186} INFO - Started process (PID=3664) to work on /home/airflow/.local/lib/python3.12/site-packages/airflow/example_dags/tutorial_taskflow_api.py
[2026-05-23T16:38:36.002+0000] {processor.py:914} INFO - Processing file /home/airflow/.local/lib/python3.12/site-packages/airflow/example_dags/tutorial_taskflow_api.py for tasks to queue
[2026-05-23T16:38:36.004+0000] {logging_mixin.py:190} INFO - [2026-05-23T16:38:36.003+0000] {dagbag.py:588} INFO - Filling up the DagBag from /home/airflow/.local/lib/python3.12/site-packages/airflow/example_dags/tutorial_taskflow_api.py
[2026-05-23T16:38:36.011+0000] {processor.py:925} INFO - DAG(s) 'tutorial_taskflow_api' retrieved from /home/airflow/.local/lib/python3.12/site-packages/airflow/example_dags/tutorial_taskflow_api.py
[2026-05-23T16:38:36.027+0000] {logging_mixin.py:190} INFO - [2026-05-23T16:38:36.026+0000] {dag.py:3239} INFO - Sync 1 DAGs
[2026-05-23T16:38:36.039+0000] {logging_mixin.py:190} INFO - [2026-05-23T16:38:36.039+0000] {dag.py:4180} INFO - Setting next_dagrun for tutorial_taskflow_api to None, run_after=None
[2026-05-23T16:38:36.054+0000] {processor.py:208} INFO - Processing /home/airflow/.local/lib/python3.12/site-packages/airflow/example_dags/tutorial_taskflow_api.py took 0.057 seconds
[2026-05-23T16:39:06.656+0000] {processor.py:186} INFO - Started process (PID=3729) to work on /home/airflow/.local/lib/python3.12/site-packages/airflow/example_dags/tutorial_taskflow_api.py
[2026-05-23T16:39:06.657+0000] {processor.py:914} INFO - Processing file /home/airflow/.local/lib/python3.12/site-packages/airflow/example_dags/tutorial_taskflow_api.py for tasks to queue
[2026-05-23T16:39:06.659+0000] {logging_mixin.py:190} INFO - [2026-05-23T16:39:06.659+0000] {dagbag.py:588} INFO - Filling up the DagBag from /home/airflow/.local/lib/python3.12/site-packages/airflow/example_dags/tutorial_taskflow_api.py
[2026-05-23T16:39:06.666+0000] {processor.py:925} INFO - DAG(s) 'tutorial_taskflow_api' retrieved from /home/airflow/.local/lib/python3.12/site-packages/airflow/example_dags/tutorial_taskflow_api.py
[2026-05-23T16:39:06.681+0000] {logging_mixin.py:190} INFO - [2026-05-23T16:39:06.681+0000] {dag.py:3239} INFO - Sync 1 DAGs
[2026-05-23T16:39:06.693+0000] {logging_mixin.py:190} INFO - [2026-05-23T16:39:06.693+0000] {dag.py:4180} INFO - Setting next_dagrun for tutorial_taskflow_api to None, run_after=None
[2026-05-23T16:39:06.706+0000] {processor.py:208} INFO - Processing /home/airflow/.local/lib/python3.12/site-packages/airflow/example_dags/tutorial_taskflow_api.py took 0.055 seconds
[2026-05-23T16:39:37.549+0000] {processor.py:186} INFO - Started process (PID=3794) to work on /home/airflow/.local/lib/python3.12/site-packages/airflow/example_dags/tutorial_taskflow_api.py
[2026-05-23T16:39:37.549+0000] {processor.py:914} INFO - Processing file /home/airflow/.local/lib/python3.12/site-packages/airflow/example_dags/tutorial_taskflow_api.py for tasks to queue
[2026-05-23T16:39:37.551+0000] {logging_mixin.py:190} INFO - [2026-05-23T16:39:37.551+0000] {dagbag.py:588} INFO - Filling up the DagBag from /home/airflow/.local/lib/python3.12/site-packages/airflow/example_dags/tutorial_taskflow_api.py
[2026-05-23T16:39:37.558+0000] {processor.py:925} INFO - DAG(s) 'tutorial_taskflow_api' retrieved from /home/airflow/.local/lib/python3.12/site-packages/airflow/example_dags/tutorial_taskflow_api.py
[2026-05-23T16:39:37.576+0000] {logging_mixin.py:190} INFO - [2026-05-23T16:39:37.576+0000] {dag.py:3239} INFO - Sync 1 DAGs
[2026-05-23T16:39:37.593+0000] {logging_mixin.py:190} INFO - [2026-05-23T16:39:37.592+0000] {dag.py:4180} INFO - Setting next_dagrun for tutorial_taskflow_api to None, run_after=None
[2026-05-23T16:39:37.609+0000] {processor.py:208} INFO - Processing /home/airflow/.local/lib/python3.12/site-packages/airflow/example_dags/tutorial_taskflow_api.py took 0.065 seconds
[2026-05-23T16:40:08.404+0000] {processor.py:186} INFO - Started process (PID=3859) to work on /home/airflow/.local/lib/python3.12/site-packages/airflow/example_dags/tutorial_taskflow_api.py
[2026-05-23T16:40:08.404+0000] {processor.py:914} INFO - Processing file /home/airflow/.local/lib/python3.12/site-packages/airflow/example_dags/tutorial_taskflow_api.py for tasks to queue
[2026-05-23T16:40:08.406+0000] {logging_mixin.py:190} INFO - [2026-05-23T16:40:08.405+0000] {dagbag.py:588} INFO - Filling up the DagBag from /home/airflow/.local/lib/python3.12/site-packages/airflow/example_dags/tutorial_taskflow_api.py
[2026-05-23T16:40:08.412+0000] {processor.py:925} INFO - DAG(s) 'tutorial_taskflow_api' retrieved from /home/airflow/.local/lib/python3.12/site-packages/airflow/example_dags/tutorial_taskflow_api.py
[2026-05-23T16:40:08.429+0000] {logging_mixin.py:190} INFO - [2026-05-23T16:40:08.428+0000] {dag.py:3239} INFO - Sync 1 DAGs
[2026-05-23T16:40:08.445+0000] {logging_mixin.py:190} INFO - [2026-05-23T16:40:08.445+0000] {dag.py:4180} INFO - Setting next_dagrun for tutorial_taskflow_api to None, run_after=None
[2026-05-23T16:40:08.462+0000] {processor.py:208} INFO - Processing /home/airflow/.local/lib/python3.12/site-packages/airflow/example_dags/tutorial_taskflow_api.py took 0.063 seconds
[2026-05-23T16:40:38.884+0000] {processor.py:186} INFO - Started process (PID=3923) to work on /home/airflow/.local/lib/python3.12/site-packages/airflow/example_dags/tutorial_taskflow_api.py
[2026-05-23T16:40:38.885+0000] {processor.py:914} INFO - Processing file /home/airflow/.local/lib/python3.12/site-packages/airflow/example_dags/tutorial_taskflow_api.py for tasks to queue
[2026-05-23T16:40:38.886+0000] {logging_mixin.py:190} INFO - [2026-05-23T16:40:38.886+0000] {dagbag.py:588} INFO - Filling up the DagBag from /home/airflow/.local/lib/python3.12/site-packages/airflow/example_dags/tutorial_taskflow_api.py
[2026-05-23T16:40:38.892+0000] {processor.py:925} INFO - DAG(s) 'tutorial_taskflow_api' retrieved from /home/airflow/.local/lib/python3.12/site-packages/airflow/example_dags/tutorial_taskflow_api.py
[2026-05-23T16:40:38.907+0000] {logging_mixin.py:190} INFO - [2026-05-23T16:40:38.907+0000] {dag.py:3239} INFO - Sync 1 DAGs
[2026-05-23T16:40:38.918+0000] {logging_mixin.py:190} INFO - [2026-05-23T16:40:38.917+0000] {dag.py:4180} INFO - Setting next_dagrun for tutorial_taskflow_api to None, run_after=None
[2026-05-23T16:40:38.931+0000] {processor.py:208} INFO - Processing /home/airflow/.local/lib/python3.12/site-packages/airflow/example_dags/tutorial_taskflow_api.py took 0.051 seconds
[2026-05-23T16:41:09.853+0000] {processor.py:186} INFO - Started process (PID=3988) to work on /home/airflow/.local/lib/python3.12/site-packages/airflow/example_dags/tutorial_taskflow_api.py
[2026-05-23T16:41:09.854+0000] {processor.py:914} INFO - Processing file /home/airflow/.local/lib/python3.12/site-packages/airflow/example_dags/tutorial_taskflow_api.py for tasks to queue
[2026-05-23T16:41:09.856+0000] {logging_mixin.py:190} INFO - [2026-05-23T16:41:09.856+0000] {dagbag.py:588} INFO - Filling up the DagBag from /home/airflow/.local/lib/python3.12/site-packages/airflow/example_dags/tutorial_taskflow_api.py
[2026-05-23T16:41:09.864+0000] {processor.py:925} INFO - DAG(s) 'tutorial_taskflow_api' retrieved from /home/airflow/.local/lib/python3.12/site-packages/airflow/example_dags/tutorial_taskflow_api.py
[2026-05-23T16:41:09.879+0000] {logging_mixin.py:190} INFO - [2026-05-23T16:41:09.879+0000] {dag.py:3239} INFO - Sync 1 DAGs
[2026-05-23T16:41:09.895+0000] {logging_mixin.py:190} INFO - [2026-05-23T16:41:09.895+0000] {dag.py:4180} INFO - Setting next_dagrun for tutorial_taskflow_api to None, run_after=None
[2026-05-23T16:41:09.910+0000] {processor.py:208} INFO - Processing /home/airflow/.local/lib/python3.12/site-packages/airflow/example_dags/tutorial_taskflow_api.py took 0.062 seconds
[2026-05-23T16:41:41.345+0000] {processor.py:186} INFO - Started process (PID=4054) to work on /home/airflow/.local/lib/python3.12/site-packages/airflow/example_dags/tutorial_taskflow_api.py
[2026-05-23T16:41:41.346+0000] {processor.py:914} INFO - Processing file /home/airflow/.local/lib/python3.12/site-packages/airflow/example_dags/tutorial_taskflow_api.py for tasks to queue
[2026-05-23T16:41:41.348+0000] {logging_mixin.py:190} INFO - [2026-05-23T16:41:41.348+0000] {dagbag.py:588} INFO - Filling up the DagBag from /home/airflow/.local/lib/python3.12/site-packages/airflow/example_dags/tutorial_taskflow_api.py
[2026-05-23T16:41:41.357+0000] {processor.py:925} INFO - DAG(s) 'tutorial_taskflow_api' retrieved from /home/airflow/.local/lib/python3.12/site-packages/airflow/example_dags/tutorial_taskflow_api.py
[2026-05-23T16:41:41.377+0000] {logging_mixin.py:190} INFO - [2026-05-23T16:41:41.377+0000] {dag.py:3239} INFO - Sync 1 DAGs
[2026-05-23T16:41:41.393+0000] {logging_mixin.py:190} INFO - [2026-05-23T16:41:41.393+0000] {dag.py:4180} INFO - Setting next_dagrun for tutorial_taskflow_api to None, run_after=None
[2026-05-23T16:41:41.410+0000] {processor.py:208} INFO - Processing /home/airflow/.local/lib/python3.12/site-packages/airflow/example_dags/tutorial_taskflow_api.py took 0.070 seconds
[2026-05-23T16:42:12.032+0000] {processor.py:186} INFO - Started process (PID=4119) to work on /home/airflow/.local/lib/python3.12/site-packages/airflow/example_dags/tutorial_taskflow_api.py
[2026-05-23T16:42:12.033+0000] {processor.py:914} INFO - Processing file /home/airflow/.local/lib/python3.12/site-packages/airflow/example_dags/tutorial_taskflow_api.py for tasks to queue
[2026-05-23T16:42:12.036+0000] {logging_mixin.py:190} INFO - [2026-05-23T16:42:12.036+0000] {dagbag.py:588} INFO - Filling up the DagBag from /home/airflow/.local/lib/python3.12/site-packages/airflow/example_dags/tutorial_taskflow_api.py
[2026-05-23T16:42:12.046+0000] {processor.py:925} INFO - DAG(s) 'tutorial_taskflow_api' retrieved from /home/airflow/.local/lib/python3.12/site-packages/airflow/example_dags/tutorial_taskflow_api.py
[2026-05-23T16:42:12.072+0000] {logging_mixin.py:190} INFO - [2026-05-23T16:42:12.072+0000] {dag.py:3239} INFO - Sync 1 DAGs
[2026-05-23T16:42:12.088+0000] {logging_mixin.py:190} INFO - [2026-05-23T16:42:12.088+0000] {dag.py:4180} INFO - Setting next_dagrun for tutorial_taskflow_api to None, run_after=None
[2026-05-23T16:42:12.106+0000] {processor.py:208} INFO - Processing /home/airflow/.local/lib/python3.12/site-packages/airflow/example_dags/tutorial_taskflow_api.py took 0.080 seconds
[2026-05-23T16:42:42.737+0000] {processor.py:186} INFO - Started process (PID=4183) to work on /home/airflow/.local/lib/python3.12/site-packages/airflow/example_dags/tutorial_taskflow_api.py
[2026-05-23T16:42:42.737+0000] {processor.py:914} INFO - Processing file /home/airflow/.local/lib/python3.12/site-packages/airflow/example_dags/tutorial_taskflow_api.py for tasks to queue
[2026-05-23T16:42:42.739+0000] {logging_mixin.py:190} INFO - [2026-05-23T16:42:42.739+0000] {dagbag.py:588} INFO - Filling up the DagBag from /home/airflow/.local/lib/python3.12/site-packages/airflow/example_dags/tutorial_taskflow_api.py
[2026-05-23T16:42:42.747+0000] {processor.py:925} INFO - DAG(s) 'tutorial_taskflow_api' retrieved from /home/airflow/.local/lib/python3.12/site-packages/airflow/example_dags/tutorial_taskflow_api.py
[2026-05-23T16:42:42.765+0000] {logging_mixin.py:190} INFO - [2026-05-23T16:42:42.764+0000] {dag.py:3239} INFO - Sync 1 DAGs
[2026-05-23T16:42:42.776+0000] {logging_mixin.py:190} INFO - [2026-05-23T16:42:42.776+0000] {dag.py:4180} INFO - Setting next_dagrun for tutorial_taskflow_api to None, run_after=None
[2026-05-23T16:42:42.788+0000] {processor.py:208} INFO - Processing /home/airflow/.local/lib/python3.12/site-packages/airflow/example_dags/tutorial_taskflow_api.py took 0.056 seconds
[2026-05-23T16:43:13.874+0000] {processor.py:186} INFO - Started process (PID=4248) to work on /home/airflow/.local/lib/python3.12/site-packages/airflow/example_dags/tutorial_taskflow_api.py
[2026-05-23T16:43:13.875+0000] {processor.py:914} INFO - Processing file /home/airflow/.local/lib/python3.12/site-packages/airflow/example_dags/tutorial_taskflow_api.py for tasks to queue
[2026-05-23T16:43:13.877+0000] {logging_mixin.py:190} INFO - [2026-05-23T16:43:13.876+0000] {dagbag.py:588} INFO - Filling up the DagBag from /home/airflow/.local/lib/python3.12/site-packages/airflow/example_dags/tutorial_taskflow_api.py
[2026-05-23T16:43:13.883+0000] {processor.py:925} INFO - DAG(s) 'tutorial_taskflow_api' retrieved from /home/airflow/.local/lib/python3.12/site-packages/airflow/example_dags/tutorial_taskflow_api.py
[2026-05-23T16:43:13.898+0000] {logging_mixin.py:190} INFO - [2026-05-23T16:43:13.898+0000] {dag.py:3239} INFO - Sync 1 DAGs
[2026-05-23T16:43:14.054+0000] {logging_mixin.py:190} INFO - [2026-05-23T16:43:14.054+0000] {dag.py:4180} INFO - Setting next_dagrun for tutorial_taskflow_api to None, run_after=None
[2026-05-23T16:43:14.067+0000] {processor.py:208} INFO - Processing /home/airflow/.local/lib/python3.12/site-packages/airflow/example_dags/tutorial_taskflow_api.py took 0.198 seconds
[2026-05-23T16:43:44.581+0000] {processor.py:186} INFO - Started process (PID=4313) to work on /home/airflow/.local/lib/python3.12/site-packages/airflow/example_dags/tutorial_taskflow_api.py
[2026-05-23T16:43:44.582+0000] {processor.py:914} INFO - Processing file /home/airflow/.local/lib/python3.12/site-packages/airflow/example_dags/tutorial_taskflow_api.py for tasks to queue
[2026-05-23T16:43:44.583+0000] {logging_mixin.py:190} INFO - [2026-05-23T16:43:44.583+0000] {dagbag.py:588} INFO - Filling up the DagBag from /home/airflow/.local/lib/python3.12/site-packages/airflow/example_dags/tutorial_taskflow_api.py
[2026-05-23T16:43:44.590+0000] {processor.py:925} INFO - DAG(s) 'tutorial_taskflow_api' retrieved from /home/airflow/.local/lib/python3.12/site-packages/airflow/example_dags/tutorial_taskflow_api.py
[2026-05-23T16:43:44.607+0000] {logging_mixin.py:190} INFO - [2026-05-23T16:43:44.607+0000] {dag.py:3239} INFO - Sync 1 DAGs
[2026-05-23T16:43:44.774+0000] {logging_mixin.py:190} INFO - [2026-05-23T16:43:44.774+0000] {dag.py:4180} INFO - Setting next_dagrun for tutorial_taskflow_api to None, run_after=None
[2026-05-23T16:43:44.788+0000] {processor.py:208} INFO - Processing /home/airflow/.local/lib/python3.12/site-packages/airflow/example_dags/tutorial_taskflow_api.py took 0.211 seconds
[2026-05-23T16:44:15.126+0000] {processor.py:186} INFO - Started process (PID=4378) to work on /home/airflow/.local/lib/python3.12/site-packages/airflow/example_dags/tutorial_taskflow_api.py
[2026-05-23T16:44:15.127+0000] {processor.py:914} INFO - Processing file /home/airflow/.local/lib/python3.12/site-packages/airflow/example_dags/tutorial_taskflow_api.py for tasks to queue
[2026-05-23T16:44:15.129+0000] {logging_mixin.py:190} INFO - [2026-05-23T16:44:15.128+0000] {dagbag.py:588} INFO - Filling up the DagBag from /home/airflow/.local/lib/python3.12/site-packages/airflow/example_dags/tutorial_taskflow_api.py
[2026-05-23T16:44:15.135+0000] {processor.py:925} INFO - DAG(s) 'tutorial_taskflow_api' retrieved from /home/airflow/.local/lib/python3.12/site-packages/airflow/example_dags/tutorial_taskflow_api.py
[2026-05-23T16:44:15.151+0000] {logging_mixin.py:190} INFO - [2026-05-23T16:44:15.151+0000] {dag.py:3239} INFO - Sync 1 DAGs
[2026-05-23T16:44:15.165+0000] {logging_mixin.py:190} INFO - [2026-05-23T16:44:15.165+0000] {dag.py:4180} INFO - Setting next_dagrun for tutorial_taskflow_api to None, run_after=None
[2026-05-23T16:44:15.178+0000] {processor.py:208} INFO - Processing /home/airflow/.local/lib/python3.12/site-packages/airflow/example_dags/tutorial_taskflow_api.py took 0.056 seconds
[2026-05-23T16:49:27.877+0000] {processor.py:186} INFO - Started process (PID=83) to work on /home/airflow/.local/lib/python3.12/site-packages/airflow/example_dags/tutorial_taskflow_api.py
[2026-05-23T16:49:27.878+0000] {processor.py:914} INFO - Processing file /home/airflow/.local/lib/python3.12/site-packages/airflow/example_dags/tutorial_taskflow_api.py for tasks to queue
[2026-05-23T16:49:27.880+0000] {logging_mixin.py:190} INFO - [2026-05-23T16:49:27.880+0000] {dagbag.py:588} INFO - Filling up the DagBag from /home/airflow/.local/lib/python3.12/site-packages/airflow/example_dags/tutorial_taskflow_api.py
[2026-05-23T16:49:27.889+0000] {processor.py:925} INFO - DAG(s) 'tutorial_taskflow_api' retrieved from /home/airflow/.local/lib/python3.12/site-packages/airflow/example_dags/tutorial_taskflow_api.py
[2026-05-23T16:49:27.924+0000] {logging_mixin.py:190} INFO - [2026-05-23T16:49:27.924+0000] {dag.py:3239} INFO - Sync 1 DAGs
[2026-05-23T16:49:27.942+0000] {logging_mixin.py:190} INFO - [2026-05-23T16:49:27.942+0000] {dag.py:4180} INFO - Setting next_dagrun for tutorial_taskflow_api to None, run_after=None
[2026-05-23T16:49:27.963+0000] {processor.py:208} INFO - Processing /home/airflow/.local/lib/python3.12/site-packages/airflow/example_dags/tutorial_taskflow_api.py took 0.089 seconds
[2026-05-23T16:49:58.310+0000] {processor.py:186} INFO - Started process (PID=148) to work on /home/airflow/.local/lib/python3.12/site-packages/airflow/example_dags/tutorial_taskflow_api.py
[2026-05-23T16:49:58.311+0000] {processor.py:914} INFO - Processing file /home/airflow/.local/lib/python3.12/site-packages/airflow/example_dags/tutorial_taskflow_api.py for tasks to queue
[2026-05-23T16:49:58.313+0000] {logging_mixin.py:190} INFO - [2026-05-23T16:49:58.313+0000] {dagbag.py:588} INFO - Filling up the DagBag from /home/airflow/.local/lib/python3.12/site-packages/airflow/example_dags/tutorial_taskflow_api.py
[2026-05-23T16:49:58.322+0000] {processor.py:925} INFO - DAG(s) 'tutorial_taskflow_api' retrieved from /home/airflow/.local/lib/python3.12/site-packages/airflow/example_dags/tutorial_taskflow_api.py
[2026-05-23T16:49:58.342+0000] {logging_mixin.py:190} INFO - [2026-05-23T16:49:58.341+0000] {dag.py:3239} INFO - Sync 1 DAGs
[2026-05-23T16:49:58.358+0000] {logging_mixin.py:190} INFO - [2026-05-23T16:49:58.358+0000] {dag.py:4180} INFO - Setting next_dagrun for tutorial_taskflow_api to None, run_after=None
[2026-05-23T16:49:58.375+0000] {processor.py:208} INFO - Processing /home/airflow/.local/lib/python3.12/site-packages/airflow/example_dags/tutorial_taskflow_api.py took 0.070 seconds
[2026-05-23T16:50:29.248+0000] {processor.py:186} INFO - Started process (PID=221) to work on /home/airflow/.local/lib/python3.12/site-packages/airflow/example_dags/tutorial_taskflow_api.py
[2026-05-23T16:50:29.249+0000] {processor.py:914} INFO - Processing file /home/airflow/.local/lib/python3.12/site-packages/airflow/example_dags/tutorial_taskflow_api.py for tasks to queue
[2026-05-23T16:50:29.250+0000] {logging_mixin.py:190} INFO - [2026-05-23T16:50:29.250+0000] {dagbag.py:588} INFO - Filling up the DagBag from /home/airflow/.local/lib/python3.12/site-packages/airflow/example_dags/tutorial_taskflow_api.py
[2026-05-23T16:50:29.257+0000] {processor.py:925} INFO - DAG(s) 'tutorial_taskflow_api' retrieved from /home/airflow/.local/lib/python3.12/site-packages/airflow/example_dags/tutorial_taskflow_api.py
[2026-05-23T16:50:29.273+0000] {logging_mixin.py:190} INFO - [2026-05-23T16:50:29.272+0000] {dag.py:3239} INFO - Sync 1 DAGs
[2026-05-23T16:50:29.286+0000] {logging_mixin.py:190} INFO - [2026-05-23T16:50:29.286+0000] {dag.py:4180} INFO - Setting next_dagrun for tutorial_taskflow_api to None, run_after=None
[2026-05-23T16:50:29.300+0000] {processor.py:208} INFO - Processing /home/airflow/.local/lib/python3.12/site-packages/airflow/example_dags/tutorial_taskflow_api.py took 0.057 seconds
[2026-05-23T16:51:00.640+0000] {processor.py:186} INFO - Started process (PID=289) to work on /home/airflow/.local/lib/python3.12/site-packages/airflow/example_dags/tutorial_taskflow_api.py
[2026-05-23T16:51:00.641+0000] {processor.py:914} INFO - Processing file /home/airflow/.local/lib/python3.12/site-packages/airflow/example_dags/tutorial_taskflow_api.py for tasks to queue
[2026-05-23T16:51:00.643+0000] {logging_mixin.py:190} INFO - [2026-05-23T16:51:00.643+0000] {dagbag.py:588} INFO - Filling up the DagBag from /home/airflow/.local/lib/python3.12/site-packages/airflow/example_dags/tutorial_taskflow_api.py
[2026-05-23T16:51:00.653+0000] {processor.py:925} INFO - DAG(s) 'tutorial_taskflow_api' retrieved from /home/airflow/.local/lib/python3.12/site-packages/airflow/example_dags/tutorial_taskflow_api.py
[2026-05-23T16:51:00.675+0000] {logging_mixin.py:190} INFO - [2026-05-23T16:51:00.675+0000] {dag.py:3239} INFO - Sync 1 DAGs
[2026-05-23T16:51:00.690+0000] {logging_mixin.py:190} INFO - [2026-05-23T16:51:00.690+0000] {dag.py:4180} INFO - Setting next_dagrun for tutorial_taskflow_api to None, run_after=None
[2026-05-23T16:51:00.706+0000] {processor.py:208} INFO - Processing /home/airflow/.local/lib/python3.12/site-packages/airflow/example_dags/tutorial_taskflow_api.py took 0.073 seconds
[2026-05-23T16:51:31.863+0000] {processor.py:186} INFO - Started process (PID=354) to work on /home/airflow/.local/lib/python3.12/site-packages/airflow/example_dags/tutorial_taskflow_api.py
[2026-05-23T16:51:31.864+0000] {processor.py:914} INFO - Processing file /home/airflow/.local/lib/python3.12/site-packages/airflow/example_dags/tutorial_taskflow_api.py for tasks to queue
[2026-05-23T16:51:31.865+0000] {logging_mixin.py:190} INFO - [2026-05-23T16:51:31.865+0000] {dagbag.py:588} INFO - Filling up the DagBag from /home/airflow/.local/lib/python3.12/site-packages/airflow/example_dags/tutorial_taskflow_api.py
[2026-05-23T16:51:31.873+0000] {processor.py:925} INFO - DAG(s) 'tutorial_taskflow_api' retrieved from /home/airflow/.local/lib/python3.12/site-packages/airflow/example_dags/tutorial_taskflow_api.py
[2026-05-23T16:51:31.896+0000] {logging_mixin.py:190} INFO - [2026-05-23T16:51:31.896+0000] {dag.py:3239} INFO - Sync 1 DAGs
[2026-05-23T16:51:31.910+0000] {logging_mixin.py:190} INFO - [2026-05-23T16:51:31.909+0000] {dag.py:4180} INFO - Setting next_dagrun for tutorial_taskflow_api to None, run_after=None
[2026-05-23T16:51:31.922+0000] {processor.py:208} INFO - Processing /home/airflow/.local/lib/python3.12/site-packages/airflow/example_dags/tutorial_taskflow_api.py took 0.064 seconds
[2026-05-23T16:52:02.893+0000] {processor.py:186} INFO - Started process (PID=419) to work on /home/airflow/.local/lib/python3.12/site-packages/airflow/example_dags/tutorial_taskflow_api.py
[2026-05-23T16:52:02.893+0000] {processor.py:914} INFO - Processing file /home/airflow/.local/lib/python3.12/site-packages/airflow/example_dags/tutorial_taskflow_api.py for tasks to queue
[2026-05-23T16:52:02.895+0000] {logging_mixin.py:190} INFO - [2026-05-23T16:52:02.895+0000] {dagbag.py:588} INFO - Filling up the DagBag from /home/airflow/.local/lib/python3.12/site-packages/airflow/example_dags/tutorial_taskflow_api.py
[2026-05-23T16:52:02.903+0000] {processor.py:925} INFO - DAG(s) 'tutorial_taskflow_api' retrieved from /home/airflow/.local/lib/python3.12/site-packages/airflow/example_dags/tutorial_taskflow_api.py
[2026-05-23T16:52:02.917+0000] {logging_mixin.py:190} INFO - [2026-05-23T16:52:02.917+0000] {dag.py:3239} INFO - Sync 1 DAGs
[2026-05-23T16:52:02.929+0000] {logging_mixin.py:190} INFO - [2026-05-23T16:52:02.929+0000] {dag.py:4180} INFO - Setting next_dagrun for tutorial_taskflow_api to None, run_after=None
[2026-05-23T16:52:02.944+0000] {processor.py:208} INFO - Processing /home/airflow/.local/lib/python3.12/site-packages/airflow/example_dags/tutorial_taskflow_api.py took 0.055 seconds
[2026-05-23T16:52:33.993+0000] {processor.py:186} INFO - Started process (PID=484) to work on /home/airflow/.local/lib/python3.12/site-packages/airflow/example_dags/tutorial_taskflow_api.py
[2026-05-23T16:52:33.993+0000] {processor.py:914} INFO - Processing file /home/airflow/.local/lib/python3.12/site-packages/airflow/example_dags/tutorial_taskflow_api.py for tasks to queue
[2026-05-23T16:52:33.995+0000] {logging_mixin.py:190} INFO - [2026-05-23T16:52:33.995+0000] {dagbag.py:588} INFO - Filling up the DagBag from /home/airflow/.local/lib/python3.12/site-packages/airflow/example_dags/tutorial_taskflow_api.py
[2026-05-23T16:52:34.001+0000] {processor.py:925} INFO - DAG(s) 'tutorial_taskflow_api' retrieved from /home/airflow/.local/lib/python3.12/site-packages/airflow/example_dags/tutorial_taskflow_api.py
[2026-05-23T16:52:34.020+0000] {logging_mixin.py:190} INFO - [2026-05-23T16:52:34.020+0000] {dag.py:3239} INFO - Sync 1 DAGs
[2026-05-23T16:52:34.036+0000] {logging_mixin.py:190} INFO - [2026-05-23T16:52:34.036+0000] {dag.py:4180} INFO - Setting next_dagrun for tutorial_taskflow_api to None, run_after=None
[2026-05-23T16:52:34.053+0000] {processor.py:208} INFO - Processing /home/airflow/.local/lib/python3.12/site-packages/airflow/example_dags/tutorial_taskflow_api.py took 0.065 seconds
[2026-05-23T16:53:05.268+0000] {processor.py:186} INFO - Started process (PID=549) to work on /home/airflow/.local/lib/python3.12/site-packages/airflow/example_dags/tutorial_taskflow_api.py
[2026-05-23T16:53:05.268+0000] {processor.py:914} INFO - Processing file /home/airflow/.local/lib/python3.12/site-packages/airflow/example_dags/tutorial_taskflow_api.py for tasks to queue
[2026-05-23T16:53:05.270+0000] {logging_mixin.py:190} INFO - [2026-05-23T16:53:05.270+0000] {dagbag.py:588} INFO - Filling up the DagBag from /home/airflow/.local/lib/python3.12/site-packages/airflow/example_dags/tutorial_taskflow_api.py
[2026-05-23T16:53:05.277+0000] {processor.py:925} INFO - DAG(s) 'tutorial_taskflow_api' retrieved from /home/airflow/.local/lib/python3.12/site-packages/airflow/example_dags/tutorial_taskflow_api.py
[2026-05-23T16:53:05.293+0000] {logging_mixin.py:190} INFO - [2026-05-23T16:53:05.293+0000] {dag.py:3239} INFO - Sync 1 DAGs
[2026-05-23T16:53:05.304+0000] {logging_mixin.py:190} INFO - [2026-05-23T16:53:05.304+0000] {dag.py:4180} INFO - Setting next_dagrun for tutorial_taskflow_api to None, run_after=None
[2026-05-23T16:53:05.321+0000] {processor.py:208} INFO - Processing /home/airflow/.local/lib/python3.12/site-packages/airflow/example_dags/tutorial_taskflow_api.py took 0.058 seconds
[2026-05-23T16:53:36.361+0000] {processor.py:186} INFO - Started process (PID=614) to work on /home/airflow/.local/lib/python3.12/site-packages/airflow/example_dags/tutorial_taskflow_api.py
[2026-05-23T16:53:36.362+0000] {processor.py:914} INFO - Processing file /home/airflow/.local/lib/python3.12/site-packages/airflow/example_dags/tutorial_taskflow_api.py for tasks to queue
[2026-05-23T16:53:36.363+0000] {logging_mixin.py:190} INFO - [2026-05-23T16:53:36.363+0000] {dagbag.py:588} INFO - Filling up the DagBag from /home/airflow/.local/lib/python3.12/site-packages/airflow/example_dags/tutorial_taskflow_api.py
[2026-05-23T16:53:36.371+0000] {processor.py:925} INFO - DAG(s) 'tutorial_taskflow_api' retrieved from /home/airflow/.local/lib/python3.12/site-packages/airflow/example_dags/tutorial_taskflow_api.py
[2026-05-23T16:53:36.385+0000] {logging_mixin.py:190} INFO - [2026-05-23T16:53:36.385+0000] {dag.py:3239} INFO - Sync 1 DAGs
[2026-05-23T16:53:36.398+0000] {logging_mixin.py:190} INFO - [2026-05-23T16:53:36.398+0000] {dag.py:4180} INFO - Setting next_dagrun for tutorial_taskflow_api to None, run_after=None
[2026-05-23T16:53:36.415+0000] {processor.py:208} INFO - Processing /home/airflow/.local/lib/python3.12/site-packages/airflow/example_dags/tutorial_taskflow_api.py took 0.058 seconds
[2026-05-23T16:54:07.577+0000] {processor.py:186} INFO - Started process (PID=679) to work on /home/airflow/.local/lib/python3.12/site-packages/airflow/example_dags/tutorial_taskflow_api.py
[2026-05-23T16:54:07.578+0000] {processor.py:914} INFO - Processing file /home/airflow/.local/lib/python3.12/site-packages/airflow/example_dags/tutorial_taskflow_api.py for tasks to queue
[2026-05-23T16:54:07.579+0000] {logging_mixin.py:190} INFO - [2026-05-23T16:54:07.579+0000] {dagbag.py:588} INFO - Filling up the DagBag from /home/airflow/.local/lib/python3.12/site-packages/airflow/example_dags/tutorial_taskflow_api.py
[2026-05-23T16:54:07.586+0000] {processor.py:925} INFO - DAG(s) 'tutorial_taskflow_api' retrieved from /home/airflow/.local/lib/python3.12/site-packages/airflow/example_dags/tutorial_taskflow_api.py
[2026-05-23T16:54:07.605+0000] {logging_mixin.py:190} INFO - [2026-05-23T16:54:07.604+0000] {dag.py:3239} INFO - Sync 1 DAGs
[2026-05-23T16:54:07.617+0000] {logging_mixin.py:190} INFO - [2026-05-23T16:54:07.616+0000] {dag.py:4180} INFO - Setting next_dagrun for tutorial_taskflow_api to None, run_after=None
[2026-05-23T16:54:07.631+0000] {processor.py:208} INFO - Processing /home/airflow/.local/lib/python3.12/site-packages/airflow/example_dags/tutorial_taskflow_api.py took 0.058 seconds
[2026-05-23T16:54:38.696+0000] {processor.py:186} INFO - Started process (PID=744) to work on /home/airflow/.local/lib/python3.12/site-packages/airflow/example_dags/tutorial_taskflow_api.py
[2026-05-23T16:54:38.697+0000] {processor.py:914} INFO - Processing file /home/airflow/.local/lib/python3.12/site-packages/airflow/example_dags/tutorial_taskflow_api.py for tasks to queue
[2026-05-23T16:54:38.699+0000] {logging_mixin.py:190} INFO - [2026-05-23T16:54:38.699+0000] {dagbag.py:588} INFO - Filling up the DagBag from /home/airflow/.local/lib/python3.12/site-packages/airflow/example_dags/tutorial_taskflow_api.py
[2026-05-23T16:54:38.705+0000] {processor.py:925} INFO - DAG(s) 'tutorial_taskflow_api' retrieved from /home/airflow/.local/lib/python3.12/site-packages/airflow/example_dags/tutorial_taskflow_api.py
[2026-05-23T16:54:38.721+0000] {logging_mixin.py:190} INFO - [2026-05-23T16:54:38.721+0000] {dag.py:3239} INFO - Sync 1 DAGs
[2026-05-23T16:54:38.733+0000] {logging_mixin.py:190} INFO - [2026-05-23T16:54:38.733+0000] {dag.py:4180} INFO - Setting next_dagrun for tutorial_taskflow_api to None, run_after=None
[2026-05-23T16:54:38.749+0000] {processor.py:208} INFO - Processing /home/airflow/.local/lib/python3.12/site-packages/airflow/example_dags/tutorial_taskflow_api.py took 0.058 seconds
[2026-05-23T16:55:09.890+0000] {processor.py:186} INFO - Started process (PID=809) to work on /home/airflow/.local/lib/python3.12/site-packages/airflow/example_dags/tutorial_taskflow_api.py
[2026-05-23T16:55:09.891+0000] {processor.py:914} INFO - Processing file /home/airflow/.local/lib/python3.12/site-packages/airflow/example_dags/tutorial_taskflow_api.py for tasks to queue
[2026-05-23T16:55:09.893+0000] {logging_mixin.py:190} INFO - [2026-05-23T16:55:09.892+0000] {dagbag.py:588} INFO - Filling up the DagBag from /home/airflow/.local/lib/python3.12/site-packages/airflow/example_dags/tutorial_taskflow_api.py
[2026-05-23T16:55:09.902+0000] {processor.py:925} INFO - DAG(s) 'tutorial_taskflow_api' retrieved from /home/airflow/.local/lib/python3.12/site-packages/airflow/example_dags/tutorial_taskflow_api.py
[2026-05-23T16:55:09.918+0000] {logging_mixin.py:190} INFO - [2026-05-23T16:55:09.918+0000] {dag.py:3239} INFO - Sync 1 DAGs
[2026-05-23T16:55:09.930+0000] {logging_mixin.py:190} INFO - [2026-05-23T16:55:09.930+0000] {dag.py:4180} INFO - Setting next_dagrun for tutorial_taskflow_api to None, run_after=None
[2026-05-23T16:55:09.944+0000] {processor.py:208} INFO - Processing /home/airflow/.local/lib/python3.12/site-packages/airflow/example_dags/tutorial_taskflow_api.py took 0.059 seconds
[2026-05-23T16:55:41.124+0000] {processor.py:186} INFO - Started process (PID=874) to work on /home/airflow/.local/lib/python3.12/site-packages/airflow/example_dags/tutorial_taskflow_api.py
[2026-05-23T16:55:41.124+0000] {processor.py:914} INFO - Processing file /home/airflow/.local/lib/python3.12/site-packages/airflow/example_dags/tutorial_taskflow_api.py for tasks to queue
[2026-05-23T16:55:41.126+0000] {logging_mixin.py:190} INFO - [2026-05-23T16:55:41.126+0000] {dagbag.py:588} INFO - Filling up the DagBag from /home/airflow/.local/lib/python3.12/site-packages/airflow/example_dags/tutorial_taskflow_api.py
[2026-05-23T16:55:41.134+0000] {processor.py:925} INFO - DAG(s) 'tutorial_taskflow_api' retrieved from /home/airflow/.local/lib/python3.12/site-packages/airflow/example_dags/tutorial_taskflow_api.py
[2026-05-23T16:55:41.149+0000] {logging_mixin.py:190} INFO - [2026-05-23T16:55:41.149+0000] {dag.py:3239} INFO - Sync 1 DAGs
[2026-05-23T16:55:41.162+0000] {logging_mixin.py:190} INFO - [2026-05-23T16:55:41.162+0000] {dag.py:4180} INFO - Setting next_dagrun for tutorial_taskflow_api to None, run_after=None
[2026-05-23T16:55:41.179+0000] {processor.py:208} INFO - Processing /home/airflow/.local/lib/python3.12/site-packages/airflow/example_dags/tutorial_taskflow_api.py took 0.059 seconds
[2026-05-23T16:56:12.235+0000] {processor.py:186} INFO - Started process (PID=939) to work on /home/airflow/.local/lib/python3.12/site-packages/airflow/example_dags/tutorial_taskflow_api.py
[2026-05-23T16:56:12.236+0000] {processor.py:914} INFO - Processing file /home/airflow/.local/lib/python3.12/site-packages/airflow/example_dags/tutorial_taskflow_api.py for tasks to queue
[2026-05-23T16:56:12.238+0000] {logging_mixin.py:190} INFO - [2026-05-23T16:56:12.238+0000] {dagbag.py:588} INFO - Filling up the DagBag from /home/airflow/.local/lib/python3.12/site-packages/airflow/example_dags/tutorial_taskflow_api.py
[2026-05-23T16:56:12.247+0000] {processor.py:925} INFO - DAG(s) 'tutorial_taskflow_api' retrieved from /home/airflow/.local/lib/python3.12/site-packages/airflow/example_dags/tutorial_taskflow_api.py
[2026-05-23T16:56:12.266+0000] {logging_mixin.py:190} INFO - [2026-05-23T16:56:12.266+0000] {dag.py:3239} INFO - Sync 1 DAGs
[2026-05-23T16:56:12.280+0000] {logging_mixin.py:190} INFO - [2026-05-23T16:56:12.280+0000] {dag.py:4180} INFO - Setting next_dagrun for tutorial_taskflow_api to None, run_after=None
[2026-05-23T16:56:12.294+0000] {processor.py:208} INFO - Processing /home/airflow/.local/lib/python3.12/site-packages/airflow/example_dags/tutorial_taskflow_api.py took 0.066 seconds
[2026-05-23T16:56:43.575+0000] {processor.py:186} INFO - Started process (PID=1004) to work on /home/airflow/.local/lib/python3.12/site-packages/airflow/example_dags/tutorial_taskflow_api.py
[2026-05-23T16:56:43.576+0000] {processor.py:914} INFO - Processing file /home/airflow/.local/lib/python3.12/site-packages/airflow/example_dags/tutorial_taskflow_api.py for tasks to queue
[2026-05-23T16:56:43.578+0000] {logging_mixin.py:190} INFO - [2026-05-23T16:56:43.578+0000] {dagbag.py:588} INFO - Filling up the DagBag from /home/airflow/.local/lib/python3.12/site-packages/airflow/example_dags/tutorial_taskflow_api.py
[2026-05-23T16:56:43.585+0000] {processor.py:925} INFO - DAG(s) 'tutorial_taskflow_api' retrieved from /home/airflow/.local/lib/python3.12/site-packages/airflow/example_dags/tutorial_taskflow_api.py
[2026-05-23T16:56:43.599+0000] {logging_mixin.py:190} INFO - [2026-05-23T16:56:43.599+0000] {dag.py:3239} INFO - Sync 1 DAGs
[2026-05-23T16:56:43.610+0000] {logging_mixin.py:190} INFO - [2026-05-23T16:56:43.610+0000] {dag.py:4180} INFO - Setting next_dagrun for tutorial_taskflow_api to None, run_after=None
[2026-05-23T16:56:43.623+0000] {processor.py:208} INFO - Processing /home/airflow/.local/lib/python3.12/site-packages/airflow/example_dags/tutorial_taskflow_api.py took 0.054 seconds
[2026-05-23T16:57:14.712+0000] {processor.py:186} INFO - Started process (PID=1069) to work on /home/airflow/.local/lib/python3.12/site-packages/airflow/example_dags/tutorial_taskflow_api.py
[2026-05-23T16:57:14.712+0000] {processor.py:914} INFO - Processing file /home/airflow/.local/lib/python3.12/site-packages/airflow/example_dags/tutorial_taskflow_api.py for tasks to queue
[2026-05-23T16:57:14.715+0000] {logging_mixin.py:190} INFO - [2026-05-23T16:57:14.715+0000] {dagbag.py:588} INFO - Filling up the DagBag from /home/airflow/.local/lib/python3.12/site-packages/airflow/example_dags/tutorial_taskflow_api.py
[2026-05-23T16:57:14.722+0000] {processor.py:925} INFO - DAG(s) 'tutorial_taskflow_api' retrieved from /home/airflow/.local/lib/python3.12/site-packages/airflow/example_dags/tutorial_taskflow_api.py
[2026-05-23T16:57:14.737+0000] {logging_mixin.py:190} INFO - [2026-05-23T16:57:14.737+0000] {dag.py:3239} INFO - Sync 1 DAGs
[2026-05-23T16:57:14.749+0000] {logging_mixin.py:190} INFO - [2026-05-23T16:57:14.749+0000] {dag.py:4180} INFO - Setting next_dagrun for tutorial_taskflow_api to None, run_after=None
[2026-05-23T16:57:14.762+0000] {processor.py:208} INFO - Processing /home/airflow/.local/lib/python3.12/site-packages/airflow/example_dags/tutorial_taskflow_api.py took 0.057 seconds
[2026-05-23T16:57:46.073+0000] {processor.py:186} INFO - Started process (PID=1134) to work on /home/airflow/.local/lib/python3.12/site-packages/airflow/example_dags/tutorial_taskflow_api.py
[2026-05-23T16:57:46.073+0000] {processor.py:914} INFO - Processing file /home/airflow/.local/lib/python3.12/site-packages/airflow/example_dags/tutorial_taskflow_api.py for tasks to queue
[2026-05-23T16:57:46.075+0000] {logging_mixin.py:190} INFO - [2026-05-23T16:57:46.075+0000] {dagbag.py:588} INFO - Filling up the DagBag from /home/airflow/.local/lib/python3.12/site-packages/airflow/example_dags/tutorial_taskflow_api.py
[2026-05-23T16:57:46.081+0000] {processor.py:925} INFO - DAG(s) 'tutorial_taskflow_api' retrieved from /home/airflow/.local/lib/python3.12/site-packages/airflow/example_dags/tutorial_taskflow_api.py
[2026-05-23T16:57:46.096+0000] {logging_mixin.py:190} INFO - [2026-05-23T16:57:46.096+0000] {dag.py:3239} INFO - Sync 1 DAGs
[2026-05-23T16:57:46.107+0000] {logging_mixin.py:190} INFO - [2026-05-23T16:57:46.107+0000] {dag.py:4180} INFO - Setting next_dagrun for tutorial_taskflow_api to None, run_after=None
[2026-05-23T16:57:46.122+0000] {processor.py:208} INFO - Processing /home/airflow/.local/lib/python3.12/site-packages/airflow/example_dags/tutorial_taskflow_api.py took 0.054 seconds
[2026-05-23T16:58:17.560+0000] {processor.py:186} INFO - Started process (PID=1199) to work on /home/airflow/.local/lib/python3.12/site-packages/airflow/example_dags/tutorial_taskflow_api.py
[2026-05-23T16:58:17.560+0000] {processor.py:914} INFO - Processing file /home/airflow/.local/lib/python3.12/site-packages/airflow/example_dags/tutorial_taskflow_api.py for tasks to queue
[2026-05-23T16:58:17.562+0000] {logging_mixin.py:190} INFO - [2026-05-23T16:58:17.562+0000] {dagbag.py:588} INFO - Filling up the DagBag from /home/airflow/.local/lib/python3.12/site-packages/airflow/example_dags/tutorial_taskflow_api.py
[2026-05-23T16:58:17.569+0000] {processor.py:925} INFO - DAG(s) 'tutorial_taskflow_api' retrieved from /home/airflow/.local/lib/python3.12/site-packages/airflow/example_dags/tutorial_taskflow_api.py
[2026-05-23T16:58:17.584+0000] {logging_mixin.py:190} INFO - [2026-05-23T16:58:17.584+0000] {dag.py:3239} INFO - Sync 1 DAGs
[2026-05-23T16:58:17.596+0000] {logging_mixin.py:190} INFO - [2026-05-23T16:58:17.596+0000] {dag.py:4180} INFO - Setting next_dagrun for tutorial_taskflow_api to None, run_after=None
[2026-05-23T16:58:17.611+0000] {processor.py:208} INFO - Processing /home/airflow/.local/lib/python3.12/site-packages/airflow/example_dags/tutorial_taskflow_api.py took 0.056 seconds
[2026-05-23T16:58:48.616+0000] {processor.py:186} INFO - Started process (PID=1264) to work on /home/airflow/.local/lib/python3.12/site-packages/airflow/example_dags/tutorial_taskflow_api.py
[2026-05-23T16:58:48.616+0000] {processor.py:914} INFO - Processing file /home/airflow/.local/lib/python3.12/site-packages/airflow/example_dags/tutorial_taskflow_api.py for tasks to queue
[2026-05-23T16:58:48.618+0000] {logging_mixin.py:190} INFO - [2026-05-23T16:58:48.618+0000] {dagbag.py:588} INFO - Filling up the DagBag from /home/airflow/.local/lib/python3.12/site-packages/airflow/example_dags/tutorial_taskflow_api.py
[2026-05-23T16:58:48.624+0000] {processor.py:925} INFO - DAG(s) 'tutorial_taskflow_api' retrieved from /home/airflow/.local/lib/python3.12/site-packages/airflow/example_dags/tutorial_taskflow_api.py
[2026-05-23T16:58:48.639+0000] {logging_mixin.py:190} INFO - [2026-05-23T16:58:48.639+0000] {dag.py:3239} INFO - Sync 1 DAGs
[2026-05-23T16:58:48.650+0000] {logging_mixin.py:190} INFO - [2026-05-23T16:58:48.650+0000] {dag.py:4180} INFO - Setting next_dagrun for tutorial_taskflow_api to None, run_after=None
[2026-05-23T16:58:48.663+0000] {processor.py:208} INFO - Processing /home/airflow/.local/lib/python3.12/site-packages/airflow/example_dags/tutorial_taskflow_api.py took 0.051 seconds
[2026-05-23T16:59:19.991+0000] {processor.py:186} INFO - Started process (PID=1329) to work on /home/airflow/.local/lib/python3.12/site-packages/airflow/example_dags/tutorial_taskflow_api.py
[2026-05-23T16:59:19.992+0000] {processor.py:914} INFO - Processing file /home/airflow/.local/lib/python3.12/site-packages/airflow/example_dags/tutorial_taskflow_api.py for tasks to queue
[2026-05-23T16:59:19.994+0000] {logging_mixin.py:190} INFO - [2026-05-23T16:59:19.993+0000] {dagbag.py:588} INFO - Filling up the DagBag from /home/airflow/.local/lib/python3.12/site-packages/airflow/example_dags/tutorial_taskflow_api.py
[2026-05-23T16:59:20.000+0000] {processor.py:925} INFO - DAG(s) 'tutorial_taskflow_api' retrieved from /home/airflow/.local/lib/python3.12/site-packages/airflow/example_dags/tutorial_taskflow_api.py
[2026-05-23T16:59:20.014+0000] {logging_mixin.py:190} INFO - [2026-05-23T16:59:20.014+0000] {dag.py:3239} INFO - Sync 1 DAGs
[2026-05-23T16:59:20.030+0000] {logging_mixin.py:190} INFO - [2026-05-23T16:59:20.030+0000] {dag.py:4180} INFO - Setting next_dagrun for tutorial_taskflow_api to None, run_after=None
[2026-05-23T16:59:20.047+0000] {processor.py:208} INFO - Processing /home/airflow/.local/lib/python3.12/site-packages/airflow/example_dags/tutorial_taskflow_api.py took 0.062 seconds
[2026-05-23T16:59:50.962+0000] {processor.py:186} INFO - Started process (PID=1395) to work on /home/airflow/.local/lib/python3.12/site-packages/airflow/example_dags/tutorial_taskflow_api.py
[2026-05-23T16:59:50.963+0000] {processor.py:914} INFO - Processing file /home/airflow/.local/lib/python3.12/site-packages/airflow/example_dags/tutorial_taskflow_api.py for tasks to queue
[2026-05-23T16:59:50.965+0000] {logging_mixin.py:190} INFO - [2026-05-23T16:59:50.964+0000] {dagbag.py:588} INFO - Filling up the DagBag from /home/airflow/.local/lib/python3.12/site-packages/airflow/example_dags/tutorial_taskflow_api.py
[2026-05-23T16:59:50.971+0000] {processor.py:925} INFO - DAG(s) 'tutorial_taskflow_api' retrieved from /home/airflow/.local/lib/python3.12/site-packages/airflow/example_dags/tutorial_taskflow_api.py
[2026-05-23T16:59:50.991+0000] {logging_mixin.py:190} INFO - [2026-05-23T16:59:50.991+0000] {dag.py:3239} INFO - Sync 1 DAGs
[2026-05-23T16:59:51.011+0000] {logging_mixin.py:190} INFO - [2026-05-23T16:59:51.010+0000] {dag.py:4180} INFO - Setting next_dagrun for tutorial_taskflow_api to None, run_after=None
[2026-05-23T16:59:51.029+0000] {processor.py:208} INFO - Processing /home/airflow/.local/lib/python3.12/site-packages/airflow/example_dags/tutorial_taskflow_api.py took 0.072 seconds
[2026-05-23T17:00:21.547+0000] {processor.py:186} INFO - Started process (PID=1460) to work on /home/airflow/.local/lib/python3.12/site-packages/airflow/example_dags/tutorial_taskflow_api.py
[2026-05-23T17:00:21.548+0000] {processor.py:914} INFO - Processing file /home/airflow/.local/lib/python3.12/site-packages/airflow/example_dags/tutorial_taskflow_api.py for tasks to queue
[2026-05-23T17:00:21.550+0000] {logging_mixin.py:190} INFO - [2026-05-23T17:00:21.549+0000] {dagbag.py:588} INFO - Filling up the DagBag from /home/airflow/.local/lib/python3.12/site-packages/airflow/example_dags/tutorial_taskflow_api.py
[2026-05-23T17:00:21.558+0000] {processor.py:925} INFO - DAG(s) 'tutorial_taskflow_api' retrieved from /home/airflow/.local/lib/python3.12/site-packages/airflow/example_dags/tutorial_taskflow_api.py
[2026-05-23T17:00:21.574+0000] {logging_mixin.py:190} INFO - [2026-05-23T17:00:21.574+0000] {dag.py:3239} INFO - Sync 1 DAGs
[2026-05-23T17:00:21.589+0000] {logging_mixin.py:190} INFO - [2026-05-23T17:00:21.589+0000] {dag.py:4180} INFO - Setting next_dagrun for tutorial_taskflow_api to None, run_after=None
[2026-05-23T17:00:21.605+0000] {processor.py:208} INFO - Processing /home/airflow/.local/lib/python3.12/site-packages/airflow/example_dags/tutorial_taskflow_api.py took 0.063 seconds
[2026-05-23T17:00:52.651+0000] {processor.py:186} INFO - Started process (PID=1525) to work on /home/airflow/.local/lib/python3.12/site-packages/airflow/example_dags/tutorial_taskflow_api.py
[2026-05-23T17:00:52.651+0000] {processor.py:914} INFO - Processing file /home/airflow/.local/lib/python3.12/site-packages/airflow/example_dags/tutorial_taskflow_api.py for tasks to queue
[2026-05-23T17:00:52.653+0000] {logging_mixin.py:190} INFO - [2026-05-23T17:00:52.653+0000] {dagbag.py:588} INFO - Filling up the DagBag from /home/airflow/.local/lib/python3.12/site-packages/airflow/example_dags/tutorial_taskflow_api.py
[2026-05-23T17:00:52.659+0000] {processor.py:925} INFO - DAG(s) 'tutorial_taskflow_api' retrieved from /home/airflow/.local/lib/python3.12/site-packages/airflow/example_dags/tutorial_taskflow_api.py
[2026-05-23T17:00:52.677+0000] {logging_mixin.py:190} INFO - [2026-05-23T17:00:52.676+0000] {dag.py:3239} INFO - Sync 1 DAGs
[2026-05-23T17:00:52.693+0000] {logging_mixin.py:190} INFO - [2026-05-23T17:00:52.692+0000] {dag.py:4180} INFO - Setting next_dagrun for tutorial_taskflow_api to None, run_after=None
[2026-05-23T17:00:52.710+0000] {processor.py:208} INFO - Processing /home/airflow/.local/lib/python3.12/site-packages/airflow/example_dags/tutorial_taskflow_api.py took 0.064 seconds
[2026-05-23T17:01:23.698+0000] {processor.py:186} INFO - Started process (PID=1590) to work on /home/airflow/.local/lib/python3.12/site-packages/airflow/example_dags/tutorial_taskflow_api.py
[2026-05-23T17:01:23.698+0000] {processor.py:914} INFO - Processing file /home/airflow/.local/lib/python3.12/site-packages/airflow/example_dags/tutorial_taskflow_api.py for tasks to queue
[2026-05-23T17:01:23.700+0000] {logging_mixin.py:190} INFO - [2026-05-23T17:01:23.700+0000] {dagbag.py:588} INFO - Filling up the DagBag from /home/airflow/.local/lib/python3.12/site-packages/airflow/example_dags/tutorial_taskflow_api.py
[2026-05-23T17:01:23.708+0000] {processor.py:925} INFO - DAG(s) 'tutorial_taskflow_api' retrieved from /home/airflow/.local/lib/python3.12/site-packages/airflow/example_dags/tutorial_taskflow_api.py
[2026-05-23T17:01:23.724+0000] {logging_mixin.py:190} INFO - [2026-05-23T17:01:23.724+0000] {dag.py:3239} INFO - Sync 1 DAGs
[2026-05-23T17:01:23.736+0000] {logging_mixin.py:190} INFO - [2026-05-23T17:01:23.736+0000] {dag.py:4180} INFO - Setting next_dagrun for tutorial_taskflow_api to None, run_after=None
[2026-05-23T17:01:23.752+0000] {processor.py:208} INFO - Processing /home/airflow/.local/lib/python3.12/site-packages/airflow/example_dags/tutorial_taskflow_api.py took 0.059 seconds
[2026-05-23T17:01:54.936+0000] {processor.py:186} INFO - Started process (PID=1655) to work on /home/airflow/.local/lib/python3.12/site-packages/airflow/example_dags/tutorial_taskflow_api.py
[2026-05-23T17:01:54.937+0000] {processor.py:914} INFO - Processing file /home/airflow/.local/lib/python3.12/site-packages/airflow/example_dags/tutorial_taskflow_api.py for tasks to queue
[2026-05-23T17:01:54.938+0000] {logging_mixin.py:190} INFO - [2026-05-23T17:01:54.938+0000] {dagbag.py:588} INFO - Filling up the DagBag from /home/airflow/.local/lib/python3.12/site-packages/airflow/example_dags/tutorial_taskflow_api.py
[2026-05-23T17:01:54.946+0000] {processor.py:925} INFO - DAG(s) 'tutorial_taskflow_api' retrieved from /home/airflow/.local/lib/python3.12/site-packages/airflow/example_dags/tutorial_taskflow_api.py
[2026-05-23T17:01:54.962+0000] {logging_mixin.py:190} INFO - [2026-05-23T17:01:54.962+0000] {dag.py:3239} INFO - Sync 1 DAGs
[2026-05-23T17:01:54.974+0000] {logging_mixin.py:190} INFO - [2026-05-23T17:01:54.974+0000] {dag.py:4180} INFO - Setting next_dagrun for tutorial_taskflow_api to None, run_after=None
[2026-05-23T17:01:54.988+0000] {processor.py:208} INFO - Processing /home/airflow/.local/lib/python3.12/site-packages/airflow/example_dags/tutorial_taskflow_api.py took 0.056 seconds
[2026-05-23T17:02:25.705+0000] {processor.py:186} INFO - Started process (PID=1720) to work on /home/airflow/.local/lib/python3.12/site-packages/airflow/example_dags/tutorial_taskflow_api.py
[2026-05-23T17:02:25.705+0000] {processor.py:914} INFO - Processing file /home/airflow/.local/lib/python3.12/site-packages/airflow/example_dags/tutorial_taskflow_api.py for tasks to queue
[2026-05-23T17:02:25.707+0000] {logging_mixin.py:190} INFO - [2026-05-23T17:02:25.707+0000] {dagbag.py:588} INFO - Filling up the DagBag from /home/airflow/.local/lib/python3.12/site-packages/airflow/example_dags/tutorial_taskflow_api.py
[2026-05-23T17:02:25.713+0000] {processor.py:925} INFO - DAG(s) 'tutorial_taskflow_api' retrieved from /home/airflow/.local/lib/python3.12/site-packages/airflow/example_dags/tutorial_taskflow_api.py
[2026-05-23T17:02:25.729+0000] {logging_mixin.py:190} INFO - [2026-05-23T17:02:25.729+0000] {dag.py:3239} INFO - Sync 1 DAGs
[2026-05-23T17:02:25.742+0000] {logging_mixin.py:190} INFO - [2026-05-23T17:02:25.742+0000] {dag.py:4180} INFO - Setting next_dagrun for tutorial_taskflow_api to None, run_after=None
[2026-05-23T17:02:25.755+0000] {processor.py:208} INFO - Processing /home/airflow/.local/lib/python3.12/site-packages/airflow/example_dags/tutorial_taskflow_api.py took 0.055 seconds
[2026-05-23T17:02:56.338+0000] {processor.py:186} INFO - Started process (PID=1785) to work on /home/airflow/.local/lib/python3.12/site-packages/airflow/example_dags/tutorial_taskflow_api.py
[2026-05-23T17:02:56.338+0000] {processor.py:914} INFO - Processing file /home/airflow/.local/lib/python3.12/site-packages/airflow/example_dags/tutorial_taskflow_api.py for tasks to queue
[2026-05-23T17:02:56.340+0000] {logging_mixin.py:190} INFO - [2026-05-23T17:02:56.340+0000] {dagbag.py:588} INFO - Filling up the DagBag from /home/airflow/.local/lib/python3.12/site-packages/airflow/example_dags/tutorial_taskflow_api.py
[2026-05-23T17:02:56.346+0000] {processor.py:925} INFO - DAG(s) 'tutorial_taskflow_api' retrieved from /home/airflow/.local/lib/python3.12/site-packages/airflow/example_dags/tutorial_taskflow_api.py
[2026-05-23T17:02:56.360+0000] {logging_mixin.py:190} INFO - [2026-05-23T17:02:56.360+0000] {dag.py:3239} INFO - Sync 1 DAGs
[2026-05-23T17:02:56.371+0000] {logging_mixin.py:190} INFO - [2026-05-23T17:02:56.371+0000] {dag.py:4180} INFO - Setting next_dagrun for tutorial_taskflow_api to None, run_after=None
[2026-05-23T17:02:56.383+0000] {processor.py:208} INFO - Processing /home/airflow/.local/lib/python3.12/site-packages/airflow/example_dags/tutorial_taskflow_api.py took 0.050 seconds
[2026-05-23T17:03:27.529+0000] {processor.py:186} INFO - Started process (PID=1851) to work on /home/airflow/.local/lib/python3.12/site-packages/airflow/example_dags/tutorial_taskflow_api.py
[2026-05-23T17:03:27.529+0000] {processor.py:914} INFO - Processing file /home/airflow/.local/lib/python3.12/site-packages/airflow/example_dags/tutorial_taskflow_api.py for tasks to queue
[2026-05-23T17:03:27.532+0000] {logging_mixin.py:190} INFO - [2026-05-23T17:03:27.531+0000] {dagbag.py:588} INFO - Filling up the DagBag from /home/airflow/.local/lib/python3.12/site-packages/airflow/example_dags/tutorial_taskflow_api.py
[2026-05-23T17:03:27.539+0000] {processor.py:925} INFO - DAG(s) 'tutorial_taskflow_api' retrieved from /home/airflow/.local/lib/python3.12/site-packages/airflow/example_dags/tutorial_taskflow_api.py
[2026-05-23T17:03:27.554+0000] {logging_mixin.py:190} INFO - [2026-05-23T17:03:27.554+0000] {dag.py:3239} INFO - Sync 1 DAGs
[2026-05-23T17:03:27.566+0000] {logging_mixin.py:190} INFO - [2026-05-23T17:03:27.566+0000] {dag.py:4180} INFO - Setting next_dagrun for tutorial_taskflow_api to None, run_after=None
[2026-05-23T17:03:27.579+0000] {processor.py:208} INFO - Processing /home/airflow/.local/lib/python3.12/site-packages/airflow/example_dags/tutorial_taskflow_api.py took 0.057 seconds
[2026-05-23T17:03:58.115+0000] {processor.py:186} INFO - Started process (PID=1916) to work on /home/airflow/.local/lib/python3.12/site-packages/airflow/example_dags/tutorial_taskflow_api.py
[2026-05-23T17:03:58.116+0000] {processor.py:914} INFO - Processing file /home/airflow/.local/lib/python3.12/site-packages/airflow/example_dags/tutorial_taskflow_api.py for tasks to queue
[2026-05-23T17:03:58.117+0000] {logging_mixin.py:190} INFO - [2026-05-23T17:03:58.117+0000] {dagbag.py:588} INFO - Filling up the DagBag from /home/airflow/.local/lib/python3.12/site-packages/airflow/example_dags/tutorial_taskflow_api.py
[2026-05-23T17:03:58.124+0000] {processor.py:925} INFO - DAG(s) 'tutorial_taskflow_api' retrieved from /home/airflow/.local/lib/python3.12/site-packages/airflow/example_dags/tutorial_taskflow_api.py
[2026-05-23T17:03:58.139+0000] {logging_mixin.py:190} INFO - [2026-05-23T17:03:58.139+0000] {dag.py:3239} INFO - Sync 1 DAGs
[2026-05-23T17:03:58.155+0000] {logging_mixin.py:190} INFO - [2026-05-23T17:03:58.155+0000] {dag.py:4180} INFO - Setting next_dagrun for tutorial_taskflow_api to None, run_after=None
[2026-05-23T17:03:58.171+0000] {processor.py:208} INFO - Processing /home/airflow/.local/lib/python3.12/site-packages/airflow/example_dags/tutorial_taskflow_api.py took 0.060 seconds
[2026-05-23T17:04:29.396+0000] {processor.py:186} INFO - Started process (PID=1987) to work on /home/airflow/.local/lib/python3.12/site-packages/airflow/example_dags/tutorial_taskflow_api.py
[2026-05-23T17:04:29.396+0000] {processor.py:914} INFO - Processing file /home/airflow/.local/lib/python3.12/site-packages/airflow/example_dags/tutorial_taskflow_api.py for tasks to queue
[2026-05-23T17:04:29.398+0000] {logging_mixin.py:190} INFO - [2026-05-23T17:04:29.398+0000] {dagbag.py:588} INFO - Filling up the DagBag from /home/airflow/.local/lib/python3.12/site-packages/airflow/example_dags/tutorial_taskflow_api.py
[2026-05-23T17:04:29.406+0000] {processor.py:925} INFO - DAG(s) 'tutorial_taskflow_api' retrieved from /home/airflow/.local/lib/python3.12/site-packages/airflow/example_dags/tutorial_taskflow_api.py
[2026-05-23T17:04:29.424+0000] {logging_mixin.py:190} INFO - [2026-05-23T17:04:29.424+0000] {dag.py:3239} INFO - Sync 1 DAGs
[2026-05-23T17:04:29.438+0000] {logging_mixin.py:190} INFO - [2026-05-23T17:04:29.438+0000] {dag.py:4180} INFO - Setting next_dagrun for tutorial_taskflow_api to None, run_after=None
[2026-05-23T17:04:29.452+0000] {processor.py:208} INFO - Processing /home/airflow/.local/lib/python3.12/site-packages/airflow/example_dags/tutorial_taskflow_api.py took 0.061 seconds
[2026-05-23T17:05:00.727+0000] {processor.py:186} INFO - Started process (PID=2052) to work on /home/airflow/.local/lib/python3.12/site-packages/airflow/example_dags/tutorial_taskflow_api.py
[2026-05-23T17:05:00.728+0000] {processor.py:914} INFO - Processing file /home/airflow/.local/lib/python3.12/site-packages/airflow/example_dags/tutorial_taskflow_api.py for tasks to queue
[2026-05-23T17:05:00.729+0000] {logging_mixin.py:190} INFO - [2026-05-23T17:05:00.729+0000] {dagbag.py:588} INFO - Filling up the DagBag from /home/airflow/.local/lib/python3.12/site-packages/airflow/example_dags/tutorial_taskflow_api.py
[2026-05-23T17:05:00.736+0000] {processor.py:925} INFO - DAG(s) 'tutorial_taskflow_api' retrieved from /home/airflow/.local/lib/python3.12/site-packages/airflow/example_dags/tutorial_taskflow_api.py
[2026-05-23T17:05:00.753+0000] {logging_mixin.py:190} INFO - [2026-05-23T17:05:00.752+0000] {dag.py:3239} INFO - Sync 1 DAGs
[2026-05-23T17:05:00.767+0000] {logging_mixin.py:190} INFO - [2026-05-23T17:05:00.767+0000] {dag.py:4180} INFO - Setting next_dagrun for tutorial_taskflow_api to None, run_after=None
[2026-05-23T17:05:00.781+0000] {processor.py:208} INFO - Processing /home/airflow/.local/lib/python3.12/site-packages/airflow/example_dags/tutorial_taskflow_api.py took 0.058 seconds
[2026-05-23T17:05:32.071+0000] {processor.py:186} INFO - Started process (PID=2117) to work on /home/airflow/.local/lib/python3.12/site-packages/airflow/example_dags/tutorial_taskflow_api.py
[2026-05-23T17:05:32.072+0000] {processor.py:914} INFO - Processing file /home/airflow/.local/lib/python3.12/site-packages/airflow/example_dags/tutorial_taskflow_api.py for tasks to queue
[2026-05-23T17:05:32.074+0000] {logging_mixin.py:190} INFO - [2026-05-23T17:05:32.074+0000] {dagbag.py:588} INFO - Filling up the DagBag from /home/airflow/.local/lib/python3.12/site-packages/airflow/example_dags/tutorial_taskflow_api.py
[2026-05-23T17:05:32.081+0000] {processor.py:925} INFO - DAG(s) 'tutorial_taskflow_api' retrieved from /home/airflow/.local/lib/python3.12/site-packages/airflow/example_dags/tutorial_taskflow_api.py
[2026-05-23T17:05:32.098+0000] {logging_mixin.py:190} INFO - [2026-05-23T17:05:32.098+0000] {dag.py:3239} INFO - Sync 1 DAGs
[2026-05-23T17:05:32.113+0000] {logging_mixin.py:190} INFO - [2026-05-23T17:05:32.112+0000] {dag.py:4180} INFO - Setting next_dagrun for tutorial_taskflow_api to None, run_after=None
[2026-05-23T17:05:32.130+0000] {processor.py:208} INFO - Processing /home/airflow/.local/lib/python3.12/site-packages/airflow/example_dags/tutorial_taskflow_api.py took 0.064 seconds
[2026-05-23T17:06:03.265+0000] {processor.py:186} INFO - Started process (PID=2183) to work on /home/airflow/.local/lib/python3.12/site-packages/airflow/example_dags/tutorial_taskflow_api.py
[2026-05-23T17:06:03.265+0000] {processor.py:914} INFO - Processing file /home/airflow/.local/lib/python3.12/site-packages/airflow/example_dags/tutorial_taskflow_api.py for tasks to queue
[2026-05-23T17:06:03.267+0000] {logging_mixin.py:190} INFO - [2026-05-23T17:06:03.267+0000] {dagbag.py:588} INFO - Filling up the DagBag from /home/airflow/.local/lib/python3.12/site-packages/airflow/example_dags/tutorial_taskflow_api.py
[2026-05-23T17:06:03.275+0000] {processor.py:925} INFO - DAG(s) 'tutorial_taskflow_api' retrieved from /home/airflow/.local/lib/python3.12/site-packages/airflow/example_dags/tutorial_taskflow_api.py
[2026-05-23T17:06:03.290+0000] {logging_mixin.py:190} INFO - [2026-05-23T17:06:03.290+0000] {dag.py:3239} INFO - Sync 1 DAGs
[2026-05-23T17:06:03.302+0000] {logging_mixin.py:190} INFO - [2026-05-23T17:06:03.301+0000] {dag.py:4180} INFO - Setting next_dagrun for tutorial_taskflow_api to None, run_after=None
[2026-05-23T17:06:03.317+0000] {processor.py:208} INFO - Processing /home/airflow/.local/lib/python3.12/site-packages/airflow/example_dags/tutorial_taskflow_api.py took 0.057 seconds
[2026-05-23T17:06:34.398+0000] {processor.py:186} INFO - Started process (PID=2248) to work on /home/airflow/.local/lib/python3.12/site-packages/airflow/example_dags/tutorial_taskflow_api.py
[2026-05-23T17:06:34.399+0000] {processor.py:914} INFO - Processing file /home/airflow/.local/lib/python3.12/site-packages/airflow/example_dags/tutorial_taskflow_api.py for tasks to queue
[2026-05-23T17:06:34.400+0000] {logging_mixin.py:190} INFO - [2026-05-23T17:06:34.400+0000] {dagbag.py:588} INFO - Filling up the DagBag from /home/airflow/.local/lib/python3.12/site-packages/airflow/example_dags/tutorial_taskflow_api.py
[2026-05-23T17:06:34.407+0000] {processor.py:925} INFO - DAG(s) 'tutorial_taskflow_api' retrieved from /home/airflow/.local/lib/python3.12/site-packages/airflow/example_dags/tutorial_taskflow_api.py
[2026-05-23T17:06:34.421+0000] {logging_mixin.py:190} INFO - [2026-05-23T17:06:34.421+0000] {dag.py:3239} INFO - Sync 1 DAGs
[2026-05-23T17:06:34.432+0000] {logging_mixin.py:190} INFO - [2026-05-23T17:06:34.432+0000] {dag.py:4180} INFO - Setting next_dagrun for tutorial_taskflow_api to None, run_after=None
[2026-05-23T17:06:34.445+0000] {processor.py:208} INFO - Processing /home/airflow/.local/lib/python3.12/site-packages/airflow/example_dags/tutorial_taskflow_api.py took 0.051 seconds
[2026-05-23T17:07:05.623+0000] {processor.py:186} INFO - Started process (PID=2313) to work on /home/airflow/.local/lib/python3.12/site-packages/airflow/example_dags/tutorial_taskflow_api.py
[2026-05-23T17:07:05.624+0000] {processor.py:914} INFO - Processing file /home/airflow/.local/lib/python3.12/site-packages/airflow/example_dags/tutorial_taskflow_api.py for tasks to queue
[2026-05-23T17:07:05.625+0000] {logging_mixin.py:190} INFO - [2026-05-23T17:07:05.625+0000] {dagbag.py:588} INFO - Filling up the DagBag from /home/airflow/.local/lib/python3.12/site-packages/airflow/example_dags/tutorial_taskflow_api.py
[2026-05-23T17:07:05.632+0000] {processor.py:925} INFO - DAG(s) 'tutorial_taskflow_api' retrieved from /home/airflow/.local/lib/python3.12/site-packages/airflow/example_dags/tutorial_taskflow_api.py
[2026-05-23T17:07:05.646+0000] {logging_mixin.py:190} INFO - [2026-05-23T17:07:05.646+0000] {dag.py:3239} INFO - Sync 1 DAGs
[2026-05-23T17:07:05.661+0000] {logging_mixin.py:190} INFO - [2026-05-23T17:07:05.661+0000] {dag.py:4180} INFO - Setting next_dagrun for tutorial_taskflow_api to None, run_after=None
[2026-05-23T17:07:05.676+0000] {processor.py:208} INFO - Processing /home/airflow/.local/lib/python3.12/site-packages/airflow/example_dags/tutorial_taskflow_api.py took 0.058 seconds
[2026-05-23T17:07:37.086+0000] {processor.py:186} INFO - Started process (PID=2378) to work on /home/airflow/.local/lib/python3.12/site-packages/airflow/example_dags/tutorial_taskflow_api.py
[2026-05-23T17:07:37.086+0000] {processor.py:914} INFO - Processing file /home/airflow/.local/lib/python3.12/site-packages/airflow/example_dags/tutorial_taskflow_api.py for tasks to queue
[2026-05-23T17:07:37.089+0000] {logging_mixin.py:190} INFO - [2026-05-23T17:07:37.088+0000] {dagbag.py:588} INFO - Filling up the DagBag from /home/airflow/.local/lib/python3.12/site-packages/airflow/example_dags/tutorial_taskflow_api.py
[2026-05-23T17:07:37.098+0000] {processor.py:925} INFO - DAG(s) 'tutorial_taskflow_api' retrieved from /home/airflow/.local/lib/python3.12/site-packages/airflow/example_dags/tutorial_taskflow_api.py
[2026-05-23T17:07:37.115+0000] {logging_mixin.py:190} INFO - [2026-05-23T17:07:37.115+0000] {dag.py:3239} INFO - Sync 1 DAGs
[2026-05-23T17:07:37.127+0000] {logging_mixin.py:190} INFO - [2026-05-23T17:07:37.127+0000] {dag.py:4180} INFO - Setting next_dagrun for tutorial_taskflow_api to None, run_after=None
[2026-05-23T17:07:37.142+0000] {processor.py:208} INFO - Processing /home/airflow/.local/lib/python3.12/site-packages/airflow/example_dags/tutorial_taskflow_api.py took 0.063 seconds
[2026-05-23T17:08:08.207+0000] {processor.py:186} INFO - Started process (PID=2443) to work on /home/airflow/.local/lib/python3.12/site-packages/airflow/example_dags/tutorial_taskflow_api.py
[2026-05-23T17:08:08.208+0000] {processor.py:914} INFO - Processing file /home/airflow/.local/lib/python3.12/site-packages/airflow/example_dags/tutorial_taskflow_api.py for tasks to queue
[2026-05-23T17:08:08.210+0000] {logging_mixin.py:190} INFO - [2026-05-23T17:08:08.209+0000] {dagbag.py:588} INFO - Filling up the DagBag from /home/airflow/.local/lib/python3.12/site-packages/airflow/example_dags/tutorial_taskflow_api.py
[2026-05-23T17:08:08.216+0000] {processor.py:925} INFO - DAG(s) 'tutorial_taskflow_api' retrieved from /home/airflow/.local/lib/python3.12/site-packages/airflow/example_dags/tutorial_taskflow_api.py
[2026-05-23T17:08:08.235+0000] {logging_mixin.py:190} INFO - [2026-05-23T17:08:08.235+0000] {dag.py:3239} INFO - Sync 1 DAGs
[2026-05-23T17:08:08.251+0000] {logging_mixin.py:190} INFO - [2026-05-23T17:08:08.251+0000] {dag.py:4180} INFO - Setting next_dagrun for tutorial_taskflow_api to None, run_after=None
[2026-05-23T17:08:08.267+0000] {processor.py:208} INFO - Processing /home/airflow/.local/lib/python3.12/site-packages/airflow/example_dags/tutorial_taskflow_api.py took 0.064 seconds
[2026-05-23T17:08:39.349+0000] {processor.py:186} INFO - Started process (PID=2508) to work on /home/airflow/.local/lib/python3.12/site-packages/airflow/example_dags/tutorial_taskflow_api.py
[2026-05-23T17:08:39.349+0000] {processor.py:914} INFO - Processing file /home/airflow/.local/lib/python3.12/site-packages/airflow/example_dags/tutorial_taskflow_api.py for tasks to queue
[2026-05-23T17:08:39.351+0000] {logging_mixin.py:190} INFO - [2026-05-23T17:08:39.351+0000] {dagbag.py:588} INFO - Filling up the DagBag from /home/airflow/.local/lib/python3.12/site-packages/airflow/example_dags/tutorial_taskflow_api.py
[2026-05-23T17:08:39.360+0000] {processor.py:925} INFO - DAG(s) 'tutorial_taskflow_api' retrieved from /home/airflow/.local/lib/python3.12/site-packages/airflow/example_dags/tutorial_taskflow_api.py
[2026-05-23T17:08:39.376+0000] {logging_mixin.py:190} INFO - [2026-05-23T17:08:39.376+0000] {dag.py:3239} INFO - Sync 1 DAGs
[2026-05-23T17:08:39.389+0000] {logging_mixin.py:190} INFO - [2026-05-23T17:08:39.389+0000] {dag.py:4180} INFO - Setting next_dagrun for tutorial_taskflow_api to None, run_after=None
[2026-05-23T17:08:39.403+0000] {processor.py:208} INFO - Processing /home/airflow/.local/lib/python3.12/site-packages/airflow/example_dags/tutorial_taskflow_api.py took 0.060 seconds
[2026-05-23T17:09:10.976+0000] {processor.py:186} INFO - Started process (PID=2573) to work on /home/airflow/.local/lib/python3.12/site-packages/airflow/example_dags/tutorial_taskflow_api.py
[2026-05-23T17:09:10.976+0000] {processor.py:914} INFO - Processing file /home/airflow/.local/lib/python3.12/site-packages/airflow/example_dags/tutorial_taskflow_api.py for tasks to queue
[2026-05-23T17:09:10.978+0000] {logging_mixin.py:190} INFO - [2026-05-23T17:09:10.978+0000] {dagbag.py:588} INFO - Filling up the DagBag from /home/airflow/.local/lib/python3.12/site-packages/airflow/example_dags/tutorial_taskflow_api.py
[2026-05-23T17:09:10.985+0000] {processor.py:925} INFO - DAG(s) 'tutorial_taskflow_api' retrieved from /home/airflow/.local/lib/python3.12/site-packages/airflow/example_dags/tutorial_taskflow_api.py
[2026-05-23T17:09:11.002+0000] {logging_mixin.py:190} INFO - [2026-05-23T17:09:11.002+0000] {dag.py:3239} INFO - Sync 1 DAGs
[2026-05-23T17:09:11.017+0000] {logging_mixin.py:190} INFO - [2026-05-23T17:09:11.017+0000] {dag.py:4180} INFO - Setting next_dagrun for tutorial_taskflow_api to None, run_after=None
[2026-05-23T17:09:11.031+0000] {processor.py:208} INFO - Processing /home/airflow/.local/lib/python3.12/site-packages/airflow/example_dags/tutorial_taskflow_api.py took 0.060 seconds
[2026-05-23T17:09:42.592+0000] {processor.py:186} INFO - Started process (PID=2638) to work on /home/airflow/.local/lib/python3.12/site-packages/airflow/example_dags/tutorial_taskflow_api.py
[2026-05-23T17:09:42.592+0000] {processor.py:914} INFO - Processing file /home/airflow/.local/lib/python3.12/site-packages/airflow/example_dags/tutorial_taskflow_api.py for tasks to queue
[2026-05-23T17:09:42.594+0000] {logging_mixin.py:190} INFO - [2026-05-23T17:09:42.594+0000] {dagbag.py:588} INFO - Filling up the DagBag from /home/airflow/.local/lib/python3.12/site-packages/airflow/example_dags/tutorial_taskflow_api.py
[2026-05-23T17:09:42.600+0000] {processor.py:925} INFO - DAG(s) 'tutorial_taskflow_api' retrieved from /home/airflow/.local/lib/python3.12/site-packages/airflow/example_dags/tutorial_taskflow_api.py
[2026-05-23T17:09:42.616+0000] {logging_mixin.py:190} INFO - [2026-05-23T17:09:42.616+0000] {dag.py:3239} INFO - Sync 1 DAGs
[2026-05-23T17:09:42.629+0000] {logging_mixin.py:190} INFO - [2026-05-23T17:09:42.629+0000] {dag.py:4180} INFO - Setting next_dagrun for tutorial_taskflow_api to None, run_after=None
[2026-05-23T17:09:42.648+0000] {processor.py:208} INFO - Processing /home/airflow/.local/lib/python3.12/site-packages/airflow/example_dags/tutorial_taskflow_api.py took 0.061 seconds
[2026-05-23T17:10:13.644+0000] {processor.py:186} INFO - Started process (PID=2703) to work on /home/airflow/.local/lib/python3.12/site-packages/airflow/example_dags/tutorial_taskflow_api.py
[2026-05-23T17:10:13.644+0000] {processor.py:914} INFO - Processing file /home/airflow/.local/lib/python3.12/site-packages/airflow/example_dags/tutorial_taskflow_api.py for tasks to queue
[2026-05-23T17:10:13.646+0000] {logging_mixin.py:190} INFO - [2026-05-23T17:10:13.646+0000] {dagbag.py:588} INFO - Filling up the DagBag from /home/airflow/.local/lib/python3.12/site-packages/airflow/example_dags/tutorial_taskflow_api.py
[2026-05-23T17:10:13.653+0000] {processor.py:925} INFO - DAG(s) 'tutorial_taskflow_api' retrieved from /home/airflow/.local/lib/python3.12/site-packages/airflow/example_dags/tutorial_taskflow_api.py
[2026-05-23T17:10:13.670+0000] {logging_mixin.py:190} INFO - [2026-05-23T17:10:13.670+0000] {dag.py:3239} INFO - Sync 1 DAGs
[2026-05-23T17:10:13.682+0000] {logging_mixin.py:190} INFO - [2026-05-23T17:10:13.682+0000] {dag.py:4180} INFO - Setting next_dagrun for tutorial_taskflow_api to None, run_after=None
[2026-05-23T17:10:13.695+0000] {processor.py:208} INFO - Processing /home/airflow/.local/lib/python3.12/site-packages/airflow/example_dags/tutorial_taskflow_api.py took 0.057 seconds
[2026-05-23T17:10:44.439+0000] {processor.py:186} INFO - Started process (PID=2768) to work on /home/airflow/.local/lib/python3.12/site-packages/airflow/example_dags/tutorial_taskflow_api.py
[2026-05-23T17:10:44.440+0000] {processor.py:914} INFO - Processing file /home/airflow/.local/lib/python3.12/site-packages/airflow/example_dags/tutorial_taskflow_api.py for tasks to queue
[2026-05-23T17:10:44.442+0000] {logging_mixin.py:190} INFO - [2026-05-23T17:10:44.441+0000] {dagbag.py:588} INFO - Filling up the DagBag from /home/airflow/.local/lib/python3.12/site-packages/airflow/example_dags/tutorial_taskflow_api.py
[2026-05-23T17:10:44.449+0000] {processor.py:925} INFO - DAG(s) 'tutorial_taskflow_api' retrieved from /home/airflow/.local/lib/python3.12/site-packages/airflow/example_dags/tutorial_taskflow_api.py
[2026-05-23T17:10:44.468+0000] {logging_mixin.py:190} INFO - [2026-05-23T17:10:44.467+0000] {dag.py:3239} INFO - Sync 1 DAGs
[2026-05-23T17:10:44.483+0000] {logging_mixin.py:190} INFO - [2026-05-23T17:10:44.483+0000] {dag.py:4180} INFO - Setting next_dagrun for tutorial_taskflow_api to None, run_after=None
[2026-05-23T17:10:44.500+0000] {processor.py:208} INFO - Processing /home/airflow/.local/lib/python3.12/site-packages/airflow/example_dags/tutorial_taskflow_api.py took 0.066 seconds
[2026-05-23T17:11:15.700+0000] {processor.py:186} INFO - Started process (PID=2833) to work on /home/airflow/.local/lib/python3.12/site-packages/airflow/example_dags/tutorial_taskflow_api.py
[2026-05-23T17:11:15.701+0000] {processor.py:914} INFO - Processing file /home/airflow/.local/lib/python3.12/site-packages/airflow/example_dags/tutorial_taskflow_api.py for tasks to queue
[2026-05-23T17:11:15.703+0000] {logging_mixin.py:190} INFO - [2026-05-23T17:11:15.702+0000] {dagbag.py:588} INFO - Filling up the DagBag from /home/airflow/.local/lib/python3.12/site-packages/airflow/example_dags/tutorial_taskflow_api.py
[2026-05-23T17:11:15.709+0000] {processor.py:925} INFO - DAG(s) 'tutorial_taskflow_api' retrieved from /home/airflow/.local/lib/python3.12/site-packages/airflow/example_dags/tutorial_taskflow_api.py
[2026-05-23T17:11:15.723+0000] {logging_mixin.py:190} INFO - [2026-05-23T17:11:15.723+0000] {dag.py:3239} INFO - Sync 1 DAGs
[2026-05-23T17:11:15.736+0000] {logging_mixin.py:190} INFO - [2026-05-23T17:11:15.736+0000] {dag.py:4180} INFO - Setting next_dagrun for tutorial_taskflow_api to None, run_after=None
[2026-05-23T17:11:15.748+0000] {processor.py:208} INFO - Processing /home/airflow/.local/lib/python3.12/site-packages/airflow/example_dags/tutorial_taskflow_api.py took 0.053 seconds
[2026-05-23T17:11:46.920+0000] {processor.py:186} INFO - Started process (PID=2898) to work on /home/airflow/.local/lib/python3.12/site-packages/airflow/example_dags/tutorial_taskflow_api.py
[2026-05-23T17:11:46.920+0000] {processor.py:914} INFO - Processing file /home/airflow/.local/lib/python3.12/site-packages/airflow/example_dags/tutorial_taskflow_api.py for tasks to queue
[2026-05-23T17:11:46.922+0000] {logging_mixin.py:190} INFO - [2026-05-23T17:11:46.922+0000] {dagbag.py:588} INFO - Filling up the DagBag from /home/airflow/.local/lib/python3.12/site-packages/airflow/example_dags/tutorial_taskflow_api.py
[2026-05-23T17:11:46.929+0000] {processor.py:925} INFO - DAG(s) 'tutorial_taskflow_api' retrieved from /home/airflow/.local/lib/python3.12/site-packages/airflow/example_dags/tutorial_taskflow_api.py
[2026-05-23T17:11:46.943+0000] {logging_mixin.py:190} INFO - [2026-05-23T17:11:46.943+0000] {dag.py:3239} INFO - Sync 1 DAGs
[2026-05-23T17:11:46.954+0000] {logging_mixin.py:190} INFO - [2026-05-23T17:11:46.954+0000] {dag.py:4180} INFO - Setting next_dagrun for tutorial_taskflow_api to None, run_after=None
[2026-05-23T17:11:46.967+0000] {processor.py:208} INFO - Processing /home/airflow/.local/lib/python3.12/site-packages/airflow/example_dags/tutorial_taskflow_api.py took 0.052 seconds
[2026-05-23T17:12:18.404+0000] {processor.py:186} INFO - Started process (PID=2963) to work on /home/airflow/.local/lib/python3.12/site-packages/airflow/example_dags/tutorial_taskflow_api.py
[2026-05-23T17:12:18.405+0000] {processor.py:914} INFO - Processing file /home/airflow/.local/lib/python3.12/site-packages/airflow/example_dags/tutorial_taskflow_api.py for tasks to queue
[2026-05-23T17:12:18.407+0000] {logging_mixin.py:190} INFO - [2026-05-23T17:12:18.406+0000] {dagbag.py:588} INFO - Filling up the DagBag from /home/airflow/.local/lib/python3.12/site-packages/airflow/example_dags/tutorial_taskflow_api.py
[2026-05-23T17:12:18.414+0000] {processor.py:925} INFO - DAG(s) 'tutorial_taskflow_api' retrieved from /home/airflow/.local/lib/python3.12/site-packages/airflow/example_dags/tutorial_taskflow_api.py
[2026-05-23T17:12:18.429+0000] {logging_mixin.py:190} INFO - [2026-05-23T17:12:18.429+0000] {dag.py:3239} INFO - Sync 1 DAGs
[2026-05-23T17:12:18.442+0000] {logging_mixin.py:190} INFO - [2026-05-23T17:12:18.442+0000] {dag.py:4180} INFO - Setting next_dagrun for tutorial_taskflow_api to None, run_after=None
[2026-05-23T17:12:18.456+0000] {processor.py:208} INFO - Processing /home/airflow/.local/lib/python3.12/site-packages/airflow/example_dags/tutorial_taskflow_api.py took 0.057 seconds
[2026-05-23T17:12:49.529+0000] {processor.py:186} INFO - Started process (PID=3028) to work on /home/airflow/.local/lib/python3.12/site-packages/airflow/example_dags/tutorial_taskflow_api.py
[2026-05-23T17:12:49.529+0000] {processor.py:914} INFO - Processing file /home/airflow/.local/lib/python3.12/site-packages/airflow/example_dags/tutorial_taskflow_api.py for tasks to queue
[2026-05-23T17:12:49.531+0000] {logging_mixin.py:190} INFO - [2026-05-23T17:12:49.531+0000] {dagbag.py:588} INFO - Filling up the DagBag from /home/airflow/.local/lib/python3.12/site-packages/airflow/example_dags/tutorial_taskflow_api.py
[2026-05-23T17:12:49.538+0000] {processor.py:925} INFO - DAG(s) 'tutorial_taskflow_api' retrieved from /home/airflow/.local/lib/python3.12/site-packages/airflow/example_dags/tutorial_taskflow_api.py
[2026-05-23T17:12:49.553+0000] {logging_mixin.py:190} INFO - [2026-05-23T17:12:49.553+0000] {dag.py:3239} INFO - Sync 1 DAGs
[2026-05-23T17:12:49.565+0000] {logging_mixin.py:190} INFO - [2026-05-23T17:12:49.565+0000] {dag.py:4180} INFO - Setting next_dagrun for tutorial_taskflow_api to None, run_after=None
[2026-05-23T17:12:49.580+0000] {processor.py:208} INFO - Processing /home/airflow/.local/lib/python3.12/site-packages/airflow/example_dags/tutorial_taskflow_api.py took 0.056 seconds
[2026-05-23T17:13:20.952+0000] {processor.py:186} INFO - Started process (PID=3093) to work on /home/airflow/.local/lib/python3.12/site-packages/airflow/example_dags/tutorial_taskflow_api.py
[2026-05-23T17:13:20.952+0000] {processor.py:914} INFO - Processing file /home/airflow/.local/lib/python3.12/site-packages/airflow/example_dags/tutorial_taskflow_api.py for tasks to queue
[2026-05-23T17:13:20.954+0000] {logging_mixin.py:190} INFO - [2026-05-23T17:13:20.954+0000] {dagbag.py:588} INFO - Filling up the DagBag from /home/airflow/.local/lib/python3.12/site-packages/airflow/example_dags/tutorial_taskflow_api.py
[2026-05-23T17:13:20.961+0000] {processor.py:925} INFO - DAG(s) 'tutorial_taskflow_api' retrieved from /home/airflow/.local/lib/python3.12/site-packages/airflow/example_dags/tutorial_taskflow_api.py
[2026-05-23T17:13:20.977+0000] {logging_mixin.py:190} INFO - [2026-05-23T17:13:20.977+0000] {dag.py:3239} INFO - Sync 1 DAGs
[2026-05-23T17:13:20.991+0000] {logging_mixin.py:190} INFO - [2026-05-23T17:13:20.991+0000] {dag.py:4180} INFO - Setting next_dagrun for tutorial_taskflow_api to None, run_after=None
[2026-05-23T17:13:21.008+0000] {processor.py:208} INFO - Processing /home/airflow/.local/lib/python3.12/site-packages/airflow/example_dags/tutorial_taskflow_api.py took 0.061 seconds
[2026-05-23T17:13:52.457+0000] {processor.py:186} INFO - Started process (PID=3158) to work on /home/airflow/.local/lib/python3.12/site-packages/airflow/example_dags/tutorial_taskflow_api.py
[2026-05-23T17:13:52.458+0000] {processor.py:914} INFO - Processing file /home/airflow/.local/lib/python3.12/site-packages/airflow/example_dags/tutorial_taskflow_api.py for tasks to queue
[2026-05-23T17:13:52.459+0000] {logging_mixin.py:190} INFO - [2026-05-23T17:13:52.459+0000] {dagbag.py:588} INFO - Filling up the DagBag from /home/airflow/.local/lib/python3.12/site-packages/airflow/example_dags/tutorial_taskflow_api.py
[2026-05-23T17:13:52.466+0000] {processor.py:925} INFO - DAG(s) 'tutorial_taskflow_api' retrieved from /home/airflow/.local/lib/python3.12/site-packages/airflow/example_dags/tutorial_taskflow_api.py
[2026-05-23T17:13:52.483+0000] {logging_mixin.py:190} INFO - [2026-05-23T17:13:52.483+0000] {dag.py:3239} INFO - Sync 1 DAGs
[2026-05-23T17:13:52.501+0000] {logging_mixin.py:190} INFO - [2026-05-23T17:13:52.501+0000] {dag.py:4180} INFO - Setting next_dagrun for tutorial_taskflow_api to None, run_after=None
[2026-05-23T17:13:52.515+0000] {processor.py:208} INFO - Processing /home/airflow/.local/lib/python3.12/site-packages/airflow/example_dags/tutorial_taskflow_api.py took 0.062 seconds
[2026-05-23T17:14:23.590+0000] {processor.py:186} INFO - Started process (PID=3222) to work on /home/airflow/.local/lib/python3.12/site-packages/airflow/example_dags/tutorial_taskflow_api.py
[2026-05-23T17:14:23.591+0000] {processor.py:914} INFO - Processing file /home/airflow/.local/lib/python3.12/site-packages/airflow/example_dags/tutorial_taskflow_api.py for tasks to queue
[2026-05-23T17:14:23.593+0000] {logging_mixin.py:190} INFO - [2026-05-23T17:14:23.593+0000] {dagbag.py:588} INFO - Filling up the DagBag from /home/airflow/.local/lib/python3.12/site-packages/airflow/example_dags/tutorial_taskflow_api.py
[2026-05-23T17:14:23.600+0000] {processor.py:925} INFO - DAG(s) 'tutorial_taskflow_api' retrieved from /home/airflow/.local/lib/python3.12/site-packages/airflow/example_dags/tutorial_taskflow_api.py
[2026-05-23T17:14:23.615+0000] {logging_mixin.py:190} INFO - [2026-05-23T17:14:23.615+0000] {dag.py:3239} INFO - Sync 1 DAGs
[2026-05-23T17:14:23.627+0000] {logging_mixin.py:190} INFO - [2026-05-23T17:14:23.627+0000] {dag.py:4180} INFO - Setting next_dagrun for tutorial_taskflow_api to None, run_after=None
[2026-05-23T17:14:23.642+0000] {processor.py:208} INFO - Processing /home/airflow/.local/lib/python3.12/site-packages/airflow/example_dags/tutorial_taskflow_api.py took 0.056 seconds
[2026-05-23T17:14:55.085+0000] {processor.py:186} INFO - Started process (PID=3287) to work on /home/airflow/.local/lib/python3.12/site-packages/airflow/example_dags/tutorial_taskflow_api.py
[2026-05-23T17:14:55.086+0000] {processor.py:914} INFO - Processing file /home/airflow/.local/lib/python3.12/site-packages/airflow/example_dags/tutorial_taskflow_api.py for tasks to queue
[2026-05-23T17:14:55.088+0000] {logging_mixin.py:190} INFO - [2026-05-23T17:14:55.087+0000] {dagbag.py:588} INFO - Filling up the DagBag from /home/airflow/.local/lib/python3.12/site-packages/airflow/example_dags/tutorial_taskflow_api.py
[2026-05-23T17:14:55.096+0000] {processor.py:925} INFO - DAG(s) 'tutorial_taskflow_api' retrieved from /home/airflow/.local/lib/python3.12/site-packages/airflow/example_dags/tutorial_taskflow_api.py
[2026-05-23T17:14:55.110+0000] {logging_mixin.py:190} INFO - [2026-05-23T17:14:55.110+0000] {dag.py:3239} INFO - Sync 1 DAGs
[2026-05-23T17:14:55.122+0000] {logging_mixin.py:190} INFO - [2026-05-23T17:14:55.122+0000] {dag.py:4180} INFO - Setting next_dagrun for tutorial_taskflow_api to None, run_after=None
[2026-05-23T17:14:55.135+0000] {processor.py:208} INFO - Processing /home/airflow/.local/lib/python3.12/site-packages/airflow/example_dags/tutorial_taskflow_api.py took 0.055 seconds
[2026-05-23T17:15:26.252+0000] {processor.py:186} INFO - Started process (PID=3352) to work on /home/airflow/.local/lib/python3.12/site-packages/airflow/example_dags/tutorial_taskflow_api.py
[2026-05-23T17:15:26.253+0000] {processor.py:914} INFO - Processing file /home/airflow/.local/lib/python3.12/site-packages/airflow/example_dags/tutorial_taskflow_api.py for tasks to queue
[2026-05-23T17:15:26.255+0000] {logging_mixin.py:190} INFO - [2026-05-23T17:15:26.255+0000] {dagbag.py:588} INFO - Filling up the DagBag from /home/airflow/.local/lib/python3.12/site-packages/airflow/example_dags/tutorial_taskflow_api.py
[2026-05-23T17:15:26.261+0000] {processor.py:925} INFO - DAG(s) 'tutorial_taskflow_api' retrieved from /home/airflow/.local/lib/python3.12/site-packages/airflow/example_dags/tutorial_taskflow_api.py
[2026-05-23T17:15:26.276+0000] {logging_mixin.py:190} INFO - [2026-05-23T17:15:26.276+0000] {dag.py:3239} INFO - Sync 1 DAGs
[2026-05-23T17:15:26.288+0000] {logging_mixin.py:190} INFO - [2026-05-23T17:15:26.288+0000] {dag.py:4180} INFO - Setting next_dagrun for tutorial_taskflow_api to None, run_after=None
[2026-05-23T17:15:26.304+0000] {processor.py:208} INFO - Processing /home/airflow/.local/lib/python3.12/site-packages/airflow/example_dags/tutorial_taskflow_api.py took 0.056 seconds
[2026-05-23T17:15:57.391+0000] {processor.py:186} INFO - Started process (PID=3417) to work on /home/airflow/.local/lib/python3.12/site-packages/airflow/example_dags/tutorial_taskflow_api.py
[2026-05-23T17:15:57.392+0000] {processor.py:914} INFO - Processing file /home/airflow/.local/lib/python3.12/site-packages/airflow/example_dags/tutorial_taskflow_api.py for tasks to queue
[2026-05-23T17:15:57.393+0000] {logging_mixin.py:190} INFO - [2026-05-23T17:15:57.393+0000] {dagbag.py:588} INFO - Filling up the DagBag from /home/airflow/.local/lib/python3.12/site-packages/airflow/example_dags/tutorial_taskflow_api.py
[2026-05-23T17:15:57.400+0000] {processor.py:925} INFO - DAG(s) 'tutorial_taskflow_api' retrieved from /home/airflow/.local/lib/python3.12/site-packages/airflow/example_dags/tutorial_taskflow_api.py
[2026-05-23T17:15:57.416+0000] {logging_mixin.py:190} INFO - [2026-05-23T17:15:57.415+0000] {dag.py:3239} INFO - Sync 1 DAGs
[2026-05-23T17:15:57.428+0000] {logging_mixin.py:190} INFO - [2026-05-23T17:15:57.428+0000] {dag.py:4180} INFO - Setting next_dagrun for tutorial_taskflow_api to None, run_after=None
[2026-05-23T17:15:57.442+0000] {processor.py:208} INFO - Processing /home/airflow/.local/lib/python3.12/site-packages/airflow/example_dags/tutorial_taskflow_api.py took 0.056 seconds
[2026-05-23T17:16:28.514+0000] {processor.py:186} INFO - Started process (PID=3482) to work on /home/airflow/.local/lib/python3.12/site-packages/airflow/example_dags/tutorial_taskflow_api.py
[2026-05-23T17:16:28.515+0000] {processor.py:914} INFO - Processing file /home/airflow/.local/lib/python3.12/site-packages/airflow/example_dags/tutorial_taskflow_api.py for tasks to queue
[2026-05-23T17:16:28.516+0000] {logging_mixin.py:190} INFO - [2026-05-23T17:16:28.516+0000] {dagbag.py:588} INFO - Filling up the DagBag from /home/airflow/.local/lib/python3.12/site-packages/airflow/example_dags/tutorial_taskflow_api.py
[2026-05-23T17:16:28.523+0000] {processor.py:925} INFO - DAG(s) 'tutorial_taskflow_api' retrieved from /home/airflow/.local/lib/python3.12/site-packages/airflow/example_dags/tutorial_taskflow_api.py
[2026-05-23T17:16:28.537+0000] {logging_mixin.py:190} INFO - [2026-05-23T17:16:28.537+0000] {dag.py:3239} INFO - Sync 1 DAGs
[2026-05-23T17:16:28.549+0000] {logging_mixin.py:190} INFO - [2026-05-23T17:16:28.549+0000] {dag.py:4180} INFO - Setting next_dagrun for tutorial_taskflow_api to None, run_after=None
[2026-05-23T17:16:28.563+0000] {processor.py:208} INFO - Processing /home/airflow/.local/lib/python3.12/site-packages/airflow/example_dags/tutorial_taskflow_api.py took 0.053 seconds
[2026-05-23T17:16:59.828+0000] {processor.py:186} INFO - Started process (PID=3547) to work on /home/airflow/.local/lib/python3.12/site-packages/airflow/example_dags/tutorial_taskflow_api.py
[2026-05-23T17:16:59.829+0000] {processor.py:914} INFO - Processing file /home/airflow/.local/lib/python3.12/site-packages/airflow/example_dags/tutorial_taskflow_api.py for tasks to queue
[2026-05-23T17:16:59.831+0000] {logging_mixin.py:190} INFO - [2026-05-23T17:16:59.831+0000] {dagbag.py:588} INFO - Filling up the DagBag from /home/airflow/.local/lib/python3.12/site-packages/airflow/example_dags/tutorial_taskflow_api.py
[2026-05-23T17:16:59.838+0000] {processor.py:925} INFO - DAG(s) 'tutorial_taskflow_api' retrieved from /home/airflow/.local/lib/python3.12/site-packages/airflow/example_dags/tutorial_taskflow_api.py
[2026-05-23T17:16:59.855+0000] {logging_mixin.py:190} INFO - [2026-05-23T17:16:59.855+0000] {dag.py:3239} INFO - Sync 1 DAGs
[2026-05-23T17:16:59.872+0000] {logging_mixin.py:190} INFO - [2026-05-23T17:16:59.872+0000] {dag.py:4180} INFO - Setting next_dagrun for tutorial_taskflow_api to None, run_after=None
[2026-05-23T17:16:59.889+0000] {processor.py:208} INFO - Processing /home/airflow/.local/lib/python3.12/site-packages/airflow/example_dags/tutorial_taskflow_api.py took 0.066 seconds
[2026-05-23T17:17:31.459+0000] {processor.py:186} INFO - Started process (PID=3618) to work on /home/airflow/.local/lib/python3.12/site-packages/airflow/example_dags/tutorial_taskflow_api.py
[2026-05-23T17:17:31.459+0000] {processor.py:914} INFO - Processing file /home/airflow/.local/lib/python3.12/site-packages/airflow/example_dags/tutorial_taskflow_api.py for tasks to queue
[2026-05-23T17:17:31.461+0000] {logging_mixin.py:190} INFO - [2026-05-23T17:17:31.461+0000] {dagbag.py:588} INFO - Filling up the DagBag from /home/airflow/.local/lib/python3.12/site-packages/airflow/example_dags/tutorial_taskflow_api.py
[2026-05-23T17:17:31.467+0000] {processor.py:925} INFO - DAG(s) 'tutorial_taskflow_api' retrieved from /home/airflow/.local/lib/python3.12/site-packages/airflow/example_dags/tutorial_taskflow_api.py
[2026-05-23T17:17:31.481+0000] {logging_mixin.py:190} INFO - [2026-05-23T17:17:31.481+0000] {dag.py:3239} INFO - Sync 1 DAGs
[2026-05-23T17:17:31.492+0000] {logging_mixin.py:190} INFO - [2026-05-23T17:17:31.492+0000] {dag.py:4180} INFO - Setting next_dagrun for tutorial_taskflow_api to None, run_after=None
[2026-05-23T17:17:31.504+0000] {processor.py:208} INFO - Processing /home/airflow/.local/lib/python3.12/site-packages/airflow/example_dags/tutorial_taskflow_api.py took 0.050 seconds
[2026-05-23T17:18:02.788+0000] {processor.py:186} INFO - Started process (PID=3683) to work on /home/airflow/.local/lib/python3.12/site-packages/airflow/example_dags/tutorial_taskflow_api.py
[2026-05-23T17:18:02.789+0000] {processor.py:914} INFO - Processing file /home/airflow/.local/lib/python3.12/site-packages/airflow/example_dags/tutorial_taskflow_api.py for tasks to queue
[2026-05-23T17:18:02.792+0000] {logging_mixin.py:190} INFO - [2026-05-23T17:18:02.791+0000] {dagbag.py:588} INFO - Filling up the DagBag from /home/airflow/.local/lib/python3.12/site-packages/airflow/example_dags/tutorial_taskflow_api.py
[2026-05-23T17:18:02.804+0000] {processor.py:925} INFO - DAG(s) 'tutorial_taskflow_api' retrieved from /home/airflow/.local/lib/python3.12/site-packages/airflow/example_dags/tutorial_taskflow_api.py
[2026-05-23T17:18:02.828+0000] {logging_mixin.py:190} INFO - [2026-05-23T17:18:02.827+0000] {dag.py:3239} INFO - Sync 1 DAGs
[2026-05-23T17:18:02.840+0000] {logging_mixin.py:190} INFO - [2026-05-23T17:18:02.840+0000] {dag.py:4180} INFO - Setting next_dagrun for tutorial_taskflow_api to None, run_after=None
[2026-05-23T17:18:02.857+0000] {processor.py:208} INFO - Processing /home/airflow/.local/lib/python3.12/site-packages/airflow/example_dags/tutorial_taskflow_api.py took 0.076 seconds
[2026-05-23T17:18:34.335+0000] {processor.py:186} INFO - Started process (PID=3748) to work on /home/airflow/.local/lib/python3.12/site-packages/airflow/example_dags/tutorial_taskflow_api.py
[2026-05-23T17:18:34.336+0000] {processor.py:914} INFO - Processing file /home/airflow/.local/lib/python3.12/site-packages/airflow/example_dags/tutorial_taskflow_api.py for tasks to queue
[2026-05-23T17:18:34.339+0000] {logging_mixin.py:190} INFO - [2026-05-23T17:18:34.338+0000] {dagbag.py:588} INFO - Filling up the DagBag from /home/airflow/.local/lib/python3.12/site-packages/airflow/example_dags/tutorial_taskflow_api.py
[2026-05-23T17:18:34.347+0000] {processor.py:925} INFO - DAG(s) 'tutorial_taskflow_api' retrieved from /home/airflow/.local/lib/python3.12/site-packages/airflow/example_dags/tutorial_taskflow_api.py
[2026-05-23T17:18:34.366+0000] {logging_mixin.py:190} INFO - [2026-05-23T17:18:34.366+0000] {dag.py:3239} INFO - Sync 1 DAGs
[2026-05-23T17:18:34.380+0000] {logging_mixin.py:190} INFO - [2026-05-23T17:18:34.380+0000] {dag.py:4180} INFO - Setting next_dagrun for tutorial_taskflow_api to None, run_after=None
[2026-05-23T17:18:34.398+0000] {processor.py:208} INFO - Processing /home/airflow/.local/lib/python3.12/site-packages/airflow/example_dags/tutorial_taskflow_api.py took 0.069 seconds
[2026-05-23T17:19:06.178+0000] {processor.py:186} INFO - Started process (PID=3814) to work on /home/airflow/.local/lib/python3.12/site-packages/airflow/example_dags/tutorial_taskflow_api.py
[2026-05-23T17:19:06.179+0000] {processor.py:914} INFO - Processing file /home/airflow/.local/lib/python3.12/site-packages/airflow/example_dags/tutorial_taskflow_api.py for tasks to queue
[2026-05-23T17:19:06.181+0000] {logging_mixin.py:190} INFO - [2026-05-23T17:19:06.181+0000] {dagbag.py:588} INFO - Filling up the DagBag from /home/airflow/.local/lib/python3.12/site-packages/airflow/example_dags/tutorial_taskflow_api.py
[2026-05-23T17:19:06.189+0000] {processor.py:925} INFO - DAG(s) 'tutorial_taskflow_api' retrieved from /home/airflow/.local/lib/python3.12/site-packages/airflow/example_dags/tutorial_taskflow_api.py
[2026-05-23T17:19:06.210+0000] {logging_mixin.py:190} INFO - [2026-05-23T17:19:06.210+0000] {dag.py:3239} INFO - Sync 1 DAGs
[2026-05-23T17:19:06.226+0000] {logging_mixin.py:190} INFO - [2026-05-23T17:19:06.226+0000] {dag.py:4180} INFO - Setting next_dagrun for tutorial_taskflow_api to None, run_after=None
[2026-05-23T17:19:06.245+0000] {processor.py:208} INFO - Processing /home/airflow/.local/lib/python3.12/site-packages/airflow/example_dags/tutorial_taskflow_api.py took 0.072 seconds
[2026-05-23T17:19:36.831+0000] {processor.py:186} INFO - Started process (PID=3879) to work on /home/airflow/.local/lib/python3.12/site-packages/airflow/example_dags/tutorial_taskflow_api.py
[2026-05-23T17:19:36.831+0000] {processor.py:914} INFO - Processing file /home/airflow/.local/lib/python3.12/site-packages/airflow/example_dags/tutorial_taskflow_api.py for tasks to queue
[2026-05-23T17:19:36.833+0000] {logging_mixin.py:190} INFO - [2026-05-23T17:19:36.833+0000] {dagbag.py:588} INFO - Filling up the DagBag from /home/airflow/.local/lib/python3.12/site-packages/airflow/example_dags/tutorial_taskflow_api.py
[2026-05-23T17:19:36.841+0000] {processor.py:925} INFO - DAG(s) 'tutorial_taskflow_api' retrieved from /home/airflow/.local/lib/python3.12/site-packages/airflow/example_dags/tutorial_taskflow_api.py
[2026-05-23T17:19:36.856+0000] {logging_mixin.py:190} INFO - [2026-05-23T17:19:36.856+0000] {dag.py:3239} INFO - Sync 1 DAGs
[2026-05-23T17:19:36.868+0000] {logging_mixin.py:190} INFO - [2026-05-23T17:19:36.868+0000] {dag.py:4180} INFO - Setting next_dagrun for tutorial_taskflow_api to None, run_after=None
[2026-05-23T17:19:36.882+0000] {processor.py:208} INFO - Processing /home/airflow/.local/lib/python3.12/site-packages/airflow/example_dags/tutorial_taskflow_api.py took 0.056 seconds
[2026-05-23T17:20:07.700+0000] {processor.py:186} INFO - Started process (PID=3944) to work on /home/airflow/.local/lib/python3.12/site-packages/airflow/example_dags/tutorial_taskflow_api.py
[2026-05-23T17:20:07.700+0000] {processor.py:914} INFO - Processing file /home/airflow/.local/lib/python3.12/site-packages/airflow/example_dags/tutorial_taskflow_api.py for tasks to queue
[2026-05-23T17:20:07.702+0000] {logging_mixin.py:190} INFO - [2026-05-23T17:20:07.702+0000] {dagbag.py:588} INFO - Filling up the DagBag from /home/airflow/.local/lib/python3.12/site-packages/airflow/example_dags/tutorial_taskflow_api.py
[2026-05-23T17:20:07.709+0000] {processor.py:925} INFO - DAG(s) 'tutorial_taskflow_api' retrieved from /home/airflow/.local/lib/python3.12/site-packages/airflow/example_dags/tutorial_taskflow_api.py
[2026-05-23T17:20:07.724+0000] {logging_mixin.py:190} INFO - [2026-05-23T17:20:07.723+0000] {dag.py:3239} INFO - Sync 1 DAGs
[2026-05-23T17:20:07.739+0000] {logging_mixin.py:190} INFO - [2026-05-23T17:20:07.738+0000] {dag.py:4180} INFO - Setting next_dagrun for tutorial_taskflow_api to None, run_after=None
[2026-05-23T17:20:07.754+0000] {processor.py:208} INFO - Processing /home/airflow/.local/lib/python3.12/site-packages/airflow/example_dags/tutorial_taskflow_api.py took 0.060 seconds
[2026-05-23T17:20:38.388+0000] {processor.py:186} INFO - Started process (PID=4009) to work on /home/airflow/.local/lib/python3.12/site-packages/airflow/example_dags/tutorial_taskflow_api.py
[2026-05-23T17:20:38.388+0000] {processor.py:914} INFO - Processing file /home/airflow/.local/lib/python3.12/site-packages/airflow/example_dags/tutorial_taskflow_api.py for tasks to queue
[2026-05-23T17:20:38.390+0000] {logging_mixin.py:190} INFO - [2026-05-23T17:20:38.390+0000] {dagbag.py:588} INFO - Filling up the DagBag from /home/airflow/.local/lib/python3.12/site-packages/airflow/example_dags/tutorial_taskflow_api.py
[2026-05-23T17:20:38.398+0000] {processor.py:925} INFO - DAG(s) 'tutorial_taskflow_api' retrieved from /home/airflow/.local/lib/python3.12/site-packages/airflow/example_dags/tutorial_taskflow_api.py
[2026-05-23T17:20:38.415+0000] {logging_mixin.py:190} INFO - [2026-05-23T17:20:38.415+0000] {dag.py:3239} INFO - Sync 1 DAGs
[2026-05-23T17:20:38.428+0000] {logging_mixin.py:190} INFO - [2026-05-23T17:20:38.428+0000] {dag.py:4180} INFO - Setting next_dagrun for tutorial_taskflow_api to None, run_after=None
[2026-05-23T17:20:38.445+0000] {processor.py:208} INFO - Processing /home/airflow/.local/lib/python3.12/site-packages/airflow/example_dags/tutorial_taskflow_api.py took 0.062 seconds
[2026-05-23T17:21:09.689+0000] {processor.py:186} INFO - Started process (PID=4074) to work on /home/airflow/.local/lib/python3.12/site-packages/airflow/example_dags/tutorial_taskflow_api.py
[2026-05-23T17:21:09.690+0000] {processor.py:914} INFO - Processing file /home/airflow/.local/lib/python3.12/site-packages/airflow/example_dags/tutorial_taskflow_api.py for tasks to queue
[2026-05-23T17:21:09.692+0000] {logging_mixin.py:190} INFO - [2026-05-23T17:21:09.691+0000] {dagbag.py:588} INFO - Filling up the DagBag from /home/airflow/.local/lib/python3.12/site-packages/airflow/example_dags/tutorial_taskflow_api.py
[2026-05-23T17:21:09.698+0000] {processor.py:925} INFO - DAG(s) 'tutorial_taskflow_api' retrieved from /home/airflow/.local/lib/python3.12/site-packages/airflow/example_dags/tutorial_taskflow_api.py
[2026-05-23T17:21:09.713+0000] {logging_mixin.py:190} INFO - [2026-05-23T17:21:09.713+0000] {dag.py:3239} INFO - Sync 1 DAGs
[2026-05-23T17:21:09.724+0000] {logging_mixin.py:190} INFO - [2026-05-23T17:21:09.724+0000] {dag.py:4180} INFO - Setting next_dagrun for tutorial_taskflow_api to None, run_after=None
[2026-05-23T17:21:09.738+0000] {processor.py:208} INFO - Processing /home/airflow/.local/lib/python3.12/site-packages/airflow/example_dags/tutorial_taskflow_api.py took 0.053 seconds
[2026-05-23T17:21:40.714+0000] {processor.py:186} INFO - Started process (PID=4139) to work on /home/airflow/.local/lib/python3.12/site-packages/airflow/example_dags/tutorial_taskflow_api.py
[2026-05-23T17:21:40.715+0000] {processor.py:914} INFO - Processing file /home/airflow/.local/lib/python3.12/site-packages/airflow/example_dags/tutorial_taskflow_api.py for tasks to queue
[2026-05-23T17:21:40.717+0000] {logging_mixin.py:190} INFO - [2026-05-23T17:21:40.717+0000] {dagbag.py:588} INFO - Filling up the DagBag from /home/airflow/.local/lib/python3.12/site-packages/airflow/example_dags/tutorial_taskflow_api.py
[2026-05-23T17:21:40.726+0000] {processor.py:925} INFO - DAG(s) 'tutorial_taskflow_api' retrieved from /home/airflow/.local/lib/python3.12/site-packages/airflow/example_dags/tutorial_taskflow_api.py
[2026-05-23T17:21:40.748+0000] {logging_mixin.py:190} INFO - [2026-05-23T17:21:40.748+0000] {dag.py:3239} INFO - Sync 1 DAGs
[2026-05-23T17:21:40.765+0000] {logging_mixin.py:190} INFO - [2026-05-23T17:21:40.765+0000] {dag.py:4180} INFO - Setting next_dagrun for tutorial_taskflow_api to None, run_after=None
[2026-05-23T17:21:40.782+0000] {processor.py:208} INFO - Processing /home/airflow/.local/lib/python3.12/site-packages/airflow/example_dags/tutorial_taskflow_api.py took 0.075 seconds
[2026-05-23T21:56:22.036+0000] {processor.py:186} INFO - Started process (PID=77) to work on /home/airflow/.local/lib/python3.12/site-packages/airflow/example_dags/tutorial_taskflow_api.py
[2026-05-23T21:56:22.037+0000] {processor.py:914} INFO - Processing file /home/airflow/.local/lib/python3.12/site-packages/airflow/example_dags/tutorial_taskflow_api.py for tasks to queue
[2026-05-23T21:56:22.039+0000] {logging_mixin.py:190} INFO - [2026-05-23T21:56:22.039+0000] {dagbag.py:588} INFO - Filling up the DagBag from /home/airflow/.local/lib/python3.12/site-packages/airflow/example_dags/tutorial_taskflow_api.py
[2026-05-23T21:56:22.047+0000] {processor.py:925} INFO - DAG(s) 'tutorial_taskflow_api' retrieved from /home/airflow/.local/lib/python3.12/site-packages/airflow/example_dags/tutorial_taskflow_api.py
[2026-05-23T21:56:22.070+0000] {logging_mixin.py:190} INFO - [2026-05-23T21:56:22.070+0000] {dag.py:3239} INFO - Sync 1 DAGs
[2026-05-23T21:56:22.086+0000] {logging_mixin.py:190} INFO - [2026-05-23T21:56:22.086+0000] {dag.py:4180} INFO - Setting next_dagrun for tutorial_taskflow_api to None, run_after=None
[2026-05-23T21:56:22.099+0000] {processor.py:208} INFO - Processing /home/airflow/.local/lib/python3.12/site-packages/airflow/example_dags/tutorial_taskflow_api.py took 0.068 seconds
